symbol,strategy,indicator,gate,params,full_cagr,full_bh_cagr,full_excess,full_mdd,full_bh_mdd,full_calmar,full_sharpe,full_n_trades,full_avg_weight,h1_cagr,h1_bh_cagr,h1_excess,h1_mdd,h1_bh_mdd,h1_calmar,h1_sharpe,h1_n_trades,h1_avg_weight,h2_cagr,h2_bh_cagr,h2_excess,h2_mdd,h2_bh_mdd,h2_calmar,h2_sharpe,h2_n_trades,h2_avg_weight,score
000300,ladder,b200,off,"{'strategy': 'ladder', 'indicator': 'b200', 'n_bands': 3, 'edge_mode': 'fixed', 'direction': 'contrarian', 'gate_cap': 0.0}",0.022133128721148143,0.0558792460949884,-0.033746117373840256,-0.50806525736472,-0.723038445845489,0.04356355487865931,0.2297342529278643,244.0,0.40373346726937887,-0.01510974361749462,0.04403576496043171,-0.05914550857792633,-0.50806525736472,-0.723038445845489,-0.029739769445892128,-0.05916343859293996,95.0,0.2586438402148372,0.06129305380000183,0.06916853140854928,-0.007875477608547454,-0.3246196654354272,-0.46696138837984813,0.18881497434170125,0.4868704248899087,150.0,0.5479291917167669,-0.0028222484728404294
000300,ladder,b200,ma200,"{'strategy': 'ladder', 'indicator': 'b200', 'n_bands': 3, 'edge_mode': 'fixed', 'direction': 'contrarian', 'gate_cap': 0.0}",0.019267080283111193,0.0558792460949884,-0.036612165811877206,-0.23443348317492196,-0.723038445845489,0.08218570155669747,0.3046858931083329,223.0,0.15009208103130756,0.010702456165669005,0.04403576496043171,-0.033333308794762706,-0.14362928341028758,-0.723038445845489,0.0745144437927512,0.21412895503942075,67.0,0.0689828801611279,0.027867365287281176,0.06916853140854928,-0.04130116612126811,-0.23443348317492174,-0.46696138837984813,0.11887109686668793,0.37566991882230566,156.0,0.23079492317969272,0.010906981135552666
000300,ladder,b200,off,"{'strategy': 'ladder', 'indicator': 'b200', 'n_bands': 3, 'edge_mode': 'fixed', 'direction': 'momentum', 'gate_cap': 0.0}",0.03132686622020664,0.0558792460949884,-0.02455237987478176,-0.6374115242493599,-0.723038445845489,0.049147003197186234,0.25651695374293115,245.0,0.5960991126736983,0.057323762322365246,0.04403576496043171,0.013287997361933535,-0.6374115242493599,-0.723038445845489,0.08993210844418274,0.35343968023082184,96.0,0.7410204766700235,0.006767469432460205,0.06916853140854928,-0.06240106197608908,-0.6346245033554876,-0.46696138837984813,0.010663738000468251,0.11817102800095325,150.0,0.4517368069472278,0.004927373354005442
000300,ladder,b200,ma200,"{'strategy': 'ladder', 'indicator': 'b200', 'n_bands': 3, 'edge_mode': 'fixed', 'direction': 'momentum', 'gate_cap': 0.0}",0.06622330592775527,0.0558792460949884,0.010344059832766872,-0.4982663452579792,-0.723038445845489,0.13290744309344818,0.49447189998005564,237.0,0.3719236564540432,0.10613457506021162,0.04403576496043171,0.06209881009977991,-0.39156476866447876,-0.723038445845489,0.27105241215191006,0.663561443741065,104.0,0.396609600537093,0.027963430588883398,0.06916853140854928,-0.041205100819665885,-0.49826634525797797,-0.46696138837984813,0.05612145161922445,0.2791476338634946,133.0,0.3473613894455578,0.0593694131370394
000300,ladder,b200,off,"{'strategy': 'ladder', 'indicator': 'b200', 'n_bands': 3, 'edge_mode': 'preq', 'direction': 'contrarian', 'gate_cap': 0.0}",0.022133128721148143,0.0558792460949884,-0.033746117373840256,-0.50806525736472,-0.723038445845489,0.04356355487865931,0.2297342529278643,244.0,0.40373346726937887,-0.01510974361749462,0.04403576496043171,-0.05914550857792633,-0.50806525736472,-0.723038445845489,-0.029739769445892128,-0.05916343859293996,95.0,0.2586438402148372,0.05794386805150609,0.06916853140854928,-0.011224663357043196,-0.2946936661194077,-0.46696138837984813,0.19662407005391033,0.5066720517246172,131.0,0.47177688710754845,-0.0028222484728404294
000300,ladder,b200,ma200,"{'strategy': 'ladder', 'indicator': 'b200', 'n_bands': 3, 'edge_mode': 'preq', 'direction': 'contrarian', 'gate_cap': 0.0}",0.019267080283111193,0.0558792460949884,-0.036612165811877206,-0.23443348317492196,-0.723038445845489,0.08218570155669747,0.3046858931083329,223.0,0.15009208103130756,0.010702456165669005,0.04403576496043171,-0.033333308794762706,-0.14362928341028758,-0.723038445845489,0.0745144437927512,0.21412895503942075,67.0,0.0689828801611279,0.026702056662119666,0.06916853140854928,-0.04246647474642962,-0.17955929756259859,-0.46696138837984813,0.14870885008230053,0.4232914063884772,146.0,0.1850367401469606,0.010906981135552666
000300,ladder,b200,off,"{'strategy': 'ladder', 'indicator': 'b200', 'n_bands': 3, 'edge_mode': 'preq', 'direction': 'momentum', 'gate_cap': 0.0}",0.03132686622020664,0.0558792460949884,-0.02455237987478176,-0.6374115242493599,-0.723038445845489,0.049147003197186234,0.25651695374293115,245.0,0.5960991126736983,0.057323762322365246,0.04403576496043171,0.013287997361933535,-0.6374115242493599,-0.723038445845489,0.08993210844418274,0.35343968023082184,96.0,0.7410204766700235,0.012609552019152703,0.06916853140854928,-0.05655897938939658,-0.6110430148271702,-0.46696138837984813,0.020636111882760398,0.1599085772035487,131.0,0.5278891115564462,0.004927373354005442
000300,ladder,b200,ma200,"{'strategy': 'ladder', 'indicator': 'b200', 'n_bands': 3, 'edge_mode': 'preq', 'direction': 'momentum', 'gate_cap': 0.0}",0.06622330592775527,0.0558792460949884,0.010344059832766872,-0.4982663452579792,-0.723038445845489,0.13290744309344818,0.49447189998005564,237.0,0.3719236564540432,0.10613457506021162,0.04403576496043171,0.06209881009977991,-0.39156476866447876,-0.723038445845489,0.27105241215191006,0.663561443741065,104.0,0.396609600537093,0.030436204050950044,0.06916853140854928,-0.03873232735759924,-0.48256466843747425,-0.46696138837984813,0.06307176227696341,0.29354199901124073,134.0,0.39311957247828994,0.0593694131370394
000300,ladder,b200,off,"{'strategy': 'ladder', 'indicator': 'b200', 'n_bands': 5, 'edge_mode': 'fixed', 'direction': 'contrarian', 'gate_cap': 0.0}",0.01792794599849712,0.0558792460949884,-0.03795130009649128,-0.48826108092070464,-0.723038445845489,0.03671795008664367,0.20268185134038727,540.0,0.39460907416708524,-0.018262561366320096,0.04403576496043171,-0.06229832632675181,-0.48826108092070464,-0.723038445845489,-0.03740327066798511,-0.09487504250807127,194.0,0.2526854649211145,0.055929029868276414,0.06916853140854928,-0.013239501540272869,-0.29453948651518824,-0.46696138837984813,0.18988635625733793,0.4679022248810576,346.0,0.5356546426185704,-0.008083600023237297
000300,ladder,b200,ma200,"{'strategy': 'ladder', 'indicator': 'b200', 'n_bands': 5, 'edge_mode': 'fixed', 'direction': 'contrarian', 'gate_cap': 0.0}",0.018791173825615015,0.0558792460949884,-0.037088072269373384,-0.21869228580488764,-0.723038445845489,0.08592517910019049,0.32353839165211873,372.0,0.14850159049054076,0.008818942104663385,0.04403576496043171,-0.035216822855768326,-0.11383802925729192,-0.723038445845489,0.07746920921066881,0.19606668179970016,104.0,0.07066129573682443,0.028817661761808777,0.06916853140854928,-0.040350869646740506,-0.21869228580488764,-0.46696138837984813,0.13177264875048794,0.42048088318400473,268.0,0.22595190380761523,0.012117228278452165
000300,ladder,b200,off,"{'strategy': 'ladder', 'indicator': 'b200', 'n_bands': 5, 'edge_mode': 'fixed', 'direction': 'momentum', 'gate_cap': 0.0}",0.03589174207350565,0.0558792460949884,-0.01998750402148275,-0.6140205186129039,-0.723038445845489,0.05845365258246823,0.28084225973789895,541.0,0.6052235057759919,0.06170111534887224,0.04403576496043171,0.017665350388440526,-0.6140205186129039,-0.723038445845489,0.10048705780754273,0.372007914518089,195.0,0.7469788519637462,0.011501462620320924,0.06916853140854928,-0.05766706878822836,-0.6078248096647207,-0.46696138837984813,0.01892233162819594,0.15354143215831023,346.0,0.4640113560454242,0.011388958620097643
000300,ladder,b200,ma200,"{'strategy': 'ladder', 'indicator': 'b200', 'n_bands': 5, 'edge_mode': 'fixed', 'direction': 'momentum', 'gate_cap': 0.0}",0.067475182594674,0.0558792460949884,0.0115959364996856,-0.5023965121090841,-0.723038445845489,0.13430663025786152,0.5091548928363574,398.0,0.37351414699481,0.10954600309003881,0.04403576496043171,0.0655102381296071,-0.3548114148412682,-0.723038445845489,0.30874430333377617,0.6852792240448182,138.0,0.39493118496139645,0.027220952915964602,0.06916853140854928,-0.04194757849258468,-0.5023965121090841,-0.46696138837984813,0.05418220919108249,0.27988398585860036,260.0,0.35220440881763526,0.06068021400295597
000300,ladder,b200,off,"{'strategy': 'ladder', 'indicator': 'b200', 'n_bands': 5, 'edge_mode': 'preq', 'direction': 'contrarian', 'gate_cap': 0.0}",0.01792794599849712,0.0558792460949884,-0.03795130009649128,-0.48826108092070464,-0.723038445845489,0.03671795008664367,0.20268185134038727,540.0,0.39460907416708524,-0.018262561366320096,0.04403576496043171,-0.06229832632675181,-0.48826108092070464,-0.723038445845489,-0.03740327066798511,-0.09487504250807127,194.0,0.2526854649211145,0.05174892853146962,0.06916853140854928,-0.017419602877079665,-0.28548678565586894,-0.46696138837984813,0.18126558261736406,0.4683157385419492,276.0,0.4709418837675351,-0.008083600023237297
000300,ladder,b200,ma200,"{'strategy': 'ladder', 'indicator': 'b200', 'n_bands': 5, 'edge_mode': 'preq', 'direction': 'contrarian', 'gate_cap': 0.0}",0.018791173825615015,0.0558792460949884,-0.037088072269373384,-0.21869228580488764,-0.723038445845489,0.08592517910019049,0.32353839165211873,372.0,0.14850159049054076,0.008818942104663385,0.04403576496043171,-0.035216822855768326,-0.11383802925729192,-0.723038445845489,0.07746920921066881,0.19606668179970016,104.0,0.07066129573682443,0.02793420725867901,0.06916853140854928,-0.04123432414987027,-0.17817018546590047,-0.46696138837984813,0.15678384790156302,0.4495827849265994,234.0,0.19221776887107547,0.012117228278452165
000300,ladder,b200,off,"{'strategy': 'ladder', 'indicator': 'b200', 'n_bands': 5, 'edge_mode': 'preq', 'direction': 'momentum', 'gate_cap': 0.0}",0.03589174207350565,0.0558792460949884,-0.01998750402148275,-0.6140205186129039,-0.723038445845489,0.05845365258246823,0.28084225973789895,541.0,0.6052235057759919,0.06170111534887224,0.04403576496043171,0.017665350388440526,-0.6140205186129039,-0.723038445845489,0.10048705780754273,0.372007914518089,195.0,0.7469788519637462,0.018819956906640956,0.06916853140854928,-0.05034857450190833,-0.5811378280887458,-0.46696138837984813,0.03238467020557979,0.2047445922126834,276.0,0.5287241148964595,0.011388958620097643
000300,ladder,b200,ma200,"{'strategy': 'ladder', 'indicator': 'b200', 'n_bands': 5, 'edge_mode': 'preq', 'direction': 'momentum', 'gate_cap': 0.0}",0.067475182594674,0.0558792460949884,0.0115959364996856,-0.5023965121090841,-0.723038445845489,0.13430663025786152,0.5091548928363574,398.0,0.37351414699481,0.10954600309003881,0.04403576496043171,0.0655102381296071,-0.3548114148412682,-0.723038445845489,0.30874430333377617,0.6852792240448182,138.0,0.39493118496139645,0.029346966317757905,0.06916853140854928,-0.03982156509079138,-0.4815071632919652,-0.46696138837984813,0.06094814066133253,0.2901269929133277,231.0,0.385938543754175,0.06068021400295597
000300,ladder,b200,off,"{'strategy': 'ladder', 'indicator': 'b200', 'n_bands': 9, 'edge_mode': 'fixed', 'direction': 'contrarian', 'gate_cap': 0.0}",0.02014840826020703,0.0558792460949884,-0.03573083783478137,-0.4598861425761177,-0.723038445845489,0.04381173163284036,0.22208017124985338,891.0,0.392160555834589,-0.017250367038906145,0.04403576496043171,-0.061286131999337856,-0.4598861425761177,-0.723038445845489,-0.03751008226139574,-0.09140917897702866,326.0,0.24916079221215173,0.0594424011893413,0.06916853140854928,-0.009726130219207985,-0.2788317988283967,-0.46696138837984813,0.21318372380448733,0.5018080049918804,565.0,0.5342768871075484,-0.003913810047732676
000300,ladder,b200,ma200,"{'strategy': 'ladder', 'indicator': 'b200', 'n_bands': 9, 'edge_mode': 'fixed', 'direction': 'contrarian', 'gate_cap': 0.0}",0.019487011773343887,0.0558792460949884,-0.03639223432164451,-0.21885223562230738,-0.723038445845489,0.08904186753191018,0.3358107567728547,573.0,0.15281265695630336,0.009872048278067203,0.04403576496043171,-0.03416371668236451,-0.1148094853228877,-0.723038445845489,0.08598634729790199,0.218472208552935,184.0,0.0720879489761665,0.029151279525384544,0.06916853140854928,-0.04001725188316474,-0.21885223562230705,-0.46696138837984813,0.13320073903971227,0.425728562668613,389.0,0.23313293253173012,0.013781406419777365
000300,ladder,b200,off,"{'strategy': 'ladder', 'indicator': 'b200', 'n_bands': 9, 'edge_mode': 'fixed', 'direction': 'momentum', 'gate_cap': 0.0}",0.03520997486452426,0.0558792460949884,-0.020669271230464137,-0.6206577970074046,-0.723038445845489,0.05673009351416268,0.2780340052226315,892.0,0.6076720241084882,0.06170777872598765,0.04403576496043171,0.01767201376555594,-0.6206577970074046,-0.723038445845489,0.09942319104588879,0.37251280944414594,327.0,0.750503524672709,0.01015595074552933,0.06916853140854928,-0.05901258066301995,-0.6043589090613608,-0.46696138837984813,0.0168045024128174,0.14354577486200767,565.0,0.46538911155644624,0.010290474667386591
000300,ladder,b200,ma200,"{'strategy': 'ladder', 'indicator': 'b200', 'n_bands': 9, 'edge_mode': 'fixed', 'direction': 'momentum', 'gate_cap': 0.0}",0.06727296927107163,0.0558792460949884,0.011393723176083226,-0.4786978362220412,-0.723038445845489,0.14053326374315894,0.512364812021682,601.0,0.3692030805290474,0.10823980275408873,0.04403576496043171,0.06420403779365702,-0.36155585791408507,-0.723038445845489,0.2993722833825839,0.6804750994007921,212.0,0.3935045317220544,0.028036906765601666,0.06916853140854928,-0.04113162464294762,-0.4786978362220409,-0.46696138837984813,0.05856911112628662,0.2912452524934284,389.0,0.34502338009352035,0.06304953940291352
000300,ladder,b200,off,"{'strategy': 'ladder', 'indicator': 'b200', 'n_bands': 9, 'edge_mode': 'preq', 'direction': 'contrarian', 'gate_cap': 0.0}",0.02014840826020703,0.0558792460949884,-0.03573083783478137,-0.4598861425761177,-0.723038445845489,0.04381173163284036,0.22208017124985338,891.0,0.392160555834589,-0.017250367038906145,0.04403576496043171,-0.061286131999337856,-0.4598861425761177,-0.723038445845489,-0.03751008226139574,-0.09140917897702866,326.0,0.24916079221215173,0.050500532706867496,0.06916853140854928,-0.018667998701681787,-0.26264806934980334,-0.46696138837984813,0.19227452473526171,0.4643730851338952,496.0,0.47904141616566465,-0.003913810047732676
000300,ladder,b200,ma200,"{'strategy': 'ladder', 'indicator': 'b200', 'n_bands': 9, 'edge_mode': 'preq', 'direction': 'contrarian', 'gate_cap': 0.0}",0.019487011773343887,0.0558792460949884,-0.03639223432164451,-0.21885223562230738,-0.723038445845489,0.08904186753191018,0.3358107567728547,573.0,0.15281265695630336,0.009872048278067203,0.04403576496043171,-0.03416371668236451,-0.1148094853228877,-0.723038445845489,0.08598634729790199,0.218472208552935,184.0,0.0720879489761665,0.02271787103083489,0.06916853140854928,-0.04645066037771439,-0.1918236239153981,-0.46696138837984813,0.11843103871739168,0.3764640985899917,334.0,0.20465931863727455,0.013781406419777365
000300,ladder,b200,off,"{'strategy': 'ladder', 'indicator': 'b200', 'n_bands': 9, 'edge_mode': 'preq', 'direction': 'momentum', 'gate_cap': 0.0}",0.03520997486452426,0.0558792460949884,-0.020669271230464137,-0.6206577970074046,-0.723038445845489,0.05673009351416268,0.2780340052226315,892.0,0.6076720241084882,0.06170777872598765,0.04403576496043171,0.01767201376555594,-0.6206577970074046,-0.723038445845489,0.09942319104588879,0.37251280944414594,327.0,0.750503524672709,0.02053020824233931,0.06916853140854928,-0.048638323166209974,-0.5633769096013156,-0.46696138837984813,0.036441337748236616,0.2198913551319581,496.0,0.52062458249833,0.010290474667386591
000300,ladder,b200,ma200,"{'strategy': 'ladder', 'indicator': 'b200', 'n_bands': 9, 'edge_mode': 'preq', 'direction': 'momentum', 'gate_cap': 0.0}",0.06727296927107163,0.0558792460949884,0.011393723176083226,-0.4786978362220412,-0.723038445845489,0.14053326374315894,0.512364812021682,601.0,0.3692030805290474,0.10823980275408873,0.04403576496043171,0.06420403779365702,-0.36155585791408507,-0.723038445845489,0.2993722833825839,0.6804750994007921,212.0,0.3935045317220544,0.03544738116663715,0.06916853140854928,-0.033721150241912135,-0.4333080737134195,-0.46696138837984813,0.08180641745918926,0.34517301982331194,334.0,0.373496993987976,0.06304953940291352
000300,reversal,b200,off,"{'strategy': 'reversal', 'indicator': 'b200', 'low_extreme': 10.0, 'high_extreme': 90.0, 'confirm': 5.0, 'batch_mode': 'time', 'batches': 3, 'gate_cap': 0.0}",0.07572039595430691,0.0558792460949884,0.019841149859318508,-0.6562021926918937,-0.723038445845489,0.11539186671060069,0.4732528997995801,36.0,0.6284948936882638,0.1046031073994389,0.04403576496043171,0.06056734243900719,-0.6562021926918937,-0.723038445845489,0.1594068239399394,0.54035731677272,21.0,0.7173548170527022,0.04908458129684257,0.06916853140854928,-0.020083950111706717,-0.3246196654354271,-0.46696138837984813,0.15120643178226184,0.40993452977869116,16.0,0.539746158984636,0.05806143659983138
000300,reversal,b200,ma200,"{'strategy': 'reversal', 'indicator': 'b200', 'low_extreme': 10.0, 'high_extreme': 90.0, 'confirm': 5.0, 'batch_mode': 'time', 'batches': 3, 'gate_cap': 0.0}",0.09228580315726953,0.0558792460949884,0.03640655706228113,-0.26839706727002033,-0.723038445845489,0.34384057954115266,0.7262174017443607,104.0,0.29951448183492385,0.14693770628535607,0.04403576496043171,0.10290194132492436,-0.26839706727002033,-0.723038445845489,0.5474639040579743,0.8824359858148219,56.0,0.3924135615978516,0.04052332879199372,0.06916853140854928,-0.028645202616555565,-0.21613956458967143,-0.46696138837984813,0.1874868623378831,0.5417470706321466,48.0,0.20708082832331337,0.15938016605382976
000300,reversal,b200,off,"{'strategy': 'reversal', 'indicator': 'b200', 'low_extreme': 10.0, 'high_extreme': 90.0, 'confirm': 5.0, 'batch_mode': 'time', 'batches': 5, 'gate_cap': 0.0}",0.076772147758424,0.0558792460949884,0.020892901663435604,-0.6570790947141252,-0.723038445845489,0.1168385181875634,0.47836830937296554,60.0,0.6284948936882638,0.10466202789364809,0.04403576496043171,0.06062626293321638,-0.6570790947141252,-0.723038445845489,0.15928375858492852,0.5408206790262492,35.0,0.7170191339375629,0.05107641388918194,0.06916853140854928,-0.018092117519367346,-0.324619665435427,-0.46696138837984813,0.15734232804617934,0.4230539922274706,26.0,0.5400801603206413,0.05927114827308672
000300,reversal,b200,ma200,"{'strategy': 'reversal', 'indicator': 'b200', 'low_extreme': 10.0, 'high_extreme': 90.0, 'confirm': 5.0, 'batch_mode': 'time', 'batches': 5, 'gate_cap': 0.0}",0.092728961762927,0.0558792460949884,0.0368497156679386,-0.2683970672700198,-0.723038445845489,0.3454917101222921,0.7283666326413807,115.0,0.3001506780512305,0.14523718073831193,0.04403576496043171,0.10120141577788022,-0.2683970672700198,-0.723038445845489,0.541128046649618,0.8736766464706751,61.0,0.39268210808996307,0.04290437470648034,0.06916853140854928,-0.02626415670206894,-0.19843711969324673,-0.46696138837984813,0.2162114365135107,0.5669402731461507,54.0,0.20808283233132932,0.16030651344968
000300,reversal,b200,off,"{'strategy': 'reversal', 'indicator': 'b200', 'low_extreme': 10.0, 'high_extreme': 90.0, 'confirm': 5.0, 'batch_mode': 'time', 'batches': 8, 'gate_cap': 0.0}",0.07859748780017317,0.0558792460949884,0.022718241705184772,-0.6560923360929811,-0.723038445845489,0.11979638150968185,0.487321487319401,96.0,0.6284948936882638,0.1065831535716486,0.04403576496043171,0.06254738861121689,-0.6560923360929811,-0.723038445845489,0.16245145341332518,0.5485850844247384,56.0,0.716515609264854,0.052812869912375104,0.06916853140854928,-0.01635566149617418,-0.3246196654354271,-0.46696138837984813,0.16269152961369363,0.4345858945569161,41.0,0.5405811623246493,0.0615494976269836
000300,reversal,b200,ma200,"{'strategy': 'reversal', 'indicator': 'b200', 'low_extreme': 10.0, 'high_extreme': 90.0, 'confirm': 5.0, 'batch_mode': 'time', 'batches': 8, 'gate_cap': 0.0}",0.09368063132561488,0.0558792460949884,0.03780138523062648,-0.2683970672700202,-0.723038445845489,0.3490374625866076,0.7337085216812864,130.0,0.3009794073329985,0.14436772881455195,0.04403576496043171,0.10033196385412024,-0.2683970672700202,-0.723038445845489,0.537888622565727,0.8692145944658523,67.0,0.39283316549177577,0.04550722675846597,0.06916853140854928,-0.023661304650083315,-0.18189079311028256,-0.46696138837984813,0.2501898308336827,0.5928182380271015,63.0,0.20958583834335337,0.16229581617301894
000300,reversal,b200,off,"{'strategy': 'reversal', 'indicator': 'b200', 'low_extreme': 10.0, 'high_extreme': 90.0, 'confirm': 5.0, 'batch_mode': 'band', 'batches': 3, 'gate_cap': 0.0}",0.08925545559578874,0.0558792460949884,0.033376209500800336,-0.3712629147727714,-0.723038445845489,0.24041037239180446,0.5776590536816067,34.0,0.5947876555611363,0.13296678262615114,0.04403576496043171,0.08893101766571943,-0.3712629147727714,-0.723038445845489,0.35814722487844614,0.7324568309270194,19.0,0.6162023050240574,0.048793656071648206,0.06916853140854928,-0.020374875336901077,-0.3490628560346789,-0.46696138837984813,0.13978472710026937,0.39526868471572696,16.0,0.5731462925851704,0.11618987465720199
000300,reversal,b200,ma200,"{'strategy': 'reversal', 'indicator': 'b200', 'low_extreme': 10.0, 'high_extreme': 90.0, 'confirm': 5.0, 'batch_mode': 'band', 'batches': 3, 'gate_cap': 0.0}",0.0908397183538181,0.0558792460949884,0.0349604722588297,-0.292823805565133,-0.723038445845489,0.31021971788974845,0.6995899199090778,119.0,0.3156426139851555,0.13125989014764228,0.04403576496043171,0.08722412518721057,-0.292823805565133,-0.723038445845489,0.4482555299570617,0.8169987581122726,71.0,0.37797918764686134,0.052086152507618166,0.06916853140854928,-0.017082378900931117,-0.20936392910114598,-0.46696138837984813,0.2487828382436154,0.5639411988791109,48.0,0.2536183478067246,0.14506417051119722
000300,reversal,b200,off,"{'strategy': 'reversal', 'indicator': 'b200', 'low_extreme': 10.0, 'high_extreme': 90.0, 'confirm': 5.0, 'batch_mode': 'band', 'batches': 5, 'gate_cap': 0.0}",0.08833975061106814,0.0558792460949884,0.032460504516079736,-0.37048214044454575,-0.723038445845489,0.23844536879717942,0.5809676733644441,49.0,0.5822199899547966,0.12613506055564883,0.04403576496043171,0.08209929559521711,-0.37048214044454575,-0.723038445845489,0.34046191917455976,0.7133443181517662,27.0,0.5796576032225579,0.05335506763536757,0.06916853140854928,-0.015813463773181713,-0.36858082273243686,-0.46696138837984813,0.14475812181389455,0.4288813568136396,23.0,0.584435537742151,0.11485445022851962
000300,reversal,b200,ma200,"{'strategy': 'reversal', 'indicator': 'b200', 'low_extreme': 10.0, 'high_extreme': 90.0, 'confirm': 5.0, 'batch_mode': 'band', 'batches': 5, 'gate_cap': 0.0}",0.08842693104578503,0.0558792460949884,0.03254768495079663,-0.30193324268851573,-0.723038445845489,0.29286914636626865,0.6738894832410879,133.0,0.331592164741336,0.12403008491925749,0.04403576496043171,0.07999431995882578,-0.30193324268851573,-0.723038445845489,0.41078645006045594,0.7839308715766992,76.0,0.3716012084592145,0.054151362782714596,0.06916853140854928,-0.015017168625834687,-0.2370326135217422,-0.46696138837984813,0.2284553251054943,0.5438973023846212,57.0,0.29178356713426856,0.13667626951698544
000300,reversal,b200,off,"{'strategy': 'reversal', 'indicator': 'b200', 'low_extreme': 10.0, 'high_extreme': 90.0, 'confirm': 5.0, 'batch_mode': 'band', 'batches': 8, 'gate_cap': 0.0}",0.08812013152947284,0.0558792460949884,0.032240885434484445,-0.38278885383783445,-0.723038445845489,0.23020558369446217,0.5962610147133315,76.0,0.5802779172944919,0.11450938407858802,0.04403576496043171,0.0704736191181563,-0.38278885383783445,-0.723038445845489,0.29914503238670326,0.6813005013376118,41.0,0.543219201074186,0.06386694420872319,0.06916853140854928,-0.005301587199826097,-0.35991869478146177,-0.46696138837984813,0.17744825466068778,0.5069119214542094,36.0,0.6168587174348698,0.11142676473847554
000300,reversal,b200,ma200,"{'strategy': 'reversal', 'indicator': 'b200', 'low_extreme': 10.0, 'high_extreme': 90.0, 'confirm': 5.0, 'batch_mode': 'band', 'batches': 8, 'gate_cap': 0.0}",0.08828352631332037,0.0558792460949884,0.03240428021833197,-0.3045594381837855,-0.723038445845489,0.289872895878032,0.6702319302626122,194.0,0.3583207768290641,0.12018959770238657,0.04403576496043171,0.07615383274195486,-0.3045594381837855,-0.723038445845489,0.39463429017050694,0.7774806140171253,93.0,0.35477509231285664,0.057469244256187046,0.06916853140854928,-0.011699287152362237,-0.27361507987063305,-0.46696138837984813,0.21003683087700747,0.5430717108851427,101.0,0.3618486973947896,0.13539172648221198
000300,reversal,b200,off,"{'strategy': 'reversal', 'indicator': 'b200', 'low_extreme': 20.0, 'high_extreme': 80.0, 'confirm': 5.0, 'batch_mode': 'time', 'batches': 3, 'gate_cap': 0.0}",-0.03628520935719337,0.0558792460949884,-0.09216445545218177,-0.686344453842443,-0.723038445845489,-0.05286734547653676,-0.1451958528377849,61.0,0.47346392097773315,-0.059385096028297446,0.04403576496043171,-0.10342086098872916,-0.6405516087737793,-0.723038445845489,-0.09270930743891116,-0.23253785726477483,36.0,0.5185185185185185,-0.01275027059032996,0.06916853140854928,-0.08191880199887924,-0.3602109472911116,-0.46696138837984813,-0.03539667710327964,-0.028370312836624494,25.0,0.42863504787352485,-0.07644561146192376
000300,reversal,b200,ma200,"{'strategy': 'reversal', 'indicator': 'b200', 'low_extreme': 20.0, 'high_extreme': 80.0, 'confirm': 5.0, 'batch_mode': 'time', 'batches': 3, 'gate_cap': 0.0}",-0.005125705856433349,0.0558792460949884,-0.06100495195142175,-0.2628034075206229,-0.723038445845489,-0.019503955084871266,-0.03030684026493648,109.0,0.14085607455773208,-0.006085898859491401,0.04403576496043171,-0.05012166381992311,-0.2628034075206229,-0.723038445845489,-0.023157610157751942,-0.044763821254979956,54.0,0.14893140875013994,-0.004171114202594084,0.06916853140854928,-0.07333964561114337,-0.21713620163778646,-0.46696138837984813,-0.019209667347649773,-0.01627463149795946,55.0,0.13282119795145853,-0.04440455320480155
000300,reversal,b200,off,"{'strategy': 'reversal', 'indicator': 'b200', 'low_extreme': 20.0, 'high_extreme': 80.0, 'confirm': 5.0, 'batch_mode': 'time', 'batches': 5, 'gate_cap': 0.0}",-0.037754123574154974,0.0558792460949884,-0.09363336966914337,-0.6968460855178027,-0.723038445845489,-0.05417856878122687,-0.15755170671949717,101.0,0.46361962163067133,-0.058752897000796334,0.04403576496043171,-0.10278866196122804,-0.6302646807177409,-0.723038445845489,-0.09321940257526244,-0.23501177682182003,60.0,0.49882510909701244,-0.016408297599555755,0.06916853140854928,-0.08557682900810504,-0.36569020093563487,-0.46696138837984813,-0.04486939370421845,-0.055993771290406724,41.0,0.4285905143620575,-0.07785144931397678
000300,reversal,b200,ma200,"{'strategy': 'reversal', 'indicator': 'b200', 'low_extreme': 20.0, 'high_extreme': 80.0, 'confirm': 5.0, 'batch_mode': 'time', 'batches': 5, 'gate_cap': 0.0}",-0.0061281992158431775,0.0558792460949884,-0.06200744531083158,-0.2616205710054088,-0.723038445845489,-0.023423996027118532,-0.04442180168442929,133.0,0.1394943914280931,-0.007631285721886538,0.04403576496043171,-0.05166705068231825,-0.2616205710054088,-0.723038445845489,-0.029169287768769404,-0.06709604804269924,68.0,0.14582074521651564,-0.0046324304665649185,0.06916853140854928,-0.0738009618751142,-0.21836602602499178,-0.46696138837984813,-0.021214062237111652,-0.022592987839827862,65.0,0.13319973279893121,-0.04657406559734636
000300,reversal,b200,off,"{'strategy': 'reversal', 'indicator': 'b200', 'low_extreme': 20.0, 'high_extreme': 80.0, 'confirm': 5.0, 'batch_mode': 'time', 'batches': 8, 'gate_cap': 0.0}",-0.040496003091057386,0.0558792460949884,-0.09637524918604579,-0.7189763627657989,-0.723038445845489,-0.05632452635198614,-0.17620174333870187,161.0,0.4580822032479491,-0.058983031206994774,0.04403576496043171,-0.10301879616742649,-0.6222596629717689,-0.723038445845489,-0.09478845362610425,-0.23947449918312927,96.0,0.4877475662974152,-0.021754682878346032,0.06916853140854928,-0.09092321428689532,-0.39841018968644437,-0.46696138837984813,-0.054603731133150334,-0.09533277441618904,65.0,0.42856546426185704,-0.08035496005242193
000300,reversal,b200,ma200,"{'strategy': 'reversal', 'indicator': 'b200', 'low_extreme': 20.0, 'high_extreme': 80.0, 'confirm': 5.0, 'batch_mode': 'time', 'batches': 8, 'gate_cap': 0.0}",-0.006335681249437064,0.0558792460949884,-0.062214927344425464,-0.27220875443584314,-0.723038445845489,-0.023275082620203974,-0.047876267937271094,166.0,0.13891679223170936,-0.006840991605972735,0.04403576496043171,-0.050876756566404446,-0.25304899374933887,-0.723038445845489,-0.027034257297814716,-0.057423224922200734,86.0,0.14413393756294057,-0.005834759365143438,0.06916853140854928,-0.07500329077369272,-0.21121776764410172,-0.46696138837984813,-0.027624377580653663,-0.03874824132427619,80.0,0.1337257849031396,-0.046638989454736865
000300,reversal,b200,off,"{'strategy': 'reversal', 'indicator': 'b200', 'low_extreme': 20.0, 'high_extreme': 80.0, 'confirm': 5.0, 'batch_mode': 'band', 'batches': 3, 'gate_cap': 0.0}",0.0028392163351367294,0.0558792460949884,-0.05304002975985167,-0.6206109037473668,-0.723038445845489,0.004574873431957126,0.08438837884229512,51.0,0.36731960488866566,0.0367010060409072,0.04403576496043171,-0.007334758919524509,-0.40439117134790736,-0.723038445845489,0.0907562000391261,0.3594700105970839,29.0,0.3428443549289471,-0.029754161237178223,0.06916853140854928,-0.0989226926457275,-0.4397889965027,-0.46696138837984813,-0.06765553816441507,-0.18387202474990202,22.0,0.39167223335560003,-0.029994068483128147
000300,reversal,b200,ma200,"{'strategy': 'reversal', 'indicator': 'b200', 'low_extreme': 20.0, 'high_extreme': 80.0, 'confirm': 5.0, 'batch_mode': 'band', 'batches': 3, 'gate_cap': 0.0}",0.01839020795109092,0.0558792460949884,-0.03748903814389748,-0.3631597120372201,-0.723038445845489,0.05063944964579693,0.2533761094554848,112.0,0.15151515151515155,0.05238418148825197,0.04403576496043171,0.008348416527820257,-0.21217496460589258,-0.723038445845489,0.24689143502652972,0.5731437366378515,59.0,0.1734362761553094,-0.014337509809199012,0.06916853140854928,-0.0835060412177483,-0.22596734535531526,-0.46696138837984813,-0.06344947667838663,-0.1550544574231963,53.0,0.12970385214874197,-0.0022376430280197125
000300,reversal,b200,off,"{'strategy': 'reversal', 'indicator': 'b200', 'low_extreme': 20.0, 'high_extreme': 80.0, 'confirm': 5.0, 'batch_mode': 'band', 'batches': 5, 'gate_cap': 0.0}",0.020921137842281556,0.0558792460949884,-0.03495810825270684,-0.6179700241578002,-0.723038445845489,0.03385461595939691,0.23744511724611664,76.0,0.3165578436296669,0.07327864166829401,0.04403576496043171,0.029242876707862298,-0.31756021986272454,-0.723038445845489,0.230755104338859,0.6272521428674075,41.0,0.27613293051359517,-0.028632062020477855,0.06916853140854928,-0.09780059342902714,-0.45237623809782,-0.46696138837984813,-0.06329258614659282,-0.22598775853591058,35.0,0.3567802271209085,-0.007433018567865341
000300,reversal,b200,ma200,"{'strategy': 'reversal', 'indicator': 'b200', 'low_extreme': 20.0, 'high_extreme': 80.0, 'confirm': 5.0, 'batch_mode': 'band', 'batches': 5, 'gate_cap': 0.0}",0.02933210039967471,0.0558792460949884,-0.02654714569531369,-0.46019473854739124,-0.723038445845489,0.06373845231751615,0.3417202793577062,139.0,0.1757910597689603,0.07931870167440791,0.04403576496043171,0.0352829367139762,-0.27630317137707305,-0.723038445845489,0.28707126769153535,0.7089266432091607,70.0,0.19617321248741187,-0.018096658583840908,0.06916853140854928,-0.08726518999239019,-0.2724652443741291,-0.46696138837984813,-0.06641822748956529,-0.2008589831161635,69.0,0.1555110220440882,0.009567093509818249
000300,reversal,b200,off,"{'strategy': 'reversal', 'indicator': 'b200', 'low_extreme': 20.0, 'high_extreme': 80.0, 'confirm': 5.0, 'batch_mode': 'band', 'batches': 8, 'gate_cap': 0.0}",0.04348431069768588,0.0558792460949884,-0.01239493539730252,-0.43917380200952816,-0.723038445845489,0.09901389950565052,0.4156869262793712,97.0,0.38337100284614095,0.07568334471524962,0.04403576496043171,0.03164757975481791,-0.37646815944018475,-0.723038445845489,0.20103518137574286,0.6119366238542507,48.0,0.3189828801611279,0.012791098806602896,0.06916853140854928,-0.05637743260194639,-0.3500670395812061,-0.46696138837984813,0.03653899784996955,0.17455744949621935,50.0,0.44735303941215765,0.0321685985638787
000300,reversal,b200,ma200,"{'strategy': 'reversal', 'indicator': 'b200', 'low_extreme': 20.0, 'high_extreme': 80.0, 'confirm': 5.0, 'batch_mode': 'band', 'batches': 8, 'gate_cap': 0.0}",0.04884584939867476,0.0558792460949884,-0.007033396696313643,-0.316620070984613,-0.723038445845489,0.15427275108231706,0.5035885823479924,200.0,0.23062112841118365,0.09286727235714887,0.04403576496043171,0.048831507396717155,-0.3116008635277637,-0.723038445845489,0.2980327824055416,0.7849755757120191,86.0,0.2001510574018127,0.006821114876210732,0.06916853140854928,-0.06234741653233855,-0.2585275459685574,-0.46696138837984813,0.02638448003927724,0.12226022690599603,114.0,0.260938543754175,0.05748906241513864
000300,reversal,b200,off,"{'strategy': 'reversal', 'indicator': 'b200', 'low_extreme': 30.0, 'high_extreme': 70.0, 'confirm': 5.0, 'batch_mode': 'time', 'batches': 3, 'gate_cap': 0.0}",-0.028527394631746694,0.0558792460949884,-0.0844066407267351,-0.6698177730495818,-0.723038445845489,-0.04258978453477826,-0.104226756952534,76.0,0.4268095317819075,-0.046510120652428655,0.04403576496043171,-0.09054588561286037,-0.6698177730495818,-0.723038445845489,-0.06943697603107024,-0.21185495466077356,34.0,0.3062548953787625,-0.010307766298928156,0.06916853140854928,-0.07947629770747744,-0.36785232796076195,-0.46696138837984813,-0.028021479043154687,0.009315731881899377,42.0,0.5467601870407481,-0.06767989824995235
000300,reversal,b200,ma200,"{'strategy': 'reversal', 'indicator': 'b200', 'low_extreme': 30.0, 'high_extreme': 70.0, 'confirm': 5.0, 'batch_mode': 'time', 'batches': 3, 'gate_cap': 0.0}",-0.0031435882903050327,0.0558792460949884,-0.05902283438529343,-0.21630066968839656,-0.723038445845489,-0.01453341912826112,-0.005304278610778568,105.0,0.1322060382833864,0.001705292932305813,0.04403576496043171,-0.0423304720281259,-0.09863988246964195,-0.723038445845489,0.017288067357852387,0.06527162685226678,28.0,0.053037932192010806,-0.00794591635614561,0.06916853140854928,-0.0771144477646949,-0.21630066968839678,-0.46696138837984813,-0.03673551435412805,-0.03179495302618957,77.0,0.210977510576709,-0.0412270682824805
000300,reversal,b200,off,"{'strategy': 'reversal', 'indicator': 'b200', 'low_extreme': 30.0, 'high_extreme': 70.0, 'confirm': 5.0, 'batch_mode': 'time', 'batches': 5, 'gate_cap': 0.0}",-0.02722239090529166,0.0558792460949884,-0.08310163700028006,-0.6574837086641265,-0.723038445845489,-0.04140390179492361,-0.09672463457317747,124.0,0.42310396785534904,-0.04225789384342826,0.04403576496043171,-0.08629365880385997,-0.6574837086641265,-0.723038445845489,-0.06427215349455233,-0.18669866921636344,54.0,0.29882510909701243,-0.01203708845532847,0.06916853140854928,-0.08120561986387775,-0.3812040472934366,-0.46696138837984813,-0.03157649699889668,-0.002289855928027836,70.0,0.5467601870407481,-0.06642254291813748
000300,reversal,b200,ma200,"{'strategy': 'reversal', 'indicator': 'b200', 'low_extreme': 30.0, 'high_extreme': 70.0, 'confirm': 5.0, 'batch_mode': 'time', 'batches': 5, 'gate_cap': 0.0}",-0.001972151854962134,0.0558792460949884,-0.057851397949950534,-0.215330068662009,-0.723038445845489,-0.009158738801396593,0.010385352193616842,131.0,0.13052067637703,0.004220269274577859,0.04403576496043171,-0.03981549568585385,-0.07169632509798918,-0.723038445845489,0.058863118420782526,0.13629236631307082,36.0,0.049278281302450516,-0.008096293954582112,0.06916853140854928,-0.0772648253631314,-0.2153300686620092,-0.46696138837984813,-0.037599458379825174,-0.033479382481256224,95.0,0.2113560454241817,-0.03837433429052896
000300,reversal,b200,off,"{'strategy': 'reversal', 'indicator': 'b200', 'low_extreme': 30.0, 'high_extreme': 70.0, 'confirm': 5.0, 'batch_mode': 'time', 'batches': 8, 'gate_cap': 0.0}",-0.02486388540117712,0.0558792460949884,-0.08074313149616552,-0.6412792586966307,-0.723038445845489,-0.03877232120638328,-0.08226656191310619,196.0,0.42101958814665996,-0.038487416371595584,0.04403576496043171,-0.0825231813320273,-0.6412792586966307,-0.723038445845489,-0.06001662434836799,-0.16454039669457585,84.0,0.294645854313528,-0.011125373598401156,0.06916853140854928,-0.08029390500695044,-0.38085318214828556,-0.46696138837984813,-0.02921171233399195,0.0036115843044639898,112.0,0.5467601870407481,-0.06395480738025262
000300,reversal,b200,ma200,"{'strategy': 'reversal', 'indicator': 'b200', 'low_extreme': 30.0, 'high_extreme': 70.0, 'confirm': 5.0, 'batch_mode': 'time', 'batches': 8, 'gate_cap': 0.0}",-7.195425953920864e-05,0.0558792460949884,-0.05595120035452761,-0.20467842041478412,-0.723038445845489,-0.00035154785440200375,0.036075072597175885,174.0,0.13012723924326133,0.006619830402599947,0.04403576496043171,-0.037415934557831765,-0.05750899874886217,-0.723038445845489,0.11510947063273157,0.205637207204662,52.0,0.047960725075528704,-0.006686073502107481,0.06916853140854928,-0.07585460491065676,-0.20467842041478468,-0.46696138837984813,-0.03266623559317112,-0.019017180717965668,122.0,0.2118820975283901,-0.033711339354477364
000300,reversal,b200,off,"{'strategy': 'reversal', 'indicator': 'b200', 'low_extreme': 30.0, 'high_extreme': 70.0, 'confirm': 5.0, 'batch_mode': 'band', 'batches': 3, 'gate_cap': 0.0}",0.005424862144402187,0.0558792460949884,-0.05045438395058621,-0.5612056439949671,-0.723038445845489,0.009666442599873136,0.10434410304492252,69.0,0.29393381327082985,0.0309857292261273,0.04403576496043171,-0.01305003573430441,-0.3944863281410842,-0.723038445845489,0.07854702942973871,0.34832372589308874,29.0,0.21438961620230504,-0.01937713735959956,0.06916853140854928,-0.08854566876814884,-0.3231644128905423,-0.46696138837984813,-0.05996061628903029,-0.12659423021579888,40.0,0.3730794923179693,-0.02640605333040247
000300,reversal,b200,ma200,"{'strategy': 'reversal', 'indicator': 'b200', 'low_extreme': 30.0, 'high_extreme': 70.0, 'confirm': 5.0, 'batch_mode': 'band', 'batches': 3, 'gate_cap': 0.0}",0.01808064400177689,0.0558792460949884,-0.03779860209321151,-0.40174350748949705,-0.723038445845489,0.045005441692793455,0.253805377754183,124.0,0.14755287683464482,0.055560245412966225,0.04403576496043171,0.011524480452534513,-0.2328226292577663,-0.723038445845489,0.2386376512888422,0.6792159617525028,41.0,0.1057401812688822,-0.01788436768617374,0.06916853140854928,-0.08705289909472302,-0.2427107795633493,-0.46696138837984813,-0.07368592247261845,-0.16966781625082356,83.0,0.18915608995769315,-0.004676984578809523
000300,reversal,b200,off,"{'strategy': 'reversal', 'indicator': 'b200', 'low_extreme': 30.0, 'high_extreme': 70.0, 'confirm': 5.0, 'batch_mode': 'band', 'batches': 5, 'gate_cap': 0.0}",0.0058025726173087655,0.0558792460949884,-0.050076673477679634,-0.5027202754637623,-0.723038445845489,0.011542348499781235,0.10972658231737649,84.0,0.25591829901222174,0.014575659044047118,0.04403576496043171,-0.029460105916384594,-0.3546001834874106,-0.723038445845489,0.041104488161001186,0.22413479667417968,35.0,0.1583081570996979,-0.002584062110294272,0.06916853140854928,-0.07175259351884355,-0.2541235334984481,-0.46696138837984813,-0.01016852738792117,0.02344160479317182,48.0,0.3529726118904476,-0.025429064686695285
000300,reversal,b200,ma200,"{'strategy': 'reversal', 'indicator': 'b200', 'low_extreme': 30.0, 'high_extreme': 70.0, 'confirm': 5.0, 'batch_mode': 'band', 'batches': 5, 'gate_cap': 0.0}",0.015039774994375144,0.0558792460949884,-0.040839471100613256,-0.34451298386598517,-0.723038445845489,0.04365517614345004,0.2335374895599483,131.0,0.1500753390256153,0.03389901077658353,0.04403576496043171,-0.010136754183848184,-0.22087794815537065,-0.723038445845489,0.15347394821296592,0.5350565445198102,47.0,0.08083249412554548,-0.003378535490533907,0.06916853140854928,-0.07254706689908319,-0.20339417584339015,-0.46696138837984813,-0.016610777946440898,0.0034697402835125925,84.0,0.2189712758851036,-0.007041612202987938
000300,reversal,b200,off,"{'strategy': 'reversal', 'indicator': 'b200', 'low_extreme': 30.0, 'high_extreme': 70.0, 'confirm': 5.0, 'batch_mode': 'band', 'batches': 8, 'gate_cap': 0.0}",0.004331722311965658,0.0558792460949884,-0.05154752378302274,-0.36527649999119116,-0.723038445845489,0.011858748953382217,0.10276304177522863,86.0,0.16855014230704837,0.011324773548174072,0.04403576496043171,-0.03271099141225764,-0.2575250504953651,-0.723038445845489,0.043975425017450456,0.23552899495010757,35.0,0.09894259818731117,-0.002411252134555286,0.06916853140854928,-0.07157978354310457,-0.16245636308704292,-0.46696138837984813,-0.014842460392046048,-0.005802788846609864,50.0,0.23776720106880428,-0.026185014688460757
000300,reversal,b200,ma200,"{'strategy': 'reversal', 'indicator': 'b200', 'low_extreme': 30.0, 'high_extreme': 70.0, 'confirm': 5.0, 'batch_mode': 'band', 'batches': 8, 'gate_cap': 0.0}",0.010995564129540947,0.0558792460949884,-0.04488368196544745,-0.24198485381553914,-0.723038445845489,0.04543905933022847,0.23747854308005847,151.0,0.09907081868407835,0.02391128946727572,0.04403576496043171,-0.02012447549315599,-0.15895653079605643,-0.723038445845489,0.15042659365757208,0.5292711097759683,47.0,0.05052030882846593,-0.0016900829878934154,0.06916853140854928,-0.0708586143964427,-0.13122374928005243,-0.46696138837984813,-0.012879398715292829,-0.0018365186565588434,104.0,0.14737808951235806,-0.008754585447177082
000300,ladder,b50,off,"{'strategy': 'ladder', 'indicator': 'b50', 'n_bands': 3, 'edge_mode': 'fixed', 'direction': 'contrarian', 'gate_cap': 0.0}",-0.0038885506199379805,0.0558792460949884,-0.05976779671492638,-0.6413378686621729,-0.723038445845489,-0.0060631857402237525,0.06826193175692886,644.0,0.5417713042022434,-0.03161343887797197,0.04403576496043171,-0.07564920383840368,-0.6252281819779437,-0.723038445845489,-0.05056304208482912,-0.057374630470648245,304.0,0.536421617992615,0.02578136248160301,0.06916853140854928,-0.043387168926946273,-0.30200097806739945,-0.46696138837984813,0.08536847346186151,0.24296201439196827,341.0,0.5467601870407481,-0.03828595232504532
000300,ladder,b50,ma200,"{'strategy': 'ladder', 'indicator': 'b50', 'n_bands': 3, 'edge_mode': 'fixed', 'direction': 'contrarian', 'gate_cap': 0.0}",0.013797771430744232,0.0558792460949884,-0.04208147466424417,-0.24306606017453303,-0.723038445845489,0.056765520537243146,0.18343328929466787,439.0,0.219655114682739,0.02326789546521324,0.04403576496043171,-0.02076786949521847,-0.2302147840891393,-0.723038445845489,0.10107037893884302,0.2685635297713849,190.0,0.16431688486069151,0.004466695239698781,0.06916853140854928,-0.0647018361688505,-0.2388847351647556,-0.46696138837984813,0.018698119143603552,0.0949620615638283,249.0,0.27471609886439546,-0.0025426765836492407
000300,ladder,b50,off,"{'strategy': 'ladder', 'indicator': 'b50', 'n_bands': 3, 'edge_mode': 'fixed', 'direction': 'momentum', 'gate_cap': 0.0}",0.049100719268960535,0.0558792460949884,-0.006778526826027864,-0.4922598268189262,-0.723038445845489,0.09974553395156871,0.3963121589044417,643.0,0.4580612757408338,0.0683724115308586,0.04403576496043171,0.02433664657042689,-0.4778994039285145,-0.723038445845489,0.14306862693029418,0.47912146744041584,303.0,0.46324269889224573,0.03028714222134532,0.06916853140854928,-0.03888138918720396,-0.4922598268189262,-0.46696138837984813,0.0615267396835253,0.29677734809740974,340.0,0.4529058116232465,0.03583109748501077
000300,ladder,b50,ma200,"{'strategy': 'ladder', 'indicator': 'b50', 'n_bands': 3, 'edge_mode': 'fixed', 'direction': 'momentum', 'gate_cap': 0.0}",0.06780324623599276,0.0558792460949884,0.011924000141004365,-0.3584546326273077,-0.723038445845489,0.189154331020989,0.5801623453003043,419.0,0.3023606228026118,0.0898760346173495,0.04403576496043171,0.04584026965691779,-0.3584546326273077,-0.723038445845489,0.25073196560077765,0.6827661225963233,194.0,0.3012755958375294,0.04630770443356602,0.06916853140854928,-0.02286082697498326,-0.3264179188874693,-0.46696138837984813,0.14186630621075166,0.4603893521971013,225.0,0.30344021376085506,0.08281613249299823
000300,ladder,b50,off,"{'strategy': 'ladder', 'indicator': 'b50', 'n_bands': 3, 'edge_mode': 'preq', 'direction': 'contrarian', 'gate_cap': 0.0}",-0.0038885506199379805,0.0558792460949884,-0.05976779671492638,-0.6413378686621729,-0.723038445845489,-0.0060631857402237525,0.06826193175692886,644.0,0.5417713042022434,-0.03161343887797197,0.04403576496043171,-0.07564920383840368,-0.6252281819779437,-0.723038445845489,-0.05056304208482912,-0.057374630470648245,304.0,0.536421617992615,0.019176054724633573,0.06916853140854928,-0.04999247668391571,-0.30360798334054284,-0.46696138837984813,0.0631605747439279,0.20363789164955792,308.0,0.5016700066800267,-0.03828595232504532
000300,ladder,b50,ma200,"{'strategy': 'ladder', 'indicator': 'b50', 'n_bands': 3, 'edge_mode': 'preq', 'direction': 'contrarian', 'gate_cap': 0.0}",0.013797771430744232,0.0558792460949884,-0.04208147466424417,-0.24306606017453303,-0.723038445845489,0.056765520537243146,0.18343328929466787,439.0,0.219655114682739,0.02326789546521324,0.04403576496043171,-0.02076786949521847,-0.2302147840891393,-0.723038445845489,0.10107037893884302,0.2685635297713849,190.0,0.16431688486069151,0.0005012425858890168,0.06916853140854928,-0.06866728882266027,-0.22713356171079224,-0.46696138837984813,0.002206818675820555,0.05382993666471437,213.0,0.25400801603206413,-0.0025426765836492407
000300,ladder,b50,off,"{'strategy': 'ladder', 'indicator': 'b50', 'n_bands': 3, 'edge_mode': 'preq', 'direction': 'momentum', 'gate_cap': 0.0}",0.049100719268960535,0.0558792460949884,-0.006778526826027864,-0.4922598268189262,-0.723038445845489,0.09974553395156871,0.3963121589044417,643.0,0.4580612757408338,0.0683724115308586,0.04403576496043171,0.02433664657042689,-0.4778994039285145,-0.723038445845489,0.14306862693029418,0.47912146744041584,303.0,0.46324269889224573,0.03990595138837083,0.06916853140854928,-0.029262580020178453,-0.44169442601288844,-0.46696138837984813,0.09034741902585475,0.36799182987442497,307.0,0.49799599198396793,0.03583109748501077
000300,ladder,b50,ma200,"{'strategy': 'ladder', 'indicator': 'b50', 'n_bands': 3, 'edge_mode': 'preq', 'direction': 'momentum', 'gate_cap': 0.0}",0.06780324623599276,0.0558792460949884,0.011924000141004365,-0.3584546326273077,-0.723038445845489,0.189154331020989,0.5801623453003043,419.0,0.3023606228026118,0.0898760346173495,0.04403576496043171,0.04584026965691779,-0.3584546326273077,-0.723038445845489,0.25073196560077765,0.6827661225963233,194.0,0.3012755958375294,0.052640051791089215,0.06916853140854928,-0.016528479617460068,-0.26705273063490875,-0.46696138837984813,0.19711482322588236,0.5120358571570413,199.0,0.3241482965931864,0.08281613249299823
000300,ladder,b50,off,"{'strategy': 'ladder', 'indicator': 'b50', 'n_bands': 5, 'edge_mode': 'fixed', 'direction': 'contrarian', 'gate_cap': 0.0}",0.013248523772789733,0.0558792460949884,-0.042630722322198666,-0.6029813374765743,-0.723038445845489,0.02197169787747276,0.1624237134847307,1175.0,0.5263268039511133,0.0001222406704255441,0.04403576496043171,-0.04391352429000617,-0.6029813374765743,-0.723038445845489,0.00020272712077145025,0.09679222521805558,597.0,0.5211480362537765,0.027455568181916634,0.06916853140854928,-0.04171296322663265,-0.3096650713348089,-0.46696138837984813,0.08866214088521387,0.25863837130934486,578.0,0.5312291249164997,-0.016789754242330094
000300,ladder,b50,ma200,"{'strategy': 'ladder', 'indicator': 'b50', 'n_bands': 5, 'edge_mode': 'fixed', 'direction': 'contrarian', 'gate_cap': 0.0}",0.026760010266225986,0.0558792460949884,-0.029119235828762413,-0.2090251702064898,-0.723038445845489,0.12802290862765742,0.3148523100608343,735.0,0.21747865394274235,0.044998933064799296,0.04403576496043171,0.0009631681043675844,-0.18892236239253446,-0.723038445845489,0.23818743580658028,0.4853558672328811,335.0,0.16289023162134944,0.008937351309075803,0.06916853140854928,-0.06023118009947348,-0.20902517020648925,-0.46696138837984813,0.042757297124776314,0.13997195929365022,400.0,0.2717935871743487,0.033737621953805516
000300,ladder,b50,off,"{'strategy': 'ladder', 'indicator': 'b50', 'n_bands': 5, 'edge_mode': 'fixed', 'direction': 'momentum', 'gate_cap': 0.0}",0.03570718997909128,0.0558792460949884,-0.02017205611589712,-0.5275585570330689,-0.723038445845489,0.0676838419225054,0.31539652024459497,1174.0,0.47350577599196386,0.03837817010015265,0.04403576496043171,-0.005657594860279058,-0.5263953250275766,-0.723038445845489,0.07290750558649454,0.3124643654492348,596.0,0.47851628063108426,0.03341339011118549,0.06916853140854928,-0.03575514129736379,-0.440046476552726,-0.46696138837984813,0.07593150244706465,0.32956487275301594,577.0,0.468436873747495,0.014970303099463891
000300,ladder,b50,ma200,"{'strategy': 'ladder', 'indicator': 'b50', 'n_bands': 5, 'edge_mode': 'fixed', 'direction': 'momentum', 'gate_cap': 0.0}",0.0565646805509441,0.0558792460949884,0.0006854344559557024,-0.40989976757158164,-0.723038445845489,0.13799637137160878,0.5088341387447141,730.0,0.3045370835426084,0.06939405814970079,0.04403576496043171,0.025358293189269077,-0.40989976757158164,-0.723038445845489,0.16929518784755682,0.5566807946796725,342.0,0.30270224907687143,0.04397155216650872,0.06916853140854928,-0.025196979242040562,-0.29107213335513926,-0.46696138837984813,0.1510675434974007,0.45674246821454617,388.0,0.3063627254509018,0.055609809222216935
000300,ladder,b50,off,"{'strategy': 'ladder', 'indicator': 'b50', 'n_bands': 5, 'edge_mode': 'preq', 'direction': 'contrarian', 'gate_cap': 0.0}",0.013248523772789733,0.0558792460949884,-0.042630722322198666,-0.6029813374765743,-0.723038445845489,0.02197169787747276,0.1624237134847307,1175.0,0.5263268039511133,0.0001222406704255441,0.04403576496043171,-0.04391352429000617,-0.6029813374765743,-0.723038445845489,0.00020272712077145025,0.09679222521805558,597.0,0.5211480362537765,0.02681055662520282,0.06916853140854928,-0.042357974783346464,-0.3012665119837754,-0.46696138837984813,0.08899282050520999,0.26087728959046885,556.0,0.49407147628590514,-0.016789754242330094
000300,ladder,b50,ma200,"{'strategy': 'ladder', 'indicator': 'b50', 'n_bands': 5, 'edge_mode': 'preq', 'direction': 'contrarian', 'gate_cap': 0.0}",0.026760010266225986,0.0558792460949884,-0.029119235828762413,-0.2090251702064898,-0.723038445845489,0.12802290862765742,0.3148523100608343,735.0,0.21747865394274235,0.044998933064799296,0.04403576496043171,0.0009631681043675844,-0.18892236239253446,-0.723038445845489,0.23818743580658028,0.4853558672328811,335.0,0.16289023162134944,0.01164028846904186,0.06916853140854928,-0.057528242939507424,-0.19074080763985302,-0.46696138837984813,0.06102673367631144,0.1713288948990678,365.0,0.2531730126920508,0.033737621953805516
000300,ladder,b50,off,"{'strategy': 'ladder', 'indicator': 'b50', 'n_bands': 5, 'edge_mode': 'preq', 'direction': 'momentum', 'gate_cap': 0.0}",0.03570718997909128,0.0558792460949884,-0.02017205611589712,-0.5275585570330689,-0.723038445845489,0.0676838419225054,0.31539652024459497,1174.0,0.47350577599196386,0.03837817010015265,0.04403576496043171,-0.005657594860279058,-0.5263953250275766,-0.723038445845489,0.07290750558649454,0.3124643654492348,596.0,0.47851628063108426,0.03620866285664892,0.06916853140854928,-0.03295986855190036,-0.4236218632222537,-0.46696138837984813,0.08547401822283192,0.35004365779957813,555.0,0.5055945223780896,0.014970303099463891
000300,ladder,b50,ma200,"{'strategy': 'ladder', 'indicator': 'b50', 'n_bands': 5, 'edge_mode': 'preq', 'direction': 'momentum', 'gate_cap': 0.0}",0.0565646805509441,0.0558792460949884,0.0006854344559557024,-0.40989976757158164,-0.723038445845489,0.13799637137160878,0.5088341387447141,730.0,0.3045370835426084,0.06939405814970079,0.04403576496043171,0.025358293189269077,-0.40989976757158164,-0.723038445845489,0.16929518784755682,0.5566807946796725,342.0,0.30270224907687143,0.04306846547117593,0.06916853140854928,-0.02610006593737335,-0.285467948596704,-0.46696138837984813,0.1508697059788701,0.44678150305118924,357.0,0.32498329993319974,0.055609809222216935
000300,ladder,b50,off,"{'strategy': 'ladder', 'indicator': 'b50', 'n_bands': 9, 'edge_mode': 'fixed', 'direction': 'contrarian', 'gate_cap': 0.0}",0.010543299020034036,0.0558792460949884,-0.045335947074954364,-0.6202545389271259,-0.723038445845489,0.01699834238741907,0.1463039546678167,1989.0,0.5203833919303532,-0.008203749227286394,0.04403576496043171,-0.052239514187718106,-0.6202545389271259,-0.723038445845489,-0.013226423528438312,0.050781659141163164,997.0,0.514812017455522,0.030687588930122356,0.06916853140854928,-0.03848094247842693,-0.2930353416002094,-0.46696138837984813,0.10472316670932373,0.28424460256373163,992.0,0.5256346025384101,-0.02040223129000499
000300,ladder,b50,ma200,"{'strategy': 'ladder', 'indicator': 'b50', 'n_bands': 9, 'edge_mode': 'fixed', 'direction': 'contrarian', 'gate_cap': 0.0}",0.024462187818560688,0.0558792460949884,-0.03141705827642771,-0.21297233701182428,-0.723038445845489,0.11486086954665169,0.298454629230619,1113.0,0.2183366817344718,0.03950445928095059,0.04403576496043171,-0.0045313056794811235,-0.18127402052002017,-0.723038445845489,0.2179267562313909,0.4454713274602552,510.0,0.16599530043638805,0.009719499416878774,0.06916853140854928,-0.05944903199167051,-0.2129723370118244,-0.46696138837984813,0.04563737973321456,0.1492015017392039,603.0,0.27041583166332667,0.02709411285280405
000300,ladder,b50,off,"{'strategy': 'ladder', 'indicator': 'b50', 'n_bands': 9, 'edge_mode': 'fixed', 'direction': 'momentum', 'gate_cap': 0.0}",0.040250796990877635,0.0558792460949884,-0.015628449104110764,-0.4813798750489696,-0.723038445845489,0.08361545439925801,0.34950102767109725,1989.0,0.4794491880127239,0.0491211619583658,0.04403576496043171,0.0050853969979340885,-0.4813798750489696,-0.723038445845489,0.10204240871799806,0.3802676668379306,997.0,0.4848522994293387,0.03169174153249066,0.06916853140854928,-0.037476789876058625,-0.45067655000280094,-0.46696138837984813,0.07032036952509221,0.31820125582399017,992.0,0.4740313961255845,0.024069112297236746
000300,ladder,b50,ma200,"{'strategy': 'ladder', 'indicator': 'b50', 'n_bands': 9, 'edge_mode': 'fixed', 'direction': 'momentum', 'gate_cap': 0.0}",0.060103284035231574,0.0558792460949884,0.004224037940243175,-0.37376170022624877,-0.723038445845489,0.16080642826391606,0.5426002183638948,1116.0,0.30367905575087895,0.0764616485868077,0.04403576496043171,0.032425883626375995,-0.37376170022624877,-0.723038445845489,0.2045732576144727,0.6148723468084873,516.0,0.29959718026183285,0.04409399245714263,0.06916853140854928,-0.025074538951406655,-0.28357299857080487,-0.46696138837984813,0.15549432660857826,0.45998314258135764,600.0,0.30774048096192386,0.06685699406971234
000300,ladder,b50,off,"{'strategy': 'ladder', 'indicator': 'b50', 'n_bands': 9, 'edge_mode': 'preq', 'direction': 'contrarian', 'gate_cap': 0.0}",0.010543299020034036,0.0558792460949884,-0.045335947074954364,-0.6202545389271259,-0.723038445845489,0.01699834238741907,0.1463039546678167,1989.0,0.5203833919303532,-0.008203749227286394,0.04403576496043171,-0.052239514187718106,-0.6202545389271259,-0.723038445845489,-0.013226423528438312,0.050781659141163164,997.0,0.514812017455522,0.029433349483682703,0.06916853140854928,-0.03973518192486658,-0.2970645161971237,-0.46696138837984813,0.09908066389239015,0.2827599390960959,871.0,0.4963677354709419,-0.02040223129000499
000300,ladder,b50,ma200,"{'strategy': 'ladder', 'indicator': 'b50', 'n_bands': 9, 'edge_mode': 'preq', 'direction': 'contrarian', 'gate_cap': 0.0}",0.024462187818560688,0.0558792460949884,-0.03141705827642771,-0.21297233701182428,-0.723038445845489,0.11486086954665169,0.298454629230619,1113.0,0.2183366817344718,0.03950445928095059,0.04403576496043171,-0.0045313056794811235,-0.18127402052002017,-0.723038445845489,0.2179267562313909,0.4454713274602552,510.0,0.16599530043638805,0.014643278255628722,0.06916853140854928,-0.05452525315292056,-0.19225127117446905,-0.46696138837984813,0.07616739367273087,0.20609557884138308,517.0,0.2569305277221109,0.02709411285280405
000300,ladder,b50,off,"{'strategy': 'ladder', 'indicator': 'b50', 'n_bands': 9, 'edge_mode': 'preq', 'direction': 'momentum', 'gate_cap': 0.0}",0.040250796990877635,0.0558792460949884,-0.015628449104110764,-0.4813798750489696,-0.723038445845489,0.08361545439925801,0.34950102767109725,1989.0,0.4794491880127239,0.0491211619583658,0.04403576496043171,0.0050853969979340885,-0.4813798750489696,-0.723038445845489,0.10204240871799806,0.3802676668379306,997.0,0.4848522994293387,0.03580503339022689,0.06916853140854928,-0.03336349801832239,-0.4085934599043929,-0.46696138837984813,0.08762997185173972,0.35213047926711766,871.0,0.5032982631930528,0.024069112297236746
000300,ladder,b50,ma200,"{'strategy': 'ladder', 'indicator': 'b50', 'n_bands': 9, 'edge_mode': 'preq', 'direction': 'momentum', 'gate_cap': 0.0}",0.060103284035231574,0.0558792460949884,0.004224037940243175,-0.37376170022624877,-0.723038445845489,0.16080642826391606,0.5426002183638948,1116.0,0.30367905575087895,0.0764616485868077,0.04403576496043171,0.032425883626375995,-0.37376170022624877,-0.723038445845489,0.2045732576144727,0.6148723468084873,516.0,0.29959718026183285,0.04113469262801095,0.06916853140854928,-0.028033838780538334,-0.2788426746527989,-0.46696138837984813,0.1475193590049652,0.43682308245753726,516.0,0.32122578490313963,0.06685699406971234
000300,reversal,b50,off,"{'strategy': 'reversal', 'indicator': 'b50', 'low_extreme': 10.0, 'high_extreme': 90.0, 'confirm': 5.0, 'batch_mode': 'time', 'batches': 3, 'gate_cap': 0.0}",0.0010327246283496905,0.0558792460949884,-0.05484652146663871,-0.6779032996947761,-0.723038445845489,0.0015234099447733497,0.08453551878509499,120.0,0.42457726435626986,-0.017254084582129514,0.04403576496043171,-0.061289849542561226,-0.6760970135119614,-0.723038445845489,-0.025520131338110486,-0.015432918241287636,84.0,0.3544813695871098,0.019565951916063806,0.06916853140854928,-0.04960257949248548,-0.3246196654354272,-0.46696138837984813,0.060273464609173016,0.20934636257245304,36.0,0.49432197728790916,-0.032298548902073884
000300,reversal,b50,ma200,"{'strategy': 'reversal', 'indicator': 'b50', 'low_extreme': 10.0, 'high_extreme': 90.0, 'confirm': 5.0, 'batch_mode': 'time', 'batches': 3, 'gate_cap': 0.0}",0.0366619741577876,0.0558792460949884,-0.019217271937200797,-0.23477270752605472,-0.723038445845489,0.15615943839519297,0.4669160443274839,109.0,0.1702103912048664,0.05003971251448602,0.04403576496043171,0.006003947554054312,-0.23477270752605472,-0.723038445845489,0.21314109736938947,0.6178942107686864,52.0,0.1158106747230615,0.02353275384309761,0.06916853140854928,-0.045635777565451674,-0.20207693347461375,-0.46696138837984813,0.11645442870922203,0.31663954849215437,57.0,0.22433756401692276,0.050933412195756714
000300,reversal,b50,off,"{'strategy': 'reversal', 'indicator': 'b50', 'low_extreme': 10.0, 'high_extreme': 90.0, 'confirm': 5.0, 'batch_mode': 'time', 'batches': 5, 'gate_cap': 0.0}",0.003107047934564733,0.0558792460949884,-0.05277219816042367,-0.671611459756945,-0.723038445845489,0.004626258068451018,0.09784138778467848,200.0,0.42457726435626986,-0.011652008602045516,0.04403576496043171,-0.05568777356247723,-0.6661028778796376,-0.723038445845489,-0.017492806275115645,0.01732707425335638,140.0,0.3544813695871098,0.01801193006987334,0.06916853140854928,-0.051156601338675944,-0.3246196654354272,-0.46696138837984813,0.0554862566496491,0.19810321667661873,60.0,0.49432197728790916,-0.029812815668873793
000300,reversal,b50,ma200,"{'strategy': 'reversal', 'indicator': 'b50', 'low_extreme': 10.0, 'high_extreme': 90.0, 'confirm': 5.0, 'batch_mode': 'time', 'batches': 5, 'gate_cap': 0.0}",0.03586296773089215,0.0558792460949884,-0.02001627836409625,-0.22553397851182422,-0.723038445845489,0.1590135906240484,0.4558117774818418,152.0,0.17053406998158382,0.05206065257647752,0.04403576496043171,0.008024887616045806,-0.222123074246937,-0.723038445845489,0.23437750784324657,0.6400917034411571,80.0,0.11648204095334008,0.02000598538431686,0.06916853140854928,-0.04916254602423242,-0.2255339785118241,-0.46696138837984813,0.08870497260025058,0.2740674983722214,72.0,0.22431529726118904,0.051595669231161614
000300,reversal,b50,off,"{'strategy': 'reversal', 'indicator': 'b50', 'low_extreme': 10.0, 'high_extreme': 90.0, 'confirm': 5.0, 'batch_mode': 'time', 'batches': 8, 'gate_cap': 0.0}",0.004697270788950991,0.0558792460949884,-0.05118197530603741,-0.6658589688658366,-0.723038445845489,0.007054452982666725,0.10781232838601561,320.0,0.42457726435626986,-0.008604023634123492,0.04403576496043171,-0.052639788594555204,-0.6595340315880123,-0.723038445845489,-0.013045609812441223,0.03440434663328742,224.0,0.3544813695871098,0.018110613906508144,0.06916853140854928,-0.05105791750204114,-0.3246196654354271,-0.46696138837984813,0.055790254981057774,0.19877689299934745,96.0,0.49432197728790916,-0.027887403990555754
000300,reversal,b50,ma200,"{'strategy': 'reversal', 'indicator': 'b50', 'low_extreme': 10.0, 'high_extreme': 90.0, 'confirm': 5.0, 'batch_mode': 'time', 'batches': 8, 'gate_cap': 0.0}",0.03657187074881163,0.0558792460949884,-0.01930737534617677,-0.23902806494425388,-0.723038445845489,0.1530024131573877,0.46565100271630605,215.0,0.1709149506110832,0.05536871903159568,0.04403576496043171,0.01133295407116397,-0.21925246701193224,-0.723038445845489,0.25253407537978756,0.6813970587129848,122.0,0.11748909029875797,0.018213728296441856,0.06916853140854928,-0.05095480311210743,-0.23902806494425444,-0.46696138837984813,0.07619912038651033,0.2539316256641656,93.0,0.22407314629258518,0.049616540055249014
000300,reversal,b50,off,"{'strategy': 'reversal', 'indicator': 'b50', 'low_extreme': 10.0, 'high_extreme': 90.0, 'confirm': 5.0, 'batch_mode': 'band', 'batches': 3, 'gate_cap': 0.0}",-0.01675561415713256,0.0558792460949884,-0.07263486025212096,-0.7167519846976056,-0.723038445845489,-0.02337714371896951,-0.03832646541083336,110.0,0.41871756236397123,-0.03842318814123413,0.04403576496043171,-0.08245895310166584,-0.6850190710855977,-0.723038445845489,-0.05609068384087791,-0.16197009232964973,76.0,0.35481705270224906,0.0052822542810671,0.06916853140854928,-0.06388627712748218,-0.3246196654354271,-0.46696138837984813,0.016272132724866724,0.10692968513922683,34.0,0.4822979291917168,-0.05293177363886038
000300,reversal,b50,ma200,"{'strategy': 'reversal', 'indicator': 'b50', 'low_extreme': 10.0, 'high_extreme': 90.0, 'confirm': 5.0, 'batch_mode': 'band', 'batches': 3, 'gate_cap': 0.0}",0.020807955880217888,0.0558792460949884,-0.03507129021477051,-0.2326658562086844,-0.723038445845489,0.08943278665501593,0.29390333278284897,108.0,0.17378201908588653,0.029900707604438415,0.04403576496043171,-0.014135057355993297,-0.21608441243264576,-0.723038445845489,0.13837512510884406,0.41430886068589623,52.0,0.13360187982544483,0.011847413072006319,0.06916853140854928,-0.057321118336542964,-0.23266585620868374,-0.46696138837984813,0.05092029086287625,0.18216950390197975,56.0,0.21376085504342018,0.014730340533144069
000300,reversal,b50,off,"{'strategy': 'reversal', 'indicator': 'b50', 'low_extreme': 10.0, 'high_extreme': 90.0, 'confirm': 5.0, 'batch_mode': 'band', 'batches': 5, 'gate_cap': 0.0}",0.0105720808918226,0.0558792460949884,-0.0453071652031658,-0.5171252932086317,-0.723038445845489,0.02044394468935277,0.14529804711858332,161.0,0.42327138791227187,0.01980079709137006,0.04403576496043171,-0.024234967869061652,-0.4536383119019749,-0.723038445845489,0.043648864242420385,0.20902611425996612,112.0,0.369922792883518,0.001476025103423373,0.06916853140854928,-0.06769250630512591,-0.33502183956928133,-0.46696138837984813,0.004405757861400962,0.0770809869135899,49.0,0.47635270541082164,-0.01900672124615837
000300,reversal,b50,ma200,"{'strategy': 'reversal', 'indicator': 'b50', 'low_extreme': 10.0, 'high_extreme': 90.0, 'confirm': 5.0, 'batch_mode': 'band', 'batches': 5, 'gate_cap': 0.0}",0.03243367703972666,0.0558792460949884,-0.02344556905526174,-0.24391114915481904,-0.723038445845489,0.13297332718128377,0.4153973448964358,141.0,0.18697471957140469,0.05569316801781077,0.04403576496043171,0.011657403057379057,-0.16156609884194306,-0.723038445845489,0.34470825511665226,0.6597935351038215,74.0,0.16314199395770396,0.009810160579360572,0.06916853140854928,-0.05935837082918871,-0.24391114915481882,-0.46696138837984813,0.04022022204952068,0.15881802083891366,67.0,0.21068804275217098,0.03912198943935647
000300,reversal,b50,off,"{'strategy': 'reversal', 'indicator': 'b50', 'low_extreme': 10.0, 'high_extreme': 90.0, 'confirm': 5.0, 'batch_mode': 'band', 'batches': 8, 'gate_cap': 0.0}",0.033334231542530235,0.0558792460949884,-0.022545014552458165,-0.4639573388035487,-0.723038445845489,0.07184762208631598,0.31305045755537364,236.0,0.456889335342374,0.06406967585865164,0.04403576496043171,0.02003391089821993,-0.3456129032734252,-0.723038445845489,0.18537987225541783,0.5113173090903309,158.0,0.40584088620342396,0.0036449868296306587,0.06916853140854928,-0.06552354457891862,-0.30685644798914113,-0.46696138837984813,0.01187847559833465,0.09147102628778989,78.0,0.5076820307281229,0.015212040103051497
000300,reversal,b50,ma200,"{'strategy': 'reversal', 'indicator': 'b50', 'low_extreme': 10.0, 'high_extreme': 90.0, 'confirm': 5.0, 'batch_mode': 'band', 'batches': 8, 'gate_cap': 0.0}",0.05060098731072604,0.0558792460949884,-0.005278258784262357,-0.23055128654873214,-0.723038445845489,0.21947822572671005,0.5846416414278958,245.0,0.22005273731793068,0.09278399898898892,0.04403576496043171,0.048748234028557214,-0.16872390060314868,-0.723038445845489,0.5499161568533427,0.9413187570005127,131.0,0.2011161463578382,0.010262254453046848,0.06916853140854928,-0.058906276955502435,-0.2305512865487317,-0.46696138837984813,0.04451180735821968,0.1645062326431776,114.0,0.23889445557782232,0.08462433502012662
000300,reversal,b50,off,"{'strategy': 'reversal', 'indicator': 'b50', 'low_extreme': 20.0, 'high_extreme': 80.0, 'confirm': 5.0, 'batch_mode': 'time', 'batches': 3, 'gate_cap': 0.0}",-0.0036961264132980842,0.0558792460949884,-0.059575372508286484,-0.7251899118994122,-0.723038445845489,-0.00509677031167907,0.06944561934671077,207.0,0.5712372342206596,-0.03770780134130003,0.04403576496043171,-0.08174356630173174,-0.7251899118994122,-0.723038445845489,-0.05199713995267258,-0.10110034853525231,114.0,0.49110439744880835,0.03133684814532889,0.06916853140854928,-0.037831683263220395,-0.34843266349491087,-0.46696138837984813,0.08993659730694734,0.2698863382639133,93.0,0.6509686038744155,-0.03778393162964352
000300,reversal,b50,ma200,"{'strategy': 'reversal', 'indicator': 'b50', 'low_extreme': 20.0, 'high_extreme': 80.0, 'confirm': 5.0, 'batch_mode': 'time', 'batches': 3, 'gate_cap': 0.0}",0.022869055377357173,0.0558792460949884,-0.03301019071763123,-0.2798810025345069,-0.723038445845489,0.08170992375424845,0.26933532345542255,212.0,0.24437747642167532,0.03058239850234945,0.04403576496043171,-0.013453366458082261,-0.2798810025345069,-0.723038445845489,0.10926929025337798,0.35760751116410144,98.0,0.15944947969117157,0.015259336796983325,0.06916853140854928,-0.05390919461156596,-0.26092341498713345,-0.46696138837984813,0.05848205228241316,0.19255184230487862,114.0,0.3288799821865954,0.012877855071120641
000300,reversal,b50,off,"{'strategy': 'reversal', 'indicator': 'b50', 'low_extreme': 20.0, 'high_extreme': 80.0, 'confirm': 5.0, 'batch_mode': 'time', 'batches': 5, 'gate_cap': 0.0}",-0.001992912268778735,0.0558792460949884,-0.057872158363767134,-0.7272364861796952,-0.723038445845489,-0.002740390927369257,0.07861515020241824,343.0,0.571203750209275,-0.03636181285354423,0.04403576496043171,-0.08039757781397594,-0.7272364861796952,-0.723038445845489,-0.049999984247984325,-0.0943722940197773,190.0,0.49110439744880835,0.03341957510054483,0.06916853140854928,-0.035748956308004454,-0.34843266349491087,-0.46696138837984813,0.09591401324242653,0.2826842496572452,153.0,0.6509018036072144,-0.03581945138920798
000300,reversal,b50,ma200,"{'strategy': 'reversal', 'indicator': 'b50', 'low_extreme': 20.0, 'high_extreme': 80.0, 'confirm': 5.0, 'batch_mode': 'time', 'batches': 5, 'gate_cap': 0.0}",0.024673874523797545,0.0558792460949884,-0.031205371571190854,-0.2749808448055646,-0.723038445845489,0.08972943021265398,0.28695375350933305,291.0,0.24443328310731627,0.03450368648234248,0.04403576496043171,-0.009532078478089234,-0.2749808448055646,-0.723038445845489,0.12547669095547215,0.3971647348039304,142.0,0.15944947969117154,0.014994295414988645,0.06916853140854928,-0.05417423599356064,-0.26039495005195845,-0.46696138837984813,0.0575828963349586,0.19057592098023174,149.0,0.3289913159652639,0.01716854914234708
000300,reversal,b50,off,"{'strategy': 'reversal', 'indicator': 'b50', 'low_extreme': 20.0, 'high_extreme': 80.0, 'confirm': 5.0, 'batch_mode': 'time', 'batches': 8, 'gate_cap': 0.0}",0.0033578311979540754,0.0558792460949884,-0.052521414897034324,-0.7198105689828567,-0.723038445845489,0.0046648817656274886,0.10768692994246405,532.0,0.5682864557173949,-0.03088306826684306,0.04403576496043171,-0.07491883322727477,-0.7198105689828567,-0.723038445845489,-0.042904438469808834,-0.06742384713313382,292.0,0.48535582410204764,0.03862894082358492,0.06916853140854928,-0.03053959058496436,-0.34843266349491087,-0.46696138837984813,0.11086486678981843,0.31489452033805715,240.0,0.6508016032064128,-0.0296468962319696
000300,reversal,b50,ma200,"{'strategy': 'reversal', 'indicator': 'b50', 'low_extreme': 20.0, 'high_extreme': 80.0, 'confirm': 5.0, 'batch_mode': 'time', 'batches': 8, 'gate_cap': 0.0}",0.027913670371434662,0.0558792460949884,-0.027965575723553737,-0.2636374710974292,-0.723038445845489,0.10587899457250885,0.3193038916555338,404.0,0.2444960656286623,0.0407726130729118,0.04403576496043171,-0.0032631518875199106,-0.2636374710974292,-0.723038445845489,0.15465408958442017,0.46647999637532495,204.0,0.15919771735481705,0.015286197432828219,0.06916853140854928,-0.053882333975721064,-0.26332715205129475,-0.46696138837984813,0.058050213636345965,0.1932568289464389,200.0,0.3293670674682699,0.025572252394871302
000300,reversal,b50,off,"{'strategy': 'reversal', 'indicator': 'b50', 'low_extreme': 20.0, 'high_extreme': 80.0, 'confirm': 5.0, 'batch_mode': 'band', 'batches': 3, 'gate_cap': 0.0}",-0.008401187168832314,0.0558792460949884,-0.06428043326382071,-0.7314093564964765,-0.723038445845489,-0.011486299832251032,0.038582246217198427,192.0,0.5675539929683577,-0.0447019057710073,0.04403576496043171,-0.08873767073143901,-0.7314093564964765,-0.723038445845489,-0.06111749237818596,-0.1486114601263133,103.0,0.5038603558241022,0.0290836682251987,0.06916853140854928,-0.04008486318335058,-0.34843266349491087,-0.46696138837984813,0.08346998221544029,0.2603913666398234,89.0,0.6309285237140948,-0.04316277989119284
000300,reversal,b50,ma200,"{'strategy': 'reversal', 'indicator': 'b50', 'low_extreme': 20.0, 'high_extreme': 80.0, 'confirm': 5.0, 'batch_mode': 'band', 'batches': 3, 'gate_cap': 0.0}",0.020673803810169478,0.0558792460949884,-0.03520544228481892,-0.2715939257578863,-0.723038445845489,0.07612027313379327,0.253252750603419,214.0,0.2563201071488364,0.025409000433912032,0.04403576496043171,-0.01862676452651968,-0.2550128385373458,-0.723038445845489,0.09963812245551303,0.31797088204191537,104.0,0.1885420163365783,0.01599098734356086,0.06916853140854928,-0.053177544064988425,-0.27159392575788643,-0.46696138837984813,0.05887829523041724,0.20017351438784708,110.0,0.3237586283678468,0.009324843882625958
000300,reversal,b50,off,"{'strategy': 'reversal', 'indicator': 'b50', 'low_extreme': 20.0, 'high_extreme': 80.0, 'confirm': 5.0, 'batch_mode': 'band', 'batches': 5, 'gate_cap': 0.0}",-0.004128909559713123,0.0558792460949884,-0.06000815565470152,-0.7252556733331549,-0.723038445845489,-0.005693040001655332,0.06120910981023319,283.0,0.5686924493554328,-0.040558005611275205,0.04403576496043171,-0.08459377057170692,-0.7252556733331549,-0.723038445845489,-0.05592235552584833,-0.11792612847514371,146.0,0.5210473313192346,0.03348889733338156,0.06916853140854928,-0.03567963407516772,-0.31324495038340006,-0.46696138837984813,0.10690961591684849,0.2993971611832773,137.0,0.6160988643954576,-0.038282109393483046
000300,reversal,b50,ma200,"{'strategy': 'reversal', 'indicator': 'b50', 'low_extreme': 20.0, 'high_extreme': 80.0, 'confirm': 5.0, 'batch_mode': 'band', 'batches': 5, 'gate_cap': 0.0}",0.024930065047362726,0.0558792460949884,-0.030949181047625673,-0.25703371298471667,-0.723038445845489,0.09699142092245727,0.2943769671876354,288.0,0.2629499414029801,0.025120011763507533,0.04403576496043171,-0.01891575319692418,-0.25703371298471667,-0.723038445845489,0.09773041626255922,0.2990513851506034,139.0,0.20819066800939914,0.024749536129411,0.06916853140854928,-0.044418995279138285,-0.2336553262958171,-0.46696138837984813,0.105923269637248,0.28990571394675996,149.0,0.317434869739479,0.020227059740407508
000300,reversal,b50,off,"{'strategy': 'reversal', 'indicator': 'b50', 'low_extreme': 20.0, 'high_extreme': 80.0, 'confirm': 5.0, 'batch_mode': 'band', 'batches': 8, 'gate_cap': 0.0}",0.022961362639862593,0.0558792460949884,-0.03291788345512581,-0.47985502381102096,-0.723038445845489,0.04785062466889032,0.25061101258724755,317.0,0.4216474133601205,0.014170451175915755,0.04403576496043171,-0.029865313784515957,-0.47985502381102096,-0.723038445845489,0.029530692548290244,0.171265831423409,164.0,0.42875125881168175,0.03179167014789486,0.06916853140854928,-0.037376861260654426,-0.2103832358477673,-0.46696138837984813,0.15111313418004094,0.36962925227236604,153.0,0.4145791583166333,-0.0006104802055193551
000300,reversal,b50,ma200,"{'strategy': 'reversal', 'indicator': 'b50', 'low_extreme': 20.0, 'high_extreme': 80.0, 'confirm': 5.0, 'batch_mode': 'band', 'batches': 8, 'gate_cap': 0.0}",0.03765292254967978,0.0558792460949884,-0.01822632354530862,-0.17148070799028048,-0.723038445845489,0.21957526879241684,0.5131911866471449,311.0,0.2031223840616106,0.04409321097047192,0.04403576496043171,5.744601004020744e-05,-0.17148070799028048,-0.723038445845489,0.2571321957276449,0.5547226124343311,153.0,0.18391238670694865,0.031297074516611456,0.06916853140854928,-0.03787145689193783,-0.15694581925654782,-0.46696138837984813,0.19941324123742615,0.46824284391489973,158.0,0.22223613894455577,0.07689431338978156
000300,reversal,b50,off,"{'strategy': 'reversal', 'indicator': 'b50', 'low_extreme': 30.0, 'high_extreme': 70.0, 'confirm': 5.0, 'batch_mode': 'time', 'batches': 3, 'gate_cap': 0.0}",-0.008323743769793612,0.0558792460949884,-0.06420298986478201,-0.7585365714257923,-0.723038445845489,-0.010973424464093785,0.03475467194153337,309.0,0.5230760645125286,-0.04828503409561313,0.04403576496043171,-0.09232079905604484,-0.7266786915384664,-0.723038445845489,-0.06644619507610426,-0.17762669030117326,166.0,0.46424974823766363,0.03309960256929334,0.06916853140854928,-0.03606892883925594,-0.3426059357796688,-0.46696138837984813,0.09661129336235383,0.29019048259242824,143.0,0.5816076597639724,-0.04291116370450672
000300,reversal,b50,ma200,"{'strategy': 'reversal', 'indicator': 'b50', 'low_extreme': 30.0, 'high_extreme': 70.0, 'confirm': 5.0, 'batch_mode': 'time', 'batches': 3, 'gate_cap': 0.0}",0.015002860078850322,0.0558792460949884,-0.04087638601613808,-0.3338018941021884,-0.723038445845489,0.0449454012812085,0.19745949041921437,242.0,0.24303811596629282,0.01404462962198827,0.04403576496043171,-0.029991135338443442,-0.2762652305486627,-0.723038445845489,0.05083748539074438,0.19525849157842873,119.0,0.16918429003021151,0.01596224169487881,0.06916853140854928,-0.053206289713670474,-0.24350870379754042,-0.46696138837984813,0.06555101089179236,0.20027291493381907,123.0,0.3165219327543977,-0.006547671097199448
000300,reversal,b50,off,"{'strategy': 'reversal', 'indicator': 'b50', 'low_extreme': 30.0, 'high_extreme': 70.0, 'confirm': 5.0, 'batch_mode': 'time', 'batches': 5, 'gate_cap': 0.0}",-0.007129509426708869,0.0558792460949884,-0.06300875552169727,-0.7460765732829354,-0.723038445845489,-0.009556002268422839,0.040953793717262967,495.0,0.5169931357776661,-0.04455638061680822,0.04403576496043171,-0.08859214557723993,-0.7280796179511954,-0.723038445845489,-0.061197126685388036,-0.15881444186136023,260.0,0.45391070829137287,0.03156232093256217,0.06916853140854928,-0.03760621047598711,-0.3072377551758416,-0.46696138837984813,0.10272930458855255,0.28134331415278674,235.0,0.5797595190380761,-0.04162765422038749
000300,reversal,b50,ma200,"{'strategy': 'reversal', 'indicator': 'b50', 'low_extreme': 30.0, 'high_extreme': 70.0, 'confirm': 5.0, 'batch_mode': 'time', 'batches': 5, 'gate_cap': 0.0}",0.018430072614608717,0.0558792460949884,-0.03744917348037968,-0.284478904392501,-0.723038445845489,0.06478537540056184,0.2314406250183789,345.0,0.24165411016239746,0.018860600047811316,0.04403576496043171,-0.025175164912620396,-0.2738793191370442,-0.723038445845489,0.06886463756094638,0.2462344417545344,171.0,0.16649882510909703,0.01800809494073108,0.06916853140854928,-0.051160436467818204,-0.24743257476462066,-0.46696138837984813,0.07277980661140492,0.21964041760222103,174.0,0.31643286573146295,0.0034446460719969284
000300,reversal,b50,off,"{'strategy': 'reversal', 'indicator': 'b50', 'low_extreme': 30.0, 'high_extreme': 70.0, 'confirm': 5.0, 'batch_mode': 'time', 'batches': 8, 'gate_cap': 0.0}",-0.005194520004477954,0.0558792460949884,-0.06107376609946635,-0.7275930415790752,-0.723038445845489,-0.007139320619675567,0.050473635158331254,736.0,0.5091034655951783,-0.04740526298913883,0.04403576496043171,-0.09144102794957054,-0.7275930415790752,-0.723038445845489,-0.06515354089458647,-0.1815003293523972,366.0,0.4399546827794562,0.038659109267734415,0.06916853140854928,-0.030509422140814868,-0.3064984618048081,-0.46696138837984813,0.12613149521237813,0.3298819934079269,370.0,0.5779058116232465,-0.039499987907550035
000300,reversal,b50,ma200,"{'strategy': 'reversal', 'indicator': 'b50', 'low_extreme': 30.0, 'high_extreme': 70.0, 'confirm': 5.0, 'batch_mode': 'time', 'batches': 8, 'gate_cap': 0.0}",0.019008615820298003,0.0558792460949884,-0.0368706302746904,-0.2580101456425935,-0.723038445845489,0.07367390833781218,0.2397919043030004,484.0,0.2396199564707852,0.018628737922209426,0.04403576496043171,-0.025407027038222285,-0.2580101456425935,-0.723038445845489,0.07220157128245157,0.2502321217166198,237.0,0.16284827123195703,0.019393143898037035,0.06916853140854928,-0.04977538751051225,-0.247461101420981,-0.46696138837984813,0.07836845381628446,0.23277027162914032,247.0,0.3160070140280561,0.007347185170310636
000300,reversal,b50,off,"{'strategy': 'reversal', 'indicator': 'b50', 'low_extreme': 30.0, 'high_extreme': 70.0, 'confirm': 5.0, 'batch_mode': 'band', 'batches': 3, 'gate_cap': 0.0}",0.02358460347984015,0.0558792460949884,-0.03229464261514825,-0.39988130052299353,-0.723038445845489,0.058979010643894846,0.24236205154708929,286.0,0.4779284558290084,0.032931624065406284,0.04403576496043171,-0.011104140895025427,-0.37991722105772385,-0.723038445845489,0.0866810511345647,0.3151469945562578,151.0,0.4257580843683563,0.014376275554268236,0.06916853140854928,-0.05479225585428105,-0.31868089217025275,-0.46696138837984813,0.0451118215979759,0.17311574974431873,135.0,0.5298374526831441,0.004214818688468989
000300,reversal,b50,ma200,"{'strategy': 'reversal', 'indicator': 'b50', 'low_extreme': 30.0, 'high_extreme': 70.0, 'confirm': 5.0, 'batch_mode': 'band', 'batches': 3, 'gate_cap': 0.0}",0.03817163006720192,0.0558792460949884,-0.017707616027786477,-0.22565980539083552,-0.723038445845489,0.16915564560152788,0.42239301315322186,231.0,0.24778168424577268,0.05574514628625127,0.04403576496043171,0.011709381325819557,-0.19377311036723355,-0.723038445845489,0.28768256947831705,0.5902841095167417,114.0,0.21192794002461682,0.020989300342197925,0.06916853140854928,-0.04817923106635136,-0.22565980539083563,-0.46696138837984813,0.09301302155182277,0.25613152116501947,117.0,0.2834558004898686,0.05703768862393927
000300,reversal,b50,off,"{'strategy': 'reversal', 'indicator': 'b50', 'low_extreme': 30.0, 'high_extreme': 70.0, 'confirm': 5.0, 'batch_mode': 'band', 'batches': 5, 'gate_cap': 0.0}",0.014802371007538007,0.0558792460949884,-0.04107687508745039,-0.3313638195442985,-0.723038445845489,0.04467105379185535,0.19999586340895345,345.0,0.34672693788715886,0.01673184236110381,0.04403576496043171,-0.0273039225993279,-0.3313638195442985,-0.723038445845489,0.05049387221608546,0.2215920342623579,171.0,0.2998321584424304,0.013172462045054845,0.06916853140854928,-0.05599606936349444,-0.2670372709876465,-0.46696138837984813,0.04932817803423485,0.18204478746239489,174.0,0.3933199732798931,-0.006777703535728093
000300,reversal,b50,ma200,"{'strategy': 'reversal', 'indicator': 'b50', 'low_extreme': 30.0, 'high_extreme': 70.0, 'confirm': 5.0, 'batch_mode': 'band', 'batches': 5, 'gate_cap': 0.0}",0.028679191598166565,0.0558792460949884,-0.027200054496821835,-0.16636159444321375,-0.723038445845489,0.17239069927257752,0.4084829008630698,279.0,0.1799095931692617,0.03928421989856634,0.04403576496043171,-0.00475154506186537,-0.15843580986093353,-0.723038445845489,0.2479503840264895,0.5516092537143061,123.0,0.14293387042631758,0.018244337170322034,0.06916853140854928,-0.05092419423822725,-0.16636159444321375,-0.46696138837984813,0.1096667607171173,0.2713506101660545,156.0,0.21670006680026727,0.052636247010937914
000300,reversal,b50,off,"{'strategy': 'reversal', 'indicator': 'b50', 'low_extreme': 30.0, 'high_extreme': 70.0, 'confirm': 5.0, 'batch_mode': 'band', 'batches': 8, 'gate_cap': 0.0}",0.017914602153336956,0.0558792460949884,-0.037964643941651444,-0.22999799799368892,-0.723038445845489,0.07789025256571376,0.3017063947341827,352.0,0.23589486020425246,0.018119654383704775,0.04403576496043171,-0.025916110576726936,-0.22999799799368892,-0.723038445845489,0.07878179176238731,0.3165147792257604,176.0,0.1983467606579389,0.018054479701006265,0.06916853140854928,-0.05111405170754302,-0.17112224597905457,-0.46696138837984813,0.10550632734925733,0.29369524681028614,176.0,0.27317134268537074,0.00837731466129464
000300,reversal,b50,ma200,"{'strategy': 'reversal', 'indicator': 'b50', 'low_extreme': 30.0, 'high_extreme': 70.0, 'confirm': 5.0, 'batch_mode': 'band', 'batches': 8, 'gate_cap': 0.0}",0.024959872127144678,0.0558792460949884,-0.030919373967843722,-0.11020334602851756,-0.723038445845489,0.22648924036014076,0.4861456937126356,287.0,0.12569060773480664,0.032503132378729704,0.04403576496043171,-0.011532632581702007,-0.10253397991905355,-0.723038445845489,0.3169986418589195,0.6608906955150872,129.0,0.09780966767371602,0.01751749430089955,0.06916853140854928,-0.05165103710764973,-0.11020334602851778,-0.46696138837984813,0.15895610189881598,0.3339409126114759,158.0,0.1534318637274549,0.07204407176335008
399006,ladder,b200,off,"{'strategy': 'ladder', 'indicator': 'b200', 'n_bands': 3, 'edge_mode': 'fixed', 'direction': 'contrarian', 'gate_cap': 0.0}",0.10132655640377686,0.08971447565808255,0.011612080745694309,-0.381860031435605,-0.6973995360915222,0.2653499923069694,0.5780158363856825,200.0,0.5120619603859827,0.08060642724690692,0.06578063764070152,0.014825789606205397,-0.3199243571220388,-0.6178854622674462,0.25195464319135497,0.48131997069879534,90.0,0.4850329781836631,0.12517730588688658,0.11690447530430803,0.00827283058257855,-0.2617679131542836,-0.5704598797629161,0.47819957907945815,0.6894983947460883,111.0,0.5388719512195121,0.11310724537020433
399006,ladder,b200,ma200,"{'strategy': 'ladder', 'indicator': 'b200', 'n_bands': 3, 'edge_mode': 'fixed', 'direction': 'contrarian', 'gate_cap': 0.0}",0.04523219717177662,0.08971447565808255,-0.044482278486305926,-0.3675766950827629,-0.6973995360915222,0.1230551277512091,0.4329003753666372,200.0,0.17940578974098528,0.006354156178452142,0.06578063764070152,-0.05942648146224938,-0.3614792483259618,-0.6178854622674462,0.017578204579872088,0.11290107334908038,115.0,0.14408929477422627,0.08567495912920897,0.11690447530430803,-0.03122951617509906,-0.2691520135885379,-0.5704598797629161,0.3183143903956939,0.7045318131885301,85.0,0.2146849593495935,0.022532684008700083
399006,ladder,b200,off,"{'strategy': 'ladder', 'indicator': 'b200', 'n_bands': 3, 'edge_mode': 'fixed', 'direction': 'momentum', 'gate_cap': 0.0}",-0.006420542061258749,0.08971447565808255,-0.0961350177193413,-0.8133689229304679,-0.6973995360915222,-0.00789376367875764,0.06876162325711366,199.0,0.4876841036058913,-0.009560589873501946,0.06578063764070152,-0.07534122751420347,-0.6536932766116041,-0.6178854622674462,-0.014625498250584621,0.06798157259715738,89.0,0.5144596651445966,-0.0032657272782621316,0.11690447530430803,-0.12017020258257016,-0.5767565617284226,-0.5704598797629161,-0.005662228217179547,0.0706894266200998,110.0,0.460619918699187,-0.06083851610310783
399006,ladder,b200,ma200,"{'strategy': 'ladder', 'indicator': 'b200', 'n_bands': 3, 'edge_mode': 'fixed', 'direction': 'momentum', 'gate_cap': 0.0}",0.03272005226292918,0.08971447565808255,-0.05699442339515337,-0.6741324394361856,-0.6973995360915222,0.04853653429034623,0.26836931194584845,171.0,0.3553834433722702,0.025891789505453344,0.06578063764070152,-0.03988884813524818,-0.5944469961994152,-0.6178854622674462,0.043556094439019755,0.22921081660623566,93.0,0.3556570268899036,0.03960428186168685,0.11690447530430803,-0.07730019344262118,-0.3302331500927558,-0.5704598797629161,0.11992824418312581,0.31456536106903654,78.0,0.3549288617886179,-0.014782040320953531
399006,ladder,b200,off,"{'strategy': 'ladder', 'indicator': 'b200', 'n_bands': 3, 'edge_mode': 'preq', 'direction': 'contrarian', 'gate_cap': 0.0}",0.10132655640377686,0.08971447565808255,0.011612080745694309,-0.381860031435605,-0.6973995360915222,0.2653499923069694,0.5780158363856825,200.0,0.5120619603859827,0.08060642724690692,0.06578063764070152,0.014825789606205397,-0.3199243571220388,-0.6178854622674462,0.25195464319135497,0.48131997069879534,90.0,0.4850329781836631,0.10900233126325287,0.11690447530430803,-0.007902144041055159,-0.26644582036677744,-0.5704598797629161,0.4090975460347065,0.6672707030284385,116.0,0.44334349593495936,0.11310724537020433
399006,ladder,b200,ma200,"{'strategy': 'ladder', 'indicator': 'b200', 'n_bands': 3, 'edge_mode': 'preq', 'direction': 'contrarian', 'gate_cap': 0.0}",0.04523219717177662,0.08971447565808255,-0.044482278486305926,-0.3675766950827629,-0.6973995360915222,0.1230551277512091,0.4329003753666372,200.0,0.17940578974098528,0.006354156178452142,0.06578063764070152,-0.05942648146224938,-0.3614792483259618,-0.6178854622674462,0.017578204579872088,0.11290107334908038,115.0,0.14408929477422627,0.09139328100291366,0.11690447530430803,-0.02551119430139437,-0.22684066215794363,-0.5704598797629161,0.4028963772785972,0.8773004271067986,89.0,0.1483739837398374,0.022532684008700083
399006,ladder,b200,off,"{'strategy': 'ladder', 'indicator': 'b200', 'n_bands': 3, 'edge_mode': 'preq', 'direction': 'momentum', 'gate_cap': 0.0}",-0.006420542061258749,0.08971447565808255,-0.0961350177193413,-0.8133689229304679,-0.6973995360915222,-0.00789376367875764,0.06876162325711366,199.0,0.4876841036058913,-0.009560589873501946,0.06578063764070152,-0.07534122751420347,-0.6536932766116041,-0.6178854622674462,-0.014625498250584621,0.06798157259715738,89.0,0.5144596651445966,0.013072197629707016,0.11690447530430803,-0.10383227767460101,-0.5665234768955468,-0.5704598797629161,0.02307441467622923,0.1647281436082418,115.0,0.5561483739837398,-0.06083851610310783
399006,ladder,b200,ma200,"{'strategy': 'ladder', 'indicator': 'b200', 'n_bands': 3, 'edge_mode': 'preq', 'direction': 'momentum', 'gate_cap': 0.0}",0.03272005226292918,0.08971447565808255,-0.05699442339515337,-0.6741324394361856,-0.6973995360915222,0.04853653429034623,0.26836931194584845,171.0,0.3553834433722702,0.025891789505453344,0.06578063764070152,-0.03988884813524818,-0.5944469961994152,-0.6178854622674462,0.043556094439019755,0.22921081660623566,93.0,0.3556570268899036,0.03592565319921448,0.11690447530430803,-0.08097882210509355,-0.3697665997843853,-0.5704598797629161,0.09715764814930039,0.28402673283320456,95.0,0.421239837398374,-0.014782040320953531
399006,ladder,b200,off,"{'strategy': 'ladder', 'indicator': 'b200', 'n_bands': 5, 'edge_mode': 'fixed', 'direction': 'contrarian', 'gate_cap': 0.0}",0.10257306045365899,0.08971447565808255,0.012858584795576444,-0.38235821305012296,-0.6973995360915222,0.26826430544127683,0.6075541861911524,441.0,0.4995556119857796,0.0882346434251502,0.06578063764070152,0.022454005784448672,-0.2660286451643791,-0.6178854622674462,0.3316734683613865,0.5325790272227527,216.0,0.46093353627600203,0.11981062516707675,0.11690447530430803,0.0029061498627687143,-0.303209085403639,-0.5704598797629161,0.39514193648776075,0.6989837558109038,226.0,0.5379827235772358,0.11502087305385661
399006,ladder,b200,ma200,"{'strategy': 'ladder', 'indicator': 'b200', 'n_bands': 5, 'edge_mode': 'fixed', 'direction': 'contrarian', 'gate_cap': 0.0}",0.05708518281263619,0.08971447565808255,-0.032629292845446356,-0.3423634757647621,-0.6973995360915222,0.16673853040287337,0.559624789068882,345.0,0.18264347384459118,0.010491362562296436,0.06578063764070152,-0.05528927507840509,-0.3392080306046177,-0.6178854622674462,0.030928992287111306,0.15436764675442086,159.0,0.14472349061390158,0.10590347782318554,0.11690447530430803,-0.011000997481122488,-0.22628946756481683,-0.5704598797629161,0.46800003094643045,0.9050187793720325,186.0,0.22052845528455284,0.04711783645388154
399006,ladder,b200,off,"{'strategy': 'ladder', 'indicator': 'b200', 'n_bands': 5, 'edge_mode': 'fixed', 'direction': 'momentum', 'gate_cap': 0.0}",-0.005153798112161434,0.08971447565808255,-0.09486827377024398,-0.7954071148829297,-0.6973995360915222,-0.006479446833864423,0.07018908395652973,440.0,0.5001904520060945,-0.01574719456311746,0.06578063764070152,-0.08152783220381898,-0.6436511069200284,-0.6178854622674462,-0.024465419842855954,0.035139238011923146,215.0,0.5385591070522577,0.0055700320857539065,0.11690447530430803,-0.11133444321855412,-0.528778892308132,-0.5704598797629161,0.010533764049167296,0.1171701795494696,225.0,0.4615091463414634,-0.059512742995692154
399006,ladder,b200,ma200,"{'strategy': 'ladder', 'indicator': 'b200', 'n_bands': 5, 'edge_mode': 'fixed', 'direction': 'momentum', 'gate_cap': 0.0}",0.023117906383916642,0.08971447565808255,-0.0665965692741659,-0.7250702245940841,-0.6973995360915222,0.03188367912481682,0.21876265659708322,348.0,0.3521457592686643,0.022760818603489108,0.06578063764070152,-0.043019819037212415,-0.6125520247549102,-0.6178854622674462,0.03715736408282382,0.2139410598244813,164.0,0.3550228310502283,0.02347566374160026,0.11690447530430803,-0.09342881156270777,-0.3733895538931835,-0.5704598797629161,0.0628717742551416,0.22629198867533853,184.0,0.3490853658536585,-0.027204469914572812
399006,ladder,b200,off,"{'strategy': 'ladder', 'indicator': 'b200', 'n_bands': 5, 'edge_mode': 'preq', 'direction': 'contrarian', 'gate_cap': 0.0}",0.10257306045365899,0.08971447565808255,0.012858584795576444,-0.38235821305012296,-0.6973995360915222,0.26826430544127683,0.6075541861911524,441.0,0.4995556119857796,0.0882346434251502,0.06578063764070152,0.022454005784448672,-0.2660286451643791,-0.6178854622674462,0.3316734683613865,0.5325790272227527,216.0,0.46093353627600203,0.09970426874269389,0.11690447530430803,-0.01720020656161414,-0.2617679131542836,-0.5704598797629161,0.3808880452201531,0.6272716922947866,207.0,0.47497459349593496,0.11502087305385661
399006,ladder,b200,ma200,"{'strategy': 'ladder', 'indicator': 'b200', 'n_bands': 5, 'edge_mode': 'preq', 'direction': 'contrarian', 'gate_cap': 0.0}",0.05708518281263619,0.08971447565808255,-0.032629292845446356,-0.3423634757647621,-0.6973995360915222,0.16673853040287337,0.559624789068882,345.0,0.18264347384459118,0.010491362562296436,0.06578063764070152,-0.05528927507840509,-0.3392080306046177,-0.6178854622674462,0.030928992287111306,0.15436764675442086,159.0,0.14472349061390158,0.07610829620273418,0.11690447530430803,-0.04079617910157385,-0.2340181816163054,-0.5704598797629161,0.3252238594329428,0.7423316683801015,127.0,0.17632113821138212,0.04711783645388154
399006,ladder,b200,off,"{'strategy': 'ladder', 'indicator': 'b200', 'n_bands': 5, 'edge_mode': 'preq', 'direction': 'momentum', 'gate_cap': 0.0}",-0.005153798112161434,0.08971447565808255,-0.09486827377024398,-0.7954071148829297,-0.6973995360915222,-0.006479446833864423,0.07018908395652973,440.0,0.5001904520060945,-0.01574719456311746,0.06578063764070152,-0.08152783220381898,-0.6436511069200284,-0.6178854622674462,-0.024465419842855954,0.035139238011923146,215.0,0.5385591070522577,0.024616770824914314,0.11690447530430803,-0.09228770447939372,-0.5529122492959455,-0.5704598797629161,0.044522021091520834,0.22465679469419425,206.0,0.5245172764227642,-0.059512742995692154
399006,ladder,b200,ma200,"{'strategy': 'ladder', 'indicator': 'b200', 'n_bands': 5, 'edge_mode': 'preq', 'direction': 'momentum', 'gate_cap': 0.0}",0.023117906383916642,0.08971447565808255,-0.0665965692741659,-0.7250702245940841,-0.6973995360915222,0.03188367912481682,0.21876265659708322,348.0,0.3521457592686643,0.022760818603489108,0.06578063764070152,-0.043019819037212415,-0.6125520247549102,-0.6178854622674462,0.03715736408282382,0.2139410598244813,164.0,0.3550228310502283,0.05249124347266099,0.11690447530430803,-0.06441323183164704,-0.3247883352412695,-0.5704598797629161,0.16161677553372658,0.3794506102278716,128.0,0.3932926829268293,-0.027204469914572812
399006,ladder,b200,off,"{'strategy': 'ladder', 'indicator': 'b200', 'n_bands': 9, 'edge_mode': 'fixed', 'direction': 'contrarian', 'gate_cap': 0.0}",0.10208675399322154,0.08971447565808255,0.012372278335138986,-0.3748279340054669,-0.6973995360915222,0.27235631267474475,0.6157867330685599,731.0,0.4968257998984256,0.08403138458837844,0.06578063764070152,0.01825074694767692,-0.2586923620040561,-0.6178854622674462,0.32483133223338423,0.5229157110476936,363.0,0.4545281582952816,0.12316705892323898,0.11690447530430803,0.00626258361893095,-0.2865557397718359,-0.5704598797629161,0.4298188513735869,0.7247687080172024,369.0,0.5389354674796748,0.1163658920709813
399006,ladder,b200,ma200,"{'strategy': 'ladder', 'indicator': 'b200', 'n_bands': 9, 'edge_mode': 'fixed', 'direction': 'contrarian', 'gate_cap': 0.0}",0.05273232435877406,0.08971447565808255,-0.036982151299308486,-0.330675723864039,-0.6973995360915222,0.1594683871636599,0.5241066857013876,491.0,0.18943626206196038,0.00494007959540399,0.06578063764070152,-0.06084055804529753,-0.3249315460052802,-0.6178854622674462,0.015203447175682084,0.09937406678170672,243.0,0.14751395230847286,0.10287558752495163,0.11690447530430803,-0.014028887779356403,-0.21888610969168643,-0.5704598797629161,0.4699959612323402,0.8765764757900866,248.0,0.23132621951219512,0.04159806408587888
399006,ladder,b200,off,"{'strategy': 'ladder', 'indicator': 'b200', 'n_bands': 9, 'edge_mode': 'fixed', 'direction': 'momentum', 'gate_cap': 0.0}",-0.0015720195153343663,0.08971447565808255,-0.09128649517341691,-0.7783180521196288,-0.6973995360915222,-0.0020197649419195847,0.08665758443858344,731.0,0.5029202640934485,-0.008585627800432705,0.06578063764070152,-0.07436626544113423,-0.6391273393758311,-0.6178854622674462,-0.013433360257781165,0.06760557853114615,363.0,0.5449644850329782,0.005502016119581787,0.11690447530430803,-0.11140245918472624,-0.515078955346685,-0.5704598797629161,0.01068188879096902,0.11461638074472312,368.0,0.4605564024390244,-0.05557980308081798
399006,ladder,b200,ma200,"{'strategy': 'ladder', 'indicator': 'b200', 'n_bands': 9, 'edge_mode': 'fixed', 'direction': 'momentum', 'gate_cap': 0.0}",0.029096371443776192,0.08971447565808255,-0.060618104214306356,-0.681560578028968,-0.6973995360915222,0.04269080751108161,0.25431474421124967,491.0,0.3453529710512951,0.029391804714558267,0.06578063764070152,-0.036388832926143255,-0.5991839873308478,-0.6178854622674462,0.049053054380655825,0.24879277558657228,243.0,0.35223236935565705,0.028800572571228367,0.11690447530430803,-0.08810390273307966,-0.3267806709816049,-0.5704598797629161,0.08813425985299359,0.2643706140391376,248.0,0.3382876016260163,-0.019294539524151166
399006,ladder,b200,off,"{'strategy': 'ladder', 'indicator': 'b200', 'n_bands': 9, 'edge_mode': 'preq', 'direction': 'contrarian', 'gate_cap': 0.0}",0.10208675399322154,0.08971447565808255,0.012372278335138986,-0.3748279340054669,-0.6973995360915222,0.27235631267474475,0.6157867330685599,731.0,0.4968257998984256,0.08403138458837844,0.06578063764070152,0.01825074694767692,-0.2586923620040561,-0.6178854622674462,0.32483133223338423,0.5229157110476936,363.0,0.4545281582952816,0.10902958085350556,0.11690447530430803,-0.007874894450802472,-0.2617679131542836,-0.5704598797629161,0.41651239657186145,0.6869574851674181,370.0,0.484375,0.1163658920709813
399006,ladder,b200,ma200,"{'strategy': 'ladder', 'indicator': 'b200', 'n_bands': 9, 'edge_mode': 'preq', 'direction': 'contrarian', 'gate_cap': 0.0}",0.05273232435877406,0.08971447565808255,-0.036982151299308486,-0.330675723864039,-0.6973995360915222,0.1594683871636599,0.5241066857013876,491.0,0.18943626206196038,0.00494007959540399,0.06578063764070152,-0.06084055804529753,-0.3249315460052802,-0.6178854622674462,0.015203447175682084,0.09937406678170672,243.0,0.14751395230847286,0.08820172134261006,0.11690447530430803,-0.02870275396169797,-0.2107926821564723,-0.5704598797629161,0.41842876346692887,0.86457349997857,236.0,0.19194613821138212,0.04159806408587888
399006,ladder,b200,off,"{'strategy': 'ladder', 'indicator': 'b200', 'n_bands': 9, 'edge_mode': 'preq', 'direction': 'momentum', 'gate_cap': 0.0}",-0.0015720195153343663,0.08971447565808255,-0.09128649517341691,-0.7783180521196288,-0.6973995360915222,-0.0020197649419195847,0.08665758443858344,731.0,0.5029202640934485,-0.008585627800432705,0.06578063764070152,-0.07436626544113423,-0.6391273393758311,-0.6178854622674462,-0.013433360257781165,0.06760557853114615,363.0,0.5449644850329782,0.017954217891227975,0.11690447530430803,-0.09895025741308006,-0.5228131367004663,-0.5704598797629161,0.034341558447706776,0.18971745631316927,369.0,0.5151168699186992,-0.05557980308081798
399006,ladder,b200,ma200,"{'strategy': 'ladder', 'indicator': 'b200', 'n_bands': 9, 'edge_mode': 'preq', 'direction': 'momentum', 'gate_cap': 0.0}",0.029096371443776192,0.08971447565808255,-0.060618104214306356,-0.681560578028968,-0.6973995360915222,0.04269080751108161,0.25431474421124967,491.0,0.3453529710512951,0.029391804714558267,0.06578063764070152,-0.036388832926143255,-0.5991839873308478,-0.6178854622674462,0.049053054380655825,0.24879277558657228,243.0,0.35223236935565705,0.04185036421222432,0.11690447530430803,-0.07505411109208371,-0.31171252124422344,-0.5704598797629161,0.1342594902674282,0.3323865226278538,236.0,0.3776676829268293,-0.019294539524151166
399006,reversal,b200,off,"{'strategy': 'reversal', 'indicator': 'b200', 'low_extreme': 10.0, 'high_extreme': 90.0, 'confirm': 5.0, 'batch_mode': 'time', 'batches': 3, 'gate_cap': 0.0}",0.02985947373266251,0.08971447565808255,-0.05985500192542004,-0.6287769680153767,-0.6973995360915222,0.04748817983411297,0.24433577559687844,18.0,0.5439309294057897,0.0650294948927701,0.06578063764070152,-0.0007511427479314214,-0.4748439122588626,-0.6178854622674462,0.1369492020723624,0.38274221355579835,9.0,0.7016742770167428,-0.0018041359613227836,0.11690447530430803,-0.11870861126563081,-0.4629249473454454,-0.5704598797629161,-0.0038972536945097824,0.07673073344073626,10.0,0.38567073170731714,-0.01691772922160683
399006,reversal,b200,ma200,"{'strategy': 'reversal', 'indicator': 'b200', 'low_extreme': 10.0, 'high_extreme': 90.0, 'confirm': 5.0, 'batch_mode': 'time', 'batches': 3, 'gate_cap': 0.0}",2.2714985819627387e-05,0.08971447565808255,-0.08969176067226292,-0.5296995057400227,-0.6973995360915222,4.288277707167795e-05,0.06497468352607091,80.0,0.1693753174200102,-0.013748808771183452,0.06578063764070152,-0.07952944641188497,-0.5205447813139688,-0.6178854622674462,-0.02641234580525129,-0.0052891914619570555,70.0,0.31557584982242515,0.0140079828554176,0.11690447530430803,-0.10289649244889043,-0.14227603963036783,-0.5704598797629161,0.09845637320106915,0.19755019264456844,10.0,0.022865853658536658,-0.05379790329252908
399006,reversal,b200,off,"{'strategy': 'reversal', 'indicator': 'b200', 'low_extreme': 10.0, 'high_extreme': 90.0, 'confirm': 5.0, 'batch_mode': 'time', 'batches': 5, 'gate_cap': 0.0}",0.03129665123326153,0.08971447565808255,-0.05841782442482102,-0.6212672404606481,-0.6973995360915222,0.05037550541061227,0.2509059692390912,30.0,0.5439309294057897,0.06794373054718972,0.06578063764070152,0.0021630929064881954,-0.47484391225886247,-0.6178854622674462,0.14308645176470117,0.39421772336275374,15.0,0.7011669203450025,-0.0017497612672494611,0.11690447530430803,-0.11865423657155749,-0.4629249473454454,-0.5704598797629161,-0.003779794710315641,0.07731670291511658,16.0,0.3861788617886179,-0.014900492490647704
399006,reversal,b200,ma200,"{'strategy': 'reversal', 'indicator': 'b200', 'low_extreme': 10.0, 'high_extreme': 90.0, 'confirm': 5.0, 'batch_mode': 'time', 'batches': 5, 'gate_cap': 0.0}",0.0007696027328993882,0.08971447565808255,-0.08894487292518316,-0.5269088911696604,-0.6973995360915222,0.0014605992531099314,0.07087858729216834,86.0,0.17013712544438805,-0.013002144597935916,0.06578063764070152,-0.07878278223863744,-0.5176998455007357,-0.6178854622674462,-0.025115218231057865,-0.0005497211041053424,72.0,0.3160832064941654,0.014754954961645694,0.11690447530430803,-0.10214952034266234,-0.156651676935315,-0.5704598797629161,0.09418957556220957,0.20445323460431009,14.0,0.023882113821138248,-0.05278268405386592
399006,reversal,b200,off,"{'strategy': 'reversal', 'indicator': 'b200', 'low_extreme': 10.0, 'high_extreme': 90.0, 'confirm': 5.0, 'batch_mode': 'time', 'batches': 8, 'gate_cap': 0.0}",0.02991129392209868,0.08971447565808255,-0.05980318173598387,-0.6151506597460183,-0.6973995360915222,0.048624338522937405,0.2446171010063198,48.0,0.5439309294057897,0.06411345029645021,0.06578063764070152,-0.0016671873442513085,-0.47484391225886247,-0.6178854622674462,0.1350200532032905,0.3798207576844991,24.0,0.7004058853373922,-0.0008429058271498535,0.11690447530430803,-0.11774738113145788,-0.46292494734544554,-0.5704598797629161,-0.0018208261014735446,0.08272600712679197,25.0,0.3869410569105691,-0.016432173632415354
399006,reversal,b200,ma200,"{'strategy': 'reversal', 'indicator': 'b200', 'low_extreme': 10.0, 'high_extreme': 90.0, 'confirm': 5.0, 'batch_mode': 'time', 'batches': 8, 'gate_cap': 0.0}",0.000797309427068571,0.08971447565808255,-0.08891716623101398,-0.5321859696544511,-0.6973995360915222,0.001498178216885847,0.07132774657708592,95.0,0.1712798374809548,-0.01441735574949854,0.06578063764070152,-0.08019799339020006,-0.5230796459683702,-0.6178854622674462,-0.02756244839695088,-0.009387330191183596,75.0,0.31684424150177576,0.016270591197604656,0.11690447530430803,-0.10063388410670338,-0.17304394397289646,-0.5704598797629161,0.09402577648226214,0.21898721103436572,20.0,0.02540650406504065,-0.052751028451854046
399006,reversal,b200,off,"{'strategy': 'reversal', 'indicator': 'b200', 'low_extreme': 10.0, 'high_extreme': 90.0, 'confirm': 5.0, 'batch_mode': 'band', 'batches': 3, 'gate_cap': 0.0}",0.0336212724912488,0.08971447565808255,-0.05609320316683375,-0.7107735020074128,-0.6973995360915222,0.04730237184742173,0.26141292152333157,18.0,0.5539190790587439,0.09667472547046452,0.06578063764070152,0.030894087829762995,-0.5393861872401235,-0.6178854622674462,0.1792309995276667,0.50420173960012,9.0,0.7020125147979029,-0.02355108291497665,0.11690447530430803,-0.14045555821928468,-0.46292494734544554,-0.5704598797629161,-0.05087451659286419,-0.04492809244904533,10.0,0.4053184281842818,-0.014734973161131554
399006,reversal,b200,ma200,"{'strategy': 'reversal', 'indicator': 'b200', 'low_extreme': 10.0, 'high_extreme': 90.0, 'confirm': 5.0, 'batch_mode': 'band', 'batches': 3, 'gate_cap': 0.0}",0.021766747272769837,0.08971447565808255,-0.06794772838531271,-0.5837795858280801,-0.6973995360915222,0.03728590002319818,0.2198431227792746,83.0,0.20297951582867788,0.04068080205711211,0.06578063764070152,-0.025099835583589414,-0.5756775675679513,-0.6178854622674462,0.07066594974158041,0.30984118027950064,73.0,0.3549805513275833,0.0031683862129483487,0.11690447530430803,-0.11373608909135968,-0.18867571526821658,-0.5704598797629161,0.016792761105711203,0.0795044322160708,10.0,0.050643631436314375,-0.025854277021908352
399006,reversal,b200,off,"{'strategy': 'reversal', 'indicator': 'b200', 'low_extreme': 10.0, 'high_extreme': 90.0, 'confirm': 5.0, 'batch_mode': 'band', 'batches': 5, 'gate_cap': 0.0}",0.04491406800425235,0.08971447565808255,-0.0448004076538302,-0.740037736963526,-0.6973995360915222,0.06069159147010636,0.31590846790373533,27.0,0.5467242254951752,0.10208235232047236,0.06578063764070152,0.036301714679770836,-0.5651188596451381,-0.6178854622674462,0.1806387286111353,0.5445151386743605,14.0,0.6584474885844749,-0.006985639669957799,0.11690447530430803,-0.12389011497426583,-0.4870826552429731,-0.5704598797629161,-0.014341795165079588,0.05182513567373579,14.0,0.4345528455284553,-0.002603608004255572
399006,reversal,b200,ma200,"{'strategy': 'reversal', 'indicator': 'b200', 'low_extreme': 10.0, 'high_extreme': 90.0, 'confirm': 5.0, 'batch_mode': 'band', 'batches': 5, 'gate_cap': 0.0}",0.03721254887439396,0.08971447565808255,-0.05250192678368859,-0.6074983396294513,-0.6973995360915222,0.06125539190295082,0.31561492711086064,95.0,0.22615540883697305,0.05877632689145362,0.06578063764070152,-0.0070043107492478995,-0.5792411054190714,-0.6178854622674462,0.10147126359226513,0.403465156014147,77.0,0.354439370877727,0.016056066163552263,0.11690447530430803,-0.10084840914075577,-0.2302737897753917,-0.5704598797629161,0.06972598218500375,0.19589260343931164,18.0,0.09756097560975613,-0.0069989993090328224
399006,reversal,b200,off,"{'strategy': 'reversal', 'indicator': 'b200', 'low_extreme': 10.0, 'high_extreme': 90.0, 'confirm': 5.0, 'batch_mode': 'band', 'batches': 8, 'gate_cap': 0.0}",0.06568353551533579,0.08971447565808255,-0.02403094014274676,-0.6647712242885646,-0.6973995360915222,0.09880622553364886,0.4240745475380503,42.0,0.5499301675977654,0.08914293402852036,0.06578063764070152,0.023362296387818837,-0.5766834359369393,-0.6178854622674462,0.1545786274989667,0.5257896888942846,22.0,0.5767376966007103,0.045203650751533875,0.11690447530430803,-0.07170082455277416,-0.39410494845854604,-0.5704598797629161,0.11469952592155443,0.32839028385549907,21.0,0.522802337398374,0.025103926127811496
399006,reversal,b200,ma200,"{'strategy': 'reversal', 'indicator': 'b200', 'low_extreme': 10.0, 'high_extreme': 90.0, 'confirm': 5.0, 'batch_mode': 'band', 'batches': 8, 'gate_cap': 0.0}",0.057219088643180704,0.08971447565808255,-0.032495387014901844,-0.6007226927233167,-0.6973995360915222,0.09525041976320829,0.4350943647406642,125.0,0.27171152869476894,0.055433420077861895,0.06578063764070152,-0.010347217562839628,-0.5811725048412111,-0.6178854622674462,0.09538204167626187,0.40154426231344614,84.0,0.3219178082191781,0.05901050870592206,0.11690447530430803,-0.05789396659838597,-0.24959549364210387,-0.5704598797629161,0.2364245757999842,0.4813530008779126,41.0,0.22129065040650406,0.01860293569634221
399006,reversal,b200,off,"{'strategy': 'reversal', 'indicator': 'b200', 'low_extreme': 20.0, 'high_extreme': 80.0, 'confirm': 5.0, 'batch_mode': 'time', 'batches': 3, 'gate_cap': 0.0}",-0.01587836324610492,0.08971447565808255,-0.10559283890418747,-0.5937775068115895,-0.6973995360915222,-0.026741267670052138,0.021097735784581195,37.0,0.4674961909598781,-0.021872744609199524,0.06578063764070152,-0.08765338224990105,-0.40075481472021934,-0.6178854622674462,-0.054578869188308156,0.016011526469726898,27.0,0.5640115000845594,-0.0074555764101759125,0.11690447530430803,-0.12436005171448394,-0.4629249473454454,-0.5704598797629161,-0.016105367517841692,0.041820656042567655,11.0,0.3705962059620597,-0.07405221041053334
399006,reversal,b200,ma200,"{'strategy': 'reversal', 'indicator': 'b200', 'low_extreme': 20.0, 'high_extreme': 80.0, 'confirm': 5.0, 'batch_mode': 'time', 'batches': 3, 'gate_cap': 0.0}",-0.015906430222954127,0.08971447565808255,-0.10562090588103668,-0.5220894164657931,-0.6973995360915222,-0.0304668696995054,-0.08850084086093227,83.0,0.10639918740477405,-0.05112999809602592,0.06578063764070152,-0.11691063573672744,-0.512786556388143,-0.6178854622674462,-0.09971009859572869,-0.3299824683865405,72.0,0.19567055640115005,0.02068143181434645,0.11690447530430803,-0.09622304348996158,-0.14227603963036783,-0.5704598797629161,0.1453613121933719,0.2796322611353099,11.0,0.01693766937669384,-0.07555929140842416
399006,reversal,b200,off,"{'strategy': 'reversal', 'indicator': 'b200', 'low_extreme': 20.0, 'high_extreme': 80.0, 'confirm': 5.0, 'batch_mode': 'time', 'batches': 5, 'gate_cap': 0.0}",-0.01986104848928627,0.08971447565808255,-0.10957552414736882,-0.6174316753811029,-0.6973995360915222,-0.0321672004874503,-0.0003248236994619998,61.0,0.4621127475876079,-0.027041141178016814,0.06578063764070152,-0.09282177881871834,-0.4337768087749062,-0.6178854622674462,-0.06233883562006861,-0.010265405980177939,45.0,0.5528158295281582,-0.010241140519210212,0.11690447530430803,-0.12714561582351824,-0.46292494734544554,-0.5704598797629161,-0.02212268009735935,0.02606735897935477,17.0,0.37103658536585366,-0.07861219468340142
399006,reversal,b200,ma200,"{'strategy': 'reversal', 'indicator': 'b200', 'low_extreme': 20.0, 'high_extreme': 80.0, 'confirm': 5.0, 'batch_mode': 'time', 'batches': 5, 'gate_cap': 0.0}",-0.020305345173957323,0.08971447565808255,-0.11001982083203987,-0.5425536712053014,-0.6973995360915222,-0.03742550507279457,-0.1326687044609681,97.0,0.10157440325038093,-0.05588135850029152,0.06578063764070152,-0.12166199614099305,-0.5336491620012126,-0.6178854622674462,-0.10471553687207803,-0.3835914157923047,82.0,0.18508371385083713,0.01666858672314664,0.11690447530430803,-0.10023588858116139,-0.15788521439806924,-0.5704598797629161,0.10557408296080749,0.23127407279331685,15.0,0.017886178861788657,-0.08098209452834174
399006,reversal,b200,off,"{'strategy': 'reversal', 'indicator': 'b200', 'low_extreme': 20.0, 'high_extreme': 80.0, 'confirm': 5.0, 'batch_mode': 'time', 'batches': 8, 'gate_cap': 0.0}",-0.02691121483469172,0.08971447565808255,-0.11662569049277427,-0.6506644773272915,-0.6973995360915222,-0.04135958819395496,-0.03668957108875855,97.0,0.45908456069070597,-0.039384924712460134,0.06578063764070152,-0.10516556235316166,-0.4805871331262297,-0.6178854622674462,-0.08195168367546661,-0.06878292090725875,72.0,0.5460426179604262,-0.011884323728017065,0.11690447530430803,-0.1287887990323251,-0.4629249473454454,-0.5704598797629161,-0.025672247296598394,0.017124459728658094,26.0,0.3717606707317073,-0.08651924957324655
399006,reversal,b200,ma200,"{'strategy': 'reversal', 'indicator': 'b200', 'low_extreme': 20.0, 'high_extreme': 80.0, 'confirm': 5.0, 'batch_mode': 'time', 'batches': 8, 'gate_cap': 0.0}",-0.02533305813484099,0.08971447565808255,-0.11504753379292354,-0.5662471624102465,-0.6973995360915222,-0.04473851670533789,-0.17991658412170425,118.0,0.09919375317420011,-0.06425371983976269,0.06578063764070152,-0.1300343574804642,-0.5578038634011708,-0.6178854622674462,-0.11519052494183177,-0.4591428398534971,97.0,0.17884322678843226,0.015269537350502516,0.11690447530430803,-0.10163493795380552,-0.17304394397289602,-0.5704598797629161,0.0882408075077981,0.2132187068283721,21.0,0.019372459349593495,-0.08692392695788928
399006,reversal,b200,off,"{'strategy': 'reversal', 'indicator': 'b200', 'low_extreme': 20.0, 'high_extreme': 80.0, 'confirm': 5.0, 'batch_mode': 'band', 'batches': 3, 'gate_cap': 0.0}",-0.036755160309601576,0.08971447565808255,-0.12646963596768412,-0.6946967220079332,-0.6973995360915222,-0.05290821036749018,-0.13135026878940617,34.0,0.3849669883189436,-0.039509684291330505,0.06578063764070152,-0.10529032193203203,-0.47325359658619426,-0.6178854622674462,-0.08348522774329209,-0.1336307985808931,24.0,0.40284119736174534,-0.03259063465226608,0.11690447530430803,-0.1494951099565741,-0.4902317942102894,-0.5704598797629161,-0.06648005094154712,-0.11859133669855763,11.0,0.366869918699187,-0.09704506572760654
399006,reversal,b200,ma200,"{'strategy': 'reversal', 'indicator': 'b200', 'low_extreme': 20.0, 'high_extreme': 80.0, 'confirm': 5.0, 'batch_mode': 'band', 'batches': 3, 'gate_cap': 0.0}",-0.024174083955064818,0.08971447565808255,-0.11388855961314737,-0.5143353777044388,-0.6973995360915222,-0.04700062450099705,-0.16326413350087282,83.0,0.11291687828000682,-0.04859875988641427,0.06578063764070152,-0.11437939752711579,-0.4987489021557312,-0.6178854622674462,-0.09744133706632122,-0.33459141027168615,73.0,0.17656012176560124,0.000916325094238335,0.11690447530430803,-0.1159881502100697,-0.18867571526821691,-0.5704598797629161,0.004856613862232927,0.056092212725909966,10.0,0.04911924119241198,-0.08713338556828724
399006,reversal,b200,off,"{'strategy': 'reversal', 'indicator': 'b200', 'low_extreme': 20.0, 'high_extreme': 80.0, 'confirm': 5.0, 'batch_mode': 'band', 'batches': 5, 'gate_cap': 0.0}",-0.03126104666436502,0.08971447565808255,-0.12097552232244757,-0.6946319042251636,-0.6973995360915222,-0.045003758788239895,-0.13696861380458533,54.0,0.33961401726764856,-0.05053771983588806,0.06578063764070152,-0.11631835747658958,-0.4653931671100202,-0.6178854622674462,-0.10859145214725684,-0.31966947336680007,38.0,0.29944190766108575,-0.010770441875161518,0.11690447530430803,-0.12767491717946955,-0.4949991496990659,-0.5704598797629161,-0.021758505810988555,0.015499978132158128,17.0,0.3796747967479675,-0.0905868169087645
399006,reversal,b200,ma200,"{'strategy': 'reversal', 'indicator': 'b200', 'low_extreme': 20.0, 'high_extreme': 80.0, 'confirm': 5.0, 'batch_mode': 'band', 'batches': 5, 'gate_cap': 0.0}",-0.016745119338125614,0.08971447565808255,-0.10645959499620816,-0.5131353028827048,-0.6973995360915222,-0.032632951278258285,-0.09666037307748145,104.0,0.12427628237684106,-0.04491889870003918,0.06578063764070152,-0.1106995363407407,-0.463581675175329,-0.6178854622674462,-0.09689532849427367,-0.3672336638902042,81.0,0.14266869609335364,0.01230463804834625,0.11690447530430803,-0.10459983725596178,-0.2302737897753918,-0.5704598797629161,0.053434818006635264,0.1631881891453723,23.0,0.10579268292682932,-0.07692893750902821
399006,reversal,b200,off,"{'strategy': 'reversal', 'indicator': 'b200', 'low_extreme': 20.0, 'high_extreme': 80.0, 'confirm': 5.0, 'batch_mode': 'band', 'batches': 8, 'gate_cap': 0.0}",0.023736019011907583,0.08971447565808255,-0.06597845664617497,-0.5715316217679027,-0.6973995360915222,0.04153054373174597,0.23143688725797282,72.0,0.3990286947689182,-0.007161806209602606,0.06578063764070152,-0.07294244385030413,-0.4953745706124014,-0.6178854622674462,-0.014457355372014556,-0.005887547958213746,47.0,0.2908422120750888,0.05643214962465115,0.11690447530430803,-0.06047232567965688,-0.39870910493470235,-0.5704598797629161,0.141537148076649,0.3966331315920175,26.0,0.507177337398374,-0.02297485649500659
399006,reversal,b200,ma200,"{'strategy': 'reversal', 'indicator': 'b200', 'low_extreme': 20.0, 'high_extreme': 80.0, 'confirm': 5.0, 'batch_mode': 'band', 'batches': 8, 'gate_cap': 0.0}",0.027133300333588295,0.08971447565808255,-0.06258117532449425,-0.5096923442648971,-0.6973995360915222,0.05323466330011539,0.2789568213507118,145.0,0.2107034027425089,-0.009726311679795652,0.06578063764070152,-0.07550694932049717,-0.4610660466456036,-0.6178854622674462,-0.021095267696586078,-0.05771795127541632,100.0,0.1588660578386606,0.0654242707144772,0.11690447530430803,-0.051480204589830825,-0.24959549364210376,-0.5704598797629161,0.26212120162830105,0.5048524422106474,45.0,0.2625127032520325,-0.016254839874650394
399006,reversal,b200,off,"{'strategy': 'reversal', 'indicator': 'b200', 'low_extreme': 30.0, 'high_extreme': 70.0, 'confirm': 5.0, 'batch_mode': 'time', 'batches': 3, 'gate_cap': 0.0}",-0.008157351846353134,0.08971447565808255,-0.09787182750443568,-0.5759096971696275,-0.6973995360915222,-0.01416428979481219,0.061318548796343186,60.0,0.46521076688674456,-0.051392333393154854,0.06578063764070152,-0.11717297103385638,-0.46447183877451304,-0.6178854622674462,-0.11064682312871991,-0.20868667065950344,33.0,0.34449518011161845,0.039614085638712604,0.11690447530430803,-0.07729038966559543,-0.4607492878979914,-0.5704598797629161,0.08597752981765444,0.2831901824782371,28.0,0.5858739837398373,-0.06438881242058628
399006,reversal,b200,ma200,"{'strategy': 'reversal', 'indicator': 'b200', 'low_extreme': 30.0, 'high_extreme': 70.0, 'confirm': 5.0, 'batch_mode': 'time', 'batches': 3, 'gate_cap': 0.0}",0.0008626263030366843,0.08971447565808255,-0.08885184935504586,-0.4880199179721211,-0.6973995360915222,0.001767604704785765,0.0761902417366665,94.0,0.2026409344845099,-0.05985938692608972,0.06578063764070152,-0.12564002456679124,-0.45846376967464975,-0.6178854622674462,-0.1305651414256117,-0.5038191718994709,74.0,0.14358193810248607,0.06560828166131327,0.11690447530430803,-0.05129619364299476,-0.20122309505655533,-0.5704598797629161,0.32604747304415305,0.4666372047675437,20.0,0.2616869918699187,-0.052604067731113216
399006,reversal,b200,off,"{'strategy': 'reversal', 'indicator': 'b200', 'low_extreme': 30.0, 'high_extreme': 70.0, 'confirm': 5.0, 'batch_mode': 'time', 'batches': 5, 'gate_cap': 0.0}",-0.007669381185629653,0.08971447565808255,-0.0973838568437122,-0.5899579078515561,-0.6973995360915222,-0.012999878607541957,0.0635085859138002,100.0,0.46521076688674456,-0.04991593402400751,0.06578063764070152,-0.11569657166470904,-0.4822114861675132,-0.6178854622674462,-0.1035146101987862,-0.20171947679387023,55.0,0.3439878234398782,0.039018483061308284,0.11690447530430803,-0.07788599224299975,-0.4612492410679939,-0.5704598797629161,0.08459305639389979,0.28064511571159906,46.0,0.5863821138211383,-0.0636302655492441
399006,reversal,b200,ma200,"{'strategy': 'reversal', 'indicator': 'b200', 'low_extreme': 30.0, 'high_extreme': 70.0, 'confirm': 5.0, 'batch_mode': 'time', 'batches': 5, 'gate_cap': 0.0}",0.0026116708915071563,0.08971447565808255,-0.08710280476657539,-0.5023760721006483,-0.6973995360915222,0.005198637109818245,0.08841489612778518,122.0,0.202133062468258,-0.0561451775797801,0.06578063764070152,-0.12192581522048163,-0.47770081747239224,-0.6178854622674462,-0.11753209441184367,-0.4766067281915542,92.0,0.14205986808726534,0.06512435096248992,0.11690447530430803,-0.05178012434181811,-0.20122309505655545,-0.5704598797629161,0.3236425269385016,0.4635116050453372,30.0,0.2621951219512195,-0.05018222801601794
399006,reversal,b200,off,"{'strategy': 'reversal', 'indicator': 'b200', 'low_extreme': 30.0, 'high_extreme': 70.0, 'confirm': 5.0, 'batch_mode': 'time', 'batches': 8, 'gate_cap': 0.0}",-0.006827839223381593,0.08971447565808255,-0.09654231488146414,-0.5993583778423617,-0.6973995360915222,-0.011391914213264565,0.06749589061954575,160.0,0.46521076688674456,-0.05337242781904239,0.06578063764070152,-0.11915306545974391,-0.4940821098890016,-0.6178854622674462,-0.10802339682169997,-0.2247869449849877,88.0,0.3432267884322679,0.04458894354495868,0.11690447530430803,-0.07231553175934935,-0.46176709411035977,-0.5704598797629161,0.0965615439334492,0.304052081801241,73.0,0.5871443089430894,-0.062482154614184306
399006,reversal,b200,ma200,"{'strategy': 'reversal', 'indicator': 'b200', 'low_extreme': 30.0, 'high_extreme': 70.0, 'confirm': 5.0, 'batch_mode': 'time', 'batches': 8, 'gate_cap': 0.0}",0.00420086981749912,0.08971447565808255,-0.08551360584058343,-0.515459776779716,-0.6973995360915222,0.008149752913299344,0.09962633647492418,161.0,0.2014664804469274,-0.05831037363545288,0.06578063764070152,-0.1240910112761544,-0.49048741850210176,-0.6178854622674462,-0.11888250633120577,-0.5095162968639672,116.0,0.13996702181633688,0.07096671099494345,0.11690447530430803,-0.04593776430936458,-0.20122309505655545,-0.5704598797629161,0.35267676891162847,0.4952818836204213,45.0,0.2629573170731707,-0.04804826233903032
399006,reversal,b200,off,"{'strategy': 'reversal', 'indicator': 'b200', 'low_extreme': 30.0, 'high_extreme': 70.0, 'confirm': 5.0, 'batch_mode': 'band', 'batches': 3, 'gate_cap': 0.0}",-0.022296444856630404,0.08971447565808255,-0.11201092051471295,-0.4874589373605135,-0.6973995360915222,-0.04574014988290278,-0.09007992683271036,57.0,0.33197900795666163,-0.05233845694260553,0.06578063764070152,-0.11811909458330705,-0.4535529350165475,-0.6178854622674462,-0.11539657866109058,-0.35909050725422165,30.0,0.2670387282259429,0.009406597546259388,0.11690447530430803,-0.10749787775804864,-0.3256550122792349,-0.5704598797629161,0.028885161264441534,0.13803907716247793,28.0,0.39684959349593496,-0.08550261226198888
399006,reversal,b200,ma200,"{'strategy': 'reversal', 'indicator': 'b200', 'low_extreme': 30.0, 'high_extreme': 70.0, 'confirm': 5.0, 'batch_mode': 'band', 'batches': 3, 'gate_cap': 0.0}",-0.007465332411097481,0.08971447565808255,-0.09717980806918003,-0.45849241736781843,-0.6973995360915222,-0.016282346508488785,-0.00183922376767078,95.0,0.19222955815134585,-0.03951623173347241,0.06578063764070152,-0.10529686937417393,-0.41051453875042865,-0.6178854622674462,-0.09626024903711439,-0.3724692512481368,70.0,0.1295450701843396,0.025706439602497744,0.11690447530430803,-0.09119803570181029,-0.2168816716147821,-0.5704598797629161,0.1185274874133055,0.2513984257615622,25.0,0.2549119241192412,-0.06482082344490353
399006,reversal,b200,off,"{'strategy': 'reversal', 'indicator': 'b200', 'low_extreme': 30.0, 'high_extreme': 70.0, 'confirm': 5.0, 'batch_mode': 'band', 'batches': 5, 'gate_cap': 0.0}",-0.007327460593599566,0.08971447565808255,-0.09704193625168211,-0.4699277286218462,-0.6973995360915222,-0.015592739366729348,0.0072990248704584895,72.0,0.31985779583544954,-0.044934642272736136,0.06578063764070152,-0.11071527991343766,-0.4260649842039038,-0.6178854622674462,-0.1054642928629675,-0.378113605337085,42.0,0.26676813800101473,0.032648374647807454,0.11690447530430803,-0.08425610065650058,-0.25761905295848075,-0.5704598797629161,0.12673121134821203,0.29149444927670054,31.0,0.3728658536585367,-0.064462257497701
399006,reversal,b200,ma200,"{'strategy': 'reversal', 'indicator': 'b200', 'low_extreme': 30.0, 'high_extreme': 70.0, 'confirm': 5.0, 'batch_mode': 'band', 'batches': 5, 'gate_cap': 0.0}",0.00794331562164552,0.08971447565808255,-0.08177116003643703,-0.44427262800276557,-0.6973995360915222,0.017879372081405998,0.12666261998730236,107.0,0.17943118334179786,-0.030110008390630938,0.06578063764070152,-0.09589064603133246,-0.3829927466440014,-0.6178854622674462,-0.07861769878012527,-0.30670029287186856,79.0,0.13576864535768646,0.047551134180322085,0.11690447530430803,-0.06935334112398595,-0.2079771493518372,-0.5704598797629161,0.22863633975422615,0.4091328548847707,28.0,0.22306910569105692,-0.041910947189299816
399006,reversal,b200,off,"{'strategy': 'reversal', 'indicator': 'b200', 'low_extreme': 30.0, 'high_extreme': 70.0, 'confirm': 5.0, 'batch_mode': 'band', 'batches': 8, 'gate_cap': 0.0}",-0.002820229908422678,0.08971447565808255,-0.09253470556650523,-0.3233131102857305,-0.6973995360915222,-0.008722906120108391,0.008686065830484974,74.0,0.21295708481462672,-0.027052744926973626,0.06578063764070152,-0.09283338256767515,-0.2894592228787254,-0.6178854622674462,-0.09345960601265037,-0.3777407227823982,42.0,0.1667300862506342,0.022544069387398613,0.11690447530430803,-0.09436040591690942,-0.19544124819809772,-0.5704598797629161,0.11534959787274855,0.2746802223508187,33.0,0.25914634146341464,-0.059009985787946494
399006,reversal,b200,ma200,"{'strategy': 'reversal', 'indicator': 'b200', 'low_extreme': 30.0, 'high_extreme': 70.0, 'confirm': 5.0, 'batch_mode': 'band', 'batches': 8, 'gate_cap': 0.0}",0.0071192232516179565,0.08971447565808255,-0.08259525240646459,-0.3047195736290742,-0.6973995360915222,0.023363196419682476,0.13133158540414536,120.0,0.12334941594718131,-0.018020996963450275,0.06578063764070152,-0.0838016346041518,-0.2584915029467003,-0.6178854622674462,-0.06971601293666553,-0.30182825080116693,79.0,0.08485540334855403,0.03294289752826329,0.11690447530430803,-0.08396157777604474,-0.1357666489561269,-0.5704598797629161,0.24264351946190274,0.3966315094776642,41.0,0.16183943089430894,-0.040211872876005764
399006,ladder,b50,off,"{'strategy': 'ladder', 'indicator': 'b50', 'n_bands': 3, 'edge_mode': 'fixed', 'direction': 'contrarian', 'gate_cap': 0.0}",0.06532535605376766,0.08971447565808255,-0.02438911960431489,-0.4006159355755836,-0.6973995360915222,0.16306230045470277,0.3995037825518016,439.0,0.5500253936008126,0.04128633215789068,0.06578063764070152,-0.02449430548281084,-0.4006159355755836,-0.6178854622674462,0.10305713899915808,0.2904414933835886,200.0,0.5284119736174531,0.09257984410177911,0.11690447530430803,-0.024324631202528924,-0.34384510441597604,-0.5704598797629161,0.26924869050855554,0.5425848203393498,240.0,0.5713922764227642,0.05059144841929218
399006,ladder,b50,ma200,"{'strategy': 'ladder', 'indicator': 'b50', 'n_bands': 3, 'edge_mode': 'fixed', 'direction': 'contrarian', 'gate_cap': 0.0}",0.04788660319455773,0.08971447565808255,-0.04182787246352482,-0.48683665080475447,-0.6973995360915222,0.09836277345881796,0.39028103189440805,284.0,0.2270187912646013,0.009011875455604779,0.06578063764070152,-0.056768762185096744,-0.3922346795227143,-0.6178854622674462,0.022975723275083078,0.13538625241750674,138.0,0.17681380010147132,0.08832182559850832,0.11690447530430803,-0.028582649705799712,-0.2691520135885379,-0.5704598797629161,0.3281484853891117,0.6523915062386834,146.0,0.2771849593495935,0.014248385905412296
399006,ladder,b50,off,"{'strategy': 'ladder', 'indicator': 'b50', 'n_bands': 3, 'edge_mode': 'fixed', 'direction': 'momentum', 'gate_cap': 0.0}",0.015026880345797133,0.08971447565808255,-0.07468759531228542,-0.7155385418241914,-0.6973995360915222,0.021000797954904928,0.17280916707321423,438.0,0.44972067039106145,0.015803974351694228,0.06578063764070152,-0.049976663289007295,-0.5120241539363691,-0.6178854622674462,0.030865681296859755,0.17820111188954127,199.0,0.4710806697108067,0.014249196983572965,0.11690447530430803,-0.10265527832073507,-0.5447083730881197,-0.5704598797629161,0.02615931329050419,0.16719663829000894,239.0,0.42809959349593496,-0.03641223800540928
399006,ladder,b50,ma200,"{'strategy': 'ladder', 'indicator': 'b50', 'n_bands': 3, 'edge_mode': 'fixed', 'direction': 'momentum', 'gate_cap': 0.0}",0.02293395819549371,0.08971447565808255,-0.06678051746258884,-0.6334992429282218,-0.6973995360915222,0.03620202936547507,0.21913562202403547,299.0,0.30777044184865415,0.015347631637033787,0.06578063764070152,-0.050433006003667735,-0.5205681132601402,-0.6178854622674462,0.029482465879281033,0.1750078590797739,151.0,0.32293252156265856,0.030588667521705304,0.11690447530430803,-0.08631580778260273,-0.3787771151506798,-0.5704598797629161,0.0807563770306898,0.2668234423985097,148.0,0.2924288617886179,-0.025587498731363276
399006,ladder,b50,off,"{'strategy': 'ladder', 'indicator': 'b50', 'n_bands': 3, 'edge_mode': 'preq', 'direction': 'contrarian', 'gate_cap': 0.0}",0.06532535605376766,0.08971447565808255,-0.02438911960431489,-0.4006159355755836,-0.6973995360915222,0.16306230045470277,0.3995037825518016,439.0,0.5500253936008126,0.04128633215789068,0.06578063764070152,-0.02449430548281084,-0.4006159355755836,-0.6178854622674462,0.10305713899915808,0.2904414933835886,200.0,0.5284119736174531,0.06815614391583513,0.11690447530430803,-0.0487483313884729,-0.3074125661071253,-0.5704598797629161,0.22170903674797887,0.4364639225317797,252.0,0.5271849593495935,0.05059144841929218
399006,ladder,b50,ma200,"{'strategy': 'ladder', 'indicator': 'b50', 'n_bands': 3, 'edge_mode': 'preq', 'direction': 'contrarian', 'gate_cap': 0.0}",0.04788660319455773,0.08971447565808255,-0.04182787246352482,-0.48683665080475447,-0.6973995360915222,0.09836277345881796,0.39028103189440805,284.0,0.2270187912646013,0.009011875455604779,0.06578063764070152,-0.056768762185096744,-0.3922346795227143,-0.6178854622674462,0.022975723275083078,0.13538625241750674,138.0,0.17681380010147132,0.06743819387198591,0.11690447530430803,-0.04946628143232212,-0.269152013588538,-0.5704598797629161,0.2505580135658246,0.5279548263822871,144.0,0.2543191056910569,0.014248385905412296
399006,ladder,b50,off,"{'strategy': 'ladder', 'indicator': 'b50', 'n_bands': 3, 'edge_mode': 'preq', 'direction': 'momentum', 'gate_cap': 0.0}",0.015026880345797133,0.08971447565808255,-0.07468759531228542,-0.7155385418241914,-0.6973995360915222,0.021000797954904928,0.17280916707321423,438.0,0.44972067039106145,0.015803974351694228,0.06578063764070152,-0.049976663289007295,-0.5120241539363691,-0.6178854622674462,0.030865681296859755,0.17820111188954127,199.0,0.4710806697108067,0.03672939145169796,0.11690447530430803,-0.08017508385261007,-0.5351143790122572,-0.5704598797629161,0.06863839375704131,0.2836299757908681,251.0,0.4723069105691057,-0.03641223800540928
399006,ladder,b50,ma200,"{'strategy': 'ladder', 'indicator': 'b50', 'n_bands': 3, 'edge_mode': 'preq', 'direction': 'momentum', 'gate_cap': 0.0}",0.02293395819549371,0.08971447565808255,-0.06678051746258884,-0.6334992429282218,-0.6973995360915222,0.03620202936547507,0.21913562202403547,299.0,0.30777044184865415,0.015347631637033787,0.06578063764070152,-0.050433006003667735,-0.5205681132601402,-0.6178854622674462,0.029482465879281033,0.1750078590797739,151.0,0.32293252156265856,0.050777302899845056,0.11690447530430803,-0.06612717240446297,-0.34379943990565665,-0.5704598797629161,0.1476945480591215,0.3832288007485846,147.0,0.3152947154471545,-0.025587498731363276
399006,ladder,b50,off,"{'strategy': 'ladder', 'indicator': 'b50', 'n_bands': 5, 'edge_mode': 'fixed', 'direction': 'contrarian', 'gate_cap': 0.0}",0.0600980311503978,0.08971447565808255,-0.029616444507684747,-0.38480784034238347,-0.6973995360915222,0.156176732513884,0.38581384492262866,789.0,0.5334560690705942,0.05199396425211544,0.06578063764070152,-0.01378667338858608,-0.38480784034238347,-0.6178854622674462,0.13511669670205712,0.3376469807813783,410.0,0.5186453576864536,0.07084742760014384,0.11690447530430803,-0.04605704770416419,-0.3556107874188966,-0.5704598797629161,0.1992274422111052,0.46210602716103294,380.0,0.5480182926829268,0.044700826300942756
399006,ladder,b50,ma200,"{'strategy': 'ladder', 'indicator': 'b50', 'n_bands': 5, 'edge_mode': 'fixed', 'direction': 'contrarian', 'gate_cap': 0.0}",0.03911904685281864,0.08971447565808255,-0.05059542880526391,-0.47704132973703106,-0.6973995360915222,0.08200347520073996,0.3436539845433952,477.0,0.22727272727272727,0.007488648215462357,0.06578063764070152,-0.058291989425239166,-0.39004448212429244,-0.6178854622674462,0.019199472261925265,0.12448365260885597,262.0,0.18378995433789955,0.07179302137955257,0.11690447530430803,-0.04511145392475546,-0.24801859555343175,-0.5704598797629161,0.2894662846523775,0.5802089639802304,215.0,0.2707063008130081,0.0024441327971376423
399006,ladder,b50,off,"{'strategy': 'ladder', 'indicator': 'b50', 'n_bands': 5, 'edge_mode': 'fixed', 'direction': 'momentum', 'gate_cap': 0.0}",0.02727139659509037,0.08971447565808255,-0.06244307906299218,-0.6372034510142017,-0.6973995360915222,0.04279857014534994,0.23885650700031513,788.0,0.4662899949212798,0.011491770546228741,0.06578063764070152,-0.05428886709447278,-0.5233824554810209,-0.6178854622674462,0.021956736275515944,0.15434975174137766,409.0,0.4808472856418062,0.04332182228163628,0.11690447530430803,-0.07358265302267175,-0.4268861872553771,-0.5704598797629161,0.10148330767076277,0.3271226466672558,379.0,0.45147357723577236,-0.020346419379655326
399006,ladder,b50,ma200,"{'strategy': 'ladder', 'indicator': 'b50', 'n_bands': 5, 'edge_mode': 'fixed', 'direction': 'momentum', 'gate_cap': 0.0}",0.03555611373237855,0.08971447565808255,-0.054158361925704,-0.5451322019391422,-0.6973995360915222,0.06522475393289641,0.2980714681334659,485.0,0.3075165058405282,0.02020859437104372,0.06578063764070152,-0.0455720432696578,-0.521720345839586,-0.6178854622674462,0.03873453380186419,0.2042873712404638,273.0,0.31595636732623034,0.0511584514034098,0.11690447530430803,-0.06574602390089823,-0.2713729640732858,-0.5704598797629161,0.1885171265240489,0.39692170472895993,212.0,0.29890752032520324,-0.006405115582263834
399006,ladder,b50,off,"{'strategy': 'ladder', 'indicator': 'b50', 'n_bands': 5, 'edge_mode': 'preq', 'direction': 'contrarian', 'gate_cap': 0.0}",0.0600980311503978,0.08971447565808255,-0.029616444507684747,-0.38480784034238347,-0.6973995360915222,0.156176732513884,0.38581384492262866,789.0,0.5334560690705942,0.05199396425211544,0.06578063764070152,-0.01378667338858608,-0.38480784034238347,-0.6178854622674462,0.13511669670205712,0.3376469807813783,410.0,0.5186453576864536,0.07120908684932115,0.11690447530430803,-0.045695388454986885,-0.3422147805054929,-0.5704598797629161,0.2080830253565806,0.4700756183398994,386.0,0.525660569105691,0.044700826300942756
399006,ladder,b50,ma200,"{'strategy': 'ladder', 'indicator': 'b50', 'n_bands': 5, 'edge_mode': 'preq', 'direction': 'contrarian', 'gate_cap': 0.0}",0.03911904685281864,0.08971447565808255,-0.05059542880526391,-0.47704132973703106,-0.6973995360915222,0.08200347520073996,0.3436539845433952,477.0,0.22727272727272727,0.007488648215462357,0.06578063764070152,-0.058291989425239166,-0.39004448212429244,-0.6178854622674462,0.019199472261925265,0.12448365260885597,262.0,0.18378995433789955,0.07234955029740964,0.11690447530430803,-0.044554925006898394,-0.24801859555343175,-0.5704598797629161,0.2917101846172782,0.5963993290882543,224.0,0.26003556910569103,0.0024441327971376423
399006,ladder,b50,off,"{'strategy': 'ladder', 'indicator': 'b50', 'n_bands': 5, 'edge_mode': 'preq', 'direction': 'momentum', 'gate_cap': 0.0}",0.02727139659509037,0.08971447565808255,-0.06244307906299218,-0.6372034510142017,-0.6973995360915222,0.04279857014534994,0.23885650700031513,788.0,0.4662899949212798,0.011491770546228741,0.06578063764070152,-0.05428886709447278,-0.5233824554810209,-0.6178854622674462,0.021956736275515944,0.15434975174137766,409.0,0.4808472856418062,0.04157595351624521,0.11690447530430803,-0.07532852178806282,-0.4348601994280904,-0.5704598797629161,0.09560763107528382,0.314340197490221,385.0,0.4738313008130081,-0.020346419379655326
399006,ladder,b50,ma200,"{'strategy': 'ladder', 'indicator': 'b50', 'n_bands': 5, 'edge_mode': 'preq', 'direction': 'momentum', 'gate_cap': 0.0}",0.03555611373237855,0.08971447565808255,-0.054158361925704,-0.5451322019391422,-0.6973995360915222,0.06522475393289641,0.2980714681334659,485.0,0.3075165058405282,0.02020859437104372,0.06578063764070152,-0.0455720432696578,-0.521720345839586,-0.6178854622674462,0.03873453380186419,0.2042873712404638,273.0,0.31595636732623034,0.04894501742069668,0.11690447530430803,-0.06795945788361135,-0.27162646789649025,-0.5704598797629161,0.1801923715304075,0.37875478536903606,221.0,0.3095782520325203,-0.006405115582263834
399006,ladder,b50,off,"{'strategy': 'ladder', 'indicator': 'b50', 'n_bands': 9, 'edge_mode': 'fixed', 'direction': 'contrarian', 'gate_cap': 0.0}",0.061288612307642376,0.08971447565808255,-0.028425863350440173,-0.35486673256415935,-0.6973995360915222,0.17270881343198743,0.39793108077736683,1334.0,0.5283773489080752,0.04744215098731286,0.06578063764070152,-0.018338486653388664,-0.35486673256415935,-0.6178854622674462,0.13369004934475054,0.32129268206214157,670.0,0.5147133434804668,0.07792704253224603,0.11690447530430803,-0.038977432772062004,-0.32657266418055353,-0.5704598797629161,0.23862083719647212,0.5119010484724119,665.0,0.5417936991869918,0.05202800736253088
399006,ladder,b50,ma200,"{'strategy': 'ladder', 'indicator': 'b50', 'n_bands': 9, 'edge_mode': 'fixed', 'direction': 'contrarian', 'gate_cap': 0.0}",0.03972495183954394,0.08971447565808255,-0.049989523818538606,-0.4779342580624457,-0.6973995360915222,0.08311802548030273,0.35601212770820073,750.0,0.22962163534789234,0.007510220762537934,0.06578063764070152,-0.05827041687816359,-0.398586521421777,-0.6178854622674462,0.018842134289309687,0.12394376422455465,380.0,0.18772196854388634,0.07302124302688373,0.11690447530430803,-0.0438832322774243,-0.2261110284411959,-0.5704598797629161,0.32294419042843886,0.6096562768366611,370.0,0.27146849593495936,0.0032534959009979277
399006,ladder,b50,off,"{'strategy': 'ladder', 'indicator': 'b50', 'n_bands': 9, 'edge_mode': 'fixed', 'direction': 'momentum', 'gate_cap': 0.0}",0.028553767387579754,0.08971447565808255,-0.061160708270502795,-0.6488916747581238,-0.6973995360915222,0.044003904655154115,0.24639909125920906,1333.0,0.4713687150837989,0.018583102140051544,0.06578063764070152,-0.04719753550064998,-0.5236690779513296,-0.6178854622674462,0.03548634609618611,0.1925708847769509,669.0,0.484779299847793,0.038637463877799316,0.11690447530430803,-0.07826701142650871,-0.43680397378139835,-0.5704598797629161,0.08845492760360213,0.3017776420787124,664.0,0.4576981707317073,-0.019094863100240028
399006,ladder,b50,ma200,"{'strategy': 'ladder', 'indicator': 'b50', 'n_bands': 9, 'edge_mode': 'fixed', 'direction': 'momentum', 'gate_cap': 0.0}",0.03639743780029647,0.08971447565808255,-0.053317037857786076,-0.5292087888211008,-0.6973995360915222,0.06877708490325288,0.3048733245929537,756.0,0.3051675977653631,0.022049199549559972,0.06578063764070152,-0.04373143809114155,-0.5164912338316219,-0.6178854622674462,0.04269036549950061,0.21622854336220731,384.0,0.3120243531202435,0.05096945253589724,0.11690447530430803,-0.06593502276841079,-0.2525300217666062,-0.5704598797629161,0.20183522014267408,0.39717066349484165,372.0,0.29814532520325204,-0.004479388753370495
399006,ladder,b50,off,"{'strategy': 'ladder', 'indicator': 'b50', 'n_bands': 9, 'edge_mode': 'preq', 'direction': 'contrarian', 'gate_cap': 0.0}",0.061288612307642376,0.08971447565808255,-0.028425863350440173,-0.35486673256415935,-0.6973995360915222,0.17270881343198743,0.39793108077736683,1334.0,0.5283773489080752,0.04744215098731286,0.06578063764070152,-0.018338486653388664,-0.35486673256415935,-0.6178854622674462,0.13369004934475054,0.32129268206214157,670.0,0.5147133434804668,0.07663417472110323,0.11690447530430803,-0.0402703005832048,-0.31890496844771776,-0.5704598797629161,0.24030411032516374,0.5121302829083315,673.0,0.5196265243902439,0.05202800736253088
399006,ladder,b50,ma200,"{'strategy': 'ladder', 'indicator': 'b50', 'n_bands': 9, 'edge_mode': 'preq', 'direction': 'contrarian', 'gate_cap': 0.0}",0.03972495183954394,0.08971447565808255,-0.049989523818538606,-0.4779342580624457,-0.6973995360915222,0.08311802548030273,0.35601212770820073,750.0,0.22962163534789234,0.007510220762537934,0.06578063764070152,-0.05827041687816359,-0.398586521421777,-0.6178854622674462,0.018842134289309687,0.12394376422455465,380.0,0.18772196854388634,0.07245166636913858,0.11690447530430803,-0.04445280893516945,-0.2258636425607926,-0.5704598797629161,0.32077613531641225,0.6178200214751495,378.0,0.258447662601626,0.0032534959009979277
399006,ladder,b50,off,"{'strategy': 'ladder', 'indicator': 'b50', 'n_bands': 9, 'edge_mode': 'preq', 'direction': 'momentum', 'gate_cap': 0.0}",0.028553767387579754,0.08971447565808255,-0.061160708270502795,-0.6488916747581238,-0.6973995360915222,0.044003904655154115,0.24639909125920906,1333.0,0.4713687150837989,0.018583102140051544,0.06578063764070152,-0.04719753550064998,-0.5236690779513296,-0.6178854622674462,0.03548634609618611,0.1925708847769509,669.0,0.484779299847793,0.03966028148963252,0.11690447530430803,-0.07724419381467551,-0.45471166156676035,-0.5704598797629161,0.08722072654345073,0.3049405183257096,672.0,0.4798653455284553,-0.019094863100240028
399006,ladder,b50,ma200,"{'strategy': 'ladder', 'indicator': 'b50', 'n_bands': 9, 'edge_mode': 'preq', 'direction': 'momentum', 'gate_cap': 0.0}",0.03639743780029647,0.08971447565808255,-0.053317037857786076,-0.5292087888211008,-0.6973995360915222,0.06877708490325288,0.3048733245929537,756.0,0.3051675977653631,0.022049199549559972,0.06578063764070152,-0.04373143809114155,-0.5164912338316219,-0.6178854622674462,0.04269036549950061,0.21622854336220731,384.0,0.3120243531202435,0.051936058804148866,0.11690447530430803,-0.06496841650015917,-0.2727605299267414,-0.5704598797629161,0.1904089965586222,0.39957363269068796,380.0,0.31116615853658536,-0.004479388753370495
399006,reversal,b50,off,"{'strategy': 'reversal', 'indicator': 'b50', 'low_extreme': 10.0, 'high_extreme': 90.0, 'confirm': 5.0, 'batch_mode': 'time', 'batches': 3, 'gate_cap': 0.0}",0.021817700081245173,0.08971447565808255,-0.06789677557683738,-0.4629249473454454,-0.6973995360915222,0.04713010220415772,0.20714112912373323,54.0,0.46800406297613,-0.013861394516312742,0.06578063764070152,-0.07964203215701426,-0.45367628525596226,-0.6178854622674462,-0.03055349148014691,0.027162422214100968,33.0,0.3693556570268899,0.0613927829602019,0.11690447530430803,-0.055511692344106134,-0.4629249473454454,-0.5704598797629161,0.13261930106002512,0.38688106339044676,22.0,0.5665650406504065,-0.02188602446443933
399006,reversal,b50,ma200,"{'strategy': 'reversal', 'indicator': 'b50', 'low_extreme': 10.0, 'high_extreme': 90.0, 'confirm': 5.0, 'batch_mode': 'time', 'batches': 3, 'gate_cap': 0.0}",0.0034385026624665915,0.08971447565808255,-0.08627597299561596,-0.4639480753678552,-0.6973995360915222,0.007411395466486785,0.08929926619439423,78.0,0.14753682072117832,-0.06934153974437618,0.06578063764070152,-0.1351221773850777,-0.4535134538695619,-0.6178854622674462,-0.1528985284840524,-0.569129131709461,52.0,0.12227295788939631,0.08203439552540837,0.11690447530430803,-0.034870079778899665,-0.20264159643897361,-0.5704598797629161,0.40482505550193576,0.660125481486767,26.0,0.17276422764227647,-0.04880102561077486
399006,reversal,b50,off,"{'strategy': 'reversal', 'indicator': 'b50', 'low_extreme': 10.0, 'high_extreme': 90.0, 'confirm': 5.0, 'batch_mode': 'time', 'batches': 5, 'gate_cap': 0.0}",0.023225656316038013,0.08971447565808255,-0.06648881934204454,-0.4657332552227438,-0.6973995360915222,0.04986900990123628,0.21393655092455363,90.0,0.46800406297613,-0.01064116403321369,0.06578063764070152,-0.07642180167391521,-0.44088158243205533,-0.6178854622674462,-0.02413610469848468,0.04256293334771583,55.0,0.36884830035514965,0.060852505791794576,0.11690447530430803,-0.056051969512513455,-0.465733255222744,-0.5704598797629161,0.13065956770188322,0.38390045690727764,36.0,0.5670731707317073,-0.01994568764473221
399006,reversal,b50,ma200,"{'strategy': 'reversal', 'indicator': 'b50', 'low_extreme': 10.0, 'high_extreme': 90.0, 'confirm': 5.0, 'batch_mode': 'time', 'batches': 5, 'gate_cap': 0.0}",0.00504396555736264,0.08971447565808255,-0.08467051010071991,-0.46502869610835107,-0.6973995360915222,0.01084656839367909,0.1021080723934973,100.0,0.14829862874555613,-0.06583610803328366,0.06578063764070152,-0.13161674567398518,-0.45419492978068643,-0.6178854622674462,-0.1449512174543063,-0.5499428080828033,64.0,0.12227295788939628,0.08142271201134621,0.11690447530430803,-0.03548176329296182,-0.20264159643897361,-0.5704598797629161,0.40180650686823327,0.6510594755313078,36.0,0.17428861788617886,-0.04646367870296031
399006,reversal,b50,off,"{'strategy': 'reversal', 'indicator': 'b50', 'low_extreme': 10.0, 'high_extreme': 90.0, 'confirm': 5.0, 'batch_mode': 'time', 'batches': 8, 'gate_cap': 0.0}",0.025013979931782337,0.08971447565808255,-0.06470049572630021,-0.4629249473454454,-0.6973995360915222,0.05403463363817444,0.2226098138936874,144.0,0.46800406297613,-0.009413823734547355,0.06578063764070152,-0.07519446137524888,-0.4408815824320552,-0.6178854622674462,-0.021352272604851057,0.04740912463294355,88.0,0.3680872653475393,0.0632457389449963,0.11690447530430803,-0.05365873635931173,-0.4629249473454454,-0.5704598797629161,0.1366220146649406,0.39394858083736906,57.0,0.5678353658536586,-0.017206443980510345
399006,reversal,b50,ma200,"{'strategy': 'reversal', 'indicator': 'b50', 'low_extreme': 10.0, 'high_extreme': 90.0, 'confirm': 5.0, 'batch_mode': 'time', 'batches': 8, 'gate_cap': 0.0}",0.007056464367090731,0.08971447565808255,-0.08265801129099182,-0.46569515869582423,-0.6973995360915222,0.015152539671772209,0.11827461789980322,133.0,0.1494413407821229,-0.06261720641738289,0.06578063764070152,-0.1283978440580844,-0.4395052906866138,-0.6178854622674462,-0.14247201966456338,-0.53321635618434,82.0,0.12227295788939624,0.08202714105636044,0.11690447530430803,-0.03487733424794759,-0.20264159643897373,-0.5704598797629161,0.4047892559959338,0.6496662335326856,51.0,0.17657520325203252,-0.0435337909058862
399006,reversal,b50,off,"{'strategy': 'reversal', 'indicator': 'b50', 'low_extreme': 10.0, 'high_extreme': 90.0, 'confirm': 5.0, 'batch_mode': 'band', 'batches': 3, 'gate_cap': 0.0}",0.01162800460275104,0.08971447565808255,-0.07808647105533151,-0.4629249473454454,-0.6973995360915222,0.025118552520078274,0.1564415693821405,52.0,0.4598781107160996,-0.032276328430204115,0.06578063764070152,-0.09805696607090564,-0.45194880990791464,-0.6178854622674462,-0.07141589428409044,-0.07967852858605298,33.0,0.36918653813630986,0.06014048098860947,0.11690447530430803,-0.05676399431569856,-0.4629249473454454,-0.5704598797629161,0.12991410666777314,0.3853851436697339,20.0,0.5504742547425475,-0.03680446162516759
399006,reversal,b50,ma200,"{'strategy': 'reversal', 'indicator': 'b50', 'low_extreme': 10.0, 'high_extreme': 90.0, 'confirm': 5.0, 'batch_mode': 'band', 'batches': 3, 'gate_cap': 0.0}",0.0022653864129100754,0.08971447565808255,-0.08744908924517247,-0.5007788808618125,-0.6973995360915222,0.004523725938704666,0.07834094376872792,76.0,0.14872185542576608,-0.0698938615692346,0.06578063764070152,-0.13567449920993613,-0.49106119646820445,-0.6178854622674462,-0.142332283780358,-0.6302056956279704,52.0,0.12819211905969902,0.08014595985094464,0.11690447530430803,-0.036758515453363394,-0.20264159643897361,-0.5704598797629161,0.39550596353044887,0.6480943323601019,24.0,0.1692073170731708,-0.050659963171621615
399006,reversal,b50,off,"{'strategy': 'reversal', 'indicator': 'b50', 'low_extreme': 10.0, 'high_extreme': 90.0, 'confirm': 5.0, 'batch_mode': 'band', 'batches': 5, 'gate_cap': 0.0}",0.007626079423079801,0.08971447565808255,-0.08208839623500275,-0.5050296187007903,-0.6973995360915222,0.015100261728605556,0.13501017274398922,77.0,0.4586084306754698,-0.03924733159028293,0.06578063764070152,-0.10502796923098445,-0.44088158243205533,-0.6178854622674462,-0.08902012049081541,-0.1293280482067138,47.0,0.3741248097412481,0.05940607428722533,0.11690447530430803,-0.0574984010170827,-0.4629249473454454,-0.5704598797629161,0.1283276579235535,0.383644757772821,31.0,0.5429878048780488,-0.04321293304955943
399006,reversal,b50,ma200,"{'strategy': 'reversal', 'indicator': 'b50', 'low_extreme': 10.0, 'high_extreme': 90.0, 'confirm': 5.0, 'batch_mode': 'band', 'batches': 5, 'gate_cap': 0.0}",0.0068047949262999285,0.08971447565808255,-0.08290968073178262,-0.490491898332614,-0.6973995360915222,0.013873409427214307,0.11596193353968479,91.0,0.15378364652107673,-0.06054754114773242,0.06578063764070152,-0.12632817878843394,-0.4805739707086035,-0.6178854622674462,-0.125990055305025,-0.5358042920533407,59.0,0.13718924403855912,0.07909978352816305,0.11690447530430803,-0.03780469177614498,-0.20264159643897361,-0.5704598797629161,0.3903432706718943,0.6386164537088636,32.0,0.17032520325203254,-0.04419644466818384
399006,reversal,b50,off,"{'strategy': 'reversal', 'indicator': 'b50', 'low_extreme': 10.0, 'high_extreme': 90.0, 'confirm': 5.0, 'batch_mode': 'band', 'batches': 8, 'gate_cap': 0.0}",0.012430774394149413,0.08971447565808255,-0.07728370126393314,-0.5045292721172224,-0.6973995360915222,0.02463836110437066,0.15869669408669354,120.0,0.4863826815642458,-0.042618254990431925,0.06578063764070152,-0.10839889263113345,-0.43789791524463517,-0.6178854622674462,-0.0973246355069375,-0.17649940199363023,70.0,0.3699898528665652,0.07265745191915585,0.11690447530430803,-0.044247023385152184,-0.4629249473454454,-0.5704598797629161,0.15695298414094144,0.44277762856698183,51.0,0.6027057926829268,-0.036514876316611614
399006,reversal,b50,ma200,"{'strategy': 'reversal', 'indicator': 'b50', 'low_extreme': 10.0, 'high_extreme': 90.0, 'confirm': 5.0, 'batch_mode': 'band', 'batches': 8, 'gate_cap': 0.0}",0.021263233410288906,0.08971447565808255,-0.06845124224779364,-0.429886915559917,-0.6973995360915222,0.04946238799241907,0.231855333616038,139.0,0.192832656170645,-0.04431529894105535,0.06578063764070152,-0.11009593658175687,-0.41878927002597155,-0.6178854622674462,-0.10581765606914212,-0.3948558169516576,83.0,0.141298833079655,0.09145219961025597,0.11690447530430803,-0.025452275694052062,-0.20264159643897361,-0.5704598797629161,0.4513002326143694,0.6888974031357143,56.0,0.24434705284552846,-0.021285790151708554
399006,reversal,b50,off,"{'strategy': 'reversal', 'indicator': 'b50', 'low_extreme': 20.0, 'high_extreme': 80.0, 'confirm': 5.0, 'batch_mode': 'time', 'batches': 3, 'gate_cap': 0.0}",0.05990546054215673,0.08971447565808255,-0.02980901511592582,-0.45395616099991754,-0.6973995360915222,0.1319630961945852,0.36182710667604484,135.0,0.6264601320467242,0.006462969858751499,0.06578063764070152,-0.05931766778195002,-0.3793248676710773,-0.6178854622674462,0.017038086372854713,0.14067260197140427,75.0,0.5489599188229325,0.11895967260175744,0.11690447530430803,0.002055197297449407,-0.4338733793312566,-0.5704598797629161,0.27418062104919627,0.5637521204439659,61.0,0.703760162601626,0.0348998294082786
399006,reversal,b50,ma200,"{'strategy': 'reversal', 'indicator': 'b50', 'low_extreme': 20.0, 'high_extreme': 80.0, 'confirm': 5.0, 'batch_mode': 'time', 'batches': 3, 'gate_cap': 0.0}",0.020429312959282075,0.08971447565808255,-0.06928516269880047,-0.44937664041467007,-0.6973995360915222,0.04546144841981678,0.20474249457997878,149.0,0.2833079397325208,-0.04398108967310732,0.06578063764070152,-0.10976172731380884,-0.4386583758560001,-0.6178854622674462,-0.1002627376880298,-0.31833456167900354,84.0,0.17334686284457979,0.08928758997683373,0.11690447530430803,-0.027616885327474305,-0.269152013588538,-0.5704598797629161,0.3317366598391151,0.5236662972836128,65.0,0.3932926829268293,-0.02338651825135357
399006,reversal,b50,off,"{'strategy': 'reversal', 'indicator': 'b50', 'low_extreme': 20.0, 'high_extreme': 80.0, 'confirm': 5.0, 'batch_mode': 'time', 'batches': 5, 'gate_cap': 0.0}",0.06179679376079106,0.08971447565808255,-0.02791768189729149,-0.4241363569336488,-0.6973995360915222,0.14570029838413132,0.369540458252988,223.0,0.6264093448450991,0.01102457942420032,0.06578063764070152,-0.0547560582165012,-0.39836137227660895,-0.6178854622674462,0.02767482038028832,0.16057913958910394,125.0,0.5484525621511923,0.11788535630344366,0.11690447530430803,0.0009808809991356249,-0.4241363569336488,-0.5704598797629161,0.27794211549255476,0.5598019666768742,99.0,0.7041666666666666,0.041529510215277635
399006,reversal,b50,ma200,"{'strategy': 'reversal', 'indicator': 'b50', 'low_extreme': 20.0, 'high_extreme': 80.0, 'confirm': 5.0, 'batch_mode': 'time', 'batches': 5, 'gate_cap': 0.0}",0.021540709435549976,0.08971447565808255,-0.06817376622253257,-0.42929476211038065,-0.6973995360915222,0.05017696775441069,0.21143797234574704,197.0,0.28430675469781613,-0.04037175841799312,0.06578063764070152,-0.10615239605869464,-0.4181855898999495,-0.6178854622674462,-0.09654029070598064,-0.29264257695383455,108.0,0.17442922374429226,0.08755129138946782,0.11690447530430803,-0.02935318391484021,-0.2691520135885379,-0.5704598797629161,0.32528566374877854,0.5154793246912496,89.0,0.3942073170731707,-0.020833472631755265
399006,reversal,b50,off,"{'strategy': 'reversal', 'indicator': 'b50', 'low_extreme': 20.0, 'high_extreme': 80.0, 'confirm': 5.0, 'batch_mode': 'time', 'batches': 8, 'gate_cap': 0.0}",0.06906299199669275,0.08971447565808255,-0.020651483661389802,-0.41822680712321547,-0.6973995360915222,0.16513286766992394,0.39917032289549426,346.0,0.6253174200101574,0.02759304870442114,0.06578063764070152,-0.03818758893628038,-0.39363194563750237,-0.6178854622674462,0.0700986010160662,0.23454446025106995,194.0,0.545662100456621,0.11494988292450814,0.11690447530430803,-0.001954592379799891,-0.41822680712321525,-0.5704598797629161,0.2748505857747238,0.5493918645751138,153.0,0.7047764227642277,0.0536622568711357
399006,reversal,b50,ma200,"{'strategy': 'reversal', 'indicator': 'b50', 'low_extreme': 20.0, 'high_extreme': 80.0, 'confirm': 5.0, 'batch_mode': 'time', 'batches': 8, 'gate_cap': 0.0}",0.02663279772204996,0.08971447565808255,-0.06308167793603259,-0.3942743806756339,-0.6973995360915222,0.0675488924144948,0.24236327279782055,265.0,0.2844083291010665,-0.028124670429416687,0.06578063764070152,-0.09390530807011821,-0.3823554894840854,-0.6178854622674462,-0.07355634011523014,-0.20140585586085277,143.0,0.1732623033992897,0.08456607816570516,0.11690447530430803,-0.03233839713860287,-0.2691520135885379,-0.5704598797629161,0.314194484515298,0.501319042278082,122.0,0.3955792682926829,-0.010829449795821629
399006,reversal,b50,off,"{'strategy': 'reversal', 'indicator': 'b50', 'low_extreme': 20.0, 'high_extreme': 80.0, 'confirm': 5.0, 'batch_mode': 'band', 'batches': 3, 'gate_cap': 0.0}",0.04209467587313753,0.08971447565808255,-0.047619799784945016,-0.49326122517773174,-0.6973995360915222,0.08533951935502328,0.2937587939179368,128.0,0.6097850008464533,-0.023447038775246343,0.06578063764070152,-0.08922767641594787,-0.4148733811421129,-0.6178854622674462,-0.05651613200803228,-0.014116161850986008,72.0,0.5254523930323017,0.11482137436656559,0.11690447530430803,-0.0020831009377424436,-0.42597607069391474,-0.5704598797629161,0.2695488837659863,0.553167580213243,57.0,0.6939363143631435,0.005563927871042304
399006,reversal,b50,ma200,"{'strategy': 'reversal', 'indicator': 'b50', 'low_extreme': 20.0, 'high_extreme': 80.0, 'confirm': 5.0, 'batch_mode': 'band', 'batches': 3, 'gate_cap': 0.0}",0.014240817843704123,0.08971447565808255,-0.07547365781437843,-0.5025199811245395,-0.6973995360915222,0.028338809159062714,0.16810373179765853,145.0,0.30192991366175725,-0.057771444739063704,0.06578063764070152,-0.12355208237976523,-0.4928361884518586,-0.6178854622674462,-0.11722240795778525,-0.41577483431865636,83.0,0.20412650093015391,0.09187944297888118,0.11690447530430803,-0.025025032325426855,-0.2691520135885379,-0.5704598797629161,0.3413663593070513,0.5372757224202462,62.0,0.39972899728997296,-0.033948671025001965
399006,reversal,b50,off,"{'strategy': 'reversal', 'indicator': 'b50', 'low_extreme': 20.0, 'high_extreme': 80.0, 'confirm': 5.0, 'batch_mode': 'band', 'batches': 5, 'gate_cap': 0.0}",0.023295903066059775,0.08971447565808255,-0.06641857259202277,-0.4774589214126135,-0.6973995360915222,0.04879142900322471,0.2140563129672227,195.0,0.5973590655154901,-0.03302375287410331,0.06578063764070152,-0.09880439051480483,-0.4363516984480488,-0.6178854622674462,-0.07568150414346343,-0.08735440616384146,107.0,0.5316083206494165,0.0843837380154373,0.11690447530430803,-0.03252073728887073,-0.43964204428330134,-0.5704598797629161,0.1919373706693557,0.4566470351644192,89.0,0.6629065040650406,-0.02033457195392378
399006,reversal,b50,ma200,"{'strategy': 'reversal', 'indicator': 'b50', 'low_extreme': 20.0, 'high_extreme': 80.0, 'confirm': 5.0, 'batch_mode': 'band', 'batches': 5, 'gate_cap': 0.0}",0.014091094229978562,0.08971447565808255,-0.07562338142810399,-0.4392658858316971,-0.6973995360915222,0.032078735646176505,0.167294154386717,194.0,0.29624174707973594,-0.04257826530621078,0.06578063764070152,-0.1083589029469123,-0.412754181630145,-0.6178854622674462,-0.10315647230526115,-0.3073407226294106,113.0,0.215220700152207,0.07420889491424965,0.11690447530430803,-0.042695580390058385,-0.22547066424787898,-0.5704598797629161,0.3291288255250161,0.4732489148395109,81.0,0.3772357723577236,-0.032542534598391785
399006,reversal,b50,off,"{'strategy': 'reversal', 'indicator': 'b50', 'low_extreme': 20.0, 'high_extreme': 80.0, 'confirm': 5.0, 'batch_mode': 'band', 'batches': 8, 'gate_cap': 0.0}",0.016599150045728095,0.08971447565808255,-0.07311532561235445,-0.42076551613832613,-0.6973995360915222,0.03944988220059161,0.18309244741422182,212.0,0.43305611985779585,-0.019557608023847983,0.06578063764070152,-0.0853382456645495,-0.42076551613832613,-0.6178854622674462,-0.04648101442186257,-0.04813660897943496,110.0,0.42820903094875695,0.054462062468697114,0.11690447530430803,-0.062442412835610916,-0.31898004524254864,-0.5704598797629161,0.170738148924911,0.412077599250599,103.0,0.4376905487804878,-0.028089242487176026
399006,reversal,b50,ma200,"{'strategy': 'reversal', 'indicator': 'b50', 'low_extreme': 20.0, 'high_extreme': 80.0, 'confirm': 5.0, 'batch_mode': 'band', 'batches': 8, 'gate_cap': 0.0}",0.015573806938722345,0.08971447565808255,-0.0741406687193602,-0.35937248573208525,-0.6973995360915222,0.04333611380124613,0.19377060132443194,206.0,0.20648171660741493,-0.018171121210604047,0.06578063764070152,-0.08395175885130557,-0.3497127273583571,-0.6178854622674462,-0.05196013696116859,-0.15313247202509891,119.0,0.1686960933536276,0.05053267143637763,0.11690447530430803,-0.0663718038679304,-0.19324182432068981,-0.5704598797629161,0.26149966040745587,0.4465311742301441,87.0,0.24422002032520326,-0.02714995571111767
399006,reversal,b50,off,"{'strategy': 'reversal', 'indicator': 'b50', 'low_extreme': 30.0, 'high_extreme': 70.0, 'confirm': 5.0, 'batch_mode': 'time', 'batches': 3, 'gate_cap': 0.0}",0.06770199798360799,0.08971447565808255,-0.022012477674474562,-0.4369633397110616,-0.6973995360915222,0.15493747834400792,0.4022148656773295,209.0,0.5782969358388353,0.03811176025072238,0.06578063764070152,-0.02766887738997914,-0.3463731872128317,-0.6178854622674462,0.11003091941785988,0.2855507922915507,107.0,0.5049890072721123,0.10082509873455336,0.11690447530430803,-0.016079376569754666,-0.41841840556762644,-0.5704598797629161,0.24096716920895014,0.5124457051029266,103.0,0.6514227642276422,0.04876750473291844
399006,reversal,b50,ma200,"{'strategy': 'reversal', 'indicator': 'b50', 'low_extreme': 30.0, 'high_extreme': 70.0, 'confirm': 5.0, 'batch_mode': 'time', 'batches': 3, 'gate_cap': 0.0}",0.016017733683079793,0.08971447565808255,-0.07369674197500276,-0.5120339126299146,-0.6973995360915222,0.03128256408019797,0.17845790511878692,186.0,0.2954968681225665,-0.03978490427348713,0.06578063764070152,-0.10556554191418865,-0.5025353152147406,-0.6178854622674462,-0.07916837497576955,-0.21871924169421014,102.0,0.2247590055809234,0.07515595244760287,0.11690447530430803,-0.04174852285670516,-0.3243839766763904,-0.5704598797629161,0.23168823940579347,0.47297549793693133,84.0,0.3661924119241193,-0.03170501955292246
399006,reversal,b50,off,"{'strategy': 'reversal', 'indicator': 'b50', 'low_extreme': 30.0, 'high_extreme': 70.0, 'confirm': 5.0, 'batch_mode': 'time', 'batches': 5, 'gate_cap': 0.0}",0.059820404920482906,0.08971447565808255,-0.029894070737599643,-0.4400702680332855,-0.6973995360915222,0.13593375709707858,0.37085313118834273,337.0,0.5731335703402742,0.039399235579837155,0.06578063764070152,-0.026381402060864367,-0.3220094639769914,-0.6178854622674462,0.12235427832845422,0.2932028044313875,167.0,0.4946727549467275,0.08327508583332488,0.11690447530430803,-0.03362938947098315,-0.44007026803328575,-0.5704598797629161,0.1892313384530358,0.4477970331415952,171.0,0.6514227642276422,0.036437060396271655
399006,reversal,b50,ma200,"{'strategy': 'reversal', 'indicator': 'b50', 'low_extreme': 30.0, 'high_extreme': 70.0, 'confirm': 5.0, 'batch_mode': 'time', 'batches': 5, 'gate_cap': 0.0}",0.011329093909614008,0.08971447565808255,-0.07838538174846854,-0.49352952714875165,-0.6973995360915222,0.02295525046913632,0.15073753336857745,256.0,0.29314372778059933,-0.037228990643395354,0.06578063764070152,-0.10300962828409688,-0.483670729070765,-0.6178854622674462,-0.07697176695997339,-0.20935197091714172,130.0,0.21948249619482496,0.062415969163372775,0.11690447530430803,-0.054488506140935256,-0.32649761974484426,-0.5704598797629161,0.19116822111031145,0.41135042874628913,126.0,0.3667682926829268,-0.03784912886142659
399006,reversal,b50,off,"{'strategy': 'reversal', 'indicator': 'b50', 'low_extreme': 30.0, 'high_extreme': 70.0, 'confirm': 5.0, 'batch_mode': 'time', 'batches': 8, 'gate_cap': 0.0}",0.057907611421412986,0.08971447565808255,-0.03180686423666956,-0.4394785724645286,-0.6973995360915222,0.13176435678462312,0.365016651241308,508.0,0.5655154900964957,0.046485872565250164,0.06578063764070152,-0.01929476507545136,-0.2844351204835238,-0.6178854622674462,0.1634322529729338,0.3316977170132239,236.0,0.4794520547945205,0.07204498848270413,0.11690447530430803,-0.0448594868216039,-0.43947857246452793,-0.5704598797629161,0.16393288091086436,0.4056572333372944,273.0,0.6514227642276422,0.03362162417184751
399006,reversal,b50,ma200,"{'strategy': 'reversal', 'indicator': 'b50', 'low_extreme': 30.0, 'high_extreme': 70.0, 'confirm': 5.0, 'batch_mode': 'time', 'batches': 8, 'gate_cap': 0.0}",0.009072389870158126,0.08971447565808255,-0.08064208578792442,-0.4485981212585227,-0.6973995360915222,0.020223869517567144,0.1366746507488773,348.0,0.290058405281869,-0.029981306046008016,0.06578063764070152,-0.09576194368670954,-0.4367452781213621,-0.6178854622674462,-0.06864712121209667,-0.17072635639711017,162.0,0.21289954337899544,0.049761611713092346,0.11690447530430803,-0.06714286359121568,-0.3261884417175327,-0.5704598797629161,0.1525547976227315,0.34906017870812456,186.0,0.3671875,-0.040295703665727794
399006,reversal,b50,off,"{'strategy': 'reversal', 'indicator': 'b50', 'low_extreme': 30.0, 'high_extreme': 70.0, 'confirm': 5.0, 'batch_mode': 'band', 'batches': 3, 'gate_cap': 0.0}",0.014219022521487101,0.08971447565808255,-0.07549545313659545,-0.45928079455740434,-0.6973995360915222,0.03095932311994357,0.16964195991823297,194.0,0.5245471474521755,-0.004045212412474353,0.06578063764070152,-0.06982585005317588,-0.31719645580813505,-0.6178854622674462,-0.012753018952144944,0.06193502700269759,96.0,0.4596651445966514,0.03533196767574598,0.11690447530430803,-0.08157250762856205,-0.45627906848525834,-0.5704598797629161,0.07743499563335218,0.26613453274265886,99.0,0.5892615176151761,-0.03291354263397984
399006,reversal,b50,ma200,"{'strategy': 'reversal', 'indicator': 'b50', 'low_extreme': 30.0, 'high_extreme': 70.0, 'confirm': 5.0, 'batch_mode': 'band', 'batches': 3, 'gate_cap': 0.0}",-0.0042209307095743,0.08971447565808255,-0.09393540636765685,-0.47040646075465475,-0.6973995360915222,-0.008972943744868693,0.05058705701806749,181.0,0.287370915862536,-0.043916562996304975,0.06578063764070152,-0.1096972006370065,-0.46009755619515924,-0.6178854622674462,-0.09545054609609124,-0.28234910543644576,100.0,0.24251648909183154,0.03718717402022276,0.11690447530430803,-0.07971730128408527,-0.27030585782277916,-0.5704598797629161,0.13757442890713753,0.29305391587391144,81.0,0.3321476964769648,-0.059950421318541586
399006,reversal,b50,off,"{'strategy': 'reversal', 'indicator': 'b50', 'low_extreme': 30.0, 'high_extreme': 70.0, 'confirm': 5.0, 'batch_mode': 'band', 'batches': 5, 'gate_cap': 0.0}",0.00940676940690821,0.08971447565808255,-0.08030770625117434,-0.36521502635252057,-0.6973995360915222,0.02575679730611196,0.1367096146465401,243.0,0.3871508379888268,-0.006985941207319879,0.06578063764070152,-0.0727665788480214,-0.25656307774575804,-0.6178854622674462,-0.027228942171650353,0.009749336213933502,119.0,0.349974632166413,0.02686197675683788,0.11690447530430803,-0.09004249854747015,-0.3652150263525211,-0.5704598797629161,0.0735511269213484,0.24379818733086836,125.0,0.42418699186991876,-0.037881904828259816
399006,reversal,b50,ma200,"{'strategy': 'reversal', 'indicator': 'b50', 'low_extreme': 30.0, 'high_extreme': 70.0, 'confirm': 5.0, 'batch_mode': 'band', 'batches': 5, 'gate_cap': 0.0}",0.00098533886554808,0.08971447565808255,-0.08872913679253447,-0.3921474273755423,-0.6973995360915222,0.0025126745625809353,0.06830371159348964,213.0,0.22706957846622652,-0.03219130646017132,0.06578063764070152,-0.09797194410087284,-0.3851015268227296,-0.6178854622674462,-0.0835917393674465,-0.2635103367513425,119.0,0.19857940131912738,0.03535250793594025,0.11690447530430803,-0.08155196736836778,-0.1969162143183274,-0.5704598797629161,0.1795307108575158,0.32383405180031843,94.0,0.25548780487804884,-0.05223241225048831
399006,reversal,b50,off,"{'strategy': 'reversal', 'indicator': 'b50', 'low_extreme': 30.0, 'high_extreme': 70.0, 'confirm': 5.0, 'batch_mode': 'band', 'batches': 8, 'gate_cap': 0.0}",0.010468608678218416,0.08971447565808255,-0.07924586697986413,-0.2615543126742932,-0.6973995360915222,0.040024607398673265,0.15463423434951293,244.0,0.26466480446927376,-0.003864879985595593,0.06578063764070152,-0.06964551762629712,-0.18445527860920974,-0.6178854622674462,-0.020952937832610347,-0.0022236865671966363,117.0,0.24093099949264332,0.025118447132332467,0.11690447530430803,-0.09178602817197556,-0.2615543126742923,-0.5704598797629161,0.0960353009495657,0.2786758149932328,128.0,0.2883003048780488,-0.03153767722844917
399006,reversal,b50,ma200,"{'strategy': 'reversal', 'indicator': 'b50', 'low_extreme': 30.0, 'high_extreme': 70.0, 'confirm': 5.0, 'batch_mode': 'band', 'batches': 8, 'gate_cap': 0.0}",0.0030465906789958197,0.08971447565808255,-0.08666788497908673,-0.2809597591755816,-0.6973995360915222,0.010843512565412966,0.07812365842246966,220.0,0.15620238699847638,-0.021536798545442992,0.06578063764070152,-0.08731743618614451,-0.274027203796399,-0.6178854622674462,-0.07859365145894325,-0.27236247807894653,123.0,0.1376204972095383,0.028286540350998868,0.11690447530430803,-0.08861793495330916,-0.14231655260533793,-0.5704598797629161,0.19875790857189377,0.344780045344961,97.0,0.17473323170731708,-0.047663325961286855
^GSPC,ladder,b200,off,"{'strategy': 'ladder', 'indicator': 'b200', 'n_bands': 3, 'edge_mode': 'fixed', 'direction': 'contrarian', 'gate_cap': 0.0}",0.03732161740485318,0.1002278715518341,-0.06290625414698092,-0.4630248824154607,-0.5677538774277282,0.08060391314211365,0.3409947727169255,544.0,0.3205478014482107,0.03484345970978309,0.09683473403082998,-0.061991274321046896,-0.2647586236673294,-0.4914694789846553,0.1316046262333048,0.3442959912445667,264.0,0.355213567839196,0.03982576513872038,0.0918644925788974,-0.05203872744017701,-0.4369061409472397,-0.5677538774277282,0.09115405210916845,0.34082895951435993,280.0,0.2857142857142857,-0.005502187231343089
^GSPC,ladder,b200,ma200,"{'strategy': 'ladder', 'indicator': 'b200', 'n_bands': 3, 'edge_mode': 'fixed', 'direction': 'contrarian', 'gate_cap': 0.0}",0.014611741268713674,0.1002278715518341,-0.08561613028312043,-0.19546589786132118,-0.5677538774277282,0.07475340419268628,0.34557351928022556,576.0,0.15117011228880262,0.01778962327708644,0.09683473403082998,-0.07904511075374354,-0.12031302534248456,-0.4914694789846553,0.14786115822826562,0.37703737875951965,258.0,0.1708542713567839,0.011431560123714712,0.0918644925788974,-0.08043293245518268,-0.11349422069472248,-0.5677538774277282,0.10072372014838887,0.3110874261603008,318.0,0.13139070061014096,-0.021468316492797745
^GSPC,ladder,b200,off,"{'strategy': 'ladder', 'indicator': 'b200', 'n_bands': 3, 'edge_mode': 'fixed', 'direction': 'momentum', 'gate_cap': 0.0}",0.06259460124627947,0.1002278715518341,-0.037633270305554634,-0.3737143894032735,-0.5677538774277282,0.16749315258164682,0.6084441667496595,545.0,0.6793472557456186,0.06164119083442343,0.09683473403082998,-0.03519354319640655,-0.3737143894032735,-0.4914694789846553,0.16494197864002155,0.6514972631168858,265.0,0.6445770519262981,0.05219593385908339,0.0918644925788974,-0.03966855871981401,-0.30148779786990865,-0.5677538774277282,0.17312784871514378,0.5291037556903236,280.0,0.7140753208499895,0.04441729884932595
^GSPC,ladder,b200,ma200,"{'strategy': 'ladder', 'indicator': 'b200', 'n_bands': 3, 'edge_mode': 'fixed', 'direction': 'momentum', 'gate_cap': 0.0}",0.06501860715953978,0.1002278715518341,-0.035209264392294326,-0.24111356192582023,-0.5677538774277282,0.2696596850057861,0.669397309101172,581.0,0.611869031377899,0.07021253667583349,0.09683473403082998,-0.02662219735499649,-0.188617351903682,-0.4914694789846553,0.3722485549033035,0.7858249679903773,258.0,0.567001675041876,0.048507693609831426,0.0918644925788974,-0.04335679896906597,-0.24111356192582045,-0.5677538774277282,0.20118193776571974,0.5320182639708128,323.0,0.6567431096149801,0.08673831536693785
^GSPC,ladder,b200,off,"{'strategy': 'ladder', 'indicator': 'b200', 'n_bands': 3, 'edge_mode': 'preq', 'direction': 'contrarian', 'gate_cap': 0.0}",0.03732161740485318,0.1002278715518341,-0.06290625414698092,-0.4630248824154607,-0.5677538774277282,0.08060391314211365,0.3409947727169255,544.0,0.3205478014482107,0.03484345970978309,0.09683473403082998,-0.061991274321046896,-0.2647586236673294,-0.4914694789846553,0.1316046262333048,0.3442959912445667,264.0,0.355213567839196,0.039666329540490874,0.0918644925788974,-0.05219816303840652,-0.5116074030041613,-0.5677538774277282,0.07753275130025482,0.31725082879592625,330.0,0.3953292657269093,-0.005502187231343089
^GSPC,ladder,b200,ma200,"{'strategy': 'ladder', 'indicator': 'b200', 'n_bands': 3, 'edge_mode': 'preq', 'direction': 'contrarian', 'gate_cap': 0.0}",0.014611741268713674,0.1002278715518341,-0.08561613028312043,-0.19546589786132118,-0.5677538774277282,0.07475340419268628,0.34557351928022556,576.0,0.15117011228880262,0.01778962327708644,0.09683473403082998,-0.07904511075374354,-0.12031302534248456,-0.4914694789846553,0.14786115822826562,0.37703737875951965,258.0,0.1708542713567839,0.014145949706913852,0.0918644925788974,-0.07771854287198354,-0.17532491363483993,-0.5677538774277282,0.0806841960656915,0.28064057482196864,385.0,0.19356196086682095,-0.021468316492797745
^GSPC,ladder,b200,off,"{'strategy': 'ladder', 'indicator': 'b200', 'n_bands': 3, 'edge_mode': 'preq', 'direction': 'momentum', 'gate_cap': 0.0}",0.06259460124627947,0.1002278715518341,-0.037633270305554634,-0.3737143894032735,-0.5677538774277282,0.16749315258164682,0.6084441667496595,545.0,0.6793472557456186,0.06164119083442343,0.09683473403082998,-0.03519354319640655,-0.3737143894032735,-0.4914694789846553,0.16494197864002155,0.6514972631168858,265.0,0.6445770519262981,0.050085700017093115,0.0918644925788974,-0.04177879256180428,-0.19429834731698803,-0.5677538774277282,0.25777728276494705,0.583665153723349,330.0,0.6044603408373659,0.04441729884932595
^GSPC,ladder,b200,ma200,"{'strategy': 'ladder', 'indicator': 'b200', 'n_bands': 3, 'edge_mode': 'preq', 'direction': 'momentum', 'gate_cap': 0.0}",0.06501860715953978,0.1002278715518341,-0.035209264392294326,-0.24111356192582023,-0.5677538774277282,0.2696596850057861,0.669397309101172,581.0,0.611869031377899,0.07021253667583349,0.09683473403082998,-0.02662219735499649,-0.188617351903682,-0.4914694789846553,0.3722485549033035,0.7858249679903773,258.0,0.567001675041876,0.04483033057577379,0.0918644925788974,-0.0470341620031236,-0.20616990139000213,-0.5677538774277282,0.2174436242803954,0.5350349334694231,331.0,0.5945718493583,0.08673831536693785
^GSPC,ladder,b200,off,"{'strategy': 'ladder', 'indicator': 'b200', 'n_bands': 5, 'edge_mode': 'fixed', 'direction': 'contrarian', 'gate_cap': 0.0}",0.04188779533936948,0.1002278715518341,-0.05834007621246462,-0.5006714371748966,-0.5677538774277282,0.08366324145776478,0.38784852278739346,897.0,0.3531587784657362,0.04226611164137295,0.09683473403082998,-0.05456862238945703,-0.28725607406821885,-0.4914694789846553,0.14713739919503113,0.43425115109946494,380.0,0.37814070351758794,0.0415167798985101,0.0918644925788974,-0.05034771268038729,-0.457424251305786,-0.5677538774277282,0.09076208744943942,0.35772011828662564,517.0,0.3280559646539028,-0.001538749144372853
^GSPC,ladder,b200,ma200,"{'strategy': 'ladder', 'indicator': 'b200', 'n_bands': 5, 'edge_mode': 'fixed', 'direction': 'contrarian', 'gate_cap': 0.0}",0.019026198487414048,0.1002278715518341,-0.08120167306442005,-0.20240129286259245,-0.5677538774277282,0.0940023564984374,0.4629636536973367,784.0,0.19196662818763774,0.023471931946807745,0.09683473403082998,-0.07336280208402224,-0.1308963327071555,-0.4914694789846553,0.1793169561084628,0.5152034803512509,341.0,0.20430276381909548,0.014582422989555477,0.0918644925788974,-0.07728206958934192,-0.13204279299606492,-0.5677538774277282,0.11043709890315677,0.4037777197628603,443.0,0.1795707973911214,-0.011120061239277064
^GSPC,ladder,b200,off,"{'strategy': 'ladder', 'indicator': 'b200', 'n_bands': 5, 'edge_mode': 'fixed', 'direction': 'momentum', 'gate_cap': 0.0}",0.059691883393768075,0.1002278715518341,-0.04053598815806603,-0.321304408180505,-0.5677538774277282,0.18577984575995574,0.6127769782601552,898.0,0.6467362787280931,0.056952922787089744,0.09683473403082998,-0.03988181124374024,-0.321304408180505,-0.4914694789846553,0.1772553420900913,0.635982187046468,381.0,0.6216499162479062,0.051102073707409934,0.0918644925788974,-0.04076241887148746,-0.22653688227989177,-0.5677538774277282,0.22557948707121384,0.5533934330272751,517.0,0.6717336419103724,0.04999034540914268
^GSPC,ladder,b200,ma200,"{'strategy': 'ladder', 'indicator': 'b200', 'n_bands': 5, 'edge_mode': 'fixed', 'direction': 'momentum', 'gate_cap': 0.0}",0.061142472330198316,0.1002278715518341,-0.039085399221635786,-0.19692576583217658,-0.5677538774277282,0.31048487774984684,0.6708929326811277,785.0,0.5710725154790639,0.0651347993260043,0.09683473403082998,-0.03169993470482568,-0.1719789958805945,-0.4914694789846553,0.3787369439651082,0.7824130569495557,342.0,0.5335531825795645,0.04585369179323928,0.0918644925788974,-0.04601080078565811,-0.1969257658321768,-0.5677538774277282,0.232847599192868,0.5420445849112032,443.0,0.6085630128339996,0.10074271156695727
^GSPC,ladder,b200,off,"{'strategy': 'ladder', 'indicator': 'b200', 'n_bands': 5, 'edge_mode': 'preq', 'direction': 'contrarian', 'gate_cap': 0.0}",0.04188779533936948,0.1002278715518341,-0.05834007621246462,-0.5006714371748966,-0.5677538774277282,0.08366324145776478,0.38784852278739346,897.0,0.3531587784657362,0.04226611164137295,0.09683473403082998,-0.05456862238945703,-0.28725607406821885,-0.4914694789846553,0.14713739919503113,0.43425115109946494,380.0,0.37814070351758794,0.04501466651766406,0.0918644925788974,-0.046849826061233335,-0.48911798850031163,-0.5677538774277282,0.09203232671054253,0.3554392118253102,678.0,0.39312013465179885,-0.001538749144372853
^GSPC,ladder,b200,ma200,"{'strategy': 'ladder', 'indicator': 'b200', 'n_bands': 5, 'edge_mode': 'preq', 'direction': 'contrarian', 'gate_cap': 0.0}",0.019026198487414048,0.1002278715518341,-0.08120167306442005,-0.20240129286259245,-0.5677538774277282,0.0940023564984374,0.4629636536973367,784.0,0.19196662818763774,0.023471931946807745,0.09683473403082998,-0.07336280208402224,-0.1308963327071555,-0.4914694789846553,0.1793169561084628,0.5152034803512509,341.0,0.20430276381909548,0.01516340636685043,0.0918644925788974,-0.07670108621204696,-0.169813901909728,-0.5677538774277282,0.08929425798667061,0.31941866256157436,645.0,0.20544918998527245,-0.011120061239277064
^GSPC,ladder,b200,off,"{'strategy': 'ladder', 'indicator': 'b200', 'n_bands': 5, 'edge_mode': 'preq', 'direction': 'momentum', 'gate_cap': 0.0}",0.059691883393768075,0.1002278715518341,-0.04053598815806603,-0.321304408180505,-0.5677538774277282,0.18577984575995574,0.6127769782601552,898.0,0.6467362787280931,0.056952922787089744,0.09683473403082998,-0.03988181124374024,-0.321304408180505,-0.4914694789846553,0.1772553420900913,0.635982187046468,381.0,0.6216499162479062,0.04595509915765761,0.0918644925788974,-0.045909393421239786,-0.22101484186388842,-0.5677538774277282,0.20792766119281242,0.5510118880716756,678.0,0.6066694719124763,0.04999034540914268
^GSPC,ladder,b200,ma200,"{'strategy': 'ladder', 'indicator': 'b200', 'n_bands': 5, 'edge_mode': 'preq', 'direction': 'momentum', 'gate_cap': 0.0}",0.061142472330198316,0.1002278715518341,-0.039085399221635786,-0.19692576583217658,-0.5677538774277282,0.31048487774984684,0.6708929326811277,785.0,0.5710725154790639,0.0651347993260043,0.09683473403082998,-0.03169993470482568,-0.1719789958805945,-0.4914694789846553,0.3787369439651082,0.7824130569495557,342.0,0.5335531825795645,0.04443311174479869,0.0918644925788974,-0.0474313808340987,-0.20463940901953614,-0.5677538774277282,0.21712881188274363,0.5469798560663593,644.0,0.5826846202398486,0.10074271156695727
^GSPC,ladder,b200,off,"{'strategy': 'ladder', 'indicator': 'b200', 'n_bands': 9, 'edge_mode': 'fixed', 'direction': 'contrarian', 'gate_cap': 0.0}",0.04441701393772912,0.1002278715518341,-0.05581085761410498,-0.45463815846156064,-0.5677538774277282,0.09769750539204806,0.41239578007179317,1648.0,0.367955714135796,0.04562093175223314,0.09683473403082998,-0.05121380227859684,-0.2505799593587893,-0.4914694789846553,0.18206137421752658,0.4711040726238497,752.0,0.3878245393634841,0.04168796622926463,0.0918644925788974,-0.050176526349632766,-0.44704750908969826,-0.5677538774277282,0.09325175821726837,0.3630463536575404,896.0,0.3479644435093625,0.005592487588356239
^GSPC,ladder,b200,ma200,"{'strategy': 'ladder', 'indicator': 'b200', 'n_bands': 9, 'edge_mode': 'fixed', 'direction': 'contrarian', 'gate_cap': 0.0}",0.022204719765061443,0.1002278715518341,-0.07802315178677266,-0.14560734253076235,-0.5677538774277282,0.15249725308577944,0.5289462187148225,1312.0,0.21047591562598383,0.026707259679892292,0.09683473403082998,-0.07012747435093769,-0.11268534290929422,-0.4914694789846553,0.23700739590764908,0.5866511523954534,579.0,0.21838358458961474,0.01621216388170099,0.0918644925788974,-0.0756523286971964,-0.11532830113115033,-0.5677538774277282,0.14057402842745997,0.4324921163080394,733.0,0.2025036818851252,0.014185010162248185
^GSPC,ladder,b200,off,"{'strategy': 'ladder', 'indicator': 'b200', 'n_bands': 9, 'edge_mode': 'fixed', 'direction': 'momentum', 'gate_cap': 0.0}",0.05764853088792332,0.1002278715518341,-0.04257934066391078,-0.34674271865673334,-0.5677538774277282,0.16625736543582312,0.6141812551184467,1649.0,0.6319393430580333,0.05347363734076227,0.09683473403082998,-0.04336109669006771,-0.34674271865673334,-0.4914694789846553,0.15421704469503175,0.6111563861388332,753.0,0.6119660804020101,0.051812570317691264,0.0918644925788974,-0.04005192226120613,-0.2385662900854577,-0.5677538774277282,0.21718311626982711,0.5762774227840958,896.0,0.6518251630549127,0.040955341775982784
^GSPC,ladder,b200,ma200,"{'strategy': 'ladder', 'indicator': 'b200', 'n_bands': 9, 'edge_mode': 'fixed', 'direction': 'momentum', 'gate_cap': 0.0}",0.058189230283670845,0.1002278715518341,-0.04203864126816326,-0.20708757869265704,-0.5677538774277282,0.28098851051820295,0.6703510957816137,1313.0,0.5525632280407178,0.062049999160386005,0.09683473403082998,-0.03478473487044398,-0.1897408174816101,-0.4914694789846553,0.3270250438675377,0.7680016010620812,580.0,0.5194723618090452,0.04434760983530528,0.0918644925788974,-0.047516882743592115,-0.20708757869265726,-0.5677538774277282,0.21414905768502146,0.5463107066647552,733.0,0.5856301283399958,0.08717221944638323
^GSPC,ladder,b200,off,"{'strategy': 'ladder', 'indicator': 'b200', 'n_bands': 9, 'edge_mode': 'preq', 'direction': 'contrarian', 'gate_cap': 0.0}",0.04441701393772912,0.1002278715518341,-0.05581085761410498,-0.45463815846156064,-0.5677538774277282,0.09769750539204806,0.41239578007179317,1648.0,0.367955714135796,0.04562093175223314,0.09683473403082998,-0.05121380227859684,-0.2505799593587893,-0.4914694789846553,0.18206137421752658,0.4711040726238497,752.0,0.3878245393634841,0.04581977404298598,0.0918644925788974,-0.04604471853591141,-0.48719168787820577,-0.5677538774277282,0.09404875982703666,0.362992400831858,1180.0,0.40697980223017044,0.005592487588356239
^GSPC,ladder,b200,ma200,"{'strategy': 'ladder', 'indicator': 'b200', 'n_bands': 9, 'edge_mode': 'preq', 'direction': 'contrarian', 'gate_cap': 0.0}",0.022204719765061443,0.1002278715518341,-0.07802315178677266,-0.14560734253076235,-0.5677538774277282,0.15249725308577944,0.5289462187148225,1312.0,0.21047591562598383,0.026707259679892292,0.09683473403082998,-0.07012747435093769,-0.11268534290929422,-0.4914694789846553,0.23700739590764908,0.5866511523954534,579.0,0.21838358458961474,0.015785888870584408,0.0918644925788974,-0.07607860370831299,-0.16655566183561954,-0.5677538774277282,0.09477845842409209,0.33565899280093436,1020.0,0.22343782873974333,0.014185010162248185
^GSPC,ladder,b200,off,"{'strategy': 'ladder', 'indicator': 'b200', 'n_bands': 9, 'edge_mode': 'preq', 'direction': 'momentum', 'gate_cap': 0.0}",0.05764853088792332,0.1002278715518341,-0.04257934066391078,-0.34674271865673334,-0.5677538774277282,0.16625736543582312,0.6141812551184467,1649.0,0.6319393430580333,0.05347363734076227,0.09683473403082998,-0.04336109669006771,-0.34674271865673334,-0.4914694789846553,0.15421704469503175,0.6111563861388332,753.0,0.6119660804020101,0.045819706769173685,0.0918644925788974,-0.04604478580972371,-0.20020672998610745,-0.5677538774277282,0.22886197068576647,0.5659474427918691,1180.0,0.5928098043341048,0.040955341775982784
^GSPC,ladder,b200,ma200,"{'strategy': 'ladder', 'indicator': 'b200', 'n_bands': 9, 'edge_mode': 'preq', 'direction': 'momentum', 'gate_cap': 0.0}",0.058189230283670845,0.1002278715518341,-0.04203864126816326,-0.20708757869265704,-0.5677538774277282,0.28098851051820295,0.6703510957816137,1313.0,0.5525632280407178,0.062049999160386005,0.09683473403082998,-0.03478473487044398,-0.1897408174816101,-0.4914694789846553,0.3270250438675377,0.7680016010620812,580.0,0.5194723618090452,0.04408060721457341,0.0918644925788974,-0.047783885364323986,-0.18410385695866827,-0.5677538774277282,0.2394333716999183,0.5607145704117958,1020.0,0.5646959814853777,0.08717221944638323
^GSPC,reversal,b200,off,"{'strategy': 'reversal', 'indicator': 'b200', 'low_extreme': 10.0, 'high_extreme': 90.0, 'confirm': 5.0, 'batch_mode': 'time', 'batches': 3, 'gate_cap': 0.0}",0.03590337691458445,0.1002278715518341,-0.06432449463724965,-0.3392496000265326,-0.5677538774277282,0.10583174427258414,0.42702976990242886,30.0,0.19571833350823806,0.024664892747792377,0.09683473403082998,-0.0721698412830376,-0.19918693134699017,-0.4914694789846553,0.12382786652215312,0.33697364847335476,12.0,0.21984924623115587,0.04732819213093031,0.0918644925788974,-0.04453630044796708,-0.3392496000265327,-0.5677538774277282,0.13950846847639253,0.504493838129281,18.0,0.17147065011571644,0.0037380009266838737
^GSPC,reversal,b200,ma200,"{'strategy': 'reversal', 'indicator': 'b200', 'low_extreme': 10.0, 'high_extreme': 90.0, 'confirm': 5.0, 'batch_mode': 'time', 'batches': 3, 'gate_cap': 0.0}",0.014263248688890506,0.1002278715518341,-0.0859646228629436,-0.19852911339611623,-0.5677538774277282,0.0718446198892335,0.29620603030934267,74.0,0.12299296883198667,0.013787373852130802,0.09683473403082998,-0.08304736017869918,-0.10793847909030141,-0.4914694789846553,0.12773363093801124,0.3036585777503652,34.0,0.12500000000000008,0.014744676053907835,0.0918644925788974,-0.07711981652498956,-0.19852911339611623,-0.5677538774277282,0.0742695910019426,0.29073576622105873,40.0,0.12097622554176317,-0.02284092576207275
^GSPC,reversal,b200,off,"{'strategy': 'reversal', 'indicator': 'b200', 'low_extreme': 10.0, 'high_extreme': 90.0, 'confirm': 5.0, 'batch_mode': 'time', 'batches': 5, 'gate_cap': 0.0}",0.03599366497689371,0.1002278715518341,-0.06423420657494039,-0.3392496000265327,-0.5677538774277282,0.10609788478476806,0.42896125304496546,50.0,0.195718333508238,0.02499163490141143,0.09683473403082998,-0.07184309912941855,-0.19918693134699017,-0.4914694789846553,0.1254682459958941,0.34141214016575877,20.0,0.2198492462311558,0.047175692059755914,0.0918644925788974,-0.04468880051914148,-0.3392496000265326,-0.5677538774277282,0.13905894673439945,0.5044508177989231,30.0,0.17147065011571644,0.003898629968942996
^GSPC,reversal,b200,ma200,"{'strategy': 'reversal', 'indicator': 'b200', 'low_extreme': 10.0, 'high_extreme': 90.0, 'confirm': 5.0, 'batch_mode': 'time', 'batches': 5, 'gate_cap': 0.0}",0.014636236214825349,0.1002278715518341,-0.08559163533700875,-0.19852911339611623,-0.5677538774277282,0.07372337469528877,0.3028205047575385,84.0,0.12351768286283978,0.014120397235620308,0.09683473403082998,-0.08271433679520968,-0.10793847909030141,-0.4914694789846553,0.1308189382936105,0.309948760697357,38.0,0.12541876046901174,0.015157940219787225,0.0918644925788974,-0.07670655235911017,-0.1985291133961159,-0.5677538774277282,0.07635122104002597,0.2976628762954113,46.0,0.12160740584893753,-0.021865631324089745
^GSPC,reversal,b200,off,"{'strategy': 'reversal', 'indicator': 'b200', 'low_extreme': 10.0, 'high_extreme': 90.0, 'confirm': 5.0, 'batch_mode': 'time', 'batches': 8, 'gate_cap': 0.0}",0.036419195499865165,0.1002278715518341,-0.06380867605196894,-0.3392496000265327,-0.5677538774277282,0.1073522135236617,0.4355105285966104,80.0,0.195718333508238,0.026593485111648052,0.09683473403082998,-0.07024124891918193,-0.19918693134699028,-0.4914694789846553,0.1335101903112374,0.36196500635783607,32.0,0.2198492462311558,0.046395068883565704,0.0918644925788974,-0.04546942369533169,-0.3392496000265327,-0.5677538774277282,0.13675791770996087,0.49970865192680114,48.0,0.17147065011571638,0.004655679778283323
^GSPC,reversal,b200,ma200,"{'strategy': 'reversal', 'indicator': 'b200', 'low_extreme': 10.0, 'high_extreme': 90.0, 'confirm': 5.0, 'batch_mode': 'time', 'batches': 8, 'gate_cap': 0.0}",0.015034226350302937,0.1002278715518341,-0.08519364520153117,-0.19852911339611645,-0.5677538774277282,0.07572806876090664,0.3097702629887821,99.0,0.12430475390911953,0.014533703166625278,0.09683473403082998,-0.0823010308642047,-0.10793847909030141,-0.4914694789846553,0.13464802625638603,0.3177294262276408,44.0,0.1260469011725293,0.015540609847767062,0.0918644925788974,-0.07632388273113033,-0.19852911339611623,-0.5677538774277282,0.078278745025973,0.30390744619168775,55.0,0.12255417630969914,-0.020824959616556043
^GSPC,reversal,b200,off,"{'strategy': 'reversal', 'indicator': 'b200', 'low_extreme': 10.0, 'high_extreme': 90.0, 'confirm': 5.0, 'batch_mode': 'band', 'batches': 3, 'gate_cap': 0.0}",0.03541387249187333,0.1002278715518341,-0.06481399905996077,-0.3392496000265327,-0.5677538774277282,0.1043888408095503,0.4246841841325171,30.0,0.23384755308356953,0.027018761558688986,0.09683473403082998,-0.069815972472141,-0.19918693134699006,-0.4914694789846553,0.1356452523063445,0.36251464757049506,12.0,0.25921273031825803,0.04392638517112335,0.0918644925788974,-0.047938107407774044,-0.3392496000265327,-0.5677538774277282,0.1294810227268886,0.4799030405727356,18.0,0.20835963251279901,0.002867136887843659
^GSPC,reversal,b200,ma200,"{'strategy': 'reversal', 'indicator': 'b200', 'low_extreme': 10.0, 'high_extreme': 90.0, 'confirm': 5.0, 'batch_mode': 'band', 'batches': 3, 'gate_cap': 0.0}",0.018776489575623057,0.1002278715518341,-0.08145138197621105,-0.19852911339611623,-0.5677538774277282,0.09457801555865093,0.3537318742495317,74.0,0.16724385210060522,0.019418507217435987,0.09683473403082998,-0.077416226813394,-0.10793847909030141,-0.4914694789846553,0.17990347261786457,0.3851358936296138,34.0,0.1691792294807371,0.018135757431109845,0.0918644925788974,-0.07372873514778755,-0.1985291133961159,-0.5677538774277282,0.09135061916548437,0.32700927653940337,40.0,0.16529910933445546,-0.011039622962266252
^GSPC,reversal,b200,off,"{'strategy': 'reversal', 'indicator': 'b200', 'low_extreme': 10.0, 'high_extreme': 90.0, 'confirm': 5.0, 'batch_mode': 'band', 'batches': 5, 'gate_cap': 0.0}",0.03803407513185375,0.1002278715518341,-0.06219379641998035,-0.3392496000265327,-0.5677538774277282,0.11211236543500451,0.46775113396091383,49.0,0.26296568370238227,0.02948389168129073,0.09683473403082998,-0.06735084234953925,-0.19918693134699017,-0.4914694789846553,0.1480212154577994,0.42978510935951547,19.0,0.27181742043551094,0.044363757688211436,0.0918644925788974,-0.04750073489068596,-0.3392496000265327,-0.5677538774277282,0.1307702579007956,0.48566903692219154,31.0,0.25402903429413004,0.007528668322013599
^GSPC,reversal,b200,ma200,"{'strategy': 'reversal', 'indicator': 'b200', 'low_extreme': 10.0, 'high_extreme': 90.0, 'confirm': 5.0, 'batch_mode': 'band', 'batches': 5, 'gate_cap': 0.0}",0.023173598375460847,0.1002278715518341,-0.07705427317637326,-0.19852911339611612,-0.5677538774277282,0.1167264487260547,0.40489103282266986,99.0,0.2064644768601113,0.021635633931722742,0.09683473403082998,-0.07519910009910724,-0.1079384790903013,-0.4914694789846553,0.20044412441296655,0.41076504628266564,50.0,0.19560301507537692,0.0224675270076089,0.0918644925788974,-0.0693969655712885,-0.19852911339611612,-0.5677538774277282,0.11316993575033232,0.37400204942837734,50.0,0.21733641910372398,0.00045801558459792474
^GSPC,reversal,b200,off,"{'strategy': 'reversal', 'indicator': 'b200', 'low_extreme': 10.0, 'high_extreme': 90.0, 'confirm': 5.0, 'batch_mode': 'band', 'batches': 8, 'gate_cap': 0.0}",0.03907049968652676,0.1002278715518341,-0.06115737186530734,-0.3392496000265328,-0.5677538774277282,0.11516741562398614,0.47497479271970283,65.0,0.3078497219015636,0.04605377099574448,0.09683473403082998,-0.0507809630350855,-0.19918693134699028,-0.4914694789846553,0.23120879810893455,0.6349586612934068,28.0,0.3876675041876047,0.026443728807890032,0.0918644925788974,-0.06542076377100736,-0.3392496000265327,-0.5677538774277282,0.07794770813531356,0.3181897284046586,38.0,0.22754050073637702,0.009372543130410055
^GSPC,reversal,b200,ma200,"{'strategy': 'reversal', 'indicator': 'b200', 'low_extreme': 10.0, 'high_extreme': 90.0, 'confirm': 5.0, 'batch_mode': 'band', 'batches': 8, 'gate_cap': 0.0}",0.02869470625720294,0.1002278715518341,-0.07153316529463116,-0.19852911339611634,-0.5677538774277282,0.14453651540743884,0.46426232846350735,182.0,0.24905551474446427,0.03633028009056316,0.09683473403082998,-0.06050445394026682,-0.1079384790903013,-0.4914694789846553,0.3365832129260341,0.6214457575835213,113.0,0.30415096314907875,0.015528437588607558,0.0918644925788974,-0.07633605499028984,-0.198529113396116,-0.5677538774277282,0.07821743281361651,0.27076264844440245,70.0,0.19358826004628654,0.014894706986196847
^GSPC,reversal,b200,off,"{'strategy': 'reversal', 'indicator': 'b200', 'low_extreme': 20.0, 'high_extreme': 80.0, 'confirm': 5.0, 'batch_mode': 'time', 'batches': 3, 'gate_cap': 0.0}",0.04198300957755352,0.1002278715518341,-0.05824486197428058,-0.4914694789846553,-0.5677538774277282,0.0854234319174565,0.40962925126974353,57.0,0.35092874383461015,0.0022721411898891652,0.09683473403082998,-0.09456259284094082,-0.4914694789846553,-0.4914694789846553,0.0046231582774646845,0.0779783661674707,18.0,0.320142378559464,0.08348037782483364,0.0918644925788974,-0.008384114754063754,-0.17509673467152043,-0.5677538774277282,0.4767671880428948,0.7451754834969563,39.0,0.3818640858405218,-0.0007775444175857488
^GSPC,reversal,b200,ma200,"{'strategy': 'reversal', 'indicator': 'b200', 'low_extreme': 20.0, 'high_extreme': 80.0, 'confirm': 5.0, 'batch_mode': 'time', 'batches': 3, 'gate_cap': 0.0}",0.019349097667629822,0.1002278715518341,-0.08087877388420428,-0.3154864189758788,-0.5677538774277282,0.06133100033415131,0.3087976754939374,133.0,0.2113897925630532,0.0020036616412308916,0.09683473403082998,-0.09483107238959909,-0.2855255335983715,-0.4914694789846553,0.007017451700306776,0.06338599644572972,58.0,0.14244835287548863,0.03708512360264371,0.0918644925788974,-0.054779368976253684,-0.18326735202333921,-0.5677538774277282,0.2023553196639241,0.5344448989663665,75.0,0.2806648432568905,-0.023994864196862045
^GSPC,reversal,b200,off,"{'strategy': 'reversal', 'indicator': 'b200', 'low_extreme': 20.0, 'high_extreme': 80.0, 'confirm': 5.0, 'batch_mode': 'time', 'batches': 5, 'gate_cap': 0.0}",0.043880963786607996,0.1002278715518341,-0.056346907765226106,-0.4914694789846552,-0.5677538774277282,0.0892852265765583,0.4299104814742232,95.0,0.3508238010284395,0.0024025352753891394,0.09683473403082998,-0.09443219875544084,-0.4914694789846552,-0.4914694789846553,0.004888472993994713,0.07908040308330587,30.0,0.320142378559464,0.08729890853394551,0.0918644925788974,-0.004565584044951887,-0.16913735319636392,-0.5677538774277282,0.5161420992120754,0.7964045397643614,65.0,0.38165369240479696,0.0019059459714876603
^GSPC,reversal,b200,ma200,"{'strategy': 'reversal', 'indicator': 'b200', 'low_extreme': 20.0, 'high_extreme': 80.0, 'confirm': 5.0, 'batch_mode': 'time', 'batches': 5, 'gate_cap': 0.0}",0.020149833867094014,0.1002278715518341,-0.08007803768474009,-0.3121512598699949,-0.5677538774277282,0.06455150581639824,0.3195853398941545,151.0,0.2123202854444328,0.00274705788311036,0.09683473403082998,-0.09408767614771962,-0.2855255335983711,-0.4914694789846553,0.009621058573957366,0.07448468463331741,64.0,0.14304857621440542,0.03794542957103997,0.0918644925788974,-0.053919063007857426,-0.18930811144447746,-0.5677538774277282,0.2004427030701696,0.5449553043143253,87.0,0.2819272038712392,-0.022226220284284757
^GSPC,reversal,b200,off,"{'strategy': 'reversal', 'indicator': 'b200', 'low_extreme': 20.0, 'high_extreme': 80.0, 'confirm': 5.0, 'batch_mode': 'time', 'batches': 8, 'gate_cap': 0.0}",0.046433568099603084,0.1002278715518341,-0.05379430345223102,-0.4914694789846553,-0.5677538774277282,0.09447904719440947,0.4556807441094455,152.0,0.35066638681918355,0.004004123386672331,0.09683473403082998,-0.09283061064415765,-0.4914694789846553,-0.4914694789846553,0.00814724730199848,0.09261759688835444,48.0,0.320142378559464,0.09088503237576218,0.0918644925788974,-0.0009794602031352184,-0.1691373531963637,-0.5677538774277282,0.5373445348305008,0.8448967812097522,104.0,0.3813381022512098,0.0055150368064251845
^GSPC,reversal,b200,ma200,"{'strategy': 'reversal', 'indicator': 'b200', 'low_extreme': 20.0, 'high_extreme': 80.0, 'confirm': 5.0, 'batch_mode': 'time', 'batches': 8, 'gate_cap': 0.0}",0.02140521113751981,0.1002278715518341,-0.0788226604143143,-0.3050316763236244,-0.5677538774277282,0.07017373210384183,0.33655990804163655,178.0,0.21372914261727358,0.0036705118638542533,0.09683473403082998,-0.09316422216697573,-0.28552553359837185,-0.4914694789846553,0.012855284140777747,0.08820884605892525,73.0,0.1439750837520938,0.03954603777994414,0.0918644925788974,-0.05231845479895325,-0.1844825608138927,-0.5677538774277282,0.21436192995953945,0.564942443962107,105.0,0.2838207447927625,-0.019224103407051843
^GSPC,reversal,b200,off,"{'strategy': 'reversal', 'indicator': 'b200', 'low_extreme': 20.0, 'high_extreme': 80.0, 'confirm': 5.0, 'batch_mode': 'band', 'batches': 3, 'gate_cap': 0.0}",0.04048246802752331,0.1002278715518341,-0.05974540352431079,-0.4914694789846552,-0.5677538774277282,0.08237025849734865,0.4220955621827669,57.0,0.39843285409451856,0.0030865539432460842,0.09683473403082998,-0.0937481800875839,-0.4914694789846552,-0.4914694789846553,0.006280255591095319,0.08427335002642654,18.0,0.3465242881072027,0.079472768590229,0.0918644925788974,-0.01239172398866839,-0.16913735319636392,-0.5677538774277282,0.4698711850951295,0.8170507637325264,39.0,0.4505926081772916,-0.0028991387156470094
^GSPC,reversal,b200,ma200,"{'strategy': 'reversal', 'indicator': 'b200', 'low_extreme': 20.0, 'high_extreme': 80.0, 'confirm': 5.0, 'batch_mode': 'band', 'batches': 3, 'gate_cap': 0.0}",0.026809149453136838,0.1002278715518341,-0.07341872209869726,-0.2855255335983714,-0.5677538774277282,0.09389405253978922,0.39116478062953614,140.0,0.2799874068632595,0.006517066852192777,0.09683473403082998,-0.0903176671786372,-0.2855255335983714,-0.4914694789846553,0.02282481279366025,0.12779372732589986,62.0,0.1862786152987158,0.047617370265988335,0.0918644925788974,-0.04424712231290906,-0.21105240778628442,-0.5677538774277282,0.22561870184493021,0.6263949492461311,78.0,0.3741496598639456,-0.0064936122433026655
^GSPC,reversal,b200,off,"{'strategy': 'reversal', 'indicator': 'b200', 'low_extreme': 20.0, 'high_extreme': 80.0, 'confirm': 5.0, 'batch_mode': 'band', 'batches': 5, 'gate_cap': 0.0}",0.044230800488114674,0.1002278715518341,-0.05599707106371943,-0.4914694789846552,-0.5677538774277282,0.08999704433221918,0.46037598448893446,96.0,0.4678140413474656,0.007532627362379474,0.09683473403082998,-0.08930210666845051,-0.4914694789846552,-0.4914694789846553,0.01532674496479701,0.12272554017629923,28.0,0.4034757118927974,0.07768135387892094,0.0918644925788974,-0.01418313869997645,-0.14474429003092681,-0.5677538774277282,0.5366799192031902,0.8376336639167875,69.0,0.5323795497580477,0.002400575094656021
^GSPC,reversal,b200,ma200,"{'strategy': 'reversal', 'indicator': 'b200', 'low_extreme': 20.0, 'high_extreme': 80.0, 'confirm': 5.0, 'batch_mode': 'band', 'batches': 5, 'gate_cap': 0.0}",0.0334793174319854,0.1002278715518341,-0.0667485541198487,-0.2855255335983713,-0.5677538774277282,0.11725507351324455,0.45369062180904335,205.0,0.35930317976702697,0.009843775810248312,0.09683473403082998,-0.08699095822058167,-0.2855255335983713,-0.4914694789846553,0.034475991292935854,0.17442252307706874,86.0,0.2454355108877722,0.05317036117172069,0.0918644925788974,-0.0386941314071767,-0.15305309137894085,-0.5677538774277282,0.34739815244944866,0.6529074224857784,120.0,0.47363770250368187,0.0068528969333886
^GSPC,reversal,b200,off,"{'strategy': 'reversal', 'indicator': 'b200', 'low_extreme': 20.0, 'high_extreme': 80.0, 'confirm': 5.0, 'batch_mode': 'band', 'batches': 8, 'gate_cap': 0.0}",0.03460231178721962,0.1002278715518341,-0.06562555976461448,-0.3667190187386147,-0.5677538774277282,0.09435646917424541,0.47153377872537705,115.0,0.38481215237695454,0.016872098746255837,0.09683473403082998,-0.07996263528457415,-0.3667190187386147,-0.4914694789846553,0.046008245779807014,0.25033997364123484,34.0,0.34508479899497485,0.04695907063155569,0.0918644925788974,-0.044905421947341706,-0.1290978261170158,-0.5677538774277282,0.36374795799420684,0.6686421084382128,82.0,0.42462655165158847,-0.0016327481890705195
^GSPC,reversal,b200,ma200,"{'strategy': 'reversal', 'indicator': 'b200', 'low_extreme': 20.0, 'high_extreme': 80.0, 'confirm': 5.0, 'batch_mode': 'band', 'batches': 8, 'gate_cap': 0.0}",0.02837655898823832,0.1002278715518341,-0.07185131256359578,-0.1973992845577437,-0.5677538774277282,0.1437520862946063,0.47735766838062016,279.0,0.30394060237170745,0.017133301866085082,0.09683473403082998,-0.0797014321647449,-0.1973992845577437,-0.4914694789846553,0.08679515685414356,0.3513855730497022,124.0,0.23060615577889448,0.03414718791994509,0.0918644925788974,-0.057717304658952306,-0.14891266237034917,-0.5677538774277282,0.22931016997748827,0.5408945876832234,156.0,0.3775247212286977,0.014390046979685059
^GSPC,reversal,b200,off,"{'strategy': 'reversal', 'indicator': 'b200', 'low_extreme': 30.0, 'high_extreme': 70.0, 'confirm': 5.0, 'batch_mode': 'time', 'batches': 3, 'gate_cap': 0.0}",0.02588656624910235,0.1002278715518341,-0.07434130530273175,-0.5794867163270607,-0.5677538774277282,0.04467154383309805,0.2683156693071765,81.0,0.36289222373806274,0.028540588256743105,0.09683473403082998,-0.06829414577408688,-0.4416279345991876,-0.4914694789846553,0.06462586720798347,0.306978351941089,36.0,0.416247906197655,0.023232099870441836,0.0918644925788974,-0.06863239270845556,-0.4817132525859237,-0.5677538774277282,0.04822806876441063,0.2379912357735741,45.0,0.309278350515464,-0.026736165648399833
^GSPC,reversal,b200,ma200,"{'strategy': 'reversal', 'indicator': 'b200', 'low_extreme': 30.0, 'high_extreme': 70.0, 'confirm': 5.0, 'batch_mode': 'time', 'batches': 3, 'gate_cap': 0.0}",0.021156297486099263,0.1002278715518341,-0.07907157406573484,-0.2539231097707598,-0.5677538774277282,0.0833177315180136,0.35108655431382824,136.0,0.21583237135761013,0.025087769801315885,0.09683473403082998,-0.0717469642295141,-0.2539231097707598,-0.4914694789846553,0.0988006559307066,0.37665186418066626,74.0,0.24832495812395314,0.017225465849396215,0.0918644925788974,-0.07463902672950118,-0.1817863525404847,-0.5677538774277282,0.0947566503682394,0.3239374568669701,62.0,0.18318255137106396,-0.01411585183223546
^GSPC,reversal,b200,off,"{'strategy': 'reversal', 'indicator': 'b200', 'low_extreme': 30.0, 'high_extreme': 70.0, 'confirm': 5.0, 'batch_mode': 'time', 'batches': 5, 'gate_cap': 0.0}",0.027236494455044946,0.1002278715518341,-0.07299137709678916,-0.5751749199722828,-0.5677538774277282,0.0473534111264056,0.2792550122452041,135.0,0.3627872809318921,0.028518483409967876,0.09683473403082998,-0.0683162506208621,-0.4391485615575803,-0.4914694789846553,0.06494040037115911,0.3069725574748147,60.0,0.41624790619765495,0.02595571181051337,0.0918644925788974,-0.06590878076838402,-0.48171325258592357,-0.5677538774277282,0.05388207957987128,0.25809086879424525,75.0,0.3090679570797391,-0.024853461807511253
^GSPC,reversal,b200,ma200,"{'strategy': 'reversal', 'indicator': 'b200', 'low_extreme': 30.0, 'high_extreme': 70.0, 'confirm': 5.0, 'batch_mode': 'time', 'batches': 5, 'gate_cap': 0.0}",0.022085652229530073,0.1002278715518341,-0.07814221932230403,-0.2539231097707595,-0.5677538774277282,0.0869777164019017,0.364436111894055,167.0,0.21679084898730194,0.02528982447668482,0.09683473403082998,-0.07154490955414516,-0.2539231097707595,-0.4914694789846553,0.09959638766048645,0.37934775114253755,88.0,0.24903685092127306,0.01888074167845688,0.0918644925788974,-0.07298375090044051,-0.17164401879587854,-0.5677538774277282,0.10999941513202462,0.35082117245502153,79.0,0.1843888070692195,-0.012094245032621735
^GSPC,reversal,b200,off,"{'strategy': 'reversal', 'indicator': 'b200', 'low_extreme': 30.0, 'high_extreme': 70.0, 'confirm': 5.0, 'batch_mode': 'time', 'batches': 8, 'gate_cap': 0.0}",0.028956503718170268,0.1002278715518341,-0.07127136783366383,-0.573008739651107,-0.5677538774277282,0.05053413973371728,0.29324619367887944,216.0,0.36262986672263614,0.030071850796412614,0.09683473403082998,-0.06676288323441737,-0.43392753812264373,-0.4914694789846553,0.06930154957787725,0.3208899157914087,96.0,0.41624790619765495,0.0278431489650266,0.0918644925788974,-0.0640213436138708,-0.4817132525859237,-0.5677538774277282,0.057800255267131534,0.2722072670070707,120.0,0.3087523669261519,-0.02254916480671139
^GSPC,reversal,b200,ma200,"{'strategy': 'reversal', 'indicator': 'b200', 'low_extreme': 30.0, 'high_extreme': 70.0, 'confirm': 5.0, 'batch_mode': 'time', 'batches': 8, 'gate_cap': 0.0}",0.023614493141065784,0.1002278715518341,-0.07661337841076832,-0.2539231097707597,-0.5677538774277282,0.09299859773450636,0.3865551131618812,212.0,0.218202329730297,0.02620134540250385,0.09683473403082998,-0.07063338862832613,-0.2539231097707597,-0.4914694789846553,0.10318613940321647,0.3917432522061138,108.0,0.25002617252931325,0.021026703555451887,0.0918644925788974,-0.07083778902344551,-0.16315117590970885,-0.5677538774277282,0.12887865158317025,0.38522350474894473,104.0,0.18622448979591838,-0.008768587952658446
^GSPC,reversal,b200,off,"{'strategy': 'reversal', 'indicator': 'b200', 'low_extreme': 30.0, 'high_extreme': 70.0, 'confirm': 5.0, 'batch_mode': 'band', 'batches': 3, 'gate_cap': 0.0}",0.0387489593213437,0.1002278715518341,-0.0614789122304904,-0.4277332262881558,-0.5677538774277282,0.09059141759363641,0.42425682406562504,81.0,0.4459719452898171,0.023993897501536576,0.09683473403082998,-0.0728408365292934,-0.38830006358562463,-0.4914694789846553,0.0617921544487351,0.2972204726255176,35.0,0.40731434952540485,0.04990523218656051,0.0918644925788974,-0.04195926039233688,-0.3511905441680506,-0.5677538774277282,0.14210300651682697,0.5103717991655333,47.0,0.4847464759099516,-0.0006507803008396762
^GSPC,reversal,b200,ma200,"{'strategy': 'reversal', 'indicator': 'b200', 'low_extreme': 30.0, 'high_extreme': 70.0, 'confirm': 5.0, 'batch_mode': 'band', 'batches': 3, 'gate_cap': 0.0}",0.03691557988099481,0.1002278715518341,-0.0633122916708393,-0.22899674818877225,-0.5677538774277282,0.1612056947226327,0.5357366511959155,180.0,0.33962990170357155,0.02693328819420593,0.09683473403082998,-0.06990144583662405,-0.22899674818877225,-0.4914694789846553,0.11761428233034828,0.43112422629628544,93.0,0.28105806811836964,0.04322756423752461,0.0918644925788974,-0.04863692834137279,-0.14096325439027135,-0.5677538774277282,0.306658387141408,0.5976876181232722,88.0,0.39841503611753987,0.026494902886549494
^GSPC,reversal,b200,off,"{'strategy': 'reversal', 'indicator': 'b200', 'low_extreme': 30.0, 'high_extreme': 70.0, 'confirm': 5.0, 'batch_mode': 'band', 'batches': 5, 'gate_cap': 0.0}",0.04070909097469255,0.1002278715518341,-0.05951878057714155,-0.38384758942324515,-0.5677538774277282,0.10605535138532586,0.47664065629274166,119.0,0.47215867352293006,0.03332702702989532,0.09683473403082998,-0.06350770700093467,-0.3680552851673702,-0.4914694789846553,0.09054897014925385,0.44649465233246727,49.0,0.4279731993299833,0.04132657115039229,0.0918644925788974,-0.050537921428505106,-0.3666352812504461,-0.5677538774277282,0.11271847872753518,0.4630151060677438,71.0,0.5164317273301072,0.006710872207845421
^GSPC,reversal,b200,ma200,"{'strategy': 'reversal', 'indicator': 'b200', 'low_extreme': 30.0, 'high_extreme': 70.0, 'confirm': 5.0, 'batch_mode': 'band', 'batches': 5, 'gate_cap': 0.0}",0.041575744055028396,0.1002278715518341,-0.058652127496805706,-0.19020583858882067,-0.5677538774277282,0.21858290136353367,0.5992789265591602,257.0,0.38310420820652746,0.0393536844777862,0.09683473403082998,-0.057481049553043784,-0.19020583858882067,-0.4914694789846553,0.20690050720713896,0.6619003652073545,119.0,0.32395309882747075,0.03703200389863981,0.0918644925788974,-0.054832488680257585,-0.17276236837564962,-0.5677538774277282,0.21435225880973374,0.5214954049444802,139.0,0.4424153166421208,0.05224188404733005
^GSPC,reversal,b200,off,"{'strategy': 'reversal', 'indicator': 'b200', 'low_extreme': 30.0, 'high_extreme': 70.0, 'confirm': 5.0, 'batch_mode': 'band', 'batches': 8, 'gate_cap': 0.0}",0.029173988588365285,0.1002278715518341,-0.07105388296346882,-0.22810637241293807,-0.5677538774277282,0.12789642077842517,0.5345365199806239,117.0,0.3011333823066429,0.024566662970992414,0.09683473403082998,-0.07226807105983757,-0.22810637241293807,-0.4914694789846553,0.10769827563834866,0.48641868985058645,53.0,0.28355318257956447,0.029545299667682157,0.0918644925788974,-0.06231919291121524,-0.1799930279675368,-0.5677538774277282,0.16414691169599574,0.5431166085239291,65.0,0.31871975594361457,0.00852623853328878
^GSPC,reversal,b200,ma200,"{'strategy': 'reversal', 'indicator': 'b200', 'low_extreme': 30.0, 'high_extreme': 70.0, 'confirm': 5.0, 'batch_mode': 'band', 'batches': 8, 'gate_cap': 0.0}",0.028164040765439546,0.1002278715518341,-0.07206383078639456,-0.12051713763836092,-0.5677538774277282,0.23369324327924346,0.606531707246517,264.0,0.24714030853185015,0.02800126837185024,0.09683473403082998,-0.06883346565897974,-0.11131903576604052,-0.4914694789846553,0.25154070172419185,0.6783152606820866,125.0,0.21809568676716917,0.024115517063173497,0.0918644925788974,-0.0677489755157239,-0.1111320747794814,-0.5677538774277282,0.21699871176728908,0.5179329309319283,140.0,0.2762465811066695,0.05023899883986066
^GSPC,ladder,b50,off,"{'strategy': 'ladder', 'indicator': 'b50', 'n_bands': 3, 'edge_mode': 'fixed', 'direction': 'contrarian', 'gate_cap': 0.0}",0.04947370147920127,0.1002278715518341,-0.05075417007263283,-0.3931606486885747,-0.5677538774277282,0.12583584253466257,0.42377701017223074,1100.0,0.3700808059607514,0.043714048752801604,0.09683473403082998,-0.05312068527802838,-0.3024716343583643,-0.4914694789846553,0.14452280408221616,0.4190057246925852,484.0,0.37950167504187604,0.05530397062759462,0.0918644925788974,-0.03656052195130277,-0.38925133004292467,-0.5677538774277282,0.14207779488254024,0.43261576233728155,616.0,0.3606143488323164,0.01988183497028533
^GSPC,ladder,b50,ma200,"{'strategy': 'ladder', 'indicator': 'b50', 'n_bands': 3, 'edge_mode': 'fixed', 'direction': 'contrarian', 'gate_cap': 0.0}",0.02893018508611611,0.1002278715518341,-0.07129768646571799,-0.14554328504272795,-0.5677538774277282,0.19877375364739716,0.5029583686517753,931.0,0.22725364676251442,0.03051781795124131,0.09683473403082998,-0.06631691607958867,-0.10160519490098163,-0.4914694789846553,0.30035686640808235,0.5268917376469106,413.0,0.23126046901172528,0.027343497371918657,0.0918644925788974,-0.06452099520697874,-0.14554328504272784,-0.5677538774277282,0.18787192664980246,0.4787547323022812,518.0,0.2232274353040185,0.036730889579528074
^GSPC,ladder,b50,off,"{'strategy': 'ladder', 'indicator': 'b50', 'n_bands': 3, 'edge_mode': 'fixed', 'direction': 'momentum', 'gate_cap': 0.0}",0.04832804189457862,0.1002278715518341,-0.05189982965725548,-0.4138092752393664,-0.5677538774277282,0.11678820361535747,0.4944063742154895,1101.0,0.629814251233078,0.05087914753845113,0.09683473403082998,-0.04595558649237885,-0.4138092752393664,-0.4914694789846553,0.1229531346512721,0.5494145024030936,485.0,0.6202889447236181,0.034600227862389143,0.0918644925788974,-0.05726426471650825,-0.3543739482273621,-0.5677538774277282,0.09763761708631598,0.38585815793611405,616.0,0.6391752577319587,0.0155753836517897
^GSPC,ladder,b50,ma200,"{'strategy': 'ladder', 'indicator': 'b50', 'n_bands': 3, 'edge_mode': 'fixed', 'direction': 'momentum', 'gate_cap': 0.0}",0.048807960224620084,0.1002278715518341,-0.05141991132721402,-0.2454801154809485,-0.5677538774277282,0.19882653276822346,0.5684930248582357,961.0,0.5357854969041872,0.05543040729972892,0.09683473403082998,-0.04140432673110106,-0.2454801154809485,-0.4914694789846553,0.22580406234178602,0.6867107510606869,431.0,0.5065954773869347,0.031063008174210927,0.0918644925788974,-0.06080148440468647,-0.19289039285202159,-0.5677538774277282,0.16103968536183824,0.41026006766356815,530.0,0.5649063749211025,0.048678666310960975
^GSPC,ladder,b50,off,"{'strategy': 'ladder', 'indicator': 'b50', 'n_bands': 3, 'edge_mode': 'preq', 'direction': 'contrarian', 'gate_cap': 0.0}",0.04947370147920127,0.1002278715518341,-0.05075417007263283,-0.3931606486885747,-0.5677538774277282,0.12583584253466257,0.42377701017223074,1100.0,0.3700808059607514,0.043714048752801604,0.09683473403082998,-0.05312068527802838,-0.3024716343583643,-0.4914694789846553,0.14452280408221616,0.4190057246925852,484.0,0.37950167504187604,0.06212259439412482,0.0918644925788974,-0.029741898184772575,-0.43498053155753935,-0.5677538774277282,0.14281695360406543,0.4438199599217506,765.0,0.4643383126446455,0.01988183497028533
^GSPC,ladder,b50,ma200,"{'strategy': 'ladder', 'indicator': 'b50', 'n_bands': 3, 'edge_mode': 'preq', 'direction': 'contrarian', 'gate_cap': 0.0}",0.02893018508611611,0.1002278715518341,-0.07129768646571799,-0.14554328504272795,-0.5677538774277282,0.19877375364739716,0.5029583686517753,931.0,0.22725364676251442,0.03051781795124131,0.09683473403082998,-0.06631691607958867,-0.10160519490098163,-0.4914694789846553,0.30035686640808235,0.5268917376469106,413.0,0.23126046901172528,0.03599882353917838,0.0918644925788974,-0.05586566903971901,-0.178552115129485,-0.5677538774277282,0.2016152175686759,0.4860650778251265,708.0,0.3058068588260046,0.036730889579528074
^GSPC,ladder,b50,off,"{'strategy': 'ladder', 'indicator': 'b50', 'n_bands': 3, 'edge_mode': 'preq', 'direction': 'momentum', 'gate_cap': 0.0}",0.04832804189457862,0.1002278715518341,-0.05189982965725548,-0.4138092752393664,-0.5677538774277282,0.11678820361535747,0.4944063742154895,1101.0,0.629814251233078,0.05087914753845113,0.09683473403082998,-0.04595558649237885,-0.4138092752393664,-0.4914694789846553,0.1229531346512721,0.5494145024030936,485.0,0.6202889447236181,0.02541101182555816,0.0918644925788974,-0.06645348075333923,-0.2988215632720843,-0.5677538774277282,0.08503741010959379,0.32510351661600884,765.0,0.5354512939196298,0.0155753836517897
^GSPC,ladder,b50,ma200,"{'strategy': 'ladder', 'indicator': 'b50', 'n_bands': 3, 'edge_mode': 'preq', 'direction': 'momentum', 'gate_cap': 0.0}",0.048807960224620084,0.1002278715518341,-0.05141991132721402,-0.2454801154809485,-0.5677538774277282,0.19882653276822346,0.5684930248582357,961.0,0.5357854969041872,0.05543040729972892,0.09683473403082998,-0.04140432673110106,-0.2454801154809485,-0.4914694789846553,0.22580406234178602,0.6867107510606869,431.0,0.5065954773869347,0.020516090658128094,0.0918644925788974,-0.0713484019207693,-0.16932510539273016,-0.5677538774277282,0.12116390307594008,0.3087009192848711,685.0,0.48232695139911635,0.048678666310960975
^GSPC,ladder,b50,off,"{'strategy': 'ladder', 'indicator': 'b50', 'n_bands': 5, 'edge_mode': 'fixed', 'direction': 'contrarian', 'gate_cap': 0.0}",0.05020916317323132,0.1002278715518341,-0.05001870837860278,-0.40256141911401555,-0.5677538774277282,0.12472423036399029,0.4416909670432781,1851.0,0.39395529436457133,0.048813958850822514,0.09683473403082998,-0.04802077518000747,-0.29527143828949454,-0.4914694789846553,0.16531893207687628,0.48029280513607997,850.0,0.39750837520938026,0.05162383122647318,0.0918644925788974,-0.04024066135242421,-0.40256141911401533,-0.5677538774277282,0.1282383973608063,0.4180466024866131,1001.0,0.3903850199873764,0.01987846711843445
^GSPC,ladder,b50,ma200,"{'strategy': 'ladder', 'indicator': 'b50', 'n_bands': 5, 'edge_mode': 'fixed', 'direction': 'contrarian', 'gate_cap': 0.0}",0.03200881292815572,0.1002278715518341,-0.06821905862367839,-0.12867818447038348,-0.5677538774277282,0.24875089013649282,0.5916491542907482,1508.0,0.25487984048693463,0.03714973276260336,0.09683473403082998,-0.05968500126822662,-0.09109588454167539,-0.4914694789846553,0.40780912276676734,0.688092085936235,701.0,0.25130862646566166,0.026875486660413728,0.0918644925788974,-0.06498900591848367,-0.12867818447038415,-0.5677538774277282,0.20885814305686945,0.49713900370636965,807.0,0.25846833578792344,0.0585689208803901
^GSPC,ladder,b50,off,"{'strategy': 'ladder', 'indicator': 'b50', 'n_bands': 5, 'edge_mode': 'fixed', 'direction': 'momentum', 'gate_cap': 0.0}",0.049502545132641185,0.1002278715518341,-0.05072532641919292,-0.3807417094996626,-0.5677538774277282,0.13001608149969462,0.5288868230249725,1852.0,0.6059397628292581,0.04783337281901345,0.09683473403082998,-0.04900136121181653,-0.3807417094996626,-0.4914694789846553,0.1256320797683865,0.5487001215655979,851.0,0.6022822445561139,0.039951557644968716,0.0918644925788974,-0.05191293493392868,-0.31218211849433397,-0.5677538774277282,0.12797516346437962,0.4603086436908518,1001.0,0.6094045865768988,0.021571236748362106
^GSPC,ladder,b50,ma200,"{'strategy': 'ladder', 'indicator': 'b50', 'n_bands': 5, 'edge_mode': 'fixed', 'direction': 'momentum', 'gate_cap': 0.0}",0.04684088557285415,0.1002278715518341,-0.05338698597897995,-0.21077011730458817,-0.5677538774277282,0.22223684349505504,0.5773159800888521,1521.0,0.508159303179767,0.05003759994777002,0.09683473403082998,-0.046797134083059966,-0.21077011730458817,-0.4914694789846553,0.2374036727201687,0.6678287959389924,704.0,0.4865473199329983,0.03248763329648119,0.0918644925788974,-0.059376859282416206,-0.18963996491874635,-0.5677538774277282,0.17131216677033728,0.4539627076671405,817.0,0.5296654744371976,0.05686254581063405
^GSPC,ladder,b50,off,"{'strategy': 'ladder', 'indicator': 'b50', 'n_bands': 5, 'edge_mode': 'preq', 'direction': 'contrarian', 'gate_cap': 0.0}",0.05020916317323132,0.1002278715518341,-0.05001870837860278,-0.40256141911401555,-0.5677538774277282,0.12472423036399029,0.4416909670432781,1851.0,0.39395529436457133,0.048813958850822514,0.09683473403082998,-0.04802077518000747,-0.29527143828949454,-0.4914694789846553,0.16531893207687628,0.48029280513607997,850.0,0.39750837520938026,0.061521076884136994,0.0918644925788974,-0.0303434156947604,-0.4323521794795744,-0.5677538774277282,0.14229389790098984,0.4454013584575598,1270.0,0.47533136966126655,0.01987846711843445
^GSPC,ladder,b50,ma200,"{'strategy': 'ladder', 'indicator': 'b50', 'n_bands': 5, 'edge_mode': 'preq', 'direction': 'contrarian', 'gate_cap': 0.0}",0.03200881292815572,0.1002278715518341,-0.06821905862367839,-0.12867818447038348,-0.5677538774277282,0.24875089013649282,0.5916491542907482,1508.0,0.25487984048693463,0.03714973276260336,0.09683473403082998,-0.05968500126822662,-0.09109588454167539,-0.4914694789846553,0.40780912276676734,0.688092085936235,701.0,0.25130862646566166,0.03555024469220691,0.0918644925788974,-0.05631424788669048,-0.16177045238960008,-0.5677538774277282,0.21975734237665004,0.5018183803901668,1114.0,0.31827266989269937,0.0585689208803901
^GSPC,ladder,b50,off,"{'strategy': 'ladder', 'indicator': 'b50', 'n_bands': 5, 'edge_mode': 'preq', 'direction': 'momentum', 'gate_cap': 0.0}",0.049502545132641185,0.1002278715518341,-0.05072532641919292,-0.3807417094996626,-0.5677538774277282,0.13001608149969462,0.5288868230249725,1852.0,0.6059397628292581,0.04783337281901345,0.09683473403082998,-0.04900136121181653,-0.3807417094996626,-0.4914694789846553,0.1256320797683865,0.5487001215655979,851.0,0.6022822445561139,0.027392826420498784,0.0918644925788974,-0.06447166615839861,-0.2981307466820958,-0.5677538774277282,0.09188192336870384,0.3604150554752489,1270.0,0.5244582369030086,0.021571236748362106
^GSPC,ladder,b50,ma200,"{'strategy': 'ladder', 'indicator': 'b50', 'n_bands': 5, 'edge_mode': 'preq', 'direction': 'momentum', 'gate_cap': 0.0}",0.04684088557285415,0.1002278715518341,-0.05338698597897995,-0.21077011730458817,-0.5677538774277282,0.22223684349505504,0.5773159800888521,1521.0,0.508159303179767,0.05003759994777002,0.09683473403082998,-0.046797134083059966,-0.21077011730458817,-0.4914694789846553,0.2374036727201687,0.6678287959389924,704.0,0.4865473199329983,0.022107184360762755,0.0918644925788974,-0.06975730821813464,-0.1855780364840819,-0.5677538774277282,0.11912608183382206,0.3452219869313642,1088.0,0.4698611403324216,0.05686254581063405
^GSPC,ladder,b50,off,"{'strategy': 'ladder', 'indicator': 'b50', 'n_bands': 9, 'edge_mode': 'fixed', 'direction': 'contrarian', 'gate_cap': 0.0}",0.05228602464918142,0.1002278715518341,-0.047941846902652685,-0.3981550788023348,-0.5677538774277282,0.1313207527239379,0.4625126118924196,3244.0,0.40481687480323225,0.046665140893490165,0.09683473403082998,-0.05016959313733982,-0.28618081913677396,-0.4914694789846553,0.16306173500463553,0.4656231908756693,1469.0,0.40876256281407036,0.05797449530535137,0.0918644925788974,-0.033889997273546024,-0.38945091594696146,-0.5677538774277282,0.14886213623194253,0.4661804251118642,1774.0,0.40082579423521986,0.023763192947983548
^GSPC,ladder,b50,ma200,"{'strategy': 'ladder', 'indicator': 'b50', 'n_bands': 9, 'edge_mode': 'fixed', 'direction': 'contrarian', 'gate_cap': 0.0}",0.03349746697201783,0.1002278715518341,-0.06673040457981627,-0.12082537119440173,-0.5677538774277282,0.27723868456503353,0.6222132533785775,2490.0,0.2668433203903872,0.03690493941721762,0.09683473403082998,-0.059929794613612364,-0.10348270578895558,-0.4914694789846553,0.3566290534814792,0.6842374311377932,1132.0,0.2630600921273032,0.030090588790596007,0.0918644925788974,-0.06177390378830139,-0.12082537119440206,-0.5677538774277282,0.24904197266798986,0.5604212945309637,1357.0,0.2706185567010309,0.07085723107812367
^GSPC,ladder,b50,off,"{'strategy': 'ladder', 'indicator': 'b50', 'n_bands': 9, 'edge_mode': 'fixed', 'direction': 'momentum', 'gate_cap': 0.0}",0.04822834809837939,0.1002278715518341,-0.05199952345345471,-0.35218949777554076,-0.5677538774277282,0.13693863219373037,0.5260677337237697,3245.0,0.5950781823905972,0.05081239538132931,0.09683473403082998,-0.04602233864950067,-0.35218949777554076,-0.4914694789846553,0.14427572571659514,0.5921682981907185,1470.0,0.5910280569514238,0.034468960041141194,0.0918644925788974,-0.0573955325377562,-0.3188930851410702,-0.5677538774277282,0.10808939311397425,0.4122661744110116,1774.0,0.5989638123290554,0.023575738805419327
^GSPC,ladder,b50,ma200,"{'strategy': 'ladder', 'indicator': 'b50', 'n_bands': 9, 'edge_mode': 'fixed', 'direction': 'momentum', 'gate_cap': 0.0}",0.045780889937219627,0.1002278715518341,-0.054446981614614476,-0.1987546862208318,-0.5677538774277282,0.23033866927974478,0.5769254769351951,2501.0,0.4961958232763144,0.05083402842063878,0.09683473403082998,-0.046000705610191206,-0.1987546862208318,-0.4914694789846553,0.2557626659638014,0.6950039725258879,1133.0,0.4747958542713568,0.029610480410126705,0.0918644925788974,-0.06225401216877069,-0.19461201682359408,-0.5677538774277282,0.15215134652741974,0.4278796450018569,1367.0,0.51751525352409,0.05946727874312923
^GSPC,ladder,b50,off,"{'strategy': 'ladder', 'indicator': 'b50', 'n_bands': 9, 'edge_mode': 'preq', 'direction': 'contrarian', 'gate_cap': 0.0}",0.05228602464918142,0.1002278715518341,-0.047941846902652685,-0.3981550788023348,-0.5677538774277282,0.1313207527239379,0.4625126118924196,3244.0,0.40481687480323225,0.046665140893490165,0.09683473403082998,-0.05016959313733982,-0.28618081913677396,-0.4914694789846553,0.16306173500463553,0.4656231908756693,1469.0,0.40876256281407036,0.061439931640614676,0.0918644925788974,-0.03042456093828272,-0.41572435357831916,-0.5677538774277282,0.147790070780734,0.4512840718391823,2077.0,0.475831054071113,0.023763192947983548
^GSPC,ladder,b50,ma200,"{'strategy': 'ladder', 'indicator': 'b50', 'n_bands': 9, 'edge_mode': 'preq', 'direction': 'contrarian', 'gate_cap': 0.0}",0.03349746697201783,0.1002278715518341,-0.06673040457981627,-0.12082537119440173,-0.5677538774277282,0.27723868456503353,0.6222132533785775,2490.0,0.2668433203903872,0.03690493941721762,0.09683473403082998,-0.059929794613612364,-0.10348270578895558,-0.4914694789846553,0.3566290534814792,0.6842374311377932,1132.0,0.2630600921273032,0.03446074962947021,0.0918644925788974,-0.05740374294942718,-0.15730199141320778,-0.5677538774277282,0.2190738293894017,0.5040983403066046,1788.0,0.32169156322322745,0.07085723107812367
^GSPC,ladder,b50,off,"{'strategy': 'ladder', 'indicator': 'b50', 'n_bands': 9, 'edge_mode': 'preq', 'direction': 'momentum', 'gate_cap': 0.0}",0.04822834809837939,0.1002278715518341,-0.05199952345345471,-0.35218949777554076,-0.5677538774277282,0.13693863219373037,0.5260677337237697,3245.0,0.5950781823905972,0.05081239538132931,0.09683473403082998,-0.04602233864950067,-0.35218949777554076,-0.4914694789846553,0.14427572571659514,0.5921682981907185,1470.0,0.5910280569514238,0.02821650721481883,0.0918644925788974,-0.06364798536407856,-0.3101805212015949,-0.5677538774277282,0.09096801793198402,0.37369592549445335,2077.0,0.5239585524931623,0.023575738805419327
^GSPC,ladder,b50,ma200,"{'strategy': 'ladder', 'indicator': 'b50', 'n_bands': 9, 'edge_mode': 'preq', 'direction': 'momentum', 'gate_cap': 0.0}",0.045780889937219627,0.1002278715518341,-0.054446981614614476,-0.1987546862208318,-0.5677538774277282,0.23033866927974478,0.5769254769351951,2501.0,0.4961958232763144,0.05083402842063878,0.09683473403082998,-0.046000705610191206,-0.1987546862208318,-0.4914694789846553,0.2557626659638014,0.6950039725258879,1133.0,0.4747958542713568,0.023537363314209747,0.0918644925788974,-0.06832712926468765,-0.1696825679427576,-0.5677538774277282,0.13871409184560476,0.3706290184013794,1779.0,0.4664422470018935,0.05946727874312923
^GSPC,reversal,b50,off,"{'strategy': 'reversal', 'indicator': 'b50', 'low_extreme': 10.0, 'high_extreme': 90.0, 'confirm': 5.0, 'batch_mode': 'time', 'batches': 3, 'gate_cap': 0.0}",0.04001042201937044,0.1002278715518341,-0.06021744953246366,-0.5579528380315484,-0.5677538774277282,0.0717093261153161,0.3754455082289474,87.0,0.3083219645293315,0.0533340156630997,0.09683473403082998,-0.043500718367730284,-0.3375237709732706,-0.4914694789846553,0.15801558364113966,0.5446508523729944,24.0,0.3557370184254607,0.026800569951374698,0.0918644925788974,-0.0650639226275227,-0.47257522983107736,-0.5677538774277282,0.056711753514788736,0.25682827699144944,63.0,0.26067746686303395,-0.007446739273351759
^GSPC,reversal,b50,ma200,"{'strategy': 'reversal', 'indicator': 'b50', 'low_extreme': 10.0, 'high_extreme': 90.0, 'confirm': 5.0, 'batch_mode': 'time', 'batches': 3, 'gate_cap': 0.0}",0.018644334892655934,0.1002278715518341,-0.08158353665917817,-0.4051266002576369,-0.5677538774277282,0.046021008940906924,0.3531350455410843,131.0,0.17137160247665026,0.0386567607409396,0.09683473403082998,-0.05817797328989038,-0.16782844491325177,-0.4914694789846553,0.23033497546211998,0.6172608267316345,48.0,0.2219430485762144,-0.0010726859887639772,0.0918644925788974,-0.09293717856766137,-0.3366187930884439,-0.5677538774277282,-0.0031866491437456306,0.001368701282841886,83.0,0.12055543867031353,-0.030541718419144128
^GSPC,reversal,b50,off,"{'strategy': 'reversal', 'indicator': 'b50', 'low_extreme': 10.0, 'high_extreme': 90.0, 'confirm': 5.0, 'batch_mode': 'time', 'batches': 5, 'gate_cap': 0.0}",0.04090365063436896,0.1002278715518341,-0.05932422091746514,-0.5567874392109498,-0.5677538774277282,0.07346367348432911,0.3835594684784782,145.0,0.3082170217231609,0.05283596480537933,0.09683473403082998,-0.04399876922545065,-0.3375237709732706,-0.4914694789846553,0.15653998132642205,0.5409908593464253,40.0,0.3557370184254606,0.029058480416465304,0.0918644925788974,-0.06280601216243209,-0.47257522983107736,-0.5677538774277282,0.061489639283151376,0.2730761764549485,105.0,0.26046707342730907,-0.006209063156747439
^GSPC,reversal,b50,ma200,"{'strategy': 'reversal', 'indicator': 'b50', 'low_extreme': 10.0, 'high_extreme': 90.0, 'confirm': 5.0, 'batch_mode': 'time', 'batches': 5, 'gate_cap': 0.0}",0.01963366403271838,0.1002278715518341,-0.08059420751911572,-0.3834418238224393,-0.5677538774277282,0.05120376237781029,0.37097683409335247,150.0,0.17168643089516214,0.038943859362827515,0.09683473403082998,-0.05789087466800247,-0.1696666194297406,-0.4914694789846553,0.22953165150410904,0.6210550734860332,52.0,0.22236180904522612,0.0005956055636855417,0.0918644925788974,-0.09126888701521185,-0.31272651057970824,-0.5677538774277282,0.0019045573161720578,0.03633346746692732,98.0,0.12076583210603832,-0.027875019560345316
^GSPC,reversal,b50,off,"{'strategy': 'reversal', 'indicator': 'b50', 'low_extreme': 10.0, 'high_extreme': 90.0, 'confirm': 5.0, 'batch_mode': 'time', 'batches': 8, 'gate_cap': 0.0}",0.04265441497681821,0.1002278715518341,-0.05757345657501589,-0.5557756228535378,-0.5677538774277282,0.07674754563328307,0.3994845938996498,232.0,0.30805960751390493,0.05341480013215194,0.09683473403082998,-0.04341993389867804,-0.33752377097327046,-0.4914694789846553,0.15825492817328715,0.5468998371664022,64.0,0.3557370184254606,0.031961731933993986,0.0918644925788974,-0.05990276064490341,-0.47257522983107747,-0.5677538774277282,0.06763310879713003,0.294945079839537,168.0,0.26015148327372184,-0.0038450556916963044
^GSPC,reversal,b50,ma200,"{'strategy': 'reversal', 'indicator': 'b50', 'low_extreme': 10.0, 'high_extreme': 90.0, 'confirm': 5.0, 'batch_mode': 'time', 'batches': 8, 'gate_cap': 0.0}",0.02057286220968635,0.1002278715518341,-0.07965500934214775,-0.3662895913746014,-0.5677538774277282,0.0561655659733084,0.38706094436192007,179.0,0.17238167698604262,0.039755545137005965,0.09683473403082998,-0.05707918889382402,-0.1651729829005819,-0.4914694789846553,0.24069036254515633,0.6319654289555884,58.0,0.22298994974874373,0.001658094765828455,0.0918644925788974,-0.09020639781306894,-0.2990159141257469,-0.5677538774277282,0.005545172305214387,0.0588622284175383,121.0,0.12152850831054071,-0.02532677921596529
^GSPC,reversal,b50,off,"{'strategy': 'reversal', 'indicator': 'b50', 'low_extreme': 10.0, 'high_extreme': 90.0, 'confirm': 5.0, 'batch_mode': 'band', 'batches': 3, 'gate_cap': 0.0}",0.034940463474654626,0.1002278715518341,-0.06528740807717948,-0.5491348168413036,-0.5677538774277282,0.06362820641320252,0.3493397281268541,83.0,0.309056564172526,0.050638056637291706,0.09683473403082998,-0.04619667739353828,-0.33752377097327046,-0.4914694789846553,0.15002811947518177,0.5225946653872823,23.0,0.35943606923506427,0.019410498102226947,0.0918644925788974,-0.07245399447667045,-0.47257522983107736,-0.5677538774277282,0.0410738796215901,0.21268099794089457,60.0,0.2584332702153027,-0.013721162281026676
^GSPC,reversal,b50,ma200,"{'strategy': 'reversal', 'indicator': 'b50', 'low_extreme': 10.0, 'high_extreme': 90.0, 'confirm': 5.0, 'batch_mode': 'band', 'batches': 3, 'gate_cap': 0.0}",0.019358015628465397,0.1002278715518341,-0.0808698559233687,-0.3975556146242676,-0.5677538774277282,0.04869259775581533,0.3619704744492402,134.0,0.17791303739461997,0.04025654480968255,0.09683473403082998,-0.056578189221147435,-0.17738583095466076,-0.4914694789846553,0.22694340688333778,0.6329979399761,48.0,0.22801507537688442,-0.00121474781372366,0.0918644925788974,-0.09307924039262105,-0.3336785289633657,-0.5677538774277282,-0.0036404734146290433,-0.0013079340082529044,86.0,0.1275685531944737,-0.02904487445169509
^GSPC,reversal,b50,off,"{'strategy': 'reversal', 'indicator': 'b50', 'low_extreme': 10.0, 'high_extreme': 90.0, 'confirm': 5.0, 'batch_mode': 'band', 'batches': 5, 'gate_cap': 0.0}",0.03565027499682971,0.1002278715518341,-0.06457759655500439,-0.5327762285599165,-0.5677538774277282,0.06691416224254543,0.3635791439979831,135.0,0.3202224787490818,0.05186056126721028,0.09683473403082998,-0.0449741727636197,-0.3375237709732706,-0.4914694789846553,0.1536501003104675,0.5337455082190569,38.0,0.37198492462311566,0.019620674029098062,0.0918644925788974,-0.07224381854979933,-0.47257522983107736,-0.5677538774277282,0.0415186255871081,0.21954831742526956,97.0,0.2682095518619819,-0.011980893035984461
^GSPC,reversal,b50,ma200,"{'strategy': 'reversal', 'indicator': 'b50', 'low_extreme': 10.0, 'high_extreme': 90.0, 'confirm': 5.0, 'batch_mode': 'band', 'batches': 5, 'gate_cap': 0.0}",0.02450699784287047,0.1002278715518341,-0.07572087370896363,-0.3006985202805972,-0.5677538774277282,0.08150022760338739,0.44297040958215617,155.0,0.19597019624304754,0.04461554323519734,0.09683473403082998,-0.05221919079563264,-0.15310120657265525,-0.4914694789846553,0.2914120942216398,0.6844075888991916,52.0,0.2449748743718593,0.004696130950660127,0.0918644925788974,-0.08716836162823727,-0.28044766627450723,-0.5677538774277282,0.01674512401206245,0.12103796940120938,103.0,0.1467283820744793,-0.012832433184023218
^GSPC,reversal,b50,off,"{'strategy': 'reversal', 'indicator': 'b50', 'low_extreme': 10.0, 'high_extreme': 90.0, 'confirm': 5.0, 'batch_mode': 'band', 'batches': 8, 'gate_cap': 0.0}",0.03844067134957285,0.1002278715518341,-0.06178720020226125,-0.44426830730010225,-0.5677538774277282,0.08652580145359381,0.4223911496144128,205.0,0.35917987196977647,0.051725648036135,0.09683473403082998,-0.045109085994694986,-0.30918161456242055,-0.4914694789846553,0.16729858956633442,0.5711699679729308,57.0,0.3859924623115578,0.023815601896773897,0.0918644925788974,-0.0680488906821235,-0.41491788954969544,-0.5677538774277282,0.05739834915920505,0.27497702526546525,149.0,0.3322112350094677,-0.00246199953991922
^GSPC,reversal,b50,ma200,"{'strategy': 'reversal', 'indicator': 'b50', 'low_extreme': 10.0, 'high_extreme': 90.0, 'confirm': 5.0, 'batch_mode': 'band', 'batches': 8, 'gate_cap': 0.0}",0.03133561456161038,0.1002278715518341,-0.06889225699022372,-0.16562486477131055,-0.5677538774277282,0.18919631786493882,0.5532466788349588,252.0,0.24670741945639627,0.0457938412936878,0.09683473403082998,-0.051040892737142185,-0.14082639751652648,-0.4914694789846553,0.3251793846981971,0.7141328122136551,96.0,0.2684778056951424,0.01560945484609344,0.0918644925788974,-0.07625503773280395,-0.16122285253188695,-0.5677538774277282,0.09681912086877494,0.3313755880843573,157.0,0.22480538607195455,0.0343431729518413
^GSPC,reversal,b50,off,"{'strategy': 'reversal', 'indicator': 'b50', 'low_extreme': 20.0, 'high_extreme': 80.0, 'confirm': 5.0, 'batch_mode': 'time', 'batches': 3, 'gate_cap': 0.0}",0.029397758265199636,0.1002278715518341,-0.07083011328663447,-0.45968694610900807,-0.5677538774277282,0.063951692590001,0.2848549005563051,201.0,0.30779725049847834,0.03916040380414243,0.09683473403082998,-0.057674330226687553,-0.30386117296122805,-0.4914694789846553,0.12887597129475703,0.4119939944802005,96.0,0.30339195979899497,0.01968646118650863,0.0918644925788974,-0.07217803139238876,-0.4541201155106921,-0.5677538774277282,0.04335077992387483,0.20371078721307717,105.0,0.3122238586156112,-0.016917390935980277
^GSPC,reversal,b50,ma200,"{'strategy': 'reversal', 'indicator': 'b50', 'low_extreme': 20.0, 'high_extreme': 80.0, 'confirm': 5.0, 'batch_mode': 'time', 'batches': 3, 'gate_cap': 0.0}",0.011236772469348066,0.1002278715518341,-0.08899109908248604,-0.283748067884398,-0.5677538774277282,0.039601229897805144,0.2168798309660645,226.0,0.17081190751040687,0.013945737808131797,0.09683473403082998,-0.08288899622269819,-0.22147400752915625,-0.4914694789846553,0.06296783068909742,0.25871713869903773,112.0,0.1684115019542156,0.008524357210484945,0.0918644925788974,-0.08334013536841245,-0.20113183727549266,-0.5677538774277282,0.04238193876193271,0.17364990513942158,114.0,0.1732239287467565,-0.037554167490369564
^GSPC,reversal,b50,off,"{'strategy': 'reversal', 'indicator': 'b50', 'low_extreme': 20.0, 'high_extreme': 80.0, 'confirm': 5.0, 'batch_mode': 'time', 'batches': 5, 'gate_cap': 0.0}",0.028353034515609554,0.1002278715518341,-0.07187483703622455,-0.47622605314306066,-0.5677538774277282,0.05953692438387482,0.2781068535470571,335.0,0.3076923076923077,0.037066234587256996,0.09683473403082998,-0.05976849944357299,-0.30885182816016554,-0.4914694789846553,0.12001300043474261,0.39520724641858584,160.0,0.30339195979899497,0.019677398964599302,0.0918644925788974,-0.07218709361429809,-0.46486196538093816,-0.5677538774277282,0.04232955249086546,0.20393395655397348,175.0,0.3120134651798864,-0.019310132468184797
^GSPC,reversal,b50,ma200,"{'strategy': 'reversal', 'indicator': 'b50', 'low_extreme': 20.0, 'high_extreme': 80.0, 'confirm': 5.0, 'batch_mode': 'time', 'batches': 5, 'gate_cap': 0.0}",0.01086459325721667,0.1002278715518341,-0.08936327829461743,-0.2902610655402028,-0.5677538774277282,0.037430418843797233,0.21144399282628776,303.0,0.1712456711092455,0.013740389937990205,0.09683473403082998,-0.08309434409283978,-0.21739033457851908,-0.4914694789846553,0.06320607567319109,0.2564773261229578,146.0,0.1690954773869347,0.007985387069877836,0.0918644925788974,-0.08387910550901956,-0.20743632633371534,-0.5677538774277282,0.03849560590959976,0.16498493074945778,157.0,0.17340626972438464,-0.03864579943925157
^GSPC,reversal,b50,off,"{'strategy': 'reversal', 'indicator': 'b50', 'low_extreme': 20.0, 'high_extreme': 80.0, 'confirm': 5.0, 'batch_mode': 'time', 'batches': 8, 'gate_cap': 0.0}",0.030627989813733825,0.1002278715518341,-0.06959988173810028,-0.4755698182788658,-0.5677538774277282,0.06440271992991387,0.29713009599662205,530.0,0.307784132647707,0.037716852129499046,0.09683473403082998,-0.05911788190133094,-0.30711250042854255,-0.4914694789846553,0.12281119158897545,0.4038356943548893,256.0,0.30339195979899497,0.023560092143923184,0.0918644925788974,-0.06830440043497421,-0.4755698182788659,-0.5677538774277282,0.04954076402322898,0.22992831761192586,274.0,0.3121975594361456,-0.01599884107089462
^GSPC,reversal,b50,ma200,"{'strategy': 'reversal', 'indicator': 'b50', 'low_extreme': 20.0, 'high_extreme': 80.0, 'confirm': 5.0, 'batch_mode': 'time', 'batches': 8, 'gate_cap': 0.0}",0.011681301510619635,0.1002278715518341,-0.08854657004121447,-0.2891165593359821,-0.5677538774277282,0.04040343291801838,0.2257274905122325,416.0,0.17209308426907335,0.014170249205154306,0.09683473403082998,-0.08266448482567568,-0.2173903345785192,-0.4914694789846553,0.06518343712303434,0.2645534297568584,200.0,0.17022613065326633,0.0091889262340894,0.0918644925788974,-0.082675566344808,-0.21549612994988876,-0.5677538774277282,0.04264079469188697,0.1857451886399381,216.0,0.17396907216494845,-0.03696656885752133
^GSPC,reversal,b50,off,"{'strategy': 'reversal', 'indicator': 'b50', 'low_extreme': 20.0, 'high_extreme': 80.0, 'confirm': 5.0, 'batch_mode': 'band', 'batches': 3, 'gate_cap': 0.0}",0.02763439903818532,0.1002278715518341,-0.07259347251364878,-0.519519736811467,-0.5677538774277282,0.053192202490304624,0.2873975005659589,196.0,0.33287858117326063,0.03904227010176742,0.09683473403082998,-0.057792463929062565,-0.3181995401522568,-0.4914694789846553,0.12269744350694503,0.4460383699859536,94.0,0.32321328866555005,0.01630330108250999,0.0918644925788974,-0.0755611914963874,-0.4767680444971738,-0.5677538774277282,0.034195456827867655,0.18566161682222682,102.0,0.3425906445052248,-0.02227920251206742
^GSPC,reversal,b50,ma200,"{'strategy': 'reversal', 'indicator': 'b50', 'low_extreme': 20.0, 'high_extreme': 80.0, 'confirm': 5.0, 'batch_mode': 'band', 'batches': 3, 'gate_cap': 0.0}",0.013761295120927386,0.1002278715518341,-0.08646657643090672,-0.3122530272569891,-0.5677538774277282,0.04407097424103314,0.2561019688564199,251.0,0.20218980655542734,0.018468089976324986,0.09683473403082998,-0.078366644054505,-0.22088494817920878,-0.4914694789846553,0.08360954482666434,0.3299404476106087,115.0,0.193676716917923,0.009056531466655748,0.0918644925788974,-0.08280796111224165,-0.203631145183802,-0.5677538774277282,0.044475178187900095,0.18047194484615361,136.0,0.21074409145101347,-0.034251556162130777
^GSPC,reversal,b50,off,"{'strategy': 'reversal', 'indicator': 'b50', 'low_extreme': 20.0, 'high_extreme': 80.0, 'confirm': 5.0, 'batch_mode': 'band', 'batches': 5, 'gate_cap': 0.0}",0.02642242648869919,0.1002278715518341,-0.07380544506313491,-0.4957200165362394,-0.5677538774277282,0.05330110870511437,0.28810687111350425,314.0,0.3732815615489558,0.040900941423454906,0.09683473403082998,-0.05593379260737508,-0.3259584202370178,-0.4914694789846553,0.12547901475812204,0.4800511547659051,149.0,0.38048576214405366,0.012082239190799982,0.0918644925788974,-0.07978225338809741,-0.44457386176831504,-0.5677538774277282,0.02717712450017251,0.15756863990755252,165.0,0.36604249947401646,-0.022962823555835194
^GSPC,reversal,b50,ma200,"{'strategy': 'reversal', 'indicator': 'b50', 'low_extreme': 20.0, 'high_extreme': 80.0, 'confirm': 5.0, 'batch_mode': 'band', 'batches': 5, 'gate_cap': 0.0}",0.019258966490248497,0.1002278715518341,-0.0809689050615856,-0.28569454456555143,-0.5677538774277282,0.06741104041568287,0.34852639933422036,345.0,0.2489873019204534,0.028787123850704033,0.09683473403082998,-0.06804761018012595,-0.22260242061661806,-0.4914694789846553,0.12932080330017298,0.4934859418323503,157.0,0.25196817420435513,0.00977763155208522,0.0918644925788974,-0.08208686102681217,-0.20679084350575672,-0.5677538774277282,0.047282710328579065,0.1958687695351457,188.0,0.24599200504944252,-0.021616926870678215
^GSPC,reversal,b50,off,"{'strategy': 'reversal', 'indicator': 'b50', 'low_extreme': 20.0, 'high_extreme': 80.0, 'confirm': 5.0, 'batch_mode': 'band', 'batches': 8, 'gate_cap': 0.0}",0.023021921722612415,0.1002278715518341,-0.07720594982922169,-0.4302565300646778,-0.5677538774277282,0.053507431297211624,0.32449557379075217,382.0,0.3209544548221219,0.028814266681465917,0.09683473403082998,-0.06802046734936407,-0.28280573393373143,-0.4914694789846553,0.10188713743766536,0.44894592650180304,184.0,0.3141488693467337,0.017239262167122904,0.0918644925788974,-0.07462523041177449,-0.3429120337148951,-0.5677538774277282,0.05027313267593292,0.23476279948807133,198.0,0.3277929728592468,-0.02492059737864836
^GSPC,reversal,b50,ma200,"{'strategy': 'reversal', 'indicator': 'b50', 'low_extreme': 20.0, 'high_extreme': 80.0, 'confirm': 5.0, 'batch_mode': 'band', 'batches': 8, 'gate_cap': 0.0}",0.01814643626600243,0.1002278715518341,-0.08208143528583167,-0.24086321960844992,-0.5677538774277282,0.07533917505338296,0.3961684668577637,403.0,0.22539091195298563,0.023585121095164308,0.09683473403082998,-0.07324961293566568,-0.1723315994988881,-0.4914694789846553,0.13685894614653352,0.5111794508466506,186.0,0.21649916247906198,0.012714368031157885,0.0918644925788974,-0.07915012454773951,-0.18486813471196584,-0.5677538774277282,0.06877533573304849,0.28306704983725756,217.0,0.234325689038502,-0.019113191150145814
^GSPC,reversal,b50,off,"{'strategy': 'reversal', 'indicator': 'b50', 'low_extreme': 30.0, 'high_extreme': 70.0, 'confirm': 5.0, 'batch_mode': 'time', 'batches': 3, 'gate_cap': 0.0}",0.03226955835448875,0.1002278715518341,-0.06795831319734535,-0.5669993322295663,-0.5677538774277282,0.056912868358411875,0.3123431939858779,360.0,0.3564207506908735,0.03735416361981492,0.09683473403082998,-0.059480570411015066,-0.2884302700134147,-0.4914694789846553,0.12950847224903822,0.3772659217220847,146.0,0.34212730318257956,0.027192311731560892,0.0918644925788974,-0.0646721808473365,-0.5051278662812239,-0.5677538774277282,0.05383253141774186,0.2614036931631039,214.0,0.3707833648923487,-0.018009840575042457
^GSPC,reversal,b50,ma200,"{'strategy': 'reversal', 'indicator': 'b50', 'low_extreme': 30.0, 'high_extreme': 70.0, 'confirm': 5.0, 'batch_mode': 'time', 'batches': 3, 'gate_cap': 0.0}",0.02426270834200417,0.1002278715518341,-0.07596516320982993,-0.34564175500586314,-0.5677538774277282,0.0701961148808326,0.39205728706887144,343.0,0.2364711232378354,0.029524552014817518,0.09683473403082998,-0.06731018201601247,-0.21868295408327731,-0.4914694789846553,0.13501076084592392,0.4711997864955247,137.0,0.22996929089893917,0.019007626033886726,0.0918644925788974,-0.07285686654501067,-0.25150018360318493,-0.5677538774277282,0.07557698671058155,0.3135578331327412,206.0,0.24300441826215022,-0.01750065197356492
^GSPC,reversal,b50,off,"{'strategy': 'reversal', 'indicator': 'b50', 'low_extreme': 30.0, 'high_extreme': 70.0, 'confirm': 5.0, 'batch_mode': 'time', 'batches': 5, 'gate_cap': 0.0}",0.03491909673906202,0.1002278715518341,-0.06530877481277209,-0.5556476059671791,-0.5677538774277282,0.06284396146777353,0.33687185983501267,586.0,0.3529016685906181,0.04220600694491128,0.09683473403082998,-0.054628727085918705,-0.28355160531687773,-0.4914694789846553,0.1488477093887187,0.4294280628720805,240.0,0.3402428810720268,0.02765565866012576,0.0918644925788974,-0.06420883391877164,-0.49205217427045456,-0.5677538774277282,0.056204728088296046,0.2662169048921042,346.0,0.3656217126025668,-0.014047680300553839
^GSPC,reversal,b50,ma200,"{'strategy': 'reversal', 'indicator': 'b50', 'low_extreme': 30.0, 'high_extreme': 70.0, 'confirm': 5.0, 'batch_mode': 'time', 'batches': 5, 'gate_cap': 0.0}",0.024173262502969806,0.1002278715518341,-0.0760546090488643,-0.3560590916158609,-0.5677538774277282,0.06789115366572201,0.3981304624877213,483.0,0.23332983523979436,0.030126080065753902,0.09683473403082998,-0.06670865396507608,-0.20504078437268103,-0.4914694789846553,0.14692725721823666,0.4847652291680143,196.0,0.2286850921273032,0.018231400517066065,0.0918644925788974,-0.07363309206183133,-0.23780413375258902,-0.5677538774277282,0.07666561648601945,0.31027708011366173,287.0,0.2379970544918998,-0.018476303963029773
^GSPC,reversal,b50,off,"{'strategy': 'reversal', 'indicator': 'b50', 'low_extreme': 30.0, 'high_extreme': 70.0, 'confirm': 5.0, 'batch_mode': 'time', 'batches': 8, 'gate_cap': 0.0}",0.03644611789235741,0.1002278715518341,-0.06378175365947669,-0.5450735448312858,-0.5677538774277282,0.06686458779363144,0.35536892100264367,908.0,0.3481084059187743,0.04841207729077679,0.09683473403082998,-0.048422656740053194,-0.2734302575491441,-0.4914694789846553,0.1770545722507525,0.5045103895815118,378.0,0.3389865996649916,0.02456752368449977,0.0918644925788974,-0.06729696889439762,-0.488257295423558,-0.5677538774277282,0.050316756994255876,0.24598630752393144,530.0,0.3572743530401851,-0.011523217078233436
^GSPC,reversal,b50,ma200,"{'strategy': 'reversal', 'indicator': 'b50', 'low_extreme': 30.0, 'high_extreme': 70.0, 'confirm': 5.0, 'batch_mode': 'time', 'batches': 8, 'gate_cap': 0.0}",0.02326152710294327,0.1002278715518341,-0.07696634444889083,-0.36167791048672937,-0.5677538774277282,0.06431558695868095,0.3915931973842479,699.0,0.22930003148284184,0.03202972020721817,0.09683473403082998,-0.06480501382361181,-0.18407942555601675,-0.4914694789846553,0.17399945762798616,0.5168860348055418,291.0,0.22877407872696817,0.014530840529122901,0.0918644925788974,-0.07733365204977449,-0.2440490138091076,-0.5677538774277282,0.059540664812883705,0.2612269732969833,408.0,0.2298285293498843,-0.02045357188586212
^GSPC,reversal,b50,off,"{'strategy': 'reversal', 'indicator': 'b50', 'low_extreme': 30.0, 'high_extreme': 70.0, 'confirm': 5.0, 'batch_mode': 'band', 'batches': 3, 'gate_cap': 0.0}",0.04665748004704695,0.1002278715518341,-0.05357039150478715,-0.38759165762286807,-0.5677538774277282,0.12037792643216617,0.5007901920058481,339.0,0.43114002868436707,0.05049340194129259,0.09683473403082998,-0.04634133208953739,-0.2804909273257338,-0.4914694789846553,0.18001795075052343,0.5879363583726894,140.0,0.42266890005583474,0.03865726306942907,0.0918644925788974,-0.05320722950946832,-0.36681272746338645,-0.5677538774277282,0.10538691865125553,0.4017217705416091,200.0,0.43958201837436006,0.01600893566999418
^GSPC,reversal,b50,ma200,"{'strategy': 'reversal', 'indicator': 'b50', 'low_extreme': 30.0, 'high_extreme': 70.0, 'confirm': 5.0, 'batch_mode': 'band', 'batches': 3, 'gate_cap': 0.0}",0.027740088985053424,0.1002278715518341,-0.07248778256678068,-0.27158055547746207,-0.5677538774277282,0.10214313368747609,0.43031531750829044,390.0,0.3225242242977578,0.03452632387413179,0.09683473403082998,-0.06230841015669819,-0.18076881563030323,-0.4914694789846553,0.19099712388857387,0.5360942966207382,168.0,0.31546621998883306,0.016952268656490466,0.0918644925788974,-0.07491222392240693,-0.2162443715682324,-0.5677538774277282,0.07839403418248717,0.28059348797027983,223.0,0.3295462514902869,-0.0026354160650779654
^GSPC,reversal,b50,off,"{'strategy': 'reversal', 'indicator': 'b50', 'low_extreme': 30.0, 'high_extreme': 70.0, 'confirm': 5.0, 'batch_mode': 'band', 'batches': 5, 'gate_cap': 0.0}",0.027193905172431476,0.1002278715518341,-0.07303396637940263,-0.40550134435772867,-0.5677538774277282,0.06706242914065735,0.402152094862389,404.0,0.32442019099590735,0.02346985813209934,0.09683473403082998,-0.07336487589873064,-0.26091976066766853,-0.4914694789846553,0.08995048160416151,0.3823562911252878,173.0,0.30117252931323285,0.028418733062120616,0.0918644925788974,-0.06344575951677678,-0.3133876571816928,-0.5677538774277282,0.09068236227837231,0.39425258679811,232.0,0.3477382705659584,-0.01699540817137863
^GSPC,reversal,b50,ma200,"{'strategy': 'reversal', 'indicator': 'b50', 'low_extreme': 30.0, 'high_extreme': 70.0, 'confirm': 5.0, 'batch_mode': 'band', 'batches': 5, 'gate_cap': 0.0}",0.015920961611980644,0.1002278715518341,-0.08430690993985346,-0.2930751596129064,-0.5677538774277282,0.05432381793465214,0.3327069249323568,424.0,0.24539825794941764,0.014839066305519122,0.09683473403082998,-0.08199566772531086,-0.1672316652229764,-0.4914694789846553,0.08873359172578725,0.3082475279403525,185.0,0.22056113902847574,0.01455780208243751,0.0918644925788974,-0.07730669049645988,-0.20980590905572138,-0.5677538774277282,0.06938699747761237,0.3171448695198576,240.0,0.27031348621923,-0.028854618790051217
^GSPC,reversal,b50,off,"{'strategy': 'reversal', 'indicator': 'b50', 'low_extreme': 30.0, 'high_extreme': 70.0, 'confirm': 5.0, 'batch_mode': 'band', 'batches': 8, 'gate_cap': 0.0}",0.019831754157184633,0.1002278715518341,-0.08039611739464947,-0.2621277968198864,-0.5677538774277282,0.07565681472084189,0.44500545006561154,419.0,0.21744149438555987,0.01944518080202018,0.09683473403082998,-0.0773895532288098,-0.15822382461584594,-0.4914694789846553,0.12289666773781656,0.47897924488497995,174.0,0.20788840033500838,0.018632531768339566,0.0918644925788974,-0.07323196081055783,-0.20516289390886855,-0.5677538774277282,0.09081823429833254,0.39299430111259265,246.0,0.227014517147065,-0.01797494454845292
^GSPC,reversal,b50,ma200,"{'strategy': 'reversal', 'indicator': 'b50', 'low_extreme': 30.0, 'high_extreme': 70.0, 'confirm': 5.0, 'batch_mode': 'band', 'batches': 8, 'gate_cap': 0.0}",0.01301808847347874,0.1002278715518341,-0.08720978307835536,-0.1832048882466114,-0.5677538774277282,0.07105753890122811,0.40941303337410195,449.0,0.1671476545282821,0.014551674069155585,0.09683473403082998,-0.0822830599616744,-0.10064163800211423,-0.4914694789846553,0.14458900270333327,0.46016056360944046,196.0,0.15570037688442212,0.009937101335326881,0.0918644925788974,-0.08192739124357051,-0.1319077251766665,-0.5677538774277282,0.07533373289561271,0.32032794347945526,254.0,0.17862402693035978,-0.023902854286521967
^IXIC,ladder,b200,off,"{'strategy': 'ladder', 'indicator': 'b200', 'n_bands': 3, 'edge_mode': 'fixed', 'direction': 'contrarian', 'gate_cap': 0.0}",0.04547025449438946,0.12280798670277404,-0.07733773220838458,-0.530213994563701,-0.7793238628593402,0.08575830694888717,0.3688379143632547,544.0,0.3205478014482107,0.043306835564902446,0.10378440339231076,-0.06047756782740832,-0.4401557563715853,-0.7793238628593402,0.09838979710705463,0.3608119781706456,264.0,0.355213567839196,0.04765846666383111,0.13166491549535309,-0.08400644883152197,-0.41882578810917204,-0.5562830651912619,0.11379066909654655,0.3767378015061704,280.0,0.2857142857142857,-0.012099316545475879
^IXIC,ladder,b200,ma200,"{'strategy': 'ladder', 'indicator': 'b200', 'n_bands': 3, 'edge_mode': 'fixed', 'direction': 'contrarian', 'gate_cap': 0.0}",0.027584325166522206,0.12280798670277404,-0.09522366153625184,-0.35233876437579814,-0.7793238628593402,0.07828921468629908,0.46310430260347185,529.0,0.1437716444537727,0.03014442964242292,0.10378440339231076,-0.07363997374988784,-0.27592406252706925,-0.7793238628593402,0.10924900628942295,0.45130978511128766,237.0,0.15661641541038526,0.025024107637842352,0.13166491549535309,-0.10664080785751073,-0.15352824617307692,-0.5562830651912619,0.16299350941345306,0.490484549092806,292.0,0.13086471702082894,-0.025818511047231464
^IXIC,ladder,b200,off,"{'strategy': 'ladder', 'indicator': 'b200', 'n_bands': 3, 'edge_mode': 'fixed', 'direction': 'momentum', 'gate_cap': 0.0}",0.08117225420823915,0.12280798670277404,-0.041635732494534894,-0.5960427877506829,-0.7793238628593402,0.13618528044700118,0.6567787963610067,545.0,0.6793472557456186,0.06800153381385154,0.10378440339231076,-0.03578286957845922,-0.5960427877506829,-0.7793238628593402,0.1140883426682712,0.5862011969265956,265.0,0.6445770519262981,0.08442050386045219,0.13166491549535309,-0.047244411634900896,-0.274049262257949,-0.5562830651912619,0.3080486448490832,0.6862505827803046,280.0,0.7140753208499895,0.029492672682079536
^IXIC,ladder,b200,ma200,"{'strategy': 'ladder', 'indicator': 'b200', 'n_bands': 3, 'edge_mode': 'fixed', 'direction': 'momentum', 'gate_cap': 0.0}",0.08990956573047382,0.12280798670277404,-0.032898420972300224,-0.2905843510998518,-0.7793238628593402,0.3094095239133463,0.7879321030465083,553.0,0.5930317976702697,0.08987415971109636,0.10378440339231076,-0.013910243681214407,-0.2905843510998518,-0.7793238628593402,0.30928767970789117,0.860267842140311,248.0,0.5391541038525963,0.07984003695448294,0.13166491549535309,-0.051824878540870145,-0.21841146326021188,-0.5562830651912619,0.36554874804974324,0.6986259960203989,305.0,0.6469598148537765,0.1040247569819584
^IXIC,ladder,b200,off,"{'strategy': 'ladder', 'indicator': 'b200', 'n_bands': 3, 'edge_mode': 'preq', 'direction': 'contrarian', 'gate_cap': 0.0}",0.04547025449438946,0.12280798670277404,-0.07733773220838458,-0.530213994563701,-0.7793238628593402,0.08575830694888717,0.3688379143632547,544.0,0.3205478014482107,0.043306835564902446,0.10378440339231076,-0.06047756782740832,-0.4401557563715853,-0.7793238628593402,0.09838979710705463,0.3608119781706456,264.0,0.355213567839196,0.051534092259986286,0.13166491549535309,-0.0801308232353668,-0.49944908371607666,-0.5562830651912619,0.10318187366879229,0.36774108936763134,330.0,0.3953292657269093,-0.012099316545475879
^IXIC,ladder,b200,ma200,"{'strategy': 'ladder', 'indicator': 'b200', 'n_bands': 3, 'edge_mode': 'preq', 'direction': 'contrarian', 'gate_cap': 0.0}",0.027584325166522206,0.12280798670277404,-0.09522366153625184,-0.35233876437579814,-0.7793238628593402,0.07828921468629908,0.46310430260347185,529.0,0.1437716444537727,0.03014442964242292,0.10378440339231076,-0.07363997374988784,-0.27592406252706925,-0.7793238628593402,0.10924900628942295,0.45130978511128766,237.0,0.15661641541038526,0.034920178664563206,0.13166491549535309,-0.09674473683078988,-0.2299956622709045,-0.5562830651912619,0.1518297272208197,0.5126270653936896,367.0,0.19030086261308649,-0.025818511047231464
^IXIC,ladder,b200,off,"{'strategy': 'ladder', 'indicator': 'b200', 'n_bands': 3, 'edge_mode': 'preq', 'direction': 'momentum', 'gate_cap': 0.0}",0.08117225420823915,0.12280798670277404,-0.041635732494534894,-0.5960427877506829,-0.7793238628593402,0.13618528044700118,0.6567787963610067,545.0,0.6793472557456186,0.06800153381385154,0.10378440339231076,-0.03578286957845922,-0.5960427877506829,-0.7793238628593402,0.1140883426682712,0.5862011969265956,265.0,0.6445770519262981,0.07745503449341129,0.13166491549535309,-0.054209881001941795,-0.16756455057623254,-0.5562830651912619,0.46223997991850646,0.7188557645651962,330.0,0.6044603408373659,0.029492672682079536
^IXIC,ladder,b200,ma200,"{'strategy': 'ladder', 'indicator': 'b200', 'n_bands': 3, 'edge_mode': 'preq', 'direction': 'momentum', 'gate_cap': 0.0}",0.08990956573047382,0.12280798670277404,-0.032898420972300224,-0.2905843510998518,-0.7793238628593402,0.3094095239133463,0.7879321030465083,553.0,0.5930317976702697,0.08987415971109636,0.10378440339231076,-0.013910243681214407,-0.2905843510998518,-0.7793238628593402,0.30928767970789117,0.860267842140311,248.0,0.5391541038525963,0.06832581616262479,0.13166491549535309,-0.0633390993327283,-0.1944072553989029,-0.5562830651912619,0.35145713066329504,0.652293892546124,329.0,0.587523669261519,0.1040247569819584
^IXIC,ladder,b200,off,"{'strategy': 'ladder', 'indicator': 'b200', 'n_bands': 5, 'edge_mode': 'fixed', 'direction': 'contrarian', 'gate_cap': 0.0}",0.050953558127391885,0.12280798670277404,-0.07185442857538216,-0.6166935185202447,-0.7793238628593402,0.08262379382493736,0.4143081024786814,897.0,0.3531587784657362,0.04432999344318178,0.10378440339231076,-0.059454409949128983,-0.5197438460137901,-0.7793238628593402,0.08529200255697804,0.37911137386192184,380.0,0.37814070351758794,0.05766255787072372,0.13166491549535309,-0.07400235762462937,-0.4318385260242006,-0.5562830651912619,0.13352805364913703,0.4478013196266862,517.0,0.3280559646539028,-0.010063139615254346
^IXIC,ladder,b200,ma200,"{'strategy': 'ladder', 'indicator': 'b200', 'n_bands': 5, 'edge_mode': 'fixed', 'direction': 'contrarian', 'gate_cap': 0.0}",0.034902693768952275,0.12280798670277404,-0.08790529293382177,-0.3423409760896131,-0.7793238628593402,0.10195301236687468,0.6061001051806896,771.0,0.18346626088781615,0.03583590334174502,0.10378440339231076,-0.06794850005056574,-0.304619256262459,-0.7793238628593402,0.1176416218115539,0.552845546893471,316.0,0.18818048576214405,0.03397327908026315,0.13166491549535309,-0.09769163641508993,-0.14111099781329006,-0.5562830651912619,0.2407557143435031,0.6958564392520621,455.0,0.17872922364822216,-0.011961970813543187
^IXIC,ladder,b200,off,"{'strategy': 'ladder', 'indicator': 'b200', 'n_bands': 5, 'edge_mode': 'fixed', 'direction': 'momentum', 'gate_cap': 0.0}",0.07707658083412405,0.12280798670277404,-0.04573140586864999,-0.49721756294160246,-0.7793238628593402,0.15501580510979776,0.6540300637988935,898.0,0.6467362787280931,0.0688145195351102,0.10378440339231076,-0.03496988385720057,-0.49721756294160246,-0.7793238628593402,0.13839921326993104,0.6076085679108587,381.0,0.6216499162479062,0.07537406446202954,0.13166491549535309,-0.05629085103332354,-0.2810423061186327,-0.5562830651912619,0.268194726633836,0.6609079465782782,517.0,0.6717336419103724,0.034567478522729116
^IXIC,ladder,b200,ma200,"{'strategy': 'ladder', 'indicator': 'b200', 'n_bands': 5, 'edge_mode': 'fixed', 'direction': 'momentum', 'gate_cap': 0.0}",0.0830334418811165,0.12280798670277404,-0.03977454482165754,-0.25848522752582326,-0.7793238628593402,0.32123089847686276,0.7773007658321108,772.0,0.5533371812362262,0.08478770075047826,0.10378440339231076,-0.018996702641832508,-0.25848522752582326,-0.7793238628593402,0.32801758755056043,0.8629817863863077,317.0,0.5075900335008375,0.0712445713289025,0.13166491549535309,-0.06042034416645059,-0.226714115314972,-0.5562830651912619,0.314248502921501,0.6753800259360385,455.0,0.5990953082263833,0.10462763249775058
^IXIC,ladder,b200,off,"{'strategy': 'ladder', 'indicator': 'b200', 'n_bands': 5, 'edge_mode': 'preq', 'direction': 'contrarian', 'gate_cap': 0.0}",0.050953558127391885,0.12280798670277404,-0.07185442857538216,-0.6166935185202447,-0.7793238628593402,0.08262379382493736,0.4143081024786814,897.0,0.3531587784657362,0.04432999344318178,0.10378440339231076,-0.059454409949128983,-0.5197438460137901,-0.7793238628593402,0.08529200255697804,0.37911137386192184,380.0,0.37814070351758794,0.05926387652141951,0.13166491549535309,-0.07240103897393357,-0.4617149686745129,-0.5562830651912619,0.1283559783464541,0.41877791564823724,678.0,0.39312013465179885,-0.010063139615254346
^IXIC,ladder,b200,ma200,"{'strategy': 'ladder', 'indicator': 'b200', 'n_bands': 5, 'edge_mode': 'preq', 'direction': 'contrarian', 'gate_cap': 0.0}",0.034902693768952275,0.12280798670277404,-0.08790529293382177,-0.3423409760896131,-0.7793238628593402,0.10195301236687468,0.6061001051806896,771.0,0.18346626088781615,0.03583590334174502,0.10378440339231076,-0.06794850005056574,-0.304619256262459,-0.7793238628593402,0.1176416218115539,0.552845546893471,316.0,0.18818048576214405,0.03586877423227941,0.13166491549535309,-0.09579614126307368,-0.20079144030552287,-0.5562830651912619,0.17863696867606374,0.5595330596494211,632.0,0.2034504523458868,-0.011961970813543187
^IXIC,ladder,b200,off,"{'strategy': 'ladder', 'indicator': 'b200', 'n_bands': 5, 'edge_mode': 'preq', 'direction': 'momentum', 'gate_cap': 0.0}",0.07707658083412405,0.12280798670277404,-0.04573140586864999,-0.49721756294160246,-0.7793238628593402,0.15501580510979776,0.6540300637988935,898.0,0.6467362787280931,0.0688145195351102,0.10378440339231076,-0.03496988385720057,-0.49721756294160246,-0.7793238628593402,0.13839921326993104,0.6076085679108587,381.0,0.6216499162479062,0.07165574277737963,0.13166491549535309,-0.06000917271797346,-0.21064351472844645,-0.5562830651912619,0.340175404259445,0.6913216579389747,678.0,0.6066694719124763,0.034567478522729116
^IXIC,ladder,b200,ma200,"{'strategy': 'ladder', 'indicator': 'b200', 'n_bands': 5, 'edge_mode': 'preq', 'direction': 'momentum', 'gate_cap': 0.0}",0.0830334418811165,0.12280798670277404,-0.03977454482165754,-0.25848522752582326,-0.7793238628593402,0.32123089847686276,0.7773007658321108,772.0,0.5533371812362262,0.08478770075047826,0.10378440339231076,-0.018996702641832508,-0.25848522752582326,-0.7793238628593402,0.32801758755056043,0.8629817863863077,317.0,0.5075900335008375,0.06849317076637518,0.13166491549535309,-0.06317174472897791,-0.19444942390402575,-0.5562830651912619,0.352241572081907,0.6795900948104721,626.0,0.5743740795287187,0.10462763249775058
^IXIC,ladder,b200,off,"{'strategy': 'ladder', 'indicator': 'b200', 'n_bands': 9, 'edge_mode': 'fixed', 'direction': 'contrarian', 'gate_cap': 0.0}",0.053417766142284995,0.12280798670277404,-0.06939022056048905,-0.558682294218898,-0.7793238628593402,0.09561385190659955,0.4371544514211375,1648.0,0.367955714135796,0.04990028260521395,0.10378440339231076,-0.05388412078709681,-0.4576467980784892,-0.7793238628593402,0.10903666935883545,0.42526141039594056,752.0,0.3878245393634841,0.05564549654740003,0.13166491549535309,-0.07601941894795305,-0.4268674089007266,-0.5562830651912619,0.13035780054209078,0.44054368791055193,896.0,0.3479644435093625,-0.003388591573653607
^IXIC,ladder,b200,ma200,"{'strategy': 'ladder', 'indicator': 'b200', 'n_bands': 9, 'edge_mode': 'fixed', 'direction': 'contrarian', 'gate_cap': 0.0}",0.03681449577360296,0.12280798670277404,-0.08599349092917108,-0.3111265463824061,-0.7793238628593402,0.11832643727017177,0.6362746698404483,1237.0,0.20196243047539092,0.03906966697790626,0.10378440339231076,-0.0647147364144045,-0.29763137227985936,-0.7793238628593402,0.1312686450982375,0.6078883210098132,522.0,0.20291561976549413,0.03325919605070471,0.13166491549535309,-0.09840571944464838,-0.13669473005172983,-0.5562830651912619,0.24331000937723293,0.6644647956332884,715.0,0.20097832947612035,-0.004265519649433933
^IXIC,ladder,b200,off,"{'strategy': 'ladder', 'indicator': 'b200', 'n_bands': 9, 'edge_mode': 'fixed', 'direction': 'momentum', 'gate_cap': 0.0}",0.0746289543310994,0.12280798670277404,-0.048179032371674646,-0.5501052934448178,-0.7793238628593402,0.13566303618669973,0.6504772605289441,1649.0,0.6319393430580333,0.06200859898984423,0.10378440339231076,-0.04177580440246653,-0.5501052934448178,-0.7793238628593402,0.11272132758719661,0.5572531968522768,753.0,0.6119660804020101,0.0785405764588154,0.13166491549535309,-0.05312433903653768,-0.24593342648325367,-0.5562830651912619,0.3193570617134612,0.7073820497986266,896.0,0.6518251630549127,0.025357795051675104
^IXIC,ladder,b200,ma200,"{'strategy': 'ladder', 'indicator': 'b200', 'n_bands': 9, 'edge_mode': 'fixed', 'direction': 'momentum', 'gate_cap': 0.0}",0.08079524585158393,0.12280798670277404,-0.04201274085119011,-0.27108385344864505,-0.7793238628593402,0.29804521672438905,0.7907110744471699,1238.0,0.5348410116486515,0.08044555174636225,0.10378440339231076,-0.02333885164594851,-0.27108385344864505,-0.7793238628593402,0.29675523172243123,0.8472031071395705,523.0,0.49285489949748745,0.07227895596049527,0.13166491549535309,-0.05938595953485781,-0.20497870944447738,-0.5562830651912619,0.35261689448812483,0.7119893939019414,715.0,0.5768462023984852,0.09401044217904156
^IXIC,ladder,b200,off,"{'strategy': 'ladder', 'indicator': 'b200', 'n_bands': 9, 'edge_mode': 'preq', 'direction': 'contrarian', 'gate_cap': 0.0}",0.053417766142284995,0.12280798670277404,-0.06939022056048905,-0.558682294218898,-0.7793238628593402,0.09561385190659955,0.4371544514211375,1648.0,0.367955714135796,0.04990028260521395,0.10378440339231076,-0.05388412078709681,-0.4576467980784892,-0.7793238628593402,0.10903666935883545,0.42526141039594056,752.0,0.3878245393634841,0.06024258506363833,0.13166491549535309,-0.07142233043171475,-0.46509511421203453,-0.5562830651912619,0.12952745196152296,0.4281409115574478,1180.0,0.40697980223017044,-0.003388591573653607
^IXIC,ladder,b200,ma200,"{'strategy': 'ladder', 'indicator': 'b200', 'n_bands': 9, 'edge_mode': 'preq', 'direction': 'contrarian', 'gate_cap': 0.0}",0.03681449577360296,0.12280798670277404,-0.08599349092917108,-0.3111265463824061,-0.7793238628593402,0.11832643727017177,0.6362746698404483,1237.0,0.20196243047539092,0.03906966697790626,0.10378440339231076,-0.0647147364144045,-0.29763137227985936,-0.7793238628593402,0.1312686450982375,0.6078883210098132,522.0,0.20291561976549413,0.03714077290586437,0.13166491549535309,-0.09452414258948871,-0.1940769463320976,-0.5562830651912619,0.19137137927917722,0.5862081915195305,1007.0,0.22114980012623606,-0.004265519649433933
^IXIC,ladder,b200,off,"{'strategy': 'ladder', 'indicator': 'b200', 'n_bands': 9, 'edge_mode': 'preq', 'direction': 'momentum', 'gate_cap': 0.0}",0.0746289543310994,0.12280798670277404,-0.048179032371674646,-0.5501052934448178,-0.7793238628593402,0.13566303618669973,0.6504772605289441,1649.0,0.6319393430580333,0.06200859898984423,0.10378440339231076,-0.04177580440246653,-0.5501052934448178,-0.7793238628593402,0.11272132758719661,0.5572531968522768,753.0,0.6119660804020101,0.07140284812316211,0.13166491549535309,-0.060262067372190975,-0.18929397537277648,-0.5562830651912619,0.37720613127041436,0.7079774993062854,1180.0,0.5928098043341048,0.025357795051675104
^IXIC,ladder,b200,ma200,"{'strategy': 'ladder', 'indicator': 'b200', 'n_bands': 9, 'edge_mode': 'preq', 'direction': 'momentum', 'gate_cap': 0.0}",0.08079524585158393,0.12280798670277404,-0.04201274085119011,-0.27108385344864505,-0.7793238628593402,0.29804521672438905,0.7907110744471699,1238.0,0.5348410116486515,0.08044555174636225,0.10378440339231076,-0.02333885164594851,-0.27108385344864505,-0.7793238628593402,0.29675523172243123,0.8472031071395705,523.0,0.49285489949748745,0.0673674847429031,0.13166491549535309,-0.06429743075244998,-0.1926277392434036,-0.5562830651912619,0.3497288864392362,0.6898490013691162,1001.0,0.5566747317483695,0.09401044217904156
^IXIC,reversal,b200,off,"{'strategy': 'reversal', 'indicator': 'b200', 'low_extreme': 10.0, 'high_extreme': 90.0, 'confirm': 5.0, 'batch_mode': 'time', 'batches': 3, 'gate_cap': 0.0}",0.049125060546940436,0.12280798670277404,-0.0736829261558336,-0.3300391482020768,-0.7793238628593402,0.14884616208275414,0.5434328063069572,30.0,0.19571833350823806,0.02963548638344915,0.10378440339231076,-0.07414891700886161,-0.3300391482020768,-0.7793238628593402,0.08979385186542747,0.3888315928013667,12.0,0.21984924623115587,0.06909135923174436,0.13166491549535309,-0.06257355626360872,-0.3011567333731764,-0.5562830651912619,0.22941993844158967,0.671930078667728,18.0,0.17147065011571644,0.015328709139601493
^IXIC,reversal,b200,ma200,"{'strategy': 'reversal', 'indicator': 'b200', 'low_extreme': 10.0, 'high_extreme': 90.0, 'confirm': 5.0, 'batch_mode': 'time', 'batches': 3, 'gate_cap': 0.0}",0.02916802976821553,0.12280798670277404,-0.09363995693455851,-0.19032712628872483,-0.7793238628593402,0.15325208937357593,0.5090358787518577,68.0,0.12425228250603429,0.020692958883824053,0.10378440339231076,-0.08309144450848671,-0.10797157103049104,-0.7793238628593402,0.191651919911218,0.4951371873637533,32.0,0.11829983249581247,0.03776128257104716,0.13166491549535309,-0.09390363292430592,-0.19032712628872495,-0.5562830651912619,0.19840200032108693,0.5436740109729635,36.0,0.13023353671365462,0.005116861588695273
^IXIC,reversal,b200,off,"{'strategy': 'reversal', 'indicator': 'b200', 'low_extreme': 10.0, 'high_extreme': 90.0, 'confirm': 5.0, 'batch_mode': 'time', 'batches': 5, 'gate_cap': 0.0}",0.04927712644424509,0.12280798670277404,-0.07353086025852895,-0.3300391482020768,-0.7793238628593402,0.1493069131728386,0.545918143069358,50.0,0.195718333508238,0.030077313874367517,0.10378440339231076,-0.07370708951794325,-0.3300391482020768,-0.7793238628593402,0.09113256423735447,0.3945121333449572,20.0,0.2198492462311558,0.06894116976723641,0.13166491549535309,-0.06272374572811668,-0.3011567333731764,-0.5562830651912619,0.2289212298029824,0.6719792078191394,30.0,0.17147065011571644,0.015604249114018073
^IXIC,reversal,b200,ma200,"{'strategy': 'reversal', 'indicator': 'b200', 'low_extreme': 10.0, 'high_extreme': 90.0, 'confirm': 5.0, 'batch_mode': 'time', 'batches': 5, 'gate_cap': 0.0}",0.029519772732506055,0.12280798670277404,-0.09328821397026799,-0.19032712628872483,-0.7793238628593402,0.15510018623264862,0.513874492472281,78.0,0.12477699653688742,0.020860200395558692,0.10378440339231076,-0.08292420299675207,-0.10797157103049104,-0.7793238628593402,0.1932008601566777,0.4970799070082804,36.0,0.11871859296482416,0.03830160565721896,0.13166491549535309,-0.09336330983813412,-0.19032712628872483,-0.5562830651912619,0.20124091822368878,0.5502637219503177,42.0,0.13086471702082897,0.006067146110898668
^IXIC,reversal,b200,off,"{'strategy': 'reversal', 'indicator': 'b200', 'low_extreme': 10.0, 'high_extreme': 90.0, 'confirm': 5.0, 'batch_mode': 'time', 'batches': 8, 'gate_cap': 0.0}",0.04968543527542146,0.12280798670277404,-0.07312255142735258,-0.3300391482020767,-0.7793238628593402,0.1505440658966918,0.5534630827846767,80.0,0.195718333508238,0.03148009306679933,0.10378440339231076,-0.07230431032551143,-0.3300391482020767,-0.7793238628593402,0.09538290605308637,0.41305928134911035,32.0,0.2198492462311558,0.06831345890745077,0.13166491549535309,-0.06335145658790231,-0.3011567333731763,-0.5562830651912619,0.22683689699476395,0.6710598145268624,48.0,0.17147065011571638,0.016344095502265177
^IXIC,reversal,b200,ma200,"{'strategy': 'reversal', 'indicator': 'b200', 'low_extreme': 10.0, 'high_extreme': 90.0, 'confirm': 5.0, 'batch_mode': 'time', 'batches': 8, 'gate_cap': 0.0}",0.029925831314598694,0.12280798670277404,-0.09288215538817535,-0.19032712628872506,-0.7793238628593402,0.15723366342011277,0.519415478773596,93.0,0.12556406758316718,0.021279263044025942,0.10378440339231076,-0.08250514034828482,-0.10797157103049104,-0.7793238628593402,0.19708209152589531,0.5045391658346045,42.0,0.11934673366834171,0.03869443350204049,0.13166491549535309,-0.09297048199331259,-0.19032712628872495,-0.5562830651912619,0.20330487963834068,0.5547258008225632,51.0,0.13181148748159058,0.00716417213513991
^IXIC,reversal,b200,off,"{'strategy': 'reversal', 'indicator': 'b200', 'low_extreme': 10.0, 'high_extreme': 90.0, 'confirm': 5.0, 'batch_mode': 'band', 'batches': 3, 'gate_cap': 0.0}",0.04855150506474071,0.12280798670277404,-0.07425648163803333,-0.3300391482020768,-0.7793238628593402,0.14710832132863683,0.5353743118442214,30.0,0.23384755308356953,0.034035273295728086,0.10378440339231076,-0.06974913009658268,-0.3300391482020768,-0.7793238628593402,0.10312495799707047,0.42709869183796656,12.0,0.25921273031825803,0.06335387679889348,0.13166491549535309,-0.0683110386964596,-0.3011567333731763,-0.5562830651912619,0.21036845528666617,0.6292806582266484,18.0,0.20835963251279901,0.014289439548634736
^IXIC,reversal,b200,ma200,"{'strategy': 'reversal', 'indicator': 'b200', 'low_extreme': 10.0, 'high_extreme': 90.0, 'confirm': 5.0, 'batch_mode': 'band', 'batches': 3, 'gate_cap': 0.0}",0.03394256475798252,0.12280798670277404,-0.08886542194479152,-0.19032712628872517,-0.7793238628593402,0.17833803000047319,0.531747495931247,69.0,0.1683982229684822,0.028930481749988246,0.10378440339231076,-0.07485392164232252,-0.10797157103049104,-0.7793238628593402,0.2679453625975148,0.5667994857161393,33.0,0.16226968174204362,0.03901079720979106,0.13166491549535309,-0.09265411828556203,-0.19032712628872483,-0.5562830651912619,0.2049670899281691,0.5253964628714195,36.0,0.1745564205063469,0.01801595883331436
^IXIC,reversal,b200,off,"{'strategy': 'reversal', 'indicator': 'b200', 'low_extreme': 10.0, 'high_extreme': 90.0, 'confirm': 5.0, 'batch_mode': 'band', 'batches': 5, 'gate_cap': 0.0}",0.04959945694809109,0.12280798670277404,-0.07320852975468295,-0.3300391482020767,-0.7793238628593402,0.15028355641532043,0.5624673543179786,49.0,0.26296568370238227,0.035772364343614305,0.10378440339231076,-0.06801203904869646,-0.3300391482020767,-0.7793238628593402,0.10838824587473352,0.49293010487107397,19.0,0.27181742043551094,0.0615770592949505,0.13166491549535309,-0.07008785620040259,-0.3011567333731763,-0.5562830651912619,0.20446847927071818,0.6101657733673614,31.0,0.25402903429413004,0.016188304713318405
^IXIC,reversal,b200,ma200,"{'strategy': 'reversal', 'indicator': 'b200', 'low_extreme': 10.0, 'high_extreme': 90.0, 'confirm': 5.0, 'batch_mode': 'band', 'batches': 5, 'gate_cap': 0.0}",0.03913537415366375,0.12280798670277404,-0.08367261254911029,-0.19032712628872495,-0.7793238628593402,0.2056216311189171,0.5718055525383008,106.0,0.2042396893692938,0.03372416830663627,0.10378440339231076,-0.0700602350856745,-0.10797157103049093,-0.7793238628593402,0.31234303608597713,0.6208439792612843,49.0,0.18249581239530988,0.042585731245530445,0.13166491549535309,-0.08907918424982264,-0.19032712628872495,-0.5562830651912619,0.2237501930278093,0.5395449821916921,58.0,0.2260467073427309,0.03204508491810067
^IXIC,reversal,b200,off,"{'strategy': 'reversal', 'indicator': 'b200', 'low_extreme': 10.0, 'high_extreme': 90.0, 'confirm': 5.0, 'batch_mode': 'band', 'batches': 8, 'gate_cap': 0.0}",0.04961798099042447,0.12280798670277404,-0.07319000571234957,-0.3300391482020768,-0.7793238628593402,0.15033968321856264,0.5393873442796454,65.0,0.3078497219015636,0.05487881923985616,0.10378440339231076,-0.048905584152454606,-0.3300391482020768,-0.7793238628593402,0.16627972632584448,0.6483298861998037,28.0,0.3876675041876047,0.03932442989295626,0.13166491549535309,-0.09234048560239683,-0.3011567333731764,-0.5562830651912619,0.13057795338823672,0.41977240269150906,38.0,0.22754050073637702,0.016221869860015323
^IXIC,reversal,b200,ma200,"{'strategy': 'reversal', 'indicator': 'b200', 'low_extreme': 10.0, 'high_extreme': 90.0, 'confirm': 5.0, 'batch_mode': 'band', 'batches': 8, 'gate_cap': 0.0}",0.04519779600070439,0.12280798670277404,-0.07761019070206965,-0.19032712628872495,-0.7793238628593402,0.2374742732790472,0.6141142400515034,162.0,0.2404370867877007,0.05282617956165403,0.10378440339231076,-0.050958223830656735,-0.14400943006377065,-0.7793238628593402,0.3668244471092025,0.8158556005570866,95.0,0.2807265494137353,0.03265739939728407,0.13166491549535309,-0.09900751609806901,-0.19032712628872495,-0.5562830651912619,0.17158562751450898,0.42997793885733326,68.0,0.1998474647590995,0.048423594890377085
^IXIC,reversal,b200,off,"{'strategy': 'reversal', 'indicator': 'b200', 'low_extreme': 20.0, 'high_extreme': 80.0, 'confirm': 5.0, 'batch_mode': 'time', 'batches': 3, 'gate_cap': 0.0}",0.05743547133535265,0.12280798670277404,-0.06537251536742139,-0.7793238628593402,-0.7793238628593402,0.07369910517640489,0.41995508405193116,57.0,0.35092874383461015,0.009896872572696891,0.10378440339231076,-0.09388753081961387,-0.7793238628593402,-0.7793238628593402,0.012699306468539605,0.14695093026498107,18.0,0.320142378559464,0.1074713886093881,0.13166491549535309,-0.02419352688596499,-0.23406327243610947,-0.5562830651912619,0.45915528519632987,0.8289463611992332,39.0,0.3818640858405218,-0.009743867149890874
^IXIC,reversal,b200,ma200,"{'strategy': 'reversal', 'indicator': 'b200', 'low_extreme': 20.0, 'high_extreme': 80.0, 'confirm': 5.0, 'batch_mode': 'time', 'batches': 3, 'gate_cap': 0.0}",0.04925040195669572,0.12280798670277404,-0.07355758474607832,-0.4999894857069205,-0.7793238628593402,0.09850287528959138,0.5217033232102894,119.0,0.21747647532095016,0.03468840765553405,0.10378440339231076,-0.06909599573677672,-0.4999894857069205,-0.7793238628593402,0.06937827423808547,0.36730481168302104,44.0,0.1520798436627583,0.06410008026439629,0.13166491549535309,-0.0675648352309568,-0.20858770142615246,-0.5562830651912619,0.3073051758379437,0.7033705516210771,75.0,0.28318956448558813,-0.00473340073181043
^IXIC,reversal,b200,off,"{'strategy': 'reversal', 'indicator': 'b200', 'low_extreme': 20.0, 'high_extreme': 80.0, 'confirm': 5.0, 'batch_mode': 'time', 'batches': 5, 'gate_cap': 0.0}",0.059142411953630125,0.12280798670277404,-0.06366557474914392,-0.7793238628593402,-0.7793238628593402,0.07588938921571906,0.4315517946930178,95.0,0.3508238010284395,0.009919292933951995,0.10378440339231076,-0.09386511045835877,-0.7793238628593402,-0.7793238628593402,0.012728075459614565,0.14706490072885875,30.0,0.320142378559464,0.11103395993686549,0.13166491549535309,-0.020630955558487596,-0.22966978477339117,-0.5562830651912619,0.4834504462414141,0.8690635917372235,65.0,0.38165369240479696,-0.007843589163198723
^IXIC,reversal,b200,ma200,"{'strategy': 'reversal', 'indicator': 'b200', 'low_extreme': 20.0, 'high_extreme': 80.0, 'confirm': 5.0, 'batch_mode': 'time', 'batches': 5, 'gate_cap': 0.0}",0.049987337122126,0.12280798670277404,-0.07282064958064804,-0.49998948570692014,-0.7793238628593402,0.099976776614513,0.527956977396918,137.0,0.21840696820232972,0.03522381466564606,0.10378440339231076,-0.0685605887266647,-0.49998948570692014,-0.7793238628593402,0.07044911077648795,0.3718813568697912,50.0,0.1526800670016751,0.06504532968511101,0.13166491549535309,-0.06661958581024208,-0.21829652382142206,-0.5562830651912619,0.2979677758786552,0.7111730402113423,87.0,0.2844519250999369,-0.0037016791025836285
^IXIC,reversal,b200,off,"{'strategy': 'reversal', 'indicator': 'b200', 'low_extreme': 20.0, 'high_extreme': 80.0, 'confirm': 5.0, 'batch_mode': 'time', 'batches': 8, 'gate_cap': 0.0}",0.062044340677302134,0.12280798670277404,-0.06076364602547191,-0.7793238628593402,-0.7793238628593402,0.07961303847371153,0.4502205735642974,152.0,0.35066638681918355,0.01220352391225199,0.10378440339231076,-0.09158087948005877,-0.7793238628593402,-0.7793238628593402,0.015659117465590296,0.1587962876703638,48.0,0.320142378559464,0.11461270739440899,0.13166491549535309,-0.0170522081009441,-0.23138233296501087,-0.5562830651912619,0.49533906035833974,0.9095839177506421,104.0,0.3813381022512098,-0.004612972225798526
^IXIC,reversal,b200,ma200,"{'strategy': 'reversal', 'indicator': 'b200', 'low_extreme': 20.0, 'high_extreme': 80.0, 'confirm': 5.0, 'batch_mode': 'time', 'batches': 8, 'gate_cap': 0.0}",0.05168522866109937,0.12280798670277404,-0.07112275804167467,-0.49998948570692014,-0.7793238628593402,0.10337263110247844,0.5429236132117212,164.0,0.21977647182285653,0.03663256744748966,0.10378440339231076,-0.0671518359448211,-0.49998948570692014,-0.7793238628593402,0.0732666755895796,0.38410105011047185,59.0,0.1536065745393635,0.0670422316478354,0.13166491549535309,-0.06462268384751768,-0.21739825054431428,-0.5562830651912619,0.30838441192593485,0.7288602983202567,105.0,0.2862665684830633,-0.0013246023840134194
^IXIC,reversal,b200,off,"{'strategy': 'reversal', 'indicator': 'b200', 'low_extreme': 20.0, 'high_extreme': 80.0, 'confirm': 5.0, 'batch_mode': 'band', 'batches': 3, 'gate_cap': 0.0}",0.05850493648805499,0.12280798670277404,-0.06430305021471905,-0.7793238628593402,-0.7793238628593402,0.07507140391338757,0.43448595554000863,57.0,0.39843285409451856,0.01643928043744891,0.10378440339231076,-0.08734512295486185,-0.7793238628593402,-0.7793238628593402,0.02109428598417758,0.1805600120276618,18.0,0.3465242881072027,0.10254106059623158,0.13166491549535309,-0.029123854899121504,-0.22202534336701374,-0.5562830651912619,0.46184394556583797,0.8622971872560411,39.0,0.4505926081772916,-0.0085532685634764
^IXIC,reversal,b200,ma200,"{'strategy': 'reversal', 'indicator': 'b200', 'low_extreme': 20.0, 'high_extreme': 80.0, 'confirm': 5.0, 'batch_mode': 'band', 'batches': 3, 'gate_cap': 0.0}",0.05952317537938656,0.12280798670277404,-0.06328481132338748,-0.49998948570692003,-0.7793238628593402,0.11904885418786065,0.5916727671747115,134.0,0.2828908245006472,0.044598525446984505,0.10378440339231076,-0.05918587794532626,-0.49998948570692003,-0.7793238628593402,0.08919892662128284,0.4407584585280253,51.0,0.19374651032942497,0.07474792905531324,0.13166491549535309,-0.05691698644003984,-0.2366318237554933,-0.5562830651912619,0.3158828253487524,0.7649306964778667,83.0,0.37246651237814715,0.009648654881111773
^IXIC,reversal,b200,off,"{'strategy': 'reversal', 'indicator': 'b200', 'low_extreme': 20.0, 'high_extreme': 80.0, 'confirm': 5.0, 'batch_mode': 'band', 'batches': 5, 'gate_cap': 0.0}",0.062206770405991874,0.12280798670277404,-0.06060121629678217,-0.7793238628593402,-0.7793238628593402,0.07982146238632443,0.4581057584471867,96.0,0.4678140413474656,0.01903861283586017,0.10378440339231076,-0.0847457905564506,-0.7793238628593402,-0.7793238628593402,0.024429654657317276,0.1939268134331537,28.0,0.4034757118927974,0.10312274764246854,0.13166491549535309,-0.028542167852884548,-0.19716965122415842,-0.5562830651912619,0.5230153170237658,0.8900278287066326,69.0,0.5323795497580477,-0.004432144823539527
^IXIC,reversal,b200,ma200,"{'strategy': 'reversal', 'indicator': 'b200', 'low_extreme': 20.0, 'high_extreme': 80.0, 'confirm': 5.0, 'batch_mode': 'band', 'batches': 5, 'gate_cap': 0.0}",0.06699880410742542,0.12280798670277404,-0.055809182595348616,-0.49998948570692026,-0.7793238628593402,0.13400042605435555,0.638548360678937,209.0,0.356343792633015,0.04827387402451144,0.10378440339231076,-0.05551052936779932,-0.49998948570692026,-0.7793238628593402,0.09654977835435569,0.47399942415073765,81.0,0.24329983249581238,0.0820059584937225,0.13166491549535309,-0.04965895700163059,-0.1948816818981729,-0.5562830651912619,0.4207987004985477,0.7864632120683807,129.0,0.4698506206606354,0.020114660864533056
^IXIC,reversal,b200,off,"{'strategy': 'reversal', 'indicator': 'b200', 'low_extreme': 20.0, 'high_extreme': 80.0, 'confirm': 5.0, 'batch_mode': 'band', 'batches': 8, 'gate_cap': 0.0}",0.04845431473135586,0.12280798670277404,-0.07435367197141818,-0.6400464607771138,-0.7793238628593402,0.07570437101163711,0.4746675018977915,115.0,0.38481215237695454,0.02648093500747084,0.10378440339231076,-0.07730346838483992,-0.6400464607771138,-0.7793238628593402,0.04137345744450951,0.2663026179321264,34.0,0.34508479899497485,0.06584548281668656,0.13166491549535309,-0.06581943267866652,-0.16250781418873594,-0.5562830651912619,0.405183486993517,0.7540660269166001,82.0,0.42462655165158847,-0.014330454778196056
^IXIC,reversal,b200,ma200,"{'strategy': 'reversal', 'indicator': 'b200', 'low_extreme': 20.0, 'high_extreme': 80.0, 'confirm': 5.0, 'batch_mode': 'band', 'batches': 8, 'gate_cap': 0.0}",0.05258860135884191,0.12280798670277404,-0.07021938534393213,-0.38360873745654966,-0.7793238628593402,0.13708916461997553,0.6491667846321472,263.0,0.2976440340014692,0.0436602689981509,0.10378440339231076,-0.06012413439415987,-0.38360873745654966,-0.7793238628593402,0.11381458432785614,0.5572420427235191,106.0,0.22301612227805695,0.05659360230724242,0.13166491549535309,-0.07507131318811067,-0.14653304416110613,-0.5562830651912619,0.3862173384251844,0.7105100001460336,158.0,0.37252787713023355,0.012704034641630939
^IXIC,reversal,b200,off,"{'strategy': 'reversal', 'indicator': 'b200', 'low_extreme': 30.0, 'high_extreme': 70.0, 'confirm': 5.0, 'batch_mode': 'time', 'batches': 3, 'gate_cap': 0.0}",0.03766421294235611,0.12280798670277404,-0.08514377376041793,-0.7657791548875302,-0.7793238628593402,0.049184171052407195,0.30219985809881994,81.0,0.36289222373806274,0.03890411823515483,0.10378440339231076,-0.06488028515715594,-0.751525442542504,-0.7793238628593402,0.05176686780362001,0.29591336399699236,36.0,0.416247906197655,0.03642786072077686,0.13166491549535309,-0.09523705477457622,-0.48296223410564054,-0.5562830651912619,0.07542589906275948,0.31532991181507164,45.0,0.309278350515464,-0.031412595835287875
^IXIC,reversal,b200,ma200,"{'strategy': 'reversal', 'indicator': 'b200', 'low_extreme': 30.0, 'high_extreme': 70.0, 'confirm': 5.0, 'batch_mode': 'time', 'batches': 3, 'gate_cap': 0.0}",0.04177704138046434,0.12280798670277404,-0.0810309453223097,-0.49998948570692003,-0.7793238628593402,0.08355583982210554,0.4602952406390683,130.0,0.21803617028719352,0.056345820026271864,0.10378440339231076,-0.0474385833660389,-0.49998948570692003,-0.7793238628593402,0.11269400984823953,0.5226578160543255,61.0,0.2539084310441095,0.027348981618600998,0.13166491549535309,-0.10431593387675209,-0.20758954123190587,-0.5562830651912619,0.13174546972021317,0.3900888878049841,69.0,0.1819903219019567,-0.0151962312645436
^IXIC,reversal,b200,off,"{'strategy': 'reversal', 'indicator': 'b200', 'low_extreme': 30.0, 'high_extreme': 70.0, 'confirm': 5.0, 'batch_mode': 'time', 'batches': 5, 'gate_cap': 0.0}",0.03811731787049455,0.12280798670277404,-0.08469066883227949,-0.7629958360816415,-0.7793238628593402,0.0499574389111292,0.30494392132565995,135.0,0.3627872809318921,0.038395311463105486,0.10378440339231076,-0.06538909192920528,-0.7493705650510348,-0.7793238628593402,0.051236748884699826,0.2933751087463753,60.0,0.41624790619765495,0.03784622385852199,0.13166491549535309,-0.0938186916368311,-0.48296223410564054,-0.5562830651912619,0.0783626983352154,0.3250254758277479,75.0,0.3090679570797391,-0.030831425734916013
^IXIC,reversal,b200,ma200,"{'strategy': 'reversal', 'indicator': 'b200', 'low_extreme': 30.0, 'high_extreme': 70.0, 'confirm': 5.0, 'batch_mode': 'time', 'batches': 5, 'gate_cap': 0.0}",0.042053769643170646,0.12280798670277404,-0.0807542170596034,-0.4999894857069198,-0.7793238628593402,0.08410930798617117,0.46255755106070373,157.0,0.21865883093713925,0.055786123214439653,0.10378440339231076,-0.04799828017787111,-0.4999894857069198,-0.7793238628593402,0.11157459268481489,0.5180814676067368,73.0,0.254355108877722,0.028443774204160555,0.13166491549535309,-0.10322114129119253,-0.20448889388369484,-0.5562830651912619,0.13909691457541085,0.40293771208424484,84.0,0.18278981695771096,-0.014808807041293566
^IXIC,reversal,b200,off,"{'strategy': 'reversal', 'indicator': 'b200', 'low_extreme': 30.0, 'high_extreme': 70.0, 'confirm': 5.0, 'batch_mode': 'time', 'batches': 8, 'gate_cap': 0.0}",0.03996237928228652,0.12280798670277404,-0.08284560742048752,-0.7617300452043285,-0.7793238628593402,0.052462653316460564,0.31558109521205574,216.0,0.36262986672263614,0.04025733824460587,0.10378440339231076,-0.0635270651477049,-0.7467395953284502,-0.7793238628593402,0.05391081241232273,0.30293253991468305,96.0,0.41624790619765495,0.03967464996341752,0.13166491549535309,-0.09199026553193557,-0.48296223410564065,-0.5562830651912619,0.08214855564615285,0.3373044582150564,120.0,0.3087523669261519,-0.028722303125708285
^IXIC,reversal,b200,ma200,"{'strategy': 'reversal', 'indicator': 'b200', 'low_extreme': 30.0, 'high_extreme': 70.0, 'confirm': 5.0, 'batch_mode': 'time', 'batches': 8, 'gate_cap': 0.0}",0.04363681389783158,0.12280798670277404,-0.07917117280494246,-0.4999894857069206,-0.7793238628593402,0.08727546307525799,0.47714087203442856,199.0,0.21956658621051528,0.05685399307224581,0.10378440339231076,-0.04693041032006495,-0.4999894857069206,-0.7793238628593402,0.1137103773129581,0.5265303893804474,91.0,0.2549989530988275,0.03053141990076913,0.13166491549535309,-0.10113349559458396,-0.20249992787658655,-0.5562830651912619,0.15077249765430278,0.4275419010859337,108.0,0.1839627603618767,-0.01259251845286228
^IXIC,reversal,b200,off,"{'strategy': 'reversal', 'indicator': 'b200', 'low_extreme': 30.0, 'high_extreme': 70.0, 'confirm': 5.0, 'batch_mode': 'band', 'batches': 3, 'gate_cap': 0.0}",0.047505962241175315,0.12280798670277404,-0.07530202446159873,-0.6900726650736865,-0.7793238628593402,0.06884197077434243,0.3838688134105381,81.0,0.4459719452898171,0.025468500654661774,0.10378440339231076,-0.07831590273764899,-0.6900726650736865,-0.7793238628593402,0.03690698377676245,0.23240960128102225,35.0,0.40731434952540485,0.06664452674679278,0.13166491549535309,-0.06502038874856031,-0.350222390076648,-0.5562830651912619,0.19029202196983258,0.5768081595074123,47.0,0.4847464759099516,-0.017644426367222264
^IXIC,reversal,b200,ma200,"{'strategy': 'reversal', 'indicator': 'b200', 'low_extreme': 30.0, 'high_extreme': 70.0, 'confirm': 5.0, 'batch_mode': 'band', 'batches': 3, 'gate_cap': 0.0}",0.05888678444313156,0.12280798670277404,-0.06392120225964248,-0.3621358651239691,-0.7793238628593402,0.16260964492697508,0.6211833111822486,182.0,0.33291356210865075,0.054863940002412015,0.10378440339231076,-0.04892046338989875,-0.3621358651239691,-0.7793238628593402,0.15150098426078448,0.5751459498916409,81.0,0.2740089335566722,0.05955175030614024,0.13166491549535309,-0.07211316518921285,-0.17279417408413011,-0.5562830651912619,0.3446398041009511,0.6453515833757506,102.0,0.39203310190055407,0.026691136615004538
^IXIC,reversal,b200,off,"{'strategy': 'reversal', 'indicator': 'b200', 'low_extreme': 30.0, 'high_extreme': 70.0, 'confirm': 5.0, 'batch_mode': 'band', 'batches': 5, 'gate_cap': 0.0}",0.04844914331067263,0.12280798670277404,-0.07435884339210141,-0.5868156568127003,-0.7793238628593402,0.0825627993189974,0.44440632839095096,119.0,0.47215867352293006,0.028493669596569404,0.10378440339231076,-0.07529073379574136,-0.5868156568127003,-0.7793238628593402,0.048556423581697324,0.2821470588491603,49.0,0.4279731993299833,0.06276343198913237,0.13166491549535309,-0.06890148350622072,-0.37228739930769317,-0.5562830651912619,0.16858865517835803,0.5910574813673103,71.0,0.5164317273301072,-0.011590186307661884
^IXIC,reversal,b200,ma200,"{'strategy': 'reversal', 'indicator': 'b200', 'low_extreme': 30.0, 'high_extreme': 70.0, 'confirm': 5.0, 'batch_mode': 'band', 'batches': 5, 'gate_cap': 0.0}",0.05751190472628753,0.12280798670277404,-0.06529608197648651,-0.24696109829806967,-0.7793238628593402,0.23287839713473232,0.6709434157402522,249.0,0.370343162976178,0.05134395751488641,0.10378440339231076,-0.05244044587742436,-0.24696109829806967,-0.7793238628593402,0.20790301739311517,0.6593111938667967,106.0,0.30674204355108875,0.05771268039958444,0.13166491549535309,-0.07395223509576865,-0.17929899102644853,-0.5562830651912619,0.3218795603321114,0.6537644188698495,144.0,0.43412581527456345,0.05397370966800103
^IXIC,reversal,b200,off,"{'strategy': 'reversal', 'indicator': 'b200', 'low_extreme': 30.0, 'high_extreme': 70.0, 'confirm': 5.0, 'batch_mode': 'band', 'batches': 8, 'gate_cap': 0.0}",0.03689482341511674,0.12280798670277404,-0.0859131632876573,-0.41271420639000655,-0.7793238628593402,0.08939557408947507,0.5090452485226798,117.0,0.3011333823066429,0.027222905317624946,0.10378440339231076,-0.07656149807468582,-0.41271420639000655,-0.7793238628593402,0.06596066938364573,0.3675777907389056,53.0,0.28355318257956447,0.04288400269008652,0.13166491549535309,-0.08878091280526657,-0.1874227474199952,-0.5562830651912619,0.22880895345103364,0.6486009163071143,65.0,0.31871975594361457,-0.015789668336804355
^IXIC,reversal,b200,ma200,"{'strategy': 'reversal', 'indicator': 'b200', 'low_extreme': 30.0, 'high_extreme': 70.0, 'confirm': 5.0, 'batch_mode': 'band', 'batches': 8, 'gate_cap': 0.0}",0.04052664307566145,0.12280798670277404,-0.08228134362711259,-0.16203544617666688,-0.7793238628593402,0.25010973852891016,0.6883628064142991,257.0,0.23926959806905237,0.040176204741050325,0.10378440339231076,-0.06360819865126044,-0.16203544617666688,-0.7793238628593402,0.24794701214477666,0.711362006862341,114.0,0.20728643216080403,0.03714477038973163,0.13166491549535309,-0.09452014510562146,-0.12188156742212874,-0.5562830651912619,0.3047611806720796,0.6395098585119684,144.0,0.27132863454660217,0.05067508923529652
^IXIC,ladder,b50,off,"{'strategy': 'ladder', 'indicator': 'b50', 'n_bands': 3, 'edge_mode': 'fixed', 'direction': 'contrarian', 'gate_cap': 0.0}",0.04266327308954465,0.12280798670277404,-0.08014471361322939,-0.5365253036243269,-0.7793238628593402,0.07951772787107413,0.3471006844825006,1100.0,0.3700808059607514,0.01588462365441723,0.10378440339231076,-0.08789977973789354,-0.4344219623408667,-0.7793238628593402,0.036564964553871815,0.1810098099280591,484.0,0.37950167504187604,0.07029198913151502,0.13166491549535309,-0.061372926363838065,-0.41883803099851347,-0.5562830651912619,0.1678261856115079,0.49762496157734903,616.0,0.3606143488323164,-0.01627973701950798
^IXIC,ladder,b50,ma200,"{'strategy': 'ladder', 'indicator': 'b50', 'n_bands': 3, 'edge_mode': 'fixed', 'direction': 'contrarian', 'gate_cap': 0.0}",0.03358420407978868,0.12280798670277404,-0.08922378262298536,-0.24164818833641,-0.7793238628593402,0.13897974700739119,0.47269962052588005,901.0,0.2186483366565222,0.024970167156302958,0.10378440339231076,-0.0788142362360078,-0.1679104116776916,-0.7793238628593402,0.14871124968851748,0.3688803534247554,399.0,0.21461474036850922,0.04232010034046407,0.13166491549535309,-0.08934481515488901,-0.1970440341197911,-0.5562830651912619,0.21477483715511,0.5728568948729634,502.0,0.2227014517147065,0.0020576292291652684
^IXIC,ladder,b50,off,"{'strategy': 'ladder', 'indicator': 'b50', 'n_bands': 3, 'edge_mode': 'fixed', 'direction': 'momentum', 'gate_cap': 0.0}",0.08122368523771217,0.12280798670277404,-0.04158430146506187,-0.6377801705597301,-0.7793238628593402,0.12735373250383192,0.6517006063294242,1101.0,0.629814251233078,0.09331946088347909,0.10378440339231076,-0.010464942508831676,-0.6377801705597301,-0.7793238628593402,0.1463191632339084,0.7236524316902808,485.0,0.6202889447236181,0.059289558799033415,0.13166491549535309,-0.07237535669631967,-0.3122718363236362,-0.5562830651912619,0.18986521326113495,0.5310181704309903,616.0,0.6391752577319587,0.02599091212249565
^IXIC,ladder,b50,ma200,"{'strategy': 'ladder', 'indicator': 'b50', 'n_bands': 3, 'edge_mode': 'fixed', 'direction': 'momentum', 'gate_cap': 0.0}",0.08148140067120102,0.12280798670277404,-0.04132658603157302,-0.43664144170833663,-0.7793238628593402,0.18660940737189152,0.7715880695278703,942.0,0.5181551054675202,0.09263902358099307,0.10378440339231076,-0.01114537981131769,-0.43664144170833663,-0.7793238628593402,0.2121626917008788,0.8857376831461712,417.0,0.48115577889447236,0.06045904896651222,0.13166491549535309,-0.07120586652884087,-0.17469238854549396,-0.5562830651912619,0.3460886273861169,0.6245161030421467,525.0,0.555123080159899,0.04984781132981281
^IXIC,ladder,b50,off,"{'strategy': 'ladder', 'indicator': 'b50', 'n_bands': 3, 'edge_mode': 'preq', 'direction': 'contrarian', 'gate_cap': 0.0}",0.04266327308954465,0.12280798670277404,-0.08014471361322939,-0.5365253036243269,-0.7793238628593402,0.07951772787107413,0.3471006844825006,1100.0,0.3700808059607514,0.01588462365441723,0.10378440339231076,-0.08789977973789354,-0.4344219623408667,-0.7793238628593402,0.036564964553871815,0.1810098099280591,484.0,0.37950167504187604,0.0684750929911715,0.13166491549535309,-0.06318982250418159,-0.48994932735302654,-0.5562830651912619,0.13975954076947364,0.45105386434170236,765.0,0.4643383126446455,-0.01627973701950798
^IXIC,ladder,b50,ma200,"{'strategy': 'ladder', 'indicator': 'b50', 'n_bands': 3, 'edge_mode': 'preq', 'direction': 'contrarian', 'gate_cap': 0.0}",0.03358420407978868,0.12280798670277404,-0.08922378262298536,-0.24164818833641,-0.7793238628593402,0.13897974700739119,0.47269962052588005,901.0,0.2186483366565222,0.024970167156302958,0.10378440339231076,-0.0788142362360078,-0.1679104116776916,-0.7793238628593402,0.14871124968851748,0.3688803534247554,399.0,0.21461474036850922,0.054402728129357314,0.13166491549535309,-0.07726218736599577,-0.2637700046801955,-0.5562830651912619,0.2062506242713882,0.5903131542491222,681.0,0.3019145802650957,0.0020576292291652684
^IXIC,ladder,b50,off,"{'strategy': 'ladder', 'indicator': 'b50', 'n_bands': 3, 'edge_mode': 'preq', 'direction': 'momentum', 'gate_cap': 0.0}",0.08122368523771217,0.12280798670277404,-0.04158430146506187,-0.6377801705597301,-0.7793238628593402,0.12735373250383192,0.6517006063294242,1101.0,0.629814251233078,0.09331946088347909,0.10378440339231076,-0.010464942508831676,-0.6377801705597301,-0.7793238628593402,0.1463191632339084,0.7236524316902808,485.0,0.6202889447236181,0.05743491919659971,0.13166491549535309,-0.07422999629875338,-0.2138482389324322,-0.5562830651912619,0.268577938650909,0.572282546570178,765.0,0.5354512939196298,0.02599091212249565
^IXIC,ladder,b50,ma200,"{'strategy': 'ladder', 'indicator': 'b50', 'n_bands': 3, 'edge_mode': 'preq', 'direction': 'momentum', 'gate_cap': 0.0}",0.08148140067120102,0.12280798670277404,-0.04132658603157302,-0.43664144170833663,-0.7793238628593402,0.18660940737189152,0.7715880695278703,942.0,0.5181551054675202,0.09263902358099307,0.10378440339231076,-0.01114537981131769,-0.43664144170833663,-0.7793238628593402,0.2121626917008788,0.8857376831461712,417.0,0.48115577889447236,0.04608267414672795,0.13166491549535309,-0.08558224134862513,-0.15946525445442883,-0.5562830651912619,0.2889825392019628,0.5303859296969341,680.0,0.4759099516095098,0.04984781132981281
^IXIC,ladder,b50,off,"{'strategy': 'ladder', 'indicator': 'b50', 'n_bands': 5, 'edge_mode': 'fixed', 'direction': 'contrarian', 'gate_cap': 0.0}",0.046548836462884324,0.12280798670277404,-0.07625915023988972,-0.5404011170476462,-0.7793238628593402,0.08613756521672808,0.3827224721149805,1851.0,0.39395529436457133,0.03171781399758555,0.10378440339231076,-0.07206658939472521,-0.4152703724689464,-0.7793238628593402,0.07637870674233421,0.2961299861598518,850.0,0.39750837520938026,0.06167655940207473,0.13166491549535309,-0.06998835609327836,-0.4371293855711129,-0.5562830651912619,0.14109451672184845,0.46060081830009914,1001.0,0.3903850199873764,-0.011300464057242596
^IXIC,ladder,b50,ma200,"{'strategy': 'ladder', 'indicator': 'b50', 'n_bands': 5, 'edge_mode': 'fixed', 'direction': 'contrarian', 'gate_cap': 0.0}",0.03909011087716774,0.12280798670277404,-0.0837178758256063,-0.2667958235917637,-0.7793238628593402,0.14651695199315143,0.5861320836136742,1435.0,0.24540875223003464,0.034308614916892965,0.10378440339231076,-0.0694757884754178,-0.18696336022892668,-0.7793238628593402,0.1835044838458396,0.5323798616411449,636.0,0.2344535175879397,0.04392543857950093,0.13166491549535309,-0.08773947691585215,-0.18298285150982785,-0.5562830651912619,0.24005221372966598,0.6377355514139464,799.0,0.2564169997896066,0.008376055301896793
^IXIC,ladder,b50,off,"{'strategy': 'ladder', 'indicator': 'b50', 'n_bands': 5, 'edge_mode': 'fixed', 'direction': 'momentum', 'gate_cap': 0.0}",0.07951294761978422,0.12280798670277404,-0.04329503908298982,-0.6223723924408299,-0.7793238628593402,0.1277578321042633,0.6707144329176326,1852.0,0.6059397628292581,0.07865304779875348,0.10378440339231076,-0.02513135559355728,-0.6223723924408299,-0.7793238628593402,0.12637618370296072,0.6541095850796086,851.0,0.6022822445561139,0.07035629722507308,0.13166491549535309,-0.06130861827028,-0.2731637889183812,-0.5562830651912619,0.25756084839669174,0.6504725484164666,1001.0,0.6094045865768988,0.025126109391911438
^IXIC,ladder,b50,ma200,"{'strategy': 'ladder', 'indicator': 'b50', 'n_bands': 5, 'edge_mode': 'fixed', 'direction': 'momentum', 'gate_cap': 0.0}",0.07763846407821018,0.12280798670277404,-0.04516952262456386,-0.38065031526133064,-0.7793238628593402,0.20396269480273116,0.7879817786990939,1464.0,0.49139468989400775,0.08484700127556821,0.10378440339231076,-0.018937402116742552,-0.38065031526133064,-0.7793238628593402,0.22290012085585054,0.8863203802287513,645.0,0.46131700167504186,0.060513643237068315,0.13166491549535309,-0.07115127225828477,-0.1707720302409872,-0.5562830651912619,0.35435336308688076,0.664909064078353,819.0,0.5214075320849989,0.05448336434635416
^IXIC,ladder,b50,off,"{'strategy': 'ladder', 'indicator': 'b50', 'n_bands': 5, 'edge_mode': 'preq', 'direction': 'contrarian', 'gate_cap': 0.0}",0.046548836462884324,0.12280798670277404,-0.07625915023988972,-0.5404011170476462,-0.7793238628593402,0.08613756521672808,0.3827224721149805,1851.0,0.39395529436457133,0.03171781399758555,0.10378440339231076,-0.07206658939472521,-0.4152703724689464,-0.7793238628593402,0.07637870674233421,0.2961299861598518,850.0,0.39750837520938026,0.06841662090530543,0.13166491549535309,-0.06324829459004766,-0.47429848999793367,-0.5562830651912619,0.14424802597537995,0.4571039532000147,1270.0,0.47533136966126655,-0.011300464057242596
^IXIC,ladder,b50,ma200,"{'strategy': 'ladder', 'indicator': 'b50', 'n_bands': 5, 'edge_mode': 'preq', 'direction': 'contrarian', 'gate_cap': 0.0}",0.03909011087716774,0.12280798670277404,-0.0837178758256063,-0.2667958235917637,-0.7793238628593402,0.14651695199315143,0.5861320836136742,1435.0,0.24540875223003464,0.034308614916892965,0.10378440339231076,-0.0694757884754178,-0.18696336022892668,-0.7793238628593402,0.1835044838458396,0.5323798616411449,636.0,0.2344535175879397,0.05607153722188207,0.13166491549535309,-0.07559337827347101,-0.21031092622479886,-0.5562830651912619,0.26661257324285603,0.6296354117147075,1091.0,0.31469598148537764,0.008376055301896793
^IXIC,ladder,b50,off,"{'strategy': 'ladder', 'indicator': 'b50', 'n_bands': 5, 'edge_mode': 'preq', 'direction': 'momentum', 'gate_cap': 0.0}",0.07951294761978422,0.12280798670277404,-0.04329503908298982,-0.6223723924408299,-0.7793238628593402,0.1277578321042633,0.6707144329176326,1852.0,0.6059397628292581,0.07865304779875348,0.10378440339231076,-0.02513135559355728,-0.6223723924408299,-0.7793238628593402,0.12637618370296072,0.6541095850796086,851.0,0.6022822445561139,0.05943552352189618,0.13166491549535309,-0.0722293919734569,-0.2146148057638353,-0.5562830651912619,0.27694046228711616,0.6138792830163816,1270.0,0.5244582369030086,0.025126109391911438
^IXIC,ladder,b50,ma200,"{'strategy': 'ladder', 'indicator': 'b50', 'n_bands': 5, 'edge_mode': 'preq', 'direction': 'momentum', 'gate_cap': 0.0}",0.07763846407821018,0.12280798670277404,-0.04516952262456386,-0.38065031526133064,-0.7793238628593402,0.20396269480273116,0.7879817786990939,1464.0,0.49139468989400775,0.08484700127556821,0.10378440339231076,-0.018937402116742552,-0.38065031526133064,-0.7793238628593402,0.22290012085585054,0.8863203802287513,645.0,0.46131700167504186,0.04601365343105801,0.13166491549535309,-0.08565126206429508,-0.16231980722920414,-0.5562830651912619,0.2834752838640592,0.5586147081046753,1086.0,0.46312855038922784,0.05448336434635416
^IXIC,ladder,b50,off,"{'strategy': 'ladder', 'indicator': 'b50', 'n_bands': 9, 'edge_mode': 'fixed', 'direction': 'contrarian', 'gate_cap': 0.0}",0.04979054162956231,0.12280798670277404,-0.07301744507321173,-0.5197607007180778,-0.7793238628593402,0.09579512564296216,0.4089241979166415,3244.0,0.40481687480323225,0.030837578671858656,0.10378440339231076,-0.07294682472045211,-0.41037140900445856,-0.7793238628593402,0.07514553400946998,0.2929736840732148,1469.0,0.40876256281407036,0.06916455809110267,0.13166491549535309,-0.06250035740425042,-0.4244468037603817,-0.5562830651912619,0.16295224154909413,0.5126773162830209,1774.0,0.40082579423521986,-0.0054924167867421644
^IXIC,ladder,b50,ma200,"{'strategy': 'ladder', 'indicator': 'b50', 'n_bands': 9, 'edge_mode': 'fixed', 'direction': 'contrarian', 'gate_cap': 0.0}",0.04096576281364195,0.12280798670277404,-0.08184222388913209,-0.20830169099713047,-0.7793238628593402,0.19666553169847423,0.6140182870754536,2418.0,0.2572804071780879,0.03492491986081747,0.10378440339231076,-0.06885948353149329,-0.18578386473295805,-0.7793238628593402,0.1879868303472847,0.5399250257449912,1068.0,0.2461002931323283,0.04704825622223807,0.13166491549535309,-0.08461665927311501,-0.15466432058047208,-0.5562830651912619,0.3041959260265123,0.6852674053521304,1349.0,0.26848832316431726,0.029560878345910445
^IXIC,ladder,b50,off,"{'strategy': 'ladder', 'indicator': 'b50', 'n_bands': 9, 'edge_mode': 'fixed', 'direction': 'momentum', 'gate_cap': 0.0}",0.07734172985172849,0.12280798670277404,-0.04546625685104555,-0.5998652612775113,-0.7793238628593402,0.12893183660446783,0.6684860341066847,3245.0,0.5950781823905972,0.0810594558432911,0.10378440339231076,-0.02272494754901966,-0.5998652612775113,-0.7793238628593402,0.13512943835197544,0.685114316891968,1470.0,0.5910280569514238,0.06369346631469996,0.13166491549535309,-0.06797144918065312,-0.291899602121939,-0.5562830651912619,0.218203333789035,0.6106498668404806,1774.0,0.5989638123290554,0.024292980531159802
^IXIC,ladder,b50,ma200,"{'strategy': 'ladder', 'indicator': 'b50', 'n_bands': 9, 'edge_mode': 'fixed', 'direction': 'momentum', 'gate_cap': 0.0}",0.07565567825347808,0.12280798670277404,-0.047152308449295965,-0.39047554636400683,-0.7793238628593402,0.19375266635250643,0.7879899319481195,2434.0,0.47952303494595444,0.08379184055867395,0.10378440339231076,-0.019992562833636818,-0.39047554636400683,-0.7793238628593402,0.21458921394417363,0.8970912779900788,1069.0,0.44967022613065327,0.05767207178111167,0.13166491549535309,-0.07399284371424142,-0.1699331734705949,-0.5562830651912619,0.3393808907540422,0.6544183546991679,1364.0,0.5093362087102883,0.049209681471425
^IXIC,ladder,b50,off,"{'strategy': 'ladder', 'indicator': 'b50', 'n_bands': 9, 'edge_mode': 'preq', 'direction': 'contrarian', 'gate_cap': 0.0}",0.04979054162956231,0.12280798670277404,-0.07301744507321173,-0.5197607007180778,-0.7793238628593402,0.09579512564296216,0.4089241979166415,3244.0,0.40481687480323225,0.030837578671858656,0.10378440339231076,-0.07294682472045211,-0.41037140900445856,-0.7793238628593402,0.07514553400946998,0.2929736840732148,1469.0,0.40876256281407036,0.07182609443945664,0.13166491549535309,-0.05983882105589644,-0.4595510290920253,-0.5562830651912619,0.1562962323931026,0.48224140579962627,2077.0,0.475831054071113,-0.0054924167867421644
^IXIC,ladder,b50,ma200,"{'strategy': 'ladder', 'indicator': 'b50', 'n_bands': 9, 'edge_mode': 'preq', 'direction': 'contrarian', 'gate_cap': 0.0}",0.04096576281364195,0.12280798670277404,-0.08184222388913209,-0.20830169099713047,-0.7793238628593402,0.19666553169847423,0.6140182870754536,2418.0,0.2572804071780879,0.03492491986081747,0.10378440339231076,-0.06885948353149329,-0.18578386473295805,-0.7793238628593402,0.1879868303472847,0.5399250257449912,1068.0,0.2461002931323283,0.054300844701886675,0.13166491549535309,-0.07736407079346641,-0.22607779495726754,-0.5562830651912619,0.24018654601682768,0.629836806401846,1763.0,0.31858826004628654,0.029560878345910445
^IXIC,ladder,b50,off,"{'strategy': 'ladder', 'indicator': 'b50', 'n_bands': 9, 'edge_mode': 'preq', 'direction': 'momentum', 'gate_cap': 0.0}",0.07734172985172849,0.12280798670277404,-0.04546625685104555,-0.5998652612775113,-0.7793238628593402,0.12893183660446783,0.6684860341066847,3245.0,0.5950781823905972,0.0810594558432911,0.10378440339231076,-0.02272494754901966,-0.5998652612775113,-0.7793238628593402,0.13512943835197544,0.685114316891968,1470.0,0.5910280569514238,0.05716342787479167,0.13166491549535309,-0.07450148762056141,-0.22666167834471285,-0.5562830651912619,0.25219714374414925,0.6020967242146238,2077.0,0.5239585524931623,0.024292980531159802
^IXIC,ladder,b50,ma200,"{'strategy': 'ladder', 'indicator': 'b50', 'n_bands': 9, 'edge_mode': 'preq', 'direction': 'momentum', 'gate_cap': 0.0}",0.07565567825347808,0.12280798670277404,-0.047152308449295965,-0.39047554636400683,-0.7793238628593402,0.19375266635250643,0.7879899319481195,2434.0,0.47952303494595444,0.08379184055867395,0.10378440339231076,-0.019992562833636818,-0.39047554636400683,-0.7793238628593402,0.21458921394417363,0.8970912779900788,1069.0,0.44967022613065327,0.04832513972659136,0.13166491549535309,-0.08333977576876173,-0.15168132210049978,-0.5562830651912619,0.3185965091639462,0.5942227441690339,1761.0,0.45923627182831894,0.049209681471425
^IXIC,reversal,b50,off,"{'strategy': 'reversal', 'indicator': 'b50', 'low_extreme': 10.0, 'high_extreme': 90.0, 'confirm': 5.0, 'batch_mode': 'time', 'batches': 3, 'gate_cap': 0.0}",0.05163106999101652,0.12280798670277404,-0.07117691671175752,-0.5934512423832032,-0.7793238628593402,0.08700136810511101,0.4242524519983421,87.0,0.3083219645293315,0.06500610131419515,0.10378440339231076,-0.03877830207811561,-0.459007056128945,-0.7793238628593402,0.14162331590809693,0.5425522434816722,24.0,0.3557370184254607,0.03837149325930089,0.13166491549535309,-0.09329342223605219,-0.4838623554438035,-0.5562830651912619,0.07930249755450838,0.3232527438973245,63.0,0.26067746686303395,-0.007905602785010103
^IXIC,reversal,b50,ma200,"{'strategy': 'reversal', 'indicator': 'b50', 'low_extreme': 10.0, 'high_extreme': 90.0, 'confirm': 5.0, 'batch_mode': 'time', 'batches': 3, 'gate_cap': 0.0}",0.019705734603274516,0.12280798670277404,-0.10310225209949953,-0.42580824991131283,-0.7793238628593402,0.046278423697471385,0.3042659476400469,133.0,0.17221114492601533,0.033197375842662025,0.10378440339231076,-0.07058702754964874,-0.19935664844760959,-0.7793238628593402,0.16652254189248275,0.45232977177287825,42.0,0.22173366834170855,0.0063303785751966934,0.13166491549535309,-0.1253345369201564,-0.36621971405617126,-0.5562830651912619,0.017285739495241186,0.12873867739443273,91.0,0.12244897959183679,-0.04334998178071116
^IXIC,reversal,b50,off,"{'strategy': 'reversal', 'indicator': 'b50', 'low_extreme': 10.0, 'high_extreme': 90.0, 'confirm': 5.0, 'batch_mode': 'time', 'batches': 5, 'gate_cap': 0.0}",0.05354135213534206,0.12280798670277404,-0.06926663456743198,-0.5896055032193077,-0.7793238628593402,0.09080877271836961,0.43860035115196966,145.0,0.3082170217231609,0.06496957940444603,0.10378440339231076,-0.03881482398786473,-0.4590070561289451,-0.7793238628593402,0.14154374870044406,0.5431343757324276,40.0,0.3557370184254606,0.0421927767274497,0.13166491549535309,-0.08947213876790339,-0.4838623554438035,-0.5562830651912619,0.08719995728692316,0.3489226702472179,105.0,0.26046707342730907,-0.005236471653111342
^IXIC,reversal,b50,ma200,"{'strategy': 'reversal', 'indicator': 'b50', 'low_extreme': 10.0, 'high_extreme': 90.0, 'confirm': 5.0, 'batch_mode': 'time', 'batches': 5, 'gate_cap': 0.0}",0.02149419996682922,0.12280798670277404,-0.10131378673594482,-0.39161219180797124,-0.7793238628593402,0.05488644229281042,0.3302418622101559,157.0,0.17252597334452724,0.03398853110690547,0.10378440339231076,-0.06979587228540529,-0.19546772194664463,-0.7793238628593402,0.1738830880537047,0.46139465052619494,46.0,0.22215242881072028,0.00909598311579729,0.13166491549535309,-0.1225689323795558,-0.33798318749562206,-0.5562830651912619,0.026912531310200487,0.17248756883609456,111.0,0.12265937302756154,-0.03883369512444272
^IXIC,reversal,b50,off,"{'strategy': 'reversal', 'indicator': 'b50', 'low_extreme': 10.0, 'high_extreme': 90.0, 'confirm': 5.0, 'batch_mode': 'time', 'batches': 8, 'gate_cap': 0.0}",0.05639120817175902,0.12280798670277404,-0.06641677853101502,-0.5833074909660643,-0.7793238628593402,0.09667492539546309,0.46038510305657787,232.0,0.30805960751390493,0.06646974001272365,0.10378440339231076,-0.03731466337958711,-0.4590070561289451,-0.7793238628593402,0.1448120222231417,0.5549975576744341,64.0,0.3557370184254606,0.04637191211573288,0.13166491549535309,-0.0852930033796202,-0.4838623554438035,-0.5562830651912619,0.09583699081777108,0.37834021540814583,168.0,0.26015148327372184,-0.0011800969604237668
^IXIC,reversal,b50,ma200,"{'strategy': 'reversal', 'indicator': 'b50', 'low_extreme': 10.0, 'high_extreme': 90.0, 'confirm': 5.0, 'batch_mode': 'time', 'batches': 8, 'gate_cap': 0.0}",0.02368998504731401,0.12280798670277404,-0.09911800165546003,-0.35616503655670995,-0.7793238628593402,0.06651406683918566,0.3621811507391266,185.0,0.17310315877846574,0.03565248004711541,0.10378440339231076,-0.06813192334519536,-0.18584433613897589,-0.7793238628593402,0.19184055208685077,0.48058221496985126,52.0,0.22278056951423786,0.011813753280724981,0.13166491549535309,-0.1198511622146281,-0.31816676041811587,-0.5562830651912619,0.037130696070199316,0.21774610491453428,133.0,0.12318535661687355,-0.03286517425760175
^IXIC,reversal,b50,off,"{'strategy': 'reversal', 'indicator': 'b50', 'low_extreme': 10.0, 'high_extreme': 90.0, 'confirm': 5.0, 'batch_mode': 'band', 'batches': 3, 'gate_cap': 0.0}",0.04820867117449046,0.12280798670277404,-0.07459931552828358,-0.5594031348877271,-0.7793238628593402,0.08617876477250347,0.4146033561142667,83.0,0.309056564172526,0.06695155448245771,0.10378440339231076,-0.036832848909853055,-0.4590070561289451,-0.7793238628593402,0.14586171081354696,0.559706218169016,23.0,0.35943606923506427,0.029716909978846795,0.13166491549535309,-0.10194800551650629,-0.4838623554438035,-0.5562830651912619,0.06141604041833372,0.2788197520670628,60.0,0.2584332702153027,-0.01028808340796876
^IXIC,reversal,b50,ma200,"{'strategy': 'reversal', 'indicator': 'b50', 'low_extreme': 10.0, 'high_extreme': 90.0, 'confirm': 5.0, 'batch_mode': 'band', 'batches': 3, 'gate_cap': 0.0}",0.023330571803126476,0.12280798670277404,-0.09947741489964756,-0.3702671825661209,-0.7793238628593402,0.06301009892757696,0.35409402930907197,142.0,0.178087942071571,0.038268591252983875,0.10378440339231076,-0.06551581213932689,-0.1984216595871583,-0.7793238628593402,0.19286498929908452,0.5064822526791378,42.0,0.22780569514237856,0.008541623573611767,0.13166491549535309,-0.12312329192174132,-0.3594037030705388,-0.5562830651912619,0.02376609784661939,0.16566368269035403,100.0,0.12812960235640652,-0.03448240936875775
^IXIC,reversal,b50,off,"{'strategy': 'reversal', 'indicator': 'b50', 'low_extreme': 10.0, 'high_extreme': 90.0, 'confirm': 5.0, 'batch_mode': 'band', 'batches': 5, 'gate_cap': 0.0}",0.05073435791529368,0.12280798670277404,-0.07207362878748036,-0.5340789728833835,-0.7793238628593402,0.09499411227779522,0.44061495121360855,135.0,0.3202224787490818,0.07152082544243732,0.10378440339231076,-0.032263577949873445,-0.4590070561289451,-0.7793238628593402,0.15581639647462317,0.5920206452838004,38.0,0.37198492462311566,0.03026416888646799,0.13166491549535309,-0.1014007466088851,-0.4838623554438035,-0.5562830651912619,0.06254706229152583,0.29059686991022793,97.0,0.2682095518619819,-0.0052465323613701195
^IXIC,reversal,b50,ma200,"{'strategy': 'reversal', 'indicator': 'b50', 'low_extreme': 10.0, 'high_extreme': 90.0, 'confirm': 5.0, 'batch_mode': 'band', 'batches': 5, 'gate_cap': 0.0}",0.031236375223161472,0.12280798670277404,-0.09157161147961257,-0.2972215751025713,-0.7793238628593402,0.10509457535975235,0.4534607999768196,163.0,0.19588624199811103,0.04660333654420801,0.10378440339231076,-0.05718106684810276,-0.1840168018887448,-0.7793238628593402,0.2532558769953194,0.5903634887347258,46.0,0.24476549413735343,0.016028877026964983,0.13166491549535309,-0.1156360384683881,-0.28816721018169944,-0.5562830651912619,0.05562352849534206,0.28273470267795253,117.0,0.14677046076162426,-0.012905136743866598
^IXIC,reversal,b50,off,"{'strategy': 'reversal', 'indicator': 'b50', 'low_extreme': 10.0, 'high_extreme': 90.0, 'confirm': 5.0, 'batch_mode': 'band', 'batches': 8, 'gate_cap': 0.0}",0.057078360303846054,0.12280798670277404,-0.06572962639892799,-0.42839707843244834,-0.7793238628593402,0.13323704380221732,0.5229399286129344,205.0,0.35917987196977647,0.075795152815062,0.10378440339231076,-0.02798925057724877,-0.4054060932207556,-0.7793238628593402,0.1869610597435922,0.6564471644968861,57.0,0.3859924623115578,0.0372914106356701,0.13166491549535309,-0.09437350485968299,-0.4266605296171534,-0.5562830651912619,0.08740300085675147,0.3721323142138212,149.0,0.3322112350094677,0.013857041681530138
^IXIC,reversal,b50,ma200,"{'strategy': 'reversal', 'indicator': 'b50', 'low_extreme': 10.0, 'high_extreme': 90.0, 'confirm': 5.0, 'batch_mode': 'band', 'batches': 8, 'gate_cap': 0.0}",0.044188285622851486,0.12280798670277404,-0.07861970107992255,-0.19489421120014383,-0.7793238628593402,0.22672959525448888,0.6124470865462306,235.0,0.24519886661769336,0.05687030649472358,0.10378440339231076,-0.04691409689758719,-0.17988169562046208,-0.7793238628593402,0.3161539382790564,0.6997272955696401,79.0,0.2681899078726968,0.030352494111756334,0.13166491549535309,-0.10131242138359675,-0.19489421120014472,-0.5562830651912619,0.15573830502634137,0.49429309495977775,157.0,0.22207027140753208,0.04352001745384202
^IXIC,reversal,b50,off,"{'strategy': 'reversal', 'indicator': 'b50', 'low_extreme': 20.0, 'high_extreme': 80.0, 'confirm': 5.0, 'batch_mode': 'time', 'batches': 3, 'gate_cap': 0.0}",0.04105865122519692,0.12280798670277404,-0.08174933547757712,-0.6753964428321708,-0.7793238628593402,0.060791926965181806,0.3227563497192383,201.0,0.30779725049847834,0.04212289945632097,0.10378440339231076,-0.06166150393598979,-0.6753964428321708,-0.7793238628593402,0.0623676655442322,0.32680392951478865,96.0,0.30339195979899497,0.03999915298592582,0.13166491549535309,-0.09166576250942726,-0.46361163602989464,-0.5562830651912619,0.08627728442809532,0.31863773539152496,105.0,0.3122238586156112,-0.02473283050047355
^IXIC,reversal,b50,ma200,"{'strategy': 'reversal', 'indicator': 'b50', 'low_extreme': 20.0, 'high_extreme': 80.0, 'confirm': 5.0, 'batch_mode': 'time', 'batches': 3, 'gate_cap': 0.0}",0.024730905074785037,0.12280798670277404,-0.098077081627989,-0.48163015068405457,-0.7793238628593402,0.0513483324074707,0.33910352972898244,195.0,0.15374121103998326,0.025198180282395954,0.10378440339231076,-0.07858622310991481,-0.4616666986724677,-0.7793238628593402,0.05458089213463707,0.3267943724695471,82.0,0.1337241764377443,0.024266848497173088,0.13166491549535309,-0.10739806699818,-0.25891282440668884,-0.5562830651912619,0.09372594251668197,0.3558143850565888,113.0,0.1738551090539309,-0.03830691601380512
^IXIC,reversal,b50,off,"{'strategy': 'reversal', 'indicator': 'b50', 'low_extreme': 20.0, 'high_extreme': 80.0, 'confirm': 5.0, 'batch_mode': 'time', 'batches': 5, 'gate_cap': 0.0}",0.0409032862480283,0.12280798670277404,-0.08190470045474574,-0.6753964428321708,-0.7793238628593402,0.060561891733552344,0.3224379383405398,335.0,0.3076923076923077,0.04179597435000826,0.10378440339231076,-0.061988429042302506,-0.6753964428321708,-0.7793238628593402,0.06188361634648724,0.3252974153973579,160.0,0.30339195979899497,0.04001582171545004,0.13166491549535309,-0.09164909377990305,-0.4662455102434042,-0.5562830651912619,0.08582564515111302,0.3195453741008805,175.0,0.3120134651798864,-0.024918063579426504
^IXIC,reversal,b50,ma200,"{'strategy': 'reversal', 'indicator': 'b50', 'low_extreme': 20.0, 'high_extreme': 80.0, 'confirm': 5.0, 'batch_mode': 'time', 'batches': 5, 'gate_cap': 0.0}",0.024710502151804592,0.12280798670277404,-0.09809748455096945,-0.4903173067654696,-0.7793238628593402,0.05039696092886277,0.34063849656830947,267.0,0.15407702801972925,0.026025051735192983,0.10378440339231076,-0.07775935165711778,-0.4616666986724677,-0.7793238628593402,0.05637194930894641,0.33635125769372,113.0,0.13425460636515915,0.023396543495891375,0.13166491549535309,-0.10826837199946171,-0.26622958700142285,-0.5562830651912619,0.08788107948259835,0.3483887192857142,154.0,0.1739953713444141,-0.03869970635903655
^IXIC,reversal,b50,off,"{'strategy': 'reversal', 'indicator': 'b50', 'low_extreme': 20.0, 'high_extreme': 80.0, 'confirm': 5.0, 'batch_mode': 'time', 'batches': 8, 'gate_cap': 0.0}",0.04411113659929233,0.12280798670277404,-0.07869685010348171,-0.6753964428321708,-0.7793238628593402,0.06531147308730127,0.34237879687671213,530.0,0.307784132647707,0.04389006994505329,0.10378440339231076,-0.059894333447257475,-0.6753964428321708,-0.7793238628593402,0.06498415917177036,0.3378600733669945,256.0,0.30339195979899497,0.04434280688351677,0.13166491549535309,-0.08732210861183631,-0.47549137185796964,-0.5562830651912619,0.09325680655413043,0.34721033199504997,274.0,0.3121975594361456,-0.021093520827168512
^IXIC,reversal,b50,ma200,"{'strategy': 'reversal', 'indicator': 'b50', 'low_extreme': 20.0, 'high_extreme': 80.0, 'confirm': 5.0, 'batch_mode': 'time', 'batches': 8, 'gate_cap': 0.0}",0.02663087192714575,0.12280798670277404,-0.09617711477562829,-0.47660333594810367,-0.7793238628593402,0.05587638591360076,0.36476594082767266,379.0,0.15486934620631757,0.028340235344776143,0.10378440339231076,-0.07544416804753462,-0.45639204936301636,-0.7793238628593402,0.06209625120404801,0.36296129887719736,167.0,0.13518111390284757,0.024921765766440895,0.13166491549535309,-0.10674314972891219,-0.26982393721089315,-0.5562830651912619,0.09236306468599989,0.36978485271078615,212.0,0.17465285083105406,-0.035355714499936665
^IXIC,reversal,b50,off,"{'strategy': 'reversal', 'indicator': 'b50', 'low_extreme': 20.0, 'high_extreme': 80.0, 'confirm': 5.0, 'batch_mode': 'band', 'batches': 3, 'gate_cap': 0.0}",0.04625177373585854,0.12280798670277404,-0.0765562129669155,-0.6753964428321708,-0.7793238628593402,0.06848092587208315,0.3649985849567048,196.0,0.33287858117326063,0.05668389354183634,0.10378440339231076,-0.047100509850474426,-0.6753964428321708,-0.7793238628593402,0.08392684643724384,0.42125498954405227,94.0,0.32321328866555005,0.03588275633307636,0.13166491549535309,-0.09578215916227673,-0.4766779592519814,-0.5562830651912619,0.07527672642843557,0.30581502322667253,102.0,0.3425906445052248,-0.018541357431316036
^IXIC,reversal,b50,ma200,"{'strategy': 'reversal', 'indicator': 'b50', 'low_extreme': 20.0, 'high_extreme': 80.0, 'confirm': 5.0, 'batch_mode': 'band', 'batches': 3, 'gate_cap': 0.0}",0.0339424882626409,0.12280798670277404,-0.08886549844013314,-0.4621810202268922,-0.7793238628593402,0.07343981422252688,0.4427923528811593,232.0,0.18560884318046666,0.04172170338809145,0.10378440339231076,-0.06206270000421932,-0.4608198100810498,-0.7793238628593402,0.09053799874782588,0.49654171365237904,87.0,0.16261864879955337,0.026191343596102534,0.13166491549535309,-0.10547357189925055,-0.2397024827608185,-0.5562830651912619,0.10926605054081542,0.3819123473482013,145.0,0.208710288239007,-0.02394337337506913
^IXIC,reversal,b50,off,"{'strategy': 'reversal', 'indicator': 'b50', 'low_extreme': 20.0, 'high_extreme': 80.0, 'confirm': 5.0, 'batch_mode': 'band', 'batches': 5, 'gate_cap': 0.0}",0.04252385633861455,0.12280798670277404,-0.08028413036415949,-0.686096798292992,-0.7793238628593402,0.06197938314887033,0.3516110744278919,314.0,0.3732815615489558,0.056561084106891535,0.10378440339231076,-0.04722331928541923,-0.6707149489293007,-0.7793238628593402,0.08432954147985387,0.42598750596299856,149.0,0.38048576214405366,0.028615549265715412,0.13166491549535309,-0.10304936622963767,-0.46361163602989464,-0.5562830651912619,0.06172310408505412,0.26944040926091356,165.0,0.36604249947401646,-0.023378724958947557
^IXIC,reversal,b50,ma200,"{'strategy': 'reversal', 'indicator': 'b50', 'low_extreme': 20.0, 'high_extreme': 80.0, 'confirm': 5.0, 'batch_mode': 'band', 'batches': 5, 'gate_cap': 0.0}",0.03751680432097593,0.12280798670277404,-0.08529118238179811,-0.46785982856150354,-0.7793238628593402,0.08018812907345832,0.48770500708170916,324.0,0.23364466365830627,0.04898898227294457,0.10378440339231076,-0.054795421119366194,-0.46785982856150354,-0.7793238628593402,0.10470867401368403,0.5686791681067248,130.0,0.22550251256281406,0.02612342775732923,0.13166491549535309,-0.10554148773802385,-0.2129871755205731,-0.5562830651912619,0.12265258550651979,0.3923997140457426,194.0,0.24182621502209134,-0.01909945779969554
^IXIC,reversal,b50,off,"{'strategy': 'reversal', 'indicator': 'b50', 'low_extreme': 20.0, 'high_extreme': 80.0, 'confirm': 5.0, 'batch_mode': 'band', 'batches': 8, 'gate_cap': 0.0}",0.036204979639779644,0.12280798670277404,-0.0866030070629944,-0.5784343463506347,-0.7793238628593402,0.06259133792486268,0.38495892171098867,382.0,0.3209544548221219,0.04093111631484447,0.10378440339231076,-0.06285328707746629,-0.5476811205699099,-0.7793238628593402,0.07473530632615577,0.41426730512934046,184.0,0.3141488693467337,0.031485301917821173,0.13166491549535309,-0.10017961357753191,-0.3223878886514272,-0.5562830651912619,0.09766279387704842,0.353589541031336,198.0,0.3277929728592468,-0.026925269067851563
^IXIC,reversal,b50,ma200,"{'strategy': 'reversal', 'indicator': 'b50', 'low_extreme': 20.0, 'high_extreme': 80.0, 'confirm': 5.0, 'batch_mode': 'band', 'batches': 8, 'gate_cap': 0.0}",0.034880954693396804,0.12280798670277404,-0.08792703200937724,-0.36498048706138153,-0.7793238628593402,0.0955693685825199,0.5564147946431738,380.0,0.21525081330674783,0.04124439056144413,0.10378440339231076,-0.06254001283086663,-0.36498048706138153,-0.7793238628593402,0.11300437153098476,0.6208532766027254,163.0,0.19917294807370184,0.028533312122113408,0.13166491549535309,-0.10313160337323968,-0.18101643632071096,-0.5562830651912619,0.15762829443598309,0.4859775608718171,217.0,0.23140648011782033,-0.01452847177261838
^IXIC,reversal,b50,off,"{'strategy': 'reversal', 'indicator': 'b50', 'low_extreme': 30.0, 'high_extreme': 70.0, 'confirm': 5.0, 'batch_mode': 'time', 'batches': 3, 'gate_cap': 0.0}",0.05190575754539273,0.12280798670277404,-0.07090222915738131,-0.6837349827988346,-0.7793238628593402,0.07591502387799309,0.41098290089398715,360.0,0.3564207506908735,0.059041283423121316,0.10378440339231076,-0.04474311996918945,-0.588449002868074,-0.7793238628593402,0.10033373008596624,0.47010916244582635,146.0,0.34212730318257956,0.0447952473641513,0.13166491549535309,-0.08686966813120178,-0.5102890755003141,-0.5562830651912619,0.08778406106427361,0.3571513359119545,214.0,0.3707833648923487,-0.012175327943231548
^IXIC,reversal,b50,ma200,"{'strategy': 'reversal', 'indicator': 'b50', 'low_extreme': 30.0, 'high_extreme': 70.0, 'confirm': 5.0, 'batch_mode': 'time', 'batches': 3, 'gate_cap': 0.0}",0.04728391427836298,0.12280798670277404,-0.07552407242441106,-0.5029341182319016,-0.7793238628593402,0.09401611973471344,0.5774673786020772,318.0,0.22478749081750451,0.0544189003561788,0.10378440339231076,-0.049365503036131964,-0.36617907746035916,-0.7793238628593402,0.14861280642684982,0.6344475396986459,121.0,0.2151032942490229,0.04017313834951253,0.13166491549535309,-0.09149177714584056,-0.3046345485586667,-0.5562830651912619,0.13187321838440777,0.5163812009010058,197.0,0.2345185496879164,-0.007707995560761259
^IXIC,reversal,b50,off,"{'strategy': 'reversal', 'indicator': 'b50', 'low_extreme': 30.0, 'high_extreme': 70.0, 'confirm': 5.0, 'batch_mode': 'time', 'batches': 5, 'gate_cap': 0.0}",0.05326025822705449,0.12280798670277404,-0.06954772847571955,-0.671572106284944,-0.7793238628593402,0.07930683500493167,0.42251175143622194,586.0,0.3529016685906181,0.0619324395463241,0.10378440339231076,-0.04185196384598666,-0.5759276006701908,-0.7793238628593402,0.10753511287574179,0.4927321636251316,240.0,0.3402428810720268,0.04462884461277383,0.13166491549535309,-0.08703607088257925,-0.49462439750783616,-0.5562830651912619,0.09022774622043749,0.35844102600063227,346.0,0.3656217126025668,-0.010005903083459063
^IXIC,reversal,b50,ma200,"{'strategy': 'reversal', 'indicator': 'b50', 'low_extreme': 30.0, 'high_extreme': 70.0, 'confirm': 5.0, 'batch_mode': 'time', 'batches': 5, 'gate_cap': 0.0}",0.04548714343530924,0.12280798670277404,-0.0773208432674648,-0.5311621914138465,-0.7793238628593402,0.08563701289474625,0.5633305697690666,456.0,0.22172316087732188,0.05320860715833153,0.10378440339231076,-0.05057579623397923,-0.37107135476901787,-0.7793238628593402,0.14339184761769738,0.6227821447906176,175.0,0.21373534338358463,0.03779504184033544,0.13166491549535309,-0.09386987365501764,-0.30167027712806216,-0.5562830651912619,0.12528593204524108,0.49870089851677624,281.0,0.22974963181148747,-0.012137700802580378
^IXIC,reversal,b50,off,"{'strategy': 'reversal', 'indicator': 'b50', 'low_extreme': 30.0, 'high_extreme': 70.0, 'confirm': 5.0, 'batch_mode': 'time', 'batches': 8, 'gate_cap': 0.0}",0.05401745077899278,0.12280798670277404,-0.06879053592378126,-0.6603574136846118,-0.7793238628593402,0.08180032458118452,0.4320005380144593,908.0,0.3481084059187743,0.0688746569780816,0.10378440339231076,-0.03490974641422917,-0.5651649441034408,-0.7793238628593402,0.12186647048206803,0.5455620146095562,378.0,0.3389865996649916,0.03930785083410071,0.13166491549535309,-0.09235706466125237,-0.49005305926561904,-0.5562830651912619,0.08021141811257428,0.328263755025797,530.0,0.3572743530401851,-0.008554191721794939
^IXIC,reversal,b50,ma200,"{'strategy': 'reversal', 'indicator': 'b50', 'low_extreme': 30.0, 'high_extreme': 70.0, 'confirm': 5.0, 'batch_mode': 'time', 'batches': 8, 'gate_cap': 0.0}",0.04213429493849419,0.12280798670277404,-0.08067369176427985,-0.5565114779236262,-0.7793238628593402,0.07571145719347869,0.5331825646147457,655.0,0.21708731241473397,0.05303796960885521,0.10378440339231076,-0.05074643378345556,-0.37860128651964975,-0.7793238628593402,0.14008924823371535,0.6203328160679095,253.0,0.21296587102177555,0.03130052361373492,0.13166491549535309,-0.10036439188161816,-0.3107268103359627,-0.5562830651912619,0.10073325690786805,0.4350501666242893,402.0,0.22122869766463285,-0.01811963218117643
^IXIC,reversal,b50,off,"{'strategy': 'reversal', 'indicator': 'b50', 'low_extreme': 30.0, 'high_extreme': 70.0, 'confirm': 5.0, 'batch_mode': 'band', 'batches': 3, 'gate_cap': 0.0}",0.07531553124823365,0.12280798670277404,-0.047492455454540394,-0.4662687401099639,-0.7793238628593402,0.16152815912658305,0.6349962884360233,339.0,0.43114002868436707,0.09359325154722353,0.10378440339231076,-0.010191151845087232,-0.4662687401099639,-0.7793238628593402,0.20072812842900575,0.7804207255051226,140.0,0.42266890005583474,0.053443346701536276,0.13166491549535309,-0.07822156879381681,-0.3281577234263735,-0.5562830651912619,0.1628587197141712,0.4695650061818507,200.0,0.43958201837436006,0.03611579037790899
^IXIC,reversal,b50,ma200,"{'strategy': 'reversal', 'indicator': 'b50', 'low_extreme': 30.0, 'high_extreme': 70.0, 'confirm': 5.0, 'batch_mode': 'band', 'batches': 3, 'gate_cap': 0.0}",0.04839209885097939,0.12280798670277404,-0.07441588785179465,-0.5130512157922419,-0.7793238628593402,0.09432215997432815,0.5696578099368438,371.0,0.3060132227935775,0.06450603897423113,0.10378440339231076,-0.039278364418079637,-0.42118562395161485,-0.7793238628593402,0.1531534679864607,0.711538437037575,145.0,0.2902010050251257,0.02877708307131699,0.13166491549535309,-0.1028878324240361,-0.3113930580912935,-0.5562830651912619,0.092414016059665,0.37890416072211996,227.0,0.3218318255137107,-0.006920668721345523
^IXIC,reversal,b50,off,"{'strategy': 'reversal', 'indicator': 'b50', 'low_extreme': 30.0, 'high_extreme': 70.0, 'confirm': 5.0, 'batch_mode': 'band', 'batches': 5, 'gate_cap': 0.0}",0.04297213766492791,0.12280798670277404,-0.07983584903784613,-0.5357554906581667,-0.7793238628593402,0.08020848766689699,0.47295647548439174,404.0,0.32442019099590735,0.04098657787456905,0.10378440339231076,-0.06279782551774171,-0.49617228819082915,-0.7793238628593402,0.0826055361213674,0.43260242416831396,173.0,0.30117252931323285,0.042629757976133,0.13166491549535309,-0.08903515751922009,-0.2658771548192719,-0.5562830651912619,0.1603362951777872,0.499934566362682,232.0,0.3477382705659584,-0.015818114355948876
^IXIC,reversal,b50,ma200,"{'strategy': 'reversal', 'indicator': 'b50', 'low_extreme': 30.0, 'high_extreme': 70.0, 'confirm': 5.0, 'batch_mode': 'band', 'batches': 5, 'gate_cap': 0.0}",0.028090815013541492,0.12280798670277404,-0.09471717168923255,-0.48558379934358875,-0.7793238628593402,0.05784957210581284,0.43223711148671573,402.0,0.22999265400356808,0.026978782268497037,0.10378440339231076,-0.07680562112381373,-0.4079407936171754,-0.7793238628593402,0.066134063301879,0.38651803760695475,160.0,0.19522613065326636,0.02694673922711055,0.13166491549535309,-0.10471817626824254,-0.22666486551833198,-0.5562830651912619,0.11888361773885586,0.46394743463174476,243.0,0.26488533557753,-0.03369047417121439
^IXIC,reversal,b50,off,"{'strategy': 'reversal', 'indicator': 'b50', 'low_extreme': 30.0, 'high_extreme': 70.0, 'confirm': 5.0, 'batch_mode': 'band', 'batches': 8, 'gate_cap': 0.0}",0.033902824364032025,0.12280798670277404,-0.08890516233874202,-0.32944924085533334,-0.7793238628593402,0.10290758077332866,0.5866111288872761,419.0,0.21744149438555987,0.03668735006720558,0.10378440339231076,-0.06709705332510518,-0.29636775735112897,-0.7793238628593402,0.12378995068528775,0.6237183901512738,174.0,0.20788840033500838,0.02964085038463682,0.13166491549535309,-0.10202406511071627,-0.1723103018681762,-0.5562830651912619,0.17202018720455364,0.527085878074928,246.0,0.227014517147065,-0.012180065093913742
^IXIC,reversal,b50,ma200,"{'strategy': 'reversal', 'indicator': 'b50', 'low_extreme': 30.0, 'high_extreme': 70.0, 'confirm': 5.0, 'batch_mode': 'band', 'batches': 8, 'gate_cap': 0.0}",0.024339111437457372,0.12280798670277404,-0.09846887526531667,-0.28042797569441147,-0.7793238628593402,0.08679273662760464,0.5804724056824528,426.0,0.15827998740686325,0.027433246452720716,0.10378440339231076,-0.07635115693959005,-0.22796539300860164,-0.7793238628593402,0.12033952211196197,0.6244705090622229,170.0,0.14138400335008375,0.01981261045383831,0.13166491549535309,-0.11185230504151478,-0.13770149512866703,-0.5562830651912619,0.14388086661895416,0.5049639905259302,257.0,0.17523143277929729,-0.024364230508148142
