symbol,strategy,indicator,gate,params,full_cagr,full_bh_cagr,full_excess,full_mdd,full_bh_mdd,full_calmar,full_sharpe,full_n_trades,full_avg_weight,h1_cagr,h1_bh_cagr,h1_excess,h1_mdd,h1_bh_mdd,h1_calmar,h1_sharpe,h1_n_trades,h1_avg_weight,h2_cagr,h2_bh_cagr,h2_excess,h2_mdd,h2_bh_mdd,h2_calmar,h2_sharpe,h2_n_trades,h2_avg_weight,score
000300,ladder,ad,off,"{'strategy': 'ladder', 'indicator': 'ad', 'n_bands': 3, 'direction': 'contrarian', 'edge_mode': 'fixed', 'low_edge': 20.0, 'high_edge': 80.0, 'gate_cap': 0.0}",0.028462281006950807,0.0558792460949884,-0.027416965088037593,-0.48150960359432793,-0.723038445845489,0.0591105157498173,0.24738387461979597,3821.0,0.5488029465930019,0.030841924199012327,0.04403576496043171,-0.013193840761419384,-0.420106093663545,-0.723038445845489,0.07341460803401971,0.2519917964966331,1871.0,0.5615978516280631,0.02740923534896611,0.06916853140854928,-0.04175929605958317,-0.48150960359432904,-0.46696138837984813,0.05692354865689936,0.2551970864054717,1951.0,0.5357381429525718,0.007194027247104367
000300,ladder,ad,ma200,"{'strategy': 'ladder', 'indicator': 'ad', 'n_bands': 3, 'direction': 'contrarian', 'edge_mode': 'fixed', 'low_edge': 20.0, 'high_edge': 80.0, 'gate_cap': 0.0}",0.03414977071587999,0.0558792460949884,-0.02172947537910841,-0.33260605452606884,-0.723038445845489,0.10267332855542897,0.34270265176201786,2045.0,0.26979742173112337,0.06442297170175881,0.04403576496043171,0.020387206741327102,-0.3281873322226012,-0.723038445845489,0.196299385675442,0.5556074341181442,892.0,0.23883853642161798,0.004894141700855892,0.06916853140854928,-0.06427438970769339,-0.3326060545260674,-0.46696138837984813,0.014714529799614103,0.09953370264906636,1153.0,0.30060120240480964,0.028031646194706543
000300,ladder,ad,off,"{'strategy': 'ladder', 'indicator': 'ad', 'n_bands': 3, 'direction': 'contrarian', 'edge_mode': 'fixed', 'low_edge': 30.0, 'high_edge': 70.0, 'gate_cap': 0.0}",0.0234188506790709,0.0558792460949884,-0.0324603954159175,-0.5035851992049541,-0.723038445845489,0.04650424737669795,0.2190155643053561,3660.0,0.5507282772476143,0.018659726855843495,0.04403576496043171,-0.025376038104588217,-0.49957775641919433,-0.723038445845489,0.037350996148407714,0.19234369714821334,1750.0,0.562604900973481,0.029486368104531202,0.06916853140854928,-0.03968216330401808,-0.44048973561333105,-0.46696138837984813,0.06693996640687856,0.26759311015784487,1911.0,0.5385771543086172,-0.0008745382988713177
000300,ladder,ad,ma200,"{'strategy': 'ladder', 'indicator': 'ad', 'n_bands': 3, 'direction': 'contrarian', 'edge_mode': 'fixed', 'low_edge': 30.0, 'high_edge': 70.0, 'gate_cap': 0.0}",0.03526592479700308,0.0558792460949884,-0.02061332129798532,-0.32686857520407653,-0.723038445845489,0.10789022705833748,0.34975616018259414,1974.0,0.2705508119872761,0.06566794577433477,0.04403576496043171,0.021632180813903057,-0.32686857520407653,-0.723038445845489,0.20090014995579114,0.5607023527960557,849.0,0.2379993286337697,0.005888776688493191,0.06916853140854928,-0.06327975472005609,-0.2821992958169487,-0.46696138837984813,0.020867439344402203,0.10855871595907396,1125.0,0.302939211756847,0.0307880980445438
000300,ladder,ad,off,"{'strategy': 'ladder', 'indicator': 'ad', 'n_bands': 3, 'direction': 'contrarian', 'edge_mode': 'fixed', 'low_edge': 40.0, 'high_edge': 60.0, 'gate_cap': 0.0}",0.019813038341480294,0.0558792460949884,-0.036066207753508106,-0.5280447012165952,-0.723038445845489,0.03752151720456961,0.19888684965247883,3324.0,0.5554997488699146,0.013968279644809733,0.04403576496043171,-0.030067485315621978,-0.5234780375085718,-0.723038445845489,0.02668360206913362,0.17009269633812035,1606.0,0.5676401477005707,0.026967704973349438,0.06916853140854928,-0.042200826435199845,-0.45767992975332716,-0.46696138837984813,0.05892262959375136,0.2495258161654365,1719.0,0.5430861723446894,-0.006631117770277018
000300,ladder,ad,ma200,"{'strategy': 'ladder', 'indicator': 'ad', 'n_bands': 3, 'direction': 'contrarian', 'edge_mode': 'fixed', 'low_edge': 40.0, 'high_edge': 60.0, 'gate_cap': 0.0}",0.033805798818401955,0.0558792460949884,-0.022073447276586444,-0.339657963822834,-0.723038445845489,0.09952894505378093,0.33194604754993906,1786.0,0.2727272727272727,0.06979860372548208,0.04403576496043171,0.025762838765050367,-0.339657963822834,-0.723038445845489,0.20549673836556684,0.5795205701287633,783.0,0.23867069486404835,-0.0007935831298420126,0.06916853140854928,-0.0699621145383913,-0.3265983628519492,-0.46696138837984813,-0.002429844175923665,0.05046130024641466,1003.0,0.3066132264529058,0.02656750965556051
000300,ladder,ad,off,"{'strategy': 'ladder', 'indicator': 'ad', 'n_bands': 5, 'direction': 'contrarian', 'edge_mode': 'fixed', 'low_edge': 20.0, 'high_edge': 80.0, 'gate_cap': 0.0}",0.03558401802391842,0.0558792460949884,-0.02029522807106998,-0.40788257477864287,-0.723038445845489,0.08724083896751363,0.29038222095209965,4586.0,0.5418550142307048,0.04211051587822934,0.04403576496043171,-0.0019252490822023738,-0.40788257477864287,-0.723038445845489,0.10324176241429936,0.31049778221148894,2243.0,0.5548002685464921,0.03044625887829322,0.06916853140854928,-0.03872227253025606,-0.39629694900988166,-0.46696138837984813,0.07682688184797012,0.27906473676251037,2344.0,0.5286406145624583,0.022719198744363463
000300,ladder,ad,ma200,"{'strategy': 'ladder', 'indicator': 'ad', 'n_bands': 5, 'direction': 'contrarian', 'edge_mode': 'fixed', 'low_edge': 20.0, 'high_edge': 80.0, 'gate_cap': 0.0}",0.039869360102641194,0.0558792460949884,-0.016009885992347206,-0.31627587760632303,-0.723038445845489,0.1260588079128426,0.39843866299522845,2451.0,0.26753725096266534,0.07300708042568305,0.04403576496043171,0.028971315465251335,-0.31627587760632303,-0.723038445845489,0.23083353994058597,0.6356893502609812,1077.0,0.2366565961732125,0.007926647318692304,0.06916853140854928,-0.06124188408985698,-0.2627425053891842,-0.46696138837984813,0.03016888077150308,0.12763610578323376,1374.0,0.2982631930527722,0.040817591569728716
000300,ladder,ad,off,"{'strategy': 'ladder', 'indicator': 'ad', 'n_bands': 5, 'direction': 'contrarian', 'edge_mode': 'fixed', 'low_edge': 30.0, 'high_edge': 70.0, 'gate_cap': 0.0}",0.02467587125959647,0.0558792460949884,-0.031203374835391928,-0.4482911811977648,-0.723038445845489,0.05504429329541205,0.22651841073661308,4217.0,0.5508538422903064,0.02307914714340864,0.04403576496043171,-0.02095661781702307,-0.4467434629829702,-0.723038445845489,0.051660850254653674,0.21398775364857867,2041.0,0.563611950318899,0.02757523261878525,0.06916853140854928,-0.04159329878976403,-0.4399375259956515,-0.46696138837984813,0.06267988291377947,0.2562367060047502,2177.0,0.5378256513026052,0.0032956924169296638
000300,ladder,ad,ma200,"{'strategy': 'ladder', 'indicator': 'ad', 'n_bands': 5, 'direction': 'contrarian', 'edge_mode': 'fixed', 'low_edge': 30.0, 'high_edge': 70.0, 'gate_cap': 0.0}",0.0357283573597873,0.0558792460949884,-0.0201508887352011,-0.342579927995593,-0.723038445845489,0.10429203359587055,0.35545265073872373,2271.0,0.270843797086891,0.0677214135837001,0.04403576496043171,0.023685648623268385,-0.342579927995593,-0.723038445845489,0.197680622971499,0.5810931086791062,988.0,0.23841893252769386,0.004858915408390896,0.06916853140854928,-0.06430961600015839,-0.28634378293676754,-0.46696138837984813,0.016968817547066757,0.09929945104439494,1283.0,0.3031062124248497,0.029626280197227566
000300,ladder,ad,off,"{'strategy': 'ladder', 'indicator': 'ad', 'n_bands': 5, 'direction': 'contrarian', 'edge_mode': 'fixed', 'low_edge': 40.0, 'high_edge': 60.0, 'gate_cap': 0.0}",0.021128652490153943,0.0558792460949884,-0.03475059360483446,-0.5333042503522564,-0.723038445845489,0.039618383832864854,0.20624538208084678,3679.0,0.5532395781014565,0.014318893923553455,0.04403576496043171,-0.029716871036878256,-0.5284000574333338,-0.723038445845489,0.02709858510066497,0.17140109551379218,1763.0,0.5659617321248741,0.02925877565015389,0.06916853140854928,-0.03990975575839539,-0.43674998700918466,-0.46696138837984813,0.06699204698439656,0.2654238568363084,1917.0,0.540247160988644,-0.0050030026297547305
000300,ladder,ad,ma200,"{'strategy': 'ladder', 'indicator': 'ad', 'n_bands': 5, 'direction': 'contrarian', 'edge_mode': 'fixed', 'low_edge': 40.0, 'high_edge': 60.0, 'gate_cap': 0.0}",0.03481228535555925,0.0558792460949884,-0.021066960739429152,-0.3348820324241347,-0.723038445845489,0.1039538762457963,0.3435044806945382,2000.0,0.2717646073999665,0.06826977267786694,0.04403576496043171,0.024234007717435224,-0.3348820324241347,-0.723038445845489,0.20386215463301394,0.5745882726993425,863.0,0.23875461564283318,0.0025739959671815527,0.06916853140854928,-0.06659453544136773,-0.30188306338714965,-0.46696138837984813,0.008526466964728438,0.0791152534027955,1137.0,0.3046092184368738,0.02894137405466103
000300,reversal,ad,off,"{'strategy': 'reversal', 'indicator': 'ad', 'low_extreme': 20.0, 'high_extreme': 80.0, 'confirm': 3.0, 'batch_mode': 'time', 'batches': 3, 'gate_cap': 0.0}",-0.011957515290905163,0.0558792460949884,-0.06783676138589356,-0.6192329219040499,-0.723038445845489,-0.01931020601123333,-0.003405533057429973,1816.0,0.42323790390088734,-0.045481197766173764,0.04403576496043171,-0.08951696272660548,-0.6192329219040499,-0.723038445845489,-0.07344764168275451,-0.17466435401363806,1045.0,0.45697661407631196,0.023857634135383332,0.06916853140854928,-0.04531089727316595,-0.4043007507459293,-0.46696138837984813,0.05900962115792841,0.25510562457704106,772.0,0.3893342240035627,-0.048426139236029474
000300,reversal,ad,ma200,"{'strategy': 'reversal', 'indicator': 'ad', 'low_extreme': 20.0, 'high_extreme': 80.0, 'confirm': 3.0, 'batch_mode': 'time', 'batches': 3, 'gate_cap': 0.0}",0.014875951374312413,0.0558792460949884,-0.04100329472067599,-0.22791057394452374,-0.723038445845489,0.06527100132674583,0.20412002425220993,874.0,0.18365980244433283,0.0033906654413935478,0.04403576496043171,-0.040645099519038164,-0.22791057394452374,-0.723038445845489,0.014877174773904425,0.08451576188117697,433.0,0.17489090298757975,0.026439217537459703,0.06916853140854928,-0.04272931387108958,-0.18156075992768106,-0.46696138837984813,0.14562187087116688,0.35919732673060567,441.0,0.19238476953907815,0.0015064236982927463
000300,reversal,ad,off,"{'strategy': 'reversal', 'indicator': 'ad', 'low_extreme': 20.0, 'high_extreme': 80.0, 'confirm': 3.0, 'batch_mode': 'time', 'batches': 5, 'gate_cap': 0.0}",-0.0195943582654573,0.0558792460949884,-0.0754736043604457,-0.6042486771786368,-0.723038445845489,-0.03242763948933649,-0.0658822956599665,2312.0,0.4003013561024611,-0.04971723478620804,0.04403576496043171,-0.09375299974663975,-0.6042486771786368,-0.723038445845489,-0.08227942677234841,-0.21777842978140496,1311.0,0.43887210473313193,0.012333729052461884,0.06916853140854928,-0.0568348023560874,-0.39860891510075624,-0.46696138837984813,0.030941929759258625,0.16522486827364122,1000.0,0.3616566466265865,-0.05825521841200202
000300,reversal,ad,ma200,"{'strategy': 'reversal', 'indicator': 'ad', 'low_extreme': 20.0, 'high_extreme': 80.0, 'confirm': 3.0, 'batch_mode': 'time', 'batches': 5, 'gate_cap': 0.0}",0.011587610890694044,0.0558792460949884,-0.044291635204294355,-0.23824842311737005,-0.723038445845489,0.0486366740189737,0.17815079258815467,1106.0,0.16839109325297172,0.007486724762219676,0.04403576496043171,-0.036549040198212035,-0.23824842311737005,-0.723038445845489,0.03142402650250255,0.1263599535767581,545.0,0.16132930513595167,0.01568842123482206,0.06916853140854928,-0.053480110173727224,-0.16254636358511043,-0.46696138837984813,0.09651659310488044,0.2437997700374882,561.0,0.1754175016700067,-0.00712031151498713
000300,reversal,ad,off,"{'strategy': 'reversal', 'indicator': 'ad', 'low_extreme': 20.0, 'high_extreme': 80.0, 'confirm': 5.0, 'batch_mode': 'time', 'batches': 3, 'gate_cap': 0.0}",-0.0114036106101858,0.0558792460949884,-0.0672828567051742,-0.6213826670949327,-0.723038445845489,-0.018351993407700884,-0.0001885042945005611,1824.0,0.4191640158490988,-0.04231830338577558,0.04403576496043171,-0.08635406834620729,-0.6213826670949327,-0.723038445845489,-0.0681034499781281,-0.15734869604877239,1053.0,0.4511581067472306,0.021634938207268473,0.06916853140854928,-0.04753359320128081,-0.40247711772494266,-0.46696138837984813,0.053754455233537106,0.2373453026781668,772.0,0.3869962146515253,-0.04771051138618487
000300,reversal,ad,ma200,"{'strategy': 'reversal', 'indicator': 'ad', 'low_extreme': 20.0, 'high_extreme': 80.0, 'confirm': 5.0, 'batch_mode': 'time', 'batches': 3, 'gate_cap': 0.0}",0.013984412232823651,0.0558792460949884,-0.04189483386216475,-0.22902555626694476,-0.723038445845489,0.06106048801175653,0.1950385759768179,876.0,0.18198560187510462,0.004030574566777245,0.04403576496043171,-0.040005190393654466,-0.22902555626694476,-0.723038445845489,0.017598798284674127,0.09056983529472715,431.0,0.1732124874118832,0.02399105454687711,0.06916853140854928,-0.04517747686167217,-0.1802946279146197,-0.46696138837984813,0.13306583132492616,0.33075980205318034,445.0,0.19071476285905142,-0.0007127051125962354
000300,reversal,ad,off,"{'strategy': 'reversal', 'indicator': 'ad', 'low_extreme': 20.0, 'high_extreme': 80.0, 'confirm': 5.0, 'batch_mode': 'time', 'batches': 5, 'gate_cap': 0.0}",-0.01642168263930488,0.0558792460949884,-0.07230092873429328,-0.6042486771786367,-0.723038445845489,-0.02717702704121943,-0.04436223215583181,2326.0,0.39544617445169933,-0.04246369530111527,0.04403576496043171,-0.08649946026154698,-0.6042486771786367,-0.723038445845489,-0.07027519778675748,-0.17517012552876574,1327.0,0.4310171198388721,0.011201224986451042,0.06916853140854928,-0.05796730642209824,-0.39709675088768537,-0.46696138837984813,0.02820779812831858,0.15537464585665617,998.0,0.3597862391449566,-0.054251368057063744
000300,reversal,ad,ma200,"{'strategy': 'reversal', 'indicator': 'ad', 'low_extreme': 20.0, 'high_extreme': 80.0, 'confirm': 5.0, 'batch_mode': 'time', 'batches': 5, 'gate_cap': 0.0}",0.011599175502350567,0.0558792460949884,-0.04428007059263783,-0.23891068660010573,-0.723038445845489,0.048550258121209694,0.17868398450987708,1108.0,0.1667168926837435,0.008219548669682109,0.04403576496043171,-0.0358162162907496,-0.23891068660010573,-0.723038445845489,0.03440427377549746,0.1343666185510565,543.0,0.15938234306814367,0.014977019186612317,0.06916853140854928,-0.054191512221936966,-0.16131198401950542,-0.46696138837984813,0.09284504978130662,0.23500514616719753,565.0,0.17401469605878422,-0.007147939107098818
000300,reversal,ad,off,"{'strategy': 'reversal', 'indicator': 'ad', 'low_extreme': 30.0, 'high_extreme': 70.0, 'confirm': 3.0, 'batch_mode': 'time', 'batches': 3, 'gate_cap': 0.0}",-0.026237555613794372,0.0558792460949884,-0.08211680170878277,-0.6845258057062636,-0.723038445845489,-0.038329534686750946,-0.11066097258336435,2599.0,0.4419889502762431,-0.053509833330026124,0.04403576496043171,-0.09754559829045784,-0.6845258057062636,-0.723038445845489,-0.07817065899336992,-0.2405460775672595,1339.0,0.44880832494125544,0.002937678361623064,0.06916853140854928,-0.06623085304692622,-0.35429030488235713,-0.46696138837984813,0.008291726646594314,0.08348737070094725,1261.0,0.4348697394789579,-0.06460189489997004
000300,reversal,ad,ma200,"{'strategy': 'reversal', 'indicator': 'ad', 'low_extreme': 30.0, 'high_extreme': 70.0, 'confirm': 3.0, 'batch_mode': 'time', 'batches': 3, 'gate_cap': 0.0}",0.0030352130173953995,0.0558792460949884,-0.052844033077593,-0.3211145111263628,-0.723038445845489,0.0094521203876738,0.07884121833520968,1337.0,0.20888442435403762,0.009725393460779719,0.04403576496043171,-0.03431037149965199,-0.29459513197968834,-0.723038445845489,0.033012743270483716,0.14817613168596258,603.0,0.17623363544813697,-0.00357643411884212,0.06916853140854928,-0.0727449655273914,-0.24959771781453344,-0.46696138837984813,-0.014328793348581946,-0.0018336562076241012,734.0,0.2413716321531953,-0.027925571691486278
000300,reversal,ad,off,"{'strategy': 'reversal', 'indicator': 'ad', 'low_extreme': 30.0, 'high_extreme': 70.0, 'confirm': 3.0, 'batch_mode': 'time', 'batches': 5, 'gate_cap': 0.0}",-0.015193746159157029,0.0558792460949884,-0.07107299225414543,-0.6549246740897796,-0.723038445845489,-0.023199226964953547,-0.04261479405072036,3153.0,0.4184496902728948,-0.040339126645730805,0.04403576496043171,-0.08437489160616252,-0.6153170190281501,-0.723038445845489,-0.06555828198843519,-0.17316191596444455,1605.0,0.4387378314870763,0.011754134774494274,0.06916853140854928,-0.05741439663405501,-0.3499902939736187,-0.46696138837984813,0.033584173552482194,0.162574554571485,1549.0,0.3979291917167669,-0.05192348613846867
000300,reversal,ad,ma200,"{'strategy': 'reversal', 'indicator': 'ad', 'low_extreme': 30.0, 'high_extreme': 70.0, 'confirm': 3.0, 'batch_mode': 'time', 'batches': 5, 'gate_cap': 0.0}",0.0072645846323724506,0.0558792460949884,-0.04861466146261595,-0.32671538637901354,-0.723038445845489,0.02223520818191588,0.12909433898174286,1602.0,0.191327641051398,0.01975871246650973,0.04403576496043171,-0.02427705249392198,-0.25973931943469675,-0.723038445845489,0.07607131838765534,0.2626750169243874,709.0,0.16858006042296075,-0.005012587302900329,0.06916853140854928,-0.07418111871144961,-0.27508700202800296,-0.46696138837984813,-0.018221825335062773,-0.03034182107519243,893.0,0.2139612558450234,-0.020274713604803214
000300,reversal,ad,off,"{'strategy': 'reversal', 'indicator': 'ad', 'low_extreme': 30.0, 'high_extreme': 70.0, 'confirm': 5.0, 'batch_mode': 'time', 'batches': 3, 'gate_cap': 0.0}",-0.031141135727138836,0.0558792460949884,-0.08702038182212724,-0.7185217943206421,-0.723038445845489,-0.043340558314703015,-0.14684443945537948,2605.0,0.43624086165522635,-0.057957497308038786,0.04403576496043171,-0.1019932622684705,-0.7185217943206421,-0.723038445845489,-0.0806621285062581,-0.2711963284737959,1339.0,0.4411995076647645,-0.0024502778472587083,0.06916853140854928,-0.07161880925580799,-0.35998203961143893,-0.46696138837984813,-0.006806666937893663,0.03704106195156378,1267.0,0.4309730572255623,-0.06954845241915754
000300,reversal,ad,ma200,"{'strategy': 'reversal', 'indicator': 'ad', 'low_extreme': 30.0, 'high_extreme': 70.0, 'confirm': 5.0, 'batch_mode': 'time', 'batches': 3, 'gate_cap': 0.0}",0.0014186634672035403,0.0558792460949884,-0.05446058262778486,-0.3825358917947551,-0.723038445845489,0.0037085761039246656,0.0609178035766171,1350.0,0.2098331380099336,0.013125978586823628,0.04403576496043171,-0.030909786373608084,-0.3212050161340948,-0.723038445845489,0.04086479951279425,0.1836367068852795,610.0,0.17634552981985008,-0.010095236538359864,0.06916853140854928,-0.07926376794690915,-0.28290231486918893,-0.46696138837984813,-0.035684531400981274,-0.07964405059815921,740.0,0.24315297261189045,-0.031192919135101048
000300,reversal,ad,off,"{'strategy': 'reversal', 'indicator': 'ad', 'low_extreme': 30.0, 'high_extreme': 70.0, 'confirm': 5.0, 'batch_mode': 'time', 'batches': 5, 'gate_cap': 0.0}",-0.017180133456650037,0.0558792460949884,-0.07305937955163844,-0.6594889678435125,-0.723038445845489,-0.026050676045162657,-0.05870519890608907,3161.0,0.41175288799598203,-0.04455794540929092,0.04403576496043171,-0.08859371036972263,-0.6352244864346325,-0.723038445845489,-0.0701451949048506,-0.20444863485285447,1609.0,0.42672037596508905,0.012113441973907957,0.06916853140854928,-0.057055089434641326,-0.33234820481014016,-0.46696138837984813,0.036448043944837846,0.16576541362111516,1553.0,0.3965263861055445,-0.054255898149048125
000300,reversal,ad,ma200,"{'strategy': 'reversal', 'indicator': 'ad', 'low_extreme': 30.0, 'high_extreme': 70.0, 'confirm': 5.0, 'batch_mode': 'time', 'batches': 5, 'gate_cap': 0.0}",0.0071696739261499776,0.0558792460949884,-0.04870957216883842,-0.34096621933494964,-0.723038445845489,0.021027519793997005,0.1279903129852183,1614.0,0.19166248116524362,0.022845006669910406,0.04403576496043171,-0.021190758290521305,-0.2671340545236597,-0.723038445845489,0.08551888567950088,0.296674957681862,719.0,0.16770728432359852,-0.008186300190259121,0.06916853140854928,-0.0773548315988084,-0.2759208810654453,-0.46696138837984813,-0.029669012938232184,-0.07325349455514152,895.0,0.215497661990648,-0.02081473538370425
000300,reversal,ad,off,"{'strategy': 'reversal', 'indicator': 'ad', 'low_extreme': 40.0, 'high_extreme': 60.0, 'confirm': 3.0, 'batch_mode': 'time', 'batches': 3, 'gate_cap': 0.0}",-0.01764892716456279,0.0558792460949884,-0.07352817325955119,-0.5964768219127277,-0.723038445845489,-0.029588621914876444,-0.08483497823582746,3121.0,0.3737373737373737,-0.0372170660806147,0.04403576496043171,-0.08125283104104641,-0.5169128302495143,-0.723038445845489,-0.07199872764359513,-0.2031266686901623,1525.0,0.36734922233411654,0.0034792234226868057,0.06916853140854928,-0.06568930798586248,-0.37292758672159654,-0.46696138837984813,0.009329487939663116,0.08512472251208163,1597.0,0.37975951903807614,-0.05595235272168129
000300,reversal,ad,ma200,"{'strategy': 'reversal', 'indicator': 'ad', 'low_extreme': 40.0, 'high_extreme': 60.0, 'confirm': 3.0, 'batch_mode': 'time', 'batches': 3, 'gate_cap': 0.0}",0.00873757946436804,0.0558792460949884,-0.04714166663062036,-0.339069926962429,-0.723038445845489,0.02576925515820286,0.1487495125993832,1694.0,0.18751046375355768,0.022262140980534362,0.04403576496043171,-0.02177362397989735,-0.27796887179837315,-0.723038445845489,0.08008861149273713,0.30572580739245697,724.0,0.15083361306926263,-0.0045387161679451005,0.06916853140854928,-0.07370724757649438,-0.32923347805173586,-0.46696138837984813,-0.013785706711247283,-0.0210663333312311,970.0,0.22400356268091742,-0.01797729791509107
000300,reversal,ad,off,"{'strategy': 'reversal', 'indicator': 'ad', 'low_extreme': 40.0, 'high_extreme': 60.0, 'confirm': 3.0, 'batch_mode': 'time', 'batches': 5, 'gate_cap': 0.0}",0.002453864556579699,0.0558792460949884,-0.0534253815384087,-0.41598684641653405,-0.723038445845489,0.005898899394820303,0.07604393647376463,3527.0,0.33738489871086563,-0.019234802770235038,0.04403576496043171,-0.06327056773066675,-0.36616951065630643,-0.723038445845489,-0.052529777085370676,-0.10091541888846473,1745.0,0.3340718361866399,0.025808253271789594,0.06916853140854928,-0.04336027813675969,-0.25948604079835724,-0.46696138837984813,0.09945912000655482,0.3291067729192749,1783.0,0.34034736138944555,-0.0296956691651171
000300,reversal,ad,ma200,"{'strategy': 'reversal', 'indicator': 'ad', 'low_extreme': 40.0, 'high_extreme': 60.0, 'confirm': 3.0, 'batch_mode': 'time', 'batches': 5, 'gate_cap': 0.0}",0.015601958629078982,0.0558792460949884,-0.04027728746590942,-0.29377553874919426,-0.723038445845489,0.05310843338253183,0.2609073426372299,1900.0,0.1676544450025113,0.025968576772849028,0.04403576496043171,-0.018067188187582683,-0.19435695503161188,-0.723038445845489,0.13361279903065612,0.3994765875242736,817.0,0.1354817052702249,0.005396457559837753,0.06916853140854928,-0.06377207384871153,-0.29377553874919315,-0.46696138837984813,0.018369322315990727,0.11444566456089707,1083.0,0.19966599866399465,-0.002922999126532915
000300,reversal,ad,off,"{'strategy': 'reversal', 'indicator': 'ad', 'low_extreme': 40.0, 'high_extreme': 60.0, 'confirm': 5.0, 'batch_mode': 'time', 'batches': 3, 'gate_cap': 0.0}",-0.009041343283718306,0.0558792460949884,-0.0649205893787067,-0.47277701165473784,-0.723038445845489,-0.01912390632546463,-0.015481966555912167,3117.0,0.368882192086612,-0.022171288977742565,0.04403576496043171,-0.06620705393817428,-0.438358322266966,-0.723038445845489,-0.050578004001575576,-0.09552343474805317,1517.0,0.3559359964193802,0.005466571103079687,0.06916853140854928,-0.0637019603054696,-0.37219663088494137,-0.46696138837984813,0.014687320221255818,0.10447413279920975,1601.0,0.38142952571810285,-0.04660191615740988
000300,reversal,ad,ma200,"{'strategy': 'reversal', 'indicator': 'ad', 'low_extreme': 40.0, 'high_extreme': 60.0, 'confirm': 5.0, 'batch_mode': 'time', 'batches': 3, 'gate_cap': 0.0}",0.015913345773078236,0.0558792460949884,-0.039965900321910164,-0.30918389133955526,-0.723038445845489,0.05146887085265937,0.23767597822414796,1700.0,0.18700820358278922,0.028925542003955806,0.04403576496043171,-0.015110222956475905,-0.3000084282603841,-0.723038445845489,0.09641576462262146,0.3788704015545352,731.0,0.15340718361866398,0.0031349800060425093,0.06916853140854928,-0.06603355140250677,-0.3091838913395554,-0.46696138837984813,0.010139532148521854,0.07925399698712017,969.0,0.22044088176352705,-0.0033919918520823496
000300,reversal,ad,off,"{'strategy': 'reversal', 'indicator': 'ad', 'low_extreme': 40.0, 'high_extreme': 60.0, 'confirm': 5.0, 'batch_mode': 'time', 'batches': 5, 'gate_cap': 0.0}",0.008194404806370681,0.0558792460949884,-0.04768484128861772,-0.33325832249783816,-0.723038445845489,0.024588747686635305,0.1300402250853537,3515.0,0.3327306211284112,-0.002275903147614722,0.04403576496043171,-0.04631166810804643,-0.31812648783860553,-0.723038445845489,-0.007154082525719616,0.040302184716936564,1735.0,0.3243370258475999,0.020014311216887126,0.06916853140854928,-0.04915422019166216,-0.26554684219042934,-0.46696138837984813,0.0753701721767583,0.2680190116532102,1781.0,0.340748162992652,-0.01877540569851651
000300,reversal,ad,ma200,"{'strategy': 'reversal', 'indicator': 'ad', 'low_extreme': 40.0, 'high_extreme': 60.0, 'confirm': 5.0, 'batch_mode': 'time', 'batches': 5, 'gate_cap': 0.0}",0.018946013141885265,0.0558792460949884,-0.036933232953103134,-0.2661344275736669,-0.723038445845489,0.07118963643529715,0.3071738322987916,1900.0,0.1684915452871254,0.03308046001617293,0.04403576496043171,-0.010955304944258781,-0.19083826037283402,-0.723038445845489,0.1733429132687795,0.48606709609943205,826.0,0.13830144343739514,0.005080644881562124,0.06916853140854928,-0.06408788652698716,-0.26613442757366756,-0.46696138837984813,0.019090521011813747,0.11037767790806648,1074.0,0.19853039412157647,0.0063159148022569785
000300,ladder,ad20,off,"{'strategy': 'ladder', 'indicator': 'ad20', 'n_bands': 3, 'direction': 'contrarian', 'edge_mode': 'fixed', 'low_edge': 20.0, 'high_edge': 80.0, 'gate_cap': 0.0}",0.03810683856080077,0.0558792460949884,-0.01777240753418763,-0.4227454658044879,-0.723038445845489,0.09014133005136592,0.3289482828998729,332.0,0.5376695128076343,0.04660435146485531,0.04403576496043171,0.002568586504423598,-0.4227454658044879,-0.723038445845489,0.11024210839533634,0.3512575759483099,224.0,0.5760322255790534,0.030565820549624423,0.06916853140854928,-0.03860271085892486,-0.2715128977089989,-0.46696138837984813,0.11257594319657016,0.3181265345065946,109.0,0.49933199732798933,0.025393087500033787
000300,ladder,ad20,ma200,"{'strategy': 'ladder', 'indicator': 'ad20', 'n_bands': 3, 'direction': 'contrarian', 'edge_mode': 'fixed', 'low_edge': 20.0, 'high_edge': 80.0, 'gate_cap': 0.0}",0.038182980874834405,0.0558792460949884,-0.017696265220153995,-0.20055223918110088,-0.723038445845489,0.19038920248781044,0.4335764803715563,301.0,0.2610078687426754,0.056608568216468313,0.04403576496043171,0.012572803256036602,-0.18984676245891385,-0.723038445845489,0.2981803191335401,0.5817976543533141,171.0,0.2391742195367573,0.02018142049478433,0.06916853140854928,-0.04898711091376495,-0.2005522391811001,-0.46696138837984813,0.10062924541351226,0.26634891460489146,130.0,0.28273213092852373,0.06553792186303178
000300,ladder,ad20,off,"{'strategy': 'ladder', 'indicator': 'ad20', 'n_bands': 3, 'direction': 'contrarian', 'edge_mode': 'fixed', 'low_edge': 30.0, 'high_edge': 70.0, 'gate_cap': 0.0}",0.040776516769241544,0.0558792460949884,-0.015102729325746855,-0.445038442231775,-0.723038445845489,0.09162470676635441,0.3319752631650647,648.0,0.5674702829398962,0.026796822299185008,0.04403576496043171,-0.017238942661246703,-0.445038442231775,-0.723038445845489,0.060212376631565874,0.23546779131943468,324.0,0.5988586774085264,0.05555850877459334,0.06916853140854928,-0.013610022633955943,-0.3063725725117037,-0.46696138837984813,0.18134295873522085,0.487855682290504,325.0,0.5360721442885772,0.027588245111093652
000300,ladder,ad20,ma200,"{'strategy': 'ladder', 'indicator': 'ad20', 'n_bands': 3, 'direction': 'contrarian', 'edge_mode': 'fixed', 'low_edge': 30.0, 'high_edge': 70.0, 'gate_cap': 0.0}",0.042853495778429895,0.0558792460949884,-0.013025750316558504,-0.1949114270758473,-0.723038445845489,0.21986138227675078,0.47511543294705016,469.0,0.26477482002343883,0.05299866601641212,0.04403576496043171,0.00896290105598041,-0.1949114270758473,-0.723038445845489,0.2719115385461129,0.5552363288161521,221.0,0.23430681436723733,0.03287066253984405,0.06916853140854928,-0.03629786886870523,-0.19266394618637883,-0.46696138837984813,0.17061138417691135,0.38953032278677663,248.0,0.29509018036072143,0.08012910272076522
000300,ladder,ad20,off,"{'strategy': 'ladder', 'indicator': 'ad20', 'n_bands': 3, 'direction': 'contrarian', 'edge_mode': 'fixed', 'low_edge': 40.0, 'high_edge': 60.0, 'gate_cap': 0.0}",0.0238101286540513,0.0558792460949884,-0.0320691174409371,-0.5327889079105022,-0.723038445845489,0.044689610276291494,0.2222829481229344,907.0,0.6068977063452201,0.026097185757491204,0.04403576496043171,-0.017938579202940508,-0.5327889079105022,-0.723038445845489,0.048982224235559736,0.22876968609698087,405.0,0.6168177240684793,0.022841444274912526,0.06916853140854928,-0.04632708713363676,-0.37174990621423487,-0.46696138837984813,0.06144303977779428,0.2281877494147468,503.0,0.5966933867735471,-0.0013656263540456626
000300,ladder,ad20,ma200,"{'strategy': 'ladder', 'indicator': 'ad20', 'n_bands': 3, 'direction': 'contrarian', 'edge_mode': 'fixed', 'low_edge': 40.0, 'high_edge': 60.0, 'gate_cap': 0.0}",0.02657073049986214,0.0558792460949884,-0.02930851559512626,-0.3010616729473946,-0.723038445845489,0.08825676891958585,0.30178638873590646,596.0,0.27289469278419554,0.054483085248246965,0.04403576496043171,0.010447320287815254,-0.22958485454265054,-0.723038445845489,0.23731132158861773,0.5486757408447661,247.0,0.23027861698556562,-0.0004596457852875657,0.06916853140854928,-0.06962817719383685,-0.3010616729473937,-0.46696138837984813,-0.001526749588506679,0.04759183810106353,349.0,0.3152972611890448,0.01771759821075859
000300,ladder,ad20,off,"{'strategy': 'ladder', 'indicator': 'ad20', 'n_bands': 5, 'direction': 'contrarian', 'edge_mode': 'fixed', 'low_edge': 20.0, 'high_edge': 80.0, 'gate_cap': 0.0}",0.04211150328402624,0.0558792460949884,-0.013767742810962158,-0.4513017339721428,-0.723038445845489,0.09331119318638742,0.36869263297409927,723.0,0.5396785534907081,0.03389045049567052,0.04403576496043171,-0.01014531446476119,-0.4513017339721428,-0.723038445845489,0.07509488208118087,0.291436294877859,378.0,0.5548841893252769,0.05103647995878746,0.06916853140854928,-0.01813205144976182,-0.2752283802429303,-0.46696138837984813,0.1854332024689464,0.48651224785076774,346.0,0.5243820975283902,0.02906383158797768
000300,ladder,ad20,ma200,"{'strategy': 'ladder', 'indicator': 'ad20', 'n_bands': 5, 'direction': 'contrarian', 'edge_mode': 'fixed', 'low_edge': 20.0, 'high_edge': 80.0, 'gate_cap': 0.0}",0.044676244431238965,0.0558792460949884,-0.011203001663749435,-0.19075472790237025,-0.723038445845489,0.23420779617113666,0.5256754628661464,481.0,0.2644818349238239,0.055980225818401674,0.04403576496043171,0.011944460857969963,-0.17359740912507327,-0.723038445845489,0.32247155127798655,0.621998861398096,228.0,0.2348103390399463,0.033564108304603435,0.06916853140854928,-0.03560442310394585,-0.19075472790236947,-0.46696138837984813,0.1759542668938824,0.4224401509798698,253.0,0.29400467601870406,0.08696131747020501
000300,ladder,ad20,off,"{'strategy': 'ladder', 'indicator': 'ad20', 'n_bands': 5, 'direction': 'contrarian', 'edge_mode': 'fixed', 'low_edge': 30.0, 'high_edge': 70.0, 'gate_cap': 0.0}",0.03224496703834023,0.0558792460949884,-0.023634279056648166,-0.4885690146760474,-0.723038445845489,0.06599879662798656,0.28833150574886557,1102.0,0.5639963167587477,0.031202537601329405,0.04403576496043171,-0.012833227359102306,-0.4885690146760474,-0.723038445845489,0.06386515858362138,0.26495472338441284,586.0,0.5886203423967774,0.034275567759028736,0.06916853140854928,-0.03489296364952055,-0.311122362115006,-0.46696138837984813,0.11016748370648721,0.3390433409358221,517.0,0.5392451569806279,0.012218951217205728
000300,ladder,ad20,ma200,"{'strategy': 'ladder', 'indicator': 'ad20', 'n_bands': 5, 'direction': 'contrarian', 'edge_mode': 'fixed', 'low_edge': 30.0, 'high_edge': 70.0, 'gate_cap': 0.0}",0.03447621738953899,0.0558792460949884,-0.02140302870544941,-0.23985631803980823,-0.723038445845489,0.14373695748892917,0.4082544675334942,676.0,0.26703499079189685,0.05359445346227831,0.04403576496043171,0.009558688501846602,-0.204930597052285,-0.723038445845489,0.2615248978589785,0.5786502125070754,323.0,0.23749580396106076,0.015809621044796884,0.06916853140854928,-0.0533589103637524,-0.23985631803981,-0.46696138837984813,0.06591288140332785,0.22121225880452725,353.0,0.29642618570474283,0.04465296577230203
000300,ladder,ad20,off,"{'strategy': 'ladder', 'indicator': 'ad20', 'n_bands': 5, 'direction': 'contrarian', 'edge_mode': 'fixed', 'low_edge': 40.0, 'high_edge': 60.0, 'gate_cap': 0.0}",0.02468149758095106,0.0558792460949884,-0.031197748514037338,-0.48316091499850555,-0.723038445845489,0.051083390263526186,0.22933264847614554,1573.0,0.5986522685417713,0.018754124987155008,0.04403576496043171,-0.025281639973276704,-0.48316091499850555,-0.723038445845489,0.03881548445865704,0.19230645818785155,730.0,0.6120342396777442,0.031599336516659804,0.06916853140854928,-0.03756919489188948,-0.35639151696900995,-0.46696138837984813,0.08866467076826502,0.292245882119581,844.0,0.5850868403473614,0.0017147069969880718
000300,ladder,ad20,ma200,"{'strategy': 'ladder', 'indicator': 'ad20', 'n_bands': 5, 'direction': 'contrarian', 'edge_mode': 'fixed', 'low_edge': 40.0, 'high_edge': 60.0, 'gate_cap': 0.0}",0.03287251566925353,0.0558792460949884,-0.023006730425734867,-0.22445902175311438,-0.723038445845489,0.14645219164062148,0.3689263900213816,944.0,0.27209944751381215,0.048377509977107325,0.04403576496043171,0.004341745016675613,-0.22445902175311438,-0.723038445845489,0.21552936299579184,0.5084200408131584,398.0,0.23094998321584426,0.01768382116343581,0.06916853140854928,-0.051484710245113474,-0.22386448066464226,-0.46696138837984813,0.07899342097921673,0.22552098273147927,546.0,0.3130427521710087,0.04477683840080768
000300,reversal,ad20,off,"{'strategy': 'reversal', 'indicator': 'ad20', 'low_extreme': 20.0, 'high_extreme': 80.0, 'confirm': 3.0, 'batch_mode': 'time', 'batches': 3, 'gate_cap': 0.0}",0.0,0.0558792460949884,-0.0558792460949884,0.0,-0.723038445845489,0.0,0.0,0.0,0.0,0.0,0.04403576496043171,-0.04403576496043171,0.0,-0.723038445845489,0.0,0.0,0.0,0.0,0.0,0.06916853140854928,-0.06916853140854928,0.0,-0.46696138837984813,0.0,0.0,0.0,0.0,-0.03352754765699304
000300,reversal,ad20,ma200,"{'strategy': 'reversal', 'indicator': 'ad20', 'low_extreme': 20.0, 'high_extreme': 80.0, 'confirm': 3.0, 'batch_mode': 'time', 'batches': 3, 'gate_cap': 0.0}",0.0,0.0558792460949884,-0.0558792460949884,0.0,-0.723038445845489,0.0,0.0,0.0,0.0,0.0,0.04403576496043171,-0.04403576496043171,0.0,-0.723038445845489,0.0,0.0,0.0,0.0,0.0,0.06916853140854928,-0.06916853140854928,0.0,-0.46696138837984813,0.0,0.0,0.0,0.0,-0.03352754765699304
000300,reversal,ad20,off,"{'strategy': 'reversal', 'indicator': 'ad20', 'low_extreme': 20.0, 'high_extreme': 80.0, 'confirm': 3.0, 'batch_mode': 'time', 'batches': 5, 'gate_cap': 0.0}",0.0,0.0558792460949884,-0.0558792460949884,0.0,-0.723038445845489,0.0,0.0,0.0,0.0,0.0,0.04403576496043171,-0.04403576496043171,0.0,-0.723038445845489,0.0,0.0,0.0,0.0,0.0,0.06916853140854928,-0.06916853140854928,0.0,-0.46696138837984813,0.0,0.0,0.0,0.0,-0.03352754765699304
000300,reversal,ad20,ma200,"{'strategy': 'reversal', 'indicator': 'ad20', 'low_extreme': 20.0, 'high_extreme': 80.0, 'confirm': 3.0, 'batch_mode': 'time', 'batches': 5, 'gate_cap': 0.0}",0.0,0.0558792460949884,-0.0558792460949884,0.0,-0.723038445845489,0.0,0.0,0.0,0.0,0.0,0.04403576496043171,-0.04403576496043171,0.0,-0.723038445845489,0.0,0.0,0.0,0.0,0.0,0.06916853140854928,-0.06916853140854928,0.0,-0.46696138837984813,0.0,0.0,0.0,0.0,-0.03352754765699304
000300,reversal,ad20,off,"{'strategy': 'reversal', 'indicator': 'ad20', 'low_extreme': 20.0, 'high_extreme': 80.0, 'confirm': 5.0, 'batch_mode': 'time', 'batches': 3, 'gate_cap': 0.0}",0.0,0.0558792460949884,-0.0558792460949884,0.0,-0.723038445845489,0.0,0.0,0.0,0.0,0.0,0.04403576496043171,-0.04403576496043171,0.0,-0.723038445845489,0.0,0.0,0.0,0.0,0.0,0.06916853140854928,-0.06916853140854928,0.0,-0.46696138837984813,0.0,0.0,0.0,0.0,-0.03352754765699304
000300,reversal,ad20,ma200,"{'strategy': 'reversal', 'indicator': 'ad20', 'low_extreme': 20.0, 'high_extreme': 80.0, 'confirm': 5.0, 'batch_mode': 'time', 'batches': 3, 'gate_cap': 0.0}",0.0,0.0558792460949884,-0.0558792460949884,0.0,-0.723038445845489,0.0,0.0,0.0,0.0,0.0,0.04403576496043171,-0.04403576496043171,0.0,-0.723038445845489,0.0,0.0,0.0,0.0,0.0,0.06916853140854928,-0.06916853140854928,0.0,-0.46696138837984813,0.0,0.0,0.0,0.0,-0.03352754765699304
000300,reversal,ad20,off,"{'strategy': 'reversal', 'indicator': 'ad20', 'low_extreme': 20.0, 'high_extreme': 80.0, 'confirm': 5.0, 'batch_mode': 'time', 'batches': 5, 'gate_cap': 0.0}",0.0,0.0558792460949884,-0.0558792460949884,0.0,-0.723038445845489,0.0,0.0,0.0,0.0,0.0,0.04403576496043171,-0.04403576496043171,0.0,-0.723038445845489,0.0,0.0,0.0,0.0,0.0,0.06916853140854928,-0.06916853140854928,0.0,-0.46696138837984813,0.0,0.0,0.0,0.0,-0.03352754765699304
000300,reversal,ad20,ma200,"{'strategy': 'reversal', 'indicator': 'ad20', 'low_extreme': 20.0, 'high_extreme': 80.0, 'confirm': 5.0, 'batch_mode': 'time', 'batches': 5, 'gate_cap': 0.0}",0.0,0.0558792460949884,-0.0558792460949884,0.0,-0.723038445845489,0.0,0.0,0.0,0.0,0.0,0.04403576496043171,-0.04403576496043171,0.0,-0.723038445845489,0.0,0.0,0.0,0.0,0.0,0.06916853140854928,-0.06916853140854928,0.0,-0.46696138837984813,0.0,0.0,0.0,0.0,-0.03352754765699304
000300,reversal,ad20,off,"{'strategy': 'reversal', 'indicator': 'ad20', 'low_extreme': 30.0, 'high_extreme': 70.0, 'confirm': 3.0, 'batch_mode': 'time', 'batches': 3, 'gate_cap': 0.0}",0.057895184174272085,0.0558792460949884,0.0020159380792836856,-0.723038445845489,-0.723038445845489,0.0800720687909922,0.35397484951861713,3.0,0.9685250292985099,0.04803696287851489,0.04403576496043171,0.004001197918083177,-0.723038445845489,-0.723038445845489,0.06643763295649181,0.30951207577718376,3.0,0.93689157435381,0.06916853140854928,0.06916853140854928,0.0,-0.46696138837984813,-0.46696138837984813,0.1481247339282887,0.4195793284334017,1.0,0.9996659986639946,0.03323839036396709
000300,reversal,ad20,ma200,"{'strategy': 'reversal', 'indicator': 'ad20', 'low_extreme': 30.0, 'high_extreme': 70.0, 'confirm': 3.0, 'batch_mode': 'time', 'batches': 3, 'gate_cap': 0.0}",0.08976705726466339,0.0558792460949884,0.033887811169674986,-0.3663730301054383,-0.723038445845489,0.24501546207926214,0.5923488969217703,159.0,0.49070818684078354,0.12378629931238394,0.04403576496043171,0.07975053435195223,-0.3663730301054383,-0.723038445845489,0.3378695731963664,0.7554336677310306,78.0,0.4028197381671702,0.056970819997500755,0.06916853140854928,-0.012197711411048529,-0.3519844234522901,-0.46696138837984813,0.1618560828309577,0.42011808649274884,81.0,0.5781563126252505,0.11833887153350986
000300,reversal,ad20,off,"{'strategy': 'reversal', 'indicator': 'ad20', 'low_extreme': 30.0, 'high_extreme': 70.0, 'confirm': 3.0, 'batch_mode': 'time', 'batches': 5, 'gate_cap': 0.0}",0.058206624613601265,0.0558792460949884,0.002327378518612866,-0.723038445845489,-0.723038445845489,0.08050280721315867,0.35519668647285824,5.0,0.9683576092415871,0.0486557885686818,0.04403576496043171,0.00462002360825009,-0.723038445845489,-0.723038445845489,0.06729350126297348,0.31172822957459767,5.0,0.9365558912386707,0.06916853140854928,0.06916853140854928,0.0,-0.46696138837984813,-0.46696138837984813,0.1481247339282887,0.4195793284334017,1.0,0.9996659986639946,0.033597549996431185
000300,reversal,ad20,ma200,"{'strategy': 'reversal', 'indicator': 'ad20', 'low_extreme': 30.0, 'high_extreme': 70.0, 'confirm': 3.0, 'batch_mode': 'time', 'batches': 5, 'gate_cap': 0.0}",0.09008788066584539,0.0558792460949884,0.03420863457085699,-0.36637303010543754,-0.723038445845489,0.24589113625508743,0.5941266333648795,161.0,0.4905407667838607,0.12444985208476145,0.04403576496043171,0.08041408712432974,-0.36637303010543754,-0.723038445845489,0.3396807129851953,0.7589184387416842,80.0,0.4024840550520309,0.056970819997500755,0.06916853140854928,-0.012197711411048529,-0.3519844234522901,-0.46696138837984813,0.1618560828309577,0.42011808649274884,81.0,0.5781563126252505,0.11888163524454917
000300,reversal,ad20,off,"{'strategy': 'reversal', 'indicator': 'ad20', 'low_extreme': 30.0, 'high_extreme': 70.0, 'confirm': 5.0, 'batch_mode': 'time', 'batches': 3, 'gate_cap': 0.0}",0.05727760461037179,0.0558792460949884,0.001398358515383391,-0.723038445845489,-0.723038445845489,0.07921792394233464,0.3515891399757764,3.0,0.9670182487862046,0.04681038672882165,0.04403576496043171,0.00277462176838994,-0.723038445845489,-0.723038445845489,0.06474121396696086,0.3051386905128006,3.0,0.9338704263175562,0.06916853140854928,0.06916853140854928,0.0,-0.46696138837984813,-0.46696138837984813,0.1481247339282887,0.4195793284334017,1.0,0.9996659986639946,0.03252618468616389
000300,reversal,ad20,ma200,"{'strategy': 'reversal', 'indicator': 'ad20', 'low_extreme': 30.0, 'high_extreme': 70.0, 'confirm': 5.0, 'batch_mode': 'time', 'batches': 3, 'gate_cap': 0.0}",0.08913087149309873,0.0558792460949884,0.03325162539811033,-0.3663730301054383,-0.723038445845489,0.243279019384827,0.5891177368406276,159.0,0.48920140632847814,0.12247106948661268,0.04403576496043171,0.07843530452618097,-0.3663730301054383,-0.723038445845489,0.3342797079014435,0.7492843352044775,78.0,0.3997985901309164,0.056970819997500755,0.06916853140854928,-0.012197711411048529,-0.3519844234522901,-0.46696138837984813,0.1618560828309577,0.42011808649274884,81.0,0.5781563126252505,0.117262582992797
000300,reversal,ad20,off,"{'strategy': 'reversal', 'indicator': 'ad20', 'low_extreme': 30.0, 'high_extreme': 70.0, 'confirm': 5.0, 'batch_mode': 'time', 'batches': 5, 'gate_cap': 0.0}",0.05780091394675835,0.0558792460949884,0.0019216678517699481,-0.723038445845489,-0.723038445845489,0.07994168813411924,0.3536483179390185,5.0,0.9668508287292817,0.04784968599827932,0.04403576496043171,0.003813921037847612,-0.723038445845489,-0.723038445845489,0.06617861923279339,0.3088679539214494,5.0,0.9335347432024169,0.06916853140854928,0.06916853140854928,0.0,-0.46696138837984813,-0.46696138837984813,0.1481247339282887,0.4195793284334017,1.0,0.9996659986639946,0.033129675964709664
000300,reversal,ad20,ma200,"{'strategy': 'reversal', 'indicator': 'ad20', 'low_extreme': 30.0, 'high_extreme': 70.0, 'confirm': 5.0, 'batch_mode': 'time', 'batches': 5, 'gate_cap': 0.0}",0.08967914538045552,0.0558792460949884,0.033799899285467117,-0.3663730301054382,-0.723038445845489,0.24477551023514701,0.5921983569175693,160.0,0.4890339862715553,0.12360450715656901,0.04403576496043171,0.0795687421961373,-0.3663730301054382,-0.723038445845489,0.33737337904211173,0.7553508042043577,79.0,0.3994629070157771,0.056970819997500755,0.06916853140854928,-0.012197711411048529,-0.3519844234522901,-0.46696138837984813,0.1618560828309577,0.42011808649274884,81.0,0.5781563126252505,0.11819014366533909
000300,reversal,ad20,off,"{'strategy': 'reversal', 'indicator': 'ad20', 'low_extreme': 40.0, 'high_extreme': 60.0, 'confirm': 3.0, 'batch_mode': 'time', 'batches': 3, 'gate_cap': 0.0}",0.026381635086992983,0.0558792460949884,-0.029497611007995417,-0.646793944646421,-0.723038445845489,0.04078831489588987,0.23538956397163371,105.0,0.6090741670852168,0.00420968528581378,0.04403576496043171,-0.03982607967461793,-0.646793944646421,-0.723038445845489,0.006508541585241747,0.12062204273825933,66.0,0.6045652903658946,0.04893743456826205,0.06916853140854928,-0.020231096840287233,-0.39980109105239536,-0.46696138837984813,0.1224044547738581,0.38873650212285243,39.0,0.6135604542418169,-0.0013832406464413007
000300,reversal,ad20,ma200,"{'strategy': 'reversal', 'indicator': 'ad20', 'low_extreme': 40.0, 'high_extreme': 60.0, 'confirm': 3.0, 'batch_mode': 'time', 'batches': 3, 'gate_cap': 0.0}",0.03806411940687027,0.0558792460949884,-0.017815126688118132,-0.3099039401832221,-0.723038445845489,0.12282554195460024,0.392071752640368,159.0,0.2812656956303365,0.058536494844490417,0.04403576496043171,0.014500729884058705,-0.27172992173142174,-0.723038445845489,0.21542160124105866,0.601528549201589,72.0,0.20510238335011752,0.018100035106790813,0.06916853140854928,-0.05106849630175847,-0.3099039401832221,-0.46696138837984813,0.05840530809672723,0.21117537838490696,87.0,0.35704742818971275,0.03844114076896922
000300,reversal,ad20,off,"{'strategy': 'reversal', 'indicator': 'ad20', 'low_extreme': 40.0, 'high_extreme': 60.0, 'confirm': 3.0, 'batch_mode': 'time', 'batches': 5, 'gate_cap': 0.0}",0.02963020208668321,0.0558792460949884,-0.02624904400830519,-0.6287638625983192,-0.723038445845489,0.0471245309236422,0.25332448572341726,175.0,0.608906747028294,0.006648673256002047,0.04403576496043171,-0.037387091704429665,-0.6287638625983192,-0.723038445845489,0.010574197487315678,0.13249669055936308,110.0,0.6045652903658946,0.05302753284597217,0.06916853140854928,-0.016140998562577114,-0.3950733637639593,-0.46696138837984813,0.13422198940664098,0.4139650656362258,65.0,0.6132264529058116,0.003100385964473769
000300,reversal,ad20,ma200,"{'strategy': 'reversal', 'indicator': 'ad20', 'low_extreme': 40.0, 'high_extreme': 60.0, 'confirm': 3.0, 'batch_mode': 'time', 'batches': 5, 'gate_cap': 0.0}",0.04050405796291945,0.0558792460949884,-0.015375188132068951,-0.3099039401832224,-0.723038445845489,0.13069875116454635,0.41278841336352884,195.0,0.28160053574418215,0.05982741691052307,0.04403576496043171,0.015791651950091357,-0.2701769961364121,-0.723038445845489,0.2214378639412967,0.6133039768898874,92.0,0.20577374958039615,0.021640775560384018,0.06916853140854928,-0.047527755848165265,-0.30990394018322187,-0.46696138837984813,0.06983059185239635,0.24025362361402544,103.0,0.35704742818971275,0.043054387586577175
000300,reversal,ad20,off,"{'strategy': 'reversal', 'indicator': 'ad20', 'low_extreme': 40.0, 'high_extreme': 60.0, 'confirm': 5.0, 'batch_mode': 'time', 'batches': 3, 'gate_cap': 0.0}",0.03843881186337028,0.0558792460949884,-0.017440434231618118,-0.6602027090049708,-0.723038445845489,0.05822274180198928,0.29775289116364323,105.0,0.6159383894190524,0.03416079157839391,0.04403576496043171,-0.0098749733820378,-0.6602027090049708,-0.723038445845489,0.051742883075835286,0.26559926865091626,66.0,0.6263846928499497,0.04272609658083759,0.06916853140854928,-0.02644243482771169,-0.38496615489694574,-0.46696138837984813,0.11098663099948419,0.3481833881101579,39.0,0.6055444221776887,0.012824836181824843
000300,reversal,ad20,ma200,"{'strategy': 'reversal', 'indicator': 'ad20', 'low_extreme': 40.0, 'high_extreme': 60.0, 'confirm': 5.0, 'batch_mode': 'time', 'batches': 3, 'gate_cap': 0.0}",0.05149793095733646,0.0558792460949884,-0.004381315137651942,-0.3099039401832223,-0.723038445845489,0.16617385028047627,0.4772446837259932,156.0,0.29080863887493724,0.09499385941234206,0.04403576496043171,0.05095809445191035,-0.28039596264972444,-0.723038445845489,0.3387846904593632,0.8154148124848568,72.0,0.22826451829472982,0.009951851820814372,0.06916853140854928,-0.05921667958773491,-0.30990394018322176,-0.46696138837984813,0.03211269858308554,0.14269200628493717,84.0,0.3530394121576486,0.06384075102959935
000300,reversal,ad20,off,"{'strategy': 'reversal', 'indicator': 'ad20', 'low_extreme': 40.0, 'high_extreme': 60.0, 'confirm': 5.0, 'batch_mode': 'time', 'batches': 5, 'gate_cap': 0.0}",0.039264557096587716,0.0558792460949884,-0.016614688998400684,-0.6412890640789695,-0.723038445845489,0.0612275482242632,0.30210399286306183,175.0,0.6157709693621296,0.039022790792655915,0.04403576496043171,-0.005012974167775797,-0.6412890640789695,-0.723038445845489,0.06085054771470511,0.28824728132329414,110.0,0.6263846928499497,0.03951854379931219,0.06916853140854928,-0.029649987609237094,-0.37598655164214545,-0.46696138837984813,0.10510626943094749,0.328037223454237,65.0,0.6052104208416834,0.01452220589066487
000300,reversal,ad20,ma200,"{'strategy': 'reversal', 'indicator': 'ad20', 'low_extreme': 40.0, 'high_extreme': 60.0, 'confirm': 5.0, 'batch_mode': 'time', 'batches': 5, 'gate_cap': 0.0}",0.053672223053756074,0.0558792460949884,-0.0022070230412323255,-0.30990394018322165,-0.723038445845489,0.17318986980941237,0.4939465510637966,190.0,0.2907751548635527,0.09885801681426165,0.04403576496043171,0.05482225185382994,-0.27180069876001367,-0.723038445845489,0.3637150944249349,0.8423756484166531,94.0,0.22873447465592484,0.010574793116507442,0.06916853140854928,-0.05859373829204184,-0.30990394018322176,-0.46696138837984813,0.034122809507537724,0.1478001825792389,96.0,0.3525050100200401,0.06795173409902555
399006,ladder,ad,off,"{'strategy': 'ladder', 'indicator': 'ad', 'n_bands': 3, 'direction': 'contrarian', 'edge_mode': 'fixed', 'low_edge': 20.0, 'high_edge': 80.0, 'gate_cap': 0.0}",0.047315433696997644,0.08971447565808255,-0.042399041961084905,-0.5587306531140875,-0.6973995360915222,0.08468379787878987,0.3217473104622067,2554.0,0.5364398171660741,0.050675039326994575,0.06578063764070152,-0.015105598313706947,-0.5587306531140875,-0.6178854622674462,0.09069672308930438,0.32938246231697865,1266.0,0.5294266869609335,0.0439614712544274,0.11690447530430803,-0.07294300404988063,-0.5326001413325758,-0.5704598797629161,0.08254123092125915,0.3146107356248326,1288.0,0.5431910569105691,0.008434093974865008
399006,ladder,ad,ma200,"{'strategy': 'ladder', 'indicator': 'ad', 'n_bands': 3, 'direction': 'contrarian', 'edge_mode': 'fixed', 'low_edge': 20.0, 'high_edge': 80.0, 'gate_cap': 0.0}",0.06943799920225424,0.08971447565808255,-0.020276476455828307,-0.40446537840834196,-0.6973995360915222,0.1716784746212585,0.48554897937698294,1394.0,0.2732351447435246,0.04422048737887074,0.06578063764070152,-0.02156015026183078,-0.3979003071928561,-0.6178854622674462,0.11113458969368868,0.33728483568005174,637.0,0.2432775240994419,0.09530436621557836,0.11690447530430803,-0.02160010908872967,-0.2533471694836419,-0.5704598797629161,0.37618089994777687,0.6448917756413168,757.0,0.30309959349593496,0.05650550397500641
399006,ladder,ad,off,"{'strategy': 'ladder', 'indicator': 'ad', 'n_bands': 3, 'direction': 'contrarian', 'edge_mode': 'fixed', 'low_edge': 30.0, 'high_edge': 70.0, 'gate_cap': 0.0}",0.04984477589007197,0.08971447565808255,-0.03986969976801058,-0.5801538923669576,-0.6973995360915222,0.08591647241512303,0.33093656895631546,2467.0,0.5408836973082783,0.054915595191371125,0.06578063764070152,-0.010865042449330398,-0.5801538923669576,-0.6178854622674462,0.09465694518970157,0.34487237474358123,1209.0,0.5329781836631152,0.04479065314261099,0.11690447530430803,-0.07211382216169704,-0.5229075174045277,-0.5704598797629161,0.08565693100938992,0.31656034472474165,1258.0,0.5485264227642277,0.010444769105242863
399006,ladder,ad,ma200,"{'strategy': 'ladder', 'indicator': 'ad', 'n_bands': 3, 'direction': 'contrarian', 'edge_mode': 'fixed', 'low_edge': 30.0, 'high_edge': 70.0, 'gate_cap': 0.0}",0.0707024105605234,0.08971447565808255,-0.01901206509755915,-0.4375933701009682,-0.6973995360915222,0.16157102778821777,0.4876077494720413,1345.0,0.2756475368207212,0.04097949306346105,0.06578063764070152,-0.024801144577240475,-0.41675839078093047,-0.6178854622674462,0.0983291373850274,0.31697364946123424,605.0,0.24530695078640283,0.10132128882674052,0.11690447530430803,-0.015583186477567512,-0.27876903455559643,-0.5704598797629161,0.3634596252351459,0.6712946915059788,740.0,0.30589430894308944,0.05322117205675162
399006,ladder,ad,off,"{'strategy': 'ladder', 'indicator': 'ad', 'n_bands': 3, 'direction': 'contrarian', 'edge_mode': 'fixed', 'low_edge': 40.0, 'high_edge': 60.0, 'gate_cap': 0.0}",0.042279420517487676,0.08971447565808255,-0.04743505514059487,-0.5670460178222287,-0.6973995360915222,0.0745608278493236,0.29656073686817025,2238.0,0.5471051295073641,0.042976060836070085,0.06578063764070152,-0.022804576804631438,-0.5670460178222287,-0.6178854622674462,0.07578937067774852,0.2958402478544541,1104.0,0.5393201420598681,0.0415821840827324,0.11690447530430803,-0.07532229122157563,-0.5158604533669062,-0.5704598797629161,0.08060742747643233,0.298455874890901,1134.0,0.5546239837398373,0.001363298055372518
399006,ladder,ad,ma200,"{'strategy': 'ladder', 'indicator': 'ad', 'n_bands': 3, 'direction': 'contrarian', 'edge_mode': 'fixed', 'low_edge': 40.0, 'high_edge': 60.0, 'gate_cap': 0.0}",0.05970042108133233,0.08971447565808255,-0.030014054576750215,-0.44745358617824627,-0.6973995360915222,0.13342260052319763,0.4195441112820835,1230.0,0.2797105129507364,0.03095187262682675,0.06578063764070152,-0.034828765013874774,-0.4260990249199107,-0.6178854622674462,0.072640092599706,0.2609731295363102,558.0,0.24835109081684423,0.0892963280518495,0.11690447530430803,-0.027608147252458526,-0.2918179750572416,-0.5704598797629161,0.3060000948685,0.5832773307507935,672.0,0.31097560975609756,0.03536060746322892
399006,ladder,ad,off,"{'strategy': 'ladder', 'indicator': 'ad', 'n_bands': 5, 'direction': 'contrarian', 'edge_mode': 'fixed', 'low_edge': 20.0, 'high_edge': 80.0, 'gate_cap': 0.0}",0.04885281946841591,0.08971447565808255,-0.04086165618966664,-0.48870487064541845,-0.6973995360915222,0.09996384812759775,0.3332415601739537,3068.0,0.5306627729812088,0.047710289121046356,0.06578063764070152,-0.018070348519655166,-0.48870487064541845,-0.6178854622674462,0.0976259742572992,0.3206173102025033,1516.0,0.5202942668696093,0.049998341147687864,0.11690447530430803,-0.06690613415662017,-0.43065341912815414,-0.5704598797629161,0.11609879064447721,0.3498314953697479,1552.0,0.5407774390243902,0.015468545537239118
399006,ladder,ad,ma200,"{'strategy': 'ladder', 'indicator': 'ad', 'n_bands': 5, 'direction': 'contrarian', 'edge_mode': 'fixed', 'low_edge': 20.0, 'high_edge': 80.0, 'gate_cap': 0.0}",0.05739034420856348,0.08971447565808255,-0.03232413144951907,-0.4728639285318339,-0.6973995360915222,0.12136756632452644,0.4274978443784319,1657.0,0.2722828847130523,0.023806587305650995,0.06578063764070152,-0.04197405033505053,-0.44561938419753677,-0.6178854622674462,0.05342359006334848,0.22479890023026058,762.0,0.24137493658041603,0.09212950409794352,0.11690447530430803,-0.024774971206364516,-0.21832272834116861,-0.5704598797629161,0.42198769133177266,0.6477658806217286,895.0,0.30309959349593496,0.02915254766009914
399006,ladder,ad,off,"{'strategy': 'ladder', 'indicator': 'ad', 'n_bands': 5, 'direction': 'contrarian', 'edge_mode': 'fixed', 'low_edge': 30.0, 'high_edge': 70.0, 'gate_cap': 0.0}",0.04361405654068551,0.08971447565808255,-0.04610041911739704,-0.5650876520248679,-0.6973995360915222,0.07718104684185557,0.3053076283831752,2839.0,0.5405662772981209,0.038844330680606776,0.06578063764070152,-0.026936306960094747,-0.5650876520248679,-0.6178854622674462,0.06874036362574305,0.28058995528488456,1389.0,0.5319634703196348,0.048413006807336734,0.11690447530430803,-0.0684914684969713,-0.4978823870424769,-0.5704598797629161,0.09723783782535447,0.33516562128608784,1450.0,0.5489075203252033,0.0032121672663040085
399006,ladder,ad,ma200,"{'strategy': 'ladder', 'indicator': 'ad', 'n_bands': 5, 'direction': 'contrarian', 'edge_mode': 'fixed', 'low_edge': 30.0, 'high_edge': 70.0, 'gate_cap': 0.0}",0.0651421595741577,0.08971447565808255,-0.02457231608392485,-0.4256295318179626,-0.6973995360915222,0.15304896560142434,0.46019060775195075,1552.0,0.276790248857288,0.031789752269242744,0.06578063764070152,-0.03399088537145878,-0.4146365084705904,-0.6178854622674462,0.0766689657562982,0.26816730408937933,698.0,0.24530695078640283,0.09962603034174955,0.11690447530430803,-0.01727844496255848,-0.24463475376558785,-0.5704598797629161,0.4072439782501733,0.6635132787303643,854.0,0.3081808943089431,0.046476196590214826
399006,ladder,ad,off,"{'strategy': 'ladder', 'indicator': 'ad', 'n_bands': 5, 'direction': 'contrarian', 'edge_mode': 'fixed', 'low_edge': 40.0, 'high_edge': 60.0, 'gate_cap': 0.0}",0.04429928631878943,0.08971447565808255,-0.045415189339293116,-0.566867848061669,-0.6973995360915222,0.07814746676895698,0.30625734318771464,2482.0,0.5438674454037582,0.04641084412894325,0.06578063764070152,-0.01936979351175827,-0.566867848061669,-0.6178854622674462,0.08187242280125624,0.3101861095198017,1218.0,0.5364028411973617,0.042188778705917196,0.11690447530430803,-0.07471569659839083,-0.5134454058939399,-0.5704598797629161,0.08216799336720901,0.30316816548238296,1264.0,0.5510670731707317,0.004009873104006925
399006,ladder,ad,ma200,"{'strategy': 'ladder', 'indicator': 'ad', 'n_bands': 5, 'direction': 'contrarian', 'edge_mode': 'fixed', 'low_edge': 40.0, 'high_edge': 60.0, 'gate_cap': 0.0}",0.06349108916709256,0.08971447565808255,-0.026223386490989986,-0.4443981730550953,-0.6973995360915222,0.14286982489286945,0.44479634834386067,1373.0,0.2778694768918233,0.03533962185196127,0.06578063764070152,-0.030441015788740255,-0.41866810876663185,-0.6178854622674462,0.08440963405612484,0.2856650860417098,615.0,0.24720953830542872,0.0924527089602949,0.11690447530430803,-0.024451766344013137,-0.2845945405702903,-0.5704598797629161,0.324857633512687,0.6131932613682338,758.0,0.3084349593495935,0.04141389806255379
399006,reversal,ad,off,"{'strategy': 'reversal', 'indicator': 'ad', 'low_extreme': 20.0, 'high_extreme': 80.0, 'confirm': 3.0, 'batch_mode': 'time', 'batches': 3, 'gate_cap': 0.0}",0.035554520909806486,0.08971447565808255,-0.05415995474827606,-0.566176183455591,-0.6973995360915222,0.06279762722056512,0.28519027956723864,1148.0,0.3880988657524971,0.07169670107145842,0.06578063764070152,0.0059160634307569016,-0.34243379345146785,-0.6178854622674462,0.20937390655522375,0.4917333776228409,679.0,0.33992897006595635,0.0014346703502938762,0.11690447530430803,-0.11546980495401415,-0.5661761834555913,-0.5704598797629161,0.0025339645011867693,0.10126011445349024,468.0,0.43614498644986444,-0.00737692196073959
399006,reversal,ad,ma200,"{'strategy': 'reversal', 'indicator': 'ad', 'low_extreme': 20.0, 'high_extreme': 80.0, 'confirm': 3.0, 'batch_mode': 'time', 'batches': 3, 'gate_cap': 0.0}",0.058427491307095014,0.08971447565808255,-0.031286984350987534,-0.34591125641768794,-0.6973995360915222,0.16890890430158134,0.5064153927202123,614.0,0.16920602674792623,0.0740815895866187,0.06578063764070152,0.008300951945917179,-0.3202548358633571,-0.6178854622674462,0.23132075238428884,0.702248475743792,350.0,0.12886859462201933,0.042978187595608786,0.11690447530430803,-0.07392628770869925,-0.2691520135885379,-0.5704598797629161,0.15967997795220304,0.36421499805853996,264.0,0.20951897018970192,0.04879137111004002
399006,reversal,ad,off,"{'strategy': 'reversal', 'indicator': 'ad', 'low_extreme': 20.0, 'high_extreme': 80.0, 'confirm': 3.0, 'batch_mode': 'time', 'batches': 5, 'gate_cap': 0.0}",0.010004976297068202,0.08971447565808255,-0.07970949936101435,-0.5401549690637351,-0.6973995360915222,0.018522418324522855,0.14333292858627583,1464.0,0.357846622651092,0.020541766649883053,0.06578063764070152,-0.04523887099081847,-0.357383749609812,-0.6178854622674462,0.05747817765164294,0.21018777369315322,835.0,0.3026889903602233,7.539586226656958e-05,0.11690447530430803,-0.11682907944204146,-0.5401549690637341,-0.5704598797629161,0.00013958190997901096,0.08986104581790101,628.0,0.41290650406504065,-0.04041673228679946
399006,reversal,ad,ma200,"{'strategy': 'reversal', 'indicator': 'ad', 'low_extreme': 20.0, 'high_extreme': 80.0, 'confirm': 3.0, 'batch_mode': 'time', 'batches': 5, 'gate_cap': 0.0}",0.04279100266380098,0.08971447565808255,-0.04692347299428157,-0.3096282294693554,-0.6973995360915222,0.13820123164201376,0.41995627303180016,749.0,0.1497206703910615,0.04395064151417305,0.06578063764070152,-0.021829996126528473,-0.29308046307838354,-0.6178854622674462,0.14996100747397337,0.5171241858900422,406.0,0.10471841704718418,0.041630886267664646,0.11690447530430803,-0.07527358903664338,-0.2691520135885379,-0.5704598797629161,0.15467425159711878,0.3682401725900945,343.0,0.19471544715447156,0.027126408860236567
399006,reversal,ad,off,"{'strategy': 'reversal', 'indicator': 'ad', 'low_extreme': 20.0, 'high_extreme': 80.0, 'confirm': 5.0, 'batch_mode': 'time', 'batches': 3, 'gate_cap': 0.0}",0.034143860877740684,0.08971447565808255,-0.055570614780341865,-0.5594666110640321,-0.6973995360915222,0.06102930935021045,0.27761375175879793,1146.0,0.38657524970374135,0.06941208687415457,0.06578063764070152,0.0036314492334530435,-0.3458642971115877,-0.6178854622674462,0.20069168010064894,0.47980270365807315,677.0,0.33840690005073565,0.000842910768343863,0.11690447530430803,-0.11606156453596417,-0.5594666110640326,-0.5704598797629161,0.0015066328386259843,0.09814525923896254,468.0,0.434620596205962,-0.008930645128120935
399006,reversal,ad,ma200,"{'strategy': 'reversal', 'indicator': 'ad', 'low_extreme': 20.0, 'high_extreme': 80.0, 'confirm': 5.0, 'batch_mode': 'time', 'batches': 3, 'gate_cap': 0.0}",0.05818939961790348,0.08971447565808255,-0.03152507604017907,-0.3459112564176873,-0.6973995360915222,0.16822060149334914,0.5047776213152531,613.0,0.16869815473167432,0.07468472385308145,0.06578063764070152,0.008904086212379925,-0.3202548358633568,-0.6178854622674462,0.23320404718243568,0.709555958446062,347.0,0.12785388127853886,0.04192268137520849,0.11690447530430803,-0.07498179392909954,-0.2691520135885379,-0.5704598797629161,0.15575837912658963,0.35684317851409736,266.0,0.20951897018970192,0.048373194973232225
399006,reversal,ad,off,"{'strategy': 'reversal', 'indicator': 'ad', 'low_extreme': 20.0, 'high_extreme': 80.0, 'confirm': 5.0, 'batch_mode': 'time', 'batches': 5, 'gate_cap': 0.0}",0.014806253131685487,0.08971447565808255,-0.07490822252639706,-0.5319412165708064,-0.6973995360915222,0.027834378443420797,0.17199959910827028,1462.0,0.35490096495683093,0.028937166940933734,0.06578063764070152,-0.03684347069976779,-0.31279585693813017,-0.6178854622674462,0.09251134981195545,0.2652357805582984,833.0,0.29710806697108066,0.001363201955983273,0.11690447530430803,-0.11554127334832476,-0.5319412165708067,-0.5704598797629161,0.0025626928568747544,0.09714705481763773,628.0,0.41260162601626016,-0.03381118213846991
399006,reversal,ad,ma200,"{'strategy': 'reversal', 'indicator': 'ad', 'low_extreme': 20.0, 'high_extreme': 80.0, 'confirm': 5.0, 'batch_mode': 'time', 'batches': 5, 'gate_cap': 0.0}",0.04330009075973962,0.08971447565808255,-0.04641438489834293,-0.30962822946935553,-0.6973995360915222,0.13984542311903478,0.42427504354854534,745.0,0.14941594718131032,0.04394590499790563,0.06578063764070152,-0.021834732642795895,-0.29308046307838354,-0.6178854622674462,0.14994484632758487,0.5191000162676656,400.0,0.10329781836631154,0.04265369198130653,0.11690447530430803,-0.0742507833230015,-0.2691520135885379,-0.5704598797629161,0.15847435585792316,0.37505724974107024,345.0,0.19552845528455287,0.028089538308608154
399006,reversal,ad,off,"{'strategy': 'reversal', 'indicator': 'ad', 'low_extreme': 30.0, 'high_extreme': 70.0, 'confirm': 3.0, 'batch_mode': 'time', 'batches': 3, 'gate_cap': 0.0}",0.015105248708041419,0.08971447565808255,-0.07460922695004113,-0.5037077087945183,-0.6973995360915222,0.029988122961611113,0.17311595488385015,1695.0,0.42144912815303875,0.016961210990606768,0.06578063764070152,-0.048819426650094755,-0.4157188686821276,-0.6178854622674462,0.040799714105774376,0.18539414431174528,861.0,0.36123795027904615,0.014072957315861334,0.11690447530430803,-0.1028315179884467,-0.5037077087945179,-0.5704598797629161,0.027938737228264746,0.16775522341442128,835.0,0.48153794037940384,-0.03277028698538023
399006,reversal,ad,ma200,"{'strategy': 'reversal', 'indicator': 'ad', 'low_extreme': 30.0, 'high_extreme': 70.0, 'confirm': 3.0, 'batch_mode': 'time', 'batches': 3, 'gate_cap': 0.0}",0.026739038850947416,0.08971447565808255,-0.06297543680713513,-0.32749311791907665,-0.6973995360915222,0.08164763589796906,0.27486348938083793,912.0,0.19646182495344508,0.011077758900224888,0.06578063764070152,-0.054702878740476635,-0.301829948930017,-0.6178854622674462,0.036701987127173395,0.16409416394147364,439.0,0.13140537798072047,0.042667350366116574,0.11690447530430803,-0.07423712493819146,-0.23918638123447022,-0.5704598797629161,0.17838536686706472,0.35642182111841914,473.0,0.2615176151761518,-0.005126207725093451
399006,reversal,ad,off,"{'strategy': 'reversal', 'indicator': 'ad', 'low_extreme': 30.0, 'high_extreme': 70.0, 'confirm': 3.0, 'batch_mode': 'time', 'batches': 5, 'gate_cap': 0.0}",0.01968658394704481,0.08971447565808255,-0.07002789171103774,-0.44242931839849975,-0.6973995360915222,0.04449656279178348,0.20219901743870258,2067.0,0.3869476891823261,-0.007246786026382512,0.06578063764070152,-0.07302742366708403,-0.39766903497841166,-0.6178854622674462,-0.018223158931084286,0.022914645411079217,1019.0,0.3285641806189752,0.047905238766914326,0.11690447530430803,-0.0689992365373937,-0.4409243246928721,-0.5704598797629161,0.10864730314047187,0.35850061765001406,1049.0,0.4452235772357724,-0.024218109909909247
399006,reversal,ad,ma200,"{'strategy': 'reversal', 'indicator': 'ad', 'low_extreme': 30.0, 'high_extreme': 70.0, 'confirm': 3.0, 'batch_mode': 'time', 'batches': 5, 'gate_cap': 0.0}",0.026369994686375575,0.08971447565808255,-0.06334448097170697,-0.3599713903412214,-0.6973995360915222,0.07325580697226834,0.28671708018293596,1097.0,0.17816150330116812,-0.005302628182754399,0.06578063764070152,-0.07108326582345592,-0.30766826500616107,-0.6178854622674462,-0.017234888306235333,-0.025345733349365695,513.0,0.11314053779807205,0.05910175090043435,0.11690447530430803,-0.057802724403873684,-0.19410255380813934,-0.5704598797629161,0.3044872400744066,0.4847835914925385,584.0,0.2431910569105691,-0.008704365794116844
399006,reversal,ad,off,"{'strategy': 'reversal', 'indicator': 'ad', 'low_extreme': 30.0, 'high_extreme': 70.0, 'confirm': 5.0, 'batch_mode': 'time', 'batches': 3, 'gate_cap': 0.0}",0.007835030672693977,0.08971447565808255,-0.08187944498538857,-0.5093470309079511,-0.6973995360915222,0.015382499940614986,0.1312387955057664,1701.0,0.4196715760961571,0.015292663116885707,0.06578063764070152,-0.050487974523815815,-0.416774894448798,-0.6178854622674462,0.03669286063190271,0.17497329811937615,865.0,0.36614239810586846,0.001233613011587309,0.11690447530430803,-0.11567086229272072,-0.5093470309079517,-0.5704598797629161,0.0024219499412577224,0.09796489916909717,837.0,0.4730691056910569,-0.04297466701498715
399006,reversal,ad,ma200,"{'strategy': 'reversal', 'indicator': 'ad', 'low_extreme': 30.0, 'high_extreme': 70.0, 'confirm': 5.0, 'batch_mode': 'time', 'batches': 3, 'gate_cap': 0.0}",0.019323673989652512,0.08971447565808255,-0.07039080166843004,-0.34427171463318385,-0.6973995360915222,0.05612913628481383,0.2157563798034647,922.0,0.19917047570678856,0.00803190195583503,0.06578063764070152,-0.05774873568486649,-0.31924882453843106,-0.6178854622674462,0.0251587518527203,0.13156317106615154,445.0,0.13614070691696264,0.03075944625669691,0.11690447530430803,-0.08614502904761112,-0.2531791815378541,-0.5704598797629161,0.12149279443064281,0.2781985691104554,477.0,0.2621951219512195,-0.019782826487132487
399006,reversal,ad,off,"{'strategy': 'reversal', 'indicator': 'ad', 'low_extreme': 30.0, 'high_extreme': 70.0, 'confirm': 5.0, 'batch_mode': 'time', 'batches': 5, 'gate_cap': 0.0}",0.01633275634512832,0.08971447565808255,-0.07338171931295423,-0.44799242662317984,-0.6973995360915222,0.03645766172486282,0.18149710996007035,2073.0,0.38699847638395124,-0.004358357776797495,0.06578063764070152,-0.07013899541749902,-0.39109735900311915,-0.6178854622674462,-0.011143920245093588,0.043022283767781305,1025.0,0.3330289193302892,0.037993394485393406,0.11690447530430803,-0.07891108081891463,-0.44799242662318084,-0.5704598797629161,0.08480811778845254,0.3034710510694949,1049.0,0.44085365853658537,-0.029445966897827407
399006,reversal,ad,ma200,"{'strategy': 'reversal', 'indicator': 'ad', 'low_extreme': 30.0, 'high_extreme': 70.0, 'confirm': 5.0, 'batch_mode': 'time', 'batches': 5, 'gate_cap': 0.0}",0.022991340530870374,0.08971447565808255,-0.06672313512721217,-0.3494043238508785,-0.6973995360915222,0.06580153410088536,0.25742355714620624,1102.0,0.18039614017267652,-0.003945266752529375,0.06578063764070152,-0.0697259043932309,-0.29623765805102054,-0.6178854622674462,-0.013317910958673214,-0.008387404405121014,518.0,0.1168949771689498,0.05069916269038677,0.11690447530430803,-0.06620531261392126,-0.1946785234067968,-0.5704598797629161,0.26042504228597774,0.42679424264567445,584.0,0.24390243902439027,-0.013713267435973158
399006,reversal,ad,off,"{'strategy': 'reversal', 'indicator': 'ad', 'low_extreme': 40.0, 'high_extreme': 60.0, 'confirm': 3.0, 'batch_mode': 'time', 'batches': 3, 'gate_cap': 0.0}",-0.0028376146460912244,0.08971447565808255,-0.09255209030417377,-0.43468629401914227,-0.6973995360915222,-0.006527959784180047,0.05930464247191283,2089.0,0.3748941933299475,-0.0383337148662406,0.06578063764070152,-0.10411435250694212,-0.3421976398179831,-0.6178854622674462,-0.11202214862332341,-0.1929369099640149,1051.0,0.34686284457973954,0.034865828100814955,0.11690447530430803,-0.08203864720349308,-0.38108961059546387,-0.5704598797629161,0.09148984157908703,0.2913550806512889,1039.0,0.40277777777777773,-0.05814243809617628
399006,reversal,ad,ma200,"{'strategy': 'reversal', 'indicator': 'ad', 'low_extreme': 40.0, 'high_extreme': 60.0, 'confirm': 3.0, 'batch_mode': 'time', 'batches': 3, 'gate_cap': 0.0}",0.0064607083098962015,0.08971447565808255,-0.08325376734818635,-0.3486170972992555,-0.6973995360915222,0.01853239086650498,0.11354773012470044,1154.0,0.19620788894531913,-0.04036861571770245,0.06578063764070152,-0.10614925335840397,-0.32253714751754436,-0.6178854622674462,-0.12515958558077905,-0.3738800339612738,533.0,0.1547437848807712,0.05565197910600994,0.11690447530430803,-0.06125249619829809,-0.258812804317751,-0.5704598797629161,0.21502792047987163,0.47233825794699613,621.0,0.2376355013550136,-0.04253930406230981
399006,reversal,ad,off,"{'strategy': 'reversal', 'indicator': 'ad', 'low_extreme': 40.0, 'high_extreme': 60.0, 'confirm': 3.0, 'batch_mode': 'time', 'batches': 5, 'gate_cap': 0.0}",0.02970498677466482,0.08971447565808255,-0.06000948888341773,-0.31739770466770034,-0.6973995360915222,0.0935891669593656,0.2830655873322704,2333.0,0.3357541899441341,-0.01113173562600267,0.06578063764070152,-0.07691237326670419,-0.31739770466770034,-0.6178854622674462,-0.03507188446008784,-0.029404997590736132,1161.0,0.3047184170471842,0.072818288622444,0.11690447530430803,-0.04408618668186404,-0.25179122531342624,-0.5704598797629161,0.28920105747053254,0.5485818815975639,1173.0,0.36666666666666675,0.001429973453695603
399006,reversal,ad,ma200,"{'strategy': 'reversal', 'indicator': 'ad', 'low_extreme': 40.0, 'high_extreme': 60.0, 'confirm': 3.0, 'batch_mode': 'time', 'batches': 5, 'gate_cap': 0.0}",0.021405582468465356,0.08971447565808255,-0.06830889318961719,-0.325640071052101,-0.6973995360915222,0.06573387113971166,0.25865733852332234,1283.0,0.17638395124428646,-0.030753927865044606,0.06578063764070152,-0.09653456550574613,-0.28671549827934806,-0.6178854622674462,-0.10726287225352893,-0.35699994597532725,585.0,0.13333333333333336,0.07645808437921664,0.11690447530430803,-0.04044639092509139,-0.2622619391494383,-0.5704598797629161,0.2915332839648166,0.6706006367565464,698.0,0.2194105691056911,-0.01469178745788565
399006,reversal,ad,off,"{'strategy': 'reversal', 'indicator': 'ad', 'low_extreme': 40.0, 'high_extreme': 60.0, 'confirm': 5.0, 'batch_mode': 'time', 'batches': 3, 'gate_cap': 0.0}",-0.0021241475689794953,0.08971447565808255,-0.09183862322706204,-0.3790646155284696,-0.6973995360915222,-0.005603655635380616,0.062056517940747735,2087.0,0.3712544438801423,-0.02851763768826976,0.06578063764070152,-0.09429827532897128,-0.37688506617302886,-0.6178854622674462,-0.0756666693584968,-0.1364859481792085,1043.0,0.3355318789108743,0.025860988270713037,0.11690447530430803,-0.091043487033595,-0.3790646155284694,-0.5704598797629161,0.06822316621312485,0.23778676701714271,1045.0,0.4068428184281843,-0.05734463619038947
399006,reversal,ad,ma200,"{'strategy': 'reversal', 'indicator': 'ad', 'low_extreme': 40.0, 'high_extreme': 60.0, 'confirm': 5.0, 'batch_mode': 'time', 'batches': 3, 'gate_cap': 0.0}",0.008468617266774725,0.08971447565808255,-0.08124585839130782,-0.2920286598562486,-0.6973995360915222,0.02899926764360529,0.13069245033988197,1162.0,0.1976468596580329,-0.030744261420746932,0.06578063764070152,-0.09652489906144845,-0.2790015411926424,-0.6178854622674462,-0.11019387666937265,-0.28286593494306245,535.0,0.15592761711483175,0.0493313889001481,0.11690447530430803,-0.06757308640415993,-0.2588128043177512,-0.5704598797629161,0.1906064463471547,0.4260291777320313,627.0,0.23932926829268295,-0.03714780797734258
399006,reversal,ad,off,"{'strategy': 'reversal', 'indicator': 'ad', 'low_extreme': 40.0, 'high_extreme': 60.0, 'confirm': 5.0, 'batch_mode': 'time', 'batches': 5, 'gate_cap': 0.0}",0.021170287326673254,0.08971447565808255,-0.0685441883314093,-0.3018981925938722,-0.6973995360915222,0.07012392868198629,0.22340515616131107,2329.0,0.3339258506856273,-0.013592799012415724,0.06578063764070152,-0.07937343665311725,-0.28816590268629516,-0.6178854622674462,-0.04717004644096701,-0.05446766782252133,1157.0,0.2989345509893455,0.05773096611203665,0.11690447530430803,-0.05917350919227138,-0.268745121154944,-0.5704598797629161,0.21481679691127148,0.45575105051259573,1173.0,0.36880081300813017,-0.013076941526051055
399006,reversal,ad,ma200,"{'strategy': 'reversal', 'indicator': 'ad', 'low_extreme': 40.0, 'high_extreme': 60.0, 'confirm': 5.0, 'batch_mode': 'time', 'batches': 5, 'gate_cap': 0.0}",0.021456598837410024,0.08971447565808255,-0.06825787682067253,-0.26226193914943785,-0.6973995360915222,0.0818136207907163,0.2618150585839209,1287.0,0.17536820721178267,-0.020927797608398246,0.06578063764070152,-0.08670843524909977,-0.2153822747177555,-0.6178854622674462,-0.09716583054860371,-0.2339276904271992,583.0,0.13414510400811772,0.06574471445288799,0.11690447530430803,-0.051159760851420044,-0.2622619391494382,-0.5704598797629161,0.2506833994521268,0.5955942674120915,704.0,0.21656504065040652,-0.00822927777611699
399006,ladder,ad20,off,"{'strategy': 'ladder', 'indicator': 'ad20', 'n_bands': 3, 'direction': 'contrarian', 'edge_mode': 'fixed', 'low_edge': 20.0, 'high_edge': 80.0, 'gate_cap': 0.0}",0.054625864838982796,0.08971447565808255,-0.03508861081909975,-0.4033478778423669,-0.6973995360915222,0.13543114477555582,0.3950778310240728,157.0,0.5035551041137634,0.029792996799475002,0.06578063764070152,-0.03598764084122652,-0.34744074239922884,-0.6178854622674462,0.08574986512445677,0.25783701033262213,97.0,0.4977168949771689,0.08143541693940914,0.11690447530430803,-0.03546905836489889,-0.3611797790464223,-0.5704598797629161,0.22547058740224293,0.5368675064720241,61.0,0.5091463414634146,0.03311929141876248
399006,ladder,ad20,ma200,"{'strategy': 'ladder', 'indicator': 'ad20', 'n_bands': 3, 'direction': 'contrarian', 'edge_mode': 'fixed', 'low_edge': 20.0, 'high_edge': 80.0, 'gate_cap': 0.0}",0.042058071046262135,0.08971447565808255,-0.04765640461182041,-0.4412890951374253,-0.6973995360915222,0.09530729743766839,0.37732974989905416,151.0,0.25711020822752667,0.013207546834422823,0.06578063764070152,-0.0525730908062787,-0.3991082216446783,-0.6178854622674462,0.03309264534816163,0.16629653926909083,106.0,0.2313546423135464,0.0717759919682488,0.11690447530430803,-0.04512848333605923,-0.17155161450556444,-0.5704598797629161,0.4183929843803404,0.5796427050565626,45.0,0.28277439024390244,0.009529076207975114
399006,ladder,ad20,off,"{'strategy': 'ladder', 'indicator': 'ad20', 'n_bands': 3, 'direction': 'contrarian', 'edge_mode': 'fixed', 'low_edge': 30.0, 'high_edge': 70.0, 'gate_cap': 0.0}",0.08443412082409418,0.08971447565808255,-0.0052803548339883655,-0.39006415258192584,-0.6973995360915222,0.21646213902304273,0.5309840021945484,445.0,0.5361858811579482,0.030112405167181944,0.06578063764070152,-0.03566823247351958,-0.37144616670662545,-0.6178854622674462,0.08106801971916765,0.2527542909292311,219.0,0.5058346017250127,0.1430803155880116,0.11690447530430803,0.026175840283703566,-0.3900641525819263,-0.5704598797629161,0.3668122657284177,0.8196462513727707,227.0,0.5663109756097561,0.08341664270882408
399006,ladder,ad20,ma200,"{'strategy': 'ladder', 'indicator': 'ad20', 'n_bands': 3, 'direction': 'contrarian', 'edge_mode': 'fixed', 'low_edge': 30.0, 'high_edge': 70.0, 'gate_cap': 0.0}",0.06828581695679525,0.08971447565808255,-0.021428658701287295,-0.42968624541446554,-0.6973995360915222,0.15892018347231085,0.5649228771105355,308.0,0.2591416962925343,0.01293181024467871,0.06578063764070152,-0.05284882739602281,-0.39416864428901943,-0.6178854622674462,0.032807810646644474,0.1655778994489981,162.0,0.21334348046676813,0.1267562026241167,0.11690447530430803,0.009851727319808656,-0.21060473326337847,-0.5704598797629161,0.6018677769487625,0.9223227758125536,146.0,0.3048780487804878,0.050710878168151965
399006,ladder,ad20,off,"{'strategy': 'ladder', 'indicator': 'ad20', 'n_bands': 3, 'direction': 'contrarian', 'edge_mode': 'fixed', 'low_edge': 40.0, 'high_edge': 60.0, 'gate_cap': 0.0}",0.03815970702681937,0.08971447565808255,-0.05155476863126318,-0.4884040028536637,-0.6973995360915222,0.0781314379158617,0.2838847838519111,667.0,0.5919248349415948,0.015875149161857394,0.06578063764070152,-0.04990548847884413,-0.4884040028536637,-0.6178854622674462,0.03250413401426181,0.17952287374644085,343.0,0.5279046169457129,0.06352102857615938,0.11690447530430803,-0.053383446728148654,-0.47900081771907255,-0.5704598797629161,0.13261152429475306,0.39576833614218526,325.0,0.6557418699186992,0.00031971398758677896
399006,ladder,ad20,ma200,"{'strategy': 'ladder', 'indicator': 'ad20', 'n_bands': 3, 'direction': 'contrarian', 'edge_mode': 'fixed', 'low_edge': 40.0, 'high_edge': 60.0, 'gate_cap': 0.0}",0.04079664285294515,0.08971447565808255,-0.048917832805137396,-0.43196246212375444,-0.6973995360915222,0.09444487989157072,0.34436977168866567,413.0,0.2665058405281869,0.002809633430630454,0.06578063764070152,-0.06297100421007107,-0.34152128650184466,-0.6178854622674462,0.008226817892990334,0.08632270049285426,192.0,0.19406392694063926,0.0802838798383334,0.11690447530430803,-0.036620595465974626,-0.2526622231917892,-0.5704598797629161,0.31775181435569033,0.5504959612204852,221.0,0.3389227642276423,0.008427252273545852
399006,ladder,ad20,off,"{'strategy': 'ladder', 'indicator': 'ad20', 'n_bands': 5, 'direction': 'contrarian', 'edge_mode': 'fixed', 'low_edge': 20.0, 'high_edge': 80.0, 'gate_cap': 0.0}",0.07075998133935979,0.08971447565808255,-0.01895449431872276,-0.3706270449701853,-0.6973995360915222,0.1909196382175834,0.4908101106428633,476.0,0.5236160487557135,0.04031037300214613,0.06578063764070152,-0.025470264638555395,-0.32796484982609686,-0.6178854622674462,0.12291065040512932,0.319022049979039,236.0,0.5048198883815322,0.10417846356176397,0.11690447530430803,-0.012726011742544063,-0.3706270449701853,-0.5704598797629161,0.28108705226879627,0.6748662379947318,240.0,0.5421747967479674,0.0649951586957997
399006,ladder,ad20,ma200,"{'strategy': 'ladder', 'indicator': 'ad20', 'n_bands': 5, 'direction': 'contrarian', 'edge_mode': 'fixed', 'low_edge': 20.0, 'high_edge': 80.0, 'gate_cap': 0.0}",0.057542217725809586,0.08971447565808255,-0.03217225793227296,-0.4479576578248128,-0.6973995360915222,0.12845459101028067,0.5103044165810956,323.0,0.2637760284408329,0.019851142675615163,0.06578063764070152,-0.04592949496508636,-0.40930050403687557,-0.6178854622674462,0.048500166698613914,0.22568770262991886,173.0,0.2295788939624556,0.0966869574474345,0.11690447530430803,-0.020217517856873535,-0.18818416912941938,-0.5704598797629161,0.5137890073045424,0.7675911467126989,150.0,0.29789126016260165,0.0320784816447485
399006,ladder,ad20,off,"{'strategy': 'ladder', 'indicator': 'ad20', 'n_bands': 5, 'direction': 'contrarian', 'edge_mode': 'fixed', 'low_edge': 30.0, 'high_edge': 70.0, 'gate_cap': 0.0}",0.05876262721573444,0.08971447565808255,-0.030951848442348107,-0.40580127358281703,-0.6973995360915222,0.14480641397923558,0.41542237343537247,703.0,0.5406297613001524,0.04248120594055371,0.06578063764070152,-0.02329943170014781,-0.40580127358281703,-0.6178854622674462,0.10468475262654402,0.3250651911210251,373.0,0.5128107559614409,0.07726869020810168,0.11690447530430803,-0.039635785096206355,-0.3671182548903089,-0.5704598797629161,0.2104735713324546,0.5180286680275008,331.0,0.5682164634146342,0.03935145652628537
399006,ladder,ad20,ma200,"{'strategy': 'ladder', 'indicator': 'ad20', 'n_bands': 5, 'direction': 'contrarian', 'edge_mode': 'fixed', 'low_edge': 30.0, 'high_edge': 70.0, 'gate_cap': 0.0}",0.051211444545139706,0.08971447565808255,-0.03850303111294284,-0.42032434142108666,-0.6973995360915222,0.12183792252429983,0.4593432269376664,432.0,0.263268156424581,0.027069026526980622,0.06578063764070152,-0.0387116111137209,-0.35576071920383645,-0.6178854622674462,0.07608773275351731,0.28439566871473854,215.0,0.21993911719939116,0.07595948425806753,0.11690447530430803,-0.0409449910462405,-0.20033290811931548,-0.5704598797629161,0.37916628361840143,0.616984613727905,217.0,0.30652947154471544,0.02563335034195423
399006,ladder,ad20,off,"{'strategy': 'ladder', 'indicator': 'ad20', 'n_bands': 5, 'direction': 'contrarian', 'edge_mode': 'fixed', 'low_edge': 40.0, 'high_edge': 60.0, 'gate_cap': 0.0}",0.062065910219754716,0.08971447565808255,-0.027648565438327832,-0.46658921276275156,-0.6973995360915222,0.1330204568002167,0.40058765107856664,1142.0,0.5803707465718639,0.0419081559281933,0.06578063764070152,-0.02387248171250822,-0.4432183386263252,-0.6178854622674462,0.0945542011146922,0.3055374047937628,596.0,0.5254946727549468,0.0852850324315757,0.11690447530430803,-0.03161944287273233,-0.4665892127627502,-0.5704598797629161,0.18278397806625066,0.5072197332424325,546.0,0.635035569105691,0.03661904345708998
399006,ladder,ad20,ma200,"{'strategy': 'ladder', 'indicator': 'ad20', 'n_bands': 5, 'direction': 'contrarian', 'edge_mode': 'fixed', 'low_edge': 40.0, 'high_edge': 60.0, 'gate_cap': 0.0}",0.06747870706028247,0.08971447565808255,-0.022235768597800076,-0.4029309655862422,-0.6973995360915222,0.16746964821158558,0.5317710099700733,692.0,0.2669502285424073,0.037256081257027285,0.06578063764070152,-0.028524556383674238,-0.33482550816081125,-0.6178854622674462,0.11127014026402611,0.35027741283459474,351.0,0.20154743784880771,0.09863005538187974,0.11690447530430803,-0.018274419922428287,-0.2496241467670367,-0.5704598797629161,0.39511424138758044,0.6862947808556631,341.0,0.3323170731707317,0.05364639812595418
399006,reversal,ad20,off,"{'strategy': 'reversal', 'indicator': 'ad20', 'low_extreme': 20.0, 'high_extreme': 80.0, 'confirm': 3.0, 'batch_mode': 'time', 'batches': 3, 'gate_cap': 0.0}",0.0,0.08971447565808255,-0.08971447565808255,0.0,-0.6973995360915222,0.0,0.0,0.0,0.0,0.0,0.06578063764070152,-0.06578063764070152,0.0,-0.6178854622674462,0.0,0.0,0.0,0.0,0.0,0.11690447530430803,-0.11690447530430803,0.0,-0.5704598797629161,0.0,0.0,0.0,0.0,-0.05382868539484953
399006,reversal,ad20,ma200,"{'strategy': 'reversal', 'indicator': 'ad20', 'low_extreme': 20.0, 'high_extreme': 80.0, 'confirm': 3.0, 'batch_mode': 'time', 'batches': 3, 'gate_cap': 0.0}",0.0,0.08971447565808255,-0.08971447565808255,0.0,-0.6973995360915222,0.0,0.0,0.0,0.0,0.0,0.06578063764070152,-0.06578063764070152,0.0,-0.6178854622674462,0.0,0.0,0.0,0.0,0.0,0.11690447530430803,-0.11690447530430803,0.0,-0.5704598797629161,0.0,0.0,0.0,0.0,-0.05382868539484953
399006,reversal,ad20,off,"{'strategy': 'reversal', 'indicator': 'ad20', 'low_extreme': 20.0, 'high_extreme': 80.0, 'confirm': 3.0, 'batch_mode': 'time', 'batches': 5, 'gate_cap': 0.0}",0.0,0.08971447565808255,-0.08971447565808255,0.0,-0.6973995360915222,0.0,0.0,0.0,0.0,0.0,0.06578063764070152,-0.06578063764070152,0.0,-0.6178854622674462,0.0,0.0,0.0,0.0,0.0,0.11690447530430803,-0.11690447530430803,0.0,-0.5704598797629161,0.0,0.0,0.0,0.0,-0.05382868539484953
399006,reversal,ad20,ma200,"{'strategy': 'reversal', 'indicator': 'ad20', 'low_extreme': 20.0, 'high_extreme': 80.0, 'confirm': 3.0, 'batch_mode': 'time', 'batches': 5, 'gate_cap': 0.0}",0.0,0.08971447565808255,-0.08971447565808255,0.0,-0.6973995360915222,0.0,0.0,0.0,0.0,0.0,0.06578063764070152,-0.06578063764070152,0.0,-0.6178854622674462,0.0,0.0,0.0,0.0,0.0,0.11690447530430803,-0.11690447530430803,0.0,-0.5704598797629161,0.0,0.0,0.0,0.0,-0.05382868539484953
399006,reversal,ad20,off,"{'strategy': 'reversal', 'indicator': 'ad20', 'low_extreme': 20.0, 'high_extreme': 80.0, 'confirm': 5.0, 'batch_mode': 'time', 'batches': 3, 'gate_cap': 0.0}",0.0,0.08971447565808255,-0.08971447565808255,0.0,-0.6973995360915222,0.0,0.0,0.0,0.0,0.0,0.06578063764070152,-0.06578063764070152,0.0,-0.6178854622674462,0.0,0.0,0.0,0.0,0.0,0.11690447530430803,-0.11690447530430803,0.0,-0.5704598797629161,0.0,0.0,0.0,0.0,-0.05382868539484953
399006,reversal,ad20,ma200,"{'strategy': 'reversal', 'indicator': 'ad20', 'low_extreme': 20.0, 'high_extreme': 80.0, 'confirm': 5.0, 'batch_mode': 'time', 'batches': 3, 'gate_cap': 0.0}",0.0,0.08971447565808255,-0.08971447565808255,0.0,-0.6973995360915222,0.0,0.0,0.0,0.0,0.0,0.06578063764070152,-0.06578063764070152,0.0,-0.6178854622674462,0.0,0.0,0.0,0.0,0.0,0.11690447530430803,-0.11690447530430803,0.0,-0.5704598797629161,0.0,0.0,0.0,0.0,-0.05382868539484953
399006,reversal,ad20,off,"{'strategy': 'reversal', 'indicator': 'ad20', 'low_extreme': 20.0, 'high_extreme': 80.0, 'confirm': 5.0, 'batch_mode': 'time', 'batches': 5, 'gate_cap': 0.0}",0.0,0.08971447565808255,-0.08971447565808255,0.0,-0.6973995360915222,0.0,0.0,0.0,0.0,0.0,0.06578063764070152,-0.06578063764070152,0.0,-0.6178854622674462,0.0,0.0,0.0,0.0,0.0,0.11690447530430803,-0.11690447530430803,0.0,-0.5704598797629161,0.0,0.0,0.0,0.0,-0.05382868539484953
399006,reversal,ad20,ma200,"{'strategy': 'reversal', 'indicator': 'ad20', 'low_extreme': 20.0, 'high_extreme': 80.0, 'confirm': 5.0, 'batch_mode': 'time', 'batches': 5, 'gate_cap': 0.0}",0.0,0.08971447565808255,-0.08971447565808255,0.0,-0.6973995360915222,0.0,0.0,0.0,0.0,0.0,0.06578063764070152,-0.06578063764070152,0.0,-0.6178854622674462,0.0,0.0,0.0,0.0,0.0,0.11690447530430803,-0.11690447530430803,0.0,-0.5704598797629161,0.0,0.0,0.0,0.0,-0.05382868539484953
399006,reversal,ad20,off,"{'strategy': 'reversal', 'indicator': 'ad20', 'low_extreme': 30.0, 'high_extreme': 70.0, 'confirm': 3.0, 'batch_mode': 'time', 'batches': 3, 'gate_cap': 0.0}",0.0,0.08971447565808255,-0.08971447565808255,0.0,-0.6973995360915222,0.0,0.0,0.0,0.0,0.0,0.06578063764070152,-0.06578063764070152,0.0,-0.6178854622674462,0.0,0.0,0.0,0.0,0.0,0.11690447530430803,-0.11690447530430803,0.0,-0.5704598797629161,0.0,0.0,0.0,0.0,-0.05382868539484953
399006,reversal,ad20,ma200,"{'strategy': 'reversal', 'indicator': 'ad20', 'low_extreme': 30.0, 'high_extreme': 70.0, 'confirm': 3.0, 'batch_mode': 'time', 'batches': 3, 'gate_cap': 0.0}",0.0,0.08971447565808255,-0.08971447565808255,0.0,-0.6973995360915222,0.0,0.0,0.0,0.0,0.0,0.06578063764070152,-0.06578063764070152,0.0,-0.6178854622674462,0.0,0.0,0.0,0.0,0.0,0.11690447530430803,-0.11690447530430803,0.0,-0.5704598797629161,0.0,0.0,0.0,0.0,-0.05382868539484953
399006,reversal,ad20,off,"{'strategy': 'reversal', 'indicator': 'ad20', 'low_extreme': 30.0, 'high_extreme': 70.0, 'confirm': 3.0, 'batch_mode': 'time', 'batches': 5, 'gate_cap': 0.0}",0.0,0.08971447565808255,-0.08971447565808255,0.0,-0.6973995360915222,0.0,0.0,0.0,0.0,0.0,0.06578063764070152,-0.06578063764070152,0.0,-0.6178854622674462,0.0,0.0,0.0,0.0,0.0,0.11690447530430803,-0.11690447530430803,0.0,-0.5704598797629161,0.0,0.0,0.0,0.0,-0.05382868539484953
399006,reversal,ad20,ma200,"{'strategy': 'reversal', 'indicator': 'ad20', 'low_extreme': 30.0, 'high_extreme': 70.0, 'confirm': 3.0, 'batch_mode': 'time', 'batches': 5, 'gate_cap': 0.0}",0.0,0.08971447565808255,-0.08971447565808255,0.0,-0.6973995360915222,0.0,0.0,0.0,0.0,0.0,0.06578063764070152,-0.06578063764070152,0.0,-0.6178854622674462,0.0,0.0,0.0,0.0,0.0,0.11690447530430803,-0.11690447530430803,0.0,-0.5704598797629161,0.0,0.0,0.0,0.0,-0.05382868539484953
399006,reversal,ad20,off,"{'strategy': 'reversal', 'indicator': 'ad20', 'low_extreme': 30.0, 'high_extreme': 70.0, 'confirm': 5.0, 'batch_mode': 'time', 'batches': 3, 'gate_cap': 0.0}",0.0,0.08971447565808255,-0.08971447565808255,0.0,-0.6973995360915222,0.0,0.0,0.0,0.0,0.0,0.06578063764070152,-0.06578063764070152,0.0,-0.6178854622674462,0.0,0.0,0.0,0.0,0.0,0.11690447530430803,-0.11690447530430803,0.0,-0.5704598797629161,0.0,0.0,0.0,0.0,-0.05382868539484953
399006,reversal,ad20,ma200,"{'strategy': 'reversal', 'indicator': 'ad20', 'low_extreme': 30.0, 'high_extreme': 70.0, 'confirm': 5.0, 'batch_mode': 'time', 'batches': 3, 'gate_cap': 0.0}",0.0,0.08971447565808255,-0.08971447565808255,0.0,-0.6973995360915222,0.0,0.0,0.0,0.0,0.0,0.06578063764070152,-0.06578063764070152,0.0,-0.6178854622674462,0.0,0.0,0.0,0.0,0.0,0.11690447530430803,-0.11690447530430803,0.0,-0.5704598797629161,0.0,0.0,0.0,0.0,-0.05382868539484953
399006,reversal,ad20,off,"{'strategy': 'reversal', 'indicator': 'ad20', 'low_extreme': 30.0, 'high_extreme': 70.0, 'confirm': 5.0, 'batch_mode': 'time', 'batches': 5, 'gate_cap': 0.0}",0.0,0.08971447565808255,-0.08971447565808255,0.0,-0.6973995360915222,0.0,0.0,0.0,0.0,0.0,0.06578063764070152,-0.06578063764070152,0.0,-0.6178854622674462,0.0,0.0,0.0,0.0,0.0,0.11690447530430803,-0.11690447530430803,0.0,-0.5704598797629161,0.0,0.0,0.0,0.0,-0.05382868539484953
399006,reversal,ad20,ma200,"{'strategy': 'reversal', 'indicator': 'ad20', 'low_extreme': 30.0, 'high_extreme': 70.0, 'confirm': 5.0, 'batch_mode': 'time', 'batches': 5, 'gate_cap': 0.0}",0.0,0.08971447565808255,-0.08971447565808255,0.0,-0.6973995360915222,0.0,0.0,0.0,0.0,0.0,0.06578063764070152,-0.06578063764070152,0.0,-0.6178854622674462,0.0,0.0,0.0,0.0,0.0,0.11690447530430803,-0.11690447530430803,0.0,-0.5704598797629161,0.0,0.0,0.0,0.0,-0.05382868539484953
399006,reversal,ad20,off,"{'strategy': 'reversal', 'indicator': 'ad20', 'low_extreme': 40.0, 'high_extreme': 60.0, 'confirm': 3.0, 'batch_mode': 'time', 'batches': 3, 'gate_cap': 0.0}",0.09395076406668368,0.08971447565808255,0.00423628840860113,-0.5489147637279785,-0.6973995360915222,0.17115729121332604,0.5100771428205976,69.0,0.5723717623158964,0.05235329998223848,0.06578063764070152,-0.013427337658463045,-0.34367401803100217,-0.6178854622674462,0.15233418075123673,0.3991777573016032,45.0,0.32978183663115174,0.13999611048898664,0.11690447530430803,0.023091635184678605,-0.5489147637279785,-0.5704598797629161,0.2550416198285449,0.6113313825806135,25.0,0.8150406504065041,0.07100468953049109
399006,reversal,ad20,ma200,"{'strategy': 'reversal', 'indicator': 'ad20', 'low_extreme': 40.0, 'high_extreme': 60.0, 'confirm': 3.0, 'batch_mode': 'time', 'batches': 3, 'gate_cap': 0.0}",0.07034314233400463,0.08971447565808255,-0.019371333324077922,-0.269152013588538,-0.6973995360915222,0.2613509793077031,0.4735445668926322,88.0,0.297866937531742,0.010756790783858827,0.06578063764070152,-0.055023846856842695,-0.23494538034563206,-0.6178854622674462,0.04578421915780737,0.15265666749999493,49.0,0.13191273465246073,0.13354126468645666,0.11690447530430803,0.01663678938214863,-0.2691520135885379,-0.5704598797629161,0.4961555475880848,0.6713677846486378,39.0,0.4639227642276423,0.09291759172863451
399006,reversal,ad20,off,"{'strategy': 'reversal', 'indicator': 'ad20', 'low_extreme': 40.0, 'high_extreme': 60.0, 'confirm': 3.0, 'batch_mode': 'time', 'batches': 5, 'gate_cap': 0.0}",0.09614106820922452,0.08971447565808255,0.006426592551141974,-0.5445649177425156,-0.6973995360915222,0.1765465697051798,0.5191679495009536,115.0,0.5721178263077704,0.05071896613296256,0.06578063764070152,-0.01506167150773896,-0.3326489142551178,-0.6178854622674462,0.15246995844412936,0.39083205479535404,75.0,0.32927447995941145,0.14635219397142252,0.11690447530430803,0.029447718667114486,-0.5445649177425154,-0.5704598797629161,0.2687506837166872,0.6311388252137823,41.0,0.8150406504065041,0.0744745834127571
399006,reversal,ad20,ma200,"{'strategy': 'reversal', 'indicator': 'ad20', 'low_extreme': 40.0, 'high_extreme': 60.0, 'confirm': 3.0, 'batch_mode': 'time', 'batches': 5, 'gate_cap': 0.0}",0.0707776979897905,0.08971447565808255,-0.01893677766829205,-0.2691520135885379,-0.6973995360915222,0.26296551545771024,0.4757222396845754,112.0,0.2983748095479939,0.006565024078994952,0.06578063764070152,-0.05921561356170657,-0.23361256827056098,-0.6178854622674462,0.028102186999594974,0.11482790466997235,65.0,0.13292744799594114,0.13919418885684598,0.11690447530430803,0.02228971355253795,-0.2691520135885379,-0.5704598797629161,0.5171582668136268,0.6930884718247696,47.0,0.4639227642276423,0.09382413958210888
399006,reversal,ad20,off,"{'strategy': 'reversal', 'indicator': 'ad20', 'low_extreme': 40.0, 'high_extreme': 60.0, 'confirm': 5.0, 'batch_mode': 'time', 'batches': 3, 'gate_cap': 0.0}",0.08458304985797449,0.08971447565808255,-0.005131425800108058,-0.5394995567594669,-0.6973995360915222,0.15678057340033258,0.4714146775341589,69.0,0.5647536820721178,0.02898133210145004,0.06578063764070152,-0.03679930553925148,-0.32146727269173736,-0.6178854622674462,0.09015328950527705,0.25798594870820457,42.0,0.31861998985286655,0.143281005298719,0.11690447530430803,0.02637652999441098,-0.5394995567594666,-0.5704598797629161,0.265581321622105,0.6216989923974743,27.0,0.8109756097560976,0.059633373880068195
399006,reversal,ad20,ma200,"{'strategy': 'reversal', 'indicator': 'ad20', 'low_extreme': 40.0, 'high_extreme': 60.0, 'confirm': 5.0, 'batch_mode': 'time', 'batches': 3, 'gate_cap': 0.0}",0.059705169037079786,0.08971447565808255,-0.030009306621002763,-0.35593013357171277,-0.6973995360915222,0.16774406942718267,0.4137100409496222,88.0,0.3013373963094634,-0.01094598441164396,0.06578063764070152,-0.07672662205234548,-0.34339286812070746,-0.6178854622674462,-0.031875980626936876,-0.03537489314090233,49.0,0.14036867918146462,0.13552263740548853,0.11690447530430803,0.018618162101180502,-0.27497164766437043,-0.5704598797629161,0.49286040417849575,0.6786638683301272,39.0,0.46239837398373984,0.04909204379827141
399006,reversal,ad20,off,"{'strategy': 'reversal', 'indicator': 'ad20', 'low_extreme': 40.0, 'high_extreme': 60.0, 'confirm': 5.0, 'batch_mode': 'time', 'batches': 5, 'gate_cap': 0.0}",0.08282143444852497,0.08971447565808255,-0.006893041209557582,-0.5337396835581296,-0.6973995360915222,0.15517196303711767,0.46412169038216156,115.0,0.5644997460639919,0.020221387659088208,0.06578063764070152,-0.045559249981613315,-0.3306065267225211,-0.6178854622674462,0.06116451438377098,0.20505366226363167,70.0,0.31861998985286655,0.14936696048757225,0.11690447530430803,0.03246248518326422,-0.5337396835581294,-0.5704598797629161,0.27984983146059206,0.6409314634766167,45.0,0.8104674796747967,0.05793296048911252
399006,reversal,ad20,ma200,"{'strategy': 'reversal', 'indicator': 'ad20', 'low_extreme': 40.0, 'high_extreme': 60.0, 'confirm': 5.0, 'batch_mode': 'time', 'batches': 5, 'gate_cap': 0.0}",0.05751822508504856,0.08971447565808255,-0.03219625057303399,-0.3982808557418026,-0.6973995360915222,0.14441624360257088,0.40171367147647374,112.0,0.3016759776536313,-0.02092715094476727,0.06578063764070152,-0.08670778858546879,-0.38804512985600303,-0.6178854622674462,-0.05392968326269932,-0.12083634734589285,65.0,0.14104515474378487,0.14238308971326963,0.11690447530430803,0.025478614408961597,-0.2691520135885378,-0.5704598797629161,0.5290062214839518,0.7051199942903718,47.0,0.46239837398373984,0.038448747097207955
^GSPC,ladder,ad,off,"{'strategy': 'ladder', 'indicator': 'ad', 'n_bands': 3, 'direction': 'momentum', 'edge_mode': 'fixed', 'low_edge': 20.0, 'high_edge': 80.0, 'gate_cap': 0.0}",0.047964531652701314,0.1002278715518341,-0.05226333989913279,-0.44131982118285173,-0.5677538774277282,0.10868429050873789,0.4695153505441819,6148.0,0.49076503305698393,0.07893730290568013,0.09683473403082998,-0.017897431125149854,-0.3042925097537291,-0.4914694789846553,0.25941257301918436,0.8508033639682949,2991.0,0.4383375209380235,0.012031576845606962,0.0918644925788974,-0.07983291573329043,-0.36905786993067236,-0.5677538774277282,0.032600786559211156,0.15770985034512836,3158.0,0.5433410477593099,0.01211571226401549
^GSPC,ladder,ad,ma200,"{'strategy': 'ladder', 'indicator': 'ad', 'n_bands': 3, 'direction': 'momentum', 'edge_mode': 'fixed', 'low_edge': 20.0, 'high_edge': 80.0, 'gate_cap': 0.0}",0.03736716936324447,0.1002278715518341,-0.06286070218858963,-0.2800448134308198,-0.5677538774277282,0.13343282064559778,0.53377935407835,4795.0,0.3788435302759996,0.06112003700679991,0.09683473403082998,-0.03571469702403007,-0.1688885873869591,-0.4914694789846553,0.3618956020205268,0.9370111256110133,2224.0,0.3239112227805695,0.008347661070987389,0.0918644925788974,-0.08351683150791,-0.27945718364204597,-0.5677538774277282,0.02987098403482026,0.14655979397202257,2572.0,0.4339364611824111,0.015656706945085336
^GSPC,ladder,ad,off,"{'strategy': 'ladder', 'indicator': 'ad', 'n_bands': 3, 'direction': 'momentum', 'edge_mode': 'fixed', 'low_edge': 30.0, 'high_edge': 70.0, 'gate_cap': 0.0}",0.04305067017256459,0.1002278715518341,-0.057177201379269516,-0.5084557091926607,-0.5677538774277282,0.0846694596878882,0.42494776408852825,6049.0,0.4860950781823906,0.07543825681930039,0.09683473403082998,-0.021396477211529596,-0.3302617888780165,-0.4914694789846553,0.2284195730774165,0.8106710970186478,3008.0,0.42567001675041877,0.00581426474864144,0.0918644925788974,-0.08605022783025595,-0.4070309628298001,-0.5677538774277282,0.014284576063253137,0.1094883330301107,3040.0,0.5468125394487692,-0.0004385369524064278
^GSPC,ladder,ad,ma200,"{'strategy': 'ladder', 'indicator': 'ad', 'n_bands': 3, 'direction': 'momentum', 'edge_mode': 'fixed', 'low_edge': 30.0, 'high_edge': 70.0, 'gate_cap': 0.0}",0.03578837307823379,0.1002278715518341,-0.06443949847360031,-0.32418192212726016,-0.5677538774277282,0.11039595558997514,0.5058687095214541,4782.0,0.37448840381991816,0.06254425213834747,0.09683473403082998,-0.034290481892482516,-0.18522149283683487,-0.4914694789846553,0.33767275698098326,0.9523075859225,2274.0,0.31208123953098826,0.0039163464632532285,0.0918644925788974,-0.08794814611564417,-0.30913088898033103,-0.5677538774277282,0.012668893995586487,0.0890711824307266,2507.0,0.4371975594361456,0.005494683151829875
^GSPC,ladder,ad,off,"{'strategy': 'ladder', 'indicator': 'ad', 'n_bands': 3, 'direction': 'momentum', 'edge_mode': 'fixed', 'low_edge': 40.0, 'high_edge': 60.0, 'gate_cap': 0.0}",0.04591814204097422,0.1002278715518341,-0.05430972951085988,-0.5802387049026227,-0.5677538774277282,0.07913664092553138,0.43934664722177186,5604.0,0.4843635218805751,0.074455701775759,0.09683473403082998,-0.022379032255070985,-0.39310460575682615,-0.4914694789846553,0.18940429769936903,0.7776632848420764,2768.0,0.4199120603015075,0.012295438349218646,0.0918644925788974,-0.07956905422967875,-0.45864490851103057,-0.5677538774277282,0.02680818672801845,0.15867421379328941,2835.0,0.5491268672417421,-0.0009311813363033772
^GSPC,ladder,ad,ma200,"{'strategy': 'ladder', 'indicator': 'ad', 'n_bands': 3, 'direction': 'momentum', 'edge_mode': 'fixed', 'low_edge': 40.0, 'high_edge': 60.0, 'gate_cap': 0.0}",0.04031355742095477,0.1002278715518341,-0.05991431413087933,-0.3407898634186879,-0.5677538774277282,0.11829447336415141,0.5524769306551879,4457.0,0.37312414733969984,0.07071904729109768,0.09683473403082998,-0.026115686739732302,-0.16552365716127437,-0.4914694789846553,0.42724434986470916,1.0319532014762791,2099.0,0.30778894472361806,0.00496035238564474,0.0918644925788974,-0.08690414019325265,-0.34078986341868767,-0.5677538774277282,0.014555457535867343,0.10184550140497935,2357.0,0.4387755102040816,0.011369200867132973
^GSPC,ladder,ad,off,"{'strategy': 'ladder', 'indicator': 'ad', 'n_bands': 5, 'direction': 'momentum', 'edge_mode': 'fixed', 'low_edge': 20.0, 'high_edge': 80.0, 'gate_cap': 0.0}",0.042609704154733974,0.1002278715518341,-0.05761816739710013,-0.43884125560548104,-0.5677538774277282,0.09709593984262993,0.43574385532980897,7464.0,0.49063385454927066,0.06715845392830122,0.09683473403082998,-0.029676280102528763,-0.3154133224169997,-0.4914694789846553,0.21292205862982788,0.778367217420403,3744.0,0.4390180067001675,0.01279166255741937,0.0918644925788974,-0.07907283002147802,-0.35157177814186524,-0.5677538774277282,0.03638421327509887,0.1643998544633274,3719.0,0.5424468756574795,0.004267475498791896
^GSPC,ladder,ad,ma200,"{'strategy': 'ladder', 'indicator': 'ad', 'n_bands': 5, 'direction': 'momentum', 'edge_mode': 'fixed', 'low_edge': 20.0, 'high_edge': 80.0, 'gate_cap': 0.0}",0.03543013066796985,0.1002278715518341,-0.06479774088386425,-0.2508122257297909,-0.5677538774277282,0.14126157752030802,0.5253241856708306,5858.0,0.37871235176828627,0.05504999956945422,0.09683473403082998,-0.04178473446137576,-0.15476122348437615,-0.4914694789846553,0.35570925539375675,0.900363592591204,2823.0,0.32521984924623115,0.01037568682180523,0.0918644925788974,-0.08148880575709216,-0.250812225729791,-0.5677538774277282,0.04136834554860706,0.17506930905210402,3034.0,0.43241110877340627,0.01762598647780466
^GSPC,ladder,ad,off,"{'strategy': 'ladder', 'indicator': 'ad', 'n_bands': 5, 'direction': 'momentum', 'edge_mode': 'fixed', 'low_edge': 30.0, 'high_edge': 70.0, 'gate_cap': 0.0}",0.04603843885859216,0.1002278715518341,-0.054189432693241946,-0.5016296858117955,-0.5677538774277282,0.09177773995589476,0.4554176974607817,7149.0,0.48832511281351665,0.07422604100661201,0.09683473403082998,-0.022608693024217974,-0.34024201168722457,-0.4914694789846553,0.21815660164520198,0.8204821150204535,3620.0,0.4309568676716918,0.012741107908049942,0.0918644925788974,-0.07912338467084745,-0.4006151634742131,-0.5677538774277282,0.031803858340150086,0.1631514693440952,3528.0,0.5459183673469388,0.004197436366412746
^GSPC,ladder,ad,ma200,"{'strategy': 'ladder', 'indicator': 'ad', 'n_bands': 5, 'direction': 'momentum', 'edge_mode': 'fixed', 'low_edge': 30.0, 'high_edge': 70.0, 'gate_cap': 0.0}",0.03803405124499726,0.1002278715518341,-0.062193820306836844,-0.29581709239565424,-0.5677538774277282,0.12857286553992242,0.5458814089564605,5649.0,0.37658725994333087,0.06358076624525921,0.09683473403082998,-0.03325396778557077,-0.15801642453986942,-0.4914694789846553,0.40236808566198784,0.9934370085372473,2740.0,0.3175251256281407,0.0072925873967166766,0.0918644925788974,-0.08457190518218072,-0.29581709239565446,-0.5677538774277282,0.024652353039028803,0.1327834626718473,2908.0,0.43588260046286553,0.014112854031866871
^GSPC,ladder,ad,off,"{'strategy': 'ladder', 'indicator': 'ad', 'n_bands': 5, 'direction': 'momentum', 'edge_mode': 'fixed', 'low_edge': 40.0, 'high_edge': 60.0, 'gate_cap': 0.0}",0.04599566196249638,0.1002278715518341,-0.05423220958933772,-0.5195373291656767,-0.5677538774277282,0.0885319675418909,0.4396841371139688,6293.0,0.48459964319445903,0.07582715036188326,0.09683473403082998,-0.021007583668946728,-0.34210487175716664,-0.4914694789846553,0.22164884695271744,0.8049266929346873,3171.0,0.4204355108877722,0.008513612932678383,0.0918644925788974,-0.08335087964621901,-0.44356135205387504,-0.5677538774277282,0.019193766303706995,0.13032648054153304,3121.0,0.5490742688828109,0.0028734612631537287
^GSPC,ladder,ad,ma200,"{'strategy': 'ladder', 'indicator': 'ad', 'n_bands': 5, 'direction': 'momentum', 'edge_mode': 'fixed', 'low_edge': 40.0, 'high_edge': 60.0, 'gate_cap': 0.0}",0.038686005965028025,0.1002278715518341,-0.06154186558680608,-0.330418851102643,-0.5677538774277282,0.11708171563434921,0.5217963699066079,5001.0,0.3737013327736384,0.06496150961562397,0.09683473403082998,-0.031873224415206014,-0.1793540121088617,-0.4914694789846553,0.3621971365557999,0.9738346244442253,2418.0,0.30878350083752093,0.004627596095212239,0.0918644925788974,-0.08723689648368516,-0.33041885110264313,-0.5677538774277282,0.014005242375758691,0.09783690795825557,2582.0,0.43893330528087526,0.009907566901656041
^GSPC,reversal,ad,off,"{'strategy': 'reversal', 'indicator': 'ad', 'low_extreme': 20.0, 'high_extreme': 80.0, 'confirm': 3.0, 'batch_mode': 'time', 'batches': 3, 'gate_cap': 0.0}",0.07924357406292803,0.1002278715518341,-0.020984297488906067,-0.3821369277945128,-0.5677538774277282,0.20736957959095706,0.656276338510687,1949.0,0.5129604365620737,0.11319348204705881,0.09683473403082998,0.01635874801622883,-0.3569559524550795,-0.4914694789846553,0.3171077026970252,0.8782930590930983,666.0,0.7064489112227805,0.0461890090660384,0.0918644925788974,-0.045675483512858994,-0.3279874733345274,-0.5677538774277282,0.14082552786681704,0.4222543181318854,1283.0,0.31853566168735536,0.07035725334303919
^GSPC,reversal,ad,ma200,"{'strategy': 'reversal', 'indicator': 'ad', 'low_extreme': 20.0, 'high_extreme': 80.0, 'confirm': 3.0, 'batch_mode': 'time', 'batches': 3, 'gate_cap': 0.0}",0.054239643757725275,0.1002278715518341,-0.04598822779410883,-0.21127127343359708,-0.5677538774277282,0.2567298567203122,0.6636547586153817,1466.0,0.37737433098961065,0.0793931060408295,0.09683473403082998,-0.017441627990000486,-0.16153433068656553,-0.4914694789846553,0.49149370108129253,0.831946556809992,520.0,0.533500837520938,0.029566280620043184,0.0918644925788974,-0.06229821195885421,-0.21127127343359786,-0.5677538774277282,0.13994463203411234,0.4499730649527222,946.0,0.22049232063959603,0.07509900601165957
^GSPC,reversal,ad,off,"{'strategy': 'reversal', 'indicator': 'ad', 'low_extreme': 20.0, 'high_extreme': 80.0, 'confirm': 3.0, 'batch_mode': 'time', 'batches': 5, 'gate_cap': 0.0}",0.08209592680406463,0.1002278715518341,-0.01813194474776947,-0.3629260237719826,-0.5677538774277282,0.22620567671290354,0.6993025136474659,2653.0,0.4951621366355336,0.1073570426092727,0.09683473403082998,0.010522308578442718,-0.3629260237719826,-0.4914694789846553,0.295809712110153,0.8406292217023544,980.0,0.7001675041876047,0.057310527924365084,0.0918644925788974,-0.03455396465453231,-0.28627642635621375,-0.5677538774277282,0.20019296961969754,0.540598470601266,1673.0,0.28916473806017257,0.07960310383649974
^GSPC,reversal,ad,ma200,"{'strategy': 'reversal', 'indicator': 'ad', 'low_extreme': 20.0, 'high_extreme': 80.0, 'confirm': 3.0, 'batch_mode': 'time', 'batches': 5, 'gate_cap': 0.0}",0.05404215291925052,0.1002278715518341,-0.04618571863258358,-0.21708254615957978,-0.5677538774277282,0.24894748046452125,0.6939783728206913,1944.0,0.36421450309581277,0.07711225632556107,0.09683473403082998,-0.019722477705268915,-0.14980475698182127,-0.4914694789846553,0.5147517200332871,0.8278168905887376,731.0,0.5266331658291457,0.031369514259363296,0.0918644925788974,-0.0604949783195341,-0.21708254615958011,-0.5677538774277282,0.1445050042682988,0.5267078030252426,1213.0,0.2010098884914791,0.07186756100625837
^GSPC,reversal,ad,off,"{'strategy': 'reversal', 'indicator': 'ad', 'low_extreme': 20.0, 'high_extreme': 80.0, 'confirm': 5.0, 'batch_mode': 'time', 'batches': 3, 'gate_cap': 0.0}",0.07816579411211699,0.1002278715518341,-0.02206207743971711,-0.3821369277945126,-0.5677538774277282,0.20454917707965997,0.6475552301859117,1945.0,0.5131003603036346,0.11374766397196479,0.09683473403082998,0.016912929941134802,-0.3569559524550795,-0.4914694789846553,0.31866022457288806,0.8825474304670534,668.0,0.7052624232272474,0.043573205326038034,0.0918644925788974,-0.04829128725285936,-0.3279874733345274,-0.5677538774277282,0.13285021187865917,0.40104766720129725,1277.0,0.320008415737429,0.06858242436803373
^GSPC,reversal,ad,ma200,"{'strategy': 'reversal', 'indicator': 'ad', 'low_extreme': 20.0, 'high_extreme': 80.0, 'confirm': 5.0, 'batch_mode': 'time', 'batches': 3, 'gate_cap': 0.0}",0.054071177181206576,0.1002278715518341,-0.04615669437062753,-0.21127127343359708,-0.5677538774277282,0.25593246210162707,0.6620129767640193,1464.0,0.3768845978941477,0.07993046109984059,0.09683473403082998,-0.016904272930989395,-0.1615343306865652,-0.4914694789846553,0.49482026984675154,0.8379170650161115,522.0,0.5323143495254048,0.02872181989693212,0.0918644925788974,-0.06314267268196527,-0.21127127343359786,-0.5677538774277282,0.1359475873370893,0.43791267071378365,942.0,0.22070271407532085,0.07467896821827431
^GSPC,reversal,ad,off,"{'strategy': 'reversal', 'indicator': 'ad', 'low_extreme': 20.0, 'high_extreme': 80.0, 'confirm': 5.0, 'batch_mode': 'time', 'batches': 5, 'gate_cap': 0.0}",0.07993949965807268,0.1002278715518341,-0.020288371893761425,-0.3629260237719827,-0.5677538774277282,0.22026389517963213,0.6809124213126874,2645.0,0.4960646447686012,0.1079530721272004,0.09683473403082998,0.011118338096370417,-0.3629260237719827,-0.4914694789846553,0.29745200138919936,0.8451459624898765,982.0,0.6991206030150754,0.052520791856606186,0.0918644925788974,-0.03934370072229121,-0.28627642635621375,-0.5677538774277282,0.18346181180581933,0.49736618384628944,1663.0,0.29202608878602987,0.075932534935596
^GSPC,reversal,ad,ma200,"{'strategy': 'reversal', 'indicator': 'ad', 'low_extreme': 20.0, 'high_extreme': 80.0, 'confirm': 5.0, 'batch_mode': 'time', 'batches': 5, 'gate_cap': 0.0}",0.05392613305318128,0.1002278715518341,-0.04630173849865282,-0.21708254615958,-0.5677538774277282,0.2484130300072099,0.6935010867800598,1936.0,0.3631230979116381,0.07769200673504018,0.09683473403082998,-0.019142727295789808,-0.1498047569818226,-0.4914694789846553,0.5186217600851445,0.8343104092597822,733.0,0.5255862646566164,0.03058451235573889,0.0918644925788974,-0.0612799802231585,-0.21708254615958011,-0.5677538774277282,0.14088885954587907,0.5154994956618565,1203.0,0.19987376393856515,0.07158416890369228
^GSPC,reversal,ad,off,"{'strategy': 'reversal', 'indicator': 'ad', 'low_extreme': 30.0, 'high_extreme': 70.0, 'confirm': 3.0, 'batch_mode': 'time', 'batches': 3, 'gate_cap': 0.0}",0.06807921295526542,0.1002278715518341,-0.03214865859656868,-0.3591353126793744,-0.5677538774277282,0.18956424097466731,0.6203534912473792,3398.0,0.46104872844299855,0.09378728669089353,0.09683473403082998,-0.003047447339936449,-0.3591353126793744,-0.4914694789846553,0.26114749338120397,0.8030199522114129,1492.0,0.5831239530988275,0.042869770432237164,0.0918644925788974,-0.04899472214666023,-0.16302803298537827,-0.5677538774277282,0.262959502407062,0.42602315941816293,1906.0,0.3383827757907287,0.05653650123192572
^GSPC,reversal,ad,ma200,"{'strategy': 'reversal', 'indicator': 'ad', 'low_extreme': 30.0, 'high_extreme': 70.0, 'confirm': 3.0, 'batch_mode': 'time', 'batches': 3, 'gate_cap': 0.0}",0.04874574766096185,0.1002278715518341,-0.051482123890872256,-0.14906030747724097,-0.5677538774277282,0.32702030799449755,0.6500723806057938,2563.0,0.3414838912792528,0.07695162349950757,0.09683473403082998,-0.019883110531322412,-0.12115801457260489,-0.4914694789846553,0.6351344050243882,0.8823132751135977,1104.0,0.43006700167504186,0.021157646653538587,0.0918644925788974,-0.07070684592535881,-0.1396252588878566,-0.5677538774277282,0.1515316556765124,0.3523078449093839,1459.0,0.25247212286976645,0.09991884886327568
^GSPC,reversal,ad,off,"{'strategy': 'reversal', 'indicator': 'ad', 'low_extreme': 30.0, 'high_extreme': 70.0, 'confirm': 3.0, 'batch_mode': 'time', 'batches': 5, 'gate_cap': 0.0}",0.0626693483080012,0.1002278715518341,-0.03755852324383291,-0.3749953781483335,-0.5677538774277282,0.16712032190223863,0.6142466140943709,4196.0,0.4266344842061076,0.0878156382912314,0.09683473403082998,-0.009019095739598582,-0.3749953781483335,-0.4914694789846553,0.23417792167159715,0.762528750552819,2000.0,0.5747068676716919,0.03800012046710077,0.0918644925788974,-0.05386437211179662,-0.14831295485072638,-0.5677538774277282,0.25621578711952053,0.43672328043034625,2196.0,0.27784557121817804,0.04431301481459571
^GSPC,reversal,ad,ma200,"{'strategy': 'reversal', 'indicator': 'ad', 'low_extreme': 30.0, 'high_extreme': 70.0, 'confirm': 3.0, 'batch_mode': 'time', 'batches': 5, 'gate_cap': 0.0}",0.046358226079025844,0.1002278715518341,-0.05386964547280826,-0.16243188605427417,-0.5677538774277282,0.28540102073022744,0.6590648021785986,3141.0,0.3149543498793158,0.07546135700699064,0.09683473403082998,-0.021373377023839346,-0.100237094733026,-0.4914694789846553,0.7528286529849685,0.8977579435150159,1467.0,0.4190536013400335,0.017917194885153975,0.0918644925788974,-0.07394729769374342,-0.15598311597223413,-0.5677538774277282,0.11486624544891985,0.3360859220064236,1674.0,0.21035135703766042,0.08183862100840603
^GSPC,reversal,ad,off,"{'strategy': 'reversal', 'indicator': 'ad', 'low_extreme': 30.0, 'high_extreme': 70.0, 'confirm': 5.0, 'batch_mode': 'time', 'batches': 3, 'gate_cap': 0.0}",0.06668308326304673,0.1002278715518341,-0.033544788288787375,-0.3646771873302158,-0.5677538774277282,0.18285509919397586,0.5995489037311393,3396.0,0.4619232518277539,0.09705888106270533,0.09683473403082998,0.00022414703187534357,-0.3646771873302158,-0.4914694789846553,0.26615013067658205,0.8324579329509803,1492.0,0.5787269681742043,0.03702148689906393,0.0918644925788974,-0.05484300567983347,-0.21032963867283316,-0.5677538774277282,0.17601650025487225,0.36437320904082277,1904.0,0.34455431657198965,0.053015166704317926
^GSPC,reversal,ad,ma200,"{'strategy': 'reversal', 'indicator': 'ad', 'low_extreme': 30.0, 'high_extreme': 70.0, 'confirm': 5.0, 'batch_mode': 'time', 'batches': 3, 'gate_cap': 0.0}",0.05024789241335159,0.1002278715518341,-0.04997997913848251,-0.17096955475939912,-0.5677538774277282,0.2938996506370044,0.6709616721486444,2582.0,0.34092419631300946,0.08078388979636753,0.09683473403082998,-0.016050844234462458,-0.11674458534007748,-0.4914694789846553,0.6919711913065921,0.9324091725834371,1108.0,0.4258793969849246,0.020443611216511393,0.0918644925788974,-0.071420881362386,-0.16177743150829704,-0.5677538774277282,0.1263687464061568,0.33909676140244077,1474.0,0.25555789326039696,0.08757187277171226
^GSPC,reversal,ad,off,"{'strategy': 'reversal', 'indicator': 'ad', 'low_extreme': 30.0, 'high_extreme': 70.0, 'confirm': 5.0, 'batch_mode': 'time', 'batches': 5, 'gate_cap': 0.0}",0.06308046097073028,0.1002278715518341,-0.037147410581103824,-0.37825489921220545,-0.5677538774277282,0.16676706924909226,0.5992890080483739,4204.0,0.4300766082485045,0.09077133691753803,0.09683473403082998,-0.006063397113291957,-0.37825489921220545,-0.4914694789846553,0.23997398872185985,0.7877533340264976,2006.0,0.5728224455611389,0.03597695236844034,0.0918644925788974,-0.055887540210457054,-0.2102954689973403,-0.5677538774277282,0.17107811471152218,0.3876986508399186,2198.0,0.2866400168314749,0.04441838135097462
^GSPC,reversal,ad,ma200,"{'strategy': 'reversal', 'indicator': 'ad', 'low_extreme': 30.0, 'high_extreme': 70.0, 'confirm': 5.0, 'batch_mode': 'time', 'batches': 5, 'gate_cap': 0.0}",0.04756170320435671,0.1002278715518341,-0.05266616834747739,-0.17683902793367923,-0.5677538774277282,0.26895478763994335,0.6761980911836284,3169.0,0.3149123727568476,0.07859157037519404,0.09683473403082998,-0.01824316365563594,-0.10023709473302678,-0.4914694789846553,0.7840567465020429,0.938406965884042,1479.0,0.4172529313232831,0.017290740326357357,0.0918644925788974,-0.07457375225254004,-0.16913597844496797,-0.5677538774277282,0.10222981819319578,0.3229915344934087,1690.0,0.21207658321060383,0.07598221404749092
^GSPC,reversal,ad,off,"{'strategy': 'reversal', 'indicator': 'ad', 'low_extreme': 40.0, 'high_extreme': 60.0, 'confirm': 3.0, 'batch_mode': 'time', 'batches': 3, 'gate_cap': 0.0}",0.049421136557986634,0.1002278715518341,-0.05080673499384747,-0.5020036942682968,-0.5677538774277282,0.09844775471228587,0.5559791491465957,4464.0,0.38923286808689267,0.059169444500239754,0.09683473403082998,-0.03766528953059023,-0.3773011181090087,-0.4914694789846553,0.15682287080618906,0.6324819582854736,2174.0,0.4608458961474037,0.03972657248075273,0.0918644925788974,-0.05213792009814466,-0.30705791508990277,-0.5677538774277282,0.12937810923754003,0.4736396612826647,2290.0,0.3172733010730065,0.00889506088860587
^GSPC,reversal,ad,ma200,"{'strategy': 'reversal', 'indicator': 'ad', 'low_extreme': 40.0, 'high_extreme': 60.0, 'confirm': 3.0, 'batch_mode': 'time', 'batches': 3, 'gate_cap': 0.0}",0.042850664157689344,0.1002278715518341,-0.05737720739414476,-0.20822763602223804,-0.5677538774277282,0.20578759369439814,0.6879372470906143,3492.0,0.2883828313569105,0.06248686172870399,0.09683473403082998,-0.03434787230212599,-0.10353404665236232,-0.4914694789846553,0.6035392583322564,0.9100009363045071,1646.0,0.3316582914572864,0.023493994580435107,0.0918644925788974,-0.06837049799846229,-0.18533712204034747,-0.5677538774277282,0.12676356642313955,0.4283005354926801,1846.0,0.24489795918367346,0.0478887130412724
^GSPC,reversal,ad,off,"{'strategy': 'reversal', 'indicator': 'ad', 'low_extreme': 40.0, 'high_extreme': 60.0, 'confirm': 3.0, 'batch_mode': 'time', 'batches': 5, 'gate_cap': 0.0}",0.05085801725888195,0.1002278715518341,-0.04936985429295215,-0.44920915974174425,-0.5677538774277282,0.11321678589127798,0.6198993886765036,5132.0,0.3412740056669115,0.05942235757889436,0.09683473403082998,-0.037412376451935625,-0.34871264309415695,-0.4914694789846553,0.17040494159212216,0.6667394238922,2614.0,0.4334589614740369,0.04233284242881585,0.0918644925788974,-0.04953165015008154,-0.23968621974682736,-0.5677538774277282,0.17661775663836926,0.5690274184885161,2518.0,0.248642962339575,0.015664801780739902
^GSPC,reversal,ad,ma200,"{'strategy': 'reversal', 'indicator': 'ad', 'low_extreme': 40.0, 'high_extreme': 60.0, 'confirm': 3.0, 'batch_mode': 'time', 'batches': 5, 'gate_cap': 0.0}",0.04273115463635313,0.1002278715518341,-0.05749671691548097,-0.14750895436459466,-0.5677538774277282,0.2896851572192388,0.7660687400910645,3989.0,0.24967992444117953,0.05855785164308136,0.09683473403082998,-0.03827688238774862,-0.09038789371294753,-0.4914694789846553,0.6478506051822435,0.9267157178616261,1961.0,0.31072026800670016,0.027075242003996802,0.0918644925788974,-0.06478925057490059,-0.1235262946790715,-0.5677538774277282,0.21918606135106583,0.571319145995263,2028.0,0.18834420366084578,0.08137603273840695
^GSPC,reversal,ad,off,"{'strategy': 'reversal', 'indicator': 'ad', 'low_extreme': 40.0, 'high_extreme': 60.0, 'confirm': 5.0, 'batch_mode': 'time', 'batches': 3, 'gate_cap': 0.0}",0.04827802770257894,0.1002278715518341,-0.05194984384925516,-0.48639604384752655,-0.5677538774277282,0.09925662084067637,0.5457828626453224,4460.0,0.38139713855948504,0.05668242906048837,0.09683473403082998,-0.04015230497034161,-0.3009435902704233,-0.4914694789846553,0.18834901587222513,0.625983378382839,2168.0,0.4417225013958682,0.03991059655129647,0.0918644925788974,-0.05195389602760092,-0.3490108874782042,-0.5677538774277282,0.11435344278131983,0.46395704494217815,2292.0,0.32077985833508665,0.00853274202671745
^GSPC,reversal,ad,ma200,"{'strategy': 'reversal', 'indicator': 'ad', 'low_extreme': 40.0, 'high_extreme': 60.0, 'confirm': 5.0, 'batch_mode': 'time', 'batches': 3, 'gate_cap': 0.0}",0.04201844299169344,0.1002278715518341,-0.058209428560140664,-0.20910066459806775,-0.5677538774277282,0.20094839522610355,0.6870822702274039,3482.0,0.2835904432084514,0.06234233432678837,0.09683473403082998,-0.03449239970404161,-0.09065138263712913,-0.4914694789846553,0.6877152064667363,0.922675421878309,1634.0,0.32084031267448354,0.021996670542857144,0.0918644925788974,-0.06986782203604025,-0.18623539028572123,-0.5677538774277282,0.11811219397725632,0.4104883477697905,1848.0,0.2461603197980223,0.04545370095435703
^GSPC,reversal,ad,off,"{'strategy': 'reversal', 'indicator': 'ad', 'low_extreme': 40.0, 'high_extreme': 60.0, 'confirm': 5.0, 'batch_mode': 'time', 'batches': 5, 'gate_cap': 0.0}",0.05391542078859013,0.1002278715518341,-0.04631245076324397,-0.4361184128563411,-0.5677538774277282,0.12362564661160053,0.6592793947173123,5134.0,0.3349564487354392,0.06265391446291435,0.09683473403082998,-0.03418081956791563,-0.25084547443979555,-0.4914694789846553,0.2497709580084598,0.7251014105797426,2614.0,0.4151591289782245,0.045218562995659184,0.0918644925788974,-0.04664592958323821,-0.32301480706226404,-0.5677538774277282,0.13998913364656654,0.5879336730951239,2520.0,0.2543656637912897,0.02166278818669383
^GSPC,reversal,ad,ma200,"{'strategy': 'reversal', 'indicator': 'ad', 'low_extreme': 40.0, 'high_extreme': 60.0, 'confirm': 5.0, 'batch_mode': 'time', 'batches': 5, 'gate_cap': 0.0}",0.045025408104055975,0.1002278715518341,-0.05520246344777813,-0.16378809934541738,-0.5677538774277282,0.2749003638481732,0.8244380487354531,3993.0,0.2459439605415049,0.0604548614094349,0.09683473403082998,-0.03637987262139508,-0.09184367688028305,-0.4914694789846553,0.6582365108077823,0.9694432019924635,1961.0,0.301214405360134,0.029756942188440938,0.0918644925788974,-0.062107550390456456,-0.1402634118533208,-0.5677538774277282,0.21215042323053562,0.649896688688704,2032.0,0.19040605933094887,0.0768386674706024
^GSPC,ladder,ad20,off,"{'strategy': 'ladder', 'indicator': 'ad20', 'n_bands': 3, 'direction': 'momentum', 'edge_mode': 'fixed', 'low_edge': 20.0, 'high_edge': 80.0, 'gate_cap': 0.0}",0.04298700989268478,0.1002278715518341,-0.05724086165914932,-0.3554768582910337,-0.5677538774277282,0.12092773099027092,0.5165999552939807,345.0,0.48310420820652744,0.0330003997619821,0.09683473403082998,-0.06383433426884788,-0.31456313234599964,-0.4914694789846553,0.10490866973464563,0.4520993261860025,177.0,0.4591708542713568,0.047044169313556816,0.0918644925788974,-0.04482032326534058,-0.33509175774471134,-0.5677538774277282,0.14039190229619816,0.5312740098646045,169.0,0.507048180096781,0.01402657540061878
^GSPC,ladder,ad20,ma200,"{'strategy': 'ladder', 'indicator': 'ad20', 'n_bands': 3, 'direction': 'momentum', 'edge_mode': 'fixed', 'low_edge': 20.0, 'high_edge': 80.0, 'gate_cap': 0.0}",0.03594272905770812,0.1002278715518341,-0.06428514249412598,-0.1909080499182063,-0.5677538774277282,0.18827246453519178,0.581659693475112,406.0,0.3776891594081226,0.034354025411586386,0.09683473403082998,-0.0624807086192436,-0.1909080499182063,-0.4914694789846553,0.1799506381543639,0.5872745241742159,193.0,0.35102596314907875,0.03155493374268281,0.0918644925788974,-0.06030955883621458,-0.1637115519161776,-0.5677538774277282,0.19274714199056242,0.5291931586710475,214.0,0.40437618346307597,0.03673790031760113
^GSPC,ladder,ad20,off,"{'strategy': 'ladder', 'indicator': 'ad20', 'n_bands': 3, 'direction': 'momentum', 'edge_mode': 'fixed', 'low_edge': 30.0, 'high_edge': 70.0, 'gate_cap': 0.0}",0.03048210987616584,0.1002278715518341,-0.06974576167566826,-0.4960664432460844,-0.5677538774277282,0.06144763527381863,0.3858307030221708,945.0,0.4665757162346521,0.01998942194210751,0.09683473403082998,-0.07684531208872247,-0.3772352486723499,-0.4914694789846553,0.05298927396752749,0.316834062623952,419.0,0.3864112227805695,0.03522617020433194,0.0918644925788974,-0.05663832237456545,-0.41038495511732265,-0.5677538774277282,0.08583689476204441,0.399061978418799,526.0,0.547022932884494,-0.017268402895873503
^GSPC,ladder,ad20,ma200,"{'strategy': 'ladder', 'indicator': 'ad20', 'n_bands': 3, 'direction': 'momentum', 'edge_mode': 'fixed', 'low_edge': 30.0, 'high_edge': 70.0, 'gate_cap': 0.0}",0.0315704492356379,0.1002278715518341,-0.0686574223161962,-0.1571968728427171,-0.5677538774277282,0.20083382490201077,0.5141819744884782,893.0,0.37333403295204115,0.02867264372048206,0.09683473403082998,-0.06816209031034792,-0.14574284697254558,-0.4914694789846553,0.19673448348297526,0.5437082904627236,405.0,0.2995184254606365,0.02862029462608673,0.0918644925788974,-0.06324419795281067,-0.15719687284271733,-0.5677538774277282,0.18206656473836247,0.4482376212516742,488.0,0.44740164106879865,0.03913907657108659
^GSPC,ladder,ad20,off,"{'strategy': 'ladder', 'indicator': 'ad20', 'n_bands': 3, 'direction': 'momentum', 'edge_mode': 'fixed', 'low_edge': 40.0, 'high_edge': 60.0, 'gate_cap': 0.0}",0.032083274347968205,0.1002278715518341,-0.0681445972038659,-0.38470285728444586,-0.5677538774277282,0.08339754628920294,0.3906040418746832,1419.0,0.44626928324063386,0.018010379809134225,0.09683473403082998,-0.07882435422169576,-0.3083453804028825,-0.4914694789846553,0.05840976046277053,0.32113178466204023,585.0,0.26790201005025127,0.040536261071005164,0.0918644925788974,-0.05132823150789223,-0.3649730284985626,-0.5677538774277282,0.11106645671260831,0.4132492438192025,834.0,0.625394487691984,-0.007527739806638359
^GSPC,ladder,ad20,ma200,"{'strategy': 'ladder', 'indicator': 'ad20', 'n_bands': 3, 'direction': 'momentum', 'edge_mode': 'fixed', 'low_edge': 40.0, 'high_edge': 60.0, 'gate_cap': 0.0}",0.02710659224313461,0.1002278715518341,-0.0731212793086995,-0.1771873184034619,-0.5677538774277282,0.15298268796761133,0.4250092957265751,1220.0,0.36488613705530487,0.019347686978855805,0.09683473403082998,-0.07748704705197418,-0.1771873184034619,-0.4914694789846553,0.10919340702927974,0.4290362709242231,501.0,0.19880653266331658,0.029141935550964115,0.0918644925788974,-0.06272255702793328,-0.17378067003975883,-0.5677538774277282,0.16769376907280198,0.3973353713645644,719.0,0.5316642120765832,0.01732030760182484
^GSPC,ladder,ad20,off,"{'strategy': 'ladder', 'indicator': 'ad20', 'n_bands': 5, 'direction': 'momentum', 'edge_mode': 'fixed', 'low_edge': 20.0, 'high_edge': 80.0, 'gate_cap': 0.0}",0.0409448228111986,0.1002278715518341,-0.0592830487406355,-0.4073844679042615,-0.5677538774277282,0.10050658784767648,0.5105618192171372,1071.0,0.48084793787385877,0.0357838736987659,0.09683473403082998,-0.06105086033206408,-0.31004606527950507,-0.4914694789846553,0.11541470028496219,0.5202424705998379,491.0,0.43195142378559465,0.04022222623005822,0.0918644925788974,-0.05164226634883917,-0.3868216220975669,-0.5677538774277282,0.10398132868568834,0.4678822324587157,580.0,0.5298758678729224,0.004632805894689299
^GSPC,ladder,ad20,ma200,"{'strategy': 'ladder', 'indicator': 'ad20', 'n_bands': 5, 'direction': 'momentum', 'edge_mode': 'fixed', 'low_edge': 20.0, 'high_edge': 80.0, 'gate_cap': 0.0}",0.03616208543354382,0.1002278715518341,-0.06406578611829028,-0.1561945636262645,-0.5677538774277282,0.23151948822028706,0.6004390267157244,1017.0,0.37640361003253225,0.03627180638523608,0.09683473403082998,-0.0605629276455939,-0.14838636492767665,-0.4914694789846553,0.24444163992368786,0.6788527037228627,493.0,0.3246963986599665,0.030173739861437898,0.0918644925788974,-0.061690752717459496,-0.15619456362626494,-0.5677538774277282,0.19318047415296868,0.4952924792441467,524.0,0.4282558384178414,0.05416832361714066
^GSPC,ladder,ad20,off,"{'strategy': 'ladder', 'indicator': 'ad20', 'n_bands': 5, 'direction': 'momentum', 'edge_mode': 'fixed', 'low_edge': 30.0, 'high_edge': 70.0, 'gate_cap': 0.0}",0.03892240827965865,0.1002278715518341,-0.06130546327217545,-0.3668557418656607,-0.5677538774277282,0.10609731247960591,0.5011527028309691,1483.0,0.46951411480742994,0.029812947122429323,0.09683473403082998,-0.06702178690840066,-0.2925881089650021,-0.4914694789846553,0.10189391232572406,0.4833898835837708,659.0,0.3859924623115578,0.042240944666606994,0.0918644925788974,-0.0496235479122904,-0.3616331815877072,-0.5677538774277282,0.11680605325305932,0.48592004907004427,824.0,0.5533347359562382,0.005655647028537096
^GSPC,ladder,ad20,ma200,"{'strategy': 'ladder', 'indicator': 'ad20', 'n_bands': 5, 'direction': 'momentum', 'edge_mode': 'fixed', 'low_edge': 30.0, 'high_edge': 70.0, 'gate_cap': 0.0}",0.03324548624401302,0.1002278715518341,-0.06698238530782108,-0.16207596087211606,-0.5677538774277282,0.20512286995012755,0.5632193493057096,1281.0,0.37217966208416414,0.02954889090272972,0.09683473403082998,-0.06728584312810026,-0.15725090588997526,-0.4914694789846553,0.1879091934987286,0.6118375335415472,565.0,0.29035804020100503,0.031119096776755617,0.0918644925788974,-0.06074539580214178,-0.16207596087211573,-0.5677538774277282,0.19200316079760774,0.4945456922587634,716.0,0.45429202608878605,0.04185971679535838
^GSPC,ladder,ad20,off,"{'strategy': 'ladder', 'indicator': 'ad20', 'n_bands': 5, 'direction': 'momentum', 'edge_mode': 'fixed', 'low_edge': 40.0, 'high_edge': 60.0, 'gate_cap': 0.0}",0.02663497241896673,0.1002278715518341,-0.07359289913286737,-0.44583479401309045,-0.5677538774277282,0.05974179847924718,0.33754381323770727,2622.0,0.4534316297617798,0.013661084231962217,0.09683473403082998,-0.08317364979886777,-0.3322716139524672,-0.4914694789846553,0.04111420795011545,0.2531907575119789,1099.0,0.2999895309882747,0.03129038887043545,0.0918644925788974,-0.060574103708461946,-0.4312003928982776,-0.5677538774277282,0.07256577077798955,0.3474002491639301,1523.0,0.6074584472964444,-0.020259020088021547
^GSPC,ladder,ad20,ma200,"{'strategy': 'ladder', 'indicator': 'ad20', 'n_bands': 5, 'direction': 'momentum', 'edge_mode': 'fixed', 'low_edge': 40.0, 'high_edge': 60.0, 'gate_cap': 0.0}",0.028802129362145212,0.1002278715518341,-0.07142574218968889,-0.17500499717066975,-0.5677538774277282,0.16457889676176832,0.4475990220825559,2123.0,0.36997586315458075,0.01966475935461398,0.09683473403082998,-0.077169974676216,-0.15865808880916055,-0.4914694789846553,0.12394425964797443,0.4469579434087163,884.0,0.2269681742043551,0.029532702723293447,0.0918644925788974,-0.06233178985560395,-0.17500499717067008,-0.5677538774277282,0.16875348247623054,0.41975147267212104,1239.0,0.5135177782453187,0.022976113390893997
^GSPC,reversal,ad20,off,"{'strategy': 'reversal', 'indicator': 'ad20', 'low_extreme': 20.0, 'high_extreme': 80.0, 'confirm': 3.0, 'batch_mode': 'time', 'batches': 3, 'gate_cap': 0.0}",0.0,0.1002278715518341,-0.1002278715518341,0.0,-0.5677538774277282,0.0,0.0,0.0,0.0,0.0,0.09683473403082998,-0.09683473403082998,0.0,-0.4914694789846553,0.0,0.0,0.0,0.0,0.0,0.0918644925788974,-0.0918644925788974,0.0,-0.5677538774277282,0.0,0.0,0.0,0.0,-0.06013672293110046
^GSPC,reversal,ad20,ma200,"{'strategy': 'reversal', 'indicator': 'ad20', 'low_extreme': 20.0, 'high_extreme': 80.0, 'confirm': 3.0, 'batch_mode': 'time', 'batches': 3, 'gate_cap': 0.0}",0.0,0.1002278715518341,-0.1002278715518341,0.0,-0.5677538774277282,0.0,0.0,0.0,0.0,0.0,0.09683473403082998,-0.09683473403082998,0.0,-0.4914694789846553,0.0,0.0,0.0,0.0,0.0,0.0918644925788974,-0.0918644925788974,0.0,-0.5677538774277282,0.0,0.0,0.0,0.0,-0.06013672293110046
^GSPC,reversal,ad20,off,"{'strategy': 'reversal', 'indicator': 'ad20', 'low_extreme': 20.0, 'high_extreme': 80.0, 'confirm': 3.0, 'batch_mode': 'time', 'batches': 5, 'gate_cap': 0.0}",0.0,0.1002278715518341,-0.1002278715518341,0.0,-0.5677538774277282,0.0,0.0,0.0,0.0,0.0,0.09683473403082998,-0.09683473403082998,0.0,-0.4914694789846553,0.0,0.0,0.0,0.0,0.0,0.0918644925788974,-0.0918644925788974,0.0,-0.5677538774277282,0.0,0.0,0.0,0.0,-0.06013672293110046
^GSPC,reversal,ad20,ma200,"{'strategy': 'reversal', 'indicator': 'ad20', 'low_extreme': 20.0, 'high_extreme': 80.0, 'confirm': 3.0, 'batch_mode': 'time', 'batches': 5, 'gate_cap': 0.0}",0.0,0.1002278715518341,-0.1002278715518341,0.0,-0.5677538774277282,0.0,0.0,0.0,0.0,0.0,0.09683473403082998,-0.09683473403082998,0.0,-0.4914694789846553,0.0,0.0,0.0,0.0,0.0,0.0918644925788974,-0.0918644925788974,0.0,-0.5677538774277282,0.0,0.0,0.0,0.0,-0.06013672293110046
^GSPC,reversal,ad20,off,"{'strategy': 'reversal', 'indicator': 'ad20', 'low_extreme': 20.0, 'high_extreme': 80.0, 'confirm': 5.0, 'batch_mode': 'time', 'batches': 3, 'gate_cap': 0.0}",0.0,0.1002278715518341,-0.1002278715518341,0.0,-0.5677538774277282,0.0,0.0,0.0,0.0,0.0,0.09683473403082998,-0.09683473403082998,0.0,-0.4914694789846553,0.0,0.0,0.0,0.0,0.0,0.0918644925788974,-0.0918644925788974,0.0,-0.5677538774277282,0.0,0.0,0.0,0.0,-0.06013672293110046
^GSPC,reversal,ad20,ma200,"{'strategy': 'reversal', 'indicator': 'ad20', 'low_extreme': 20.0, 'high_extreme': 80.0, 'confirm': 5.0, 'batch_mode': 'time', 'batches': 3, 'gate_cap': 0.0}",0.0,0.1002278715518341,-0.1002278715518341,0.0,-0.5677538774277282,0.0,0.0,0.0,0.0,0.0,0.09683473403082998,-0.09683473403082998,0.0,-0.4914694789846553,0.0,0.0,0.0,0.0,0.0,0.0918644925788974,-0.0918644925788974,0.0,-0.5677538774277282,0.0,0.0,0.0,0.0,-0.06013672293110046
^GSPC,reversal,ad20,off,"{'strategy': 'reversal', 'indicator': 'ad20', 'low_extreme': 20.0, 'high_extreme': 80.0, 'confirm': 5.0, 'batch_mode': 'time', 'batches': 5, 'gate_cap': 0.0}",0.0,0.1002278715518341,-0.1002278715518341,0.0,-0.5677538774277282,0.0,0.0,0.0,0.0,0.0,0.09683473403082998,-0.09683473403082998,0.0,-0.4914694789846553,0.0,0.0,0.0,0.0,0.0,0.0918644925788974,-0.0918644925788974,0.0,-0.5677538774277282,0.0,0.0,0.0,0.0,-0.06013672293110046
^GSPC,reversal,ad20,ma200,"{'strategy': 'reversal', 'indicator': 'ad20', 'low_extreme': 20.0, 'high_extreme': 80.0, 'confirm': 5.0, 'batch_mode': 'time', 'batches': 5, 'gate_cap': 0.0}",0.0,0.1002278715518341,-0.1002278715518341,0.0,-0.5677538774277282,0.0,0.0,0.0,0.0,0.0,0.09683473403082998,-0.09683473403082998,0.0,-0.4914694789846553,0.0,0.0,0.0,0.0,0.0,0.0918644925788974,-0.0918644925788974,0.0,-0.5677538774277282,0.0,0.0,0.0,0.0,-0.06013672293110046
^GSPC,reversal,ad20,off,"{'strategy': 'reversal', 'indicator': 'ad20', 'low_extreme': 30.0, 'high_extreme': 70.0, 'confirm': 3.0, 'batch_mode': 'time', 'batches': 3, 'gate_cap': 0.0}",0.05679282484282977,0.1002278715518341,-0.04343504670900433,-0.3392496000265327,-0.5677538774277282,0.16740719764559192,0.4951375377871937,3.0,0.46867457235806487,0.0,0.09683473403082998,-0.09683473403082998,0.0,-0.4914694789846553,0.0,0.0,0.0,0.0,0.11712268969490958,0.0918644925788974,0.025258197116012182,-0.3392496000265327,-0.5677538774277282,0.34524046509045087,0.7014198451922248,3.0,0.9396170839469808,0.04090185103283417
^GSPC,reversal,ad20,ma200,"{'strategy': 'reversal', 'indicator': 'ad20', 'low_extreme': 30.0, 'high_extreme': 70.0, 'confirm': 3.0, 'batch_mode': 'time', 'batches': 3, 'gate_cap': 0.0}",0.034710372721951765,0.1002278715518341,-0.06551749882988234,-0.2154318727741109,-0.5677538774277282,0.16111995070639804,0.463691169307401,109.0,0.3766397313464162,0.0,0.09683473403082998,-0.09683473403082998,0.0,-0.4914694789846553,0.0,0.0,0.0,0.0,0.07081007337850709,0.0918644925788974,-0.021054419200390306,-0.2154318727741109,-0.5677538774277282,0.32868893755918066,0.6568328759912823,109.0,0.7551020408163265,0.025137480984629812
^GSPC,reversal,ad20,off,"{'strategy': 'reversal', 'indicator': 'ad20', 'low_extreme': 30.0, 'high_extreme': 70.0, 'confirm': 3.0, 'batch_mode': 'time', 'batches': 5, 'gate_cap': 0.0}",0.05665786541902529,0.1002278715518341,-0.043570006132808814,-0.3392496000265326,-0.5677538774277282,0.16700938015724734,0.49474490357201156,5.0,0.46856962955189424,0.0,0.09683473403082998,-0.09683473403082998,0.0,-0.4914694789846553,0.0,0.0,0.0,0.0,0.11683665963526524,0.0918644925788974,0.024972167056367844,-0.3392496000265326,-0.5677538774277282,0.3443973393811739,0.700863089420145,5.0,0.939406690511256,0.04066174838321365
^GSPC,reversal,ad20,ma200,"{'strategy': 'reversal', 'indicator': 'ad20', 'low_extreme': 30.0, 'high_extreme': 70.0, 'confirm': 3.0, 'batch_mode': 'time', 'batches': 5, 'gate_cap': 0.0}",0.034710372721951765,0.1002278715518341,-0.06551749882988234,-0.2154318727741109,-0.5677538774277282,0.16111995070639804,0.463691169307401,109.0,0.3766397313464162,0.0,0.09683473403082998,-0.09683473403082998,0.0,-0.4914694789846553,0.0,0.0,0.0,0.0,0.07081007337850709,0.0918644925788974,-0.021054419200390306,-0.2154318727741109,-0.5677538774277282,0.32868893755918066,0.6568328759912823,109.0,0.7551020408163265,0.025137480984629812
^GSPC,reversal,ad20,off,"{'strategy': 'reversal', 'indicator': 'ad20', 'low_extreme': 30.0, 'high_extreme': 70.0, 'confirm': 5.0, 'batch_mode': 'time', 'batches': 3, 'gate_cap': 0.0}",0.05679282484282977,0.1002278715518341,-0.04343504670900433,-0.3392496000265327,-0.5677538774277282,0.16740719764559192,0.4951375377871937,3.0,0.46867457235806487,0.0,0.09683473403082998,-0.09683473403082998,0.0,-0.4914694789846553,0.0,0.0,0.0,0.0,0.11712268969490958,0.0918644925788974,0.025258197116012182,-0.3392496000265327,-0.5677538774277282,0.34524046509045087,0.7014198451922248,3.0,0.9396170839469808,0.04090185103283417
^GSPC,reversal,ad20,ma200,"{'strategy': 'reversal', 'indicator': 'ad20', 'low_extreme': 30.0, 'high_extreme': 70.0, 'confirm': 5.0, 'batch_mode': 'time', 'batches': 3, 'gate_cap': 0.0}",0.034710372721951765,0.1002278715518341,-0.06551749882988234,-0.2154318727741109,-0.5677538774277282,0.16111995070639804,0.463691169307401,109.0,0.3766397313464162,0.0,0.09683473403082998,-0.09683473403082998,0.0,-0.4914694789846553,0.0,0.0,0.0,0.0,0.07081007337850709,0.0918644925788974,-0.021054419200390306,-0.2154318727741109,-0.5677538774277282,0.32868893755918066,0.6568328759912823,109.0,0.7551020408163265,0.025137480984629812
^GSPC,reversal,ad20,off,"{'strategy': 'reversal', 'indicator': 'ad20', 'low_extreme': 30.0, 'high_extreme': 70.0, 'confirm': 5.0, 'batch_mode': 'time', 'batches': 5, 'gate_cap': 0.0}",0.05665786541902529,0.1002278715518341,-0.043570006132808814,-0.3392496000265326,-0.5677538774277282,0.16700938015724734,0.49474490357201156,5.0,0.46856962955189424,0.0,0.09683473403082998,-0.09683473403082998,0.0,-0.4914694789846553,0.0,0.0,0.0,0.0,0.11683665963526524,0.0918644925788974,0.024972167056367844,-0.3392496000265326,-0.5677538774277282,0.3443973393811739,0.700863089420145,5.0,0.939406690511256,0.04066174838321365
^GSPC,reversal,ad20,ma200,"{'strategy': 'reversal', 'indicator': 'ad20', 'low_extreme': 30.0, 'high_extreme': 70.0, 'confirm': 5.0, 'batch_mode': 'time', 'batches': 5, 'gate_cap': 0.0}",0.034710372721951765,0.1002278715518341,-0.06551749882988234,-0.2154318727741109,-0.5677538774277282,0.16111995070639804,0.463691169307401,109.0,0.3766397313464162,0.0,0.09683473403082998,-0.09683473403082998,0.0,-0.4914694789846553,0.0,0.0,0.0,0.0,0.07081007337850709,0.0918644925788974,-0.021054419200390306,-0.2154318727741109,-0.5677538774277282,0.32868893755918066,0.6568328759912823,109.0,0.7551020408163265,0.025137480984629812
^GSPC,reversal,ad20,off,"{'strategy': 'reversal', 'indicator': 'ad20', 'low_extreme': 40.0, 'high_extreme': 60.0, 'confirm': 3.0, 'batch_mode': 'time', 'batches': 3, 'gate_cap': 0.0}",0.05049858715582811,0.1002278715518341,-0.04972928439600599,-0.5978380774923808,-0.5677538774277282,0.08446866979039436,0.4026457722816137,96.0,0.5565117011228881,0.06568625683955132,0.09683473403082998,-0.031148477191278667,-0.4914694789846552,-0.4914694789846553,0.13365276919180202,0.4684214797679814,18.0,0.8588777219430486,0.03546615955836119,0.0918644925788974,-0.05639833302053621,-0.4235589484550949,-0.5677538774277282,0.08373370386276058,0.32617104159223514,78.0,0.2526825163054913,0.003949897278554149
^GSPC,reversal,ad20,ma200,"{'strategy': 'reversal', 'indicator': 'ad20', 'low_extreme': 40.0, 'high_extreme': 60.0, 'confirm': 3.0, 'batch_mode': 'time', 'batches': 3, 'gate_cap': 0.0}",0.03588117531636792,0.1002278715518341,-0.06434669623546618,-0.3587004794762674,-0.5677538774277282,0.10003102133779533,0.44953157832380963,204.0,0.3747157798999546,0.06028939596177518,0.09683473403082998,-0.0365453380690548,-0.3450953979833613,-0.4914694789846553,0.1747035640408106,0.5985438639439091,120.0,0.6074120603015075,0.011928274426902918,0.0918644925788974,-0.07993621815199448,-0.20116785348617494,-0.5677538774277282,0.059295132001409345,0.23001897749207081,84.0,0.14089347079037806,0.001404390793838431
^GSPC,reversal,ad20,off,"{'strategy': 'reversal', 'indicator': 'ad20', 'low_extreme': 40.0, 'high_extreme': 60.0, 'confirm': 3.0, 'batch_mode': 'time', 'batches': 5, 'gate_cap': 0.0}",0.05140416626349942,0.1002278715518341,-0.048823705288334684,-0.5918318420735666,-0.5677538774277282,0.08685603343577737,0.40901281846394943,160.0,0.5565117011228881,0.06526994305946521,0.09683473403082998,-0.031564790971364776,-0.4914694789846553,-0.4914694789846553,0.13280568957060926,0.4661325661822016,30.0,0.8588777219430486,0.037664012379216905,0.0918644925788974,-0.05420048019968049,-0.423558948455095,-0.5677538774277282,0.08892271669998722,0.343176884394424,130.0,0.25268251630549127,0.005448190201310141
^GSPC,reversal,ad20,ma200,"{'strategy': 'reversal', 'indicator': 'ad20', 'low_extreme': 40.0, 'high_extreme': 60.0, 'confirm': 3.0, 'batch_mode': 'time', 'batches': 5, 'gate_cap': 0.0}",0.03568973339315762,0.1002278715518341,-0.06453813815867648,-0.3452910414901573,-0.5677538774277282,0.10336130714290476,0.4479412394566169,242.0,0.374960646447686,0.059875190482831187,0.09683473403082998,-0.0369595435479988,-0.3448784982013091,-0.4914694789846553,0.17361241943207903,0.5951907209992546,132.0,0.6074120603015075,0.011950569157149538,0.0918644925788974,-0.07991392342174786,-0.20636365065516105,-0.5677538774277282,0.05791024300650334,0.23116553361320047,110.0,0.14138438880706924,0.002621639961956017
^GSPC,reversal,ad20,off,"{'strategy': 'reversal', 'indicator': 'ad20', 'low_extreme': 40.0, 'high_extreme': 60.0, 'confirm': 5.0, 'batch_mode': 'time', 'batches': 3, 'gate_cap': 0.0}",0.04837253343595305,0.1002278715518341,-0.051855338115881056,-0.594663609175454,-0.5677538774277282,0.08134436459467431,0.3888982107944543,96.0,0.5604995277573722,0.06421336299149716,0.09683473403082998,-0.032621371039332825,-0.4914694789846552,-0.4914694789846553,0.13065585094756627,0.46004892937939856,18.0,0.8592964824120602,0.03270279896153738,0.0918644925788974,-0.05916169361736001,-0.4235589484550949,-0.5677538774277282,0.07720955744370134,0.305767382720956,78.0,0.2602566799915843,0.0014245429683410922
^GSPC,reversal,ad20,ma200,"{'strategy': 'reversal', 'indicator': 'ad20', 'low_extreme': 40.0, 'high_extreme': 60.0, 'confirm': 5.0, 'batch_mode': 'time', 'batches': 3, 'gate_cap': 0.0}",0.03368979985411369,0.1002278715518341,-0.06653807169772041,-0.3608426842909467,-0.5677538774277282,0.09336423134173805,0.4245429060527895,205.0,0.37590513170322176,0.05882396116007205,0.09683473403082998,-0.038010772870757936,-0.34945949150738587,-0.4914694789846553,0.16832841170327403,0.5856350763704934,120.0,0.6078308207705193,0.009041968693002111,0.0918644925788974,-0.08282252388589528,-0.2177889486105553,-0.5677538774277282,0.04151711439302979,0.18088819498593123,85.0,0.1428571428571429,-0.0025771504819370253
^GSPC,reversal,ad20,off,"{'strategy': 'reversal', 'indicator': 'ad20', 'low_extreme': 40.0, 'high_extreme': 60.0, 'confirm': 5.0, 'batch_mode': 'time', 'batches': 5, 'gate_cap': 0.0}",0.049426095093762834,0.1002278715518341,-0.05080177645807127,-0.589527204225229,-0.5677538774277282,0.08384022779528862,0.39599287350529544,160.0,0.5604995277573722,0.06455150308679758,0.09683473403082998,-0.032283230944032404,-0.4914694789846553,-0.4914694789846553,0.1313438694507681,0.4620506582751006,30.0,0.8592964824120602,0.034454444350061175,0.0918644925788974,-0.05741004822883622,-0.423558948455095,-0.5677538774277282,0.08134509842309229,0.31907476134208007,130.0,0.26025667999158425,0.003055025243272686
^GSPC,reversal,ad20,ma200,"{'strategy': 'reversal', 'indicator': 'ad20', 'low_extreme': 40.0, 'high_extreme': 60.0, 'confirm': 5.0, 'batch_mode': 'time', 'batches': 5, 'gate_cap': 0.0}",0.03377659326126836,0.1002278715518341,-0.06645127829056574,-0.34330101734136886,-0.5677538774277282,0.09838768764172309,0.425897257062032,247.0,0.376115017315563,0.05916038884232422,0.09683473403082998,-0.037674345188505765,-0.34330101734136886,-0.4914694789846553,0.17232803240864503,0.5889025612551266,132.0,0.6078308207705193,0.008889737966436329,0.0918644925788974,-0.08297475461246107,-0.22541683871844043,-0.5677538774277282,0.03943688509242276,0.1786899608507019,115.0,0.14327792972859252,-0.0005156919176502045
^IXIC,ladder,ad,off,"{'strategy': 'ladder', 'indicator': 'ad', 'n_bands': 3, 'direction': 'momentum', 'edge_mode': 'fixed', 'low_edge': 20.0, 'high_edge': 80.0, 'gate_cap': 0.0}",0.0543663756162136,0.12280798670277404,-0.06844161108656044,-0.741902412727296,-0.7793238628593402,0.07327968568852367,0.448533885289762,6148.0,0.49076503305698393,0.06897089456867644,0.10378440339231076,-0.03481350882363432,-0.6915718042956587,-0.7793238628593402,0.09973063410085212,0.579640691744887,2991.0,0.4383375209380235,0.03485084560915652,0.13166491549535309,-0.09681406988619656,-0.4592897514207682,-0.5562830651912619,0.07587986777703795,0.30594849058626855,3158.0,0.5433410477593099,-0.011753092376526796
^IXIC,ladder,ad,ma200,"{'strategy': 'ladder', 'indicator': 'ad', 'n_bands': 3, 'direction': 'momentum', 'edge_mode': 'fixed', 'low_edge': 20.0, 'high_edge': 80.0, 'gate_cap': 0.0}",0.06736373793818551,0.12280798670277404,-0.05544424876458853,-0.36309759412899256,-0.7793238628593402,0.1855251563970819,0.7500437478225233,4624.0,0.36661769335712036,0.08262043036529843,0.10378440339231076,-0.02116397302701234,-0.36309759412899256,-0.7793238628593402,0.22754331535434805,0.9952809515785497,2091.0,0.30496231155778897,0.047151253960489026,0.13166491549535309,-0.08451366153486406,-0.19387348239842017,-0.5562830651912619,0.24320630845011967,0.5163653331044054,2534.0,0.4284662318535662,0.04094351330007965
^IXIC,ladder,ad,off,"{'strategy': 'ladder', 'indicator': 'ad', 'n_bands': 3, 'direction': 'momentum', 'edge_mode': 'fixed', 'low_edge': 30.0, 'high_edge': 70.0, 'gate_cap': 0.0}",0.047964136902945764,0.12280798670277404,-0.07484384979982828,-0.7588893237510843,-0.7793238628593402,0.06320307243995173,0.4009199553411447,6049.0,0.4860950781823906,0.06501056272385441,0.10378440339231076,-0.03877384066845635,-0.712851676235755,-0.7793238628593402,0.09119788153847878,0.5467234211165123,3008.0,0.42567001675041877,0.026250211868288353,0.13166491549535309,-0.10541470362706473,-0.459722134807631,-0.5562830651912619,0.057100169604129794,0.2474427701534245,3040.0,0.5468125394487692,-0.019625080903916275
^IXIC,ladder,ad,ma200,"{'strategy': 'ladder', 'indicator': 'ad', 'n_bands': 3, 'direction': 'momentum', 'edge_mode': 'fixed', 'low_edge': 30.0, 'high_edge': 70.0, 'gate_cap': 0.0}",0.06361900127602249,0.12280798670277404,-0.05918898542675155,-0.3065244788293391,-0.7793238628593402,0.20754949659809413,0.7003236009550523,4604.0,0.3625249239164655,0.08494549245649186,0.10378440339231076,-0.01883891093581891,-0.3065244788293391,-0.7793238628593402,0.2771246615634447,1.0142910651143764,2131.0,0.29365577889447236,0.03770074865787354,0.13166491549535309,-0.09396416683747955,-0.20522564881377336,-0.5562830651912619,0.1837038833878123,0.4146308607436164,2472.0,0.43172733010730063,0.047506407383186726
^IXIC,ladder,ad,off,"{'strategy': 'ladder', 'indicator': 'ad', 'n_bands': 3, 'direction': 'momentum', 'edge_mode': 'fixed', 'low_edge': 40.0, 'high_edge': 60.0, 'gate_cap': 0.0}",0.04420487682200136,0.12280798670277404,-0.07860310988077268,-0.8287014670696389,-0.7793238628593402,0.053342341697926135,0.3684966640719483,5604.0,0.4843635218805751,0.050607058628449275,0.10378440339231076,-0.05317734476386149,-0.7798456563668952,-0.7793238628593402,0.06489368532770297,0.429616359701851,2768.0,0.4199120603015075,0.03291882754665609,0.13166491549535309,-0.09874608794869699,-0.5028307191205343,-0.5562830651912619,0.06546701761625083,0.2872338729386679,2835.0,0.5491268672417421,-0.025824929249293152
^IXIC,ladder,ad,ma200,"{'strategy': 'ladder', 'indicator': 'ad', 'n_bands': 3, 'direction': 'momentum', 'edge_mode': 'fixed', 'low_edge': 40.0, 'high_edge': 60.0, 'gate_cap': 0.0}",0.06358803016376613,0.12280798670277404,-0.05921995653900791,-0.33539442164869315,-0.7793238628593402,0.18959179419618083,0.6819557886150304,4298.0,0.36147549585475913,0.0827401124170668,0.10378440339231076,-0.021044290975243962,-0.33539442164869315,-0.7793238628593402,0.24669495697138466,0.9488727493228383,1971.0,0.28967755443886095,0.03976392232540138,0.13166491549535309,-0.0919009931699517,-0.19624312738843963,-0.5562830651912619,0.20262580837643035,0.42746736003774005,2326.0,0.4336208710288239,0.04030474375506759
^IXIC,ladder,ad,off,"{'strategy': 'ladder', 'indicator': 'ad', 'n_bands': 5, 'direction': 'momentum', 'edge_mode': 'fixed', 'low_edge': 20.0, 'high_edge': 80.0, 'gate_cap': 0.0}",0.049992702108904385,0.12280798670277404,-0.07281528459386966,-0.7096590921445645,-0.7793238628593402,0.0704460813118426,0.43221222373565615,7464.0,0.49063385454927066,0.05848160273838987,0.10378440339231076,-0.045302800653920894,-0.6825559475504359,-0.7793238628593402,0.08568030642509127,0.5332239783712273,3744.0,0.4390180067001675,0.03655678632719339,0.13166491549535309,-0.0951081291681597,-0.43358222442486727,-0.5562830651912619,0.08431338802157948,0.32148508791346614,3719.0,0.5424468756574795,-0.015510738231584748
^IXIC,ladder,ad,ma200,"{'strategy': 'ladder', 'indicator': 'ad', 'n_bands': 5, 'direction': 'momentum', 'edge_mode': 'fixed', 'low_edge': 20.0, 'high_edge': 80.0, 'gate_cap': 0.0}",0.06420501419286695,0.12280798670277404,-0.05860297250990709,-0.26149221487173757,-0.7793238628593402,0.24553317667357566,0.7525928568126394,5645.0,0.3663291006401511,0.0771949258377791,0.10378440339231076,-0.02658947755453167,-0.26149221487173757,-0.7793238628593402,0.2952092699036694,1.0089311833050878,2651.0,0.30569514237855944,0.04629176528661327,0.13166491549535309,-0.08537315020873981,-0.1606774814463734,-0.5562830651912619,0.2881036276515405,0.5226393644098741,2993.0,0.4272038712392173,0.06305148716348602
^IXIC,ladder,ad,off,"{'strategy': 'ladder', 'indicator': 'ad', 'n_bands': 5, 'direction': 'momentum', 'edge_mode': 'fixed', 'low_edge': 30.0, 'high_edge': 70.0, 'gate_cap': 0.0}",0.04738352525732448,0.12280798670277404,-0.07542446144544956,-0.7776864313529446,-0.7793238628593402,0.0609288311419953,0.4034835005746857,7149.0,0.48832511281351665,0.055261383499399575,0.10378440339231076,-0.04852301989291119,-0.7309729264307183,-0.7793238628593402,0.07559976779063,0.48868099642680507,3620.0,0.4309568676716918,0.03456130497347765,0.13166491549535309,-0.09710361052187544,-0.4652727622775569,-0.5562830651912619,0.07428181440129139,0.3036776410963669,3528.0,0.5459183673469388,-0.020883144410471614
^IXIC,ladder,ad,ma200,"{'strategy': 'ladder', 'indicator': 'ad', 'n_bands': 5, 'direction': 'momentum', 'edge_mode': 'fixed', 'low_edge': 30.0, 'high_edge': 70.0, 'gate_cap': 0.0}",0.06431681591848548,0.12280798670277404,-0.05849117078428856,-0.3270203260252543,-0.7793238628593402,0.19667528529562586,0.725313210056722,5430.0,0.3642827159198237,0.07858496210017107,0.10378440339231076,-0.02519944129213969,-0.3270203260252543,-0.7793238628593402,0.24030604780848486,0.973405421363696,2564.0,0.29857621440536014,0.045156945974678564,0.13166491549535309,-0.08650796952067452,-0.17921346655287906,-0.5562830651912619,0.25197295071213005,0.4960379579235102,2865.0,0.430254576057227,0.04357541164767722
^IXIC,ladder,ad,off,"{'strategy': 'ladder', 'indicator': 'ad', 'n_bands': 5, 'direction': 'momentum', 'edge_mode': 'fixed', 'low_edge': 40.0, 'high_edge': 60.0, 'gate_cap': 0.0}",0.0467111042791819,0.12280798670277404,-0.07609688242359214,-0.7840706250652465,-0.7793238628593402,0.059575123446685474,0.38748138460384973,6293.0,0.48459964319445903,0.057697138099655154,0.10378440339231076,-0.04608726529265561,-0.7380852307230481,-0.7793238628593402,0.0781713760118645,0.4885721114909051,3171.0,0.4204355108877722,0.028620994003737632,0.13166491549535309,-0.10304392149161545,-0.4884930047953625,-0.5562830651912619,0.05859038660282847,0.2614536557490102,3121.0,0.5490742688828109,-0.02182808007548109
^IXIC,ladder,ad,ma200,"{'strategy': 'ladder', 'indicator': 'ad', 'n_bands': 5, 'direction': 'momentum', 'edge_mode': 'fixed', 'low_edge': 40.0, 'high_edge': 60.0, 'gate_cap': 0.0}",0.06281037358201225,0.12280798670277404,-0.059997613120761795,-0.31836457060405554,-0.7793238628593402,0.1972907144247794,0.6747343753844274,4812.0,0.3617378528701857,0.08003708514341357,0.10378440339231076,-0.023747318248897198,-0.31836457060405554,-0.7793238628593402,0.2514007290181617,0.9426197632714001,2263.0,0.29020100502512564,0.03854542315820386,0.13166491549535309,-0.09311949233714922,-0.1930000082344645,-0.5562830651912619,0.199717209915231,0.419256337232418,2548.0,0.4336208710288239,0.0429177178974547
^IXIC,reversal,ad,off,"{'strategy': 'reversal', 'indicator': 'ad', 'low_extreme': 20.0, 'high_extreme': 80.0, 'confirm': 3.0, 'batch_mode': 'time', 'batches': 3, 'gate_cap': 0.0}",0.08350454607016311,0.12280798670277404,-0.03930344063261093,-0.6706411850355956,-0.7793238628593402,0.12451449140531229,0.5679820713854564,1949.0,0.5129604365620737,0.09980263917551802,0.10378440339231076,-0.003981764216792749,-0.6706411850355956,-0.7793238628593402,0.1488167464248722,0.6022722923684879,666.0,0.7064489112227805,0.06738885720456511,0.13166491549535309,-0.06427605829078797,-0.29257282800098094,-0.5562830651912619,0.23033190629834965,0.5356126539351993,1283.0,0.31853566168735536,0.026223732182558357
^IXIC,reversal,ad,ma200,"{'strategy': 'reversal', 'indicator': 'ad', 'low_extreme': 20.0, 'high_extreme': 80.0, 'confirm': 3.0, 'batch_mode': 'time', 'batches': 3, 'gate_cap': 0.0}",0.07740312883609213,0.12280798670277404,-0.045404857866681914,-0.2257599661549684,-0.7793238628593402,0.3428558665842477,0.7744602883213253,1415.0,0.35684052191555604,0.10133769218000999,0.10378440339231076,-0.0024467112123007784,-0.2257599661549684,-0.7793238628593402,0.44887361522037417,0.8711197128434519,478.0,0.4949050809603574,0.053893171155103836,0.13166491549535309,-0.07777174434024925,-0.19839137701964993,-0.5562830651912619,0.27165077416527994,0.6645896612760808,937.0,0.21810786170138166,0.10989943191368995
^IXIC,reversal,ad,off,"{'strategy': 'reversal', 'indicator': 'ad', 'low_extreme': 20.0, 'high_extreme': 80.0, 'confirm': 3.0, 'batch_mode': 'time', 'batches': 5, 'gate_cap': 0.0}",0.09039260760414614,0.12280798670277404,-0.032415379098627906,-0.6785527165897558,-0.7793238628593402,0.13321383201947498,0.6237571516926536,2653.0,0.4951621366355336,0.10287750558981457,0.10378440339231076,-0.0009068978024961982,-0.6785527165897558,-0.7793238628593402,0.15161313642196053,0.6231906887024692,980.0,0.7001675041876047,0.07800927098462695,0.13166491549535309,-0.05365564451072613,-0.2704154054954314,-0.5562830651912619,0.28847938911507354,0.6486301956923815,1673.0,0.28916473806017257,0.03383630534861326
^IXIC,reversal,ad,ma200,"{'strategy': 'reversal', 'indicator': 'ad', 'low_extreme': 20.0, 'high_extreme': 80.0, 'confirm': 3.0, 'batch_mode': 'time', 'batches': 5, 'gate_cap': 0.0}",0.08178582259717415,0.12280798670277404,-0.04102216410559989,-0.19380561263200935,-0.7793238628593402,0.421999247010797,0.857624559299479,1891.0,0.3436247245251339,0.10636913522270741,0.10378440339231076,0.002584731830396647,-0.16839121493378562,-0.7793238628593402,0.6316786494148975,0.9365678642179235,686.0,0.4881072026800671,0.05765121070467405,0.13166491549535309,-0.07401370479067904,-0.1938056126320089,-0.5562830651912619,0.29746925242118805,0.7838134831339603,1205.0,0.19844308857563644,0.14418640034095886
^IXIC,reversal,ad,off,"{'strategy': 'reversal', 'indicator': 'ad', 'low_extreme': 20.0, 'high_extreme': 80.0, 'confirm': 5.0, 'batch_mode': 'time', 'batches': 3, 'gate_cap': 0.0}",0.08253463993888355,0.12280798670277404,-0.040273346763890494,-0.6706411850355953,-0.7793238628593402,0.12306825435199434,0.5618812275696977,1945.0,0.5131003603036346,0.10098153359791318,0.10378440339231076,-0.002802869794397589,-0.6706411850355953,-0.7793238628593402,0.1505746080783175,0.6080599746261036,668.0,0.7052624232272474,0.06432754020558229,0.13166491549535309,-0.0673373752897708,-0.29257282800098094,-0.5562830651912619,0.21986847051075642,0.5132435443012924,1277.0,0.320008415737429,0.02506329368246344
^IXIC,reversal,ad,ma200,"{'strategy': 'reversal', 'indicator': 'ad', 'low_extreme': 20.0, 'high_extreme': 80.0, 'confirm': 5.0, 'batch_mode': 'time', 'batches': 3, 'gate_cap': 0.0}",0.07743692805320501,0.12280798670277404,-0.04537105864956903,-0.22575996615496818,-0.7793238628593402,0.34300557965201883,0.7746552648769813,1412.0,0.35638576975548325,0.10194048208443207,0.10378440339231076,-0.0018439213078786931,-0.22575996615496818,-0.7793238628593402,0.4515436630357092,0.8759080082287725,478.0,0.49364879955332225,0.053380129763078266,0.13166491549535309,-0.07828478573227482,-0.19839137701964993,-0.5562830651912619,0.2690647676576748,0.6582608105136466,934.0,0.21845851742758962,0.10997959667106613
^IXIC,reversal,ad,off,"{'strategy': 'reversal', 'indicator': 'ad', 'low_extreme': 20.0, 'high_extreme': 80.0, 'confirm': 5.0, 'batch_mode': 'time', 'batches': 5, 'gate_cap': 0.0}",0.08796214693333271,0.12280798670277404,-0.034845839769441334,-0.6785527165897562,-0.7793238628593402,0.12963200173364486,0.6082965167969404,2645.0,0.4960646447686012,0.10354654294974353,0.10378440339231076,-0.00023786044256723926,-0.6785527165897562,-0.7793238628593402,0.15259911340439944,0.6265641866216364,982.0,0.6991206030150754,0.07254302922440181,0.13166491549535309,-0.059121886270951274,-0.2704154054954314,-0.5562830651912619,0.26826514965556353,0.6043079646005436,1663.0,0.29202608878602987,0.03094529683179315
^IXIC,reversal,ad,ma200,"{'strategy': 'reversal', 'indicator': 'ad', 'low_extreme': 20.0, 'high_extreme': 80.0, 'confirm': 5.0, 'batch_mode': 'time', 'batches': 5, 'gate_cap': 0.0}",0.08162495031334993,0.12280798670277404,-0.04118303638942411,-0.1938056126320089,-0.7793238628593402,0.4211691767066439,0.8569459121832087,1882.0,0.3425543079021933,0.10675768813678355,0.10378440339231076,0.0029732847444727817,-0.16839121493378584,-0.7793238628593402,0.6339860911316686,0.9399187212629888,686.0,0.4870184254606365,0.056962874888244475,0.13166491549535309,-0.07470204060710861,-0.1938056126320089,-0.5562830651912619,0.2939175708827562,0.7772067994196651,1196.0,0.19739112139701243,0.14375784884900308
^IXIC,reversal,ad,off,"{'strategy': 'reversal', 'indicator': 'ad', 'low_extreme': 30.0, 'high_extreme': 70.0, 'confirm': 3.0, 'batch_mode': 'time', 'batches': 3, 'gate_cap': 0.0}",0.06522148617669732,0.12280798670277404,-0.05758650052607672,-0.600035803783217,-0.7793238628593402,0.10869599074834668,0.5056241287620108,3398.0,0.46104872844299855,0.08474520649507711,0.10378440339231076,-0.019039196897233657,-0.600035803783217,-0.7793238628593402,0.14123358299748084,0.5846327029365794,1492.0,0.5831239530988275,0.04597111836340706,0.13166491549535309,-0.08569379713194603,-0.17800442736163313,-0.5562830651912619,0.25825828629538694,0.41334699119128415,1906.0,0.3383827757907287,0.00892649598369264
^IXIC,reversal,ad,ma200,"{'strategy': 'reversal', 'indicator': 'ad', 'low_extreme': 30.0, 'high_extreme': 70.0, 'confirm': 3.0, 'batch_mode': 'time', 'batches': 3, 'gate_cap': 0.0}",0.060497672139459446,0.12280798670277404,-0.062310314563314595,-0.22708851129300245,-0.7793238628593402,0.2664056926305793,0.6750042207003507,2483.0,0.323223843005562,0.0986549705728188,0.10378440339231076,-0.005129432819491964,-0.22708851129300245,-0.7793238628593402,0.43443400113504016,0.9422747086534622,1036.0,0.399357900614182,0.02350314053424274,0.13166491549535309,-0.10816177496111035,-0.16986960821904806,-0.5562830651912619,0.13835989133462456,0.3329792420760614,1447.0,0.24672136895995517,0.06917608831424296
^IXIC,reversal,ad,off,"{'strategy': 'reversal', 'indicator': 'ad', 'low_extreme': 30.0, 'high_extreme': 70.0, 'confirm': 3.0, 'batch_mode': 'time', 'batches': 5, 'gate_cap': 0.0}",0.06323854720014466,0.12280798670277404,-0.059569439502629384,-0.6264781973828022,-0.7793238628593402,0.10094293379136303,0.5223641686975781,4196.0,0.4266344842061076,0.08073515300408962,0.10378440339231076,-0.023049250388221143,-0.6264781973828022,-0.7793238628593402,0.1288714489049606,0.5727312860193958,2000.0,0.5747068676716919,0.04595606786325601,0.13166491549535309,-0.08570884763209707,-0.1769023034164392,-0.5562830651912619,0.259782190371329,0.4707536442571264,2196.0,0.27784557121817804,0.0046355098149675825
^IXIC,reversal,ad,ma200,"{'strategy': 'reversal', 'indicator': 'ad', 'low_extreme': 30.0, 'high_extreme': 70.0, 'confirm': 3.0, 'batch_mode': 'time', 'batches': 5, 'gate_cap': 0.0}",0.06295696281791141,0.12280798670277404,-0.05985102388486263,-0.16839121493378573,-0.7793238628593402,0.3738732026054159,0.7527094411175943,3048.0,0.29765977542239475,0.09768900656785395,0.10378440339231076,-0.006095396824456811,-0.16839121493378573,-0.7793238628593402,0.5801312533214213,0.977093256606324,1391.0,0.39045226130653266,0.029176929762047,0.13166491549535309,-0.10248798573330609,-0.14760806539596982,-0.5562830651912619,0.19766487477345954,0.4550765501888772,1657.0,0.2044182621502209,0.11363866671124878
^IXIC,reversal,ad,off,"{'strategy': 'reversal', 'indicator': 'ad', 'low_extreme': 30.0, 'high_extreme': 70.0, 'confirm': 5.0, 'batch_mode': 'time', 'batches': 3, 'gate_cap': 0.0}",0.06396401442397903,0.12280798670277404,-0.05884397227879501,-0.6057665936950115,-0.7793238628593402,0.1055918485597166,0.4936911012608542,3396.0,0.4619232518277539,0.08901349738135367,0.10378440339231076,-0.014770906010957097,-0.6057665936950115,-0.7793238628593402,0.1469435559963707,0.6107101385282434,1492.0,0.5787269681742043,0.03938720791584882,0.13166491549535309,-0.09227770757950426,-0.24975050075974659,-0.5562830651912619,0.15770622199367793,0.356631492010281,1904.0,0.34455431657198965,0.006930356056609639
^IXIC,reversal,ad,ma200,"{'strategy': 'reversal', 'indicator': 'ad', 'low_extreme': 30.0, 'high_extreme': 70.0, 'confirm': 5.0, 'batch_mode': 'time', 'batches': 3, 'gate_cap': 0.0}",0.06263628661412879,0.12280798670277404,-0.06017170008864525,-0.227088511293002,-0.7793238628593402,0.2758232297067289,0.697020931221014,2500.0,0.3227690908454892,0.10276789541979103,0.10378440339231076,-0.0010165079725197312,-0.227088511293002,-0.7793238628593402,0.4525455507839156,0.9842882171594882,1040.0,0.39565884980457844,0.023794517798614745,0.13166491549535309,-0.10787039769673834,-0.16900435025443927,-0.5562830651912619,0.14079233914861744,0.33370879323436886,1460.0,0.24952661476961918,0.07422627182950442
^IXIC,reversal,ad,off,"{'strategy': 'reversal', 'indicator': 'ad', 'low_extreme': 30.0, 'high_extreme': 70.0, 'confirm': 5.0, 'batch_mode': 'time', 'batches': 5, 'gate_cap': 0.0}",0.06541391705377952,0.12280798670277404,-0.05739406964899452,-0.6297153784019391,-0.7793238628593402,0.10387854465263936,0.5270365199672142,4204.0,0.4300766082485045,0.08516430653769014,0.10378440339231076,-0.018620096854620627,-0.6297153784019391,-0.7793238628593402,0.135242538865441,0.599577174163772,2006.0,0.5728224455611389,0.04594394855464068,0.13166491549535309,-0.0857209669407124,-0.22168827017791892,-0.5562830651912619,0.20724573527398513,0.4423975399275778,2198.0,0.2866400168314749,0.007114976071659042
^IXIC,reversal,ad,ma200,"{'strategy': 'reversal', 'indicator': 'ad', 'low_extreme': 30.0, 'high_extreme': 70.0, 'confirm': 5.0, 'batch_mode': 'time', 'batches': 5, 'gate_cap': 0.0}",0.06471498296920197,0.12280798670277404,-0.05809300373357207,-0.1683912149337855,-0.7793238628593402,0.3843132968346899,0.771884178475491,3068.0,0.2974289012488194,0.10074343383558038,0.10378440339231076,-0.0030409695567303885,-0.1683912149337855,-0.7793238628593402,0.5982701287308517,1.0092835343350106,1400.0,0.38856783919597987,0.029713499757274553,0.13166491549535309,-0.10195141573807853,-0.14777937187191048,-0.5562830651912619,0.2010666264235382,0.4584469504761128,1668.0,0.20584893751314962,0.11886951649373273
^IXIC,reversal,ad,off,"{'strategy': 'reversal', 'indicator': 'ad', 'low_extreme': 40.0, 'high_extreme': 60.0, 'confirm': 3.0, 'batch_mode': 'time', 'batches': 3, 'gate_cap': 0.0}",0.05288168192680942,0.12280798670277404,-0.06992630477596462,-0.6268597241136601,-0.7793238628593402,0.0843596739311666,0.4865577915238937,4464.0,0.38923286808689267,0.04894888983188861,0.10378440339231076,-0.054835513560422156,-0.5617528008640952,-0.7793238628593402,0.08713599604059795,0.4231727573432885,2174.0,0.4608458961474037,0.05685982197608941,0.13166491549535309,-0.07480509351926368,-0.337153154987174,-0.5562830651912619,0.16864686310959323,0.5749185327737617,2290.0,0.3172733010730065,-0.008211913293112133
^IXIC,reversal,ad,ma200,"{'strategy': 'reversal', 'indicator': 'ad', 'low_extreme': 40.0, 'high_extreme': 60.0, 'confirm': 3.0, 'batch_mode': 'time', 'batches': 3, 'gate_cap': 0.0}",0.060221310873096234,0.12280798670277404,-0.06258667582967781,-0.17903319197279,-0.7793238628593402,0.3363695313115394,0.7737950950928252,3367.0,0.27624444677650684,0.08070875324955873,0.10378440339231076,-0.023075650142752036,-0.13014372516353945,-0.7793238628593402,0.6201509381119957,0.9385064857565439,1548.0,0.3113484087102178,0.04003870761701567,0.13166491549535309,-0.09162620787833742,-0.17903319197279077,-0.5562830651912619,0.22363846153790687,0.5818692060983229,1819.0,0.2409706150501438,0.09699580702680907
^IXIC,reversal,ad,off,"{'strategy': 'reversal', 'indicator': 'ad', 'low_extreme': 40.0, 'high_extreme': 60.0, 'confirm': 3.0, 'batch_mode': 'time', 'batches': 5, 'gate_cap': 0.0}",0.05256389886176449,0.12280798670277404,-0.07024408784100955,-0.5961296448830811,-0.7793238628593402,0.08817528085199294,0.5267943217469534,5132.0,0.3412740056669115,0.051181178810186134,0.10378440339231076,-0.05260322458212463,-0.5457495347120395,-0.7793238628593402,0.09378144286864393,0.46331439173678307,2614.0,0.4334589614740369,0.053966505664705844,0.13166491549535309,-0.07769840983064724,-0.2748639000562053,-0.5562830651912619,0.19633900870092635,0.6323981053392143,2518.0,0.248642962339575,-0.006876340363808547
^IXIC,reversal,ad,ma200,"{'strategy': 'reversal', 'indicator': 'ad', 'low_extreme': 40.0, 'high_extreme': 60.0, 'confirm': 3.0, 'batch_mode': 'time', 'batches': 5, 'gate_cap': 0.0}",0.05986639639297242,0.12280798670277404,-0.06294159030980162,-0.14477549134762024,-0.7793238628593402,0.4135119545146443,0.8661597998063424,3844.0,0.2386609297932627,0.08049368662253076,0.10378440339231076,-0.023290716769780007,-0.11160081878365657,-0.7793238628593402,0.7212643016407572,1.0220340706738928,1844.0,0.2925041876046901,0.039548626912838225,0.13166491549535309,-0.09211628858251486,-0.133164443057195,-0.5562830651912619,0.29699089340126505,0.6788809565668859,2000.0,0.1845571218177993,0.12763982761997675
^IXIC,reversal,ad,off,"{'strategy': 'reversal', 'indicator': 'ad', 'low_extreme': 40.0, 'high_extreme': 60.0, 'confirm': 5.0, 'batch_mode': 'time', 'batches': 3, 'gate_cap': 0.0}",0.050719840267216876,0.12280798670277404,-0.07208814643555717,-0.6498257968777541,-0.7793238628593402,0.07805144164930458,0.47340297605469267,4460.0,0.38139713855948504,0.043733120733997044,0.10378440339231076,-0.06005128265831372,-0.550254425362451,-0.7793238628593402,0.07947799911866255,0.3931625989749181,2168.0,0.4417225013958682,0.05779849871742848,0.13166491549535309,-0.0738664167779246,-0.3763420487355711,-0.5562830651912619,0.15357969940276164,0.5762460648698994,2292.0,0.32077985833508665,-0.012032311201612467
^IXIC,reversal,ad,ma200,"{'strategy': 'reversal', 'indicator': 'ad', 'low_extreme': 40.0, 'high_extreme': 60.0, 'confirm': 5.0, 'batch_mode': 'time', 'batches': 3, 'gate_cap': 0.0}",0.061745223157959384,0.12280798670277404,-0.06106276354481466,-0.17211732485923104,-0.7793238628593402,0.35873915196194645,0.793110732478696,3377.0,0.27173190611116943,0.0832962840341922,0.10378440339231076,-0.02048811935811856,-0.11656937616879848,-0.7793238628593402,0.7145640370724373,0.9685128723437011,1547.0,0.29899497487437193,0.04053481270593262,0.13166491549535309,-0.09113010278942046,-0.17211732485923126,-0.5562830651912619,0.23550687148481206,0.5887364498918476,1830.0,0.24433691002174068,0.10685800265788978
^IXIC,reversal,ad,off,"{'strategy': 'reversal', 'indicator': 'ad', 'low_extreme': 40.0, 'high_extreme': 60.0, 'confirm': 5.0, 'batch_mode': 'time', 'batches': 5, 'gate_cap': 0.0}",0.05873867912105224,0.12280798670277404,-0.0640693075817218,-0.6022755098296546,-0.7793238628593402,0.09752792229201827,0.5847484762368781,5134.0,0.3349564487354392,0.058161578229589894,0.10378440339231076,-0.04562282516272087,-0.4835079021325409,-0.7793238628593402,0.12029085351669482,0.5263121821924373,2614.0,0.4151591289782245,0.05933161425032907,0.13166491549535309,-0.07233330124502402,-0.3533840249666682,-0.5562830651912619,0.16789557551710305,0.6762597497373054,2520.0,0.2543656637912897,0.0005695843677742327
^IXIC,reversal,ad,ma200,"{'strategy': 'reversal', 'indicator': 'ad', 'low_extreme': 40.0, 'high_extreme': 60.0, 'confirm': 5.0, 'batch_mode': 'time', 'batches': 5, 'gate_cap': 0.0}",0.06510988985092259,0.12280798670277404,-0.057698096851851455,-0.14912843787731012,-0.7793238628593402,0.43660277528347297,0.9453611286660377,3865.0,0.2353867142407388,0.08735021864838632,0.10378440339231076,-0.01643418474392444,-0.10790998602336044,-0.7793238628593402,0.8094729863969835,1.1067857012358684,1851.0,0.28241206030150756,0.043233953754883814,0.13166491549535309,-0.08843096174046927,-0.1375764878375204,-0.5562830651912619,0.3142539429116963,0.751743058618914,2014.0,0.188133810225121,0.14002225200227833
^IXIC,ladder,ad20,off,"{'strategy': 'ladder', 'indicator': 'ad20', 'n_bands': 3, 'direction': 'momentum', 'edge_mode': 'fixed', 'low_edge': 20.0, 'high_edge': 80.0, 'gate_cap': 0.0}",0.06939716269011265,0.12280798670277404,-0.053410824012661395,-0.4392913992390439,-0.7793238628593402,0.15797523650662149,0.6704360111104961,345.0,0.48310420820652744,0.05978231392598654,0.10378440339231076,-0.04400208946632422,-0.4392913992390439,-0.7793238628593402,0.1360880591551384,0.6120954062490737,177.0,0.4591708542713568,0.07371480970464495,0.13166491549535309,-0.05795010579070814,-0.2929393921269582,-0.5562830651912619,0.2516384333613193,0.6929352049751635,169.0,0.507048180096781,0.031143600195051767
^IXIC,ladder,ad20,ma200,"{'strategy': 'ladder', 'indicator': 'ad20', 'n_bands': 3, 'direction': 'momentum', 'edge_mode': 'fixed', 'low_edge': 20.0, 'high_edge': 80.0, 'gate_cap': 0.0}",0.06266833202581212,0.12280798670277404,-0.06013965467696192,-0.27599342649698966,-0.7793238628593402,0.22706458201277366,0.7957238273256254,377.0,0.36493860845839016,0.06070663682755839,0.10378440339231076,-0.04307776656475237,-0.27599342649698966,-0.7793238628593402,0.2199568214289355,0.7915204201291139,171.0,0.33207705192629816,0.059283163264720606,0.13166491549535309,-0.07238175223063248,-0.14796884540535382,-0.5562830651912619,0.4006462515965244,0.7664612076488136,207.0,0.397853986955607,0.054742039998932325
^IXIC,ladder,ad20,off,"{'strategy': 'ladder', 'indicator': 'ad20', 'n_bands': 3, 'direction': 'momentum', 'edge_mode': 'fixed', 'low_edge': 30.0, 'high_edge': 70.0, 'gate_cap': 0.0}",0.05124565005822146,0.12280798670277404,-0.07156233664455258,-0.593827994336352,-0.7793238628593402,0.08629712736175797,0.5128026409713897,945.0,0.4665757162346521,0.04135750632463098,0.10378440339231076,-0.06242689706767979,-0.5603120049760169,-0.7793238628593402,0.07381156562298039,0.4549236032849713,419.0,0.3864112227805695,0.056102144534298626,0.13166491549535309,-0.07556277096105446,-0.39410863296574694,-0.5562830651912619,0.14235198075241,0.5316367262886448,526.0,0.547022932884494,-0.008418551042028363
^IXIC,ladder,ad20,ma200,"{'strategy': 'ladder', 'indicator': 'ad20', 'n_bands': 3, 'direction': 'momentum', 'edge_mode': 'fixed', 'low_edge': 30.0, 'high_edge': 70.0, 'gate_cap': 0.0}",0.055646724058023844,0.12280798670277404,-0.0671612626447502,-0.2794302663605046,-0.7793238628593402,0.19914351005281472,0.7219215243833159,836.0,0.3612656102424179,0.05425726744003612,0.10378440339231076,-0.04952713595227465,-0.2794302663605046,-0.7793238628593402,0.1941710472051605,0.7826255592683581,362.0,0.2830820770519263,0.051892219999637,0.13166491549535309,-0.07977269549571608,-0.15478920337887458,-0.5562830651912619,0.33524444125874464,0.6427995319339039,474.0,0.43972228066484326,0.039360646434275774
^IXIC,ladder,ad20,off,"{'strategy': 'ladder', 'indicator': 'ad20', 'n_bands': 3, 'direction': 'momentum', 'edge_mode': 'fixed', 'low_edge': 40.0, 'high_edge': 60.0, 'gate_cap': 0.0}",0.053731096232063624,0.12280798670277404,-0.06907689047071042,-0.5253146722913937,-0.7793238628593402,0.10228363886676063,0.5055853982876007,1419.0,0.44626928324063386,0.03219574612169773,0.10378440339231076,-0.07158865727061303,-0.5253146722913937,-0.7793238628593402,0.06128849586717549,0.3776569422699281,585.0,0.26790201005025127,0.07060833443835768,0.13166491549535309,-0.06105658105699541,-0.3620438908394359,-0.5562830651912619,0.1950270014904685,0.5796676352337571,834.0,0.625394487691984,-0.0005326787357219989
^IXIC,ladder,ad20,ma200,"{'strategy': 'ladder', 'indicator': 'ad20', 'n_bands': 3, 'direction': 'momentum', 'edge_mode': 'fixed', 'low_edge': 40.0, 'high_edge': 60.0, 'gate_cap': 0.0}",0.05332238112824372,0.12280798670277404,-0.06948560557453032,-0.32849641322199186,-0.7793238628593402,0.16232256725497163,0.6399607524494916,1177.0,0.35743519781718963,0.04303233468406065,0.10378440339231076,-0.06075206870825012,-0.32849641322199186,-0.7793238628593402,0.13099788293572687,0.6655211658665727,469.0,0.19179229480737017,0.05860792318745123,0.13166491549535309,-0.07305699230790186,-0.16941425801841647,-0.5562830651912619,0.3459444551655159,0.6134945422267732,708.0,0.523774458236903,0.023237663557270465
^IXIC,ladder,ad20,off,"{'strategy': 'ladder', 'indicator': 'ad20', 'n_bands': 5, 'direction': 'momentum', 'edge_mode': 'fixed', 'low_edge': 20.0, 'high_edge': 80.0, 'gate_cap': 0.0}",0.05847247582224502,0.12280798670277404,-0.06433551088052902,-0.5297226061332457,-0.7793238628593402,0.11038319895212652,0.5849386618078924,1071.0,0.48084793787385877,0.04888862020453977,0.10378440339231076,-0.054895783187771,-0.5297226061332457,-0.7793238628593402,0.09229098331560044,0.5196615754168672,491.0,0.43195142378559465,0.06298466127270141,0.13166491549535309,-0.06868025422265167,-0.37339554605211844,-0.5562830651912619,0.16868080494969276,0.6126592202984681,580.0,0.5298758678729224,0.005551973052533195
^IXIC,ladder,ad20,ma200,"{'strategy': 'ladder', 'indicator': 'ad20', 'n_bands': 5, 'direction': 'momentum', 'edge_mode': 'fixed', 'low_edge': 20.0, 'high_edge': 80.0, 'gate_cap': 0.0}",0.05846986350172534,0.12280798670277404,-0.0643381232010487,-0.28121661686674837,-0.7793238628593402,0.20791752689859963,0.7780574761718729,940.0,0.3642040088151957,0.057987418093523146,0.10378440339231076,-0.04579698529878762,-0.28121661686674837,-0.7793238628593402,0.2062019618172133,0.8326633935760424,427.0,0.3068467336683417,0.05379361681767714,0.13166491549535309,-0.07787129867767595,-0.1533832989783026,-0.5562830651912619,0.350713651199318,0.7000030307516139,513.0,0.4217336419103724,0.044564136838810636
^IXIC,ladder,ad20,off,"{'strategy': 'ladder', 'indicator': 'ad20', 'n_bands': 5, 'direction': 'momentum', 'edge_mode': 'fixed', 'low_edge': 30.0, 'high_edge': 70.0, 'gate_cap': 0.0}",0.06039945601821883,0.12280798670277404,-0.06240853068455521,-0.493403925271496,-0.7793238628593402,0.1224138133578568,0.6088003364118506,1483.0,0.46951411480742994,0.04772991774350821,0.10378440339231076,-0.056054485648802554,-0.493403925271496,-0.7793238628593402,0.0967359911400072,0.5326594756726082,659.0,0.3859924623115578,0.06804172101211226,0.13166491549535309,-0.06362319448324083,-0.3294759180205331,-0.5562830651912619,0.20651500546960114,0.6451640728404173,824.0,0.5533347359562382,0.011520406932409598
^IXIC,ladder,ad20,ma200,"{'strategy': 'ladder', 'indicator': 'ad20', 'n_bands': 5, 'direction': 'momentum', 'edge_mode': 'fixed', 'low_edge': 30.0, 'high_edge': 70.0, 'gate_cap': 0.0}",0.05699236961080745,0.12280798670277404,-0.0658156170919666,-0.29926841698611084,-0.7793238628593402,0.1904389717590964,0.759499675705402,1229.0,0.3616329100640151,0.05261031971032448,0.10378440339231076,-0.05117408368198628,-0.29926841698611084,-0.7793238628593402,0.1757964313112471,0.8079113631706604,530.0,0.275963149078727,0.05622835965355799,0.13166491549535309,-0.0754365558417951,-0.16198474803638074,-0.5562830651912619,0.34712132058833994,0.6988141757912468,699.0,0.44761203450452347,0.03668621844845861
^IXIC,ladder,ad20,off,"{'strategy': 'ladder', 'indicator': 'ad20', 'n_bands': 5, 'direction': 'momentum', 'edge_mode': 'fixed', 'low_edge': 40.0, 'high_edge': 60.0, 'gate_cap': 0.0}",0.04884796927824153,0.12280798670277404,-0.07396001742453251,-0.543636107124702,-0.7793238628593402,0.08985416648757757,0.47835085630766133,2622.0,0.4534316297617798,0.026827917882315422,0.10378440339231076,-0.07695648550999534,-0.543636107124702,-0.7793238628593402,0.049349036112057765,0.32713062625558603,1099.0,0.2999895309882747,0.063820750701298,0.13166491549535309,-0.06784416479405508,-0.40131525524565015,-0.5562830651912619,0.15902896754381418,0.5597690096638193,1523.0,0.6074584472964444,-0.008434343859688477
^IXIC,ladder,ad20,ma200,"{'strategy': 'ladder', 'indicator': 'ad20', 'n_bands': 5, 'direction': 'momentum', 'edge_mode': 'fixed', 'low_edge': 40.0, 'high_edge': 60.0, 'gate_cap': 0.0}",0.05566346039311054,0.12280798670277404,-0.0671445263096635,-0.3036477410971943,-0.7793238628593402,0.18331590477827162,0.6808278981298163,2031.0,0.3611081960331619,0.04288559191282593,0.10378440339231076,-0.06089881147948484,-0.3036477410971943,-0.7793238628593402,0.14123468120613722,0.6846258466078767,816.0,0.21759840871021777,0.06105267181413154,0.13166491549535309,-0.07061224368122154,-0.18104158938535153,-0.5562830651912619,0.33723009183364716,0.6685166158542687,1215.0,0.5051546391752577,0.033039646125510545
^IXIC,reversal,ad20,off,"{'strategy': 'reversal', 'indicator': 'ad20', 'low_extreme': 20.0, 'high_extreme': 80.0, 'confirm': 3.0, 'batch_mode': 'time', 'batches': 3, 'gate_cap': 0.0}",0.0,0.12280798670277404,-0.12280798670277404,0.0,-0.7793238628593402,0.0,0.0,0.0,0.0,0.0,0.10378440339231076,-0.10378440339231076,0.0,-0.7793238628593402,0.0,0.0,0.0,0.0,0.0,0.13166491549535309,-0.13166491549535309,0.0,-0.5562830651912619,0.0,0.0,0.0,0.0,-0.07368479202166442
^IXIC,reversal,ad20,ma200,"{'strategy': 'reversal', 'indicator': 'ad20', 'low_extreme': 20.0, 'high_extreme': 80.0, 'confirm': 3.0, 'batch_mode': 'time', 'batches': 3, 'gate_cap': 0.0}",0.0,0.12280798670277404,-0.12280798670277404,0.0,-0.7793238628593402,0.0,0.0,0.0,0.0,0.0,0.10378440339231076,-0.10378440339231076,0.0,-0.7793238628593402,0.0,0.0,0.0,0.0,0.0,0.13166491549535309,-0.13166491549535309,0.0,-0.5562830651912619,0.0,0.0,0.0,0.0,-0.07368479202166442
^IXIC,reversal,ad20,off,"{'strategy': 'reversal', 'indicator': 'ad20', 'low_extreme': 20.0, 'high_extreme': 80.0, 'confirm': 3.0, 'batch_mode': 'time', 'batches': 5, 'gate_cap': 0.0}",0.0,0.12280798670277404,-0.12280798670277404,0.0,-0.7793238628593402,0.0,0.0,0.0,0.0,0.0,0.10378440339231076,-0.10378440339231076,0.0,-0.7793238628593402,0.0,0.0,0.0,0.0,0.0,0.13166491549535309,-0.13166491549535309,0.0,-0.5562830651912619,0.0,0.0,0.0,0.0,-0.07368479202166442
^IXIC,reversal,ad20,ma200,"{'strategy': 'reversal', 'indicator': 'ad20', 'low_extreme': 20.0, 'high_extreme': 80.0, 'confirm': 3.0, 'batch_mode': 'time', 'batches': 5, 'gate_cap': 0.0}",0.0,0.12280798670277404,-0.12280798670277404,0.0,-0.7793238628593402,0.0,0.0,0.0,0.0,0.0,0.10378440339231076,-0.10378440339231076,0.0,-0.7793238628593402,0.0,0.0,0.0,0.0,0.0,0.13166491549535309,-0.13166491549535309,0.0,-0.5562830651912619,0.0,0.0,0.0,0.0,-0.07368479202166442
^IXIC,reversal,ad20,off,"{'strategy': 'reversal', 'indicator': 'ad20', 'low_extreme': 20.0, 'high_extreme': 80.0, 'confirm': 5.0, 'batch_mode': 'time', 'batches': 3, 'gate_cap': 0.0}",0.0,0.12280798670277404,-0.12280798670277404,0.0,-0.7793238628593402,0.0,0.0,0.0,0.0,0.0,0.10378440339231076,-0.10378440339231076,0.0,-0.7793238628593402,0.0,0.0,0.0,0.0,0.0,0.13166491549535309,-0.13166491549535309,0.0,-0.5562830651912619,0.0,0.0,0.0,0.0,-0.07368479202166442
^IXIC,reversal,ad20,ma200,"{'strategy': 'reversal', 'indicator': 'ad20', 'low_extreme': 20.0, 'high_extreme': 80.0, 'confirm': 5.0, 'batch_mode': 'time', 'batches': 3, 'gate_cap': 0.0}",0.0,0.12280798670277404,-0.12280798670277404,0.0,-0.7793238628593402,0.0,0.0,0.0,0.0,0.0,0.10378440339231076,-0.10378440339231076,0.0,-0.7793238628593402,0.0,0.0,0.0,0.0,0.0,0.13166491549535309,-0.13166491549535309,0.0,-0.5562830651912619,0.0,0.0,0.0,0.0,-0.07368479202166442
^IXIC,reversal,ad20,off,"{'strategy': 'reversal', 'indicator': 'ad20', 'low_extreme': 20.0, 'high_extreme': 80.0, 'confirm': 5.0, 'batch_mode': 'time', 'batches': 5, 'gate_cap': 0.0}",0.0,0.12280798670277404,-0.12280798670277404,0.0,-0.7793238628593402,0.0,0.0,0.0,0.0,0.0,0.10378440339231076,-0.10378440339231076,0.0,-0.7793238628593402,0.0,0.0,0.0,0.0,0.0,0.13166491549535309,-0.13166491549535309,0.0,-0.5562830651912619,0.0,0.0,0.0,0.0,-0.07368479202166442
^IXIC,reversal,ad20,ma200,"{'strategy': 'reversal', 'indicator': 'ad20', 'low_extreme': 20.0, 'high_extreme': 80.0, 'confirm': 5.0, 'batch_mode': 'time', 'batches': 5, 'gate_cap': 0.0}",0.0,0.12280798670277404,-0.12280798670277404,0.0,-0.7793238628593402,0.0,0.0,0.0,0.0,0.0,0.10378440339231076,-0.10378440339231076,0.0,-0.7793238628593402,0.0,0.0,0.0,0.0,0.0,0.13166491549535309,-0.13166491549535309,0.0,-0.5562830651912619,0.0,0.0,0.0,0.0,-0.07368479202166442
^IXIC,reversal,ad20,off,"{'strategy': 'reversal', 'indicator': 'ad20', 'low_extreme': 30.0, 'high_extreme': 70.0, 'confirm': 3.0, 'batch_mode': 'time', 'batches': 3, 'gate_cap': 0.0}",0.07523564408427341,0.12280798670277404,-0.04757234261850063,-0.36395279909120204,-0.7793238628593402,0.20671813562675828,0.5631991620106654,3.0,0.46867457235806487,0.0,0.10378440339231076,-0.10378440339231076,0.0,-0.7793238628593402,0.0,0.0,0.0,0.0,0.1565553315916488,0.13166491549535309,0.02489041609629572,-0.36395279909120204,-0.5562830651912619,0.4301528439472669,0.7979517954336056,3.0,0.9396170839469808,0.054143848679602945
^IXIC,reversal,ad20,ma200,"{'strategy': 'reversal', 'indicator': 'ad20', 'low_extreme': 30.0, 'high_extreme': 70.0, 'confirm': 3.0, 'batch_mode': 'time', 'batches': 3, 'gate_cap': 0.0}",0.05606198213733671,0.12280798670277404,-0.06674600456543733,-0.275476272752219,-0.7793238628593402,0.203509295291513,0.5877351075501825,103.0,0.3739112183859796,0.0,0.10378440339231076,-0.10378440339231076,0.0,-0.7793238628593402,0.0,0.0,0.0,0.0,0.11557419652650647,0.13166491549535309,-0.016090718968846618,-0.275476272752219,-0.5562830651912619,0.4195431983010069,0.8327617731843946,103.0,0.7496318114874816,0.0413561153773428
^IXIC,reversal,ad20,off,"{'strategy': 'reversal', 'indicator': 'ad20', 'low_extreme': 30.0, 'high_extreme': 70.0, 'confirm': 3.0, 'batch_mode': 'time', 'batches': 5, 'gate_cap': 0.0}",0.07533375993687375,0.12280798670277404,-0.047474226765900296,-0.36395279909120215,-0.7793238628593402,0.2069877196300832,0.5642939521432688,5.0,0.46856962955189424,0.0,0.10378440339231076,-0.10378440339231076,0.0,-0.7793238628593402,0.0,0.0,0.0,0.0,0.1567669469456301,0.13166491549535309,0.025102031450277007,-0.36395279909120215,-0.5562830651912619,0.43073428020633575,0.79950488660295,5.0,0.939406690511256,0.054310551792493104
^IXIC,reversal,ad20,ma200,"{'strategy': 'reversal', 'indicator': 'ad20', 'low_extreme': 30.0, 'high_extreme': 70.0, 'confirm': 3.0, 'batch_mode': 'time', 'batches': 5, 'gate_cap': 0.0}",0.05606198213733671,0.12280798670277404,-0.06674600456543733,-0.275476272752219,-0.7793238628593402,0.203509295291513,0.5877351075501825,103.0,0.3739112183859796,0.0,0.10378440339231076,-0.10378440339231076,0.0,-0.7793238628593402,0.0,0.0,0.0,0.0,0.11557419652650647,0.13166491549535309,-0.016090718968846618,-0.275476272752219,-0.5562830651912619,0.4195431983010069,0.8327617731843946,103.0,0.7496318114874816,0.0413561153773428
^IXIC,reversal,ad20,off,"{'strategy': 'reversal', 'indicator': 'ad20', 'low_extreme': 30.0, 'high_extreme': 70.0, 'confirm': 5.0, 'batch_mode': 'time', 'batches': 3, 'gate_cap': 0.0}",0.07523564408427341,0.12280798670277404,-0.04757234261850063,-0.36395279909120204,-0.7793238628593402,0.20671813562675828,0.5631991620106654,3.0,0.46867457235806487,0.0,0.10378440339231076,-0.10378440339231076,0.0,-0.7793238628593402,0.0,0.0,0.0,0.0,0.1565553315916488,0.13166491549535309,0.02489041609629572,-0.36395279909120204,-0.5562830651912619,0.4301528439472669,0.7979517954336056,3.0,0.9396170839469808,0.054143848679602945
^IXIC,reversal,ad20,ma200,"{'strategy': 'reversal', 'indicator': 'ad20', 'low_extreme': 30.0, 'high_extreme': 70.0, 'confirm': 5.0, 'batch_mode': 'time', 'batches': 3, 'gate_cap': 0.0}",0.05606198213733671,0.12280798670277404,-0.06674600456543733,-0.275476272752219,-0.7793238628593402,0.203509295291513,0.5877351075501825,103.0,0.3739112183859796,0.0,0.10378440339231076,-0.10378440339231076,0.0,-0.7793238628593402,0.0,0.0,0.0,0.0,0.11557419652650647,0.13166491549535309,-0.016090718968846618,-0.275476272752219,-0.5562830651912619,0.4195431983010069,0.8327617731843946,103.0,0.7496318114874816,0.0413561153773428
^IXIC,reversal,ad20,off,"{'strategy': 'reversal', 'indicator': 'ad20', 'low_extreme': 30.0, 'high_extreme': 70.0, 'confirm': 5.0, 'batch_mode': 'time', 'batches': 5, 'gate_cap': 0.0}",0.07533375993687375,0.12280798670277404,-0.047474226765900296,-0.36395279909120215,-0.7793238628593402,0.2069877196300832,0.5642939521432688,5.0,0.46856962955189424,0.0,0.10378440339231076,-0.10378440339231076,0.0,-0.7793238628593402,0.0,0.0,0.0,0.0,0.1567669469456301,0.13166491549535309,0.025102031450277007,-0.36395279909120215,-0.5562830651912619,0.43073428020633575,0.79950488660295,5.0,0.939406690511256,0.054310551792493104
^IXIC,reversal,ad20,ma200,"{'strategy': 'reversal', 'indicator': 'ad20', 'low_extreme': 30.0, 'high_extreme': 70.0, 'confirm': 5.0, 'batch_mode': 'time', 'batches': 5, 'gate_cap': 0.0}",0.05606198213733671,0.12280798670277404,-0.06674600456543733,-0.275476272752219,-0.7793238628593402,0.203509295291513,0.5877351075501825,103.0,0.3739112183859796,0.0,0.10378440339231076,-0.10378440339231076,0.0,-0.7793238628593402,0.0,0.0,0.0,0.0,0.11557419652650647,0.13166491549535309,-0.016090718968846618,-0.275476272752219,-0.5562830651912619,0.4195431983010069,0.8327617731843946,103.0,0.7496318114874816,0.0413561153773428
^IXIC,reversal,ad20,off,"{'strategy': 'reversal', 'indicator': 'ad20', 'low_extreme': 40.0, 'high_extreme': 60.0, 'confirm': 3.0, 'batch_mode': 'time', 'batches': 3, 'gate_cap': 0.0}",0.04615482510571178,0.12280798670277404,-0.07665316159706226,-0.7839189255811005,-0.7793238628593402,0.058877038938048736,0.33367864364355265,96.0,0.5565117011228881,0.0574174092951214,0.10378440339231076,-0.04636699409718936,-0.7793238628593402,-0.7793238628593402,0.07367592862414973,0.3642641683261105,18.0,0.8588777219430486,0.034968384824423326,0.13166491549535309,-0.09669653067092976,-0.4636116360298945,-0.5562830651912619,0.07542602925990516,0.30287284491028926,78.0,0.2526825163054913,-0.02244108138301786
^IXIC,reversal,ad20,ma200,"{'strategy': 'reversal', 'indicator': 'ad20', 'low_extreme': 40.0, 'high_extreme': 60.0, 'confirm': 3.0, 'batch_mode': 'time', 'batches': 3, 'gate_cap': 0.0}",0.047515911736004,0.12280798670277404,-0.07529207496677004,-0.4999894857069205,-0.7793238628593402,0.09503382189891983,0.488941223530337,178.0,0.35523139888760624,0.07308690456704414,0.10378440339231076,-0.030697498825266623,-0.4999894857069205,-0.7793238628593402,0.14617688302726747,0.6028447767901106,100.0,0.5745393634840871,0.022444889751145114,0.13166491549535309,-0.10922002574420797,-0.15125188631376474,-0.5562830651912619,0.1483941146002257,0.337974697495146,78.0,0.1348621922996003,-0.007161716220494087
^IXIC,reversal,ad20,off,"{'strategy': 'reversal', 'indicator': 'ad20', 'low_extreme': 40.0, 'high_extreme': 60.0, 'confirm': 3.0, 'batch_mode': 'time', 'batches': 5, 'gate_cap': 0.0}",0.04693243757095478,0.12280798670277404,-0.07587554913181926,-0.7793238628593402,-0.7793238628593402,0.06022199474138981,0.33788338144220814,160.0,0.5565117011228881,0.056585424681174334,0.10378440339231076,-0.04719897871113643,-0.7793238628593402,-0.7793238628593402,0.07260835626611296,0.36068806088439626,30.0,0.8588777219430486,0.03733157109909446,0.13166491549535309,-0.09433334439625862,-0.46361163602989464,-0.5562830651912619,0.08052336955728878,0.3188567978292652,130.0,0.25268251630549127,-0.02143653158253563
^IXIC,reversal,ad20,ma200,"{'strategy': 'reversal', 'indicator': 'ad20', 'low_extreme': 40.0, 'high_extreme': 60.0, 'confirm': 3.0, 'batch_mode': 'time', 'batches': 5, 'gate_cap': 0.0}",0.04671196284973256,0.12280798670277404,-0.07609602385304148,-0.49998948570692026,-0.7793238628593402,0.09342589031384911,0.4821096242661279,215.0,0.35533634169377687,0.07224259106683162,0.10378440339231076,-0.031541812325479146,-0.49998948570692026,-0.7793238628593402,0.1444882205166574,0.5969692843172878,112.0,0.5745393634840871,0.021679873967378027,0.13166491549535309,-0.10998504152797506,-0.15914671979442463,-0.5562830651912619,0.13622570415138105,0.3286761602351082,103.0,0.13507258573532507,-0.008287258186285243
^IXIC,reversal,ad20,off,"{'strategy': 'reversal', 'indicator': 'ad20', 'low_extreme': 40.0, 'high_extreme': 60.0, 'confirm': 5.0, 'batch_mode': 'time', 'batches': 3, 'gate_cap': 0.0}",0.04402674217248914,0.12280798670277404,-0.0787812445302849,-0.7793238628593402,-0.7793238628593402,0.05649351222347404,0.322773394590645,96.0,0.5604995277573722,0.05594025673515479,0.10378440339231076,-0.04784414665715597,-0.7793238628593402,-0.7793238628593402,0.07178050025301409,0.35787612648262745,18.0,0.8592964824120602,0.03220031173575011,0.13166491549535309,-0.09946460375960298,-0.46361163602989464,-0.5562830651912619,0.06945535709909094,0.28486866949911216,78.0,0.2602566799915843,-0.02467134182878132
^IXIC,reversal,ad20,ma200,"{'strategy': 'reversal', 'indicator': 'ad20', 'low_extreme': 40.0, 'high_extreme': 60.0, 'confirm': 5.0, 'batch_mode': 'time', 'batches': 3, 'gate_cap': 0.0}",0.044245311054589065,0.12280798670277404,-0.07856267564818498,-0.49998948570692014,-0.7793238628593402,0.08849248298098099,0.45890362183648054,183.0,0.35638576975548325,0.07158786260479366,0.10378440339231076,-0.0321965407875171,-0.49998948570692014,-0.7793238628593402,0.14317873605597473,0.5920690509613552,100.0,0.5749581239530989,0.017482404338956536,0.13166491549535309,-0.11418251115639655,-0.1777820315300822,-0.5562830651912619,0.09833617148197774,0.2705427758391643,83.0,0.13675573322112355,-0.01174061219651859
^IXIC,reversal,ad20,off,"{'strategy': 'reversal', 'indicator': 'ad20', 'low_extreme': 40.0, 'high_extreme': 60.0, 'confirm': 5.0, 'batch_mode': 'time', 'batches': 5, 'gate_cap': 0.0}",0.0453417366205342,0.12280798670277404,-0.07746625008223984,-0.7793238628593402,-0.7793238628593402,0.058180865210742186,0.3296074184739998,160.0,0.5604995277573722,0.056165032286989325,0.10378440339231076,-0.04761937110532144,-0.7793238628593402,-0.7793238628593402,0.07206892405542382,0.35885735865393603,30.0,0.8592964824120602,0.03458742872839893,0.13166491549535309,-0.09707748676695416,-0.46361163602989464,-0.5562830651912619,0.07460431542354269,0.300619022511178,130.0,0.26025667999158425,-0.02320740396504703
^IXIC,reversal,ad20,ma200,"{'strategy': 'reversal', 'indicator': 'ad20', 'low_extreme': 40.0, 'high_extreme': 60.0, 'confirm': 5.0, 'batch_mode': 'time', 'batches': 5, 'gate_cap': 0.0}",0.04457249333066016,0.12280798670277404,-0.07823549337211388,-0.49998948570692026,-0.7793238628593402,0.08914686129377387,0.4620912596281992,220.0,0.35646972400041976,0.07181596902617482,0.10378440339231076,-0.031968434366135945,-0.49998948570692026,-0.7793238628593402,0.1436349584924498,0.5937880014156863,112.0,0.5749581239530989,0.01790398123558723,0.13166491549535309,-0.11376093425976586,-0.17130530670325717,-0.5562830651912619,0.10451504147855337,0.2765842123308055,108.0,0.13692404796970337,-0.011282551505758784
