account_id,date,cash,receivable,units,mark,market_value,equity,invested_weight,fees,dividends_received,mark_age_days
sh510300-hold-fee0.001,2015-01-01,100000.0,0.0,0.0,3.574,0.0,100000.0,0.0,0.0,0.0,1
sh510300-hold-fee0.001,2015-01-02,100000.0,0.0,0.0,3.574,0.0,100000.0,0.0,0.0,0.0,2
sh510300-hold-fee0.001,2015-01-03,100000.0,0.0,0.0,3.574,0.0,100000.0,0.0,0.0,0.0,3
sh510300-hold-fee0.001,2015-01-04,100000.0,0.0,0.0,3.574,0.0,100000.0,0.0,0.0,0.0,4
sh510300-hold-fee0.001,2015-01-05,69.3692,0.0,27700.0,3.688,102157.6,102226.9692,0.9993214197726602,99.8308,0.0,0
sh510300-hold-fee0.001,2015-01-06,69.3692,0.0,27700.0,3.663,101465.1,101534.4692,0.9993167916221303,99.8308,0.0,0
sh510300-hold-fee0.001,2015-01-07,69.3692,0.0,27700.0,3.662,101437.4,101506.7692,0.9993166051826227,99.8308,0.0,0
sh510300-hold-fee0.001,2015-01-08,69.3692,0.0,27700.0,3.582,99221.4,99290.7692,0.999301352980152,99.8308,0.0,0
sh510300-hold-fee0.001,2015-01-09,69.3692,0.0,27700.0,3.556,98501.2,98570.5692,0.9992962483572632,99.8308,0.0,0
sh510300-hold-fee0.001,2015-01-10,69.3692,0.0,27700.0,3.556,98501.2,98570.5692,0.9992962483572632,99.8308,0.0,1
sh510300-hold-fee0.001,2015-01-11,69.3692,0.0,27700.0,3.556,98501.2,98570.5692,0.9992962483572632,99.8308,0.0,2
sh510300-hold-fee0.001,2015-01-12,69.3692,0.0,27700.0,3.545,98196.5,98265.8692,0.9992940661842739,99.8308,0.0,0
sh510300-hold-fee0.001,2015-01-13,69.3692,0.0,27700.0,3.538,98002.6,98071.9692,0.9992926704687806,99.8308,0.0,0
sh510300-hold-fee0.001,2015-01-14,69.3692,0.0,27700.0,3.53,97781.0,97850.3692,0.999291068592105,99.8308,0.0,0
sh510300-hold-fee0.001,2015-01-15,69.3692,0.0,27700.0,3.63,100551.0,100620.3692,0.9993105849188237,99.8308,0.0,0
sh510300-hold-fee0.001,2015-01-16,69.3692,0.0,27700.0,3.662,101437.4,101506.7692,0.9993166051826227,99.8308,0.0,0
sh510300-hold-fee0.001,2015-01-17,69.3692,0.0,27700.0,3.662,101437.4,101506.7692,0.9993166051826227,99.8308,0.0,1
sh510300-hold-fee0.001,2015-01-18,69.3692,0.0,27700.0,3.662,101437.4,101506.7692,0.9993166051826227,99.8308,0.0,2
sh510300-hold-fee0.001,2015-01-19,69.3692,0.0,27700.0,3.296,91299.2,91368.5692,0.99924077611582,99.8308,0.0,0
sh510300-hold-fee0.001,2015-01-20,69.3692,969.5,27700.0,3.382,93681.4,94720.2692,0.9890322397859064,99.8308,0.0,0
sh510300-hold-fee0.001,2015-01-21,69.3692,969.5,27700.0,3.537,97974.9,99013.7692,0.9895078309977113,99.8308,0.0,0
sh510300-hold-fee0.001,2015-01-22,69.3692,969.5,27700.0,3.543,98141.1,99179.9692,0.9895254131617537,99.8308,0.0,0
sh510300-hold-fee0.001,2015-01-23,1038.8692,0.0,27700.0,3.56,98612.0,99650.8692,0.9895749108026847,99.8308,969.5,0
sh510300-hold-fee0.001,2015-01-24,1038.8692,0.0,27700.0,3.56,98612.0,99650.8692,0.9895749108026847,99.8308,969.5,1
sh510300-hold-fee0.001,2015-01-25,1038.8692,0.0,27700.0,3.56,98612.0,99650.8692,0.9895749108026847,99.8308,969.5,2
sh510300-hold-fee0.001,2015-01-26,1038.8692,0.0,27700.0,3.594,99553.8,100592.6692,0.9896725158178823,99.8308,969.5,0
sh510300-hold-fee0.001,2015-01-27,1038.8692,0.0,27700.0,3.558,98556.6,99595.4692,0.9895691118446982,99.8308,969.5,0
sh510300-hold-fee0.001,2015-01-28,1038.8692,0.0,27700.0,3.501,96977.7,98016.5692,0.9894010858727342,99.8308,969.5,0
sh510300-hold-fee0.001,2015-01-29,1038.8692,0.0,27700.0,3.464,95952.8,96991.6692,0.9892890883457442,99.8308,969.5,0
sh510300-hold-fee0.001,2015-01-30,1038.8692,0.0,27700.0,3.421,94761.7,95800.5692,0.9891559182928111,99.8308,969.5,0
sh510300-hold-fee0.001,2015-01-31,1038.8692,0.0,27700.0,3.421,94761.7,95800.5692,0.9891559182928111,99.8308,969.5,1
sh510300-hold-fee0.001,2015-02-01,1038.8692,0.0,27700.0,3.421,94761.7,95800.5692,0.9891559182928111,99.8308,969.5,2
sh510300-hold-fee0.001,2015-02-02,1038.8692,0.0,27700.0,3.344,92628.8,93667.6692,0.988908988460236,99.8308,969.5,0
sh510300-hold-fee0.001,2015-02-03,1038.8692,0.0,27700.0,3.423,94817.1,95855.9692,0.9891621856346532,99.8308,969.5,0
sh510300-hold-fee0.001,2015-02-04,1038.8692,0.0,27700.0,3.384,93736.8,94775.6692,0.9890386508608267,99.8308,969.5,0
sh510300-hold-fee0.001,2015-02-05,1038.8692,0.0,27700.0,3.344,92628.8,93667.6692,0.988908988460236,99.8308,969.5,0
sh510300-hold-fee0.001,2015-02-06,1038.8692,0.0,27700.0,3.294,91243.8,92282.6692,0.9887425319509505,99.8308,969.5,0
sh510300-hold-fee0.001,2015-02-07,1038.8692,0.0,27700.0,3.294,91243.8,92282.6692,0.9887425319509505,99.8308,969.5,1
sh510300-hold-fee0.001,2015-02-08,1038.8692,0.0,27700.0,3.294,91243.8,92282.6692,0.9887425319509505,99.8308,969.5,2
sh510300-hold-fee0.001,2015-02-09,1038.8692,0.0,27700.0,3.332,92296.4,93335.2692,0.9888694894341185,99.8308,969.5,0
sh510300-hold-fee0.001,2015-02-10,1038.8692,0.0,27700.0,3.399,94152.3,95191.1692,0.9890864960612333,99.8308,969.5,0
sh510300-hold-fee0.001,2015-02-11,1038.8692,0.0,27700.0,3.421,94761.7,95800.5692,0.9891559182928111,99.8308,969.5,0
sh510300-hold-fee0.001,2015-02-12,1038.8692,0.0,27700.0,3.435,95149.5,96188.3692,0.9891996380784882,99.8308,969.5,0
sh510300-hold-fee0.001,2015-02-13,1038.8692,0.0,27700.0,3.457,95758.9,96797.7692,0.9892676328330096,99.8308,969.5,0
sh510300-hold-fee0.001,2015-02-14,1038.8692,0.0,27700.0,3.457,95758.9,96797.7692,0.9892676328330096,99.8308,969.5,1
sh510300-hold-fee0.001,2015-02-15,1038.8692,0.0,27700.0,3.457,95758.9,96797.7692,0.9892676328330096,99.8308,969.5,2
sh510300-hold-fee0.001,2015-02-16,1038.8692,0.0,27700.0,3.486,96562.2,97601.0692,0.9893559649651871,99.8308,969.5,0
sh510300-hold-fee0.001,2015-02-17,1038.8692,0.0,27700.0,3.517,97420.9,98459.7692,0.9894487950922396,99.8308,969.5,0
sh510300-hold-fee0.001,2015-02-18,1038.8692,0.0,27700.0,3.517,97420.9,98459.7692,0.9894487950922396,99.8308,969.5,1
sh510300-hold-fee0.001,2015-02-19,1038.8692,0.0,27700.0,3.517,97420.9,98459.7692,0.9894487950922396,99.8308,969.5,2
sh510300-hold-fee0.001,2015-02-20,1038.8692,0.0,27700.0,3.517,97420.9,98459.7692,0.9894487950922396,99.8308,969.5,3
sh510300-hold-fee0.001,2015-02-21,1038.8692,0.0,27700.0,3.517,97420.9,98459.7692,0.9894487950922396,99.8308,969.5,4
sh510300-hold-fee0.001,2015-02-22,1038.8692,0.0,27700.0,3.517,97420.9,98459.7692,0.9894487950922396,99.8308,969.5,5
sh510300-hold-fee0.001,2015-02-23,1038.8692,0.0,27700.0,3.517,97420.9,98459.7692,0.9894487950922396,99.8308,969.5,6
sh510300-hold-fee0.001,2015-02-24,1038.8692,0.0,27700.0,3.517,97420.9,98459.7692,0.9894487950922396,99.8308,969.5,7
sh510300-hold-fee0.001,2015-02-25,1038.8692,0.0,27700.0,3.463,95925.1,96963.9692,0.9892860285261508,99.8308,969.5,0
sh510300-hold-fee0.001,2015-02-26,1038.8692,0.0,27700.0,3.566,98778.2,99817.0692,0.9895922690545196,99.8308,969.5,0
sh510300-hold-fee0.001,2015-02-27,1038.8692,0.0,27700.0,3.559,98584.3,99623.1692,0.9895720121298851,99.8308,969.5,0
sh510300-hold-fee0.001,2015-02-28,1038.8692,0.0,27700.0,3.559,98584.3,99623.1692,0.9895720121298851,99.8308,969.5,1
sh510300-hold-fee0.001,2015-03-01,1038.8692,0.0,27700.0,3.559,98584.3,99623.1692,0.9895720121298851,99.8308,969.5,2
sh510300-hold-fee0.001,2015-03-02,1038.8692,0.0,27700.0,3.587,99359.9,100398.7692,0.9896525703623865,99.8308,969.5,0
sh510300-hold-fee0.001,2015-03-03,1038.8692,0.0,27700.0,3.489,96645.3,97684.1692,0.9893650198542099,99.8308,969.5,0
sh510300-hold-fee0.001,2015-03-04,1038.8692,0.0,27700.0,3.518,97448.6,98487.4692,0.9894517626613966,99.8308,969.5,0
sh510300-hold-fee0.001,2015-03-05,1038.8692,0.0,27700.0,3.488,96617.6,97656.4692,0.9893620032701326,99.8308,969.5,0
sh510300-hold-fee0.001,2015-03-06,1038.8692,0.0,27700.0,3.466,96008.2,97047.0692,0.9892952027447729,99.8308,969.5,0
sh510300-hold-fee0.001,2015-03-07,1038.8692,0.0,27700.0,3.466,96008.2,97047.0692,0.9892952027447729,99.8308,969.5,1
sh510300-hold-fee0.001,2015-03-08,1038.8692,0.0,27700.0,3.466,96008.2,97047.0692,0.9892952027447729,99.8308,969.5,2
sh510300-hold-fee0.001,2015-03-09,1038.8692,0.0,27700.0,3.534,97891.8,98930.6692,0.9894990177626333,99.8308,969.5,0
sh510300-hold-fee0.001,2015-03-10,1038.8692,0.0,27700.0,3.509,97199.3,98238.1692,0.9894249942923407,99.8308,969.5,0
sh510300-hold-fee0.001,2015-03-11,1038.8692,0.0,27700.0,3.514,97337.8,98376.6692,0.9894398823577979,99.8308,969.5,0
sh510300-hold-fee0.001,2015-03-12,1038.8692,0.0,27700.0,3.578,99110.6,100149.4692,0.9896268127200418,99.8308,969.5,0
sh510300-hold-fee0.001,2015-03-13,1038.8692,0.0,27700.0,3.598,99664.6,100703.4692,0.9896838787357288,99.8308,969.5,0
sh510300-hold-fee0.001,2015-03-14,1038.8692,0.0,27700.0,3.598,99664.6,100703.4692,0.9896838787357288,99.8308,969.5,1
sh510300-hold-fee0.001,2015-03-15,1038.8692,0.0,27700.0,3.598,99664.6,100703.4692,0.9896838787357288,99.8308,969.5,2
sh510300-hold-fee0.001,2015-03-16,1038.8692,0.0,27700.0,3.687,102129.9,103168.7692,0.9899303906787327,99.8308,969.5,0
sh510300-hold-fee0.001,2015-03-17,1038.8692,0.0,27700.0,3.734,103431.8,104470.6692,0.9900558768508396,99.8308,969.5,0
sh510300-hold-fee0.001,2015-03-18,1038.8692,0.0,27700.0,3.833,106174.1,107212.9692,0.9903102282517515,99.8308,969.5,0
sh510300-hold-fee0.001,2015-03-19,1038.8692,0.0,27700.0,3.813,105620.1,106658.9692,0.9902598983677409,99.8308,969.5,0
sh510300-hold-fee0.001,2015-03-20,1038.8692,0.0,27700.0,3.867,107115.9,108154.7692,0.990394605733207,99.8308,969.5,0
sh510300-hold-fee0.001,2015-03-21,1038.8692,0.0,27700.0,3.867,107115.9,108154.7692,0.990394605733207,99.8308,969.5,1
sh510300-hold-fee0.001,2015-03-22,1038.8692,0.0,27700.0,3.867,107115.9,108154.7692,0.990394605733207,99.8308,969.5,2
sh510300-hold-fee0.001,2015-03-23,1038.8692,0.0,27700.0,3.945,109276.5,110315.3692,0.9905827337792203,99.8308,969.5,0
sh510300-hold-fee0.001,2015-03-24,1038.8692,0.0,27700.0,3.941,109165.7,110204.5692,0.9905732656318936,99.8308,969.5,0
sh510300-hold-fee0.001,2015-03-25,1038.8692,0.0,27700.0,3.917,108500.9,109539.7692,0.9905160545107301,99.8308,969.5,0
sh510300-hold-fee0.001,2015-03-26,1038.8692,0.0,27700.0,3.92,108584.0,109622.8692,0.9905232438488301,99.8308,969.5,0
sh510300-hold-fee0.001,2015-03-27,1038.8692,0.0,27700.0,3.95,109415.0,110453.8692,0.9905945422507662,99.8308,969.5,0
sh510300-hold-fee0.001,2015-03-28,1038.8692,0.0,27700.0,3.95,109415.0,110453.8692,0.9905945422507662,99.8308,969.5,1
sh510300-hold-fee0.001,2015-03-29,1038.8692,0.0,27700.0,3.95,109415.0,110453.8692,0.9905945422507662,99.8308,969.5,2
sh510300-hold-fee0.001,2015-03-30,1038.8692,0.0,27700.0,4.076,112905.2,113944.0692,0.9908826391115054,99.8308,969.5,0
sh510300-hold-fee0.001,2015-03-31,1038.8692,0.0,27700.0,4.031,111658.7,112697.5692,0.9907817958508373,99.8308,969.5,0
sh510300-hold-fee0.001,2015-04-01,1038.8692,0.0,27700.0,4.097,113486.9,114525.7692,0.9909289480676983,99.8308,969.5,0
sh510300-hold-fee0.001,2015-04-02,1038.8692,0.0,27700.0,4.091,113320.7,114359.5692,0.9909157650097199,99.8308,969.5,0
sh510300-hold-fee0.001,2015-04-03,1038.8692,0.0,27700.0,4.157,115148.9,116187.7692,0.9910587043098165,99.8308,969.5,0
sh510300-hold-fee0.001,2015-04-04,1038.8692,0.0,27700.0,4.157,115148.9,116187.7692,0.9910587043098165,99.8308,969.5,1
sh510300-hold-fee0.001,2015-04-05,1038.8692,0.0,27700.0,4.157,115148.9,116187.7692,0.9910587043098165,99.8308,969.5,2
sh510300-hold-fee0.001,2015-04-06,1038.8692,0.0,27700.0,4.157,115148.9,116187.7692,0.9910587043098165,99.8308,969.5,3
sh510300-hold-fee0.001,2015-04-07,1038.8692,0.0,27700.0,4.23,117171.0,118209.8692,0.9912116542634665,99.8308,969.5,0
sh510300-hold-fee0.001,2015-04-08,1038.8692,0.0,27700.0,4.264,118112.8,119151.6692,0.9912811192073505,99.8308,969.5,0
sh510300-hold-fee0.001,2015-04-09,1038.8692,0.0,27700.0,4.233,117254.1,118292.9692,0.9912178280161049,99.8308,969.5,0
sh510300-hold-fee0.001,2015-04-10,1038.8692,0.0,27700.0,4.332,119996.4,121035.2692,0.9914168059701395,99.8308,969.5,0
sh510300-hold-fee0.001,2015-04-11,1038.8692,0.0,27700.0,4.332,119996.4,121035.2692,0.9914168059701395,99.8308,969.5,1
sh510300-hold-fee0.001,2015-04-12,1038.8692,0.0,27700.0,4.332,119996.4,121035.2692,0.9914168059701395,99.8308,969.5,2
sh510300-hold-fee0.001,2015-04-13,1038.8692,0.0,27700.0,4.404,121990.8,123029.6692,0.9915559457588138,99.8308,969.5,0
sh510300-hold-fee0.001,2015-04-14,1038.8692,0.0,27700.0,4.406,122046.2,123085.0692,0.9915597463871759,99.8308,969.5,0
sh510300-hold-fee0.001,2015-04-15,1038.8692,0.0,27700.0,4.369,121021.3,122060.1692,0.9914888762910219,99.8308,969.5,0
sh510300-hold-fee0.001,2015-04-16,1038.8692,0.0,27700.0,4.512,124982.4,126021.2692,0.9917563978954118,99.8308,969.5,0
sh510300-hold-fee0.001,2015-04-17,1038.8692,0.0,27700.0,4.59,127143.0,128181.8692,0.9918953498924323,99.8308,969.5,0
sh510300-hold-fee0.001,2015-04-18,1038.8692,0.0,27700.0,4.59,127143.0,128181.8692,0.9918953498924323,99.8308,969.5,1
sh510300-hold-fee0.001,2015-04-19,1038.8692,0.0,27700.0,4.59,127143.0,128181.8692,0.9918953498924323,99.8308,969.5,2
sh510300-hold-fee0.001,2015-04-20,1038.8692,0.0,27700.0,4.49,124373.0,125411.8692,0.9917163406731203,99.8308,969.5,0
sh510300-hold-fee0.001,2015-04-21,1038.8692,0.0,27700.0,4.585,127004.5,128043.3692,0.9918865833780325,99.8308,969.5,0
sh510300-hold-fee0.001,2015-04-22,1038.8692,0.0,27700.0,4.71,130467.0,131505.8692,0.9921002065815021,99.8308,969.5,0
sh510300-hold-fee0.001,2015-04-23,1038.8692,0.0,27700.0,4.705,130328.5,131367.3692,0.9920918778664253,99.8308,969.5,0
sh510300-hold-fee0.001,2015-04-24,1038.8692,0.0,27700.0,4.688,129857.6,130896.4692,0.9920634283999464,99.8308,969.5,0
sh510300-hold-fee0.001,2015-04-25,1038.8692,0.0,27700.0,4.688,129857.6,130896.4692,0.9920634283999464,99.8308,969.5,1
sh510300-hold-fee0.001,2015-04-26,1038.8692,0.0,27700.0,4.688,129857.6,130896.4692,0.9920634283999464,99.8308,969.5,2
sh510300-hold-fee0.001,2015-04-27,1038.8692,0.0,27700.0,4.785,132544.5,133583.3692,0.9922230648454105,99.8308,969.5,0
sh510300-hold-fee0.001,2015-04-28,1038.8692,0.0,27700.0,4.723,130827.1,131865.9692,0.99212177936201,99.8308,969.5,0
sh510300-hold-fee0.001,2015-04-29,1038.8692,0.0,27700.0,4.749,131547.3,132586.1692,0.9921645733769341,99.8308,969.5,0
sh510300-hold-fee0.001,2015-04-30,1038.8692,0.0,27700.0,4.739,131270.3,132309.1692,0.992148169274424,99.8308,969.5,0
sh510300-hold-fee0.001,2015-05-01,1038.8692,0.0,27700.0,4.739,131270.3,132309.1692,0.992148169274424,99.8308,969.5,1
sh510300-hold-fee0.001,2015-05-02,1038.8692,0.0,27700.0,4.739,131270.3,132309.1692,0.992148169274424,99.8308,969.5,2
sh510300-hold-fee0.001,2015-05-03,1038.8692,0.0,27700.0,4.739,131270.3,132309.1692,0.992148169274424,99.8308,969.5,3
sh510300-hold-fee0.001,2015-05-04,1038.8692,0.0,27700.0,4.765,131990.5,133029.3692,0.992190677846197,99.8308,969.5,0
sh510300-hold-fee0.001,2015-05-05,1038.8692,0.0,27700.0,4.584,126976.8,128015.6692,0.991884827798877,99.8308,969.5,0
sh510300-hold-fee0.001,2015-05-06,1038.8692,0.0,27700.0,4.536,125647.2,126686.0692,0.9917996571638833,99.8308,969.5,0
sh510300-hold-fee0.001,2015-05-07,1038.8692,0.0,27700.0,4.457,123458.9,124497.7692,0.9916555195593014,99.8308,969.5,0
sh510300-hold-fee0.001,2015-05-08,1038.8692,0.0,27700.0,4.526,125370.2,126409.0692,0.9917816877651686,99.8308,969.5,0
sh510300-hold-fee0.001,2015-05-09,1038.8692,0.0,27700.0,4.526,125370.2,126409.0692,0.9917816877651686,99.8308,969.5,1
sh510300-hold-fee0.001,2015-05-10,1038.8692,0.0,27700.0,4.526,125370.2,126409.0692,0.9917816877651686,99.8308,969.5,2
sh510300-hold-fee0.001,2015-05-11,1038.8692,0.0,27700.0,4.675,129497.5,130536.3692,0.9920415344293183,99.8308,969.5,0
sh510300-hold-fee0.001,2015-05-12,1038.8692,0.0,27700.0,4.729,130993.3,132032.1692,0.9921316963411672,99.8308,969.5,0
sh510300-hold-fee0.001,2015-05-13,1038.8692,0.0,27700.0,4.685,129774.5,130813.3692,0.992058386643863,99.8308,969.5,0
sh510300-hold-fee0.001,2015-05-14,1038.8692,0.0,27700.0,4.674,129469.8,130508.6692,0.9920398452733591,99.8308,969.5,0
sh510300-hold-fee0.001,2015-05-15,1038.8692,0.0,27700.0,4.588,127087.6,128126.4692,0.9918918455609795,99.8308,969.5,0
sh510300-hold-fee0.001,2015-05-16,1038.8692,0.0,27700.0,4.588,127087.6,128126.4692,0.9918918455609795,99.8308,969.5,1
sh510300-hold-fee0.001,2015-05-17,1038.8692,0.0,27700.0,4.588,127087.6,128126.4692,0.9918918455609795,99.8308,969.5,2
sh510300-hold-fee0.001,2015-05-18,1038.8692,0.0,27700.0,4.554,126145.8,127184.6692,0.9918318048351695,99.8308,969.5,0
sh510300-hold-fee0.001,2015-05-19,1038.8692,0.0,27700.0,4.711,130494.7,131533.5692,0.9921018702197583,99.8308,969.5,0
sh510300-hold-fee0.001,2015-05-20,1038.8692,0.0,27700.0,4.733,131104.1,132142.9692,0.992138293801862,99.8308,969.5,0
sh510300-hold-fee0.001,2015-05-21,1038.8692,0.0,27700.0,4.83,133791.0,134829.8692,0.9922949624874368,99.8308,969.5,0
sh510300-hold-fee0.001,2015-05-22,1038.8692,0.0,27700.0,4.934,136671.8,137710.6692,0.9924561458742805,99.8308,969.5,0
sh510300-hold-fee0.001,2015-05-23,1038.8692,0.0,27700.0,4.934,136671.8,137710.6692,0.9924561458742805,99.8308,969.5,1
sh510300-hold-fee0.001,2015-05-24,1038.8692,0.0,27700.0,4.934,136671.8,137710.6692,0.9924561458742805,99.8308,969.5,2
sh510300-hold-fee0.001,2015-05-25,1038.8692,0.0,27700.0,5.09,140993.0,142031.8692,0.9926856612825595,99.8308,969.5,0
sh510300-hold-fee0.001,2015-05-26,1038.8692,0.0,27700.0,5.165,143070.5,144109.3692,0.9927911057707968,99.8308,969.5,0
sh510300-hold-fee0.001,2015-05-27,1038.8692,0.0,27700.0,5.165,143070.5,144109.3692,0.9927911057707968,99.8308,969.5,0
sh510300-hold-fee0.001,2015-05-28,1038.8692,0.0,27700.0,4.815,133375.5,134414.3692,0.9922711447728164,99.8308,969.5,0
sh510300-hold-fee0.001,2015-05-29,1038.8692,0.0,27700.0,4.818,133458.6,134497.4692,0.9922759200884651,99.8308,969.5,0
sh510300-hold-fee0.001,2015-05-30,1038.8692,0.0,27700.0,4.818,133458.6,134497.4692,0.9922759200884651,99.8308,969.5,1
sh510300-hold-fee0.001,2015-05-31,1038.8692,0.0,27700.0,4.818,133458.6,134497.4692,0.9922759200884651,99.8308,969.5,2
sh510300-hold-fee0.001,2015-06-01,1038.8692,0.0,27700.0,5.07,140439.0,141477.8692,0.9926570197453892,99.8308,969.5,0
sh510300-hold-fee0.001,2015-06-02,1038.8692,0.0,27700.0,5.156,142821.2,143860.0692,0.9927786132331431,99.8308,969.5,0
sh510300-hold-fee0.001,2015-06-03,1038.8692,0.0,27700.0,5.113,141630.1,142668.9692,0.9927183240628614,99.8308,969.5,0
sh510300-hold-fee0.001,2015-06-04,1038.8692,0.0,27700.0,5.171,143236.7,144275.5692,0.9927994101443476,99.8308,969.5,0
sh510300-hold-fee0.001,2015-06-05,1038.8692,0.0,27700.0,5.179,143458.3,144497.1692,0.9928104529261602,99.8308,969.5,0
sh510300-hold-fee0.001,2015-06-06,1038.8692,0.0,27700.0,5.179,143458.3,144497.1692,0.9928104529261602,99.8308,969.5,1
sh510300-hold-fee0.001,2015-06-07,1038.8692,0.0,27700.0,5.179,143458.3,144497.1692,0.9928104529261602,99.8308,969.5,2
sh510300-hold-fee0.001,2015-06-08,1038.8692,0.0,27700.0,5.306,146976.2,148015.0692,0.9929813281470938,99.8308,969.5,0
sh510300-hold-fee0.001,2015-06-09,1038.8692,0.0,27700.0,5.263,145785.1,146823.9692,0.9929243896234349,99.8308,969.5,0
sh510300-hold-fee0.001,2015-06-10,1038.8692,0.0,27700.0,5.258,145646.6,146685.4692,0.9929177088523776,99.8308,969.5,0
sh510300-hold-fee0.001,2015-06-11,1038.8692,0.0,27700.0,5.259,145674.3,146713.1692,0.9929190460156728,99.8308,969.5,0
sh510300-hold-fee0.001,2015-06-12,1038.8692,0.0,27700.0,5.298,146754.6,147793.4692,0.9929708044230685,99.8308,969.5,0
sh510300-hold-fee0.001,2015-06-13,1038.8692,0.0,27700.0,5.298,146754.6,147793.4692,0.9929708044230685,99.8308,969.5,1
sh510300-hold-fee0.001,2015-06-14,1038.8692,0.0,27700.0,5.298,146754.6,147793.4692,0.9929708044230685,99.8308,969.5,2
sh510300-hold-fee0.001,2015-06-15,1038.8692,0.0,27700.0,5.171,143236.7,144275.5692,0.9927994101443476,99.8308,969.5,0
sh510300-hold-fee0.001,2015-06-16,1038.8692,0.0,27700.0,5.035,139469.5,140508.3692,0.9926063535865165,99.8308,969.5,0
sh510300-hold-fee0.001,2015-06-17,1038.8692,0.0,27700.0,5.11,141547.0,142585.8692,0.9927140802533327,99.8308,969.5,0
sh510300-hold-fee0.001,2015-06-18,1038.8692,0.0,27700.0,4.909,135979.3,137018.1692,0.9924180186754386,99.8308,969.5,0
sh510300-hold-fee0.001,2015-06-19,1038.8692,0.0,27700.0,4.603,127503.1,128541.9692,0.991918054418603,99.8308,969.5,0
sh510300-hold-fee0.001,2015-06-20,1038.8692,0.0,27700.0,4.603,127503.1,128541.9692,0.991918054418603,99.8308,969.5,1
sh510300-hold-fee0.001,2015-06-21,1038.8692,0.0,27700.0,4.603,127503.1,128541.9692,0.991918054418603,99.8308,969.5,2
sh510300-hold-fee0.001,2015-06-22,1038.8692,0.0,27700.0,4.603,127503.1,128541.9692,0.991918054418603,99.8308,969.5,3
sh510300-hold-fee0.001,2015-06-23,1038.8692,0.0,27700.0,4.766,132018.2,133057.0692,0.9921923036014083,99.8308,969.5,0
sh510300-hold-fee0.001,2015-06-24,1038.8692,0.0,27700.0,4.871,134926.7,135965.5692,0.9923593215097576,99.8308,969.5,0
sh510300-hold-fee0.001,2015-06-25,1038.8692,0.0,27700.0,4.696,130079.2,131118.0692,0.9920768418392787,99.8308,969.5,0
sh510300-hold-fee0.001,2015-06-26,1038.8692,0.0,27700.0,4.346,120384.2,121423.0692,0.9914442189046561,99.8308,969.5,0
sh510300-hold-fee0.001,2015-06-27,1038.8692,0.0,27700.0,4.346,120384.2,121423.0692,0.9914442189046561,99.8308,969.5,1
sh510300-hold-fee0.001,2015-06-28,1038.8692,0.0,27700.0,4.346,120384.2,121423.0692,0.9914442189046561,99.8308,969.5,2
sh510300-hold-fee0.001,2015-06-29,1038.8692,0.0,27700.0,4.182,115841.4,116880.2692,0.9911116802937685,99.8308,969.5,0
sh510300-hold-fee0.001,2015-06-30,1038.8692,0.0,27700.0,4.484,124206.8,125245.6692,0.9917053483235331,99.8308,969.5,0
sh510300-hold-fee0.001,2015-07-01,1038.8692,0.0,27700.0,4.197,116256.9,117295.7692,0.991143165630905,99.8308,969.5,0
sh510300-hold-fee0.001,2015-07-02,1038.8692,0.0,27700.0,4.108,113791.6,114830.4692,0.9909530178946617,99.8308,969.5,0
sh510300-hold-fee0.001,2015-07-03,1038.8692,0.0,27700.0,3.919,108556.3,109595.1692,0.9905208486141924,99.8308,969.5,0
sh510300-hold-fee0.001,2015-07-04,1038.8692,0.0,27700.0,3.919,108556.3,109595.1692,0.9905208486141924,99.8308,969.5,1
sh510300-hold-fee0.001,2015-07-05,1038.8692,0.0,27700.0,3.919,108556.3,109595.1692,0.9905208486141924,99.8308,969.5,2
sh510300-hold-fee0.001,2015-07-06,1038.8692,0.0,27700.0,4.025,111492.5,112531.3692,0.9907681812868229,99.8308,969.5,0
sh510300-hold-fee0.001,2015-07-07,1038.8692,0.0,27700.0,3.848,106589.6,107628.4692,0.9903476356421131,99.8308,969.5,0
sh510300-hold-fee0.001,2015-07-08,1038.8692,0.0,27700.0,3.463,95925.1,96963.9692,0.9892860285261508,99.8308,969.5,0
sh510300-hold-fee0.001,2015-07-09,1038.8692,0.0,27700.0,3.809,105509.3,106548.1692,0.9902497695849662,99.8308,969.5,0
sh510300-hold-fee0.001,2015-07-10,1038.8692,0.0,27700.0,4.189,116035.3,117074.1692,0.9911264012625597,99.8308,969.5,0
sh510300-hold-fee0.001,2015-07-11,1038.8692,0.0,27700.0,4.189,116035.3,117074.1692,0.9911264012625597,99.8308,969.5,1
sh510300-hold-fee0.001,2015-07-12,1038.8692,0.0,27700.0,4.189,116035.3,117074.1692,0.9911264012625597,99.8308,969.5,2
sh510300-hold-fee0.001,2015-07-13,1038.8692,0.0,27700.0,4.234,117281.8,118320.6692,0.9912198840065384,99.8308,969.5,0
sh510300-hold-fee0.001,2015-07-14,1038.8692,0.0,27700.0,4.154,115065.8,116104.6692,0.9910523047250541,99.8308,969.5,0
sh510300-hold-fee0.001,2015-07-15,1038.8692,0.0,27700.0,3.945,109276.5,110315.3692,0.9905827337792203,99.8308,969.5,0
sh510300-hold-fee0.001,2015-07-16,1038.8692,0.0,27700.0,4.036,111797.2,112836.0692,0.9907931106837954,99.8308,969.5,0
sh510300-hold-fee0.001,2015-07-17,1038.8692,0.0,27700.0,4.2,116340.0,117378.8692,0.9911494359497544,99.8308,969.5,0
sh510300-hold-fee0.001,2015-07-18,1038.8692,0.0,27700.0,4.2,116340.0,117378.8692,0.9911494359497544,99.8308,969.5,1
sh510300-hold-fee0.001,2015-07-19,1038.8692,0.0,27700.0,4.2,116340.0,117378.8692,0.9911494359497544,99.8308,969.5,2
sh510300-hold-fee0.001,2015-07-20,1038.8692,0.0,27700.0,4.188,116007.6,117046.4692,0.9911243012531642,99.8308,969.5,0
sh510300-hold-fee0.001,2015-07-21,1038.8692,0.0,27700.0,4.214,116727.8,117766.6692,0.9911785804331809,99.8308,969.5,0
sh510300-hold-fee0.001,2015-07-22,1038.8692,0.0,27700.0,4.194,116173.8,117212.6692,0.9911368864211481,99.8308,969.5,0
sh510300-hold-fee0.001,2015-07-23,1038.8692,0.0,27700.0,4.308,119331.6,120370.4692,0.9913694014245813,99.8308,969.5,0
sh510300-hold-fee0.001,2015-07-24,1038.8692,0.0,27700.0,4.218,116838.6,117877.4692,0.9911868722067881,99.8308,969.5,0
sh510300-hold-fee0.001,2015-07-25,1038.8692,0.0,27700.0,4.218,116838.6,117877.4692,0.9911868722067881,99.8308,969.5,1
sh510300-hold-fee0.001,2015-07-26,1038.8692,0.0,27700.0,4.218,116838.6,117877.4692,0.9911868722067881,99.8308,969.5,2
sh510300-hold-fee0.001,2015-07-27,1038.8692,0.0,27700.0,3.803,105343.1,106381.9692,0.9902345368504422,99.8308,969.5,0
sh510300-hold-fee0.001,2015-07-28,1038.8692,0.0,27700.0,3.847,106561.9,107600.7692,0.9903451508039963,99.8308,969.5,0
sh510300-hold-fee0.001,2015-07-29,1038.8692,0.0,27700.0,3.988,110467.6,111506.4692,0.9906833279947492,99.8308,969.5,0
sh510300-hold-fee0.001,2015-07-30,1038.8692,0.0,27700.0,3.851,106672.7,107711.5692,0.990355082488205,99.8308,969.5,0
sh510300-hold-fee0.001,2015-07-31,1038.8692,0.0,27700.0,3.851,106672.7,107711.5692,0.990355082488205,99.8308,969.5,0
sh510300-hold-fee0.001,2015-08-01,1038.8692,0.0,27700.0,3.851,106672.7,107711.5692,0.990355082488205,99.8308,969.5,1
sh510300-hold-fee0.001,2015-08-02,1038.8692,0.0,27700.0,3.851,106672.7,107711.5692,0.990355082488205,99.8308,969.5,2
sh510300-hold-fee0.001,2015-08-03,1038.8692,0.0,27700.0,3.852,106700.4,107739.2692,0.9903575622174352,99.8308,969.5,0
sh510300-hold-fee0.001,2015-08-04,1038.8692,0.0,27700.0,4.005,110938.5,111977.3692,0.9907225075261011,99.8308,969.5,0
sh510300-hold-fee0.001,2015-08-05,1038.8692,0.0,27700.0,3.916,108473.2,109512.0692,0.9905136556400671,99.8308,969.5,0
sh510300-hold-fee0.001,2015-08-06,1038.8692,0.0,27700.0,3.873,107282.1,108320.9692,0.9904093435678011,99.8308,969.5,0
sh510300-hold-fee0.001,2015-08-07,1038.8692,0.0,27700.0,3.953,109498.1,110536.9692,0.9906016131298089,99.8308,969.5,0
sh510300-hold-fee0.001,2015-08-08,1038.8692,0.0,27700.0,3.953,109498.1,110536.9692,0.9906016131298089,99.8308,969.5,1
sh510300-hold-fee0.001,2015-08-09,1038.8692,0.0,27700.0,3.953,109498.1,110536.9692,0.9906016131298089,99.8308,969.5,2
sh510300-hold-fee0.001,2015-08-10,1038.8692,0.0,27700.0,4.148,114899.6,115938.4692,0.99103947803375,99.8308,969.5,0
sh510300-hold-fee0.001,2015-08-11,1038.8692,0.0,27700.0,4.099,113542.3,114581.1692,0.990933333921679,99.8308,969.5,0
sh510300-hold-fee0.001,2015-08-12,1038.8692,0.0,27700.0,4.057,112378.9,113417.7692,0.9908403312168126,99.8308,969.5,0
sh510300-hold-fee0.001,2015-08-13,1038.8692,0.0,27700.0,4.112,113902.4,114941.2692,0.9909617389190966,99.8308,969.5,0
sh510300-hold-fee0.001,2015-08-14,1038.8692,0.0,27700.0,4.102,113625.4,114664.2692,0.990939904756311,99.8308,969.5,0
sh510300-hold-fee0.001,2015-08-15,1038.8692,0.0,27700.0,4.102,113625.4,114664.2692,0.990939904756311,99.8308,969.5,1
sh510300-hold-fee0.001,2015-08-16,1038.8692,0.0,27700.0,4.102,113625.4,114664.2692,0.990939904756311,99.8308,969.5,2
sh510300-hold-fee0.001,2015-08-17,1038.8692,0.0,27700.0,4.109,113819.3,114858.1692,0.9909551997281879,99.8308,969.5,0
sh510300-hold-fee0.001,2015-08-18,1038.8692,0.0,27700.0,3.827,106007.9,107046.7692,0.990295183985805,99.8308,969.5,0
sh510300-hold-fee0.001,2015-08-19,1038.8692,0.0,27700.0,3.915,108445.5,109484.3692,0.9905112555555556,99.8308,969.5,0
sh510300-hold-fee0.001,2015-08-20,1038.8692,0.0,27700.0,3.815,105675.5,106714.3692,0.9902649548717006,99.8308,969.5,0
sh510300-hold-fee0.001,2015-08-21,1038.8692,0.0,27700.0,3.625,100412.5,101451.3692,0.989759929233168,99.8308,969.5,0
sh510300-hold-fee0.001,2015-08-22,1038.8692,0.0,27700.0,3.625,100412.5,101451.3692,0.989759929233168,99.8308,969.5,1
sh510300-hold-fee0.001,2015-08-23,1038.8692,0.0,27700.0,3.625,100412.5,101451.3692,0.989759929233168,99.8308,969.5,2
sh510300-hold-fee0.001,2015-08-24,1038.8692,0.0,27700.0,3.263,90385.1,91423.9692,0.9886367961368275,99.8308,969.5,0
sh510300-hold-fee0.001,2015-08-25,1038.8692,0.0,27700.0,2.983,82629.1,83667.9692,0.9875834299561319,99.8308,969.5,0
sh510300-hold-fee0.001,2015-08-26,1038.8692,0.0,27700.0,3.067,84955.9,85994.7692,0.9879193907994116,99.8308,969.5,0
sh510300-hold-fee0.001,2015-08-27,1038.8692,0.0,27700.0,3.257,90218.9,91257.7692,0.9886161013017618,99.8308,969.5,0
sh510300-hold-fee0.001,2015-08-28,1038.8692,0.0,27700.0,3.402,94235.4,95274.2692,0.98909601502354,99.8308,969.5,0
sh510300-hold-fee0.001,2015-08-29,1038.8692,0.0,27700.0,3.402,94235.4,95274.2692,0.98909601502354,99.8308,969.5,1
sh510300-hold-fee0.001,2015-08-30,1038.8692,0.0,27700.0,3.402,94235.4,95274.2692,0.98909601502354,99.8308,969.5,2
sh510300-hold-fee0.001,2015-08-31,1038.8692,0.0,27700.0,3.395,94041.5,95080.3692,0.9890737782284506,99.8308,969.5,0
sh510300-hold-fee0.001,2015-09-01,1038.8692,0.0,27700.0,3.382,93681.4,94720.2692,0.9890322397859064,99.8308,969.5,0
sh510300-hold-fee0.001,2015-09-02,1038.8692,0.0,27700.0,3.372,93404.4,94443.2692,0.9890000715900673,99.8308,969.5,0
sh510300-hold-fee0.001,2015-09-03,1038.8692,0.0,27700.0,3.372,93404.4,94443.2692,0.9890000715900673,99.8308,969.5,1
sh510300-hold-fee0.001,2015-09-04,1038.8692,0.0,27700.0,3.372,93404.4,94443.2692,0.9890000715900673,99.8308,969.5,2
sh510300-hold-fee0.001,2015-09-05,1038.8692,0.0,27700.0,3.372,93404.4,94443.2692,0.9890000715900673,99.8308,969.5,3
sh510300-hold-fee0.001,2015-09-06,1038.8692,0.0,27700.0,3.372,93404.4,94443.2692,0.9890000715900673,99.8308,969.5,4
sh510300-hold-fee0.001,2015-09-07,1038.8692,0.0,27700.0,3.289,91105.3,92144.1692,0.988725611082942,99.8308,969.5,0
sh510300-hold-fee0.001,2015-09-08,1038.8692,0.0,27700.0,3.378,93570.6,94609.4692,0.9890193951114568,99.8308,969.5,0
sh510300-hold-fee0.001,2015-09-09,1038.8692,0.0,27700.0,3.442,95343.4,96382.2692,0.9892213660393877,99.8308,969.5,0
sh510300-hold-fee0.001,2015-09-10,1038.8692,0.0,27700.0,3.381,93653.7,94692.5692,0.9890290314353409,99.8308,969.5,0
sh510300-hold-fee0.001,2015-09-11,1038.8692,0.0,27700.0,3.388,93847.6,94886.4692,0.9890514505518138,99.8308,969.5,0
sh510300-hold-fee0.001,2015-09-12,1038.8692,0.0,27700.0,3.388,93847.6,94886.4692,0.9890514505518138,99.8308,969.5,1
sh510300-hold-fee0.001,2015-09-13,1038.8692,0.0,27700.0,3.388,93847.6,94886.4692,0.9890514505518138,99.8308,969.5,2
sh510300-hold-fee0.001,2015-09-14,1038.8692,0.0,27700.0,3.269,90551.3,91590.1692,0.9886574158659814,99.8308,969.5,0
sh510300-hold-fee0.001,2015-09-15,1038.8692,0.0,27700.0,3.173,87892.1,88930.9692,0.9883182516805405,99.8308,969.5,0
sh510300-hold-fee0.001,2015-09-16,1038.8692,0.0,27700.0,3.345,92656.5,93695.3692,0.9889122673951746,99.8308,969.5,0
sh510300-hold-fee0.001,2015-09-17,1038.8692,0.0,27700.0,3.28,90856.0,91894.8692,0.9886950249884027,99.8308,969.5,0
sh510300-hold-fee0.001,2015-09-18,1038.8692,0.0,27700.0,3.279,90828.3,91867.1692,0.9886916162863545,99.8308,969.5,0
sh510300-hold-fee0.001,2015-09-19,1038.8692,0.0,27700.0,3.279,90828.3,91867.1692,0.9886916162863545,99.8308,969.5,1
sh510300-hold-fee0.001,2015-09-20,1038.8692,0.0,27700.0,3.279,90828.3,91867.1692,0.9886916162863545,99.8308,969.5,2
sh510300-hold-fee0.001,2015-09-21,1038.8692,0.0,27700.0,3.339,92490.3,93529.1692,0.98889256465244,99.8308,969.5,0
sh510300-hold-fee0.001,2015-09-22,1038.8692,0.0,27700.0,3.365,93210.5,94249.3692,0.9889774413471618,99.8308,969.5,0
sh510300-hold-fee0.001,2015-09-23,1038.8692,0.0,27700.0,3.287,91049.9,92088.7692,0.9887188284844619,99.8308,969.5,0
sh510300-hold-fee0.001,2015-09-24,1038.8692,0.0,27700.0,3.315,91825.5,92864.3692,0.9888130484388193,99.8308,969.5,0
sh510300-hold-fee0.001,2015-09-25,1038.8692,0.0,27700.0,3.243,89831.1,90869.9692,0.9885675189598282,99.8308,969.5,0
sh510300-hold-fee0.001,2015-09-26,1038.8692,0.0,27700.0,3.243,89831.1,90869.9692,0.9885675189598282,99.8308,969.5,1
sh510300-hold-fee0.001,2015-09-27,1038.8692,0.0,27700.0,3.243,89831.1,90869.9692,0.9885675189598282,99.8308,969.5,2
sh510300-hold-fee0.001,2015-09-28,1038.8692,0.0,27700.0,3.262,90357.4,91396.2692,0.9886333522244035,99.8308,969.5,0
sh510300-hold-fee0.001,2015-09-29,1038.8692,0.0,27700.0,3.199,88612.3,89651.1692,0.9884120953550264,99.8308,969.5,0
sh510300-hold-fee0.001,2015-09-30,1038.8692,0.0,27700.0,3.221,89221.7,90260.5692,0.9884903318336264,99.8308,969.5,0
sh510300-hold-fee0.001,2015-10-01,1038.8692,0.0,27700.0,3.221,89221.7,90260.5692,0.9884903318336264,99.8308,969.5,1
sh510300-hold-fee0.001,2015-10-02,1038.8692,0.0,27700.0,3.221,89221.7,90260.5692,0.9884903318336264,99.8308,969.5,2
sh510300-hold-fee0.001,2015-10-03,1038.8692,0.0,27700.0,3.221,89221.7,90260.5692,0.9884903318336264,99.8308,969.5,3
sh510300-hold-fee0.001,2015-10-04,1038.8692,0.0,27700.0,3.221,89221.7,90260.5692,0.9884903318336264,99.8308,969.5,4
sh510300-hold-fee0.001,2015-10-05,1038.8692,0.0,27700.0,3.221,89221.7,90260.5692,0.9884903318336264,99.8308,969.5,5
sh510300-hold-fee0.001,2015-10-06,1038.8692,0.0,27700.0,3.221,89221.7,90260.5692,0.9884903318336264,99.8308,969.5,6
sh510300-hold-fee0.001,2015-10-07,1038.8692,0.0,27700.0,3.221,89221.7,90260.5692,0.9884903318336264,99.8308,969.5,7
sh510300-hold-fee0.001,2015-10-08,1038.8692,0.0,27700.0,3.337,92434.9,93473.7692,0.9888859815016425,99.8308,969.5,0
sh510300-hold-fee0.001,2015-10-09,1038.8692,0.0,27700.0,3.379,93598.3,94637.1692,0.9890226090997658,99.8308,969.5,0
sh510300-hold-fee0.001,2015-10-10,1038.8692,0.0,27700.0,3.379,93598.3,94637.1692,0.9890226090997658,99.8308,969.5,1
sh510300-hold-fee0.001,2015-10-11,1038.8692,0.0,27700.0,3.379,93598.3,94637.1692,0.9890226090997658,99.8308,969.5,2
sh510300-hold-fee0.001,2015-10-12,1038.8692,0.0,27700.0,3.52,97504.0,98542.8692,0.9894576927946807,99.8308,969.5,0
sh510300-hold-fee0.001,2015-10-13,1038.8692,0.0,27700.0,3.495,96811.5,97850.3692,0.9893830834927498,99.8308,969.5,0
sh510300-hold-fee0.001,2015-10-14,1038.8692,0.0,27700.0,3.457,95758.9,96797.7692,0.9892676328330096,99.8308,969.5,0
sh510300-hold-fee0.001,2015-10-15,1038.8692,0.0,27700.0,3.546,98224.2,99263.0692,0.9895341821649013,99.8308,969.5,0
sh510300-hold-fee0.001,2015-10-16,1038.8692,0.0,27700.0,3.595,99581.5,100620.3692,0.9896753588934357,99.8308,969.5,0
sh510300-hold-fee0.001,2015-10-17,1038.8692,0.0,27700.0,3.595,99581.5,100620.3692,0.9896753588934357,99.8308,969.5,1
sh510300-hold-fee0.001,2015-10-18,1038.8692,0.0,27700.0,3.595,99581.5,100620.3692,0.9896753588934357,99.8308,969.5,2
sh510300-hold-fee0.001,2015-10-19,1038.8692,0.0,27700.0,3.589,99415.3,100454.1692,0.9896582769209742,99.8308,969.5,0
sh510300-hold-fee0.001,2015-10-20,1038.8692,0.0,27700.0,3.636,100717.2,101756.0692,0.9897905922647413,99.8308,969.5,0
sh510300-hold-fee0.001,2015-10-21,1038.8692,0.0,27700.0,3.527,97697.9,98736.7692,0.9894783958557963,99.8308,969.5,0
sh510300-hold-fee0.001,2015-10-22,1038.8692,0.0,27700.0,3.572,98944.4,99983.2692,0.9896095695978703,99.8308,969.5,0
sh510300-hold-fee0.001,2015-10-23,1038.8692,0.0,27700.0,3.635,100689.5,101728.3692,0.9897878123067365,99.8308,969.5,0
sh510300-hold-fee0.001,2015-10-24,1038.8692,0.0,27700.0,3.635,100689.5,101728.3692,0.9897878123067365,99.8308,969.5,1
sh510300-hold-fee0.001,2015-10-25,1038.8692,0.0,27700.0,3.635,100689.5,101728.3692,0.9897878123067365,99.8308,969.5,2
sh510300-hold-fee0.001,2015-10-26,1038.8692,0.0,27700.0,3.641,100855.7,101894.5692,0.9898044693828492,99.8308,969.5,0
sh510300-hold-fee0.001,2015-10-27,1038.8692,0.0,27700.0,3.643,100911.1,101949.9692,0.9898100096728621,99.8308,969.5,0
sh510300-hold-fee0.001,2015-10-28,1038.8692,0.0,27700.0,3.579,99138.3,100177.1692,0.98962968101119,99.8308,969.5,0
sh510300-hold-fee0.001,2015-10-29,1038.8692,0.0,27700.0,3.584,99276.8,100315.6692,0.9896439987064354,99.8308,969.5,0
sh510300-hold-fee0.001,2015-10-30,1038.8692,0.0,27700.0,3.585,99304.5,100343.3692,0.9896468575025683,99.8308,969.5,0
sh510300-hold-fee0.001,2015-10-31,1038.8692,0.0,27700.0,3.585,99304.5,100343.3692,0.9896468575025683,99.8308,969.5,1
sh510300-hold-fee0.001,2015-11-01,1038.8692,0.0,27700.0,3.585,99304.5,100343.3692,0.9896468575025683,99.8308,969.5,2
sh510300-hold-fee0.001,2015-11-02,1038.8692,0.0,27700.0,3.525,97642.5,98681.3692,0.989472488997447,99.8308,969.5,0
sh510300-hold-fee0.001,2015-11-03,1038.8692,0.0,27700.0,3.498,96894.6,97933.4692,0.989392092320569,99.8308,969.5,0
sh510300-hold-fee0.001,2015-11-04,1038.8692,0.0,27700.0,3.708,102711.6,103750.4692,0.9899868481751406,99.8308,969.5,0
sh510300-hold-fee0.001,2015-11-05,1038.8692,0.0,27700.0,3.767,104345.9,105384.7692,0.9901421314684627,99.8308,969.5,0
sh510300-hold-fee0.001,2015-11-06,1038.8692,0.0,27700.0,3.857,106838.9,107877.7692,0.9903699417618287,99.8308,969.5,0
sh510300-hold-fee0.001,2015-11-07,1038.8692,0.0,27700.0,3.857,106838.9,107877.7692,0.9903699417618287,99.8308,969.5,1
sh510300-hold-fee0.001,2015-11-08,1038.8692,0.0,27700.0,3.857,106838.9,107877.7692,0.9903699417618287,99.8308,969.5,2
sh510300-hold-fee0.001,2015-11-09,1038.8692,0.0,27700.0,3.897,107946.9,108985.7692,0.990467845411142,99.8308,969.5,0
sh510300-hold-fee0.001,2015-11-10,1038.8692,0.0,27700.0,3.886,107642.2,108681.0692,0.9904411209086633,99.8308,969.5,0
sh510300-hold-fee0.001,2015-11-11,1038.8692,0.0,27700.0,3.881,107503.7,108542.5692,0.990428923806974,99.8308,969.5,0
sh510300-hold-fee0.001,2015-11-12,1038.8692,0.0,27700.0,3.841,106395.7,107434.5692,0.9903302148671901,99.8308,969.5,0
sh510300-hold-fee0.001,2015-11-13,1038.8692,0.0,27700.0,3.804,105370.8,106409.6692,0.99023707894395,99.8308,969.5,0
sh510300-hold-fee0.001,2015-11-14,1038.8692,0.0,27700.0,3.804,105370.8,106409.6692,0.99023707894395,99.8308,969.5,1
sh510300-hold-fee0.001,2015-11-15,1038.8692,0.0,27700.0,3.804,105370.8,106409.6692,0.99023707894395,99.8308,969.5,2
sh510300-hold-fee0.001,2015-11-16,1038.8692,0.0,27700.0,3.826,105980.2,107019.0692,0.9902926720652135,99.8308,969.5,0
sh510300-hold-fee0.001,2015-11-17,1038.8692,0.0,27700.0,3.812,105592.4,106631.2692,0.9902573681454407,99.8308,969.5,0
sh510300-hold-fee0.001,2015-11-18,1038.8692,0.0,27700.0,3.779,104678.3,105717.1692,0.9901731269588327,99.8308,969.5,0
sh510300-hold-fee0.001,2015-11-19,1038.8692,0.0,27700.0,3.836,106257.2,107296.0692,0.9903177329072181,99.8308,969.5,0
sh510300-hold-fee0.001,2015-11-20,1038.8692,0.0,27700.0,3.825,105952.5,106991.3692,0.9902901588439528,99.8308,969.5,0
sh510300-hold-fee0.001,2015-11-21,1038.8692,0.0,27700.0,3.825,105952.5,106991.3692,0.9902901588439528,99.8308,969.5,1
sh510300-hold-fee0.001,2015-11-22,1038.8692,0.0,27700.0,3.825,105952.5,106991.3692,0.9902901588439528,99.8308,969.5,2
sh510300-hold-fee0.001,2015-11-23,1038.8692,0.0,27700.0,3.806,105426.2,106465.0692,0.990242159162566,99.8308,969.5,0
sh510300-hold-fee0.001,2015-11-24,1038.8692,0.0,27700.0,3.809,105509.3,106548.1692,0.9902497695849662,99.8308,969.5,0
sh510300-hold-fee0.001,2015-11-25,1038.8692,0.0,27700.0,3.832,106146.4,107185.2692,0.9903077241140147,99.8308,969.5,0
sh510300-hold-fee0.001,2015-11-26,1038.8692,0.0,27700.0,3.814,105647.8,106686.6692,0.9902624272761531,99.8308,969.5,0
sh510300-hold-fee0.001,2015-11-27,1038.8692,0.0,27700.0,3.608,99941.6,100980.4692,0.9897121769364883,99.8308,969.5,0
sh510300-hold-fee0.001,2015-11-28,1038.8692,0.0,27700.0,3.608,99941.6,100980.4692,0.9897121769364883,99.8308,969.5,1
sh510300-hold-fee0.001,2015-11-29,1038.8692,0.0,27700.0,3.608,99941.6,100980.4692,0.9897121769364883,99.8308,969.5,2
sh510300-hold-fee0.001,2015-11-30,1038.8692,0.0,27700.0,3.609,99969.3,101008.1692,0.9897149982201637,99.8308,969.5,0
sh510300-hold-fee0.001,2015-12-01,1038.8692,0.0,27700.0,3.637,100744.9,101783.7692,0.9897933707096396,99.8308,969.5,0
sh510300-hold-fee0.001,2015-12-02,1038.8692,0.0,27700.0,3.793,105066.1,106104.9692,0.9902090429144575,99.8308,969.5,0
sh510300-hold-fee0.001,2015-12-03,1038.8692,0.0,27700.0,3.801,105287.7,106326.5692,0.9902294486898576,99.8308,969.5,0
sh510300-hold-fee0.001,2015-12-04,1038.8692,0.0,27700.0,3.729,103293.3,104332.1692,0.9900426761183453,99.8308,969.5,0
sh510300-hold-fee0.001,2015-12-05,1038.8692,0.0,27700.0,3.729,103293.3,104332.1692,0.9900426761183453,99.8308,969.5,1
sh510300-hold-fee0.001,2015-12-06,1038.8692,0.0,27700.0,3.729,103293.3,104332.1692,0.9900426761183453,99.8308,969.5,2
sh510300-hold-fee0.001,2015-12-07,1038.8692,0.0,27700.0,3.735,103459.5,104498.3692,0.990058512798303,99.8308,969.5,0
sh510300-hold-fee0.001,2015-12-08,1038.8692,0.0,27700.0,3.681,101963.7,103002.5692,0.9899141428406234,99.8308,969.5,0
sh510300-hold-fee0.001,2015-12-09,1038.8692,0.0,27700.0,3.686,102102.2,103141.0692,0.9899276863420376,99.8308,969.5,0
sh510300-hold-fee0.001,2015-12-10,1038.8692,0.0,27700.0,3.679,101908.3,102947.1692,0.9899087152364361,99.8308,969.5,0
sh510300-hold-fee0.001,2015-12-11,1038.8692,0.0,27700.0,3.661,101409.7,102448.5692,0.9898596026463589,99.8308,969.5,0
sh510300-hold-fee0.001,2015-12-12,1038.8692,0.0,27700.0,3.661,101409.7,102448.5692,0.9898596026463589,99.8308,969.5,1
sh510300-hold-fee0.001,2015-12-13,1038.8692,0.0,27700.0,3.661,101409.7,102448.5692,0.9898596026463589,99.8308,969.5,2
sh510300-hold-fee0.001,2015-12-14,1038.8692,0.0,27700.0,3.773,104512.1,105550.9692,0.9901576536163156,99.8308,969.5,0
sh510300-hold-fee0.001,2015-12-15,1038.8692,0.0,27700.0,3.737,103514.9,104553.7692,0.9900637805030945,99.8308,969.5,0
sh510300-hold-fee0.001,2015-12-16,1038.8692,0.0,27700.0,3.738,103542.6,104581.4692,0.990066412262642,99.8308,969.5,0
sh510300-hold-fee0.001,2015-12-17,1038.8692,0.0,27700.0,3.808,105481.6,106520.4692,0.9902472340968622,99.8308,969.5,0
sh510300-hold-fee0.001,2015-12-18,1038.8692,0.0,27700.0,3.822,105869.4,106908.2692,0.9902826113660439,99.8308,969.5,0
sh510300-hold-fee0.001,2015-12-19,1038.8692,0.0,27700.0,3.822,105869.4,106908.2692,0.9902826113660439,99.8308,969.5,1
sh510300-hold-fee0.001,2015-12-20,1038.8692,0.0,27700.0,3.822,105869.4,106908.2692,0.9902826113660439,99.8308,969.5,2
sh510300-hold-fee0.001,2015-12-21,1038.8692,0.0,27700.0,3.922,108639.4,109678.2692,0.9905280306885076,99.8308,969.5,0
sh510300-hold-fee0.001,2015-12-22,1038.8692,0.0,27700.0,3.927,108777.9,109816.7692,0.9905399766577726,99.8308,969.5,0
sh510300-hold-fee0.001,2015-12-23,1038.8692,0.0,27700.0,3.922,108639.4,109678.2692,0.9905280306885076,99.8308,969.5,0
sh510300-hold-fee0.001,2015-12-24,1038.8692,0.0,27700.0,3.875,107337.5,108376.3692,0.990414246134387,99.8308,969.5,0
sh510300-hold-fee0.001,2015-12-25,1038.8692,0.0,27700.0,3.895,107891.5,108930.3692,0.990462997531087,99.8308,969.5,0
sh510300-hold-fee0.001,2015-12-26,1038.8692,0.0,27700.0,3.895,107891.5,108930.3692,0.990462997531087,99.8308,969.5,1
sh510300-hold-fee0.001,2015-12-27,1038.8692,0.0,27700.0,3.895,107891.5,108930.3692,0.990462997531087,99.8308,969.5,2
sh510300-hold-fee0.001,2015-12-28,1038.8692,0.0,27700.0,3.778,104650.6,105689.4692,0.9901705514479014,99.8308,969.5,0
sh510300-hold-fee0.001,2015-12-29,1038.8692,0.0,27700.0,3.813,105620.1,106658.9692,0.9902598983677409,99.8308,969.5,0
sh510300-hold-fee0.001,2015-12-30,1038.8692,0.0,27700.0,3.812,105592.4,106631.2692,0.9902573681454407,99.8308,969.5,0
sh510300-hold-fee0.001,2015-12-31,1038.8692,0.0,27700.0,3.778,104650.6,105689.4692,0.9901705514479014,99.8308,969.5,0
sh510300-hold-fee0.001,2016-01-01,1038.8692,0.0,27700.0,3.778,104650.6,105689.4692,0.9901705514479014,99.8308,969.5,1
sh510300-hold-fee0.001,2016-01-02,1038.8692,0.0,27700.0,3.778,104650.6,105689.4692,0.9901705514479014,99.8308,969.5,2
sh510300-hold-fee0.001,2016-01-03,1038.8692,0.0,27700.0,3.778,104650.6,105689.4692,0.9901705514479014,99.8308,969.5,3
sh510300-hold-fee0.001,2016-01-04,1038.8692,0.0,27700.0,3.53,97781.0,98819.8692,0.989487243725273,99.8308,969.5,0
sh510300-hold-fee0.001,2016-01-05,1038.8692,0.0,27700.0,3.527,97697.9,98736.7692,0.9894783958557963,99.8308,969.5,0
sh510300-hold-fee0.001,2016-01-06,1038.8692,0.0,27700.0,3.582,99221.4,100260.2692,0.9896382763751845,99.8308,969.5,0
sh510300-hold-fee0.001,2016-01-07,1038.8692,0.0,27700.0,3.484,96506.8,97545.6692,0.9893499198014626,99.8308,969.5,0
sh510300-hold-fee0.001,2016-01-08,1038.8692,0.0,27700.0,3.408,94401.6,95440.4692,0.9891150032192004,99.8308,969.5,0
sh510300-hold-fee0.001,2016-01-09,1038.8692,0.0,27700.0,3.408,94401.6,95440.4692,0.9891150032192004,99.8308,969.5,1
sh510300-hold-fee0.001,2016-01-10,1038.8692,0.0,27700.0,3.408,94401.6,95440.4692,0.9891150032192004,99.8308,969.5,2
sh510300-hold-fee0.001,2016-01-11,1038.8692,0.0,27700.0,3.233,89554.1,90592.9692,0.9885325626351145,99.8308,969.5,0
sh510300-hold-fee0.001,2016-01-12,1038.8692,0.0,27700.0,3.256,90191.2,91230.0692,0.9886126448317986,99.8308,969.5,0
sh510300-hold-fee0.001,2016-01-13,1038.8692,0.0,27700.0,3.211,88944.7,89983.5692,0.9884549011643339,99.8308,969.5,0
sh510300-hold-fee0.001,2016-01-14,1038.8692,0.0,27700.0,3.265,90440.5,91479.3692,0.9886436777047649,99.8308,969.5,0
sh510300-hold-fee0.001,2016-01-15,1038.8692,0.0,27700.0,3.169,87781.3,88820.1692,0.9883036791152612,99.8308,969.5,0
sh510300-hold-fee0.001,2016-01-16,1038.8692,0.0,27700.0,3.169,87781.3,88820.1692,0.9883036791152612,99.8308,969.5,1
sh510300-hold-fee0.001,2016-01-17,1038.8692,0.0,27700.0,3.169,87781.3,88820.1692,0.9883036791152612,99.8308,969.5,2
sh510300-hold-fee0.001,2016-01-18,1038.8692,0.0,27700.0,3.171,87836.7,88875.5692,0.9883109699397571,99.8308,969.5,0
sh510300-hold-fee0.001,2016-01-19,1038.8692,0.0,27700.0,3.262,90357.4,91396.2692,0.9886333522244035,99.8308,969.5,0
sh510300-hold-fee0.001,2016-01-20,1038.8692,1412.7,27700.0,3.169,87781.3,90232.8692,0.9728306411872361,99.8308,969.5,0
sh510300-hold-fee0.001,2016-01-21,1038.8692,1412.7,27700.0,3.078,85260.6,87712.1692,0.9720498395791585,99.8308,969.5,0
sh510300-hold-fee0.001,2016-01-22,1038.8692,1412.7,27700.0,3.108,86091.6,88543.1692,0.9723121588920944,99.8308,969.5,0
sh510300-hold-fee0.001,2016-01-23,1038.8692,1412.7,27700.0,3.108,86091.6,88543.1692,0.9723121588920944,99.8308,969.5,1
sh510300-hold-fee0.001,2016-01-24,1038.8692,1412.7,27700.0,3.108,86091.6,88543.1692,0.9723121588920944,99.8308,969.5,2
sh510300-hold-fee0.001,2016-01-25,2451.5692,0.0,27700.0,3.12,86424.0,88875.5692,0.9724157130911517,99.8308,2382.2,0
sh510300-hold-fee0.001,2016-01-26,2451.5692,0.0,27700.0,2.944,81548.8,84000.3692,0.9708147806569403,99.8308,2382.2,0
sh510300-hold-fee0.001,2016-01-27,2451.5692,0.0,27700.0,2.912,80662.4,83113.9692,0.9705035239731999,99.8308,2382.2,0
sh510300-hold-fee0.001,2016-01-28,2451.5692,0.0,27700.0,2.849,78917.3,81368.8692,0.9698709196268394,99.8308,2382.2,0
sh510300-hold-fee0.001,2016-01-29,2451.5692,0.0,27700.0,2.93,81161.0,83612.5692,0.9706794178978536,99.8308,2382.2,0
sh510300-hold-fee0.001,2016-01-30,2451.5692,0.0,27700.0,2.93,81161.0,83612.5692,0.9706794178978536,99.8308,2382.2,1
sh510300-hold-fee0.001,2016-01-31,2451.5692,0.0,27700.0,2.93,81161.0,83612.5692,0.9706794178978536,99.8308,2382.2,2
sh510300-hold-fee0.001,2016-02-01,2451.5692,0.0,27700.0,2.898,80274.6,82726.1692,0.9703652517249645,99.8308,2382.2,0
sh510300-hold-fee0.001,2016-02-02,2451.5692,0.0,27700.0,2.96,81992.0,84443.5692,0.9709679585642147,99.8308,2382.2,0
sh510300-hold-fee0.001,2016-02-03,2451.5692,0.0,27700.0,2.946,81604.2,84055.7692,0.9708340162331177,99.8308,2382.2,0
sh510300-hold-fee0.001,2016-02-04,2451.5692,0.0,27700.0,2.985,82684.5,85136.0692,0.971204106284954,99.8308,2382.2,0
sh510300-hold-fee0.001,2016-02-05,2451.5692,0.0,27700.0,2.95,81715.0,84166.5692,0.9708724114181905,99.8308,2382.2,0
sh510300-hold-fee0.001,2016-02-06,2451.5692,0.0,27700.0,2.95,81715.0,84166.5692,0.9708724114181905,99.8308,2382.2,1
sh510300-hold-fee0.001,2016-02-07,2451.5692,0.0,27700.0,2.95,81715.0,84166.5692,0.9708724114181905,99.8308,2382.2,2
sh510300-hold-fee0.001,2016-02-08,2451.5692,0.0,27700.0,2.95,81715.0,84166.5692,0.9708724114181905,99.8308,2382.2,3
sh510300-hold-fee0.001,2016-02-09,2451.5692,0.0,27700.0,2.95,81715.0,84166.5692,0.9708724114181905,99.8308,2382.2,4
sh510300-hold-fee0.001,2016-02-10,2451.5692,0.0,27700.0,2.95,81715.0,84166.5692,0.9708724114181905,99.8308,2382.2,5
sh510300-hold-fee0.001,2016-02-11,2451.5692,0.0,27700.0,2.95,81715.0,84166.5692,0.9708724114181905,99.8308,2382.2,6
sh510300-hold-fee0.001,2016-02-12,2451.5692,0.0,27700.0,2.95,81715.0,84166.5692,0.9708724114181905,99.8308,2382.2,7
sh510300-hold-fee0.001,2016-02-13,2451.5692,0.0,27700.0,2.95,81715.0,84166.5692,0.9708724114181905,99.8308,2382.2,8
sh510300-hold-fee0.001,2016-02-14,2451.5692,0.0,27700.0,2.95,81715.0,84166.5692,0.9708724114181905,99.8308,2382.2,9
sh510300-hold-fee0.001,2016-02-15,2451.5692,0.0,27700.0,2.939,81410.3,83861.8692,0.970766580528353,99.8308,2382.2,0
sh510300-hold-fee0.001,2016-02-16,2451.5692,0.0,27700.0,3.022,83709.4,86160.9692,0.9715466385445441,99.8308,2382.2,0
sh510300-hold-fee0.001,2016-02-17,2451.5692,0.0,27700.0,3.053,84568.1,87019.6692,0.9718274130143442,99.8308,2382.2,0
sh510300-hold-fee0.001,2016-02-18,2451.5692,0.0,27700.0,3.049,84457.3,86908.8692,0.9717914958212344,99.8308,2382.2,0
sh510300-hold-fee0.001,2016-02-19,2451.5692,0.0,27700.0,3.041,84235.7,86687.2692,0.9717193859879947,99.8308,2382.2,0
sh510300-hold-fee0.001,2016-02-20,2451.5692,0.0,27700.0,3.041,84235.7,86687.2692,0.9717193859879947,99.8308,2382.2,1
sh510300-hold-fee0.001,2016-02-21,2451.5692,0.0,27700.0,3.041,84235.7,86687.2692,0.9717193859879947,99.8308,2382.2,2
sh510300-hold-fee0.001,2016-02-22,2451.5692,0.0,27700.0,3.104,85980.8,88432.3692,0.9722774678301845,99.8308,2382.2,0
sh510300-hold-fee0.001,2016-02-23,2451.5692,0.0,27700.0,3.08,85316.0,87767.5692,0.9720674820740051,99.8308,2382.2,0
sh510300-hold-fee0.001,2016-02-24,2451.5692,0.0,27700.0,3.103,85953.1,88404.6692,0.9722687814774381,99.8308,2382.2,0
sh510300-hold-fee0.001,2016-02-25,2451.5692,0.0,27700.0,2.905,80468.5,82920.0692,0.9704345495167532,99.8308,2382.2,0
sh510300-hold-fee0.001,2016-02-26,2451.5692,0.0,27700.0,2.933,81244.1,83695.6692,0.9707085298028778,99.8308,2382.2,0
sh510300-hold-fee0.001,2016-02-27,2451.5692,0.0,27700.0,2.933,81244.1,83695.6692,0.9707085298028778,99.8308,2382.2,1
sh510300-hold-fee0.001,2016-02-28,2451.5692,0.0,27700.0,2.933,81244.1,83695.6692,0.9707085298028778,99.8308,2382.2,2
sh510300-hold-fee0.001,2016-02-29,2451.5692,0.0,27700.0,2.864,79332.8,81784.3692,0.9700239883980177,99.8308,2382.2,0
sh510300-hold-fee0.001,2016-03-01,2451.5692,0.0,27700.0,2.918,80828.6,83280.1692,0.9705623892992763,99.8308,2382.2,0
sh510300-hold-fee0.001,2016-03-02,2451.5692,0.0,27700.0,3.049,84457.3,86908.8692,0.9717914958212344,99.8308,2382.2,0
sh510300-hold-fee0.001,2016-03-03,2451.5692,0.0,27700.0,3.042,84263.4,86714.9692,0.9717284198724019,99.8308,2382.2,0
sh510300-hold-fee0.001,2016-03-04,2451.5692,0.0,27700.0,3.079,85288.3,87739.8692,0.9720586636115022,99.8308,2382.2,0
sh510300-hold-fee0.001,2016-03-05,2451.5692,0.0,27700.0,3.079,85288.3,87739.8692,0.9720586636115022,99.8308,2382.2,1
sh510300-hold-fee0.001,2016-03-06,2451.5692,0.0,27700.0,3.079,85288.3,87739.8692,0.9720586636115022,99.8308,2382.2,2
sh510300-hold-fee0.001,2016-03-07,2451.5692,0.0,27700.0,3.103,85953.1,88404.6692,0.9722687814774381,99.8308,2382.2,0
sh510300-hold-fee0.001,2016-03-08,2451.5692,0.0,27700.0,3.092,85648.4,88099.9692,0.972172871088813,99.8308,2382.2,0
sh510300-hold-fee0.001,2016-03-09,2451.5692,0.0,27700.0,3.046,84374.2,86825.7692,0.9717644977684805,99.8308,2382.2,0
sh510300-hold-fee0.001,2016-03-10,2451.5692,0.0,27700.0,3.005,83238.5,85690.0692,0.9713902763425473,99.8308,2382.2,0
sh510300-hold-fee0.001,2016-03-11,2451.5692,0.0,27700.0,2.999,83072.3,85523.8692,0.9713346785764927,99.8308,2382.2,0
sh510300-hold-fee0.001,2016-03-12,2451.5692,0.0,27700.0,2.999,83072.3,85523.8692,0.9713346785764927,99.8308,2382.2,1
sh510300-hold-fee0.001,2016-03-13,2451.5692,0.0,27700.0,2.999,83072.3,85523.8692,0.9713346785764927,99.8308,2382.2,2
sh510300-hold-fee0.001,2016-03-14,2451.5692,0.0,27700.0,3.064,84872.8,87324.3692,0.9719257153248351,99.8308,2382.2,0
sh510300-hold-fee0.001,2016-03-15,2451.5692,0.0,27700.0,3.054,84595.8,87047.3692,0.9718363780257704,99.8308,2382.2,0
sh510300-hold-fee0.001,2016-03-16,2451.5692,0.0,27700.0,3.074,85149.8,87601.3692,0.9720144876457022,99.8308,2382.2,0
sh510300-hold-fee0.001,2016-03-17,2451.5692,0.0,27700.0,3.124,86534.8,88986.3692,0.9724500592389604,99.8308,2382.2,0
sh510300-hold-fee0.001,2016-03-18,2451.5692,0.0,27700.0,3.168,87753.6,90205.1692,0.9728222980817822,99.8308,2382.2,0
sh510300-hold-fee0.001,2016-03-19,2451.5692,0.0,27700.0,3.168,87753.6,90205.1692,0.9728222980817822,99.8308,2382.2,1
sh510300-hold-fee0.001,2016-03-20,2451.5692,0.0,27700.0,3.168,87753.6,90205.1692,0.9728222980817822,99.8308,2382.2,2
sh510300-hold-fee0.001,2016-03-21,2451.5692,0.0,27700.0,3.238,89692.6,92144.1692,0.9733942014857301,99.8308,2382.2,0
sh510300-hold-fee0.001,2016-03-22,2451.5692,0.0,27700.0,3.216,89083.2,91534.7692,0.9732170712678215,99.8308,2382.2,0
sh510300-hold-fee0.001,2016-03-23,2451.5692,0.0,27700.0,3.222,89249.4,91700.9692,0.9732656129876542,99.8308,2382.2,0
sh510300-hold-fee0.001,2016-03-24,2451.5692,0.0,27700.0,3.172,87864.4,90315.9692,0.9728556397975299,99.8308,2382.2,0
sh510300-hold-fee0.001,2016-03-25,2451.5692,0.0,27700.0,3.185,88224.5,90676.0692,0.9729634376343257,99.8308,2382.2,0
sh510300-hold-fee0.001,2016-03-26,2451.5692,0.0,27700.0,3.185,88224.5,90676.0692,0.9729634376343257,99.8308,2382.2,1
sh510300-hold-fee0.001,2016-03-27,2451.5692,0.0,27700.0,3.185,88224.5,90676.0692,0.9729634376343257,99.8308,2382.2,2
sh510300-hold-fee0.001,2016-03-28,2451.5692,0.0,27700.0,3.155,87393.5,89845.0692,0.9727133695612981,99.8308,2382.2,0
sh510300-hold-fee0.001,2016-03-29,2451.5692,0.0,27700.0,3.129,86673.3,89124.8692,0.9724928718324559,99.8308,2382.2,0
sh510300-hold-fee0.001,2016-03-30,2451.5692,0.0,27700.0,3.215,89055.5,91507.0692,0.973208963838173,99.8308,2382.2,0
sh510300-hold-fee0.001,2016-03-31,2451.5692,0.0,27700.0,3.209,88889.3,91340.8692,0.9731602159967183,99.8308,2382.2,0
sh510300-hold-fee0.001,2016-04-01,2451.5692,0.0,27700.0,3.219,89166.3,91617.8692,0.9732413641420947,99.8308,2382.2,0
sh510300-hold-fee0.001,2016-04-02,2451.5692,0.0,27700.0,3.219,89166.3,91617.8692,0.9732413641420947,99.8308,2382.2,1
sh510300-hold-fee0.001,2016-04-03,2451.5692,0.0,27700.0,3.219,89166.3,91617.8692,0.9732413641420947,99.8308,2382.2,2
sh510300-hold-fee0.001,2016-04-04,2451.5692,0.0,27700.0,3.219,89166.3,91617.8692,0.9732413641420947,99.8308,2382.2,3
sh510300-hold-fee0.001,2016-04-05,2451.5692,0.0,27700.0,3.25,90025.0,92476.5692,0.973489834006515,99.8308,2382.2,0
sh510300-hold-fee0.001,2016-04-06,2451.5692,0.0,27700.0,3.244,89858.8,92310.3692,0.9734421038368027,99.8308,2382.2,0
sh510300-hold-fee0.001,2016-04-07,2451.5692,0.0,27700.0,3.204,88750.8,91202.3692,0.9731194570765602,99.8308,2382.2,0
sh510300-hold-fee0.001,2016-04-08,2451.5692,0.0,27700.0,3.177,88002.9,90454.4692,0.9728972020765558,99.8308,2382.2,0
sh510300-hold-fee0.001,2016-04-09,2451.5692,0.0,27700.0,3.177,88002.9,90454.4692,0.9728972020765558,99.8308,2382.2,1
sh510300-hold-fee0.001,2016-04-10,2451.5692,0.0,27700.0,3.177,88002.9,90454.4692,0.9728972020765558,99.8308,2382.2,2
sh510300-hold-fee0.001,2016-04-11,2451.5692,0.0,27700.0,3.212,88972.4,91423.9692,0.9731846120721698,99.8308,2382.2,0
sh510300-hold-fee0.001,2016-04-12,2451.5692,0.0,27700.0,3.208,88861.6,91313.1692,0.9731520741041151,99.8308,2382.2,0
sh510300-hold-fee0.001,2016-04-13,2451.5692,0.0,27700.0,3.249,89997.3,92448.8692,0.9734818908958597,99.8308,2382.2,0
sh510300-hold-fee0.001,2016-04-14,2451.5692,0.0,27700.0,3.261,90329.7,92781.2692,0.9735768951951349,99.8308,2382.2,0
sh510300-hold-fee0.001,2016-04-15,2451.5692,0.0,27700.0,3.264,90412.8,92864.3692,0.973600540001299,99.8308,2382.2,0
sh510300-hold-fee0.001,2016-04-16,2451.5692,0.0,27700.0,3.264,90412.8,92864.3692,0.973600540001299,99.8308,2382.2,1
sh510300-hold-fee0.001,2016-04-17,2451.5692,0.0,27700.0,3.264,90412.8,92864.3692,0.973600540001299,99.8308,2382.2,2
sh510300-hold-fee0.001,2016-04-18,2451.5692,0.0,27700.0,3.218,89138.6,91590.1692,0.9732332714153343,99.8308,2382.2,0
sh510300-hold-fee0.001,2016-04-19,2451.5692,0.0,27700.0,3.222,89249.4,91700.9692,0.9732656129876542,99.8308,2382.2,0
sh510300-hold-fee0.001,2016-04-20,2451.5692,0.0,27700.0,3.166,87698.2,90149.7692,0.972805596489536,99.8308,2382.2,0
sh510300-hold-fee0.001,2016-04-21,2451.5692,0.0,27700.0,3.151,87282.7,89734.2692,0.9726796772085374,99.8308,2382.2,0
sh510300-hold-fee0.001,2016-04-22,2451.5692,0.0,27700.0,3.165,87670.5,90122.0692,0.9727972379932883,99.8308,2382.2,0
sh510300-hold-fee0.001,2016-04-23,2451.5692,0.0,27700.0,3.165,87670.5,90122.0692,0.9727972379932883,99.8308,2382.2,1
sh510300-hold-fee0.001,2016-04-24,2451.5692,0.0,27700.0,3.165,87670.5,90122.0692,0.9727972379932883,99.8308,2382.2,2
sh510300-hold-fee0.001,2016-04-25,2451.5692,0.0,27700.0,3.155,87393.5,89845.0692,0.9727133695612981,99.8308,2382.2,0
sh510300-hold-fee0.001,2016-04-26,2451.5692,0.0,27700.0,3.173,87892.1,90343.6692,0.9728639624479631,99.8308,2382.2,0
sh510300-hold-fee0.001,2016-04-27,2451.5692,0.0,27700.0,3.158,87476.6,89928.1692,0.9727385843411566,99.8308,2382.2,0
sh510300-hold-fee0.001,2016-04-28,2451.5692,0.0,27700.0,3.156,87421.2,89872.7692,0.9727217796689411,99.8308,2382.2,0
sh510300-hold-fee0.001,2016-04-29,2451.5692,0.0,27700.0,3.152,87310.4,89761.9692,0.9726881080946695,99.8308,2382.2,0
sh510300-hold-fee0.001,2016-04-30,2451.5692,0.0,27700.0,3.152,87310.4,89761.9692,0.9726881080946695,99.8308,2382.2,1
sh510300-hold-fee0.001,2016-05-01,2451.5692,0.0,27700.0,3.152,87310.4,89761.9692,0.9726881080946695,99.8308,2382.2,2
sh510300-hold-fee0.001,2016-05-02,2451.5692,0.0,27700.0,3.152,87310.4,89761.9692,0.9726881080946695,99.8308,2382.2,3
sh510300-hold-fee0.001,2016-05-03,2451.5692,0.0,27700.0,3.213,89000.1,91451.6692,0.9731927342448113,99.8308,2382.2,0
sh510300-hold-fee0.001,2016-05-04,2451.5692,0.0,27700.0,3.201,88667.7,91119.2692,0.9730949422496027,99.8308,2382.2,0
sh510300-hold-fee0.001,2016-05-05,2451.5692,0.0,27700.0,3.201,88667.7,91119.2692,0.9730949422496027,99.8308,2382.2,0
sh510300-hold-fee0.001,2016-05-06,2451.5692,0.0,27700.0,3.128,86645.6,89097.1692,0.9724843199619859,99.8308,2382.2,0
sh510300-hold-fee0.001,2016-05-07,2451.5692,0.0,27700.0,3.128,86645.6,89097.1692,0.9724843199619859,99.8308,2382.2,1
sh510300-hold-fee0.001,2016-05-08,2451.5692,0.0,27700.0,3.128,86645.6,89097.1692,0.9724843199619859,99.8308,2382.2,2
sh510300-hold-fee0.001,2016-05-09,2451.5692,0.0,27700.0,3.064,84872.8,87324.3692,0.9719257153248351,99.8308,2382.2,0
sh510300-hold-fee0.001,2016-05-10,2451.5692,0.0,27700.0,3.061,84789.7,87241.2692,0.9718989737026889,99.8308,2382.2,0
sh510300-hold-fee0.001,2016-05-11,2451.5692,0.0,27700.0,3.073,85122.1,87573.6692,0.9720056356848412,99.8308,2382.2,0
sh510300-hold-fee0.001,2016-05-12,2451.5692,0.0,27700.0,3.084,85426.8,87878.3692,0.9721027003309479,99.8308,2382.2,0
sh510300-hold-fee0.001,2016-05-13,2451.5692,0.0,27700.0,3.073,85122.1,87573.6692,0.9720056356848412,99.8308,2382.2,0
sh510300-hold-fee0.001,2016-05-14,2451.5692,0.0,27700.0,3.073,85122.1,87573.6692,0.9720056356848412,99.8308,2382.2,1
sh510300-hold-fee0.001,2016-05-15,2451.5692,0.0,27700.0,3.073,85122.1,87573.6692,0.9720056356848412,99.8308,2382.2,2
sh510300-hold-fee0.001,2016-05-16,2451.5692,0.0,27700.0,3.085,85454.5,87906.0692,0.9721114910231932,99.8308,2382.2,0
sh510300-hold-fee0.001,2016-05-17,2451.5692,0.0,27700.0,3.08,85316.0,87767.5692,0.9720674820740051,99.8308,2382.2,0
sh510300-hold-fee0.001,2016-05-18,2451.5692,0.0,27700.0,3.06,84762.0,87213.5692,0.9718900485040578,99.8308,2382.2,0
sh510300-hold-fee0.001,2016-05-19,2451.5692,0.0,27700.0,3.054,84595.8,87047.3692,0.9718363780257704,99.8308,2382.2,0
sh510300-hold-fee0.001,2016-05-20,2451.5692,0.0,27700.0,3.074,85149.8,87601.3692,0.9720144876457022,99.8308,2382.2,0
sh510300-hold-fee0.001,2016-05-21,2451.5692,0.0,27700.0,3.074,85149.8,87601.3692,0.9720144876457022,99.8308,2382.2,1
sh510300-hold-fee0.001,2016-05-22,2451.5692,0.0,27700.0,3.074,85149.8,87601.3692,0.9720144876457022,99.8308,2382.2,2
sh510300-hold-fee0.001,2016-05-23,2451.5692,0.0,27700.0,3.079,85288.3,87739.8692,0.9720586636115022,99.8308,2382.2,0
sh510300-hold-fee0.001,2016-05-24,2451.5692,0.0,27700.0,3.06,84762.0,87213.5692,0.9718900485040578,99.8308,2382.2,0
sh510300-hold-fee0.001,2016-05-25,2451.5692,0.0,27700.0,3.058,84706.6,87158.1692,0.9718721810875303,99.8308,2382.2,0
sh510300-hold-fee0.001,2016-05-26,2451.5692,0.0,27700.0,3.058,84706.6,87158.1692,0.9718721810875303,99.8308,2382.2,0
sh510300-hold-fee0.001,2016-05-27,2451.5692,0.0,27700.0,3.06,84762.0,87213.5692,0.9718900485040578,99.8308,2382.2,0
sh510300-hold-fee0.001,2016-05-28,2451.5692,0.0,27700.0,3.06,84762.0,87213.5692,0.9718900485040578,99.8308,2382.2,1
sh510300-hold-fee0.001,2016-05-29,2451.5692,0.0,27700.0,3.06,84762.0,87213.5692,0.9718900485040578,99.8308,2382.2,2
sh510300-hold-fee0.001,2016-05-30,2451.5692,0.0,27700.0,3.062,84817.4,87268.9692,0.9719078932354343,99.8308,2382.2,0
sh510300-hold-fee0.001,2016-05-31,2451.5692,0.0,27700.0,3.169,87781.3,90232.8692,0.9728306411872361,99.8308,2382.2,0
sh510300-hold-fee0.001,2016-06-01,2451.5692,0.0,27700.0,3.156,87421.2,89872.7692,0.9727217796689411,99.8308,2382.2,0
sh510300-hold-fee0.001,2016-06-02,2451.5692,0.0,27700.0,3.159,87504.3,89955.8692,0.9727469789153013,99.8308,2382.2,0
sh510300-hold-fee0.001,2016-06-03,2451.5692,0.0,27700.0,3.196,88529.2,90980.7692,0.9730539846875684,99.8308,2382.2,0
sh510300-hold-fee0.001,2016-06-04,2451.5692,0.0,27700.0,3.196,88529.2,90980.7692,0.9730539846875684,99.8308,2382.2,1
sh510300-hold-fee0.001,2016-06-05,2451.5692,0.0,27700.0,3.196,88529.2,90980.7692,0.9730539846875684,99.8308,2382.2,2
sh510300-hold-fee0.001,2016-06-06,2451.5692,0.0,27700.0,3.177,88002.9,90454.4692,0.9728972020765558,99.8308,2382.2,0
sh510300-hold-fee0.001,2016-06-07,2451.5692,0.0,27700.0,3.177,88002.9,90454.4692,0.9728972020765558,99.8308,2382.2,0
sh510300-hold-fee0.001,2016-06-08,2451.5692,0.0,27700.0,3.173,87892.1,90343.6692,0.9728639624479631,99.8308,2382.2,0
sh510300-hold-fee0.001,2016-06-09,2451.5692,0.0,27700.0,3.173,87892.1,90343.6692,0.9728639624479631,99.8308,2382.2,1
sh510300-hold-fee0.001,2016-06-10,2451.5692,0.0,27700.0,3.173,87892.1,90343.6692,0.9728639624479631,99.8308,2382.2,2
sh510300-hold-fee0.001,2016-06-11,2451.5692,0.0,27700.0,3.173,87892.1,90343.6692,0.9728639624479631,99.8308,2382.2,3
sh510300-hold-fee0.001,2016-06-12,2451.5692,0.0,27700.0,3.173,87892.1,90343.6692,0.9728639624479631,99.8308,2382.2,4
sh510300-hold-fee0.001,2016-06-13,2451.5692,0.0,27700.0,3.069,85011.3,87462.8692,0.9719701717720461,99.8308,2382.2,0
sh510300-hold-fee0.001,2016-06-14,2451.5692,0.0,27700.0,3.082,85371.4,87822.9692,0.9720851023105695,99.8308,2382.2,0
sh510300-hold-fee0.001,2016-06-15,2451.5692,0.0,27700.0,3.123,86507.1,88958.6692,0.9724414807230503,99.8308,2382.2,0
sh510300-hold-fee0.001,2016-06-16,2451.5692,0.0,27700.0,3.104,85980.8,88432.3692,0.9722774678301845,99.8308,2382.2,0
sh510300-hold-fee0.001,2016-06-17,2451.5692,0.0,27700.0,3.117,86340.9,88792.4692,0.9723898972279059,99.8308,2382.2,0
sh510300-hold-fee0.001,2016-06-18,2451.5692,0.0,27700.0,3.117,86340.9,88792.4692,0.9723898972279059,99.8308,2382.2,1
sh510300-hold-fee0.001,2016-06-19,2451.5692,0.0,27700.0,3.117,86340.9,88792.4692,0.9723898972279059,99.8308,2382.2,2
sh510300-hold-fee0.001,2016-06-20,2451.5692,0.0,27700.0,3.118,86368.6,88820.1692,0.9723985078830496,99.8308,2382.2,0
sh510300-hold-fee0.001,2016-06-21,2451.5692,0.0,27700.0,3.111,86174.7,88626.2692,0.9723381202646856,99.8308,2382.2,0
sh510300-hold-fee0.001,2016-06-22,2451.5692,0.0,27700.0,3.13,86701.0,89152.5692,0.9725014183887367,99.8308,2382.2,0
sh510300-hold-fee0.001,2016-06-23,2451.5692,0.0,27700.0,3.12,86424.0,88875.5692,0.9724157130911517,99.8308,2382.2,0
sh510300-hold-fee0.001,2016-06-24,2451.5692,0.0,27700.0,3.087,85509.9,87961.4692,0.9721290557979902,99.8308,2382.2,0
sh510300-hold-fee0.001,2016-06-25,2451.5692,0.0,27700.0,3.087,85509.9,87961.4692,0.9721290557979902,99.8308,2382.2,1
sh510300-hold-fee0.001,2016-06-26,2451.5692,0.0,27700.0,3.087,85509.9,87961.4692,0.9721290557979902,99.8308,2382.2,2
sh510300-hold-fee0.001,2016-06-27,2451.5692,0.0,27700.0,3.126,86590.2,89041.7692,0.97246720025864,99.8308,2382.2,0
sh510300-hold-fee0.001,2016-06-28,2451.5692,0.0,27700.0,3.142,87033.4,89484.9692,0.9726035643536881,99.8308,2382.2,0
sh510300-hold-fee0.001,2016-06-29,2451.5692,0.0,27700.0,3.156,87421.2,89872.7692,0.9727217796689411,99.8308,2382.2,0
sh510300-hold-fee0.001,2016-06-30,2451.5692,0.0,27700.0,3.161,87559.7,90011.2692,0.9727637525635512,99.8308,2382.2,0
sh510300-hold-fee0.001,2016-07-01,2451.5692,0.0,27700.0,3.158,87476.6,89928.1692,0.9727385843411566,99.8308,2382.2,0
sh510300-hold-fee0.001,2016-07-02,2451.5692,0.0,27700.0,3.158,87476.6,89928.1692,0.9727385843411566,99.8308,2382.2,1
sh510300-hold-fee0.001,2016-07-03,2451.5692,0.0,27700.0,3.158,87476.6,89928.1692,0.9727385843411566,99.8308,2382.2,2
sh510300-hold-fee0.001,2016-07-04,2451.5692,0.0,27700.0,3.211,88944.7,91396.2692,0.9731764849762599,99.8308,2382.2,0
sh510300-hold-fee0.001,2016-07-05,2451.5692,0.0,27700.0,3.219,89166.3,91617.8692,0.9732413641420947,99.8308,2382.2,0
sh510300-hold-fee0.001,2016-07-06,2451.5692,0.0,27700.0,3.235,89609.5,92061.0692,0.9733701854507681,99.8308,2382.2,0
sh510300-hold-fee0.001,2016-07-07,2451.5692,0.0,27700.0,3.239,89720.3,92171.8692,0.9734021972074751,99.8308,2382.2,0
sh510300-hold-fee0.001,2016-07-08,2451.5692,0.0,27700.0,3.227,89387.9,91839.4692,0.9733059302132814,99.8308,2382.2,0
sh510300-hold-fee0.001,2016-07-09,2451.5692,0.0,27700.0,3.227,89387.9,91839.4692,0.9733059302132814,99.8308,2382.2,1
sh510300-hold-fee0.001,2016-07-10,2451.5692,0.0,27700.0,3.227,89387.9,91839.4692,0.9733059302132814,99.8308,2382.2,2
sh510300-hold-fee0.001,2016-07-11,2451.5692,0.0,27700.0,3.235,89609.5,92061.0692,0.9733701854507681,99.8308,2382.2,0
sh510300-hold-fee0.001,2016-07-12,2451.5692,0.0,27700.0,3.317,91880.9,94332.4692,0.9740113958556276,99.8308,2382.2,0
sh510300-hold-fee0.001,2016-07-13,2451.5692,0.0,27700.0,3.324,92074.8,94526.3692,0.9740647057456218,99.8308,2382.2,0
sh510300-hold-fee0.001,2016-07-14,2451.5692,0.0,27700.0,3.319,91936.3,94387.8692,0.9740266496025529,99.8308,2382.2,0
sh510300-hold-fee0.001,2016-07-15,2451.5692,0.0,27700.0,3.323,92047.1,94498.6692,0.9740571034411986,99.8308,2382.2,0
sh510300-hold-fee0.001,2016-07-16,2451.5692,0.0,27700.0,3.323,92047.1,94498.6692,0.9740571034411986,99.8308,2382.2,1
sh510300-hold-fee0.001,2016-07-17,2451.5692,0.0,27700.0,3.323,92047.1,94498.6692,0.9740571034411986,99.8308,2382.2,2
sh510300-hold-fee0.001,2016-07-18,2451.5692,0.0,27700.0,3.311,91714.7,94166.2692,0.9739655269256435,99.8308,2382.2,0
sh510300-hold-fee0.001,2016-07-19,2451.5692,0.0,27700.0,3.294,91243.8,93695.3692,0.9738346812555172,99.8308,2382.2,0
sh510300-hold-fee0.001,2016-07-20,2451.5692,0.0,27700.0,3.287,91049.9,93501.4692,0.9737804205540762,99.8308,2382.2,0
sh510300-hold-fee0.001,2016-07-21,2451.5692,0.0,27700.0,3.305,91548.5,94000.0692,0.973919495795435,99.8308,2382.2,0
sh510300-hold-fee0.001,2016-07-22,2451.5692,0.0,27700.0,3.276,90745.2,93196.7692,0.9736946975625417,99.8308,2382.2,0
sh510300-hold-fee0.001,2016-07-23,2451.5692,0.0,27700.0,3.276,90745.2,93196.7692,0.9736946975625417,99.8308,2382.2,1
sh510300-hold-fee0.001,2016-07-24,2451.5692,0.0,27700.0,3.276,90745.2,93196.7692,0.9736946975625417,99.8308,2382.2,2
sh510300-hold-fee0.001,2016-07-25,2451.5692,0.0,27700.0,3.275,90717.5,93169.0692,0.9736868767601684,99.8308,2382.2,0
sh510300-hold-fee0.001,2016-07-26,2451.5692,0.0,27700.0,3.317,91880.9,94332.4692,0.9740113958556276,99.8308,2382.2,0
sh510300-hold-fee0.001,2016-07-27,2451.5692,0.0,27700.0,3.256,90191.2,92642.7692,0.9735373929215406,99.8308,2382.2,0
sh510300-hold-fee0.001,2016-07-28,2451.5692,0.0,27700.0,3.265,90440.5,92892.0692,0.9736084122023196,99.8308,2382.2,0
sh510300-hold-fee0.001,2016-07-29,2451.5692,0.0,27700.0,3.254,90135.8,92587.3692,0.9735215589212357,99.8308,2382.2,0
sh510300-hold-fee0.001,2016-07-30,2451.5692,0.0,27700.0,3.254,90135.8,92587.3692,0.9735215589212357,99.8308,2382.2,1
sh510300-hold-fee0.001,2016-07-31,2451.5692,0.0,27700.0,3.254,90135.8,92587.3692,0.9735215589212357,99.8308,2382.2,2
sh510300-hold-fee0.001,2016-08-01,2451.5692,0.0,27700.0,3.227,89387.9,91839.4692,0.9733059302132814,99.8308,2382.2,0
sh510300-hold-fee0.001,2016-08-02,2451.5692,0.0,27700.0,3.235,89609.5,92061.0692,0.9733701854507681,99.8308,2382.2,0
sh510300-hold-fee0.001,2016-08-03,2451.5692,0.0,27700.0,3.239,89720.3,92171.8692,0.9734021972074751,99.8308,2382.2,0
sh510300-hold-fee0.001,2016-08-04,2451.5692,0.0,27700.0,3.249,89997.3,92448.8692,0.9734818908958597,99.8308,2382.2,0
sh510300-hold-fee0.001,2016-08-05,2451.5692,0.0,27700.0,3.262,90357.4,92808.9692,0.9735847815019154,99.8308,2382.2,0
sh510300-hold-fee0.001,2016-08-06,2451.5692,0.0,27700.0,3.262,90357.4,92808.9692,0.9735847815019154,99.8308,2382.2,1
sh510300-hold-fee0.001,2016-08-07,2451.5692,0.0,27700.0,3.262,90357.4,92808.9692,0.9735847815019154,99.8308,2382.2,2
sh510300-hold-fee0.001,2016-08-08,2451.5692,0.0,27700.0,3.289,91105.3,93556.8692,0.9737959465620938,99.8308,2382.2,0
sh510300-hold-fee0.001,2016-08-09,2451.5692,0.0,27700.0,3.304,91520.8,93972.3692,0.9739118081105057,99.8308,2382.2,0
sh510300-hold-fee0.001,2016-08-10,2451.5692,0.0,27700.0,3.294,91243.8,93695.3692,0.9738346812555172,99.8308,2382.2,0
sh510300-hold-fee0.001,2016-08-11,2451.5692,0.0,27700.0,3.29,91133.0,93584.5692,0.973803702672812,99.8308,2382.2,0
sh510300-hold-fee0.001,2016-08-12,2451.5692,0.0,27700.0,3.348,92739.6,95191.1692,0.9742458337196261,99.8308,2382.2,0
sh510300-hold-fee0.001,2016-08-13,2451.5692,0.0,27700.0,3.348,92739.6,95191.1692,0.9742458337196261,99.8308,2382.2,1
sh510300-hold-fee0.001,2016-08-14,2451.5692,0.0,27700.0,3.348,92739.6,95191.1692,0.9742458337196261,99.8308,2382.2,2
sh510300-hold-fee0.001,2016-08-15,2451.5692,0.0,27700.0,3.447,95481.9,97933.4692,0.9749669932044029,99.8308,2382.2,0
sh510300-hold-fee0.001,2016-08-16,2451.5692,0.0,27700.0,3.437,95204.9,97656.4692,0.9748959877406668,99.8308,2382.2,0
sh510300-hold-fee0.001,2016-08-17,2451.5692,0.0,27700.0,3.429,94983.3,97434.8692,0.9748388926866851,99.8308,2382.2,0
sh510300-hold-fee0.001,2016-08-18,2451.5692,0.0,27700.0,3.424,94844.8,97296.3692,0.9748030762076988,99.8308,2382.2,0
sh510300-hold-fee0.001,2016-08-19,2451.5692,0.0,27700.0,3.42,94734.0,97185.5692,0.9747743495234887,99.8308,2382.2,0
sh510300-hold-fee0.001,2016-08-20,2451.5692,0.0,27700.0,3.42,94734.0,97185.5692,0.9747743495234887,99.8308,2382.2,1
sh510300-hold-fee0.001,2016-08-21,2451.5692,0.0,27700.0,3.42,94734.0,97185.5692,0.9747743495234887,99.8308,2382.2,2
sh510300-hold-fee0.001,2016-08-22,2451.5692,0.0,27700.0,3.396,94069.2,96520.7692,0.9746006044054609,99.8308,2382.2,0
sh510300-hold-fee0.001,2016-08-23,2451.5692,0.0,27700.0,3.398,94124.6,96576.1692,0.9746151745269267,99.8308,2382.2,0
sh510300-hold-fee0.001,2016-08-24,2451.5692,0.0,27700.0,3.384,93736.8,96188.3692,0.9745128312249212,99.8308,2382.2,0
sh510300-hold-fee0.001,2016-08-25,2451.5692,0.0,27700.0,3.366,93238.2,95689.7692,0.9743800280793237,99.8308,2382.2,0
sh510300-hold-fee0.001,2016-08-26,2451.5692,0.0,27700.0,3.362,93127.4,95578.9692,0.9743503281054426,99.8308,2382.2,0
sh510300-hold-fee0.001,2016-08-27,2451.5692,0.0,27700.0,3.362,93127.4,95578.9692,0.9743503281054426,99.8308,2382.2,1
sh510300-hold-fee0.001,2016-08-28,2451.5692,0.0,27700.0,3.362,93127.4,95578.9692,0.9743503281054426,99.8308,2382.2,2
sh510300-hold-fee0.001,2016-08-29,2451.5692,0.0,27700.0,3.361,93099.7,95551.2692,0.974342892349566,99.8308,2382.2,0
sh510300-hold-fee0.001,2016-08-30,2451.5692,0.0,27700.0,3.375,93487.5,95939.0692,0.974446602198221,99.8308,2382.2,0
sh510300-hold-fee0.001,2016-08-31,2451.5692,0.0,27700.0,3.389,93875.3,96326.8692,0.9745494770009612,99.8308,2382.2,0
sh510300-hold-fee0.001,2016-09-01,2451.5692,0.0,27700.0,3.353,92878.1,95329.6692,0.9742832507384804,99.8308,2382.2,0
sh510300-hold-fee0.001,2016-09-02,2451.5692,0.0,27700.0,3.368,93293.6,95745.1692,0.9743948522887983,99.8308,2382.2,0
sh510300-hold-fee0.001,2016-09-03,2451.5692,0.0,27700.0,3.368,93293.6,95745.1692,0.9743948522887983,99.8308,2382.2,1
sh510300-hold-fee0.001,2016-09-04,2451.5692,0.0,27700.0,3.368,93293.6,95745.1692,0.9743948522887983,99.8308,2382.2,2
sh510300-hold-fee0.001,2016-09-05,2451.5692,0.0,27700.0,3.375,93487.5,95939.0692,0.974446602198221,99.8308,2382.2,0
sh510300-hold-fee0.001,2016-09-06,2451.5692,0.0,27700.0,3.404,94290.8,96742.3692,0.9746587847674915,99.8308,2382.2,0
sh510300-hold-fee0.001,2016-09-07,2451.5692,0.0,27700.0,3.406,94346.2,96797.7692,0.9746732882352417,99.8308,2382.2,0
sh510300-hold-fee0.001,2016-09-08,2451.5692,0.0,27700.0,3.401,94207.7,96659.2692,0.9746369983935281,99.8308,2382.2,0
sh510300-hold-fee0.001,2016-09-09,2451.5692,0.0,27700.0,3.384,93736.8,96188.3692,0.9745128312249212,99.8308,2382.2,0
sh510300-hold-fee0.001,2016-09-10,2451.5692,0.0,27700.0,3.384,93736.8,96188.3692,0.9745128312249212,99.8308,2382.2,1
sh510300-hold-fee0.001,2016-09-11,2451.5692,0.0,27700.0,3.384,93736.8,96188.3692,0.9745128312249212,99.8308,2382.2,2
sh510300-hold-fee0.001,2016-09-12,2451.5692,0.0,27700.0,3.317,91880.9,94332.4692,0.9740113958556276,99.8308,2382.2,0
sh510300-hold-fee0.001,2016-09-13,2451.5692,0.0,27700.0,3.317,91880.9,94332.4692,0.9740113958556276,99.8308,2382.2,0
sh510300-hold-fee0.001,2016-09-14,2451.5692,0.0,27700.0,3.297,91326.9,93778.4692,0.9738578671531567,99.8308,2382.2,0
sh510300-hold-fee0.001,2016-09-15,2451.5692,0.0,27700.0,3.297,91326.9,93778.4692,0.9738578671531567,99.8308,2382.2,1
sh510300-hold-fee0.001,2016-09-16,2451.5692,0.0,27700.0,3.297,91326.9,93778.4692,0.9738578671531567,99.8308,2382.2,2
sh510300-hold-fee0.001,2016-09-17,2451.5692,0.0,27700.0,3.297,91326.9,93778.4692,0.9738578671531567,99.8308,2382.2,3
sh510300-hold-fee0.001,2016-09-18,2451.5692,0.0,27700.0,3.297,91326.9,93778.4692,0.9738578671531567,99.8308,2382.2,4
sh510300-hold-fee0.001,2016-09-19,2451.5692,0.0,27700.0,3.318,91908.6,94360.1692,0.9740190249680053,99.8308,2382.2,0
sh510300-hold-fee0.001,2016-09-20,2451.5692,0.0,27700.0,3.314,91797.8,94249.3692,0.973988481612034,99.8308,2382.2,0
sh510300-hold-fee0.001,2016-09-21,2451.5692,0.0,27700.0,3.327,92157.9,94609.4692,0.974087485949028,99.8308,2382.2,0
sh510300-hold-fee0.001,2016-09-22,2451.5692,0.0,27700.0,3.349,92767.3,95218.8692,0.9742533258313468,99.8308,2382.2,0
sh510300-hold-fee0.001,2016-09-23,2451.5692,0.0,27700.0,3.341,92545.7,94997.2692,0.9741932665997098,99.8308,2382.2,0
sh510300-hold-fee0.001,2016-09-24,2451.5692,0.0,27700.0,3.341,92545.7,94997.2692,0.9741932665997098,99.8308,2382.2,1
sh510300-hold-fee0.001,2016-09-25,2451.5692,0.0,27700.0,3.341,92545.7,94997.2692,0.9741932665997098,99.8308,2382.2,2
sh510300-hold-fee0.001,2016-09-26,2451.5692,0.0,27700.0,3.285,90994.5,93446.0692,0.9737648761367054,99.8308,2382.2,0
sh510300-hold-fee0.001,2016-09-27,2451.5692,0.0,27700.0,3.302,91465.4,93916.9692,0.973896419136149,99.8308,2382.2,0
sh510300-hold-fee0.001,2016-09-28,2451.5692,0.0,27700.0,3.297,91326.9,93778.4692,0.9738578671531567,99.8308,2382.2,0
sh510300-hold-fee0.001,2016-09-29,2451.5692,0.0,27700.0,3.312,91742.4,94193.9692,0.973973182988025,99.8308,2382.2,0
sh510300-hold-fee0.001,2016-09-30,2451.5692,0.0,27700.0,3.322,92019.4,94470.9692,0.9740494966786051,99.8308,2382.2,0
sh510300-hold-fee0.001,2016-10-01,2451.5692,0.0,27700.0,3.322,92019.4,94470.9692,0.9740494966786051,99.8308,2382.2,1
sh510300-hold-fee0.001,2016-10-02,2451.5692,0.0,27700.0,3.322,92019.4,94470.9692,0.9740494966786051,99.8308,2382.2,2
sh510300-hold-fee0.001,2016-10-03,2451.5692,0.0,27700.0,3.322,92019.4,94470.9692,0.9740494966786051,99.8308,2382.2,3
sh510300-hold-fee0.001,2016-10-04,2451.5692,0.0,27700.0,3.322,92019.4,94470.9692,0.9740494966786051,99.8308,2382.2,4
sh510300-hold-fee0.001,2016-10-05,2451.5692,0.0,27700.0,3.322,92019.4,94470.9692,0.9740494966786051,99.8308,2382.2,5
sh510300-hold-fee0.001,2016-10-06,2451.5692,0.0,27700.0,3.322,92019.4,94470.9692,0.9740494966786051,99.8308,2382.2,6
sh510300-hold-fee0.001,2016-10-07,2451.5692,0.0,27700.0,3.322,92019.4,94470.9692,0.9740494966786051,99.8308,2382.2,7
sh510300-hold-fee0.001,2016-10-08,2451.5692,0.0,27700.0,3.322,92019.4,94470.9692,0.9740494966786051,99.8308,2382.2,8
sh510300-hold-fee0.001,2016-10-09,2451.5692,0.0,27700.0,3.322,92019.4,94470.9692,0.9740494966786051,99.8308,2382.2,9
sh510300-hold-fee0.001,2016-10-10,2451.5692,0.0,27700.0,3.36,93072.0,95523.5692,0.9743354522812365,99.8308,2382.2,0
sh510300-hold-fee0.001,2016-10-11,2451.5692,0.0,27700.0,3.368,93293.6,95745.1692,0.9743948522887983,99.8308,2382.2,0
sh510300-hold-fee0.001,2016-10-12,2451.5692,0.0,27700.0,3.36,93072.0,95523.5692,0.9743354522812365,99.8308,2382.2,0
sh510300-hold-fee0.001,2016-10-13,2451.5692,0.0,27700.0,3.36,93072.0,95523.5692,0.9743354522812365,99.8308,2382.2,0
sh510300-hold-fee0.001,2016-10-14,2451.5692,0.0,27700.0,3.37,93349.0,95800.5692,0.9744096593530469,99.8308,2382.2,0
sh510300-hold-fee0.001,2016-10-15,2451.5692,0.0,27700.0,3.37,93349.0,95800.5692,0.9744096593530469,99.8308,2382.2,1
sh510300-hold-fee0.001,2016-10-16,2451.5692,0.0,27700.0,3.37,93349.0,95800.5692,0.9744096593530469,99.8308,2382.2,2
sh510300-hold-fee0.001,2016-10-17,2451.5692,0.0,27700.0,3.339,92490.3,94941.8692,0.9741782079849761,99.8308,2382.2,0
sh510300-hold-fee0.001,2016-10-18,2451.5692,0.0,27700.0,3.381,93653.7,96105.2692,0.9744907930604912,99.8308,2382.2,0
sh510300-hold-fee0.001,2016-10-19,2451.5692,0.0,27700.0,3.379,93598.3,96049.8692,0.9744760797654475,99.8308,2382.2,0
sh510300-hold-fee0.001,2016-10-20,2451.5692,0.0,27700.0,3.374,93459.8,95911.3692,0.9744392221647066,99.8308,2382.2,0
sh510300-hold-fee0.001,2016-10-21,2451.5692,0.0,27700.0,3.391,93930.7,96382.2692,0.9745641058220696,99.8308,2382.2,0
sh510300-hold-fee0.001,2016-10-22,2451.5692,0.0,27700.0,3.391,93930.7,96382.2692,0.9745641058220696,99.8308,2382.2,1
sh510300-hold-fee0.001,2016-10-23,2451.5692,0.0,27700.0,3.391,93930.7,96382.2692,0.9745641058220696,99.8308,2382.2,2
sh510300-hold-fee0.001,2016-10-24,2451.5692,0.0,27700.0,3.432,95066.4,97517.9692,0.97486033374042,99.8308,2382.2,0
sh510300-hold-fee0.001,2016-10-25,2451.5692,0.0,27700.0,3.423,94817.1,97268.6692,0.9747959006721971,99.8308,2382.2,0
sh510300-hold-fee0.001,2016-10-26,2451.5692,0.0,27700.0,3.413,94540.1,96991.6692,0.9747239198972358,99.8308,2382.2,0
sh510300-hold-fee0.001,2016-10-27,2451.5692,0.0,27700.0,3.408,94401.6,96853.1692,0.9746877751110286,99.8308,2382.2,0
sh510300-hold-fee0.001,2016-10-28,2451.5692,0.0,27700.0,3.403,94263.1,96714.6692,0.97465152680272,99.8308,2382.2,0
sh510300-hold-fee0.001,2016-10-29,2451.5692,0.0,27700.0,3.403,94263.1,96714.6692,0.97465152680272,99.8308,2382.2,1
sh510300-hold-fee0.001,2016-10-30,2451.5692,0.0,27700.0,3.403,94263.1,96714.6692,0.97465152680272,99.8308,2382.2,2
sh510300-hold-fee0.001,2016-10-31,2451.5692,0.0,27700.0,3.396,94069.2,96520.7692,0.9746006044054609,99.8308,2382.2,0
sh510300-hold-fee0.001,2016-11-01,2451.5692,0.0,27700.0,3.417,94650.9,97102.4692,0.9747527614879643,99.8308,2382.2,0
sh510300-hold-fee0.001,2016-11-02,2451.5692,0.0,27700.0,3.394,94013.8,96465.3692,0.9745860175487723,99.8308,2382.2,0
sh510300-hold-fee0.001,2016-11-03,2451.5692,0.0,27700.0,3.42,94734.0,97185.5692,0.9747743495234887,99.8308,2382.2,0
sh510300-hold-fee0.001,2016-11-04,2451.5692,0.0,27700.0,3.409,94429.3,96880.8692,0.9746950123358307,99.8308,2382.2,0
sh510300-hold-fee0.001,2016-11-05,2451.5692,0.0,27700.0,3.409,94429.3,96880.8692,0.9746950123358307,99.8308,2382.2,1
sh510300-hold-fee0.001,2016-11-06,2451.5692,0.0,27700.0,3.409,94429.3,96880.8692,0.9746950123358307,99.8308,2382.2,2
sh510300-hold-fee0.001,2016-11-07,2451.5692,0.0,27700.0,3.412,94512.4,96963.9692,0.9747166992004697,99.8308,2382.2,0
sh510300-hold-fee0.001,2016-11-08,2451.5692,0.0,27700.0,3.43,95011.0,97462.5692,0.9748460437671286,99.8308,2382.2,0
sh510300-hold-fee0.001,2016-11-09,2451.5692,0.0,27700.0,3.417,94650.9,97102.4692,0.9747527614879643,99.8308,2382.2,0
sh510300-hold-fee0.001,2016-11-10,2451.5692,0.0,27700.0,3.452,95620.4,98071.9692,0.9750023455223942,99.8308,2382.2,0
sh510300-hold-fee0.001,2016-11-11,2451.5692,0.0,27700.0,3.482,96451.4,98902.9692,0.9752123801759431,99.8308,2382.2,0
sh510300-hold-fee0.001,2016-11-12,2451.5692,0.0,27700.0,3.482,96451.4,98902.9692,0.9752123801759431,99.8308,2382.2,1
sh510300-hold-fee0.001,2016-11-13,2451.5692,0.0,27700.0,3.482,96451.4,98902.9692,0.9752123801759431,99.8308,2382.2,2
sh510300-hold-fee0.001,2016-11-14,2451.5692,0.0,27700.0,3.487,96589.9,99041.4692,0.9752470432859855,99.8308,2382.2,0
sh510300-hold-fee0.001,2016-11-15,2451.5692,0.0,27700.0,3.483,96479.1,98930.6692,0.9752193205623236,99.8308,2382.2,0
sh510300-hold-fee0.001,2016-11-16,2451.5692,0.0,27700.0,3.484,96506.8,98958.3692,0.975226257063258,99.8308,2382.2,0
sh510300-hold-fee0.001,2016-11-17,2451.5692,0.0,27700.0,3.492,96728.4,99179.9692,0.9752816095853355,99.8308,2382.2,0
sh510300-hold-fee0.001,2016-11-18,2451.5692,0.0,27700.0,3.48,96396.0,98847.5692,0.9751984877337783,99.8308,2382.2,0
sh510300-hold-fee0.001,2016-11-19,2451.5692,0.0,27700.0,3.48,96396.0,98847.5692,0.9751984877337783,99.8308,2382.2,1
sh510300-hold-fee0.001,2016-11-20,2451.5692,0.0,27700.0,3.48,96396.0,98847.5692,0.9751984877337783,99.8308,2382.2,2
sh510300-hold-fee0.001,2016-11-21,2451.5692,0.0,27700.0,3.496,96839.2,99290.7692,0.9753091931933588,99.8308,2382.2,0
sh510300-hold-fee0.001,2016-11-22,2451.5692,0.0,27700.0,3.531,97808.7,100260.2692,0.9755479491571124,99.8308,2382.2,0
sh510300-hold-fee0.001,2016-11-23,2451.5692,0.0,27700.0,3.537,97974.9,100426.4692,0.975588415887472,99.8308,2382.2,0
sh510300-hold-fee0.001,2016-11-24,2451.5692,0.0,27700.0,3.547,98251.9,100703.4692,0.9756555636119039,99.8308,2382.2,0
sh510300-hold-fee0.001,2016-11-25,2451.5692,0.0,27700.0,3.586,99332.2,101783.7692,0.9759139475844838,99.8308,2382.2,0
sh510300-hold-fee0.001,2016-11-26,2451.5692,0.0,27700.0,3.586,99332.2,101783.7692,0.9759139475844838,99.8308,2382.2,1
sh510300-hold-fee0.001,2016-11-27,2451.5692,0.0,27700.0,3.586,99332.2,101783.7692,0.9759139475844838,99.8308,2382.2,2
sh510300-hold-fee0.001,2016-11-28,2451.5692,0.0,27700.0,3.602,99775.4,102226.9692,0.9760183714807814,99.8308,2382.2,0
sh510300-hold-fee0.001,2016-11-29,2451.5692,0.0,27700.0,3.63,100551.0,103002.5692,0.976198950967526,99.8308,2382.2,0
sh510300-hold-fee0.001,2016-11-30,2451.5692,0.0,27700.0,3.597,99636.9,102088.4692,0.9759858364102104,99.8308,2382.2,0
sh510300-hold-fee0.001,2016-12-01,2451.5692,0.0,27700.0,3.631,100578.7,103030.2692,0.9762053499516625,99.8308,2382.2,0
sh510300-hold-fee0.001,2016-12-02,2451.5692,0.0,27700.0,3.591,99470.7,101922.2692,0.9759466776079196,99.8308,2382.2,0
sh510300-hold-fee0.001,2016-12-03,2451.5692,0.0,27700.0,3.591,99470.7,101922.2692,0.9759466776079196,99.8308,2382.2,1
sh510300-hold-fee0.001,2016-12-04,2451.5692,0.0,27700.0,3.591,99470.7,101922.2692,0.9759466776079196,99.8308,2382.2,2
sh510300-hold-fee0.001,2016-12-05,2451.5692,0.0,27700.0,3.519,97476.3,99927.8692,0.9754666118708754,99.8308,2382.2,0
sh510300-hold-fee0.001,2016-12-06,2451.5692,0.0,27700.0,3.513,97310.1,99761.6692,0.9754257399694751,99.8308,2382.2,0
sh510300-hold-fee0.001,2016-12-07,2451.5692,0.0,27700.0,3.529,97753.3,100204.8692,0.9755344304166808,99.8308,2382.2,0
sh510300-hold-fee0.001,2016-12-08,2451.5692,0.0,27700.0,3.537,97974.9,100426.4692,0.975588415887472,99.8308,2382.2,0
sh510300-hold-fee0.001,2016-12-09,2451.5692,0.0,27700.0,3.557,98528.9,100980.4692,0.9757223429498583,99.8308,2382.2,0
sh510300-hold-fee0.001,2016-12-10,2451.5692,0.0,27700.0,3.557,98528.9,100980.4692,0.9757223429498583,99.8308,2382.2,1
sh510300-hold-fee0.001,2016-12-11,2451.5692,0.0,27700.0,3.557,98528.9,100980.4692,0.9757223429498583,99.8308,2382.2,2
sh510300-hold-fee0.001,2016-12-12,2451.5692,0.0,27700.0,3.463,95925.1,98376.6692,0.9750797702347905,99.8308,2382.2,0
sh510300-hold-fee0.001,2016-12-13,2451.5692,0.0,27700.0,3.458,95786.6,98238.1692,0.9750446367235435,99.8308,2382.2,0
sh510300-hold-fee0.001,2016-12-14,2451.5692,0.0,27700.0,3.434,95121.8,97573.3692,0.9748746074866501,99.8308,2382.2,0
sh510300-hold-fee0.001,2016-12-15,2451.5692,0.0,27700.0,3.395,94041.5,96493.0692,0.9745933130708211,99.8308,2382.2,0
sh510300-hold-fee0.001,2016-12-16,2451.5692,0.0,27700.0,3.395,94041.5,96493.0692,0.9745933130708211,99.8308,2382.2,0
sh510300-hold-fee0.001,2016-12-17,2451.5692,0.0,27700.0,3.395,94041.5,96493.0692,0.9745933130708211,99.8308,2382.2,1
sh510300-hold-fee0.001,2016-12-18,2451.5692,0.0,27700.0,3.395,94041.5,96493.0692,0.9745933130708211,99.8308,2382.2,2
sh510300-hold-fee0.001,2016-12-19,2451.5692,0.0,27700.0,3.385,93764.5,96216.0692,0.9745201688201995,99.8308,2382.2,0
sh510300-hold-fee0.001,2016-12-20,2451.5692,0.0,27700.0,3.36,93072.0,95523.5692,0.9743354522812365,99.8308,2382.2,0
sh510300-hold-fee0.001,2016-12-21,2451.5692,0.0,27700.0,3.397,94096.9,96548.4692,0.9746078915562961,99.8308,2382.2,0
sh510300-hold-fee0.001,2016-12-22,2451.5692,0.0,27700.0,3.391,93930.7,96382.2692,0.9745641058220696,99.8308,2382.2,0
sh510300-hold-fee0.001,2016-12-23,2451.5692,0.0,27700.0,3.364,93182.8,95634.3692,0.9743651866948269,99.8308,2382.2,0
sh510300-hold-fee0.001,2016-12-24,2451.5692,0.0,27700.0,3.364,93182.8,95634.3692,0.9743651866948269,99.8308,2382.2,1
sh510300-hold-fee0.001,2016-12-25,2451.5692,0.0,27700.0,3.364,93182.8,95634.3692,0.9743651866948269,99.8308,2382.2,2
sh510300-hold-fee0.001,2016-12-26,2451.5692,0.0,27700.0,3.376,93515.2,95966.7692,0.9744539779713663,99.8308,2382.2,0
sh510300-hold-fee0.001,2016-12-27,2451.5692,0.0,27700.0,3.371,93376.7,95828.2692,0.974417056465004,99.8308,2382.2,0
sh510300-hold-fee0.001,2016-12-28,2451.5692,0.0,27700.0,3.353,92878.1,95329.6692,0.9742832507384804,99.8308,2382.2,0
sh510300-hold-fee0.001,2016-12-29,2451.5692,0.0,27700.0,3.355,92933.5,95385.0692,0.9742981871213027,99.8308,2382.2,0
sh510300-hold-fee0.001,2016-12-30,2451.5692,0.0,27700.0,3.358,93016.6,95468.1692,0.9743205591922045,99.8308,2382.2,0
sh510300-hold-fee0.001,2016-12-31,2451.5692,0.0,27700.0,3.358,93016.6,95468.1692,0.9743205591922045,99.8308,2382.2,1
sh510300-hold-fee0.001,2017-01-01,2451.5692,0.0,27700.0,3.358,93016.6,95468.1692,0.9743205591922045,99.8308,2382.2,2
sh510300-hold-fee0.001,2017-01-02,2451.5692,0.0,27700.0,3.358,93016.6,95468.1692,0.9743205591922045,99.8308,2382.2,3
sh510300-hold-fee0.001,2017-01-03,2451.5692,0.0,27700.0,3.396,94069.2,96520.7692,0.9746006044054609,99.8308,2382.2,0
sh510300-hold-fee0.001,2017-01-04,2451.5692,0.0,27700.0,3.426,94900.2,97351.7692,0.9748174150285499,99.8308,2382.2,0
sh510300-hold-fee0.001,2017-01-05,2451.5692,0.0,27700.0,3.419,94706.3,97157.8692,0.9747671576148563,99.8308,2382.2,0
sh510300-hold-fee0.001,2017-01-06,2451.5692,0.0,27700.0,3.408,94401.6,96853.1692,0.9746877751110286,99.8308,2382.2,0
sh510300-hold-fee0.001,2017-01-07,2451.5692,0.0,27700.0,3.408,94401.6,96853.1692,0.9746877751110286,99.8308,2382.2,1
sh510300-hold-fee0.001,2017-01-08,2451.5692,0.0,27700.0,3.408,94401.6,96853.1692,0.9746877751110286,99.8308,2382.2,2
sh510300-hold-fee0.001,2017-01-09,2451.5692,0.0,27700.0,3.42,94734.0,97185.5692,0.9747743495234887,99.8308,2382.2,0
sh510300-hold-fee0.001,2017-01-10,2451.5692,0.0,27700.0,3.411,94484.7,96936.2692,0.9747094743770065,99.8308,2382.2,0
sh510300-hold-fee0.001,2017-01-11,2451.5692,0.0,27700.0,3.386,93792.2,96243.7692,0.9745275021917991,99.8308,2382.2,0
sh510300-hold-fee0.001,2017-01-12,2451.5692,0.0,27700.0,3.369,93321.3,95772.8692,0.9744022579622162,99.8308,2382.2,0
sh510300-hold-fee0.001,2017-01-13,2451.5692,0.0,27700.0,3.375,93487.5,95939.0692,0.974446602198221,99.8308,2382.2,0
sh510300-hold-fee0.001,2017-01-14,2451.5692,0.0,27700.0,3.375,93487.5,95939.0692,0.974446602198221,99.8308,2382.2,1
sh510300-hold-fee0.001,2017-01-15,2451.5692,0.0,27700.0,3.375,93487.5,95939.0692,0.974446602198221,99.8308,2382.2,2
sh510300-hold-fee0.001,2017-01-16,2451.5692,0.0,27700.0,3.371,93376.7,95828.2692,0.974417056465004,99.8308,2382.2,0
sh510300-hold-fee0.001,2017-01-17,2451.5692,0.0,27700.0,3.376,93515.2,95966.7692,0.9744539779713663,99.8308,2382.2,0
sh510300-hold-fee0.001,2017-01-18,2451.5692,0.0,27700.0,3.398,94124.6,96576.1692,0.9746151745269267,99.8308,2382.2,0
sh510300-hold-fee0.001,2017-01-19,2451.5692,0.0,27700.0,3.386,93792.2,96243.7692,0.9745275021917991,99.8308,2382.2,0
sh510300-hold-fee0.001,2017-01-20,2451.5692,0.0,27700.0,3.415,94595.5,97047.0692,0.9747383489248123,99.8308,2382.2,0
sh510300-hold-fee0.001,2017-01-21,2451.5692,0.0,27700.0,3.415,94595.5,97047.0692,0.9747383489248123,99.8308,2382.2,1
sh510300-hold-fee0.001,2017-01-22,2451.5692,0.0,27700.0,3.415,94595.5,97047.0692,0.9747383489248123,99.8308,2382.2,2
sh510300-hold-fee0.001,2017-01-23,2451.5692,1523.5,27700.0,3.361,93099.7,97074.7692,0.9590514689578061,99.8308,2382.2,0
sh510300-hold-fee0.001,2017-01-24,2451.5692,1523.5,27700.0,3.363,93155.1,97130.1692,0.9590748247147087,99.8308,2382.2,0
sh510300-hold-fee0.001,2017-01-25,2451.5692,1523.5,27700.0,3.373,93432.1,97407.1692,0.9591912049939749,99.8308,2382.2,0
sh510300-hold-fee0.001,2017-01-26,3975.0692,0.0,27700.0,3.387,93819.9,97794.9692,0.9593530297875487,99.8308,3905.7,0
sh510300-hold-fee0.001,2017-01-27,3975.0692,0.0,27700.0,3.387,93819.9,97794.9692,0.9593530297875487,99.8308,3905.7,1
sh510300-hold-fee0.001,2017-01-28,3975.0692,0.0,27700.0,3.387,93819.9,97794.9692,0.9593530297875487,99.8308,3905.7,2
sh510300-hold-fee0.001,2017-01-29,3975.0692,0.0,27700.0,3.387,93819.9,97794.9692,0.9593530297875487,99.8308,3905.7,3
sh510300-hold-fee0.001,2017-01-30,3975.0692,0.0,27700.0,3.387,93819.9,97794.9692,0.9593530297875487,99.8308,3905.7,4
sh510300-hold-fee0.001,2017-01-31,3975.0692,0.0,27700.0,3.387,93819.9,97794.9692,0.9593530297875487,99.8308,3905.7,5
sh510300-hold-fee0.001,2017-02-01,3975.0692,0.0,27700.0,3.387,93819.9,97794.9692,0.9593530297875487,99.8308,3905.7,6
sh510300-hold-fee0.001,2017-02-02,3975.0692,0.0,27700.0,3.387,93819.9,97794.9692,0.9593530297875487,99.8308,3905.7,7
sh510300-hold-fee0.001,2017-02-03,3975.0692,0.0,27700.0,3.367,93265.9,97240.9692,0.9591214563912429,99.8308,3905.7,0
sh510300-hold-fee0.001,2017-02-04,3975.0692,0.0,27700.0,3.367,93265.9,97240.9692,0.9591214563912429,99.8308,3905.7,1
sh510300-hold-fee0.001,2017-02-05,3975.0692,0.0,27700.0,3.367,93265.9,97240.9692,0.9591214563912429,99.8308,3905.7,2
sh510300-hold-fee0.001,2017-02-06,3975.0692,0.0,27700.0,3.366,93238.2,97213.2692,0.9591098084375502,99.8308,3905.7,0
sh510300-hold-fee0.001,2017-02-07,3975.0692,0.0,27700.0,3.36,93072.0,97047.0692,0.9590397810797567,99.8308,3905.7,0
sh510300-hold-fee0.001,2017-02-08,3975.0692,0.0,27700.0,3.383,93709.1,97684.1692,0.9593069252412703,99.8308,3905.7,0
sh510300-hold-fee0.001,2017-02-09,3975.0692,0.0,27700.0,3.395,94041.5,98016.5692,0.959444926174788,99.8308,3905.7,0
sh510300-hold-fee0.001,2017-02-10,3975.0692,0.0,27700.0,3.413,94540.1,98515.1692,0.959650181466673,99.8308,3905.7,0
sh510300-hold-fee0.001,2017-02-11,3975.0692,0.0,27700.0,3.413,94540.1,98515.1692,0.959650181466673,99.8308,3905.7,1
sh510300-hold-fee0.001,2017-02-12,3975.0692,0.0,27700.0,3.413,94540.1,98515.1692,0.959650181466673,99.8308,3905.7,2
sh510300-hold-fee0.001,2017-02-13,3975.0692,0.0,27700.0,3.431,95038.7,99013.7692,0.9598533695654927,99.8308,3905.7,0
sh510300-hold-fee0.001,2017-02-14,3975.0692,0.0,27700.0,3.435,95149.5,99124.5692,0.9598982448843772,99.8308,3905.7,0
sh510300-hold-fee0.001,2017-02-15,3975.0692,0.0,27700.0,3.423,94817.1,98792.1692,0.9597633169492142,99.8308,3905.7,0
sh510300-hold-fee0.001,2017-02-16,3975.0692,0.0,27700.0,3.438,95232.6,99207.6692,0.959931835592404,99.8308,3905.7,0
sh510300-hold-fee0.001,2017-02-17,3975.0692,0.0,27700.0,3.418,94678.6,98653.6692,0.9597068286234609,99.8308,3905.7,0
sh510300-hold-fee0.001,2017-02-18,3975.0692,0.0,27700.0,3.418,94678.6,98653.6692,0.9597068286234609,99.8308,3905.7,1
sh510300-hold-fee0.001,2017-02-19,3975.0692,0.0,27700.0,3.418,94678.6,98653.6692,0.9597068286234609,99.8308,3905.7,2
sh510300-hold-fee0.001,2017-02-20,3975.0692,0.0,27700.0,3.474,96229.8,100204.8692,0.9603305784266221,99.8308,3905.7,0
sh510300-hold-fee0.001,2017-02-21,3975.0692,0.0,27700.0,3.474,96229.8,100204.8692,0.9603305784266221,99.8308,3905.7,0
sh510300-hold-fee0.001,2017-02-22,3975.0692,0.0,27700.0,3.485,96534.5,100509.5692,0.9604508383466437,99.8308,3905.7,0
sh510300-hold-fee0.001,2017-02-23,3975.0692,0.0,27700.0,3.47,96119.0,100094.0692,0.9602866660155724,99.8308,3905.7,0
sh510300-hold-fee0.001,2017-02-24,3975.0692,0.0,27700.0,3.467,96035.9,100010.9692,0.9602536678546657,99.8308,3905.7,0
sh510300-hold-fee0.001,2017-02-25,3975.0692,0.0,27700.0,3.467,96035.9,100010.9692,0.9602536678546657,99.8308,3905.7,1
sh510300-hold-fee0.001,2017-02-26,3975.0692,0.0,27700.0,3.467,96035.9,100010.9692,0.9602536678546657,99.8308,3905.7,2
sh510300-hold-fee0.001,2017-02-27,3975.0692,0.0,27700.0,3.44,95288.0,99263.0692,0.9599541981520757,99.8308,3905.7,0
sh510300-hold-fee0.001,2017-02-28,3975.0692,0.0,27700.0,3.445,95426.5,99401.5692,0.9600099954961274,99.8308,3905.7,0
sh510300-hold-fee0.001,2017-03-01,3975.0692,0.0,27700.0,3.449,95537.3,99512.3692,0.9600545215438404,99.8308,3905.7,0
sh510300-hold-fee0.001,2017-03-02,3975.0692,0.0,27700.0,3.437,95204.9,99179.9692,0.9599206449441002,99.8308,3905.7,0
sh510300-hold-fee0.001,2017-03-03,3975.0692,0.0,27700.0,3.424,94844.8,98819.8692,0.9597745956134093,99.8308,3905.7,0
sh510300-hold-fee0.001,2017-03-04,3975.0692,0.0,27700.0,3.424,94844.8,98819.8692,0.9597745956134093,99.8308,3905.7,1
sh510300-hold-fee0.001,2017-03-05,3975.0692,0.0,27700.0,3.424,94844.8,98819.8692,0.9597745956134093,99.8308,3905.7,2
sh510300-hold-fee0.001,2017-03-06,3975.0692,0.0,27700.0,3.441,95315.7,99290.7692,0.959965370073898,99.8308,3905.7,0
sh510300-hold-fee0.001,2017-03-07,3975.0692,0.0,27700.0,3.446,95454.2,99429.2692,0.9600211363114394,99.8308,3905.7,0
sh510300-hold-fee0.001,2017-03-08,3975.0692,0.0,27700.0,3.45,95565.0,99540.0692,0.9600656375673888,99.8308,3905.7,0
sh510300-hold-fee0.001,2017-03-09,3975.0692,0.0,27700.0,3.419,94706.3,98681.3692,0.959718138973694,99.8308,3905.7,0
sh510300-hold-fee0.001,2017-03-10,3975.0692,0.0,27700.0,3.422,94789.4,98764.4692,0.9597520319584728,99.8308,3905.7,0
sh510300-hold-fee0.001,2017-03-11,3975.0692,0.0,27700.0,3.422,94789.4,98764.4692,0.9597520319584728,99.8308,3905.7,1
sh510300-hold-fee0.001,2017-03-12,3975.0692,0.0,27700.0,3.422,94789.4,98764.4692,0.9597520319584728,99.8308,3905.7,2
sh510300-hold-fee0.001,2017-03-13,3975.0692,0.0,27700.0,3.459,95814.3,99789.3692,0.96016540407192,99.8308,3905.7,0
sh510300-hold-fee0.001,2017-03-14,3975.0692,0.0,27700.0,3.451,95592.7,99567.7692,0.9600767474059266,99.8308,3905.7,0
sh510300-hold-fee0.001,2017-03-15,3975.0692,0.0,27700.0,3.457,95758.9,99733.9692,0.960143276840525,99.8308,3905.7,0
sh510300-hold-fee0.001,2017-03-16,3975.0692,0.0,27700.0,3.478,96340.6,100315.6692,0.9603743938339794,99.8308,3905.7,0
sh510300-hold-fee0.001,2017-03-17,3975.0692,0.0,27700.0,3.439,95260.3,99235.3692,0.9599430199933191,99.8308,3905.7,0
sh510300-hold-fee0.001,2017-03-18,3975.0692,0.0,27700.0,3.439,95260.3,99235.3692,0.9599430199933191,99.8308,3905.7,1
sh510300-hold-fee0.001,2017-03-19,3975.0692,0.0,27700.0,3.439,95260.3,99235.3692,0.9599430199933191,99.8308,3905.7,2
sh510300-hold-fee0.001,2017-03-20,3975.0692,0.0,27700.0,3.441,95315.7,99290.7692,0.959965370073898,99.8308,3905.7,0
sh510300-hold-fee0.001,2017-03-21,3975.0692,0.0,27700.0,3.465,95980.5,99955.5692,0.9602316385988826,99.8308,3905.7,0
sh510300-hold-fee0.001,2017-03-22,3975.0692,0.0,27700.0,3.447,95481.9,99456.9692,0.9600322709210407,99.8308,3905.7,0
sh510300-hold-fee0.001,2017-03-23,3975.0692,0.0,27700.0,3.457,95758.9,99733.9692,0.960143276840525,99.8308,3905.7,0
sh510300-hold-fee0.001,2017-03-24,3975.0692,0.0,27700.0,3.49,96673.0,100648.0692,0.96050526123754,99.8308,3905.7,0
sh510300-hold-fee0.001,2017-03-25,3975.0692,0.0,27700.0,3.49,96673.0,100648.0692,0.96050526123754,99.8308,3905.7,1
sh510300-hold-fee0.001,2017-03-26,3975.0692,0.0,27700.0,3.49,96673.0,100648.0692,0.96050526123754,99.8308,3905.7,2
sh510300-hold-fee0.001,2017-03-27,3975.0692,0.0,27700.0,3.474,96229.8,100204.8692,0.9603305784266221,99.8308,3905.7,0
sh510300-hold-fee0.001,2017-03-28,3975.0692,0.0,27700.0,3.469,96091.3,100066.3692,0.9602756727182223,99.8308,3905.7,0
sh510300-hold-fee0.001,2017-03-29,3975.0692,0.0,27700.0,3.462,95897.4,99872.4692,0.9601985488909891,99.8308,3905.7,0
sh510300-hold-fee0.001,2017-03-30,3975.0692,0.0,27700.0,3.429,94983.3,98958.3692,0.9598308942221332,99.8308,3905.7,0
sh510300-hold-fee0.001,2017-03-31,3975.0692,0.0,27700.0,3.454,95675.8,99650.8692,0.9601100398630542,99.8308,3905.7,0
sh510300-hold-fee0.001,2017-04-01,3975.0692,0.0,27700.0,3.454,95675.8,99650.8692,0.9601100398630542,99.8308,3905.7,1
sh510300-hold-fee0.001,2017-04-02,3975.0692,0.0,27700.0,3.454,95675.8,99650.8692,0.9601100398630542,99.8308,3905.7,2
sh510300-hold-fee0.001,2017-04-03,3975.0692,0.0,27700.0,3.454,95675.8,99650.8692,0.9601100398630542,99.8308,3905.7,3
sh510300-hold-fee0.001,2017-04-04,3975.0692,0.0,27700.0,3.454,95675.8,99650.8692,0.9601100398630542,99.8308,3905.7,4
sh510300-hold-fee0.001,2017-04-05,3975.0692,0.0,27700.0,3.511,97254.7,101229.7692,0.9607322111725214,99.8308,3905.7,0
sh510300-hold-fee0.001,2017-04-06,3975.0692,0.0,27700.0,3.507,97143.9,101118.9692,0.9606891839241574,99.8308,3905.7,0
sh510300-hold-fee0.001,2017-04-07,3975.0692,0.0,27700.0,3.514,97337.8,101312.8692,0.9607644198472666,99.8308,3905.7,0
sh510300-hold-fee0.001,2017-04-08,3975.0692,0.0,27700.0,3.514,97337.8,101312.8692,0.9607644198472666,99.8308,3905.7,1
sh510300-hold-fee0.001,2017-04-09,3975.0692,0.0,27700.0,3.514,97337.8,101312.8692,0.9607644198472666,99.8308,3905.7,2
sh510300-hold-fee0.001,2017-04-10,3975.0692,0.0,27700.0,3.505,97088.5,101063.5692,0.9606676349206159,99.8308,3905.7,0
sh510300-hold-fee0.001,2017-04-11,3975.0692,0.0,27700.0,3.514,97337.8,101312.8692,0.9607644198472666,99.8308,3905.7,0
sh510300-hold-fee0.001,2017-04-12,3975.0692,0.0,27700.0,3.501,96977.7,100952.7692,0.9606244659606623,99.8308,3905.7,0
sh510300-hold-fee0.001,2017-04-13,3975.0692,0.0,27700.0,3.514,97337.8,101312.8692,0.9607644198472666,99.8308,3905.7,0
sh510300-hold-fee0.001,2017-04-14,3975.0692,0.0,27700.0,3.485,96534.5,100509.5692,0.9604508383466437,99.8308,3905.7,0
sh510300-hold-fee0.001,2017-04-15,3975.0692,0.0,27700.0,3.485,96534.5,100509.5692,0.9604508383466437,99.8308,3905.7,1
sh510300-hold-fee0.001,2017-04-16,3975.0692,0.0,27700.0,3.485,96534.5,100509.5692,0.9604508383466437,99.8308,3905.7,2
sh510300-hold-fee0.001,2017-04-17,3975.0692,0.0,27700.0,3.473,96202.1,100177.1692,0.9603196094305289,99.8308,3905.7,0
sh510300-hold-fee0.001,2017-04-18,3975.0692,0.0,27700.0,3.465,95980.5,99955.5692,0.9602316385988826,99.8308,3905.7,0
sh510300-hold-fee0.001,2017-04-19,3975.0692,0.0,27700.0,3.438,95232.6,99207.6692,0.959931835592404,99.8308,3905.7,0
sh510300-hold-fee0.001,2017-04-20,3975.0692,0.0,27700.0,3.457,95758.9,99733.9692,0.960143276840525,99.8308,3905.7,0
sh510300-hold-fee0.001,2017-04-21,3975.0692,0.0,27700.0,3.46,95842.0,99817.0692,0.9601764584769035,99.8308,3905.7,0
sh510300-hold-fee0.001,2017-04-22,3975.0692,0.0,27700.0,3.46,95842.0,99817.0692,0.9601764584769035,99.8308,3905.7,1
sh510300-hold-fee0.001,2017-04-23,3975.0692,0.0,27700.0,3.46,95842.0,99817.0692,0.9601764584769035,99.8308,3905.7,2
sh510300-hold-fee0.001,2017-04-24,3975.0692,0.0,27700.0,3.423,94817.1,98792.1692,0.9597633169492142,99.8308,3905.7,0
sh510300-hold-fee0.001,2017-04-25,3975.0692,0.0,27700.0,3.434,95121.8,99096.8692,0.9598870354624685,99.8308,3905.7,0
sh510300-hold-fee0.001,2017-04-26,3975.0692,0.0,27700.0,3.442,95343.4,99318.4692,0.9599765357640047,99.8308,3905.7,0
sh510300-hold-fee0.001,2017-04-27,3975.0692,0.0,27700.0,3.444,95398.8,99373.8692,0.9599988484699155,99.8308,3905.7,0
sh510300-hold-fee0.001,2017-04-28,3975.0692,0.0,27700.0,3.431,95038.7,99013.7692,0.9598533695654927,99.8308,3905.7,0
sh510300-hold-fee0.001,2017-04-29,3975.0692,0.0,27700.0,3.431,95038.7,99013.7692,0.9598533695654927,99.8308,3905.7,1
sh510300-hold-fee0.001,2017-04-30,3975.0692,0.0,27700.0,3.431,95038.7,99013.7692,0.9598533695654927,99.8308,3905.7,2
sh510300-hold-fee0.001,2017-05-01,3975.0692,0.0,27700.0,3.431,95038.7,99013.7692,0.9598533695654927,99.8308,3905.7,3
sh510300-hold-fee0.001,2017-05-02,3975.0692,0.0,27700.0,3.426,94900.2,98875.2692,0.9597971339834289,99.8308,3905.7,0
sh510300-hold-fee0.001,2017-05-03,3975.0692,0.0,27700.0,3.409,94429.3,98404.3692,0.9596047489322252,99.8308,3905.7,0
sh510300-hold-fee0.001,2017-05-04,3975.0692,0.0,27700.0,3.396,94069.2,98044.2692,0.9594563840147426,99.8308,3905.7,0
sh510300-hold-fee0.001,2017-05-05,3975.0692,0.0,27700.0,3.374,93459.8,97434.8692,0.9592028066272603,99.8308,3905.7,0
sh510300-hold-fee0.001,2017-05-06,3975.0692,0.0,27700.0,3.374,93459.8,97434.8692,0.9592028066272603,99.8308,3905.7,1
sh510300-hold-fee0.001,2017-05-07,3975.0692,0.0,27700.0,3.374,93459.8,97434.8692,0.9592028066272603,99.8308,3905.7,2
sh510300-hold-fee0.001,2017-05-08,3975.0692,0.0,27700.0,3.345,92656.5,96631.5692,0.9588636588134802,99.8308,3905.7,0
sh510300-hold-fee0.001,2017-05-09,3975.0692,0.0,27700.0,3.348,92739.6,96714.6692,0.9588990043301518,99.8308,3905.7,0
sh510300-hold-fee0.001,2017-05-10,3975.0692,0.0,27700.0,3.336,92407.2,96382.2692,0.9587572565680992,99.8308,3905.7,0
sh510300-hold-fee0.001,2017-05-11,3975.0692,0.0,27700.0,3.353,92878.1,96853.1692,0.9589577787403987,99.8308,3905.7,0
sh510300-hold-fee0.001,2017-05-12,3975.0692,0.0,27700.0,3.38,93626.0,97601.0692,0.9592722781360677,99.8308,3905.7,0
sh510300-hold-fee0.001,2017-05-13,3975.0692,0.0,27700.0,3.38,93626.0,97601.0692,0.9592722781360677,99.8308,3905.7,1
sh510300-hold-fee0.001,2017-05-14,3975.0692,0.0,27700.0,3.38,93626.0,97601.0692,0.9592722781360677,99.8308,3905.7,2
sh510300-hold-fee0.001,2017-05-15,3975.0692,0.0,27700.0,3.394,94013.8,97988.8692,0.9594334618569106,99.8308,3905.7,0
sh510300-hold-fee0.001,2017-05-16,3975.0692,0.0,27700.0,3.434,95121.8,99096.8692,0.9598870354624685,99.8308,3905.7,0
sh510300-hold-fee0.001,2017-05-17,3975.0692,0.0,27700.0,3.411,94484.7,98459.7692,0.9596274779811286,99.8308,3905.7,0
sh510300-hold-fee0.001,2017-05-18,3975.0692,0.0,27700.0,3.396,94069.2,98044.2692,0.9594563840147426,99.8308,3905.7,0
sh510300-hold-fee0.001,2017-05-19,3975.0692,0.0,27700.0,3.402,94235.4,98210.4692,0.9595249953250402,99.8308,3905.7,0
sh510300-hold-fee0.001,2017-05-20,3975.0692,0.0,27700.0,3.402,94235.4,98210.4692,0.9595249953250402,99.8308,3905.7,1
sh510300-hold-fee0.001,2017-05-21,3975.0692,0.0,27700.0,3.402,94235.4,98210.4692,0.9595249953250402,99.8308,3905.7,2
sh510300-hold-fee0.001,2017-05-22,3975.0692,0.0,27700.0,3.405,94318.5,98293.5692,0.9595592139714467,99.8308,3905.7,0
sh510300-hold-fee0.001,2017-05-23,3975.0692,0.0,27700.0,3.42,94734.0,98709.0692,0.9597294429760462,99.8308,3905.7,0
sh510300-hold-fee0.001,2017-05-24,3975.0692,0.0,27700.0,3.42,94734.0,98709.0692,0.9597294429760462,99.8308,3905.7,0
sh510300-hold-fee0.001,2017-05-25,3975.0692,0.0,27700.0,3.493,96756.1,100731.1692,0.9605378431366406,99.8308,3905.7,0
sh510300-hold-fee0.001,2017-05-26,3975.0692,0.0,27700.0,3.487,96589.9,100564.9692,0.9604726254915414,99.8308,3905.7,0
sh510300-hold-fee0.001,2017-05-27,3975.0692,0.0,27700.0,3.487,96589.9,100564.9692,0.9604726254915414,99.8308,3905.7,1
sh510300-hold-fee0.001,2017-05-28,3975.0692,0.0,27700.0,3.487,96589.9,100564.9692,0.9604726254915414,99.8308,3905.7,2
sh510300-hold-fee0.001,2017-05-29,3975.0692,0.0,27700.0,3.487,96589.9,100564.9692,0.9604726254915414,99.8308,3905.7,3
sh510300-hold-fee0.001,2017-05-30,3975.0692,0.0,27700.0,3.487,96589.9,100564.9692,0.9604726254915414,99.8308,3905.7,4
sh510300-hold-fee0.001,2017-05-31,3975.0692,0.0,27700.0,3.489,96645.3,100620.3692,0.9604943886451174,99.8308,3905.7,0
sh510300-hold-fee0.001,2017-06-01,3975.0692,0.0,27700.0,3.497,96866.9,100841.9692,0.9605812021370166,99.8308,3905.7,0
sh510300-hold-fee0.001,2017-06-02,3975.0692,0.0,27700.0,3.488,96617.6,100592.6692,0.9604835100647672,99.8308,3905.7,0
sh510300-hold-fee0.001,2017-06-03,3975.0692,0.0,27700.0,3.488,96617.6,100592.6692,0.9604835100647672,99.8308,3905.7,1
sh510300-hold-fee0.001,2017-06-04,3975.0692,0.0,27700.0,3.488,96617.6,100592.6692,0.9604835100647672,99.8308,3905.7,2
sh510300-hold-fee0.001,2017-06-05,3975.0692,0.0,27700.0,3.465,95980.5,99955.5692,0.9602316385988826,99.8308,3905.7,0
sh510300-hold-fee0.001,2017-06-06,3975.0692,0.0,27700.0,3.492,96728.4,100703.4692,0.9605269884783671,99.8308,3905.7,0
sh510300-hold-fee0.001,2017-06-07,3975.0692,0.0,27700.0,3.54,98058.0,102033.0692,0.9610413640286731,99.8308,3905.7,0
sh510300-hold-fee0.001,2017-06-08,3975.0692,0.0,27700.0,3.565,98750.5,102725.5692,0.9613039944099916,99.8308,3905.7,0
sh510300-hold-fee0.001,2017-06-09,3975.0692,0.0,27700.0,3.587,99359.9,103334.9692,0.9615321973696394,99.8308,3905.7,0
sh510300-hold-fee0.001,2017-06-10,3975.0692,0.0,27700.0,3.587,99359.9,103334.9692,0.9615321973696394,99.8308,3905.7,1
sh510300-hold-fee0.001,2017-06-11,3975.0692,0.0,27700.0,3.587,99359.9,103334.9692,0.9615321973696394,99.8308,3905.7,2
sh510300-hold-fee0.001,2017-06-12,3975.0692,0.0,27700.0,3.58,99166.0,103141.0692,0.9614598798438673,99.8308,3905.7,0
sh510300-hold-fee0.001,2017-06-13,3975.0692,0.0,27700.0,3.587,99359.9,103334.9692,0.9615321973696394,99.8308,3905.7,0
sh510300-hold-fee0.001,2017-06-14,3975.0692,0.0,27700.0,3.551,98362.7,102337.7692,0.9611573592909626,99.8308,3905.7,0
sh510300-hold-fee0.001,2017-06-15,3975.0692,0.0,27700.0,3.539,98030.3,102005.3692,0.9610307846422657,99.8308,3905.7,0
sh510300-hold-fee0.001,2017-06-16,3975.0692,0.0,27700.0,3.533,97864.1,101839.1692,0.9609671874660187,99.8308,3905.7,0
sh510300-hold-fee0.001,2017-06-17,3975.0692,0.0,27700.0,3.533,97864.1,101839.1692,0.9609671874660187,99.8308,3905.7,1
sh510300-hold-fee0.001,2017-06-18,3975.0692,0.0,27700.0,3.533,97864.1,101839.1692,0.9609671874660187,99.8308,3905.7,2
sh510300-hold-fee0.001,2017-06-19,3975.0692,0.0,27700.0,3.573,98972.1,102947.1692,0.9613872898993711,99.8308,3905.7,0
sh510300-hold-fee0.001,2017-06-20,3975.0692,0.0,27700.0,3.562,98667.4,102642.4692,0.9612726658762024,99.8308,3905.7,0
sh510300-hold-fee0.001,2017-06-21,3975.0692,0.0,27700.0,3.607,99913.9,103888.9692,0.9617373313970662,99.8308,3905.7,0
sh510300-hold-fee0.001,2017-06-22,3975.0692,0.0,27700.0,3.611,100024.7,103999.7692,0.9617780959460053,99.8308,3905.7,0
sh510300-hold-fee0.001,2017-06-23,3975.0692,0.0,27700.0,3.646,100994.2,104969.2692,0.962131114846325,99.8308,3905.7,0
sh510300-hold-fee0.001,2017-06-24,3975.0692,0.0,27700.0,3.646,100994.2,104969.2692,0.962131114846325,99.8308,3905.7,1
sh510300-hold-fee0.001,2017-06-25,3975.0692,0.0,27700.0,3.646,100994.2,104969.2692,0.962131114846325,99.8308,3905.7,2
sh510300-hold-fee0.001,2017-06-26,3975.0692,0.0,27700.0,3.691,102240.7,106215.7692,0.9625755268738383,99.8308,3905.7,0
sh510300-hold-fee0.001,2017-06-27,3975.0692,0.0,27700.0,3.693,102296.1,106271.1692,0.9625950365473159,99.8308,3905.7,0
sh510300-hold-fee0.001,2017-06-28,3975.0692,0.0,27700.0,3.668,101603.6,105578.6692,0.9623496940232318,99.8308,3905.7,0
sh510300-hold-fee0.001,2017-06-29,3975.0692,0.0,27700.0,3.69,102213.0,106188.0692,0.9625657644032198,99.8308,3905.7,0
sh510300-hold-fee0.001,2017-06-30,3975.0692,0.0,27700.0,3.684,102046.8,106021.8692,0.9625070824538906,99.8308,3905.7,0
sh510300-hold-fee0.001,2017-07-01,3975.0692,0.0,27700.0,3.684,102046.8,106021.8692,0.9625070824538906,99.8308,3905.7,1
sh510300-hold-fee0.001,2017-07-02,3975.0692,0.0,27700.0,3.684,102046.8,106021.8692,0.9625070824538906,99.8308,3905.7,2
sh510300-hold-fee0.001,2017-07-03,3975.0692,0.0,27700.0,3.668,101603.6,105578.6692,0.9623496940232318,99.8308,3905.7,0
sh510300-hold-fee0.001,2017-07-04,3975.0692,0.0,27700.0,3.638,100772.6,104747.6692,0.9620510009400763,99.8308,3905.7,0
sh510300-hold-fee0.001,2017-07-05,3975.0692,0.0,27700.0,3.685,102074.5,106049.5692,0.9625168755518151,99.8308,3905.7,0
sh510300-hold-fee0.001,2017-07-06,3975.0692,0.0,27700.0,3.682,101991.4,105966.4692,0.9624874808983443,99.8308,3905.7,0
sh510300-hold-fee0.001,2017-07-07,3975.0692,0.0,27700.0,3.68,101936.0,105911.0692,0.9624678588364208,99.8308,3905.7,0
sh510300-hold-fee0.001,2017-07-08,3975.0692,0.0,27700.0,3.68,101936.0,105911.0692,0.9624678588364208,99.8308,3905.7,1
sh510300-hold-fee0.001,2017-07-09,3975.0692,0.0,27700.0,3.68,101936.0,105911.0692,0.9624678588364208,99.8308,3905.7,2
sh510300-hold-fee0.001,2017-07-10,3975.0692,0.0,27700.0,3.684,102046.8,106021.8692,0.9625070824538906,99.8308,3905.7,0
sh510300-hold-fee0.001,2017-07-11,3975.0692,0.0,27700.0,3.714,102877.8,106852.8692,0.9627986667109544,99.8308,3905.7,0
sh510300-hold-fee0.001,2017-07-12,3975.0692,0.0,27700.0,3.692,102268.4,106243.4692,0.9625852842538768,99.8308,3905.7,0
sh510300-hold-fee0.001,2017-07-13,3975.0692,0.0,27700.0,3.73,103321.0,107296.0692,0.9629523315286559,99.8308,3905.7,0
sh510300-hold-fee0.001,2017-07-14,3975.0692,0.0,27700.0,3.755,104013.5,107988.5692,0.9631899076962676,99.8308,3905.7,0
sh510300-hold-fee0.001,2017-07-15,3975.0692,0.0,27700.0,3.755,104013.5,107988.5692,0.9631899076962676,99.8308,3905.7,1
sh510300-hold-fee0.001,2017-07-16,3975.0692,0.0,27700.0,3.755,104013.5,107988.5692,0.9631899076962676,99.8308,3905.7,2
sh510300-hold-fee0.001,2017-07-17,3975.0692,0.0,27700.0,3.704,102600.8,106575.8692,0.9627019771939144,99.8308,3905.7,0
sh510300-hold-fee0.001,2017-07-18,3975.0692,0.0,27700.0,3.706,102656.2,106631.2692,0.9627213552851531,99.8308,3905.7,0
sh510300-hold-fee0.001,2017-07-19,3975.0692,0.0,27700.0,3.783,104789.1,108764.1692,0.9634524013814653,99.8308,3905.7,0
sh510300-hold-fee0.001,2017-07-20,3975.0692,0.0,27700.0,3.801,105287.7,109262.7692,0.9636191794414085,99.8308,3905.7,0
sh510300-hold-fee0.001,2017-07-21,3975.0692,0.0,27700.0,3.782,104761.4,108736.4692,0.9634430910876036,99.8308,3905.7,0
sh510300-hold-fee0.001,2017-07-22,3975.0692,0.0,27700.0,3.782,104761.4,108736.4692,0.9634430910876036,99.8308,3905.7,1
sh510300-hold-fee0.001,2017-07-23,3975.0692,0.0,27700.0,3.782,104761.4,108736.4692,0.9634430910876036,99.8308,3905.7,2
sh510300-hold-fee0.001,2017-07-24,3975.0692,0.0,27700.0,3.801,105287.7,109262.7692,0.9636191794414085,99.8308,3905.7,0
sh510300-hold-fee0.001,2017-07-25,3975.0692,0.0,27700.0,3.772,104484.4,108459.4692,0.9633497265907697,99.8308,3905.7,0
sh510300-hold-fee0.001,2017-07-26,3975.0692,0.0,27700.0,3.751,103902.7,107877.7692,0.9631521004792895,99.8308,3905.7,0
sh510300-hold-fee0.001,2017-07-27,3975.0692,0.0,27700.0,3.762,104207.4,108182.4692,0.96325588397644,99.8308,3905.7,0
sh510300-hold-fee0.001,2017-07-28,3975.0692,0.0,27700.0,3.776,104595.2,108570.2692,0.9633871295586692,99.8308,3905.7,0
sh510300-hold-fee0.001,2017-07-29,3975.0692,0.0,27700.0,3.776,104595.2,108570.2692,0.9633871295586692,99.8308,3905.7,1
sh510300-hold-fee0.001,2017-07-30,3975.0692,0.0,27700.0,3.776,104595.2,108570.2692,0.9633871295586692,99.8308,3905.7,2
sh510300-hold-fee0.001,2017-07-31,3975.0692,0.0,27700.0,3.79,104983.0,108958.0692,0.9635174408909221,99.8308,3905.7,0
sh510300-hold-fee0.001,2017-08-01,3975.0692,0.0,27700.0,3.82,105814.0,109789.0692,0.9637935795524533,99.8308,3905.7,0
sh510300-hold-fee0.001,2017-08-02,3975.0692,0.0,27700.0,3.82,105814.0,109789.0692,0.9637935795524533,99.8308,3905.7,0
sh510300-hold-fee0.001,2017-08-03,3975.0692,0.0,27700.0,3.782,104761.4,108736.4692,0.9634430910876036,99.8308,3905.7,0
sh510300-hold-fee0.001,2017-08-04,3975.0692,0.0,27700.0,3.759,104124.3,108099.3692,0.9632276374097473,99.8308,3905.7,0
sh510300-hold-fee0.001,2017-08-05,3975.0692,0.0,27700.0,3.759,104124.3,108099.3692,0.9632276374097473,99.8308,3905.7,1
sh510300-hold-fee0.001,2017-08-06,3975.0692,0.0,27700.0,3.759,104124.3,108099.3692,0.9632276374097473,99.8308,3905.7,2
sh510300-hold-fee0.001,2017-08-07,3975.0692,0.0,27700.0,3.782,104761.4,108736.4692,0.9634430910876036,99.8308,3905.7,0
sh510300-hold-fee0.001,2017-08-08,3975.0692,0.0,27700.0,3.783,104789.1,108764.1692,0.9634524013814653,99.8308,3905.7,0
sh510300-hold-fee0.001,2017-08-09,3975.0692,0.0,27700.0,3.78,104706.0,108681.0692,0.9634244562621583,99.8308,3905.7,0
sh510300-hold-fee0.001,2017-08-10,3975.0692,0.0,27700.0,3.772,104484.4,108459.4692,0.9633497265907697,99.8308,3905.7,0
sh510300-hold-fee0.001,2017-08-11,3975.0692,0.0,27700.0,3.7,102490.0,106465.0692,0.962663160510114,99.8308,3905.7,0
sh510300-hold-fee0.001,2017-08-12,3975.0692,0.0,27700.0,3.7,102490.0,106465.0692,0.962663160510114,99.8308,3905.7,1
sh510300-hold-fee0.001,2017-08-13,3975.0692,0.0,27700.0,3.7,102490.0,106465.0692,0.962663160510114,99.8308,3905.7,2
sh510300-hold-fee0.001,2017-08-14,3975.0692,0.0,27700.0,3.746,103764.2,107739.2692,0.9631047321044943,99.8308,3905.7,0
sh510300-hold-fee0.001,2017-08-15,3975.0692,0.0,27700.0,3.756,104041.2,108016.2692,0.9631993473812739,99.8308,3905.7,0
sh510300-hold-fee0.001,2017-08-16,3975.0692,0.0,27700.0,3.75,103875.0,107850.0692,0.9631426365371307,99.8308,3905.7,0
sh510300-hold-fee0.001,2017-08-17,3975.0692,0.0,27700.0,3.779,104678.3,108653.3692,0.9634151317233152,99.8308,3905.7,0
sh510300-hold-fee0.001,2017-08-18,3975.0692,0.0,27700.0,3.781,104733.7,108708.7692,0.9634337760490439,99.8308,3905.7,0
sh510300-hold-fee0.001,2017-08-19,3975.0692,0.0,27700.0,3.781,104733.7,108708.7692,0.9634337760490439,99.8308,3905.7,1
sh510300-hold-fee0.001,2017-08-20,3975.0692,0.0,27700.0,3.781,104733.7,108708.7692,0.9634337760490439,99.8308,3905.7,2
sh510300-hold-fee0.001,2017-08-21,3975.0692,0.0,27700.0,3.797,105176.9,109151.9692,0.9635822493250996,99.8308,3905.7,0
sh510300-hold-fee0.001,2017-08-22,3975.0692,0.0,27700.0,3.803,105343.1,109318.1692,0.963637616426529,99.8308,3905.7,0
sh510300-hold-fee0.001,2017-08-23,3975.0692,0.0,27700.0,3.813,105620.1,109595.1692,0.9637295217570594,99.8308,3905.7,0
sh510300-hold-fee0.001,2017-08-24,3975.0692,0.0,27700.0,3.793,105066.1,109041.1692,0.9635452441571949,99.8308,3905.7,0
sh510300-hold-fee0.001,2017-08-25,3975.0692,0.0,27700.0,3.859,106894.3,110869.3692,0.9641463712774511,99.8308,3905.7,0
sh510300-hold-fee0.001,2017-08-26,3975.0692,0.0,27700.0,3.859,106894.3,110869.3692,0.9641463712774511,99.8308,3905.7,1
sh510300-hold-fee0.001,2017-08-27,3975.0692,0.0,27700.0,3.859,106894.3,110869.3692,0.9641463712774511,99.8308,3905.7,2
sh510300-hold-fee0.001,2017-08-28,3975.0692,0.0,27700.0,3.903,108113.1,112088.1692,0.9645362286816618,99.8308,3905.7,0
sh510300-hold-fee0.001,2017-08-29,3975.0692,0.0,27700.0,3.895,107891.5,111866.5692,0.9644659773833486,99.8308,3905.7,0
sh510300-hold-fee0.001,2017-08-30,3975.0692,0.0,27700.0,3.891,107780.7,111755.7692,0.9644307472584601,99.8308,3905.7,0
sh510300-hold-fee0.001,2017-08-31,3975.0692,0.0,27700.0,3.884,107586.8,111561.8692,0.9643689261527719,99.8308,3905.7,0
sh510300-hold-fee0.001,2017-09-01,3975.0692,0.0,27700.0,3.889,107725.3,111700.3692,0.9644131059864035,99.8308,3905.7,0
sh510300-hold-fee0.001,2017-09-02,3975.0692,0.0,27700.0,3.889,107725.3,111700.3692,0.9644131059864035,99.8308,3905.7,1
sh510300-hold-fee0.001,2017-09-03,3975.0692,0.0,27700.0,3.889,107725.3,111700.3692,0.9644131059864035,99.8308,3905.7,2
sh510300-hold-fee0.001,2017-09-04,3975.0692,0.0,27700.0,3.903,108113.1,112088.1692,0.9645362286816618,99.8308,3905.7,0
sh510300-hold-fee0.001,2017-09-05,3975.0692,0.0,27700.0,3.917,108500.9,112475.9692,0.9646585023603425,99.8308,3905.7,0
sh510300-hold-fee0.001,2017-09-06,3975.0692,0.0,27700.0,3.905,108168.5,112143.5692,0.9645537481252202,99.8308,3905.7,0
sh510300-hold-fee0.001,2017-09-07,3975.0692,0.0,27700.0,3.888,107697.6,111672.6692,0.964404278786595,99.8308,3905.7,0
sh510300-hold-fee0.001,2017-09-08,3975.0692,0.0,27700.0,3.884,107586.8,111561.8692,0.9643689261527719,99.8308,3905.7,0
sh510300-hold-fee0.001,2017-09-09,3975.0692,0.0,27700.0,3.884,107586.8,111561.8692,0.9643689261527719,99.8308,3905.7,1
sh510300-hold-fee0.001,2017-09-10,3975.0692,0.0,27700.0,3.884,107586.8,111561.8692,0.9643689261527719,99.8308,3905.7,2
sh510300-hold-fee0.001,2017-09-11,3975.0692,0.0,27700.0,3.89,107753.0,111728.0692,0.9644219288092737,99.8308,3905.7,0
sh510300-hold-fee0.001,2017-09-12,3975.0692,0.0,27700.0,3.9,108030.0,112005.0692,0.9645099170207914,99.8308,3905.7,0
sh510300-hold-fee0.001,2017-09-13,3975.0692,0.0,27700.0,3.903,108113.1,112088.1692,0.9645362286816618,99.8308,3905.7,0
sh510300-hold-fee0.001,2017-09-14,3975.0692,0.0,27700.0,3.89,107753.0,111728.0692,0.9644219288092737,99.8308,3905.7,0
sh510300-hold-fee0.001,2017-09-15,3975.0692,0.0,27700.0,3.896,107919.2,111894.2692,0.9644747740128232,99.8308,3905.7,0
sh510300-hold-fee0.001,2017-09-16,3975.0692,0.0,27700.0,3.896,107919.2,111894.2692,0.9644747740128232,99.8308,3905.7,1
sh510300-hold-fee0.001,2017-09-17,3975.0692,0.0,27700.0,3.896,107919.2,111894.2692,0.9644747740128232,99.8308,3905.7,2
sh510300-hold-fee0.001,2017-09-18,3975.0692,0.0,27700.0,3.911,108334.7,112309.7692,0.964606202752307,99.8308,3905.7,0
sh510300-hold-fee0.001,2017-09-19,3975.0692,0.0,27700.0,3.886,107642.2,111617.2692,0.9643866112431283,99.8308,3905.7,0
sh510300-hold-fee0.001,2017-09-20,3975.0692,0.0,27700.0,3.904,108140.8,112115.8692,0.9645449905676688,99.8308,3905.7,0
sh510300-hold-fee0.001,2017-09-21,3975.0692,0.0,27700.0,3.905,108168.5,112143.5692,0.9645537481252202,99.8308,3905.7,0
sh510300-hold-fee0.001,2017-09-22,3975.0692,0.0,27700.0,3.894,107863.8,111838.8692,0.9644571763964152,99.8308,3905.7,0
sh510300-hold-fee0.001,2017-09-23,3975.0692,0.0,27700.0,3.894,107863.8,111838.8692,0.9644571763964152,99.8308,3905.7,1
sh510300-hold-fee0.001,2017-09-24,3975.0692,0.0,27700.0,3.894,107863.8,111838.8692,0.9644571763964152,99.8308,3905.7,2
sh510300-hold-fee0.001,2017-09-25,3975.0692,0.0,27700.0,3.878,107420.6,111395.6692,0.9643157653385684,99.8308,3905.7,0
sh510300-hold-fee0.001,2017-09-26,3975.0692,0.0,27700.0,3.88,107476.0,111451.0692,0.9643335032267236,99.8308,3905.7,0
sh510300-hold-fee0.001,2017-09-27,3975.0692,0.0,27700.0,3.883,107559.1,111534.1692,0.9643600770193391,99.8308,3905.7,0
sh510300-hold-fee0.001,2017-09-28,3975.0692,0.0,27700.0,3.889,107725.3,111700.3692,0.9644131059864035,99.8308,3905.7,0
sh510300-hold-fee0.001,2017-09-29,3975.0692,0.0,27700.0,3.902,108085.4,112060.4692,0.964527462463989,99.8308,3905.7,0
sh510300-hold-fee0.001,2017-09-30,3975.0692,0.0,27700.0,3.902,108085.4,112060.4692,0.964527462463989,99.8308,3905.7,1
sh510300-hold-fee0.001,2017-10-01,3975.0692,0.0,27700.0,3.902,108085.4,112060.4692,0.964527462463989,99.8308,3905.7,2
sh510300-hold-fee0.001,2017-10-02,3975.0692,0.0,27700.0,3.902,108085.4,112060.4692,0.964527462463989,99.8308,3905.7,3
sh510300-hold-fee0.001,2017-10-03,3975.0692,0.0,27700.0,3.902,108085.4,112060.4692,0.964527462463989,99.8308,3905.7,4
sh510300-hold-fee0.001,2017-10-04,3975.0692,0.0,27700.0,3.902,108085.4,112060.4692,0.964527462463989,99.8308,3905.7,5
sh510300-hold-fee0.001,2017-10-05,3975.0692,0.0,27700.0,3.902,108085.4,112060.4692,0.964527462463989,99.8308,3905.7,6
sh510300-hold-fee0.001,2017-10-06,3975.0692,0.0,27700.0,3.902,108085.4,112060.4692,0.964527462463989,99.8308,3905.7,7
sh510300-hold-fee0.001,2017-10-07,3975.0692,0.0,27700.0,3.902,108085.4,112060.4692,0.964527462463989,99.8308,3905.7,8
sh510300-hold-fee0.001,2017-10-08,3975.0692,0.0,27700.0,3.902,108085.4,112060.4692,0.964527462463989,99.8308,3905.7,9
sh510300-hold-fee0.001,2017-10-09,3975.0692,0.0,27700.0,3.943,109221.1,113196.1692,0.9648833593213153,99.8308,3905.7,0
sh510300-hold-fee0.001,2017-10-10,3975.0692,0.0,27700.0,3.948,109359.6,113334.6692,0.9649262734160784,99.8308,3905.7,0
sh510300-hold-fee0.001,2017-10-11,3975.0692,0.0,27700.0,3.963,109775.1,113750.1692,0.9650543886839335,99.8308,3905.7,0
sh510300-hold-fee0.001,2017-10-12,3975.0692,0.0,27700.0,3.98,110246.0,114221.0692,0.9651984591998549,99.8308,3905.7,0
sh510300-hold-fee0.001,2017-10-13,3975.0692,0.0,27700.0,3.988,110467.6,114442.6692,0.9652658468402797,99.8308,3905.7,0
sh510300-hold-fee0.001,2017-10-14,3975.0692,0.0,27700.0,3.988,110467.6,114442.6692,0.9652658468402797,99.8308,3905.7,1
sh510300-hold-fee0.001,2017-10-15,3975.0692,0.0,27700.0,3.988,110467.6,114442.6692,0.9652658468402797,99.8308,3905.7,2
sh510300-hold-fee0.001,2017-10-16,3975.0692,0.0,27700.0,3.974,110079.8,114054.8692,0.9651477466250954,99.8308,3905.7,0
sh510300-hold-fee0.001,2017-10-17,3975.0692,0.0,27700.0,3.972,110024.4,113999.4692,0.96513080957398,99.8308,3905.7,0
sh510300-hold-fee0.001,2017-10-18,3975.0692,0.0,27700.0,3.996,110689.2,114664.2692,0.9653329740141927,99.8308,3905.7,0
sh510300-hold-fee0.001,2017-10-19,3975.0692,0.0,27700.0,3.985,110384.5,114359.5692,0.9652406070798665,99.8308,3905.7,0
sh510300-hold-fee0.001,2017-10-20,3975.0692,0.0,27700.0,3.983,110329.1,114304.1692,0.9652237601845935,99.8308,3905.7,0
sh510300-hold-fee0.001,2017-10-21,3975.0692,0.0,27700.0,3.983,110329.1,114304.1692,0.9652237601845935,99.8308,3905.7,1
sh510300-hold-fee0.001,2017-10-22,3975.0692,0.0,27700.0,3.983,110329.1,114304.1692,0.9652237601845935,99.8308,3905.7,2
sh510300-hold-fee0.001,2017-10-23,3975.0692,0.0,27700.0,3.995,110661.5,114636.5692,0.9653245973100877,99.8308,3905.7,0
sh510300-hold-fee0.001,2017-10-24,3975.0692,0.0,27700.0,4.021,111381.7,115356.7692,0.9655410841724579,99.8308,3905.7,0
sh510300-hold-fee0.001,2017-10-25,3975.0692,0.0,27700.0,4.034,111741.8,115716.8692,0.965648317073549,99.8308,3905.7,0
sh510300-hold-fee0.001,2017-10-26,3975.0692,0.0,27700.0,4.063,112545.1,116520.1692,0.9658851405100775,99.8308,3905.7,0
sh510300-hold-fee0.001,2017-10-27,3975.0692,0.0,27700.0,4.083,113099.1,117074.1692,0.9660465734912941,99.8308,3905.7,0
sh510300-hold-fee0.001,2017-10-28,3975.0692,0.0,27700.0,4.083,113099.1,117074.1692,0.9660465734912941,99.8308,3905.7,1
sh510300-hold-fee0.001,2017-10-29,3975.0692,0.0,27700.0,4.083,113099.1,117074.1692,0.9660465734912941,99.8308,3905.7,2
sh510300-hold-fee0.001,2017-10-30,3975.0692,0.0,27700.0,4.065,112600.5,116575.5692,0.9659013528539563,99.8308,3905.7,0
sh510300-hold-fee0.001,2017-10-31,3975.0692,0.0,27700.0,4.062,112517.4,116492.4692,0.9658770285555935,99.8308,3905.7,0
sh510300-hold-fee0.001,2017-11-01,3975.0692,0.0,27700.0,4.048,112129.6,116104.6692,0.9657630547729944,99.8308,3905.7,0
sh510300-hold-fee0.001,2017-11-02,3975.0692,0.0,27700.0,4.055,112323.5,116298.5692,0.9658201366762816,99.8308,3905.7,0
sh510300-hold-fee0.001,2017-11-03,3975.0692,0.0,27700.0,4.044,112018.8,115993.8692,0.9657303508589228,99.8308,3905.7,0
sh510300-hold-fee0.001,2017-11-04,3975.0692,0.0,27700.0,4.044,112018.8,115993.8692,0.9657303508589228,99.8308,3905.7,1
sh510300-hold-fee0.001,2017-11-05,3975.0692,0.0,27700.0,4.044,112018.8,115993.8692,0.9657303508589228,99.8308,3905.7,2
sh510300-hold-fee0.001,2017-11-06,3975.0692,0.0,27700.0,4.08,113016.0,116991.0692,0.9660224560115397,99.8308,3905.7,0
sh510300-hold-fee0.001,2017-11-07,3975.0692,0.0,27700.0,4.12,114124.0,118099.0692,0.9663412317562957,99.8308,3905.7,0
sh510300-hold-fee0.001,2017-11-08,3975.0692,0.0,27700.0,4.111,113874.7,117849.7692,0.9662700298270928,99.8308,3905.7,0
sh510300-hold-fee0.001,2017-11-09,3975.0692,0.0,27700.0,4.142,114733.4,118708.4692,0.96651402189929,99.8308,3905.7,0
sh510300-hold-fee0.001,2017-11-10,3975.0692,0.0,27700.0,4.179,115758.3,119733.3692,0.9668006569383333,99.8308,3905.7,0
sh510300-hold-fee0.001,2017-11-11,3975.0692,0.0,27700.0,4.179,115758.3,119733.3692,0.9668006569383333,99.8308,3905.7,1
sh510300-hold-fee0.001,2017-11-12,3975.0692,0.0,27700.0,4.179,115758.3,119733.3692,0.9668006569383333,99.8308,3905.7,2
sh510300-hold-fee0.001,2017-11-13,3975.0692,0.0,27700.0,4.188,116007.6,119982.6692,0.9668696385360962,99.8308,3905.7,0
sh510300-hold-fee0.001,2017-11-14,3975.0692,0.0,27700.0,4.156,115121.2,119096.2692,0.9666230585836018,99.8308,3905.7,0
sh510300-hold-fee0.001,2017-11-15,3975.0692,0.0,27700.0,4.126,114290.2,118265.2692,0.966388532940489,99.8308,3905.7,0
sh510300-hold-fee0.001,2017-11-16,3975.0692,0.0,27700.0,4.165,115370.5,119345.5692,0.966692779408186,99.8308,3905.7,0
sh510300-hold-fee0.001,2017-11-17,3975.0692,0.0,27700.0,4.17,115509.0,119484.0692,0.9667313874844162,99.8308,3905.7,0
sh510300-hold-fee0.001,2017-11-18,3975.0692,0.0,27700.0,4.17,115509.0,119484.0692,0.9667313874844162,99.8308,3905.7,1
sh510300-hold-fee0.001,2017-11-19,3975.0692,0.0,27700.0,4.17,115509.0,119484.0692,0.9667313874844162,99.8308,3905.7,2
sh510300-hold-fee0.001,2017-11-20,3975.0692,0.0,27700.0,4.203,116423.1,120398.1692,0.9669839730420087,99.8308,3905.7,0
sh510300-hold-fee0.001,2017-11-21,3975.0692,0.0,27700.0,4.286,118722.2,122697.2692,0.9676026269702831,99.8308,3905.7,0
sh510300-hold-fee0.001,2017-11-22,3975.0692,0.0,27700.0,4.285,118694.5,122669.5692,0.9675953113235519,99.8308,3905.7,0
sh510300-hold-fee0.001,2017-11-23,3975.0692,0.0,27700.0,4.149,114927.3,118902.3692,0.9665686291472146,99.8308,3905.7,0
sh510300-hold-fee0.001,2017-11-24,3975.0692,0.0,27700.0,4.153,115038.1,119013.1692,0.9665997533993911,99.8308,3905.7,0
sh510300-hold-fee0.001,2017-11-25,3975.0692,0.0,27700.0,4.153,115038.1,119013.1692,0.9665997533993911,99.8308,3905.7,1
sh510300-hold-fee0.001,2017-11-26,3975.0692,0.0,27700.0,4.153,115038.1,119013.1692,0.9665997533993911,99.8308,3905.7,2
sh510300-hold-fee0.001,2017-11-27,3975.0692,0.0,27700.0,4.086,113182.2,117157.2692,0.966070656757848,99.8308,3905.7,0
sh510300-hold-fee0.001,2017-11-28,3975.0692,0.0,27700.0,4.105,113708.5,117683.5692,0.966222394281359,99.8308,3905.7,0
sh510300-hold-fee0.001,2017-11-29,3975.0692,0.0,27700.0,4.101,113597.7,117572.7692,0.9661905624316961,99.8308,3905.7,0
sh510300-hold-fee0.001,2017-11-30,3975.0692,0.0,27700.0,4.054,112295.8,116270.8692,0.9658119937749635,99.8308,3905.7,0
sh510300-hold-fee0.001,2017-12-01,3975.0692,0.0,27700.0,4.057,112378.9,116353.9692,0.9658364108475983,99.8308,3905.7,0
sh510300-hold-fee0.001,2017-12-02,3975.0692,0.0,27700.0,4.057,112378.9,116353.9692,0.9658364108475983,99.8308,3905.7,1
sh510300-hold-fee0.001,2017-12-03,3975.0692,0.0,27700.0,4.057,112378.9,116353.9692,0.9658364108475983,99.8308,3905.7,2
sh510300-hold-fee0.001,2017-12-04,3975.0692,0.0,27700.0,4.074,112849.8,116824.8692,0.9659741181203908,99.8308,3905.7,0
sh510300-hold-fee0.001,2017-12-05,3975.0692,0.0,27700.0,4.099,113542.3,117517.3692,0.9661746239976243,99.8308,3905.7,0
sh510300-hold-fee0.001,2017-12-06,3975.0692,0.0,27700.0,4.068,112683.6,116658.6692,0.9659256424982431,99.8308,3905.7,0
sh510300-hold-fee0.001,2017-12-07,3975.0692,0.0,27700.0,4.022,111409.4,115384.4692,0.9655493566199982,99.8308,3905.7,0
sh510300-hold-fee0.001,2017-12-08,3975.0692,0.0,27700.0,4.061,112489.7,116464.7692,0.9658689127424124,99.8308,3905.7,0
sh510300-hold-fee0.001,2017-12-09,3975.0692,0.0,27700.0,4.061,112489.7,116464.7692,0.9658689127424124,99.8308,3905.7,1
sh510300-hold-fee0.001,2017-12-10,3975.0692,0.0,27700.0,4.061,112489.7,116464.7692,0.9658689127424124,99.8308,3905.7,2
sh510300-hold-fee0.001,2017-12-11,3975.0692,0.0,27700.0,4.128,114345.6,118320.6692,0.9664042704721282,99.8308,3905.7,0
sh510300-hold-fee0.001,2017-12-12,3975.0692,0.0,27700.0,4.063,112545.1,116520.1692,0.9658851405100775,99.8308,3905.7,0
sh510300-hold-fee0.001,2017-12-13,3975.0692,0.0,27700.0,4.092,113348.4,117323.4692,0.9661187209421523,99.8308,3905.7,0
sh510300-hold-fee0.001,2017-12-14,3975.0692,0.0,27700.0,4.079,112988.3,116963.3692,0.9660144092360842,99.8308,3905.7,0
sh510300-hold-fee0.001,2017-12-15,3975.0692,0.0,27700.0,4.025,111492.5,115467.5692,0.965574150148473,99.8308,3905.7,0
sh510300-hold-fee0.001,2017-12-16,3975.0692,0.0,27700.0,4.025,111492.5,115467.5692,0.965574150148473,99.8308,3905.7,1
sh510300-hold-fee0.001,2017-12-17,3975.0692,0.0,27700.0,4.025,111492.5,115467.5692,0.965574150148473,99.8308,3905.7,2
sh510300-hold-fee0.001,2017-12-18,3975.0692,0.0,27700.0,4.026,111520.2,115495.2692,0.9655824067294351,99.8308,3905.7,0
sh510300-hold-fee0.001,2017-12-19,3975.0692,0.0,27700.0,4.079,112988.3,116963.3692,0.9660144092360842,99.8308,3905.7,0
sh510300-hold-fee0.001,2017-12-20,3975.0692,0.0,27700.0,4.07,112739.0,116714.0692,0.9659418163787232,99.8308,3905.7,0
sh510300-hold-fee0.001,2017-12-21,3975.0692,0.0,27700.0,4.12,114124.0,118099.0692,0.9663412317562957,99.8308,3905.7,0
sh510300-hold-fee0.001,2017-12-22,3975.0692,0.0,27700.0,4.101,113597.7,117572.7692,0.9661905624316961,99.8308,3905.7,0
sh510300-hold-fee0.001,2017-12-23,3975.0692,0.0,27700.0,4.101,113597.7,117572.7692,0.9661905624316961,99.8308,3905.7,1
sh510300-hold-fee0.001,2017-12-24,3975.0692,0.0,27700.0,4.101,113597.7,117572.7692,0.9661905624316961,99.8308,3905.7,2
sh510300-hold-fee0.001,2017-12-25,3975.0692,0.0,27700.0,4.082,113071.4,117046.4692,0.9660385381364412,99.8308,3905.7,0
sh510300-hold-fee0.001,2017-12-26,3975.0692,0.0,27700.0,4.094,113403.8,117378.8692,0.9661347120900702,99.8308,3905.7,0
sh510300-hold-fee0.001,2017-12-27,3975.0692,0.0,27700.0,4.026,111520.2,115495.2692,0.9655824067294351,99.8308,3905.7,0
sh510300-hold-fee0.001,2017-12-28,3975.0692,0.0,27700.0,4.063,112545.1,116520.1692,0.9658851405100775,99.8308,3905.7,0
sh510300-hold-fee0.001,2017-12-29,3975.0692,0.0,27700.0,4.076,112905.2,116880.2692,0.9659902460252033,99.8308,3905.7,0
sh510300-hold-fee0.001,2017-12-30,3975.0692,0.0,27700.0,4.076,112905.2,116880.2692,0.9659902460252033,99.8308,3905.7,1
sh510300-hold-fee0.001,2017-12-31,3975.0692,0.0,27700.0,4.076,112905.2,116880.2692,0.9659902460252033,99.8308,3905.7,2
sh510300-hold-fee0.001,2018-01-01,3975.0692,0.0,27700.0,4.076,112905.2,116880.2692,0.9659902460252033,99.8308,3905.7,3
sh510300-hold-fee0.001,2018-01-02,3975.0692,0.0,27700.0,4.136,114567.2,118542.2692,0.9664670735019134,99.8308,3905.7,0
sh510300-hold-fee0.001,2018-01-03,3975.0692,0.0,27700.0,4.158,115176.6,119151.6692,0.9666385773133592,99.8308,3905.7,0
sh510300-hold-fee0.001,2018-01-04,3975.0692,0.0,27700.0,4.171,115536.7,119511.7692,0.966739098361536,99.8308,3905.7,0
sh510300-hold-fee0.001,2018-01-05,3975.0692,0.0,27700.0,4.187,115979.9,119954.9692,0.9668619880734378,99.8308,3905.7,0
sh510300-hold-fee0.001,2018-01-06,3975.0692,0.0,27700.0,4.187,115979.9,119954.9692,0.9668619880734378,99.8308,3905.7,1
sh510300-hold-fee0.001,2018-01-07,3975.0692,0.0,27700.0,4.187,115979.9,119954.9692,0.9668619880734378,99.8308,3905.7,2
sh510300-hold-fee0.001,2018-01-08,3975.0692,0.0,27700.0,4.204,116450.8,120425.8692,0.9669915672902613,99.8308,3905.7,0
sh510300-hold-fee0.001,2018-01-09,3975.0692,0.0,27700.0,4.238,117392.6,121367.6692,0.9672477091617411,99.8308,3905.7,0
sh510300-hold-fee0.001,2018-01-10,3975.0692,0.0,27700.0,4.256,117891.2,121866.2692,0.9673817109024947,99.8308,3905.7,0
sh510300-hold-fee0.001,2018-01-11,3975.0692,0.0,27700.0,4.25,117725.0,121700.0692,0.9673371656554489,99.8308,3905.7,0
sh510300-hold-fee0.001,2018-01-12,3975.0692,0.0,27700.0,4.273,118362.1,122337.1692,0.9675072651591157,99.8308,3905.7,0
sh510300-hold-fee0.001,2018-01-13,3975.0692,0.0,27700.0,4.273,118362.1,122337.1692,0.9675072651591157,99.8308,3905.7,1
sh510300-hold-fee0.001,2018-01-14,3975.0692,0.0,27700.0,4.273,118362.1,122337.1692,0.9675072651591157,99.8308,3905.7,2
sh510300-hold-fee0.001,2018-01-15,3975.0692,0.0,27700.0,4.265,118140.5,122115.5692,0.9674483014242872,99.8308,3905.7,0
sh510300-hold-fee0.001,2018-01-16,3975.0692,0.0,27700.0,4.308,119331.6,123306.6692,0.9677627396329022,99.8308,3905.7,0
sh510300-hold-fee0.001,2018-01-17,3975.0692,0.0,27700.0,4.295,118971.5,122946.5692,0.9676683194507554,99.8308,3905.7,0
sh510300-hold-fee0.001,2018-01-18,3975.0692,0.0,27700.0,4.323,119747.1,123722.1692,0.9678710030247352,99.8308,3905.7,0
sh510300-hold-fee0.001,2018-01-19,3975.0692,0.0,27700.0,4.335,120079.5,124054.5692,0.9679570915796627,99.8308,3905.7,0
sh510300-hold-fee0.001,2018-01-20,3975.0692,0.0,27700.0,4.335,120079.5,124054.5692,0.9679570915796627,99.8308,3905.7,1
sh510300-hold-fee0.001,2018-01-21,3975.0692,0.0,27700.0,4.335,120079.5,124054.5692,0.9679570915796627,99.8308,3905.7,2
sh510300-hold-fee0.001,2018-01-22,3975.0692,0.0,27700.0,4.39,121603.0,125578.0692,0.9683458327929125,99.8308,3905.7,0
sh510300-hold-fee0.001,2018-01-23,3975.0692,1274.2,27700.0,4.388,121547.6,126796.8692,0.9586009557403173,99.8308,3905.7,0
sh510300-hold-fee0.001,2018-01-24,3975.0692,1274.2,27700.0,4.391,121630.7,126879.9692,0.9586280700326651,99.8308,3905.7,0
sh510300-hold-fee0.001,2018-01-25,3975.0692,1274.2,27700.0,4.363,120855.1,126104.3692,0.9583736135924464,99.8308,3905.7,0
sh510300-hold-fee0.001,2018-01-26,5249.2692,0.0,27700.0,4.385,121464.5,126713.7692,0.9585738058843885,99.8308,5179.9,0
sh510300-hold-fee0.001,2018-01-27,5249.2692,0.0,27700.0,4.385,121464.5,126713.7692,0.9585738058843885,99.8308,5179.9,1
sh510300-hold-fee0.001,2018-01-28,5249.2692,0.0,27700.0,4.385,121464.5,126713.7692,0.9585738058843885,99.8308,5179.9,2
sh510300-hold-fee0.001,2018-01-29,5249.2692,0.0,27700.0,4.302,119165.4,124414.6692,0.9578082774824433,99.8308,5179.9,0
sh510300-hold-fee0.001,2018-01-30,5249.2692,0.0,27700.0,4.258,117946.6,123195.8692,0.9573908668035113,99.8308,5179.9,0
sh510300-hold-fee0.001,2018-01-31,5249.2692,0.0,27700.0,4.271,118306.7,123555.9692,0.9575150497868459,99.8308,5179.9,0
sh510300-hold-fee0.001,2018-02-01,5249.2692,0.0,27700.0,4.241,117475.7,122724.9692,0.9572273740688786,99.8308,5179.9,0
sh510300-hold-fee0.001,2018-02-02,5249.2692,0.0,27700.0,4.267,118195.9,123445.1692,0.9574769168042908,99.8308,5179.9,0
sh510300-hold-fee0.001,2018-02-03,5249.2692,0.0,27700.0,4.267,118195.9,123445.1692,0.9574769168042908,99.8308,5179.9,1
sh510300-hold-fee0.001,2018-02-04,5249.2692,0.0,27700.0,4.267,118195.9,123445.1692,0.9574769168042908,99.8308,5179.9,2
sh510300-hold-fee0.001,2018-02-05,5249.2692,0.0,27700.0,4.263,118085.1,123334.3692,0.9574387153066171,99.8308,5179.9,0
sh510300-hold-fee0.001,2018-02-06,5249.2692,0.0,27700.0,4.143,114761.1,120010.3692,0.9562598695846692,99.8308,5179.9,0
sh510300-hold-fee0.001,2018-02-07,5249.2692,0.0,27700.0,4.045,112046.5,117295.7692,0.9552475827917585,99.8308,5179.9,0
sh510300-hold-fee0.001,2018-02-08,5249.2692,0.0,27700.0,4.012,111132.4,116381.6692,0.9548960825524919,99.8308,5179.9,0
sh510300-hold-fee0.001,2018-02-09,5249.2692,0.0,27700.0,3.827,106007.9,111257.1692,0.9528185982283648,99.8308,5179.9,0
sh510300-hold-fee0.001,2018-02-10,5249.2692,0.0,27700.0,3.827,106007.9,111257.1692,0.9528185982283648,99.8308,5179.9,1
sh510300-hold-fee0.001,2018-02-11,5249.2692,0.0,27700.0,3.827,106007.9,111257.1692,0.9528185982283648,99.8308,5179.9,2
sh510300-hold-fee0.001,2018-02-12,5249.2692,0.0,27700.0,3.882,107531.4,112780.6692,0.9534559491689911,99.8308,5179.9,0
sh510300-hold-fee0.001,2018-02-13,5249.2692,0.0,27700.0,3.929,108833.3,114082.5692,0.9539871056831003,99.8308,5179.9,0
sh510300-hold-fee0.001,2018-02-14,5249.2692,0.0,27700.0,3.964,109802.8,115052.0692,0.9543748388316687,99.8308,5179.9,0
sh510300-hold-fee0.001,2018-02-15,5249.2692,0.0,27700.0,3.964,109802.8,115052.0692,0.9543748388316687,99.8308,5179.9,1
sh510300-hold-fee0.001,2018-02-16,5249.2692,0.0,27700.0,3.964,109802.8,115052.0692,0.9543748388316687,99.8308,5179.9,2
sh510300-hold-fee0.001,2018-02-17,5249.2692,0.0,27700.0,3.964,109802.8,115052.0692,0.9543748388316687,99.8308,5179.9,3
sh510300-hold-fee0.001,2018-02-18,5249.2692,0.0,27700.0,3.964,109802.8,115052.0692,0.9543748388316687,99.8308,5179.9,4
sh510300-hold-fee0.001,2018-02-19,5249.2692,0.0,27700.0,3.964,109802.8,115052.0692,0.9543748388316687,99.8308,5179.9,5
sh510300-hold-fee0.001,2018-02-20,5249.2692,0.0,27700.0,3.964,109802.8,115052.0692,0.9543748388316687,99.8308,5179.9,6
sh510300-hold-fee0.001,2018-02-21,5249.2692,0.0,27700.0,3.964,109802.8,115052.0692,0.9543748388316687,99.8308,5179.9,7
sh510300-hold-fee0.001,2018-02-22,5249.2692,0.0,27700.0,4.046,112074.2,117323.4692,0.955258148810349,99.8308,5179.9,0
sh510300-hold-fee0.001,2018-02-23,5249.2692,0.0,27700.0,4.068,112683.6,117932.8692,0.9554893454589164,99.8308,5179.9,0
sh510300-hold-fee0.001,2018-02-24,5249.2692,0.0,27700.0,4.068,112683.6,117932.8692,0.9554893454589164,99.8308,5179.9,1
sh510300-hold-fee0.001,2018-02-25,5249.2692,0.0,27700.0,4.068,112683.6,117932.8692,0.9554893454589164,99.8308,5179.9,2
sh510300-hold-fee0.001,2018-02-26,5249.2692,0.0,27700.0,4.12,114124.0,119373.2692,0.9560264267270314,99.8308,5179.9,0
sh510300-hold-fee0.001,2018-02-27,5249.2692,0.0,27700.0,4.061,112489.7,117738.9692,0.9554160424907134,99.8308,5179.9,0
sh510300-hold-fee0.001,2018-02-28,5249.2692,0.0,27700.0,4.02,111354.0,116603.2692,0.9549818008018595,99.8308,5179.9,0
sh510300-hold-fee0.001,2018-03-01,5249.2692,0.0,27700.0,4.049,112157.3,117406.5692,0.9552898169517418,99.8308,5179.9,0
sh510300-hold-fee0.001,2018-03-02,5249.2692,0.0,27700.0,4.022,111409.4,116658.6692,0.9550031794808096,99.8308,5179.9,0
sh510300-hold-fee0.001,2018-03-03,5249.2692,0.0,27700.0,4.022,111409.4,116658.6692,0.9550031794808096,99.8308,5179.9,1
sh510300-hold-fee0.001,2018-03-04,5249.2692,0.0,27700.0,4.022,111409.4,116658.6692,0.9550031794808096,99.8308,5179.9,2
sh510300-hold-fee0.001,2018-03-05,5249.2692,0.0,27700.0,4.013,111160.1,116409.3692,0.9549068151809897,99.8308,5179.9,0
sh510300-hold-fee0.001,2018-03-06,5249.2692,0.0,27700.0,4.073,112822.1,118071.3692,0.9555415573176905,99.8308,5179.9,0
sh510300-hold-fee0.001,2018-03-07,5249.2692,0.0,27700.0,4.04,111908.0,117157.2692,0.9551946777537215,99.8308,5179.9,0
sh510300-hold-fee0.001,2018-03-08,5249.2692,0.0,27700.0,4.081,113043.7,118292.9692,0.9556248419876504,99.8308,5179.9,0
sh510300-hold-fee0.001,2018-03-09,5249.2692,0.0,27700.0,4.111,113874.7,119123.9692,0.9559343998084309,99.8308,5179.9,0
sh510300-hold-fee0.001,2018-03-10,5249.2692,0.0,27700.0,4.111,113874.7,119123.9692,0.9559343998084309,99.8308,5179.9,1
sh510300-hold-fee0.001,2018-03-11,5249.2692,0.0,27700.0,4.111,113874.7,119123.9692,0.9559343998084309,99.8308,5179.9,2
sh510300-hold-fee0.001,2018-03-12,5249.2692,0.0,27700.0,4.123,114207.1,119456.3692,0.9560570170083489,99.8308,5179.9,0
sh510300-hold-fee0.001,2018-03-13,5249.2692,0.0,27700.0,4.079,112988.3,118237.5692,0.955604050087322,99.8308,5179.9,0
sh510300-hold-fee0.001,2018-03-14,5249.2692,0.0,27700.0,4.065,112600.5,117849.7692,0.9554579594373953,99.8308,5179.9,0
sh510300-hold-fee0.001,2018-03-15,5249.2692,0.0,27700.0,4.095,113431.5,118680.7692,0.9557698417748375,99.8308,5179.9,0
sh510300-hold-fee0.001,2018-03-16,5249.2692,0.0,27700.0,4.05,112185.0,117434.2692,0.9553003630391732,99.8308,5179.9,0
sh510300-hold-fee0.001,2018-03-17,5249.2692,0.0,27700.0,4.05,112185.0,117434.2692,0.9553003630391732,99.8308,5179.9,1
sh510300-hold-fee0.001,2018-03-18,5249.2692,0.0,27700.0,4.05,112185.0,117434.2692,0.9553003630391732,99.8308,5179.9,2
sh510300-hold-fee0.001,2018-03-19,5249.2692,0.0,27700.0,4.072,112794.4,118043.6692,0.9555311247475184,99.8308,5179.9,0
sh510300-hold-fee0.001,2018-03-20,5249.2692,0.0,27700.0,4.07,112739.0,117988.2692,0.9555102449117034,99.8308,5179.9,0
sh510300-hold-fee0.001,2018-03-21,5249.2692,0.0,27700.0,4.049,112157.3,117406.5692,0.9552898169517418,99.8308,5179.9,0
sh510300-hold-fee0.001,2018-03-22,5249.2692,0.0,27700.0,4.013,111160.1,116409.3692,0.9549068151809897,99.8308,5179.9,0
sh510300-hold-fee0.001,2018-03-23,5249.2692,0.0,27700.0,3.894,107863.8,113113.0692,0.9535927259588497,99.8308,5179.9,0
sh510300-hold-fee0.001,2018-03-24,5249.2692,0.0,27700.0,3.894,107863.8,113113.0692,0.9535927259588497,99.8308,5179.9,1
sh510300-hold-fee0.001,2018-03-25,5249.2692,0.0,27700.0,3.894,107863.8,113113.0692,0.9535927259588497,99.8308,5179.9,2
sh510300-hold-fee0.001,2018-03-26,5249.2692,0.0,27700.0,3.876,107365.2,112614.4692,0.9533872579847847,99.8308,5179.9,0
sh510300-hold-fee0.001,2018-03-27,5249.2692,0.0,27700.0,3.911,108334.7,113583.9692,0.953785122698459,99.8308,5179.9,0
sh510300-hold-fee0.001,2018-03-28,5249.2692,0.0,27700.0,3.832,106146.4,111395.6692,0.9528772596125308,99.8308,5179.9,0
sh510300-hold-fee0.001,2018-03-29,5249.2692,0.0,27700.0,3.902,108085.4,113334.6692,0.9536834647592548,99.8308,5179.9,0
sh510300-hold-fee0.001,2018-03-30,5249.2692,0.0,27700.0,3.896,107919.2,113168.4692,0.9536154439738591,99.8308,5179.9,0
sh510300-hold-fee0.001,2018-03-31,5249.2692,0.0,27700.0,3.896,107919.2,113168.4692,0.9536154439738591,99.8308,5179.9,1
sh510300-hold-fee0.001,2018-04-01,5249.2692,0.0,27700.0,3.896,107919.2,113168.4692,0.9536154439738591,99.8308,5179.9,2
sh510300-hold-fee0.001,2018-04-02,5249.2692,0.0,27700.0,3.883,107559.1,112808.3692,0.9534673780214526,99.8308,5179.9,0
sh510300-hold-fee0.001,2018-04-03,5249.2692,0.0,27700.0,3.858,106866.6,112115.8692,0.9531799625025785,99.8308,5179.9,0
sh510300-hold-fee0.001,2018-04-04,5249.2692,0.0,27700.0,3.848,106589.6,111838.8692,0.953063999685004,99.8308,5179.9,0
sh510300-hold-fee0.001,2018-04-05,5249.2692,0.0,27700.0,3.848,106589.6,111838.8692,0.953063999685004,99.8308,5179.9,1
sh510300-hold-fee0.001,2018-04-06,5249.2692,0.0,27700.0,3.848,106589.6,111838.8692,0.953063999685004,99.8308,5179.9,2
sh510300-hold-fee0.001,2018-04-07,5249.2692,0.0,27700.0,3.848,106589.6,111838.8692,0.953063999685004,99.8308,5179.9,3
sh510300-hold-fee0.001,2018-04-08,5249.2692,0.0,27700.0,3.848,106589.6,111838.8692,0.953063999685004,99.8308,5179.9,4
sh510300-hold-fee0.001,2018-04-09,5249.2692,0.0,27700.0,3.853,106728.1,111977.3692,0.9531220528085063,99.8308,5179.9,0
sh510300-hold-fee0.001,2018-04-10,5249.2692,0.0,27700.0,3.928,108805.6,114054.8692,0.9539759307356253,99.8308,5179.9,0
sh510300-hold-fee0.001,2018-04-11,5249.2692,0.0,27700.0,3.933,108944.1,114193.3692,0.9540317512586362,99.8308,5179.9,0
sh510300-hold-fee0.001,2018-04-12,5249.2692,0.0,27700.0,3.892,107808.4,113057.6692,0.9535699856794855,99.8308,5179.9,0
sh510300-hold-fee0.001,2018-04-13,5249.2692,0.0,27700.0,3.865,107060.5,112309.7692,0.9532607961231568,99.8308,5179.9,0
sh510300-hold-fee0.001,2018-04-14,5249.2692,0.0,27700.0,3.865,107060.5,112309.7692,0.9532607961231568,99.8308,5179.9,1
sh510300-hold-fee0.001,2018-04-15,5249.2692,0.0,27700.0,3.865,107060.5,112309.7692,0.9532607961231568,99.8308,5179.9,2
sh510300-hold-fee0.001,2018-04-16,5249.2692,0.0,27700.0,3.804,105370.8,110620.0692,0.9525468638922168,99.8308,5179.9,0
sh510300-hold-fee0.001,2018-04-17,5249.2692,0.0,27700.0,3.748,103819.6,109068.8692,0.9518719755829282,99.8308,5179.9,0
sh510300-hold-fee0.001,2018-04-18,5249.2692,0.0,27700.0,3.756,104041.2,109290.4692,0.9519695611298556,99.8308,5179.9,0
sh510300-hold-fee0.001,2018-04-19,5249.2692,0.0,27700.0,3.809,105509.3,110758.5692,0.9526062025004924,99.8308,5179.9,0
sh510300-hold-fee0.001,2018-04-20,5249.2692,0.0,27700.0,3.75,103875.0,109124.2692,0.9518964091261928,99.8308,5179.9,0
sh510300-hold-fee0.001,2018-04-21,5249.2692,0.0,27700.0,3.75,103875.0,109124.2692,0.9518964091261928,99.8308,5179.9,1
sh510300-hold-fee0.001,2018-04-22,5249.2692,0.0,27700.0,3.75,103875.0,109124.2692,0.9518964091261928,99.8308,5179.9,2
sh510300-hold-fee0.001,2018-04-23,5249.2692,0.0,27700.0,3.766,104318.2,109567.4692,0.952090987969995,99.8308,5179.9,0
sh510300-hold-fee0.001,2018-04-24,5249.2692,0.0,27700.0,3.845,106506.5,111755.7692,0.9530290987429398,99.8308,5179.9,0
sh510300-hold-fee0.001,2018-04-25,5249.2692,0.0,27700.0,3.822,105869.4,111118.6692,0.9527597906113152,99.8308,5179.9,0
sh510300-hold-fee0.001,2018-04-26,5249.2692,0.0,27700.0,3.746,103764.2,109013.4692,0.9518475172056996,99.8308,5179.9,0
sh510300-hold-fee0.001,2018-04-27,5249.2692,0.0,27700.0,3.754,103985.8,109235.0692,0.9519452018619676,99.8308,5179.9,0
sh510300-hold-fee0.001,2018-04-28,5249.2692,0.0,27700.0,3.754,103985.8,109235.0692,0.9519452018619676,99.8308,5179.9,1
sh510300-hold-fee0.001,2018-04-29,5249.2692,0.0,27700.0,3.754,103985.8,109235.0692,0.9519452018619676,99.8308,5179.9,2
sh510300-hold-fee0.001,2018-04-30,5249.2692,0.0,27700.0,3.754,103985.8,109235.0692,0.9519452018619676,99.8308,5179.9,3
sh510300-hold-fee0.001,2018-05-01,5249.2692,0.0,27700.0,3.754,103985.8,109235.0692,0.9519452018619676,99.8308,5179.9,4
sh510300-hold-fee0.001,2018-05-02,5249.2692,0.0,27700.0,3.766,104318.2,109567.4692,0.952090987969995,99.8308,5179.9,0
sh510300-hold-fee0.001,2018-05-03,5249.2692,0.0,27700.0,3.788,104927.6,110176.8692,0.9523559778189813,99.8308,5179.9,0
sh510300-hold-fee0.001,2018-05-04,5249.2692,0.0,27700.0,3.77,104429.0,109678.2692,0.9521393869698301,99.8308,5179.9,0
sh510300-hold-fee0.001,2018-05-05,5249.2692,0.0,27700.0,3.77,104429.0,109678.2692,0.9521393869698301,99.8308,5179.9,1
sh510300-hold-fee0.001,2018-05-06,5249.2692,0.0,27700.0,3.77,104429.0,109678.2692,0.9521393869698301,99.8308,5179.9,2
sh510300-hold-fee0.001,2018-05-07,5249.2692,0.0,27700.0,3.831,106118.7,111367.9692,0.9528655390081406,99.8308,5179.9,0
sh510300-hold-fee0.001,2018-05-08,5249.2692,0.0,27700.0,3.881,107503.7,112752.9692,0.9534445147010816,99.8308,5179.9,0
sh510300-hold-fee0.001,2018-05-09,5249.2692,0.0,27700.0,3.87,107199.0,112448.2692,0.9533183637476565,99.8308,5179.9,0
sh510300-hold-fee0.001,2018-05-10,5249.2692,0.0,27700.0,3.896,107919.2,113168.4692,0.9536154439738591,99.8308,5179.9,0
sh510300-hold-fee0.001,2018-05-11,5249.2692,0.0,27700.0,3.873,107282.1,112531.3692,0.9533528363040659,99.8308,5179.9,0
sh510300-hold-fee0.001,2018-05-12,5249.2692,0.0,27700.0,3.873,107282.1,112531.3692,0.9533528363040659,99.8308,5179.9,1
sh510300-hold-fee0.001,2018-05-13,5249.2692,0.0,27700.0,3.873,107282.1,112531.3692,0.9533528363040659,99.8308,5179.9,2
sh510300-hold-fee0.001,2018-05-14,5249.2692,0.0,27700.0,3.907,108223.9,113473.1692,0.9537399965383182,99.8308,5179.9,0
sh510300-hold-fee0.001,2018-05-15,5249.2692,0.0,27700.0,3.922,108639.4,113888.6692,0.9539087668960136,99.8308,5179.9,0
sh510300-hold-fee0.001,2018-05-16,5249.2692,0.0,27700.0,3.89,107753.0,113002.2692,0.9535472231030206,99.8308,5179.9,0
sh510300-hold-fee0.001,2018-05-17,5249.2692,0.0,27700.0,3.857,106838.9,112088.1692,0.9531683920125978,99.8308,5179.9,0
sh510300-hold-fee0.001,2018-05-18,5249.2692,0.0,27700.0,3.899,108002.3,113251.5692,0.9536494793221815,99.8308,5179.9,0
sh510300-hold-fee0.001,2018-05-19,5249.2692,0.0,27700.0,3.899,108002.3,113251.5692,0.9536494793221815,99.8308,5179.9,1
sh510300-hold-fee0.001,2018-05-20,5249.2692,0.0,27700.0,3.899,108002.3,113251.5692,0.9536494793221815,99.8308,5179.9,2
sh510300-hold-fee0.001,2018-05-21,5249.2692,0.0,27700.0,3.918,108528.6,113777.8692,0.9538638819929667,99.8308,5179.9,0
sh510300-hold-fee0.001,2018-05-22,5249.2692,0.0,27700.0,3.902,108085.4,113334.6692,0.9536834647592548,99.8308,5179.9,0
sh510300-hold-fee0.001,2018-05-23,5249.2692,0.0,27700.0,3.851,106672.7,111921.9692,0.9530988488004551,99.8308,5179.9,0
sh510300-hold-fee0.001,2018-05-24,5249.2692,0.0,27700.0,3.82,105814.0,111063.2692,0.9527362264967435,99.8308,5179.9,0
sh510300-hold-fee0.001,2018-05-25,5249.2692,0.0,27700.0,3.811,105564.7,110813.9692,0.952629896412013,99.8308,5179.9,0
sh510300-hold-fee0.001,2018-05-26,5249.2692,0.0,27700.0,3.811,105564.7,110813.9692,0.952629896412013,99.8308,5179.9,1
sh510300-hold-fee0.001,2018-05-27,5249.2692,0.0,27700.0,3.811,105564.7,110813.9692,0.952629896412013,99.8308,5179.9,2
sh510300-hold-fee0.001,2018-05-28,5249.2692,0.0,27700.0,3.835,106229.5,111478.7692,0.9529123864779806,99.8308,5179.9,0
sh510300-hold-fee0.001,2018-05-29,5249.2692,0.0,27700.0,3.799,105232.3,110481.5692,0.952487376509855,99.8308,5179.9,0
sh510300-hold-fee0.001,2018-05-30,5249.2692,0.0,27700.0,3.727,103237.9,108487.1692,0.9516139167543142,99.8308,5179.9,0
sh510300-hold-fee0.001,2018-05-31,5249.2692,0.0,27700.0,3.803,105343.1,110592.3692,0.9525349783355577,99.8308,5179.9,0
sh510300-hold-fee0.001,2018-06-01,5249.2692,0.0,27700.0,3.777,104622.9,109872.1692,0.952223850332428,99.8308,5179.9,0
sh510300-hold-fee0.001,2018-06-02,5249.2692,0.0,27700.0,3.777,104622.9,109872.1692,0.952223850332428,99.8308,5179.9,1
sh510300-hold-fee0.001,2018-06-03,5249.2692,0.0,27700.0,3.777,104622.9,109872.1692,0.952223850332428,99.8308,5179.9,2
sh510300-hold-fee0.001,2018-06-04,5249.2692,0.0,27700.0,3.814,105647.8,110897.0692,0.9526653928920964,99.8308,5179.9,0
sh510300-hold-fee0.001,2018-06-05,5249.2692,0.0,27700.0,3.846,106534.2,111783.4692,0.9530407381559419,99.8308,5179.9,0
sh510300-hold-fee0.001,2018-06-06,5249.2692,0.0,27700.0,3.839,106340.3,111589.5692,0.9529591409158339,99.8308,5179.9,0
sh510300-hold-fee0.001,2018-06-07,5249.2692,0.0,27700.0,3.838,106312.6,111561.8692,0.9529474610129605,99.8308,5179.9,0
sh510300-hold-fee0.001,2018-06-08,5249.2692,0.0,27700.0,3.787,104899.9,110149.1692,0.9523439964356989,99.8308,5179.9,0
sh510300-hold-fee0.001,2018-06-09,5249.2692,0.0,27700.0,3.787,104899.9,110149.1692,0.9523439964356989,99.8308,5179.9,1
sh510300-hold-fee0.001,2018-06-10,5249.2692,0.0,27700.0,3.787,104899.9,110149.1692,0.9523439964356989,99.8308,5179.9,2
sh510300-hold-fee0.001,2018-06-11,5249.2692,0.0,27700.0,3.797,105176.9,110426.1692,0.9524635397747728,99.8308,5179.9,0
sh510300-hold-fee0.001,2018-06-12,5249.2692,0.0,27700.0,3.835,106229.5,111478.7692,0.9529123864779806,99.8308,5179.9,0
sh510300-hold-fee0.001,2018-06-13,5249.2692,0.0,27700.0,3.796,105149.2,110398.4692,0.9524516124359449,99.8308,5179.9,0
sh510300-hold-fee0.001,2018-06-14,5249.2692,0.0,27700.0,3.786,104872.2,110121.4692,0.9523320090248124,99.8308,5179.9,0
sh510300-hold-fee0.001,2018-06-15,5249.2692,0.0,27700.0,3.78,104706.0,109955.2692,0.9522599577247,99.8308,5179.9,0
sh510300-hold-fee0.001,2018-06-16,5249.2692,0.0,27700.0,3.78,104706.0,109955.2692,0.9522599577247,99.8308,5179.9,1
sh510300-hold-fee0.001,2018-06-17,5249.2692,0.0,27700.0,3.78,104706.0,109955.2692,0.9522599577247,99.8308,5179.9,2
sh510300-hold-fee0.001,2018-06-18,5249.2692,0.0,27700.0,3.78,104706.0,109955.2692,0.9522599577247,99.8308,5179.9,3
sh510300-hold-fee0.001,2018-06-19,5249.2692,0.0,27700.0,3.65,101105.0,106354.2692,0.9506435497184537,99.8308,5179.9,0
sh510300-hold-fee0.001,2018-06-20,5249.2692,0.0,27700.0,3.65,101105.0,106354.2692,0.9506435497184537,99.8308,5179.9,0
sh510300-hold-fee0.001,2018-06-21,5249.2692,0.0,27700.0,3.62,100274.0,105523.2692,0.9502548656822698,99.8308,5179.9,0
sh510300-hold-fee0.001,2018-06-22,5249.2692,0.0,27700.0,3.636,100717.2,105966.4692,0.9504629224732157,99.8308,5179.9,0
sh510300-hold-fee0.001,2018-06-23,5249.2692,0.0,27700.0,3.636,100717.2,105966.4692,0.9504629224732157,99.8308,5179.9,1
sh510300-hold-fee0.001,2018-06-24,5249.2692,0.0,27700.0,3.636,100717.2,105966.4692,0.9504629224732157,99.8308,5179.9,2
sh510300-hold-fee0.001,2018-06-25,5249.2692,0.0,27700.0,3.585,99304.5,104553.7692,0.9497935919463724,99.8308,5179.9,0
sh510300-hold-fee0.001,2018-06-26,5249.2692,0.0,27700.0,3.55,98335.0,103584.2692,0.9493236836004052,99.8308,5179.9,0
sh510300-hold-fee0.001,2018-06-27,5249.2692,0.0,27700.0,3.466,96008.2,101257.4692,0.9481591902160635,99.8308,5179.9,0
sh510300-hold-fee0.001,2018-06-28,5249.2692,0.0,27700.0,3.446,95454.2,100703.4692,0.9478739983666818,99.8308,5179.9,0
sh510300-hold-fee0.001,2018-06-29,5249.2692,0.0,27700.0,3.537,97974.9,103224.1692,0.9491468980503066,99.8308,5179.9,0
sh510300-hold-fee0.001,2018-06-30,5249.2692,0.0,27700.0,3.537,97974.9,103224.1692,0.9491468980503066,99.8308,5179.9,1
sh510300-hold-fee0.001,2018-07-01,5249.2692,0.0,27700.0,3.537,97974.9,103224.1692,0.9491468980503066,99.8308,5179.9,2
sh510300-hold-fee0.001,2018-07-02,5249.2692,0.0,27700.0,3.443,95371.1,100620.3692,0.9478309487260359,99.8308,5179.9,0
sh510300-hold-fee0.001,2018-07-03,5249.2692,0.0,27700.0,3.43,95011.0,100260.2692,0.9476435756468127,99.8308,5179.9,0
sh510300-hold-fee0.001,2018-07-04,5249.2692,0.0,27700.0,3.394,94013.8,99263.0692,0.9471176013163212,99.8308,5179.9,0
sh510300-hold-fee0.001,2018-07-05,5249.2692,0.0,27700.0,3.366,93238.2,98487.4692,0.9467011464236103,99.8308,5179.9,0
sh510300-hold-fee0.001,2018-07-06,5249.2692,0.0,27700.0,3.395,94041.5,99290.7692,0.9471323543739855,99.8308,5179.9,0
sh510300-hold-fee0.001,2018-07-07,5249.2692,0.0,27700.0,3.395,94041.5,99290.7692,0.9471323543739855,99.8308,5179.9,1
sh510300-hold-fee0.001,2018-07-08,5249.2692,0.0,27700.0,3.395,94041.5,99290.7692,0.9471323543739855,99.8308,5179.9,2
sh510300-hold-fee0.001,2018-07-09,5249.2692,0.0,27700.0,3.494,96783.8,102033.0692,0.9485532559085266,99.8308,5179.9,0
sh510300-hold-fee0.001,2018-07-10,5249.2692,0.0,27700.0,3.503,97033.1,102282.3692,0.9486786506701294,99.8308,5179.9,0
sh510300-hold-fee0.001,2018-07-11,5249.2692,0.0,27700.0,3.445,95426.5,100675.7692,0.9478596563829382,99.8308,5179.9,0
sh510300-hold-fee0.001,2018-07-12,5249.2692,0.0,27700.0,3.528,97725.6,102974.8692,0.9490237837563575,99.8308,5179.9,0
sh510300-hold-fee0.001,2018-07-13,5249.2692,0.0,27700.0,3.534,97891.8,103141.0692,0.9491059260805104,99.8308,5179.9,0
sh510300-hold-fee0.001,2018-07-14,5249.2692,0.0,27700.0,3.534,97891.8,103141.0692,0.9491059260805104,99.8308,5179.9,1
sh510300-hold-fee0.001,2018-07-15,5249.2692,0.0,27700.0,3.534,97891.8,103141.0692,0.9491059260805104,99.8308,5179.9,2
sh510300-hold-fee0.001,2018-07-16,5249.2692,0.0,27700.0,3.519,97476.3,102725.5692,0.9489000719014755,99.8308,5179.9,0
sh510300-hold-fee0.001,2018-07-17,5249.2692,0.0,27700.0,3.497,96866.9,102116.1692,0.9485951221914815,99.8308,5179.9,0
sh510300-hold-fee0.001,2018-07-18,5249.2692,0.0,27700.0,3.481,96423.7,101672.9692,0.9483710445234051,99.8308,5179.9,0
sh510300-hold-fee0.001,2018-07-19,5249.2692,0.0,27700.0,3.483,96479.1,101728.3692,0.948399161008078,99.8308,5179.9,0
sh510300-hold-fee0.001,2018-07-20,5249.2692,0.0,27700.0,3.55,98335.0,103584.2692,0.9493236836004052,99.8308,5179.9,0
sh510300-hold-fee0.001,2018-07-21,5249.2692,0.0,27700.0,3.55,98335.0,103584.2692,0.9493236836004052,99.8308,5179.9,1
sh510300-hold-fee0.001,2018-07-22,5249.2692,0.0,27700.0,3.55,98335.0,103584.2692,0.9493236836004052,99.8308,5179.9,2
sh510300-hold-fee0.001,2018-07-23,5249.2692,0.0,27700.0,3.573,98972.1,104221.3692,0.949633465379574,99.8308,5179.9,0
sh510300-hold-fee0.001,2018-07-24,5249.2692,0.0,27700.0,3.639,100800.3,106049.5692,0.9505017395205034,99.8308,5179.9,0
sh510300-hold-fee0.001,2018-07-25,5249.2692,0.0,27700.0,3.638,100772.6,106021.8692,0.9504888072658126,99.8308,5179.9,0
sh510300-hold-fee0.001,2018-07-26,5249.2692,0.0,27700.0,3.591,99470.7,104719.9692,0.9498732740268988,99.8308,5179.9,0
sh510300-hold-fee0.001,2018-07-27,5249.2692,0.0,27700.0,3.582,99221.4,104470.6692,0.9497536558328086,99.8308,5179.9,0
sh510300-hold-fee0.001,2018-07-28,5249.2692,0.0,27700.0,3.582,99221.4,104470.6692,0.9497536558328086,99.8308,5179.9,1
sh510300-hold-fee0.001,2018-07-29,5249.2692,0.0,27700.0,3.582,99221.4,104470.6692,0.9497536558328086,99.8308,5179.9,2
sh510300-hold-fee0.001,2018-07-30,5249.2692,0.0,27700.0,3.562,98667.4,103916.6692,0.949485782787195,99.8308,5179.9,0
sh510300-hold-fee0.001,2018-07-31,5249.2692,0.0,27700.0,3.575,99027.5,104276.7692,0.9496602240338685,99.8308,5179.9,0
sh510300-hold-fee0.001,2018-08-01,5249.2692,0.0,27700.0,3.495,96811.5,102060.7692,0.9485672189113777,99.8308,5179.9,0
sh510300-hold-fee0.001,2018-08-02,5249.2692,0.0,27700.0,3.417,94650.9,99900.1692,0.9474548517581489,99.8308,5179.9,0
sh510300-hold-fee0.001,2018-08-03,5249.2692,0.0,27700.0,3.369,93321.3,98570.5692,0.9467460800662598,99.8308,5179.9,0
sh510300-hold-fee0.001,2018-08-04,5249.2692,0.0,27700.0,3.369,93321.3,98570.5692,0.9467460800662598,99.8308,5179.9,1
sh510300-hold-fee0.001,2018-08-05,5249.2692,0.0,27700.0,3.369,93321.3,98570.5692,0.9467460800662598,99.8308,5179.9,2
sh510300-hold-fee0.001,2018-08-06,5249.2692,0.0,27700.0,3.334,92351.8,97601.0692,0.9462170932856953,99.8308,5179.9,0
sh510300-hold-fee0.001,2018-08-07,5249.2692,0.0,27700.0,3.427,94927.9,100177.1692,0.9476001444049589,99.8308,5179.9,0
sh510300-hold-fee0.001,2018-08-08,5249.2692,0.0,27700.0,3.377,93542.9,98792.1692,0.9468655335487866,99.8308,5179.9,0
sh510300-hold-fee0.001,2018-08-09,5249.2692,0.0,27700.0,3.458,95786.6,101035.8692,0.9480454887797412,99.8308,5179.9,0
sh510300-hold-fee0.001,2018-08-10,5249.2692,0.0,27700.0,3.464,95952.8,101202.0692,0.9481308115387822,99.8308,5179.9,0
sh510300-hold-fee0.001,2018-08-11,5249.2692,0.0,27700.0,3.464,95952.8,101202.0692,0.9481308115387822,99.8308,5179.9,1
sh510300-hold-fee0.001,2018-08-12,5249.2692,0.0,27700.0,3.464,95952.8,101202.0692,0.9481308115387822,99.8308,5179.9,2
sh510300-hold-fee0.001,2018-08-13,5249.2692,0.0,27700.0,3.449,95537.3,100786.5692,0.9479169770172116,99.8308,5179.9,0
sh510300-hold-fee0.001,2018-08-14,5249.2692,0.0,27700.0,3.434,95121.8,100371.0692,0.9477013721001589,99.8308,5179.9,0
sh510300-hold-fee0.001,2018-08-15,5249.2692,0.0,27700.0,3.352,92850.4,98099.6692,0.9464904495315056,99.8308,5179.9,0
sh510300-hold-fee0.001,2018-08-16,5249.2692,0.0,27700.0,3.338,92462.6,97711.8692,0.9462780802068619,99.8308,5179.9,0
sh510300-hold-fee0.001,2018-08-17,5249.2692,0.0,27700.0,3.287,91049.9,96299.1692,0.945489984559493,99.8308,5179.9,0
sh510300-hold-fee0.001,2018-08-18,5249.2692,0.0,27700.0,3.287,91049.9,96299.1692,0.945489984559493,99.8308,5179.9,1
sh510300-hold-fee0.001,2018-08-19,5249.2692,0.0,27700.0,3.287,91049.9,96299.1692,0.945489984559493,99.8308,5179.9,2
sh510300-hold-fee0.001,2018-08-20,5249.2692,0.0,27700.0,3.322,92019.4,97268.6692,0.9460332988703005,99.8308,5179.9,0
sh510300-hold-fee0.001,2018-08-21,5249.2692,0.0,27700.0,3.379,93598.3,98847.5692,0.9468953132334589,99.8308,5179.9,0
sh510300-hold-fee0.001,2018-08-22,5249.2692,0.0,27700.0,3.373,93432.1,98681.3692,0.9468058738690464,99.8308,5179.9,0
sh510300-hold-fee0.001,2018-08-23,5249.2692,0.0,27700.0,3.383,93709.1,98958.3692,0.9469547725731923,99.8308,5179.9,0
sh510300-hold-fee0.001,2018-08-24,5249.2692,0.0,27700.0,3.388,93847.6,99096.8692,0.9470289097690283,99.8308,5179.9,0
sh510300-hold-fee0.001,2018-08-25,5249.2692,0.0,27700.0,3.388,93847.6,99096.8692,0.9470289097690283,99.8308,5179.9,1
sh510300-hold-fee0.001,2018-08-26,5249.2692,0.0,27700.0,3.388,93847.6,99096.8692,0.9470289097690283,99.8308,5179.9,2
sh510300-hold-fee0.001,2018-08-27,5249.2692,0.0,27700.0,3.473,96202.1,101451.3692,0.9482582715108393,99.8308,5179.9,0
sh510300-hold-fee0.001,2018-08-28,5249.2692,0.0,27700.0,3.463,95925.1,101174.3692,0.9481166105456678,99.8308,5179.9,0
sh510300-hold-fee0.001,2018-08-29,5249.2692,0.0,27700.0,3.45,95565.0,100814.2692,0.9479312874888152,99.8308,5179.9,0
sh510300-hold-fee0.001,2018-08-30,5249.2692,0.0,27700.0,3.416,94623.2,99872.4692,0.9474402781662676,99.8308,5179.9,0
sh510300-hold-fee0.001,2018-08-31,5249.2692,0.0,27700.0,3.39,93903.0,99152.2692,0.947058506654934,99.8308,5179.9,0
sh510300-hold-fee0.001,2018-09-01,5249.2692,0.0,27700.0,3.39,93903.0,99152.2692,0.947058506654934,99.8308,5179.9,1
sh510300-hold-fee0.001,2018-09-02,5249.2692,0.0,27700.0,3.39,93903.0,99152.2692,0.947058506654934,99.8308,5179.9,2
sh510300-hold-fee0.001,2018-09-03,5249.2692,0.0,27700.0,3.383,93709.1,98958.3692,0.9469547725731923,99.8308,5179.9,0
sh510300-hold-fee0.001,2018-09-04,5249.2692,0.0,27700.0,3.423,94817.1,100066.3692,0.9475421238727226,99.8308,5179.9,0
sh510300-hold-fee0.001,2018-09-05,5249.2692,0.0,27700.0,3.353,92878.1,98127.3692,0.9465055545379892,99.8308,5179.9,0
sh510300-hold-fee0.001,2018-09-06,5249.2692,0.0,27700.0,3.324,92074.8,97324.0692,0.9460640184576253,99.8308,5179.9,0
sh510300-hold-fee0.001,2018-09-07,5249.2692,0.0,27700.0,3.346,92684.2,97933.4692,0.9463996400527799,99.8308,5179.9,0
sh510300-hold-fee0.001,2018-09-08,5249.2692,0.0,27700.0,3.346,92684.2,97933.4692,0.9463996400527799,99.8308,5179.9,1
sh510300-hold-fee0.001,2018-09-09,5249.2692,0.0,27700.0,3.346,92684.2,97933.4692,0.9463996400527799,99.8308,5179.9,2
sh510300-hold-fee0.001,2018-09-10,5249.2692,0.0,27700.0,3.298,91354.6,96603.8692,0.945661915578843,99.8308,5179.9,0
sh510300-hold-fee0.001,2018-09-11,5249.2692,0.0,27700.0,3.286,91022.2,96271.4692,0.9454743005002358,99.8308,5179.9,0
sh510300-hold-fee0.001,2018-09-12,5249.2692,0.0,27700.0,3.263,90385.1,95634.3692,0.9451110595080916,99.8308,5179.9,0
sh510300-hold-fee0.001,2018-09-13,5249.2692,0.0,27700.0,3.298,91354.6,96603.8692,0.945661915578843,99.8308,5179.9,0
sh510300-hold-fee0.001,2018-09-14,5249.2692,0.0,27700.0,3.303,91493.1,96742.3692,0.9457397080161647,99.8308,5179.9,0
sh510300-hold-fee0.001,2018-09-15,5249.2692,0.0,27700.0,3.303,91493.1,96742.3692,0.9457397080161647,99.8308,5179.9,1
sh510300-hold-fee0.001,2018-09-16,5249.2692,0.0,27700.0,3.303,91493.1,96742.3692,0.9457397080161647,99.8308,5179.9,2
sh510300-hold-fee0.001,2018-09-17,5249.2692,0.0,27700.0,3.272,90634.4,95883.6692,0.9452537721616519,99.8308,5179.9,0
sh510300-hold-fee0.001,2018-09-18,5249.2692,0.0,27700.0,3.335,92379.5,97628.7692,0.9462323529937526,99.8308,5179.9,0
sh510300-hold-fee0.001,2018-09-19,5249.2692,0.0,27700.0,3.38,93626.0,98875.2692,0.9469101905615849,99.8308,5179.9,0
sh510300-hold-fee0.001,2018-09-20,5249.2692,0.0,27700.0,3.378,93570.6,98819.8692,0.9468804275648647,99.8308,5179.9,0
sh510300-hold-fee0.001,2018-09-21,5249.2692,0.0,27700.0,3.484,96506.8,101756.0692,0.9484132077696256,99.8308,5179.9,0
sh510300-hold-fee0.001,2018-09-22,5249.2692,0.0,27700.0,3.484,96506.8,101756.0692,0.9484132077696256,99.8308,5179.9,1
sh510300-hold-fee0.001,2018-09-23,5249.2692,0.0,27700.0,3.484,96506.8,101756.0692,0.9484132077696256,99.8308,5179.9,2
sh510300-hold-fee0.001,2018-09-24,5249.2692,0.0,27700.0,3.484,96506.8,101756.0692,0.9484132077696256,99.8308,5179.9,3
sh510300-hold-fee0.001,2018-09-25,5249.2692,0.0,27700.0,3.449,95537.3,100786.5692,0.9479169770172116,99.8308,5179.9,0
sh510300-hold-fee0.001,2018-09-26,5249.2692,0.0,27700.0,3.487,96589.9,101839.1692,0.9484553022060592,99.8308,5179.9,0
sh510300-hold-fee0.001,2018-09-27,5249.2692,0.0,27700.0,3.472,96174.4,101423.6692,0.9482441402346742,99.8308,5179.9,0
sh510300-hold-fee0.001,2018-09-28,5249.2692,0.0,27700.0,3.508,97171.6,102420.8692,0.9487480506560669,99.8308,5179.9,0
sh510300-hold-fee0.001,2018-09-29,5249.2692,0.0,27700.0,3.508,97171.6,102420.8692,0.9487480506560669,99.8308,5179.9,1
sh510300-hold-fee0.001,2018-09-30,5249.2692,0.0,27700.0,3.508,97171.6,102420.8692,0.9487480506560669,99.8308,5179.9,2
sh510300-hold-fee0.001,2018-10-01,5249.2692,0.0,27700.0,3.508,97171.6,102420.8692,0.9487480506560669,99.8308,5179.9,3
sh510300-hold-fee0.001,2018-10-02,5249.2692,0.0,27700.0,3.508,97171.6,102420.8692,0.9487480506560669,99.8308,5179.9,4
sh510300-hold-fee0.001,2018-10-03,5249.2692,0.0,27700.0,3.508,97171.6,102420.8692,0.9487480506560669,99.8308,5179.9,5
sh510300-hold-fee0.001,2018-10-04,5249.2692,0.0,27700.0,3.508,97171.6,102420.8692,0.9487480506560669,99.8308,5179.9,6
sh510300-hold-fee0.001,2018-10-05,5249.2692,0.0,27700.0,3.508,97171.6,102420.8692,0.9487480506560669,99.8308,5179.9,7
sh510300-hold-fee0.001,2018-10-06,5249.2692,0.0,27700.0,3.508,97171.6,102420.8692,0.9487480506560669,99.8308,5179.9,8
sh510300-hold-fee0.001,2018-10-07,5249.2692,0.0,27700.0,3.508,97171.6,102420.8692,0.9487480506560669,99.8308,5179.9,9
sh510300-hold-fee0.001,2018-10-08,5249.2692,0.0,27700.0,3.341,92545.7,97794.9692,0.946323729707765,99.8308,5179.9,0
sh510300-hold-fee0.001,2018-10-09,5249.2692,0.0,27700.0,3.348,92739.6,97988.8692,0.9464299441063455,99.8308,5179.9,0
sh510300-hold-fee0.001,2018-10-10,5249.2692,0.0,27700.0,3.346,92684.2,97933.4692,0.9463996400527799,99.8308,5179.9,0
sh510300-hold-fee0.001,2018-10-11,5249.2692,0.0,27700.0,3.174,87919.8,93169.0692,0.9436586707898548,99.8308,5179.9,0
sh510300-hold-fee0.001,2018-10-12,5249.2692,0.0,27700.0,3.233,89554.1,94803.3692,0.944629929882281,99.8308,5179.9,0
sh510300-hold-fee0.001,2018-10-13,5249.2692,0.0,27700.0,3.233,89554.1,94803.3692,0.944629929882281,99.8308,5179.9,1
sh510300-hold-fee0.001,2018-10-14,5249.2692,0.0,27700.0,3.233,89554.1,94803.3692,0.944629929882281,99.8308,5179.9,2
sh510300-hold-fee0.001,2018-10-15,5249.2692,0.0,27700.0,3.186,88252.2,93501.4692,0.9438589655872488,99.8308,5179.9,0
sh510300-hold-fee0.001,2018-10-16,5249.2692,0.0,27700.0,3.165,87670.5,92919.7692,0.943507509271773,99.8308,5179.9,0
sh510300-hold-fee0.001,2018-10-17,5249.2692,0.0,27700.0,3.176,87975.2,93224.4692,0.9436921524461734,99.8308,5179.9,0
sh510300-hold-fee0.001,2018-10-18,5249.2692,0.0,27700.0,3.106,86036.2,91285.4692,0.9424961141570164,99.8308,5179.9,0
sh510300-hold-fee0.001,2018-10-19,5249.2692,0.0,27700.0,3.185,88224.5,93473.7692,0.9438423287631799,99.8308,5179.9,0
sh510300-hold-fee0.001,2018-10-20,5249.2692,0.0,27700.0,3.185,88224.5,93473.7692,0.9438423287631799,99.8308,5179.9,1
sh510300-hold-fee0.001,2018-10-21,5249.2692,0.0,27700.0,3.185,88224.5,93473.7692,0.9438423287631799,99.8308,5179.9,2
sh510300-hold-fee0.001,2018-10-22,5249.2692,0.0,27700.0,3.353,92878.1,98127.3692,0.9465055545379892,99.8308,5179.9,0
sh510300-hold-fee0.001,2018-10-23,5249.2692,0.0,27700.0,3.24,89748.0,94997.2692,0.9447429463582938,99.8308,5179.9,0
sh510300-hold-fee0.001,2018-10-24,5249.2692,0.0,27700.0,3.245,89886.5,95135.7692,0.9448233903594695,99.8308,5179.9,0
sh510300-hold-fee0.001,2018-10-25,5249.2692,0.0,27700.0,3.261,90329.7,95578.9692,0.9450792444830007,99.8308,5179.9,0
sh510300-hold-fee0.001,2018-10-26,5249.2692,0.0,27700.0,3.228,89415.6,94664.8692,0.9445489203718247,99.8308,5179.9,0
sh510300-hold-fee0.001,2018-10-27,5249.2692,0.0,27700.0,3.228,89415.6,94664.8692,0.9445489203718247,99.8308,5179.9,1
sh510300-hold-fee0.001,2018-10-28,5249.2692,0.0,27700.0,3.228,89415.6,94664.8692,0.9445489203718247,99.8308,5179.9,2
sh510300-hold-fee0.001,2018-10-29,5249.2692,0.0,27700.0,3.131,86728.7,91977.9692,0.9429290595818025,99.8308,5179.9,0
sh510300-hold-fee0.001,2018-10-30,5249.2692,0.0,27700.0,3.168,87753.6,93002.8692,0.9435579864884427,99.8308,5179.9,0
sh510300-hold-fee0.001,2018-10-31,5249.2692,0.0,27700.0,3.205,88778.5,94027.7692,0.9441732028244268,99.8308,5179.9,0
sh510300-hold-fee0.001,2018-11-01,5249.2692,0.0,27700.0,3.228,89415.6,94664.8692,0.9445489203718247,99.8308,5179.9,0
sh510300-hold-fee0.001,2018-11-02,5249.2692,0.0,27700.0,3.363,93155.1,98404.3692,0.946656136890312,99.8308,5179.9,0
sh510300-hold-fee0.001,2018-11-03,5249.2692,0.0,27700.0,3.363,93155.1,98404.3692,0.946656136890312,99.8308,5179.9,1
sh510300-hold-fee0.001,2018-11-04,5249.2692,0.0,27700.0,3.363,93155.1,98404.3692,0.946656136890312,99.8308,5179.9,2
sh510300-hold-fee0.001,2018-11-05,5249.2692,0.0,27700.0,3.32,91964.0,97213.2692,0.9460025442699544,99.8308,5179.9,0
sh510300-hold-fee0.001,2018-11-06,5249.2692,0.0,27700.0,3.299,91382.3,96631.5692,0.9456774919060302,99.8308,5179.9,0
sh510300-hold-fee0.001,2018-11-07,5249.2692,0.0,27700.0,3.272,90634.4,95883.6692,0.9452537721616519,99.8308,5179.9,0
sh510300-hold-fee0.001,2018-11-08,5249.2692,0.0,27700.0,3.269,90551.3,95800.5692,0.9452062838056707,99.8308,5179.9,0
sh510300-hold-fee0.001,2018-11-09,5249.2692,0.0,27700.0,3.228,89415.6,94664.8692,0.9445489203718247,99.8308,5179.9,0
sh510300-hold-fee0.001,2018-11-10,5249.2692,0.0,27700.0,3.228,89415.6,94664.8692,0.9445489203718247,99.8308,5179.9,1
sh510300-hold-fee0.001,2018-11-11,5249.2692,0.0,27700.0,3.228,89415.6,94664.8692,0.9445489203718247,99.8308,5179.9,2
sh510300-hold-fee0.001,2018-11-12,5249.2692,0.0,27700.0,3.264,90412.8,95662.0692,0.9451269532020534,99.8308,5179.9,0
sh510300-hold-fee0.001,2018-11-13,5249.2692,0.0,27700.0,3.298,91354.6,96603.8692,0.945661915578843,99.8308,5179.9,0
sh510300-hold-fee0.001,2018-11-14,5249.2692,0.0,27700.0,3.258,90246.6,95495.8692,0.9450314527321984,99.8308,5179.9,0
sh510300-hold-fee0.001,2018-11-15,5249.2692,0.0,27700.0,3.301,91437.7,96686.9692,0.9457086177854874,99.8308,5179.9,0
sh510300-hold-fee0.001,2018-11-16,5249.2692,0.0,27700.0,3.311,91714.7,96963.9692,0.9458637136731404,99.8308,5179.9,0
sh510300-hold-fee0.001,2018-11-17,5249.2692,0.0,27700.0,3.311,91714.7,96963.9692,0.9458637136731404,99.8308,5179.9,1
sh510300-hold-fee0.001,2018-11-18,5249.2692,0.0,27700.0,3.311,91714.7,96963.9692,0.9458637136731404,99.8308,5179.9,2
sh510300-hold-fee0.001,2018-11-19,5249.2692,0.0,27700.0,3.348,92739.6,97988.8692,0.9464299441063455,99.8308,5179.9,0
sh510300-hold-fee0.001,2018-11-20,5249.2692,0.0,27700.0,3.275,90717.5,95966.7692,0.9453011782749481,99.8308,5179.9,0
sh510300-hold-fee0.001,2018-11-21,5249.2692,0.0,27700.0,3.278,90800.6,96049.8692,0.9453485023590225,99.8308,5179.9,0
sh510300-hold-fee0.001,2018-11-22,5249.2692,0.0,27700.0,3.269,90551.3,95800.5692,0.9452062838056707,99.8308,5179.9,0
sh510300-hold-fee0.001,2018-11-23,5249.2692,0.0,27700.0,3.184,88196.8,93446.0692,0.9438256820758812,99.8308,5179.9,0
sh510300-hold-fee0.001,2018-11-24,5249.2692,0.0,27700.0,3.184,88196.8,93446.0692,0.9438256820758812,99.8308,5179.9,1
sh510300-hold-fee0.001,2018-11-25,5249.2692,0.0,27700.0,3.184,88196.8,93446.0692,0.9438256820758812,99.8308,5179.9,2
sh510300-hold-fee0.001,2018-11-26,5249.2692,0.0,27700.0,3.189,88335.3,93584.5692,0.9439088169676588,99.8308,5179.9,0
sh510300-hold-fee0.001,2018-11-27,5249.2692,0.0,27700.0,3.186,88252.2,93501.4692,0.9438589655872488,99.8308,5179.9,0
sh510300-hold-fee0.001,2018-11-28,5249.2692,0.0,27700.0,3.234,89581.8,94831.0692,0.9446461033890778,99.8308,5179.9,0
sh510300-hold-fee0.001,2018-11-29,5249.2692,0.0,27700.0,3.202,88695.4,93944.6692,0.9441238204924138,99.8308,5179.9,0
sh510300-hold-fee0.001,2018-11-30,5249.2692,0.0,27700.0,3.235,89609.5,94858.7692,0.9446622674501242,99.8308,5179.9,0
sh510300-hold-fee0.001,2018-12-01,5249.2692,0.0,27700.0,3.235,89609.5,94858.7692,0.9446622674501242,99.8308,5179.9,1
sh510300-hold-fee0.001,2018-12-02,5249.2692,0.0,27700.0,3.235,89609.5,94858.7692,0.9446622674501242,99.8308,5179.9,2
sh510300-hold-fee0.001,2018-12-03,5249.2692,0.0,27700.0,3.319,91936.3,97185.5692,0.9459871538211868,99.8308,5179.9,0
sh510300-hold-fee0.001,2018-12-04,5249.2692,0.0,27700.0,3.324,92074.8,97324.0692,0.9460640184576253,99.8308,5179.9,0
sh510300-hold-fee0.001,2018-12-05,5249.2692,0.0,27700.0,3.309,91659.3,96908.5692,0.9458327654268989,99.8308,5179.9,0
sh510300-hold-fee0.001,2018-12-06,5249.2692,0.0,27700.0,3.242,89803.4,95052.6692,0.9447751520901004,99.8308,5179.9,0
sh510300-hold-fee0.001,2018-12-07,5249.2692,0.0,27700.0,3.235,89609.5,94858.7692,0.9446622674501242,99.8308,5179.9,0
sh510300-hold-fee0.001,2018-12-08,5249.2692,0.0,27700.0,3.235,89609.5,94858.7692,0.9446622674501242,99.8308,5179.9,1
sh510300-hold-fee0.001,2018-12-09,5249.2692,0.0,27700.0,3.235,89609.5,94858.7692,0.9446622674501242,99.8308,5179.9,2
sh510300-hold-fee0.001,2018-12-10,5249.2692,0.0,27700.0,3.205,88778.5,94027.7692,0.9441732028244268,99.8308,5179.9,0
sh510300-hold-fee0.001,2018-12-11,5249.2692,0.0,27700.0,3.218,89138.6,94387.8692,0.9443861881352863,99.8308,5179.9,0
sh510300-hold-fee0.001,2018-12-12,5249.2692,0.0,27700.0,3.229,89443.3,94692.5692,0.9445651412318,99.8308,5179.9,0
sh510300-hold-fee0.001,2018-12-13,5249.2692,0.0,27700.0,3.284,90966.8,96216.0692,0.9454429052896707,99.8308,5179.9,0
sh510300-hold-fee0.001,2018-12-14,5249.2692,0.0,27700.0,3.227,89387.9,94637.1692,0.9445326900162605,99.8308,5179.9,0
sh510300-hold-fee0.001,2018-12-15,5249.2692,0.0,27700.0,3.227,89387.9,94637.1692,0.9445326900162605,99.8308,5179.9,1
sh510300-hold-fee0.001,2018-12-16,5249.2692,0.0,27700.0,3.227,89387.9,94637.1692,0.9445326900162605,99.8308,5179.9,2
sh510300-hold-fee0.001,2018-12-17,5249.2692,0.0,27700.0,3.223,89277.1,94526.3692,0.9444676734711609,99.8308,5179.9,0
sh510300-hold-fee0.001,2018-12-18,5249.2692,0.0,27700.0,3.183,88169.1,93418.3692,0.943809025516579,99.8308,5179.9,0
sh510300-hold-fee0.001,2018-12-19,5249.2692,0.0,27700.0,3.15,87255.0,92504.2692,0.9432537628220082,99.8308,5179.9,0
sh510300-hold-fee0.001,2018-12-20,5249.2692,0.0,27700.0,3.127,86617.9,91867.1692,0.9428602269373072,99.8308,5179.9,0
sh510300-hold-fee0.001,2018-12-21,5249.2692,0.0,27700.0,3.088,85537.6,90786.8692,0.9421803037569666,99.8308,5179.9,0
sh510300-hold-fee0.001,2018-12-22,5249.2692,0.0,27700.0,3.088,85537.6,90786.8692,0.9421803037569666,99.8308,5179.9,1
sh510300-hold-fee0.001,2018-12-23,5249.2692,0.0,27700.0,3.088,85537.6,90786.8692,0.9421803037569666,99.8308,5179.9,2
sh510300-hold-fee0.001,2018-12-24,5249.2692,0.0,27700.0,3.095,85731.5,90980.7692,0.9423035302277923,99.8308,5179.9,0
sh510300-hold-fee0.001,2018-12-25,5249.2692,0.0,27700.0,3.076,85205.2,90454.4692,0.9419678292689599,99.8308,5179.9,0
sh510300-hold-fee0.001,2018-12-26,5249.2692,0.0,27700.0,3.059,84734.3,89983.5692,0.9416641366121761,99.8308,5179.9,0
sh510300-hold-fee0.001,2018-12-27,5249.2692,0.0,27700.0,3.052,84540.4,89789.6692,0.9415381608288629,99.8308,5179.9,0
sh510300-hold-fee0.001,2018-12-28,5249.2692,0.0,27700.0,3.059,84734.3,89983.5692,0.9416641366121761,99.8308,5179.9,0
sh510300-hold-fee0.001,2018-12-29,5249.2692,0.0,27700.0,3.059,84734.3,89983.5692,0.9416641366121761,99.8308,5179.9,1
sh510300-hold-fee0.001,2018-12-30,5249.2692,0.0,27700.0,3.059,84734.3,89983.5692,0.9416641366121761,99.8308,5179.9,2
sh510300-hold-fee0.001,2018-12-31,5249.2692,0.0,27700.0,3.059,84734.3,89983.5692,0.9416641366121761,99.8308,5179.9,3
sh510300-hold-fee0.001,2019-01-01,5249.2692,0.0,27700.0,3.059,84734.3,89983.5692,0.9416641366121761,99.8308,5179.9,4
sh510300-hold-fee0.001,2019-01-02,5249.2692,0.0,27700.0,3.017,83570.9,88820.1692,0.9409000315212189,99.8308,5179.9,0
sh510300-hold-fee0.001,2019-01-03,5249.2692,0.0,27700.0,3.017,83570.9,88820.1692,0.9409000315212189,99.8308,5179.9,0
sh510300-hold-fee0.001,2019-01-04,5249.2692,0.0,27700.0,3.094,85703.8,90953.0692,0.9422859586139177,99.8308,5179.9,0
sh510300-hold-fee0.001,2019-01-05,5249.2692,0.0,27700.0,3.094,85703.8,90953.0692,0.9422859586139177,99.8308,5179.9,1
sh510300-hold-fee0.001,2019-01-06,5249.2692,0.0,27700.0,3.094,85703.8,90953.0692,0.9422859586139177,99.8308,5179.9,2
sh510300-hold-fee0.001,2019-01-07,5249.2692,0.0,27700.0,3.107,86063.9,91313.1692,0.9425135580553259,99.8308,5179.9,0
sh510300-hold-fee0.001,2019-01-08,5249.2692,0.0,27700.0,3.107,86063.9,91313.1692,0.9425135580553259,99.8308,5179.9,0
sh510300-hold-fee0.001,2019-01-09,5249.2692,0.0,27700.0,3.13,86701.0,91950.2692,0.9429118669725439,99.8308,5179.9,0
sh510300-hold-fee0.001,2019-01-10,5249.2692,0.0,27700.0,3.133,86784.1,92033.3692,0.9429634137527587,99.8308,5179.9,0
sh510300-hold-fee0.001,2019-01-11,5249.2692,0.0,27700.0,3.156,87421.2,92670.4692,0.9433555344510979,99.8308,5179.9,0
sh510300-hold-fee0.001,2019-01-12,5249.2692,0.0,27700.0,3.156,87421.2,92670.4692,0.9433555344510979,99.8308,5179.9,1
sh510300-hold-fee0.001,2019-01-13,5249.2692,0.0,27700.0,3.156,87421.2,92670.4692,0.9433555344510979,99.8308,5179.9,2
sh510300-hold-fee0.001,2019-01-14,5249.2692,0.0,27700.0,3.129,86673.3,91922.5692,0.9428946640016237,99.8308,5179.9,0
sh510300-hold-fee0.001,2019-01-15,5249.2692,0.0,27700.0,3.188,88307.6,93556.8692,0.9438922096807404,99.8308,5179.9,0
sh510300-hold-fee0.001,2019-01-16,5249.2692,1634.3,27700.0,3.129,86673.3,93556.8692,0.9264236901163854,99.8308,5179.9,0
sh510300-hold-fee0.001,2019-01-17,5249.2692,1634.3,27700.0,3.112,86202.4,93085.9692,0.926051484889089,99.8308,5179.9,0
sh510300-hold-fee0.001,2019-01-18,5249.2692,1634.3,27700.0,3.166,87698.2,94581.7692,0.927220972305517,99.8308,5179.9,0
sh510300-hold-fee0.001,2019-01-19,5249.2692,1634.3,27700.0,3.166,87698.2,94581.7692,0.927220972305517,99.8308,5179.9,1
sh510300-hold-fee0.001,2019-01-20,5249.2692,1634.3,27700.0,3.166,87698.2,94581.7692,0.927220972305517,99.8308,5179.9,2
sh510300-hold-fee0.001,2019-01-21,6883.5692,0.0,27700.0,3.183,88169.1,95052.6692,0.9275815265585409,99.8308,6814.2,0
sh510300-hold-fee0.001,2019-01-22,6883.5692,0.0,27700.0,3.143,87061.1,93944.6692,0.92672741030845,99.8308,6814.2,0
sh510300-hold-fee0.001,2019-01-23,6883.5692,0.0,27700.0,3.135,86839.5,93723.0692,0.9265541636786261,99.8308,6814.2,0
sh510300-hold-fee0.001,2019-01-24,6883.5692,0.0,27700.0,3.159,87504.3,94387.8692,0.9270714631197544,99.8308,6814.2,0
sh510300-hold-fee0.001,2019-01-25,6883.5692,0.0,27700.0,3.183,88169.1,95052.6692,0.9275815265585409,99.8308,6814.2,0
sh510300-hold-fee0.001,2019-01-26,6883.5692,0.0,27700.0,3.183,88169.1,95052.6692,0.9275815265585409,99.8308,6814.2,1
sh510300-hold-fee0.001,2019-01-27,6883.5692,0.0,27700.0,3.183,88169.1,95052.6692,0.9275815265585409,99.8308,6814.2,2
sh510300-hold-fee0.001,2019-01-28,6883.5692,0.0,27700.0,3.179,88058.3,94941.8692,0.9274970120348126,99.8308,6814.2,0
sh510300-hold-fee0.001,2019-01-29,6883.5692,0.0,27700.0,3.193,88446.1,95329.6692,0.9277919533575807,99.8308,6814.2,0
sh510300-hold-fee0.001,2019-01-30,6883.5692,0.0,27700.0,3.172,87864.4,94747.9692,0.9273486359853294,99.8308,6814.2,0
sh510300-hold-fee0.001,2019-01-31,6883.5692,0.0,27700.0,3.202,88695.4,95578.9692,0.9279802946441486,99.8308,6814.2,0
sh510300-hold-fee0.001,2019-02-01,6883.5692,0.0,27700.0,3.255,90163.5,97047.0692,0.9290697879210144,99.8308,6814.2,0
sh510300-hold-fee0.001,2019-02-02,6883.5692,0.0,27700.0,3.255,90163.5,97047.0692,0.9290697879210144,99.8308,6814.2,1
sh510300-hold-fee0.001,2019-02-03,6883.5692,0.0,27700.0,3.255,90163.5,97047.0692,0.9290697879210144,99.8308,6814.2,2
sh510300-hold-fee0.001,2019-02-04,6883.5692,0.0,27700.0,3.255,90163.5,97047.0692,0.9290697879210144,99.8308,6814.2,3
sh510300-hold-fee0.001,2019-02-05,6883.5692,0.0,27700.0,3.255,90163.5,97047.0692,0.9290697879210144,99.8308,6814.2,4
sh510300-hold-fee0.001,2019-02-06,6883.5692,0.0,27700.0,3.255,90163.5,97047.0692,0.9290697879210144,99.8308,6814.2,5
sh510300-hold-fee0.001,2019-02-07,6883.5692,0.0,27700.0,3.255,90163.5,97047.0692,0.9290697879210144,99.8308,6814.2,6
sh510300-hold-fee0.001,2019-02-08,6883.5692,0.0,27700.0,3.255,90163.5,97047.0692,0.9290697879210144,99.8308,6814.2,7
sh510300-hold-fee0.001,2019-02-09,6883.5692,0.0,27700.0,3.255,90163.5,97047.0692,0.9290697879210144,99.8308,6814.2,8
sh510300-hold-fee0.001,2019-02-10,6883.5692,0.0,27700.0,3.255,90163.5,97047.0692,0.9290697879210144,99.8308,6814.2,9
sh510300-hold-fee0.001,2019-02-11,6883.5692,0.0,27700.0,3.3,91410.0,98293.5692,0.9299692822630761,99.8308,6814.2,0
sh510300-hold-fee0.001,2019-02-12,6883.5692,0.0,27700.0,3.324,92074.8,98958.3692,0.9304397469799855,99.8308,6814.2,0
sh510300-hold-fee0.001,2019-02-13,6883.5692,0.0,27700.0,3.393,93986.1,100869.6692,0.9317577894862373,99.8308,6814.2,0
sh510300-hold-fee0.001,2019-02-14,6883.5692,0.0,27700.0,3.397,94096.9,100980.4692,0.9318326676976858,99.8308,6814.2,0
sh510300-hold-fee0.001,2019-02-15,6883.5692,0.0,27700.0,3.341,92545.7,99429.2692,0.9307691864238302,99.8308,6814.2,0
sh510300-hold-fee0.001,2019-02-16,6883.5692,0.0,27700.0,3.341,92545.7,99429.2692,0.9307691864238302,99.8308,6814.2,1
sh510300-hold-fee0.001,2019-02-17,6883.5692,0.0,27700.0,3.341,92545.7,99429.2692,0.9307691864238302,99.8308,6814.2,2
sh510300-hold-fee0.001,2019-02-18,6883.5692,0.0,27700.0,3.438,95232.6,102116.1692,0.9325908007132724,99.8308,6814.2,0
sh510300-hold-fee0.001,2019-02-19,6883.5692,0.0,27700.0,3.429,94983.3,101866.8692,0.9324258293784885,99.8308,6814.2,0
sh510300-hold-fee0.001,2019-02-20,6883.5692,0.0,27700.0,3.438,95232.6,102116.1692,0.9325908007132724,99.8308,6814.2,0
sh510300-hold-fee0.001,2019-02-21,6883.5692,0.0,27700.0,3.434,95121.8,102005.3692,0.932517579672659,99.8308,6814.2,0
sh510300-hold-fee0.001,2019-02-22,6883.5692,0.0,27700.0,3.526,97670.2,104553.7692,0.9341624003355395,99.8308,6814.2,0
sh510300-hold-fee0.001,2019-02-23,6883.5692,0.0,27700.0,3.526,97670.2,104553.7692,0.9341624003355395,99.8308,6814.2,1
sh510300-hold-fee0.001,2019-02-24,6883.5692,0.0,27700.0,3.526,97670.2,104553.7692,0.9341624003355395,99.8308,6814.2,2
sh510300-hold-fee0.001,2019-02-25,6883.5692,0.0,27700.0,3.775,104567.5,111451.0692,0.9382368491445572,99.8308,6814.2,0
sh510300-hold-fee0.001,2019-02-26,6883.5692,0.0,27700.0,3.69,102213.0,109096.5692,0.9369038893663029,99.8308,6814.2,0
sh510300-hold-fee0.001,2019-02-27,6883.5692,0.0,27700.0,3.67,101659.0,108542.5692,0.9365818475577414,99.8308,6814.2,0
sh510300-hold-fee0.001,2019-02-28,6883.5692,0.0,27700.0,3.663,101465.1,108348.6692,0.9364683548877405,99.8308,6814.2,0
sh510300-hold-fee0.001,2019-03-01,6883.5692,0.0,27700.0,3.738,103542.6,110426.1692,0.9376636059199634,99.8308,6814.2,0
sh510300-hold-fee0.001,2019-03-02,6883.5692,0.0,27700.0,3.738,103542.6,110426.1692,0.9376636059199634,99.8308,6814.2,1
sh510300-hold-fee0.001,2019-03-03,6883.5692,0.0,27700.0,3.738,103542.6,110426.1692,0.9376636059199634,99.8308,6814.2,2
sh510300-hold-fee0.001,2019-03-04,6883.5692,0.0,27700.0,3.777,104622.9,111506.4692,0.9382675350642347,99.8308,6814.2,0
sh510300-hold-fee0.001,2019-03-05,6883.5692,0.0,27700.0,3.809,105509.3,112392.8692,0.9387543956391853,99.8308,6814.2,0
sh510300-hold-fee0.001,2019-03-06,6883.5692,0.0,27700.0,3.835,106229.5,113113.0692,0.9391443513231096,99.8308,6814.2,0
sh510300-hold-fee0.001,2019-03-07,6883.5692,0.0,27700.0,3.793,105066.1,111949.6692,0.9385119290732125,99.8308,6814.2,0
sh510300-hold-fee0.001,2019-03-08,6883.5692,0.0,27700.0,3.661,101409.7,108293.2692,0.9364358537621837,99.8308,6814.2,0
sh510300-hold-fee0.001,2019-03-09,6883.5692,0.0,27700.0,3.661,101409.7,108293.2692,0.9364358537621837,99.8308,6814.2,1
sh510300-hold-fee0.001,2019-03-10,6883.5692,0.0,27700.0,3.661,101409.7,108293.2692,0.9364358537621837,99.8308,6814.2,2
sh510300-hold-fee0.001,2019-03-11,6883.5692,0.0,27700.0,3.71,102767.0,109650.5692,0.9372226769981966,99.8308,6814.2,0
sh510300-hold-fee0.001,2019-03-12,6883.5692,0.0,27700.0,3.735,103459.5,110343.0692,0.9376166600230837,99.8308,6814.2,0
sh510300-hold-fee0.001,2019-03-13,6883.5692,0.0,27700.0,3.713,102850.1,109733.6692,0.9372702175167947,99.8308,6814.2,0
sh510300-hold-fee0.001,2019-03-14,6883.5692,0.0,27700.0,3.686,102102.2,108985.7692,0.9368397429267307,99.8308,6814.2,0
sh510300-hold-fee0.001,2019-03-15,6883.5692,0.0,27700.0,3.735,103459.5,110343.0692,0.9376166600230837,99.8308,6814.2,0
sh510300-hold-fee0.001,2019-03-16,6883.5692,0.0,27700.0,3.735,103459.5,110343.0692,0.9376166600230837,99.8308,6814.2,1
sh510300-hold-fee0.001,2019-03-17,6883.5692,0.0,27700.0,3.735,103459.5,110343.0692,0.9376166600230837,99.8308,6814.2,2
sh510300-hold-fee0.001,2019-03-18,6883.5692,0.0,27700.0,3.85,106645.0,113528.5692,0.939367075190797,99.8308,6814.2,0
sh510300-hold-fee0.001,2019-03-19,6883.5692,0.0,27700.0,3.822,105869.4,112752.9692,0.9389499961833377,99.8308,6814.2,0
sh510300-hold-fee0.001,2019-03-20,6883.5692,0.0,27700.0,3.822,105869.4,112752.9692,0.9389499961833377,99.8308,6814.2,0
sh510300-hold-fee0.001,2019-03-21,6883.5692,0.0,27700.0,3.824,105924.8,112808.3692,0.9389799777373256,99.8308,6814.2,0
sh510300-hold-fee0.001,2019-03-22,6883.5692,0.0,27700.0,3.829,106063.3,112946.8692,0.9390548029462334,99.8308,6814.2,0
sh510300-hold-fee0.001,2019-03-23,6883.5692,0.0,27700.0,3.829,106063.3,112946.8692,0.9390548029462334,99.8308,6814.2,1
sh510300-hold-fee0.001,2019-03-24,6883.5692,0.0,27700.0,3.829,106063.3,112946.8692,0.9390548029462334,99.8308,6814.2,2
sh510300-hold-fee0.001,2019-03-25,6883.5692,0.0,27700.0,3.734,103431.8,110315.3692,0.9376009956734116,99.8308,6814.2,0
sh510300-hold-fee0.001,2019-03-26,6883.5692,0.0,27700.0,3.695,102351.5,109235.0692,0.9369838894192781,99.8308,6814.2,0
sh510300-hold-fee0.001,2019-03-27,6883.5692,0.0,27700.0,3.727,103237.9,110121.4692,0.9374911245735541,99.8308,6814.2,0
sh510300-hold-fee0.001,2019-03-28,6883.5692,0.0,27700.0,3.717,102960.9,109844.4692,0.9373334929820937,99.8308,6814.2,0
sh510300-hold-fee0.001,2019-03-29,6883.5692,0.0,27700.0,3.869,107171.3,114054.8692,0.9396468625295658,99.8308,6814.2,0
sh510300-hold-fee0.001,2019-03-30,6883.5692,0.0,27700.0,3.869,107171.3,114054.8692,0.9396468625295658,99.8308,6814.2,1
sh510300-hold-fee0.001,2019-03-31,6883.5692,0.0,27700.0,3.869,107171.3,114054.8692,0.9396468625295658,99.8308,6814.2,2
sh510300-hold-fee0.001,2019-04-01,6883.5692,0.0,27700.0,3.969,109941.3,116824.8692,0.9410778779626487,99.8308,6814.2,0
sh510300-hold-fee0.001,2019-04-02,6883.5692,0.0,27700.0,3.962,109747.4,116630.9692,0.9409799194226365,99.8308,6814.2,0
sh510300-hold-fee0.001,2019-04-03,6883.5692,0.0,27700.0,4.015,111215.5,118099.0692,0.9417136032770697,99.8308,6814.2,0
sh510300-hold-fee0.001,2019-04-04,6883.5692,0.0,27700.0,4.062,112517.4,119400.9692,0.9423491346333226,99.8308,6814.2,0
sh510300-hold-fee0.001,2019-04-05,6883.5692,0.0,27700.0,4.062,112517.4,119400.9692,0.9423491346333226,99.8308,6814.2,1
sh510300-hold-fee0.001,2019-04-06,6883.5692,0.0,27700.0,4.062,112517.4,119400.9692,0.9423491346333226,99.8308,6814.2,2
sh510300-hold-fee0.001,2019-04-07,6883.5692,0.0,27700.0,4.062,112517.4,119400.9692,0.9423491346333226,99.8308,6814.2,3
sh510300-hold-fee0.001,2019-04-08,6883.5692,0.0,27700.0,4.036,111797.2,118680.7692,0.9419992872779595,99.8308,6814.2,0
sh510300-hold-fee0.001,2019-04-09,6883.5692,0.0,27700.0,4.06,112462.0,119345.5692,0.9423223732046183,99.8308,6814.2,0
sh510300-hold-fee0.001,2019-04-10,6883.5692,0.0,27700.0,4.066,112628.2,119511.7692,0.9424025830587403,99.8308,6814.2,0
sh510300-hold-fee0.001,2019-04-11,6883.5692,0.0,27700.0,3.996,110689.2,117572.7692,0.9414526914111333,99.8308,6814.2,0
sh510300-hold-fee0.001,2019-04-12,6883.5692,0.0,27700.0,3.982,110301.4,117184.9692,0.9412589409120227,99.8308,6814.2,0
sh510300-hold-fee0.001,2019-04-13,6883.5692,0.0,27700.0,3.982,110301.4,117184.9692,0.9412589409120227,99.8308,6814.2,1
sh510300-hold-fee0.001,2019-04-14,6883.5692,0.0,27700.0,3.982,110301.4,117184.9692,0.9412589409120227,99.8308,6814.2,2
sh510300-hold-fee0.001,2019-04-15,6883.5692,0.0,27700.0,3.957,109608.9,116492.4692,0.9409097493831816,99.8308,6814.2,0
sh510300-hold-fee0.001,2019-04-16,6883.5692,0.0,27700.0,4.077,112932.9,119816.4692,0.9425490565198528,99.8308,6814.2,0
sh510300-hold-fee0.001,2019-04-17,6883.5692,0.0,27700.0,4.067,112655.9,119539.4692,0.9424159296835827,99.8308,6814.2,0
sh510300-hold-fee0.001,2019-04-18,6883.5692,0.0,27700.0,4.06,112462.0,119345.5692,0.9423223732046183,99.8308,6814.2,0
sh510300-hold-fee0.001,2019-04-19,6883.5692,0.0,27700.0,4.12,114124.0,121007.5692,0.9431145568371603,99.8308,6814.2,0
sh510300-hold-fee0.001,2019-04-20,6883.5692,0.0,27700.0,4.12,114124.0,121007.5692,0.9431145568371603,99.8308,6814.2,1
sh510300-hold-fee0.001,2019-04-21,6883.5692,0.0,27700.0,4.12,114124.0,121007.5692,0.9431145568371603,99.8308,6814.2,2
sh510300-hold-fee0.001,2019-04-22,6883.5692,0.0,27700.0,4.017,111270.9,118154.4692,0.9417409324707965,99.8308,6814.2,0
sh510300-hold-fee0.001,2019-04-23,6883.5692,0.0,27700.0,4.01,111077.0,117960.5692,0.9416451679855068,99.8308,6814.2,0
sh510300-hold-fee0.001,2019-04-24,6883.5692,0.0,27700.0,4.016,111243.2,118126.7692,0.9417272710781969,99.8308,6814.2,0
sh510300-hold-fee0.001,2019-04-25,6883.5692,0.0,27700.0,3.933,108944.1,115827.6692,0.940570597271416,99.8308,6814.2,0
sh510300-hold-fee0.001,2019-04-26,6883.5692,0.0,27700.0,3.879,107448.3,114331.8692,0.9397930843940056,99.8308,6814.2,0
sh510300-hold-fee0.001,2019-04-27,6883.5692,0.0,27700.0,3.879,107448.3,114331.8692,0.9397930843940056,99.8308,6814.2,1
sh510300-hold-fee0.001,2019-04-28,6883.5692,0.0,27700.0,3.879,107448.3,114331.8692,0.9397930843940056,99.8308,6814.2,2
sh510300-hold-fee0.001,2019-04-29,6883.5692,0.0,27700.0,3.894,107863.8,114747.3692,0.9400110935179505,99.8308,6814.2,0
sh510300-hold-fee0.001,2019-04-30,6883.5692,0.0,27700.0,3.896,107919.2,114802.7692,0.9400400421699933,99.8308,6814.2,0
sh510300-hold-fee0.001,2019-05-01,6883.5692,0.0,27700.0,3.896,107919.2,114802.7692,0.9400400421699933,99.8308,6814.2,1
sh510300-hold-fee0.001,2019-05-02,6883.5692,0.0,27700.0,3.896,107919.2,114802.7692,0.9400400421699933,99.8308,6814.2,2
sh510300-hold-fee0.001,2019-05-03,6883.5692,0.0,27700.0,3.896,107919.2,114802.7692,0.9400400421699933,99.8308,6814.2,3
sh510300-hold-fee0.001,2019-05-04,6883.5692,0.0,27700.0,3.896,107919.2,114802.7692,0.9400400421699933,99.8308,6814.2,4
sh510300-hold-fee0.001,2019-05-05,6883.5692,0.0,27700.0,3.896,107919.2,114802.7692,0.9400400421699933,99.8308,6814.2,5
sh510300-hold-fee0.001,2019-05-06,6883.5692,0.0,27700.0,3.673,101742.1,108625.6692,0.9366303632401466,99.8308,6814.2,0
sh510300-hold-fee0.001,2019-05-07,6883.5692,0.0,27700.0,3.707,102683.9,109567.4692,0.9371750643666414,99.8308,6814.2,0
sh510300-hold-fee0.001,2019-05-08,6883.5692,0.0,27700.0,3.659,101354.3,108237.8692,0.9364033193661576,99.8308,6814.2,0
sh510300-hold-fee0.001,2019-05-09,6883.5692,0.0,27700.0,3.607,99913.9,106797.4692,0.9355455775163631,99.8308,6814.2,0
sh510300-hold-fee0.001,2019-05-10,6883.5692,0.0,27700.0,3.72,103044.0,109927.5692,0.9373808658729079,99.8308,6814.2,0
sh510300-hold-fee0.001,2019-05-11,6883.5692,0.0,27700.0,3.72,103044.0,109927.5692,0.9373808658729079,99.8308,6814.2,1
sh510300-hold-fee0.001,2019-05-12,6883.5692,0.0,27700.0,3.72,103044.0,109927.5692,0.9373808658729079,99.8308,6814.2,2
sh510300-hold-fee0.001,2019-05-13,6883.5692,0.0,27700.0,3.652,101160.4,108043.9692,0.9362891862362273,99.8308,6814.2,0
sh510300-hold-fee0.001,2019-05-14,6883.5692,0.0,27700.0,3.634,100661.8,107545.3692,0.9359938112518935,99.8308,6814.2,0
sh510300-hold-fee0.001,2019-05-15,6883.5692,0.0,27700.0,3.712,102822.4,109705.9692,0.9372543786796972,99.8308,6814.2,0
sh510300-hold-fee0.001,2019-05-16,6883.5692,0.0,27700.0,3.73,103321.0,110204.5692,0.9375382595298054,99.8308,6814.2,0
sh510300-hold-fee0.001,2019-05-17,6883.5692,0.0,27700.0,3.646,100994.2,107877.7692,0.9361910312843214,99.8308,6814.2,0
sh510300-hold-fee0.001,2019-05-18,6883.5692,0.0,27700.0,3.646,100994.2,107877.7692,0.9361910312843214,99.8308,6814.2,1
sh510300-hold-fee0.001,2019-05-19,6883.5692,0.0,27700.0,3.646,100994.2,107877.7692,0.9361910312843214,99.8308,6814.2,2
sh510300-hold-fee0.001,2019-05-20,6883.5692,0.0,27700.0,3.606,99886.2,106769.7692,0.9355288556716296,99.8308,6814.2,0
sh510300-hold-fee0.001,2019-05-21,6883.5692,0.0,27700.0,3.651,101132.7,108016.2692,0.9362728480535226,99.8308,6814.2,0
sh510300-hold-fee0.001,2019-05-22,6883.5692,0.0,27700.0,3.642,100883.4,107766.9692,0.9361254264539528,99.8308,6814.2,0
sh510300-hold-fee0.001,2019-05-23,6883.5692,0.0,27700.0,3.584,99276.8,106160.3692,0.9351587673265176,99.8308,6814.2,0
sh510300-hold-fee0.001,2019-05-24,6883.5692,0.0,27700.0,3.59,99443.0,106326.5692,0.9352601212303575,99.8308,6814.2,0
sh510300-hold-fee0.001,2019-05-25,6883.5692,0.0,27700.0,3.59,99443.0,106326.5692,0.9352601212303575,99.8308,6814.2,1
sh510300-hold-fee0.001,2019-05-26,6883.5692,0.0,27700.0,3.59,99443.0,106326.5692,0.9352601212303575,99.8308,6814.2,2
sh510300-hold-fee0.001,2019-05-27,6883.5692,0.0,27700.0,3.633,100634.1,107517.6692,0.9359773212048016,99.8308,6814.2,0
sh510300-hold-fee0.001,2019-05-28,6883.5692,0.0,27700.0,3.65,101105.0,107988.5692,0.9362565014890484,99.8308,6814.2,0
sh510300-hold-fee0.001,2019-05-29,6883.5692,0.0,27700.0,3.652,101160.4,108043.9692,0.9362891862362273,99.8308,6814.2,0
sh510300-hold-fee0.001,2019-05-30,6883.5692,0.0,27700.0,3.65,101105.0,107988.5692,0.9362565014890484,99.8308,6814.2,0
sh510300-hold-fee0.001,2019-05-31,6883.5692,0.0,27700.0,3.632,100606.4,107489.9692,0.93596082265879,99.8308,6814.2,0
sh510300-hold-fee0.001,2019-06-01,6883.5692,0.0,27700.0,3.632,100606.4,107489.9692,0.93596082265879,99.8308,6814.2,1
sh510300-hold-fee0.001,2019-06-02,6883.5692,0.0,27700.0,3.632,100606.4,107489.9692,0.93596082265879,99.8308,6814.2,2
sh510300-hold-fee0.001,2019-06-03,6883.5692,0.0,27700.0,3.64,100828.0,107711.5692,0.9360925734243225,99.8308,6814.2,0
sh510300-hold-fee0.001,2019-06-04,6883.5692,0.0,27700.0,3.607,99913.9,106797.4692,0.9355455775163631,99.8308,6814.2,0
sh510300-hold-fee0.001,2019-06-05,6883.5692,0.0,27700.0,3.599,99692.3,106575.8692,0.9354115593738925,99.8308,6814.2,0
sh510300-hold-fee0.001,2019-06-06,6883.5692,0.0,27700.0,3.568,98833.6,105717.1692,0.9348869322543305,99.8308,6814.2,0
sh510300-hold-fee0.001,2019-06-07,6883.5692,0.0,27700.0,3.568,98833.6,105717.1692,0.9348869322543305,99.8308,6814.2,1
sh510300-hold-fee0.001,2019-06-08,6883.5692,0.0,27700.0,3.568,98833.6,105717.1692,0.9348869322543305,99.8308,6814.2,2
sh510300-hold-fee0.001,2019-06-09,6883.5692,0.0,27700.0,3.568,98833.6,105717.1692,0.9348869322543305,99.8308,6814.2,3
sh510300-hold-fee0.001,2019-06-10,6883.5692,0.0,27700.0,3.614,100107.8,106991.3692,0.9356623879900773,99.8308,6814.2,0
sh510300-hold-fee0.001,2019-06-11,6883.5692,0.0,27700.0,3.727,103237.9,110121.4692,0.9374911245735541,99.8308,6814.2,0
sh510300-hold-fee0.001,2019-06-12,6883.5692,0.0,27700.0,3.699,102462.3,109345.8692,0.9370477435465847,99.8308,6814.2,0
sh510300-hold-fee0.001,2019-06-13,6883.5692,0.0,27700.0,3.692,102268.4,109151.9692,0.9369359137498731,99.8308,6814.2,0
sh510300-hold-fee0.001,2019-06-14,6883.5692,0.0,27700.0,3.67,101659.0,108542.5692,0.9365818475577414,99.8308,6814.2,0
sh510300-hold-fee0.001,2019-06-15,6883.5692,0.0,27700.0,3.67,101659.0,108542.5692,0.9365818475577414,99.8308,6814.2,1
sh510300-hold-fee0.001,2019-06-16,6883.5692,0.0,27700.0,3.67,101659.0,108542.5692,0.9365818475577414,99.8308,6814.2,2
sh510300-hold-fee0.001,2019-06-17,6883.5692,0.0,27700.0,3.673,101742.1,108625.6692,0.9366303632401466,99.8308,6814.2,0
sh510300-hold-fee0.001,2019-06-18,6883.5692,0.0,27700.0,3.681,101963.7,108847.2692,0.9367593762287975,99.8308,6814.2,0
sh510300-hold-fee0.001,2019-06-19,6883.5692,0.0,27700.0,3.735,103459.5,110343.0692,0.9376166600230837,99.8308,6814.2,0
sh510300-hold-fee0.001,2019-06-20,6883.5692,0.0,27700.0,3.843,106451.1,113334.6692,0.9392633406124593,99.8308,6814.2,0
sh510300-hold-fee0.001,2019-06-21,6883.5692,0.0,27700.0,3.85,106645.0,113528.5692,0.939367075190797,99.8308,6814.2,0
sh510300-hold-fee0.001,2019-06-22,6883.5692,0.0,27700.0,3.85,106645.0,113528.5692,0.939367075190797,99.8308,6814.2,1
sh510300-hold-fee0.001,2019-06-23,6883.5692,0.0,27700.0,3.85,106645.0,113528.5692,0.939367075190797,99.8308,6814.2,2
sh510300-hold-fee0.001,2019-06-24,6883.5692,0.0,27700.0,3.856,106811.2,113694.7692,0.939455708926317,99.8308,6814.2,0
sh510300-hold-fee0.001,2019-06-25,6883.5692,0.0,27700.0,3.817,105730.9,112614.4692,0.9388749132424983,99.8308,6814.2,0
sh510300-hold-fee0.001,2019-06-26,6883.5692,0.0,27700.0,3.818,105758.6,112642.1692,0.9388899446016705,99.8308,6814.2,0
sh510300-hold-fee0.001,2019-06-27,6883.5692,0.0,27700.0,3.86,106922.0,113805.5692,0.939514654261753,99.8308,6814.2,0
sh510300-hold-fee0.001,2019-06-28,6883.5692,0.0,27700.0,3.859,106894.3,113777.8692,0.9394999286908776,99.8308,6814.2,0
sh510300-hold-fee0.001,2019-06-29,6883.5692,0.0,27700.0,3.859,106894.3,113777.8692,0.9394999286908776,99.8308,6814.2,1
sh510300-hold-fee0.001,2019-06-30,6883.5692,0.0,27700.0,3.859,106894.3,113777.8692,0.9394999286908776,99.8308,6814.2,2
sh510300-hold-fee0.001,2019-07-01,6883.5692,0.0,27700.0,3.954,109525.8,116409.3692,0.9408675672129663,99.8308,6814.2,0
sh510300-hold-fee0.001,2019-07-02,6883.5692,0.0,27700.0,3.96,109692.0,116575.5692,0.9409518714149242,99.8308,6814.2,0
sh510300-hold-fee0.001,2019-07-03,6883.5692,0.0,27700.0,3.927,108777.9,115661.4692,0.9404852000617678,99.8308,6814.2,0
sh510300-hold-fee0.001,2019-07-04,6883.5692,0.0,27700.0,3.901,108057.7,114941.2692,0.9401122917128881,99.8308,6814.2,0
sh510300-hold-fee0.001,2019-07-05,6883.5692,0.0,27700.0,3.921,108611.7,115495.2692,0.9403995570755378,99.8308,6814.2,0
sh510300-hold-fee0.001,2019-07-06,6883.5692,0.0,27700.0,3.921,108611.7,115495.2692,0.9403995570755378,99.8308,6814.2,1
sh510300-hold-fee0.001,2019-07-07,6883.5692,0.0,27700.0,3.921,108611.7,115495.2692,0.9403995570755378,99.8308,6814.2,2
sh510300-hold-fee0.001,2019-07-08,6883.5692,0.0,27700.0,3.831,106118.7,113002.2692,0.9390846816729235,99.8308,6814.2,0
sh510300-hold-fee0.001,2019-07-09,6883.5692,0.0,27700.0,3.822,105869.4,112752.9692,0.9389499961833377,99.8308,6814.2,0
sh510300-hold-fee0.001,2019-07-10,6883.5692,0.0,27700.0,3.823,105897.1,112780.6692,0.9389649906422084,99.8308,6814.2,0
sh510300-hold-fee0.001,2019-07-11,6883.5692,0.0,27700.0,3.824,105924.8,112808.3692,0.9389799777373256,99.8308,6814.2,0
sh510300-hold-fee0.001,2019-07-12,6883.5692,0.0,27700.0,3.855,106783.5,113667.0692,0.9394409546366662,99.8308,6814.2,0
sh510300-hold-fee0.001,2019-07-13,6883.5692,0.0,27700.0,3.855,106783.5,113667.0692,0.9394409546366662,99.8308,6814.2,1
sh510300-hold-fee0.001,2019-07-14,6883.5692,0.0,27700.0,3.855,106783.5,113667.0692,0.9394409546366662,99.8308,6814.2,2
sh510300-hold-fee0.001,2019-07-15,6883.5692,0.0,27700.0,3.869,107171.3,114054.8692,0.9396468625295658,99.8308,6814.2,0
sh510300-hold-fee0.001,2019-07-16,6883.5692,0.0,27700.0,3.853,106728.1,113611.6692,0.9394114244736402,99.8308,6814.2,0
sh510300-hold-fee0.001,2019-07-17,6883.5692,0.0,27700.0,3.847,106561.9,113445.4692,0.939322660935321,99.8308,6814.2,0
sh510300-hold-fee0.001,2019-07-18,6883.5692,0.0,27700.0,3.822,105869.4,112752.9692,0.9389499961833377,99.8308,6814.2,0
sh510300-hold-fee0.001,2019-07-19,6883.5692,0.0,27700.0,3.862,106977.4,113860.9692,0.9395440839089573,99.8308,6814.2,0
sh510300-hold-fee0.001,2019-07-20,6883.5692,0.0,27700.0,3.862,106977.4,113860.9692,0.9395440839089573,99.8308,6814.2,1
sh510300-hold-fee0.001,2019-07-21,6883.5692,0.0,27700.0,3.862,106977.4,113860.9692,0.9395440839089573,99.8308,6814.2,2
sh510300-hold-fee0.001,2019-07-22,6883.5692,0.0,27700.0,3.832,106146.4,113029.9692,0.9390996100528001,99.8308,6814.2,0
sh510300-hold-fee0.001,2019-07-23,6883.5692,0.0,27700.0,3.841,106395.7,113279.2692,0.9392336369345151,99.8308,6814.2,0
sh510300-hold-fee0.001,2019-07-24,6883.5692,0.0,27700.0,3.872,107254.4,114137.9692,0.939690803610338,99.8308,6814.2,0
sh510300-hold-fee0.001,2019-07-25,6883.5692,0.0,27700.0,3.907,108223.9,115107.4692,0.9401987616629833,99.8308,6814.2,0
sh510300-hold-fee0.001,2019-07-26,6883.5692,0.0,27700.0,3.912,108362.4,115245.9692,0.9402706294390728,99.8308,6814.2,0
sh510300-hold-fee0.001,2019-07-27,6883.5692,0.0,27700.0,3.912,108362.4,115245.9692,0.9402706294390728,99.8308,6814.2,1
sh510300-hold-fee0.001,2019-07-28,6883.5692,0.0,27700.0,3.912,108362.4,115245.9692,0.9402706294390728,99.8308,6814.2,2
sh510300-hold-fee0.001,2019-07-29,6883.5692,0.0,27700.0,3.906,108196.2,115079.7692,0.9401843673492526,99.8308,6814.2,0
sh510300-hold-fee0.001,2019-07-30,6883.5692,0.0,27700.0,3.924,108694.8,115578.3692,0.9404424093569924,99.8308,6814.2,0
sh510300-hold-fee0.001,2019-07-31,6883.5692,0.0,27700.0,3.896,107919.2,114802.7692,0.9400400421699933,99.8308,6814.2,0
sh510300-hold-fee0.001,2019-08-01,6883.5692,0.0,27700.0,3.86,106922.0,113805.5692,0.939514654261753,99.8308,6814.2,0
sh510300-hold-fee0.001,2019-08-02,6883.5692,0.0,27700.0,3.801,105287.7,112171.2692,0.9386334018586642,99.8308,6814.2,0
sh510300-hold-fee0.001,2019-08-03,6883.5692,0.0,27700.0,3.801,105287.7,112171.2692,0.9386334018586642,99.8308,6814.2,1
sh510300-hold-fee0.001,2019-08-04,6883.5692,0.0,27700.0,3.801,105287.7,112171.2692,0.9386334018586642,99.8308,6814.2,2
sh510300-hold-fee0.001,2019-08-05,6883.5692,0.0,27700.0,3.735,103459.5,110343.0692,0.9376166600230837,99.8308,6814.2,0
sh510300-hold-fee0.001,2019-08-06,6883.5692,0.0,27700.0,3.696,102379.2,109262.7692,0.9369998650921983,99.8308,6814.2,0
sh510300-hold-fee0.001,2019-08-07,6883.5692,0.0,27700.0,3.672,101714.4,108597.9692,0.9366141995959165,99.8308,6814.2,0
sh510300-hold-fee0.001,2019-08-08,6883.5692,0.0,27700.0,3.726,103210.2,110093.7692,0.9374753971090309,99.8308,6814.2,0
sh510300-hold-fee0.001,2019-08-09,6883.5692,0.0,27700.0,3.697,102406.9,109290.4692,0.9370158326669532,99.8308,6814.2,0
sh510300-hold-fee0.001,2019-08-10,6883.5692,0.0,27700.0,3.697,102406.9,109290.4692,0.9370158326669532,99.8308,6814.2,1
sh510300-hold-fee0.001,2019-08-11,6883.5692,0.0,27700.0,3.697,102406.9,109290.4692,0.9370158326669532,99.8308,6814.2,2
sh510300-hold-fee0.001,2019-08-12,6883.5692,0.0,27700.0,3.756,104041.2,110924.7692,0.9379438041688528,99.8308,6814.2,0
sh510300-hold-fee0.001,2019-08-13,6883.5692,0.0,27700.0,3.724,103154.8,110038.3692,0.9374439184255013,99.8308,6814.2,0
sh510300-hold-fee0.001,2019-08-14,6883.5692,0.0,27700.0,3.738,103542.6,110426.1692,0.9376636059199634,99.8308,6814.2,0
sh510300-hold-fee0.001,2019-08-15,6883.5692,0.0,27700.0,3.753,103958.1,110841.6692,0.9378972795187751,99.8308,6814.2,0
sh510300-hold-fee0.001,2019-08-16,6883.5692,0.0,27700.0,3.769,104401.3,111284.8692,0.9381446080721997,99.8308,6814.2,0
sh510300-hold-fee0.001,2019-08-17,6883.5692,0.0,27700.0,3.769,104401.3,111284.8692,0.9381446080721997,99.8308,6814.2,1
sh510300-hold-fee0.001,2019-08-18,6883.5692,0.0,27700.0,3.769,104401.3,111284.8692,0.9381446080721997,99.8308,6814.2,2
sh510300-hold-fee0.001,2019-08-19,6883.5692,0.0,27700.0,3.859,106894.3,113777.8692,0.9394999286908776,99.8308,6814.2,0
sh510300-hold-fee0.001,2019-08-20,6883.5692,0.0,27700.0,3.843,106451.1,113334.6692,0.9392633406124593,99.8308,6814.2,0
sh510300-hold-fee0.001,2019-08-21,6883.5692,0.0,27700.0,3.842,106423.4,113306.9692,0.939248492404296,99.8308,6814.2,0
sh510300-hold-fee0.001,2019-08-22,6883.5692,0.0,27700.0,3.85,106645.0,113528.5692,0.939367075190797,99.8308,6814.2,0
sh510300-hold-fee0.001,2019-08-23,6883.5692,0.0,27700.0,3.877,107392.9,114276.4692,0.9397638967305441,99.8308,6814.2,0
sh510300-hold-fee0.001,2019-08-24,6883.5692,0.0,27700.0,3.877,107392.9,114276.4692,0.9397638967305441,99.8308,6814.2,1
sh510300-hold-fee0.001,2019-08-25,6883.5692,0.0,27700.0,3.877,107392.9,114276.4692,0.9397638967305441,99.8308,6814.2,2
sh510300-hold-fee0.001,2019-08-26,6883.5692,0.0,27700.0,3.834,106201.8,113085.3692,0.9391294448725203,99.8308,6814.2,0
sh510300-hold-fee0.001,2019-08-27,6883.5692,0.0,27700.0,3.874,107309.8,114193.3692,0.9397200621347461,99.8308,6814.2,0
sh510300-hold-fee0.001,2019-08-28,6883.5692,0.0,27700.0,3.862,106977.4,113860.9692,0.9395440839089573,99.8308,6814.2,0
sh510300-hold-fee0.001,2019-08-29,6883.5692,0.0,27700.0,3.851,106672.7,113556.2692,0.9393818654972156,99.8308,6814.2,0
sh510300-hold-fee0.001,2019-08-30,6883.5692,0.0,27700.0,3.861,106949.7,113833.2692,0.939529372666036,99.8308,6814.2,0
sh510300-hold-fee0.001,2019-08-31,6883.5692,0.0,27700.0,3.861,106949.7,113833.2692,0.939529372666036,99.8308,6814.2,1
sh510300-hold-fee0.001,2019-09-01,6883.5692,0.0,27700.0,3.861,106949.7,113833.2692,0.939529372666036,99.8308,6814.2,2
sh510300-hold-fee0.001,2019-09-02,6883.5692,0.0,27700.0,3.904,108140.8,115024.3692,0.9401555579232858,99.8308,6814.2,0
sh510300-hold-fee0.001,2019-09-03,6883.5692,0.0,27700.0,3.908,108251.6,115135.1692,0.940213149050551,99.8308,6814.2,0
sh510300-hold-fee0.001,2019-09-04,6883.5692,0.0,27700.0,3.957,109608.9,116492.4692,0.9409097493831816,99.8308,6814.2,0
sh510300-hold-fee0.001,2019-09-05,6883.5692,0.0,27700.0,3.994,110633.8,117517.3692,0.9414250910579438,99.8308,6814.2,0
sh510300-hold-fee0.001,2019-09-06,6883.5692,0.0,27700.0,4.021,111381.7,118265.2692,0.9417955140459783,99.8308,6814.2,0
sh510300-hold-fee0.001,2019-09-07,6883.5692,0.0,27700.0,4.021,111381.7,118265.2692,0.9417955140459783,99.8308,6814.2,1
sh510300-hold-fee0.001,2019-09-08,6883.5692,0.0,27700.0,4.021,111381.7,118265.2692,0.9417955140459783,99.8308,6814.2,2
sh510300-hold-fee0.001,2019-09-09,6883.5692,0.0,27700.0,4.037,111824.9,118708.4692,0.9420128214407132,99.8308,6814.2,0
sh510300-hold-fee0.001,2019-09-10,6883.5692,0.0,27700.0,4.026,111520.2,118403.7692,0.9418635973625745,99.8308,6814.2,0
sh510300-hold-fee0.001,2019-09-11,6883.5692,0.0,27700.0,3.997,110716.9,117600.4692,0.9414664818361116,99.8308,6814.2,0
sh510300-hold-fee0.001,2019-09-12,6883.5692,0.0,27700.0,4.038,111852.6,118736.1692,0.9420263492886883,99.8308,6814.2,0
sh510300-hold-fee0.001,2019-09-13,6883.5692,0.0,27700.0,4.038,111852.6,118736.1692,0.9420263492886883,99.8308,6814.2,1
sh510300-hold-fee0.001,2019-09-14,6883.5692,0.0,27700.0,4.038,111852.6,118736.1692,0.9420263492886883,99.8308,6814.2,2
sh510300-hold-fee0.001,2019-09-15,6883.5692,0.0,27700.0,4.038,111852.6,118736.1692,0.9420263492886883,99.8308,6814.2,3
sh510300-hold-fee0.001,2019-09-16,6883.5692,0.0,27700.0,4.024,111464.8,118348.3692,0.9418363831582058,99.8308,6814.2,0
sh510300-hold-fee0.001,2019-09-17,6883.5692,0.0,27700.0,3.951,109442.7,116326.2692,0.9408253247753947,99.8308,6814.2,0
sh510300-hold-fee0.001,2019-09-18,6883.5692,0.0,27700.0,3.968,109913.6,116797.1692,0.9410639037987917,99.8308,6814.2,0
sh510300-hold-fee0.001,2019-09-19,6883.5692,0.0,27700.0,3.987,110439.9,117323.4692,0.9413282845543405,99.8308,6814.2,0
sh510300-hold-fee0.001,2019-09-20,6883.5692,0.0,27700.0,3.993,110606.1,117489.6692,0.9414112811205362,99.8308,6814.2,0
sh510300-hold-fee0.001,2019-09-21,6883.5692,0.0,27700.0,3.993,110606.1,117489.6692,0.9414112811205362,99.8308,6814.2,1
sh510300-hold-fee0.001,2019-09-22,6883.5692,0.0,27700.0,3.993,110606.1,117489.6692,0.9414112811205362,99.8308,6814.2,2
sh510300-hold-fee0.001,2019-09-23,6883.5692,0.0,27700.0,3.958,109636.6,116520.1692,0.9409237967361276,99.8308,6814.2,0
sh510300-hold-fee0.001,2019-09-24,6883.5692,0.0,27700.0,3.961,109719.7,116603.2692,0.9409658987502899,99.8308,6814.2,0
sh510300-hold-fee0.001,2019-09-25,6883.5692,0.0,27700.0,3.934,108971.8,115855.3692,0.9405848063190152,99.8308,6814.2,0
sh510300-hold-fee0.001,2019-09-26,6883.5692,0.0,27700.0,3.907,108223.9,115107.4692,0.9401987616629833,99.8308,6814.2,0
sh510300-hold-fee0.001,2019-09-27,6883.5692,0.0,27700.0,3.916,108473.2,115356.7692,0.9403279994079445,99.8308,6814.2,0
sh510300-hold-fee0.001,2019-09-28,6883.5692,0.0,27700.0,3.916,108473.2,115356.7692,0.9403279994079445,99.8308,6814.2,1
sh510300-hold-fee0.001,2019-09-29,6883.5692,0.0,27700.0,3.916,108473.2,115356.7692,0.9403279994079445,99.8308,6814.2,2
sh510300-hold-fee0.001,2019-09-30,6883.5692,0.0,27700.0,3.869,107171.3,114054.8692,0.9396468625295658,99.8308,6814.2,0
sh510300-hold-fee0.001,2019-10-01,6883.5692,0.0,27700.0,3.869,107171.3,114054.8692,0.9396468625295658,99.8308,6814.2,1
sh510300-hold-fee0.001,2019-10-02,6883.5692,0.0,27700.0,3.869,107171.3,114054.8692,0.9396468625295658,99.8308,6814.2,2
sh510300-hold-fee0.001,2019-10-03,6883.5692,0.0,27700.0,3.869,107171.3,114054.8692,0.9396468625295658,99.8308,6814.2,3
sh510300-hold-fee0.001,2019-10-04,6883.5692,0.0,27700.0,3.869,107171.3,114054.8692,0.9396468625295658,99.8308,6814.2,4
sh510300-hold-fee0.001,2019-10-05,6883.5692,0.0,27700.0,3.869,107171.3,114054.8692,0.9396468625295658,99.8308,6814.2,5
sh510300-hold-fee0.001,2019-10-06,6883.5692,0.0,27700.0,3.869,107171.3,114054.8692,0.9396468625295658,99.8308,6814.2,6
sh510300-hold-fee0.001,2019-10-07,6883.5692,0.0,27700.0,3.869,107171.3,114054.8692,0.9396468625295658,99.8308,6814.2,7
sh510300-hold-fee0.001,2019-10-08,6883.5692,0.0,27700.0,3.894,107863.8,114747.3692,0.9400110935179505,99.8308,6814.2,0
sh510300-hold-fee0.001,2019-10-09,6883.5692,0.0,27700.0,3.905,108168.5,115052.0692,0.9401699661043558,99.8308,6814.2,0
sh510300-hold-fee0.001,2019-10-10,6883.5692,0.0,27700.0,3.933,108944.1,115827.6692,0.940570597271416,99.8308,6814.2,0
sh510300-hold-fee0.001,2019-10-11,6883.5692,0.0,27700.0,3.981,110273.7,117157.2692,0.9412450525092984,99.8308,6814.2,0
sh510300-hold-fee0.001,2019-10-12,6883.5692,0.0,27700.0,3.981,110273.7,117157.2692,0.9412450525092984,99.8308,6814.2,1
sh510300-hold-fee0.001,2019-10-13,6883.5692,0.0,27700.0,3.981,110273.7,117157.2692,0.9412450525092984,99.8308,6814.2,2
sh510300-hold-fee0.001,2019-10-14,6883.5692,0.0,27700.0,4.01,111077.0,117960.5692,0.9416451679855068,99.8308,6814.2,0
sh510300-hold-fee0.001,2019-10-15,6883.5692,0.0,27700.0,3.997,110716.9,117600.4692,0.9414664818361116,99.8308,6814.2,0
sh510300-hold-fee0.001,2019-10-16,6883.5692,0.0,27700.0,3.983,110329.1,117212.6692,0.9412728227504609,99.8308,6814.2,0
sh510300-hold-fee0.001,2019-10-17,6883.5692,0.0,27700.0,3.989,110495.3,117378.8692,0.9413559761913263,99.8308,6814.2,0
sh510300-hold-fee0.001,2019-10-18,6883.5692,0.0,27700.0,3.931,108888.7,115772.2692,0.9405421587780366,99.8308,6814.2,0
sh510300-hold-fee0.001,2019-10-19,6883.5692,0.0,27700.0,3.931,108888.7,115772.2692,0.9405421587780366,99.8308,6814.2,1
sh510300-hold-fee0.001,2019-10-20,6883.5692,0.0,27700.0,3.931,108888.7,115772.2692,0.9405421587780366,99.8308,6814.2,2
sh510300-hold-fee0.001,2019-10-21,6883.5692,0.0,27700.0,3.94,109138.0,116021.5692,0.9406699181241551,99.8308,6814.2,0
sh510300-hold-fee0.001,2019-10-22,6883.5692,0.0,27700.0,3.955,109553.5,116437.0692,0.9408816346263721,99.8308,6814.2,0
sh510300-hold-fee0.001,2019-10-23,6883.5692,0.0,27700.0,3.934,108971.8,115855.3692,0.9405848063190152,99.8308,6814.2,0
sh510300-hold-fee0.001,2019-10-24,6883.5692,0.0,27700.0,3.939,109110.3,115993.8692,0.9406557497609538,99.8308,6814.2,0
sh510300-hold-fee0.001,2019-10-25,6883.5692,0.0,27700.0,3.963,109775.1,116658.6692,0.9409939334367102,99.8308,6814.2,0
sh510300-hold-fee0.001,2019-10-26,6883.5692,0.0,27700.0,3.963,109775.1,116658.6692,0.9409939334367102,99.8308,6814.2,1
sh510300-hold-fee0.001,2019-10-27,6883.5692,0.0,27700.0,3.963,109775.1,116658.6692,0.9409939334367102,99.8308,6814.2,2
sh510300-hold-fee0.001,2019-10-28,6883.5692,0.0,27700.0,3.986,110412.2,117295.7692,0.9413144289265636,99.8308,6814.2,0
sh510300-hold-fee0.001,2019-10-29,6883.5692,0.0,27700.0,3.973,110052.1,116935.6692,0.9411337084134119,99.8308,6814.2,0
sh510300-hold-fee0.001,2019-10-30,6883.5692,0.0,27700.0,3.947,109331.9,116215.4692,0.9407689075526272,99.8308,6814.2,0
sh510300-hold-fee0.001,2019-10-31,6883.5692,0.0,27700.0,3.945,109276.5,116160.0692,0.940740658580806,99.8308,6814.2,0
sh510300-hold-fee0.001,2019-11-01,6883.5692,0.0,27700.0,4.026,111520.2,118403.7692,0.9418635973625745,99.8308,6814.2,0
sh510300-hold-fee0.001,2019-11-02,6883.5692,0.0,27700.0,4.026,111520.2,118403.7692,0.9418635973625745,99.8308,6814.2,1
sh510300-hold-fee0.001,2019-11-03,6883.5692,0.0,27700.0,4.026,111520.2,118403.7692,0.9418635973625745,99.8308,6814.2,2
sh510300-hold-fee0.001,2019-11-04,6883.5692,0.0,27700.0,4.039,111880.3,118763.8692,0.9420398708263035,99.8308,6814.2,0
sh510300-hold-fee0.001,2019-11-05,6883.5692,0.0,27700.0,4.062,112517.4,119400.9692,0.9423491346333226,99.8308,6814.2,0
sh510300-hold-fee0.001,2019-11-06,6883.5692,0.0,27700.0,4.045,112046.5,118930.0692,0.94212086778135,99.8308,6814.2,0
sh510300-hold-fee0.001,2019-11-07,6883.5692,0.0,27700.0,4.05,112185.0,119068.5692,0.9421881925158802,99.8308,6814.2,0
sh510300-hold-fee0.001,2019-11-08,6883.5692,0.0,27700.0,4.034,111741.8,118625.3692,0.9419721999904216,99.8308,6814.2,0
sh510300-hold-fee0.001,2019-11-09,6883.5692,0.0,27700.0,4.034,111741.8,118625.3692,0.9419721999904216,99.8308,6814.2,1
sh510300-hold-fee0.001,2019-11-10,6883.5692,0.0,27700.0,4.034,111741.8,118625.3692,0.9419721999904216,99.8308,6814.2,2
sh510300-hold-fee0.001,2019-11-11,6883.5692,0.0,27700.0,3.967,109885.9,116769.4692,0.9410499230050452,99.8308,6814.2,0
sh510300-hold-fee0.001,2019-11-12,6883.5692,0.0,27700.0,3.962,109747.4,116630.9692,0.9409799194226365,99.8308,6814.2,0
sh510300-hold-fee0.001,2019-11-13,6883.5692,0.0,27700.0,3.959,109664.3,116547.8692,0.9409378374117886,99.8308,6814.2,0
sh510300-hold-fee0.001,2019-11-14,6883.5692,0.0,27700.0,3.962,109747.4,116630.9692,0.9409799194226365,99.8308,6814.2,0
sh510300-hold-fee0.001,2019-11-15,6883.5692,0.0,27700.0,3.943,109221.1,116104.6692,0.9407123826506713,99.8308,6814.2,0
sh510300-hold-fee0.001,2019-11-16,6883.5692,0.0,27700.0,3.943,109221.1,116104.6692,0.9407123826506713,99.8308,6814.2,1
sh510300-hold-fee0.001,2019-11-17,6883.5692,0.0,27700.0,3.943,109221.1,116104.6692,0.9407123826506713,99.8308,6814.2,2
sh510300-hold-fee0.001,2019-11-18,6883.5692,0.0,27700.0,3.971,109996.7,116880.2692,0.9411058064195492,99.8308,6814.2,0
sh510300-hold-fee0.001,2019-11-19,6883.5692,0.0,27700.0,4.011,111104.7,117988.2692,0.9416588678970129,99.8308,6814.2,0
sh510300-hold-fee0.001,2019-11-20,6883.5692,0.0,27700.0,3.97,109969.0,116852.5692,0.9410918455013311,99.8308,6814.2,0
sh510300-hold-fee0.001,2019-11-21,6883.5692,0.0,27700.0,3.95,109415.0,116298.5692,0.9408112305477959,99.8308,6814.2,0
sh510300-hold-fee0.001,2019-11-22,6883.5692,0.0,27700.0,3.908,108251.6,115135.1692,0.940213149050551,99.8308,6814.2,0
sh510300-hold-fee0.001,2019-11-23,6883.5692,0.0,27700.0,3.908,108251.6,115135.1692,0.940213149050551,99.8308,6814.2,1
sh510300-hold-fee0.001,2019-11-24,6883.5692,0.0,27700.0,3.908,108251.6,115135.1692,0.940213149050551,99.8308,6814.2,2
sh510300-hold-fee0.001,2019-11-25,6883.5692,0.0,27700.0,3.936,109027.2,115910.7692,0.9406132040404059,99.8308,6814.2,0
sh510300-hold-fee0.001,2019-11-26,6883.5692,0.0,27700.0,3.942,109193.4,116076.9692,0.940698234564174,99.8308,6814.2,0
sh510300-hold-fee0.001,2019-11-27,6883.5692,0.0,27700.0,3.936,109027.2,115910.7692,0.9406132040404059,99.8308,6814.2,0
sh510300-hold-fee0.001,2019-11-28,6883.5692,0.0,27700.0,3.93,108861.0,115744.5692,0.940527929322493,99.8308,6814.2,0
sh510300-hold-fee0.001,2019-11-29,6883.5692,0.0,27700.0,3.887,107669.9,114553.4692,0.9399095527348725,99.8308,6814.2,0
sh510300-hold-fee0.001,2019-11-30,6883.5692,0.0,27700.0,3.887,107669.9,114553.4692,0.9399095527348725,99.8308,6814.2,1
sh510300-hold-fee0.001,2019-12-01,6883.5692,0.0,27700.0,3.887,107669.9,114553.4692,0.9399095527348725,99.8308,6814.2,2
sh510300-hold-fee0.001,2019-12-02,6883.5692,0.0,27700.0,3.895,107891.5,114775.0692,0.9400255713372291,99.8308,6814.2,0
sh510300-hold-fee0.001,2019-12-03,6883.5692,0.0,27700.0,3.911,108334.7,115218.2692,0.9402562697062281,99.8308,6814.2,0
sh510300-hold-fee0.001,2019-12-04,6883.5692,0.0,27700.0,3.913,108390.1,115273.6692,0.9402849822706953,99.8308,6814.2,0
sh510300-hold-fee0.001,2019-12-05,6883.5692,0.0,27700.0,3.942,109193.4,116076.9692,0.940698234564174,99.8308,6814.2,0
sh510300-hold-fee0.001,2019-12-06,6883.5692,0.0,27700.0,3.966,109858.2,116741.7692,0.9410359355766899,99.8308,6814.2,0
sh510300-hold-fee0.001,2019-12-07,6883.5692,0.0,27700.0,3.966,109858.2,116741.7692,0.9410359355766899,99.8308,6814.2,1
sh510300-hold-fee0.001,2019-12-08,6883.5692,0.0,27700.0,3.966,109858.2,116741.7692,0.9410359355766899,99.8308,6814.2,2
sh510300-hold-fee0.001,2019-12-09,6883.5692,0.0,27700.0,3.953,109498.1,116381.6692,0.9408534931031906,99.8308,6814.2,0
sh510300-hold-fee0.001,2019-12-10,6883.5692,0.0,27700.0,3.956,109581.2,116464.7692,0.9408956953481861,99.8308,6814.2,0
sh510300-hold-fee0.001,2019-12-11,6883.5692,1717.4,27700.0,3.9,108030.0,116630.9692,0.926254842440253,99.8308,6814.2,0
sh510300-hold-fee0.001,2019-12-12,6883.5692,1717.4,27700.0,3.889,107725.3,116326.2692,0.9260616775630246,99.8308,6814.2,0
sh510300-hold-fee0.001,2019-12-13,6883.5692,1717.4,27700.0,3.968,109913.6,118514.5692,0.9274269040670824,99.8308,6814.2,0
sh510300-hold-fee0.001,2019-12-14,6883.5692,1717.4,27700.0,3.968,109913.6,118514.5692,0.9274269040670824,99.8308,6814.2,1
sh510300-hold-fee0.001,2019-12-15,6883.5692,1717.4,27700.0,3.968,109913.6,118514.5692,0.9274269040670824,99.8308,6814.2,2
sh510300-hold-fee0.001,2019-12-16,8600.9692,0.0,27700.0,3.98,110246.0,118846.9692,0.927629881873336,99.8308,8531.6,0
sh510300-hold-fee0.001,2019-12-17,8600.9692,0.0,27700.0,4.042,111963.4,120564.3692,0.9286607705321946,99.8308,8531.6,0
sh510300-hold-fee0.001,2019-12-18,8600.9692,0.0,27700.0,4.027,111547.9,120148.8692,0.9284140645078997,99.8308,8531.6,0
sh510300-hold-fee0.001,2019-12-19,8600.9692,0.0,27700.0,4.02,111354.0,119954.9692,0.9282983501445474,99.8308,8531.6,0
sh510300-hold-fee0.001,2019-12-20,8600.9692,0.0,27700.0,4.016,111243.2,119844.1692,0.9282320595368606,99.8308,8531.6,0
sh510300-hold-fee0.001,2019-12-21,8600.9692,0.0,27700.0,4.016,111243.2,119844.1692,0.9282320595368606,99.8308,8531.6,1
sh510300-hold-fee0.001,2019-12-22,8600.9692,0.0,27700.0,4.016,111243.2,119844.1692,0.9282320595368606,99.8308,8531.6,2
sh510300-hold-fee0.001,2019-12-23,8600.9692,0.0,27700.0,3.964,109802.8,118403.7692,0.927358991541293,99.8308,8531.6,0
sh510300-hold-fee0.001,2019-12-24,8600.9692,0.0,27700.0,3.985,110384.5,118985.4692,0.927714121246664,99.8308,8531.6,0
sh510300-hold-fee0.001,2019-12-25,8600.9692,0.0,27700.0,3.992,110578.4,119179.3692,0.927831727439618,99.8308,8531.6,0
sh510300-hold-fee0.001,2019-12-26,8600.9692,0.0,27700.0,4.021,111381.7,119982.6692,0.9283149036661038,99.8308,8531.6,0
sh510300-hold-fee0.001,2019-12-27,8600.9692,0.0,27700.0,4.017,111270.9,119871.8692,0.9282486436776111,99.8308,8531.6,0
sh510300-hold-fee0.001,2019-12-28,8600.9692,0.0,27700.0,4.017,111270.9,119871.8692,0.9282486436776111,99.8308,8531.6,1
sh510300-hold-fee0.001,2019-12-29,8600.9692,0.0,27700.0,4.017,111270.9,119871.8692,0.9282486436776111,99.8308,8531.6,2
sh510300-hold-fee0.001,2019-12-30,8600.9692,0.0,27700.0,4.075,112877.5,121478.4692,0.9291975832701718,99.8308,8531.6,0
sh510300-hold-fee0.001,2019-12-31,8600.9692,0.0,27700.0,4.096,113459.2,122060.1692,0.9295350051014021,99.8308,8531.6,0
sh510300-hold-fee0.001,2020-01-01,8600.9692,0.0,27700.0,4.096,113459.2,122060.1692,0.9295350051014021,99.8308,8531.6,1
sh510300-hold-fee0.001,2020-01-02,8600.9692,0.0,27700.0,4.149,114927.3,123528.2692,0.9303724624678866,99.8308,8531.6,0
sh510300-hold-fee0.001,2020-01-03,8600.9692,0.0,27700.0,4.139,114650.3,123251.2692,0.930215978660283,99.8308,8531.6,0
sh510300-hold-fee0.001,2020-01-04,8600.9692,0.0,27700.0,4.139,114650.3,123251.2692,0.930215978660283,99.8308,8531.6,1
sh510300-hold-fee0.001,2020-01-05,8600.9692,0.0,27700.0,4.139,114650.3,123251.2692,0.930215978660283,99.8308,8531.6,2
sh510300-hold-fee0.001,2020-01-06,8600.9692,0.0,27700.0,4.123,114207.1,122808.0692,0.9299641362654043,99.8308,8531.6,0
sh510300-hold-fee0.001,2020-01-07,8600.9692,0.0,27700.0,4.155,115093.5,123694.4692,0.9304660163414971,99.8308,8531.6,0
sh510300-hold-fee0.001,2020-01-08,8600.9692,0.0,27700.0,4.114,113957.8,122558.7692,0.9298216744820248,99.8308,8531.6,0
sh510300-hold-fee0.001,2020-01-09,8600.9692,0.0,27700.0,4.158,115176.6,123777.5692,0.9305126990650258,99.8308,8531.6,0
sh510300-hold-fee0.001,2020-01-10,8600.9692,0.0,27700.0,4.157,115148.9,123749.8692,0.9304971451234472,99.8308,8531.6,0
sh510300-hold-fee0.001,2020-01-11,8600.9692,0.0,27700.0,4.157,115148.9,123749.8692,0.9304971451234472,99.8308,8531.6,1
sh510300-hold-fee0.001,2020-01-12,8600.9692,0.0,27700.0,4.157,115148.9,123749.8692,0.9304971451234472,99.8308,8531.6,2
sh510300-hold-fee0.001,2020-01-13,8600.9692,0.0,27700.0,4.202,116395.4,124996.3692,0.9311902477244115,99.8308,8531.6,0
sh510300-hold-fee0.001,2020-01-14,8600.9692,0.0,27700.0,4.184,115896.8,124497.7692,0.9309146721642624,99.8308,8531.6,0
sh510300-hold-fee0.001,2020-01-15,8600.9692,0.0,27700.0,4.152,115010.4,123611.3692,0.9304192708513417,99.8308,8531.6,0
sh510300-hold-fee0.001,2020-01-16,8600.9692,0.0,27700.0,4.146,114844.2,123445.1692,0.9303255910641176,99.8308,8531.6,0
sh510300-hold-fee0.001,2020-01-17,8600.9692,0.0,27700.0,4.151,114982.7,123583.6692,0.9304036750512664,99.8308,8531.6,0
sh510300-hold-fee0.001,2020-01-18,8600.9692,0.0,27700.0,4.151,114982.7,123583.6692,0.9304036750512664,99.8308,8531.6,1
sh510300-hold-fee0.001,2020-01-19,8600.9692,0.0,27700.0,4.151,114982.7,123583.6692,0.9304036750512664,99.8308,8531.6,2
sh510300-hold-fee0.001,2020-01-20,8600.9692,0.0,27700.0,4.181,115813.7,124414.6692,0.9308685281622724,99.8308,8531.6,0
sh510300-hold-fee0.001,2020-01-21,8600.9692,0.0,27700.0,4.105,113708.5,122309.4692,0.9296786319468386,99.8308,8531.6,0
sh510300-hold-fee0.001,2020-01-22,8600.9692,0.0,27700.0,4.119,114096.3,122697.2692,0.9299008913883798,99.8308,8531.6,0
sh510300-hold-fee0.001,2020-01-23,8600.9692,0.0,27700.0,3.996,110689.2,119290.1692,0.9278987593220717,99.8308,8531.6,0
sh510300-hold-fee0.001,2020-01-24,8600.9692,0.0,27700.0,3.996,110689.2,119290.1692,0.9278987593220717,99.8308,8531.6,1
sh510300-hold-fee0.001,2020-01-25,8600.9692,0.0,27700.0,3.996,110689.2,119290.1692,0.9278987593220717,99.8308,8531.6,2
sh510300-hold-fee0.001,2020-01-26,8600.9692,0.0,27700.0,3.996,110689.2,119290.1692,0.9278987593220717,99.8308,8531.6,3
sh510300-hold-fee0.001,2020-01-27,8600.9692,0.0,27700.0,3.996,110689.2,119290.1692,0.9278987593220717,99.8308,8531.6,4
sh510300-hold-fee0.001,2020-01-28,8600.9692,0.0,27700.0,3.996,110689.2,119290.1692,0.9278987593220717,99.8308,8531.6,5
sh510300-hold-fee0.001,2020-01-29,8600.9692,0.0,27700.0,3.996,110689.2,119290.1692,0.9278987593220717,99.8308,8531.6,6
sh510300-hold-fee0.001,2020-01-30,8600.9692,0.0,27700.0,3.996,110689.2,119290.1692,0.9278987593220717,99.8308,8531.6,7
sh510300-hold-fee0.001,2020-01-31,8600.9692,0.0,27700.0,3.996,110689.2,119290.1692,0.9278987593220717,99.8308,8531.6,8
sh510300-hold-fee0.001,2020-02-01,8600.9692,0.0,27700.0,3.996,110689.2,119290.1692,0.9278987593220717,99.8308,8531.6,9
sh510300-hold-fee0.001,2020-02-02,8600.9692,0.0,27700.0,3.996,110689.2,119290.1692,0.9278987593220717,99.8308,8531.6,10
sh510300-hold-fee0.001,2020-02-03,8600.9692,0.0,27700.0,3.659,101354.3,109955.2692,0.92177756225256,99.8308,8531.6,0
sh510300-hold-fee0.001,2020-02-04,8600.9692,0.0,27700.0,3.77,104429.0,113029.9692,0.9239054096813821,99.8308,8531.6,0
sh510300-hold-fee0.001,2020-02-05,8600.9692,0.0,27700.0,3.807,105453.9,114054.8692,0.9245891976350624,99.8308,8531.6,0
sh510300-hold-fee0.001,2020-02-06,8600.9692,0.0,27700.0,3.897,107946.9,116547.8692,0.9262022612765193,99.8308,8531.6,0
sh510300-hold-fee0.001,2020-02-07,8600.9692,0.0,27700.0,3.888,107697.6,116298.5692,0.926044066929071,99.8308,8531.6,0
sh510300-hold-fee0.001,2020-02-08,8600.9692,0.0,27700.0,3.888,107697.6,116298.5692,0.926044066929071,99.8308,8531.6,1
sh510300-hold-fee0.001,2020-02-09,8600.9692,0.0,27700.0,3.888,107697.6,116298.5692,0.926044066929071,99.8308,8531.6,2
sh510300-hold-fee0.001,2020-02-10,8600.9692,0.0,27700.0,3.901,108057.7,116658.6692,0.9262723528479956,99.8308,8531.6,0
sh510300-hold-fee0.001,2020-02-11,8600.9692,0.0,27700.0,3.943,109221.1,117822.0692,0.9270003552101935,99.8308,8531.6,0
sh510300-hold-fee0.001,2020-02-12,8600.9692,0.0,27700.0,3.971,109996.7,118597.6692,0.9274777551867773,99.8308,8531.6,0
sh510300-hold-fee0.001,2020-02-13,8600.9692,0.0,27700.0,3.95,109415.0,118015.9692,0.9271202934797403,99.8308,8531.6,0
sh510300-hold-fee0.001,2020-02-14,8600.9692,0.0,27700.0,3.977,110162.9,118763.8692,0.9275792439406311,99.8308,8531.6,0
sh510300-hold-fee0.001,2020-02-15,8600.9692,0.0,27700.0,3.977,110162.9,118763.8692,0.9275792439406311,99.8308,8531.6,1
sh510300-hold-fee0.001,2020-02-16,8600.9692,0.0,27700.0,3.977,110162.9,118763.8692,0.9275792439406311,99.8308,8531.6,2
sh510300-hold-fee0.001,2020-02-17,8600.9692,0.0,27700.0,4.064,112572.8,121173.7692,0.9290195455932059,99.8308,8531.6,0
sh510300-hold-fee0.001,2020-02-18,8600.9692,0.0,27700.0,4.039,111880.3,120481.2692,0.9286115654565166,99.8308,8531.6,0
sh510300-hold-fee0.001,2020-02-19,8600.9692,0.0,27700.0,4.04,111908.0,120508.9692,0.928627974688543,99.8308,8531.6,0
sh510300-hold-fee0.001,2020-02-20,8600.9692,0.0,27700.0,4.131,114428.7,123029.6692,0.9300902842710399,99.8308,8531.6,0
sh510300-hold-fee0.001,2020-02-21,8600.9692,0.0,27700.0,4.145,114816.5,123417.4692,0.9303099532363446,99.8308,8531.6,0
sh510300-hold-fee0.001,2020-02-22,8600.9692,0.0,27700.0,4.145,114816.5,123417.4692,0.9303099532363446,99.8308,8531.6,1
sh510300-hold-fee0.001,2020-02-23,8600.9692,0.0,27700.0,4.145,114816.5,123417.4692,0.9303099532363446,99.8308,8531.6,2
sh510300-hold-fee0.001,2020-02-24,8600.9692,0.0,27700.0,4.112,113902.4,122503.3692,0.9297899375652438,99.8308,8531.6,0
sh510300-hold-fee0.001,2020-02-25,8600.9692,0.0,27700.0,4.104,113680.8,122281.7692,0.9296627023286477,99.8308,8531.6,0
sh510300-hold-fee0.001,2020-02-26,8600.9692,0.0,27700.0,4.07,112739.0,121339.9692,0.9291167678984379,99.8308,8531.6,0
sh510300-hold-fee0.001,2020-02-27,8600.9692,0.0,27700.0,4.071,112766.7,121367.6692,0.9291329457285153,99.8308,8531.6,0
sh510300-hold-fee0.001,2020-02-28,8600.9692,0.0,27700.0,3.933,108944.1,117545.0692,0.9268283284144768,99.8308,8531.6,0
sh510300-hold-fee0.001,2020-02-29,8600.9692,0.0,27700.0,3.933,108944.1,117545.0692,0.9268283284144768,99.8308,8531.6,1
sh510300-hold-fee0.001,2020-03-01,8600.9692,0.0,27700.0,3.933,108944.1,117545.0692,0.9268283284144768,99.8308,8531.6,2
sh510300-hold-fee0.001,2020-03-02,8600.9692,0.0,27700.0,4.076,112905.2,121506.1692,0.9292137242361518,99.8308,8531.6,0
sh510300-hold-fee0.001,2020-03-03,8600.9692,0.0,27700.0,4.073,112822.1,121423.0692,0.9291652792449756,99.8308,8531.6,0
sh510300-hold-fee0.001,2020-03-04,8600.9692,0.0,27700.0,4.102,113625.4,122226.3692,0.9296308214316162,99.8308,8531.6,0
sh510300-hold-fee0.001,2020-03-05,8600.9692,0.0,27700.0,4.2,116340.0,124940.9692,0.9311597368335446,99.8308,8531.6,0
sh510300-hold-fee0.001,2020-03-06,8600.9692,0.0,27700.0,4.121,114151.7,122752.6692,0.9299325280985418,99.8308,8531.6,0
sh510300-hold-fee0.001,2020-03-07,8600.9692,0.0,27700.0,4.121,114151.7,122752.6692,0.9299325280985418,99.8308,8531.6,1
sh510300-hold-fee0.001,2020-03-08,8600.9692,0.0,27700.0,4.121,114151.7,122752.6692,0.9299325280985418,99.8308,8531.6,2
sh510300-hold-fee0.001,2020-03-09,8600.9692,0.0,27700.0,3.99,110523.0,119123.9692,0.9277981647374456,99.8308,8531.6,0
sh510300-hold-fee0.001,2020-03-10,8600.9692,0.0,27700.0,4.078,112960.6,121561.5692,0.9292459841000473,99.8308,8531.6,0
sh510300-hold-fee0.001,2020-03-11,8600.9692,0.0,27700.0,4.011,111104.7,119705.6692,0.928149023705554,99.8308,8531.6,0
sh510300-hold-fee0.001,2020-03-12,8600.9692,0.0,27700.0,3.948,109359.6,117960.5692,0.9270860656376012,99.8308,8531.6,0
sh510300-hold-fee0.001,2020-03-13,8600.9692,0.0,27700.0,3.889,107725.3,116326.2692,0.9260616775630246,99.8308,8531.6,0
sh510300-hold-fee0.001,2020-03-14,8600.9692,0.0,27700.0,3.889,107725.3,116326.2692,0.9260616775630246,99.8308,8531.6,1
sh510300-hold-fee0.001,2020-03-15,8600.9692,0.0,27700.0,3.889,107725.3,116326.2692,0.9260616775630246,99.8308,8531.6,2
sh510300-hold-fee0.001,2020-03-16,8600.9692,0.0,27700.0,3.726,103210.2,111811.1692,0.9230759390001978,99.8308,8531.6,0
sh510300-hold-fee0.001,2020-03-17,8600.9692,0.0,27700.0,3.693,102296.1,110897.0692,0.9224418709885978,99.8308,8531.6,0
sh510300-hold-fee0.001,2020-03-18,8600.9692,0.0,27700.0,3.631,100578.7,109179.6692,0.9212218789173616,99.8308,8531.6,0
sh510300-hold-fee0.001,2020-03-19,8600.9692,0.0,27700.0,3.596,99609.2,108210.1692,0.9205160729015845,99.8308,8531.6,0
sh510300-hold-fee0.001,2020-03-20,8600.9692,0.0,27700.0,3.644,100938.8,109539.7692,0.9214808533666328,99.8308,8531.6,0
sh510300-hold-fee0.001,2020-03-21,8600.9692,0.0,27700.0,3.644,100938.8,109539.7692,0.9214808533666328,99.8308,8531.6,1
sh510300-hold-fee0.001,2020-03-22,8600.9692,0.0,27700.0,3.644,100938.8,109539.7692,0.9214808533666328,99.8308,8531.6,2
sh510300-hold-fee0.001,2020-03-23,8600.9692,0.0,27700.0,3.526,97670.2,106271.1692,0.9190658269336139,99.8308,8531.6,0
sh510300-hold-fee0.001,2020-03-24,8600.9692,0.0,27700.0,3.611,100024.7,108625.6692,0.9208201039096567,99.8308,8531.6,0
sh510300-hold-fee0.001,2020-03-25,8600.9692,0.0,27700.0,3.706,102656.2,111257.1692,0.9226928991466736,99.8308,8531.6,0
sh510300-hold-fee0.001,2020-03-26,8600.9692,0.0,27700.0,3.683,102019.1,110620.0692,0.9222476602826063,99.8308,8531.6,0
sh510300-hold-fee0.001,2020-03-27,8600.9692,0.0,27700.0,3.7,102490.0,111090.9692,0.9225772422192532,99.8308,8531.6,0
sh510300-hold-fee0.001,2020-03-28,8600.9692,0.0,27700.0,3.7,102490.0,111090.9692,0.9225772422192532,99.8308,8531.6,1
sh510300-hold-fee0.001,2020-03-29,8600.9692,0.0,27700.0,3.7,102490.0,111090.9692,0.9225772422192532,99.8308,8531.6,2
sh510300-hold-fee0.001,2020-03-30,8600.9692,0.0,27700.0,3.666,101548.2,110149.1692,0.9219152603467844,99.8308,8531.6,0
sh510300-hold-fee0.001,2020-03-31,8600.9692,0.0,27700.0,3.669,101631.3,110232.2692,0.9219741255222205,99.8308,8531.6,0
sh510300-hold-fee0.001,2020-04-01,8600.9692,0.0,27700.0,3.673,101742.1,110343.0692,0.9220524745019508,99.8308,8531.6,0
sh510300-hold-fee0.001,2020-04-02,8600.9692,0.0,27700.0,3.723,103127.1,111728.0692,0.923018725181729,99.8308,8531.6,0
sh510300-hold-fee0.001,2020-04-03,8600.9692,0.0,27700.0,3.697,102406.9,111007.8692,0.9225192838851464,99.8308,8531.6,0
sh510300-hold-fee0.001,2020-04-04,8600.9692,0.0,27700.0,3.697,102406.9,111007.8692,0.9225192838851464,99.8308,8531.6,1
sh510300-hold-fee0.001,2020-04-05,8600.9692,0.0,27700.0,3.697,102406.9,111007.8692,0.9225192838851464,99.8308,8531.6,2
sh510300-hold-fee0.001,2020-04-06,8600.9692,0.0,27700.0,3.697,102406.9,111007.8692,0.9225192838851464,99.8308,8531.6,3
sh510300-hold-fee0.001,2020-04-07,8600.9692,0.0,27700.0,3.78,104706.0,113306.9692,0.924091437086996,99.8308,8531.6,0
sh510300-hold-fee0.001,2020-04-08,8600.9692,0.0,27700.0,3.765,104290.5,112891.4692,0.9238120536392134,99.8308,8531.6,0
sh510300-hold-fee0.001,2020-04-09,8600.9692,0.0,27700.0,3.776,104595.2,113196.1692,0.9240171353784647,99.8308,8531.6,0
sh510300-hold-fee0.001,2020-04-10,8600.9692,0.0,27700.0,3.764,104262.8,112863.7692,0.9237933549360852,99.8308,8531.6,0
sh510300-hold-fee0.001,2020-04-11,8600.9692,0.0,27700.0,3.764,104262.8,112863.7692,0.9237933549360852,99.8308,8531.6,1
sh510300-hold-fee0.001,2020-04-12,8600.9692,0.0,27700.0,3.764,104262.8,112863.7692,0.9237933549360852,99.8308,8531.6,2
sh510300-hold-fee0.001,2020-04-13,8600.9692,0.0,27700.0,3.743,103681.1,112282.0692,0.9233985509771849,99.8308,8531.6,0
sh510300-hold-fee0.001,2020-04-14,8600.9692,0.0,27700.0,3.805,105398.5,113999.4692,0.9245525504604718,99.8308,8531.6,0
sh510300-hold-fee0.001,2020-04-15,8600.9692,0.0,27700.0,3.783,104789.1,113390.0692,0.924147068074988,99.8308,8531.6,0
sh510300-hold-fee0.001,2020-04-16,8600.9692,0.0,27700.0,3.785,104844.5,113445.4692,0.9241841101222225,99.8308,8531.6,0
sh510300-hold-fee0.001,2020-04-17,8600.9692,0.0,27700.0,3.819,105786.3,114387.2692,0.9248083352268716,99.8308,8531.6,0
sh510300-hold-fee0.001,2020-04-18,8600.9692,0.0,27700.0,3.819,105786.3,114387.2692,0.9248083352268716,99.8308,8531.6,1
sh510300-hold-fee0.001,2020-04-19,8600.9692,0.0,27700.0,3.819,105786.3,114387.2692,0.9248083352268716,99.8308,8531.6,2
sh510300-hold-fee0.001,2020-04-20,8600.9692,0.0,27700.0,3.835,106229.5,114830.4692,0.9250985451864722,99.8308,8531.6,0
sh510300-hold-fee0.001,2020-04-21,8600.9692,0.0,27700.0,3.795,105121.5,113722.4692,0.924368779006427,99.8308,8531.6,0
sh510300-hold-fee0.001,2020-04-22,8600.9692,0.0,27700.0,3.829,106063.3,114664.2692,0.9249899793544404,99.8308,8531.6,0
sh510300-hold-fee0.001,2020-04-23,8600.9692,0.0,27700.0,3.822,105869.4,114470.3692,0.9248629207705918,99.8308,8531.6,0
sh510300-hold-fee0.001,2020-04-24,8600.9692,0.0,27700.0,3.79,104983.0,113583.9692,0.9242765571534544,99.8308,8531.6,0
sh510300-hold-fee0.001,2020-04-25,8600.9692,0.0,27700.0,3.79,104983.0,113583.9692,0.9242765571534544,99.8308,8531.6,1
sh510300-hold-fee0.001,2020-04-26,8600.9692,0.0,27700.0,3.79,104983.0,113583.9692,0.9242765571534544,99.8308,8531.6,2
sh510300-hold-fee0.001,2020-04-27,8600.9692,0.0,27700.0,3.807,105453.9,114054.8692,0.9245891976350624,99.8308,8531.6,0
sh510300-hold-fee0.001,2020-04-28,8600.9692,0.0,27700.0,3.831,106118.7,114719.6692,0.9250262029172588,99.8308,8531.6,0
sh510300-hold-fee0.001,2020-04-29,8600.9692,0.0,27700.0,3.851,106672.7,115273.6692,0.9253865235687319,99.8308,8531.6,0
sh510300-hold-fee0.001,2020-04-30,8600.9692,0.0,27700.0,3.908,108251.6,116852.5692,0.926394693254207,99.8308,8531.6,0
sh510300-hold-fee0.001,2020-05-01,8600.9692,0.0,27700.0,3.908,108251.6,116852.5692,0.926394693254207,99.8308,8531.6,1
sh510300-hold-fee0.001,2020-05-02,8600.9692,0.0,27700.0,3.908,108251.6,116852.5692,0.926394693254207,99.8308,8531.6,2
sh510300-hold-fee0.001,2020-05-03,8600.9692,0.0,27700.0,3.908,108251.6,116852.5692,0.926394693254207,99.8308,8531.6,3
sh510300-hold-fee0.001,2020-05-04,8600.9692,0.0,27700.0,3.908,108251.6,116852.5692,0.926394693254207,99.8308,8531.6,4
sh510300-hold-fee0.001,2020-05-05,8600.9692,0.0,27700.0,3.908,108251.6,116852.5692,0.926394693254207,99.8308,8531.6,5
sh510300-hold-fee0.001,2020-05-06,8600.9692,0.0,27700.0,3.918,108528.6,117129.5692,0.9265687626212152,99.8308,8531.6,0
sh510300-hold-fee0.001,2020-05-07,8600.9692,0.0,27700.0,3.911,108334.7,116935.6692,0.9264470006556391,99.8308,8531.6,0
sh510300-hold-fee0.001,2020-05-08,8600.9692,0.0,27700.0,3.953,109498.1,118099.0692,0.9271715750321934,99.8308,8531.6,0
sh510300-hold-fee0.001,2020-05-09,8600.9692,0.0,27700.0,3.953,109498.1,118099.0692,0.9271715750321934,99.8308,8531.6,1
sh510300-hold-fee0.001,2020-05-10,8600.9692,0.0,27700.0,3.953,109498.1,118099.0692,0.9271715750321934,99.8308,8531.6,2
sh510300-hold-fee0.001,2020-05-11,8600.9692,0.0,27700.0,3.946,109304.2,117905.1692,0.9270518056302488,99.8308,8531.6,0
sh510300-hold-fee0.001,2020-05-12,8600.9692,0.0,27700.0,3.945,109276.5,117877.4692,0.9270346635504455,99.8308,8531.6,0
sh510300-hold-fee0.001,2020-05-13,8600.9692,0.0,27700.0,3.954,109525.8,118126.7692,0.9271886528494,99.8308,8531.6,0
sh510300-hold-fee0.001,2020-05-14,8600.9692,0.0,27700.0,3.921,108611.7,117212.6692,0.9266208229988845,99.8308,8531.6,0
sh510300-hold-fee0.001,2020-05-15,8600.9692,0.0,27700.0,3.902,108085.4,116686.3692,0.9262898549422001,99.8308,8531.6,0
sh510300-hold-fee0.001,2020-05-16,8600.9692,0.0,27700.0,3.902,108085.4,116686.3692,0.9262898549422001,99.8308,8531.6,1
sh510300-hold-fee0.001,2020-05-17,8600.9692,0.0,27700.0,3.902,108085.4,116686.3692,0.9262898549422001,99.8308,8531.6,2
sh510300-hold-fee0.001,2020-05-18,8600.9692,0.0,27700.0,3.914,108417.8,117018.7692,0.9264992337656548,99.8308,8531.6,0
sh510300-hold-fee0.001,2020-05-19,8600.9692,0.0,27700.0,3.943,109221.1,117822.0692,0.9270003552101935,99.8308,8531.6,0
sh510300-hold-fee0.001,2020-05-20,8600.9692,0.0,27700.0,3.927,108777.9,117378.8692,0.9267247226130204,99.8308,8531.6,0
sh510300-hold-fee0.001,2020-05-21,8600.9692,0.0,27700.0,3.901,108057.7,116658.6692,0.9262723528479956,99.8308,8531.6,0
sh510300-hold-fee0.001,2020-05-22,8600.9692,0.0,27700.0,3.815,105675.5,114276.4692,0.9247354310103238,99.8308,8531.6,0
sh510300-hold-fee0.001,2020-05-23,8600.9692,0.0,27700.0,3.815,105675.5,114276.4692,0.9247354310103238,99.8308,8531.6,1
sh510300-hold-fee0.001,2020-05-24,8600.9692,0.0,27700.0,3.815,105675.5,114276.4692,0.9247354310103238,99.8308,8531.6,2
sh510300-hold-fee0.001,2020-05-25,8600.9692,0.0,27700.0,3.817,105730.9,114331.8692,0.9247719007816239,99.8308,8531.6,0
sh510300-hold-fee0.001,2020-05-26,8600.9692,0.0,27700.0,3.863,107005.1,115606.0692,0.9256010583222909,99.8308,8531.6,0
sh510300-hold-fee0.001,2020-05-27,8600.9692,0.0,27700.0,3.845,106506.5,115107.4692,0.9252787915521298,99.8308,8531.6,0
sh510300-hold-fee0.001,2020-05-28,8600.9692,0.0,27700.0,3.85,106645.0,115245.9692,0.9253685898109485,99.8308,8531.6,0
sh510300-hold-fee0.001,2020-05-29,8600.9692,0.0,27700.0,3.866,107088.2,115689.1692,0.9256544993842,99.8308,8531.6,0
sh510300-hold-fee0.001,2020-05-30,8600.9692,0.0,27700.0,3.866,107088.2,115689.1692,0.9256544993842,99.8308,8531.6,1
sh510300-hold-fee0.001,2020-05-31,8600.9692,0.0,27700.0,3.866,107088.2,115689.1692,0.9256544993842,99.8308,8531.6,2
sh510300-hold-fee0.001,2020-06-01,8600.9692,0.0,27700.0,3.968,109913.6,118514.5692,0.9274269040670824,99.8308,8531.6,0
sh510300-hold-fee0.001,2020-06-02,8600.9692,0.0,27700.0,3.979,110218.3,118819.2692,0.9276130104324863,99.8308,8531.6,0
sh510300-hold-fee0.001,2020-06-03,8600.9692,0.0,27700.0,3.978,110190.6,118791.5692,0.9275961311234199,99.8308,8531.6,0
sh510300-hold-fee0.001,2020-06-04,8600.9692,0.0,27700.0,3.98,110246.0,118846.9692,0.927629881873336,99.8308,8531.6,0
sh510300-hold-fee0.001,2020-06-05,8600.9692,0.0,27700.0,4.003,110883.1,119484.0692,0.9280157659712513,99.8308,8531.6,0
sh510300-hold-fee0.001,2020-06-06,8600.9692,0.0,27700.0,4.003,110883.1,119484.0692,0.9280157659712513,99.8308,8531.6,1
sh510300-hold-fee0.001,2020-06-07,8600.9692,0.0,27700.0,4.003,110883.1,119484.0692,0.9280157659712513,99.8308,8531.6,2
sh510300-hold-fee0.001,2020-06-08,8600.9692,0.0,27700.0,4.022,111409.4,120010.3692,0.9283314495461114,99.8308,8531.6,0
sh510300-hold-fee0.001,2020-06-09,8600.9692,0.0,27700.0,4.049,112157.3,120758.2692,0.9287753190155859,99.8308,8531.6,0
sh510300-hold-fee0.001,2020-06-10,8600.9692,0.0,27700.0,4.04,111908.0,120508.9692,0.928627974688543,99.8308,8531.6,0
sh510300-hold-fee0.001,2020-06-11,8600.9692,0.0,27700.0,4.003,110883.1,119484.0692,0.9280157659712513,99.8308,8531.6,0
sh510300-hold-fee0.001,2020-06-12,8600.9692,0.0,27700.0,4.013,111160.1,119761.0692,0.9281822610848902,99.8308,8531.6,0
sh510300-hold-fee0.001,2020-06-13,8600.9692,0.0,27700.0,4.013,111160.1,119761.0692,0.9281822610848902,99.8308,8531.6,1
sh510300-hold-fee0.001,2020-06-14,8600.9692,0.0,27700.0,4.013,111160.1,119761.0692,0.9281822610848902,99.8308,8531.6,2
sh510300-hold-fee0.001,2020-06-15,8600.9692,0.0,27700.0,3.956,109581.2,118182.1692,0.927222784467219,99.8308,8531.6,0
sh510300-hold-fee0.001,2020-06-16,8600.9692,0.0,27700.0,4.018,111298.6,119899.5692,0.9282652201556033,99.8308,8531.6,0
sh510300-hold-fee0.001,2020-06-17,8600.9692,0.0,27700.0,4.022,111409.4,120010.3692,0.9283314495461114,99.8308,8531.6,0
sh510300-hold-fee0.001,2020-06-18,8600.9692,0.0,27700.0,4.053,112268.1,120869.0692,0.9288406102824527,99.8308,8531.6,0
sh510300-hold-fee0.001,2020-06-19,8600.9692,0.0,27700.0,4.105,113708.5,122309.4692,0.9296786319468386,99.8308,8531.6,0
sh510300-hold-fee0.001,2020-06-20,8600.9692,0.0,27700.0,4.105,113708.5,122309.4692,0.9296786319468386,99.8308,8531.6,1
sh510300-hold-fee0.001,2020-06-21,8600.9692,0.0,27700.0,4.105,113708.5,122309.4692,0.9296786319468386,99.8308,8531.6,2
sh510300-hold-fee0.001,2020-06-22,8600.9692,0.0,27700.0,4.109,113819.3,122420.2692,0.9297422783317977,99.8308,8531.6,0
sh510300-hold-fee0.001,2020-06-23,8600.9692,0.0,27700.0,4.128,114345.6,122946.5692,0.9300430320588401,99.8308,8531.6,0
sh510300-hold-fee0.001,2020-06-24,8600.9692,0.0,27700.0,4.164,115342.8,123943.7692,0.9306058767171976,99.8308,8531.6,0
sh510300-hold-fee0.001,2020-06-25,8600.9692,0.0,27700.0,4.164,115342.8,123943.7692,0.9306058767171976,99.8308,8531.6,1
sh510300-hold-fee0.001,2020-06-26,8600.9692,0.0,27700.0,4.164,115342.8,123943.7692,0.9306058767171976,99.8308,8531.6,2
sh510300-hold-fee0.001,2020-06-27,8600.9692,0.0,27700.0,4.164,115342.8,123943.7692,0.9306058767171976,99.8308,8531.6,3
sh510300-hold-fee0.001,2020-06-28,8600.9692,0.0,27700.0,4.164,115342.8,123943.7692,0.9306058767171976,99.8308,8531.6,4
sh510300-hold-fee0.001,2020-06-29,8600.9692,0.0,27700.0,4.128,114345.6,122946.5692,0.9300430320588401,99.8308,8531.6,0
sh510300-hold-fee0.001,2020-06-30,8600.9692,0.0,27700.0,4.178,115730.6,124331.5692,0.9308223224773713,99.8308,8531.6,0
sh510300-hold-fee0.001,2020-07-01,8600.9692,0.0,27700.0,4.272,118334.4,126935.3692,0.9322413504273322,99.8308,8531.6,0
sh510300-hold-fee0.001,2020-07-02,8600.9692,0.0,27700.0,4.37,121049.0,129649.9692,0.9336600752543797,99.8308,8531.6,0
sh510300-hold-fee0.001,2020-07-03,8600.9692,0.0,27700.0,4.457,123458.9,132059.8692,0.9348706821224082,99.8308,8531.6,0
sh510300-hold-fee0.001,2020-07-04,8600.9692,0.0,27700.0,4.457,123458.9,132059.8692,0.9348706821224082,99.8308,8531.6,1
sh510300-hold-fee0.001,2020-07-05,8600.9692,0.0,27700.0,4.457,123458.9,132059.8692,0.9348706821224082,99.8308,8531.6,2
sh510300-hold-fee0.001,2020-07-06,8600.9692,0.0,27700.0,4.784,132516.8,141117.7692,0.9390511255332401,99.8308,8531.6,0
sh510300-hold-fee0.001,2020-07-07,8600.9692,0.0,27700.0,4.736,131187.2,139788.1692,0.9384714082084137,99.8308,8531.6,0
sh510300-hold-fee0.001,2020-07-08,8600.9692,0.0,27700.0,4.798,132904.6,141505.5692,0.939218157641247,99.8308,8531.6,0
sh510300-hold-fee0.001,2020-07-09,8600.9692,0.0,27700.0,4.872,134954.4,143555.3692,0.9400860500869375,99.8308,8531.6,0
sh510300-hold-fee0.001,2020-07-10,8600.9692,0.0,27700.0,4.785,132544.5,141145.4692,0.9390630868369383,99.8308,8531.6,0
sh510300-hold-fee0.001,2020-07-11,8600.9692,0.0,27700.0,4.785,132544.5,141145.4692,0.9390630868369383,99.8308,8531.6,1
sh510300-hold-fee0.001,2020-07-12,8600.9692,0.0,27700.0,4.785,132544.5,141145.4692,0.9390630868369383,99.8308,8531.6,2
sh510300-hold-fee0.001,2020-07-13,8600.9692,0.0,27700.0,4.885,135314.5,143915.4692,0.9402359645713472,99.8308,8531.6,0
sh510300-hold-fee0.001,2020-07-14,8600.9692,0.0,27700.0,4.842,134123.4,142724.3692,0.9397372064195467,99.8308,8531.6,0
sh510300-hold-fee0.001,2020-07-15,8600.9692,0.0,27700.0,4.784,132516.8,141117.7692,0.9390511255332401,99.8308,8531.6,0
sh510300-hold-fee0.001,2020-07-16,8600.9692,0.0,27700.0,4.556,126201.2,134802.1692,0.936195617243821,99.8308,8531.6,0
sh510300-hold-fee0.001,2020-07-17,8600.9692,0.0,27700.0,4.605,127558.5,136159.4692,0.9368316485769614,99.8308,8531.6,0
sh510300-hold-fee0.001,2020-07-18,8600.9692,0.0,27700.0,4.605,127558.5,136159.4692,0.9368316485769614,99.8308,8531.6,1
sh510300-hold-fee0.001,2020-07-19,8600.9692,0.0,27700.0,4.605,127558.5,136159.4692,0.9368316485769614,99.8308,8531.6,2
sh510300-hold-fee0.001,2020-07-20,8600.9692,0.0,27700.0,4.727,130937.9,139538.8692,0.9383614812896879,99.8308,8531.6,0
sh510300-hold-fee0.001,2020-07-21,8600.9692,0.0,27700.0,4.739,131270.3,139871.2692,0.9385079634352814,99.8308,8531.6,0
sh510300-hold-fee0.001,2020-07-22,8600.9692,0.0,27700.0,4.792,132738.4,141339.3692,0.939146684687482,99.8308,8531.6,0
sh510300-hold-fee0.001,2020-07-23,8600.9692,0.0,27700.0,4.766,132018.2,140619.1692,0.9388350162432904,99.8308,8531.6,0
sh510300-hold-fee0.001,2020-07-24,8600.9692,0.0,27700.0,4.554,126145.8,134746.7692,0.936169384608889,99.8308,8531.6,0
sh510300-hold-fee0.001,2020-07-25,8600.9692,0.0,27700.0,4.554,126145.8,134746.7692,0.936169384608889,99.8308,8531.6,1
sh510300-hold-fee0.001,2020-07-26,8600.9692,0.0,27700.0,4.554,126145.8,134746.7692,0.936169384608889,99.8308,8531.6,2
sh510300-hold-fee0.001,2020-07-27,8600.9692,0.0,27700.0,4.582,126921.4,135522.3692,0.9365346898023386,99.8308,8531.6,0
sh510300-hold-fee0.001,2020-07-28,8600.9692,0.0,27700.0,4.617,127890.9,136491.8692,0.9369854830883948,99.8308,8531.6,0
sh510300-hold-fee0.001,2020-07-29,8600.9692,0.0,27700.0,4.749,131547.3,140148.2692,0.9386295011055334,99.8308,8531.6,0
sh510300-hold-fee0.001,2020-07-30,8600.9692,0.0,27700.0,4.714,130577.8,139178.7692,0.9382020027232717,99.8308,8531.6,0
sh510300-hold-fee0.001,2020-07-31,8600.9692,0.0,27700.0,4.75,131575.0,140175.9692,0.938641628453959,99.8308,8531.6,0
sh510300-hold-fee0.001,2020-08-01,8600.9692,0.0,27700.0,4.75,131575.0,140175.9692,0.938641628453959,99.8308,8531.6,1
sh510300-hold-fee0.001,2020-08-02,8600.9692,0.0,27700.0,4.75,131575.0,140175.9692,0.938641628453959,99.8308,8531.6,2
sh510300-hold-fee0.001,2020-08-03,8600.9692,0.0,27700.0,4.825,133652.5,142253.4692,0.9395377191967983,99.8308,8531.6,0
sh510300-hold-fee0.001,2020-08-04,8600.9692,0.0,27700.0,4.829,133763.3,142364.2692,0.9395847760935228,99.8308,8531.6,0
sh510300-hold-fee0.001,2020-08-05,8600.9692,0.0,27700.0,4.831,133818.7,142419.6692,0.9396082770848059,99.8308,8531.6,0
sh510300-hold-fee0.001,2020-08-06,8600.9692,0.0,27700.0,4.813,133320.1,141921.0692,0.9393961076499556,99.8308,8531.6,0
sh510300-hold-fee0.001,2020-08-07,8600.9692,0.0,27700.0,4.765,131990.5,140591.4692,0.938822965227253,99.8308,8531.6,0
sh510300-hold-fee0.001,2020-08-08,8600.9692,0.0,27700.0,4.765,131990.5,140591.4692,0.938822965227253,99.8308,8531.6,1
sh510300-hold-fee0.001,2020-08-09,8600.9692,0.0,27700.0,4.765,131990.5,140591.4692,0.938822965227253,99.8308,8531.6,2
sh510300-hold-fee0.001,2020-08-10,8600.9692,0.0,27700.0,4.781,132433.7,141034.6692,0.9390152134309399,99.8308,8531.6,0
sh510300-hold-fee0.001,2020-08-11,8600.9692,0.0,27700.0,4.734,131131.8,139732.7692,0.9384470139020189,99.8308,8531.6,0
sh510300-hold-fee0.001,2020-08-12,8600.9692,0.0,27700.0,4.702,130245.4,138846.3692,0.9380540575201444,99.8308,8531.6,0
sh510300-hold-fee0.001,2020-08-13,8600.9692,0.0,27700.0,4.687,129829.9,138430.8692,0.9378681268874096,99.8308,8531.6,0
sh510300-hold-fee0.001,2020-08-14,8600.9692,0.0,27700.0,4.778,132350.6,140951.5692,0.9389792589836595,99.8308,8531.6,0
sh510300-hold-fee0.001,2020-08-15,8600.9692,0.0,27700.0,4.778,132350.6,140951.5692,0.9389792589836595,99.8308,8531.6,1
sh510300-hold-fee0.001,2020-08-16,8600.9692,0.0,27700.0,4.778,132350.6,140951.5692,0.9389792589836595,99.8308,8531.6,2
sh510300-hold-fee0.001,2020-08-17,8600.9692,0.0,27700.0,4.877,135092.9,143693.8692,0.9401437984244911,99.8308,8531.6,0
sh510300-hold-fee0.001,2020-08-18,8600.9692,0.0,27700.0,4.87,134899.0,143499.9692,0.940062919539637,99.8308,8531.6,0
sh510300-hold-fee0.001,2020-08-19,8600.9692,0.0,27700.0,4.794,132793.8,141394.7692,0.9391705276746546,99.8308,8531.6,0
sh510300-hold-fee0.001,2020-08-20,8600.9692,0.0,27700.0,4.743,131381.1,139982.0692,0.9385566362238057,99.8308,8531.6,0
sh510300-hold-fee0.001,2020-08-21,8600.9692,0.0,27700.0,4.783,132489.1,141090.0692,0.9390391595328526,99.8308,8531.6,0
sh510300-hold-fee0.001,2020-08-22,8600.9692,0.0,27700.0,4.783,132489.1,141090.0692,0.9390391595328526,99.8308,8531.6,1
sh510300-hold-fee0.001,2020-08-23,8600.9692,0.0,27700.0,4.783,132489.1,141090.0692,0.9390391595328526,99.8308,8531.6,2
sh510300-hold-fee0.001,2020-08-24,8600.9692,0.0,27700.0,4.813,133320.1,141921.0692,0.9393961076499556,99.8308,8531.6,0
sh510300-hold-fee0.001,2020-08-25,8600.9692,0.0,27700.0,4.822,133569.4,142170.3692,0.9395023783901097,99.8308,8531.6,0
sh510300-hold-fee0.001,2020-08-26,8600.9692,0.0,27700.0,4.763,131935.1,140536.0692,0.9387988489434711,99.8308,8531.6,0
sh510300-hold-fee0.001,2020-08-27,8600.9692,0.0,27700.0,4.799,132932.3,141533.2692,0.9392300534805988,99.8308,8531.6,0
sh510300-hold-fee0.001,2020-08-28,8600.9692,0.0,27700.0,4.917,136200.9,144801.8692,0.9406018081982053,99.8308,8531.6,0
sh510300-hold-fee0.001,2020-08-29,8600.9692,0.0,27700.0,4.917,136200.9,144801.8692,0.9406018081982053,99.8308,8531.6,1
sh510300-hold-fee0.001,2020-08-30,8600.9692,0.0,27700.0,4.917,136200.9,144801.8692,0.9406018081982053,99.8308,8531.6,2
sh510300-hold-fee0.001,2020-08-31,8600.9692,0.0,27700.0,4.874,135009.8,143610.7692,0.9401091627883293,99.8308,8531.6,0
sh510300-hold-fee0.001,2020-09-01,8600.9692,0.0,27700.0,4.908,135951.6,144552.5692,0.9404993681703445,99.8308,8531.6,0
sh510300-hold-fee0.001,2020-09-02,8600.9692,0.0,27700.0,4.904,135840.8,144441.7692,0.94045372576342,99.8308,8531.6,0
sh510300-hold-fee0.001,2020-09-03,8600.9692,0.0,27700.0,4.884,135286.8,143887.7692,0.9402244593281247,99.8308,8531.6,0
sh510300-hold-fee0.001,2020-09-04,8600.9692,0.0,27700.0,4.829,133763.3,142364.2692,0.9395847760935228,99.8308,8531.6,0
sh510300-hold-fee0.001,2020-09-05,8600.9692,0.0,27700.0,4.829,133763.3,142364.2692,0.9395847760935228,99.8308,8531.6,1
sh510300-hold-fee0.001,2020-09-06,8600.9692,0.0,27700.0,4.829,133763.3,142364.2692,0.9395847760935228,99.8308,8531.6,2
sh510300-hold-fee0.001,2020-09-07,8600.9692,0.0,27700.0,4.732,131076.4,139677.3692,0.9384226002446787,99.8308,8531.6,0
sh510300-hold-fee0.001,2020-09-08,8600.9692,0.0,27700.0,4.756,131741.2,140342.1692,0.938714292011955,99.8308,8531.6,0
sh510300-hold-fee0.001,2020-09-09,8600.9692,0.0,27700.0,4.645,128666.5,137267.4692,0.9373415329201684,99.8308,8531.6,0
sh510300-hold-fee0.001,2020-09-10,8600.9692,0.0,27700.0,4.649,128777.3,137378.2692,0.9373920689925245,99.8308,8531.6,0
sh510300-hold-fee0.001,2020-09-11,8600.9692,0.0,27700.0,4.685,129774.5,138375.4692,0.9378432517719694,99.8308,8531.6,0
sh510300-hold-fee0.001,2020-09-12,8600.9692,0.0,27700.0,4.685,129774.5,138375.4692,0.9378432517719694,99.8308,8531.6,1
sh510300-hold-fee0.001,2020-09-13,8600.9692,0.0,27700.0,4.685,129774.5,138375.4692,0.9378432517719694,99.8308,8531.6,2
sh510300-hold-fee0.001,2020-09-14,8600.9692,0.0,27700.0,4.712,130522.4,139123.3692,0.9381773942835191,99.8308,8531.6,0
sh510300-hold-fee0.001,2020-09-15,8600.9692,0.0,27700.0,4.747,131491.9,140092.8692,0.9386052320213312,99.8308,8531.6,0
sh510300-hold-fee0.001,2020-09-16,8600.9692,0.0,27700.0,4.719,130716.3,139317.2692,0.9382634381983709,99.8308,8531.6,0
sh510300-hold-fee0.001,2020-09-17,8600.9692,0.0,27700.0,4.69,129913.0,138513.9692,0.9379054022516596,99.8308,8531.6,0
sh510300-hold-fee0.001,2020-09-18,8600.9692,0.0,27700.0,4.811,133264.7,141865.6692,0.9393724412079254,99.8308,8531.6,0
sh510300-hold-fee0.001,2020-09-19,8600.9692,0.0,27700.0,4.811,133264.7,141865.6692,0.9393724412079254,99.8308,8531.6,1
sh510300-hold-fee0.001,2020-09-20,8600.9692,0.0,27700.0,4.811,133264.7,141865.6692,0.9393724412079254,99.8308,8531.6,2
sh510300-hold-fee0.001,2020-09-21,8600.9692,0.0,27700.0,4.756,131741.2,140342.1692,0.938714292011955,99.8308,8531.6,0
sh510300-hold-fee0.001,2020-09-22,8600.9692,0.0,27700.0,4.699,130162.3,138763.2692,0.9380169604709774,99.8308,8531.6,0
sh510300-hold-fee0.001,2020-09-23,8600.9692,0.0,27700.0,4.713,130550.1,139151.0692,0.9381897009527255,99.8308,8531.6,0
sh510300-hold-fee0.001,2020-09-24,8600.9692,0.0,27700.0,4.636,128417.2,137018.1692,0.9372275279240849,99.8308,8531.6,0
sh510300-hold-fee0.001,2020-09-25,8600.9692,0.0,27700.0,4.639,128500.3,137101.2692,0.937265575656684,99.8308,8531.6,0
sh510300-hold-fee0.001,2020-09-26,8600.9692,0.0,27700.0,4.639,128500.3,137101.2692,0.937265575656684,99.8308,8531.6,1
sh510300-hold-fee0.001,2020-09-27,8600.9692,0.0,27700.0,4.639,128500.3,137101.2692,0.937265575656684,99.8308,8531.6,2
sh510300-hold-fee0.001,2020-09-28,8600.9692,0.0,27700.0,4.649,128777.3,137378.2692,0.9373920689925245,99.8308,8531.6,0
sh510300-hold-fee0.001,2020-09-29,8600.9692,0.0,27700.0,4.66,129082.0,137682.9692,0.9375306237948273,99.8308,8531.6,0
sh510300-hold-fee0.001,2020-09-30,8600.9692,0.0,27700.0,4.646,128694.2,137295.1692,0.93735417458519,99.8308,8531.6,0
sh510300-hold-fee0.001,2020-10-01,8600.9692,0.0,27700.0,4.646,128694.2,137295.1692,0.93735417458519,99.8308,8531.6,1
sh510300-hold-fee0.001,2020-10-02,8600.9692,0.0,27700.0,4.646,128694.2,137295.1692,0.93735417458519,99.8308,8531.6,2
sh510300-hold-fee0.001,2020-10-03,8600.9692,0.0,27700.0,4.646,128694.2,137295.1692,0.93735417458519,99.8308,8531.6,3
sh510300-hold-fee0.001,2020-10-04,8600.9692,0.0,27700.0,4.646,128694.2,137295.1692,0.93735417458519,99.8308,8531.6,4
sh510300-hold-fee0.001,2020-10-05,8600.9692,0.0,27700.0,4.646,128694.2,137295.1692,0.93735417458519,99.8308,8531.6,5
sh510300-hold-fee0.001,2020-10-06,8600.9692,0.0,27700.0,4.646,128694.2,137295.1692,0.93735417458519,99.8308,8531.6,6
sh510300-hold-fee0.001,2020-10-07,8600.9692,0.0,27700.0,4.646,128694.2,137295.1692,0.93735417458519,99.8308,8531.6,7
sh510300-hold-fee0.001,2020-10-08,8600.9692,0.0,27700.0,4.646,128694.2,137295.1692,0.93735417458519,99.8308,8531.6,8
sh510300-hold-fee0.001,2020-10-09,8600.9692,0.0,27700.0,4.739,131270.3,139871.2692,0.9385079634352814,99.8308,8531.6,0
sh510300-hold-fee0.001,2020-10-10,8600.9692,0.0,27700.0,4.739,131270.3,139871.2692,0.9385079634352814,99.8308,8531.6,1
sh510300-hold-fee0.001,2020-10-11,8600.9692,0.0,27700.0,4.739,131270.3,139871.2692,0.9385079634352814,99.8308,8531.6,2
sh510300-hold-fee0.001,2020-10-12,8600.9692,0.0,27700.0,4.887,135369.9,143970.8692,0.9402589617761369,99.8308,8531.6,0
sh510300-hold-fee0.001,2020-10-13,8600.9692,0.0,27700.0,4.903,135813.1,144414.0692,0.9404423042183759,99.8308,8531.6,0
sh510300-hold-fee0.001,2020-10-14,8600.9692,0.0,27700.0,4.879,135148.3,143749.2692,0.9401668666013643,99.8308,8531.6,0
sh510300-hold-fee0.001,2020-10-15,8600.9692,0.0,27700.0,4.867,134815.9,143416.8692,0.9400281902123687,99.8308,8531.6,0
sh510300-hold-fee0.001,2020-10-16,8600.9692,0.0,27700.0,4.853,134428.1,143029.0692,0.9398655864286363,99.8308,8531.6,0
sh510300-hold-fee0.001,2020-10-17,8600.9692,0.0,27700.0,4.853,134428.1,143029.0692,0.9398655864286363,99.8308,8531.6,1
sh510300-hold-fee0.001,2020-10-18,8600.9692,0.0,27700.0,4.853,134428.1,143029.0692,0.9398655864286363,99.8308,8531.6,2
sh510300-hold-fee0.001,2020-10-19,8600.9692,0.0,27700.0,4.822,133569.4,142170.3692,0.9395023783901097,99.8308,8531.6,0
sh510300-hold-fee0.001,2020-10-20,8600.9692,0.0,27700.0,4.852,134400.4,143001.3692,0.9398539381257897,99.8308,8531.6,0
sh510300-hold-fee0.001,2020-10-21,8600.9692,0.0,27700.0,4.858,134566.6,143167.5692,0.9399237603316101,99.8308,8531.6,0
sh510300-hold-fee0.001,2020-10-22,8600.9692,0.0,27700.0,4.842,134123.4,142724.3692,0.9397372064195467,99.8308,8531.6,0
sh510300-hold-fee0.001,2020-10-23,8600.9692,0.0,27700.0,4.786,132572.2,141173.1692,0.9390750434467118,99.8308,8531.6,0
sh510300-hold-fee0.001,2020-10-24,8600.9692,0.0,27700.0,4.786,132572.2,141173.1692,0.9390750434467118,99.8308,8531.6,1
sh510300-hold-fee0.001,2020-10-25,8600.9692,0.0,27700.0,4.786,132572.2,141173.1692,0.9390750434467118,99.8308,8531.6,2
sh510300-hold-fee0.001,2020-10-26,8600.9692,0.0,27700.0,4.75,131575.0,140175.9692,0.938641628453959,99.8308,8531.6,0
sh510300-hold-fee0.001,2020-10-27,8600.9692,0.0,27700.0,4.764,131962.8,140563.7692,0.9388109094615826,99.8308,8531.6,0
sh510300-hold-fee0.001,2020-10-28,8600.9692,0.0,27700.0,4.804,133070.8,141671.7692,0.9392894629002769,99.8308,8531.6,0
sh510300-hold-fee0.001,2020-10-29,8600.9692,0.0,27700.0,4.848,134289.6,142890.5692,0.9398072997528517,99.8308,8531.6,0
sh510300-hold-fee0.001,2020-10-30,8600.9692,0.0,27700.0,4.757,131768.9,140369.8692,0.9387263858759797,99.8308,8531.6,0
sh510300-hold-fee0.001,2020-10-31,8600.9692,0.0,27700.0,4.757,131768.9,140369.8692,0.9387263858759797,99.8308,8531.6,1
sh510300-hold-fee0.001,2020-11-01,8600.9692,0.0,27700.0,4.757,131768.9,140369.8692,0.9387263858759797,99.8308,8531.6,2
sh510300-hold-fee0.001,2020-11-02,8600.9692,0.0,27700.0,4.785,132544.5,141145.4692,0.9390630868369383,99.8308,8531.6,0
sh510300-hold-fee0.001,2020-11-03,8600.9692,0.0,27700.0,4.836,133957.2,142558.1692,0.9396669496510341,99.8308,8531.6,0
sh510300-hold-fee0.001,2020-11-04,8600.9692,0.0,27700.0,4.873,134982.1,143583.0692,0.9400976086670809,99.8308,8531.6,0
sh510300-hold-fee0.001,2020-11-05,8600.9692,0.0,27700.0,4.949,137087.3,145688.2692,0.9409632000762351,99.8308,8531.6,0
sh510300-hold-fee0.001,2020-11-06,8600.9692,0.0,27700.0,4.951,137142.7,145743.6692,0.9409856411107839,99.8308,8531.6,0
sh510300-hold-fee0.001,2020-11-07,8600.9692,0.0,27700.0,4.951,137142.7,145743.6692,0.9409856411107839,99.8308,8531.6,1
sh510300-hold-fee0.001,2020-11-08,8600.9692,0.0,27700.0,4.951,137142.7,145743.6692,0.9409856411107839,99.8308,8531.6,2
sh510300-hold-fee0.001,2020-11-09,8600.9692,0.0,27700.0,5.048,139829.6,148430.5692,0.9420539229462175,99.8308,8531.6,0
sh510300-hold-fee0.001,2020-11-10,8600.9692,0.0,27700.0,5.021,139081.7,147682.6692,0.9417604702935584,99.8308,8531.6,0
sh510300-hold-fee0.001,2020-11-11,8600.9692,0.0,27700.0,4.974,137779.8,146380.7692,0.9412424921182885,99.8308,8531.6,0
sh510300-hold-fee0.001,2020-11-12,8600.9692,0.0,27700.0,4.971,137696.7,146297.6692,0.9412091166794885,99.8308,8531.6,0
sh510300-hold-fee0.001,2020-11-13,8600.9692,0.0,27700.0,4.92,136284.0,144884.9692,0.9406358765336991,99.8308,8531.6,0
sh510300-hold-fee0.001,2020-11-14,8600.9692,0.0,27700.0,4.92,136284.0,144884.9692,0.9406358765336991,99.8308,8531.6,1
sh510300-hold-fee0.001,2020-11-15,8600.9692,0.0,27700.0,4.92,136284.0,144884.9692,0.9406358765336991,99.8308,8531.6,2
sh510300-hold-fee0.001,2020-11-16,8600.9692,0.0,27700.0,4.973,137752.1,146353.0692,0.9412313711832974,99.8308,8531.6,0
sh510300-hold-fee0.001,2020-11-17,8600.9692,0.0,27700.0,4.964,137502.8,146103.7692,0.9411310930094745,99.8308,8531.6,0
sh510300-hold-fee0.001,2020-11-18,8600.9692,0.0,27700.0,4.957,137308.9,145909.8692,0.9410528619677496,99.8308,8531.6,0
sh510300-hold-fee0.001,2020-11-19,8600.9692,0.0,27700.0,4.999,138472.3,147073.2692,0.9415191540462473,99.8308,8531.6,0
sh510300-hold-fee0.001,2020-11-20,8600.9692,0.0,27700.0,5.014,138887.8,147488.7692,0.9416839041599379,99.8308,8531.6,0
sh510300-hold-fee0.001,2020-11-21,8600.9692,0.0,27700.0,5.014,138887.8,147488.7692,0.9416839041599379,99.8308,8531.6,1
sh510300-hold-fee0.001,2020-11-22,8600.9692,0.0,27700.0,5.014,138887.8,147488.7692,0.9416839041599379,99.8308,8531.6,2
sh510300-hold-fee0.001,2020-11-23,8600.9692,0.0,27700.0,5.072,140494.4,149095.3692,0.9423122981877293,99.8308,8531.6,0
sh510300-hold-fee0.001,2020-11-24,8600.9692,0.0,27700.0,5.04,139608.0,148208.9692,0.9419672827735989,99.8308,8531.6,0
sh510300-hold-fee0.001,2020-11-25,8600.9692,0.0,27700.0,4.978,137890.6,146491.5692,0.9412869338012388,99.8308,8531.6,0
sh510300-hold-fee0.001,2020-11-26,8600.9692,0.0,27700.0,4.985,138084.5,146685.4692,0.9413645451938194,99.8308,8531.6,0
sh510300-hold-fee0.001,2020-11-27,8600.9692,0.0,27700.0,5.056,140051.2,148652.1692,0.9421403048049164,99.8308,8531.6,0
sh510300-hold-fee0.001,2020-11-28,8600.9692,0.0,27700.0,5.056,140051.2,148652.1692,0.9421403048049164,99.8308,8531.6,1
sh510300-hold-fee0.001,2020-11-29,8600.9692,0.0,27700.0,5.056,140051.2,148652.1692,0.9421403048049164,99.8308,8531.6,2
sh510300-hold-fee0.001,2020-11-30,8600.9692,0.0,27700.0,5.031,139358.7,147959.6692,0.9418695023684197,99.8308,8531.6,0
sh510300-hold-fee0.001,2020-12-01,8600.9692,0.0,27700.0,5.142,142433.4,151034.3692,0.9430529008360303,99.8308,8531.6,0
sh510300-hold-fee0.001,2020-12-02,8600.9692,0.0,27700.0,5.131,142128.7,150729.6692,0.9429377822850021,99.8308,8531.6,0
sh510300-hold-fee0.001,2020-12-03,8600.9692,0.0,27700.0,5.129,142073.3,150674.2692,0.9429168016167155,99.8308,8531.6,0
sh510300-hold-fee0.001,2020-12-04,8600.9692,0.0,27700.0,5.14,142378.0,150978.9692,0.9430320047515598,99.8308,8531.6,0
sh510300-hold-fee0.001,2020-12-05,8600.9692,0.0,27700.0,5.14,142378.0,150978.9692,0.9430320047515598,99.8308,8531.6,1
sh510300-hold-fee0.001,2020-12-06,8600.9692,0.0,27700.0,5.14,142378.0,150978.9692,0.9430320047515598,99.8308,8531.6,2
sh510300-hold-fee0.001,2020-12-07,8600.9692,0.0,27700.0,5.096,141159.2,149760.1692,0.9425683795234387,99.8308,8531.6,0
sh510300-hold-fee0.001,2020-12-08,8600.9692,0.0,27700.0,5.08,140716.0,149316.9692,0.942397911998337,99.8308,8531.6,0
sh510300-hold-fee0.001,2020-12-09,8600.9692,0.0,27700.0,5.02,139054.0,147654.9692,0.9417495445862719,99.8308,8531.6,0
sh510300-hold-fee0.001,2020-12-10,8600.9692,0.0,27700.0,5.01,138777.0,147377.9692,0.9416400616273385,99.8308,8531.6,0
sh510300-hold-fee0.001,2020-12-11,8600.9692,0.0,27700.0,4.954,137225.8,145826.7692,0.9410192706923113,99.8308,8531.6,0
sh510300-hold-fee0.001,2020-12-12,8600.9692,0.0,27700.0,4.954,137225.8,145826.7692,0.9410192706923113,99.8308,8531.6,1
sh510300-hold-fee0.001,2020-12-13,8600.9692,0.0,27700.0,4.954,137225.8,145826.7692,0.9410192706923113,99.8308,8531.6,2
sh510300-hold-fee0.001,2020-12-14,8600.9692,0.0,27700.0,4.998,138444.6,147045.5692,0.9415081376011974,99.8308,8531.6,0
sh510300-hold-fee0.001,2020-12-15,8600.9692,0.0,27700.0,5.013,138860.1,147461.0692,0.9416729497035276,99.8308,8531.6,0
sh510300-hold-fee0.001,2020-12-16,8600.9692,0.0,27700.0,5.023,139137.1,147738.0692,0.9417823094171045,99.8308,8531.6,0
sh510300-hold-fee0.001,2020-12-17,8600.9692,0.0,27700.0,5.094,141103.8,149704.7692,0.942547126280864,99.8308,8531.6,0
sh510300-hold-fee0.001,2020-12-18,8600.9692,0.0,27700.0,5.065,140300.5,148901.4692,0.942237177066081,99.8308,8531.6,0
sh510300-hold-fee0.001,2020-12-19,8600.9692,0.0,27700.0,5.065,140300.5,148901.4692,0.942237177066081,99.8308,8531.6,1
sh510300-hold-fee0.001,2020-12-20,8600.9692,0.0,27700.0,5.065,140300.5,148901.4692,0.942237177066081,99.8308,8531.6,2
sh510300-hold-fee0.001,2020-12-21,8600.9692,0.0,27700.0,5.11,141547.0,150147.9692,0.9427167130809252,99.8308,8531.6,0
sh510300-hold-fee0.001,2020-12-22,8600.9692,0.0,27700.0,5.033,139414.1,148015.0692,0.9418912598123489,99.8308,8531.6,0
sh510300-hold-fee0.001,2020-12-23,8600.9692,0.0,27700.0,5.074,140549.8,149150.7692,0.9423337254904348,99.8308,8531.6,0
sh510300-hold-fee0.001,2020-12-24,8600.9692,0.0,27700.0,5.074,140549.8,149150.7692,0.9423337254904348,99.8308,8531.6,0
sh510300-hold-fee0.001,2020-12-25,8600.9692,0.0,27700.0,5.116,141713.2,150314.1692,0.9427800503054639,99.8308,8531.6,0
sh510300-hold-fee0.001,2020-12-26,8600.9692,0.0,27700.0,5.116,141713.2,150314.1692,0.9427800503054639,99.8308,8531.6,1
sh510300-hold-fee0.001,2020-12-27,8600.9692,0.0,27700.0,5.116,141713.2,150314.1692,0.9427800503054639,99.8308,8531.6,2
sh510300-hold-fee0.001,2020-12-28,8600.9692,0.0,27700.0,5.13,142101.0,150701.9692,0.9429272938790504,99.8308,8531.6,0
sh510300-hold-fee0.001,2020-12-29,8600.9692,0.0,27700.0,5.114,141657.8,150258.7692,0.9427589534654593,99.8308,8531.6,0
sh510300-hold-fee0.001,2020-12-30,8600.9692,0.0,27700.0,5.178,143430.6,152031.5692,0.9434264262004342,99.8308,8531.6,0
sh510300-hold-fee0.001,2020-12-31,8600.9692,0.0,27700.0,5.287,146449.9,155050.8692,0.944528081368537,99.8308,8531.6,0
sh510300-hold-fee0.001,2021-01-01,8600.9692,0.0,27700.0,5.287,146449.9,155050.8692,0.944528081368537,99.8308,8531.6,1
sh510300-hold-fee0.001,2021-01-02,8600.9692,0.0,27700.0,5.287,146449.9,155050.8692,0.944528081368537,99.8308,8531.6,2
sh510300-hold-fee0.001,2021-01-03,8600.9692,0.0,27700.0,5.287,146449.9,155050.8692,0.944528081368537,99.8308,8531.6,3
sh510300-hold-fee0.001,2021-01-04,8600.9692,0.0,27700.0,5.334,147751.8,156352.7692,0.9449899784697897,99.8308,8531.6,0
sh510300-hold-fee0.001,2021-01-05,8600.9692,0.0,27700.0,5.433,150494.1,159095.0692,0.945938178705038,99.8308,8531.6,0
sh510300-hold-fee0.001,2021-01-06,8600.9692,0.0,27700.0,5.482,151851.4,160452.3692,0.9463954989079713,99.8308,8531.6,0
sh510300-hold-fee0.001,2021-01-07,8600.9692,0.0,27700.0,5.599,155092.3,163693.2692,0.9474567937824532,99.8308,8531.6,0
sh510300-hold-fee0.001,2021-01-08,8600.9692,0.0,27700.0,5.571,154316.7,162917.6692,0.9472066520332958,99.8308,8531.6,0
sh510300-hold-fee0.001,2021-01-09,8600.9692,0.0,27700.0,5.571,154316.7,162917.6692,0.9472066520332958,99.8308,8531.6,1
sh510300-hold-fee0.001,2021-01-10,8600.9692,0.0,27700.0,5.571,154316.7,162917.6692,0.9472066520332958,99.8308,8531.6,2
sh510300-hold-fee0.001,2021-01-11,8600.9692,0.0,27700.0,5.508,152571.6,161172.5692,0.9466350307456661,99.8308,8531.6,0
sh510300-hold-fee0.001,2021-01-12,8600.9692,0.0,27700.0,5.668,157003.6,165604.5692,0.9480632132220178,99.8308,8531.6,0
sh510300-hold-fee0.001,2021-01-13,8600.9692,0.0,27700.0,5.646,156394.2,164995.1692,0.9478713877399993,99.8308,8531.6,0
sh510300-hold-fee0.001,2021-01-14,8600.9692,0.0,27700.0,5.543,153541.1,162142.0692,0.9469541171983514,99.8308,8531.6,0
sh510300-hold-fee0.001,2021-01-15,8600.9692,0.0,27700.0,5.526,153070.2,161671.1692,0.9467996103290381,99.8308,8531.6,0
sh510300-hold-fee0.001,2021-01-16,8600.9692,0.0,27700.0,5.526,153070.2,161671.1692,0.9467996103290381,99.8308,8531.6,1
sh510300-hold-fee0.001,2021-01-17,8600.9692,0.0,27700.0,5.526,153070.2,161671.1692,0.9467996103290381,99.8308,8531.6,2
sh510300-hold-fee0.001,2021-01-18,8600.9692,1994.4,27700.0,5.513,152710.1,163305.4692,0.9351193242216287,99.8308,8531.6,0
sh510300-hold-fee0.001,2021-01-19,8600.9692,1994.4,27700.0,5.438,150632.6,161227.9692,0.9342833054799775,99.8308,8531.6,0
sh510300-hold-fee0.001,2021-01-20,8600.9692,1994.4,27700.0,5.468,151463.6,162058.9692,0.9346202851202635,99.8308,8531.6,0
sh510300-hold-fee0.001,2021-01-21,10595.3692,0.0,27700.0,5.562,154067.4,164662.7692,0.9356541296403753,99.8308,10526.0,0
sh510300-hold-fee0.001,2021-01-22,10595.3692,0.0,27700.0,5.565,154150.5,164745.8692,0.9356865865502381,99.8308,10526.0,0
sh510300-hold-fee0.001,2021-01-23,10595.3692,0.0,27700.0,5.565,154150.5,164745.8692,0.9356865865502381,99.8308,10526.0,1
sh510300-hold-fee0.001,2021-01-24,10595.3692,0.0,27700.0,5.565,154150.5,164745.8692,0.9356865865502381,99.8308,10526.0,2
sh510300-hold-fee0.001,2021-01-25,10595.3692,0.0,27700.0,5.631,155978.7,166574.0692,0.9363924454095044,99.8308,10526.0,0
sh510300-hold-fee0.001,2021-01-26,10595.3692,0.0,27700.0,5.511,152654.7,163250.0692,0.9350973065314939,99.8308,10526.0,0
sh510300-hold-fee0.001,2021-01-27,10595.3692,0.0,27700.0,5.521,152931.7,163527.0692,0.9352072457983,99.8308,10526.0,0
sh510300-hold-fee0.001,2021-01-28,10595.3692,0.0,27700.0,5.385,149164.5,159759.8692,0.9336794073940066,99.8308,10526.0,0
sh510300-hold-fee0.001,2021-01-29,10595.3692,0.0,27700.0,5.348,148139.6,158734.9692,0.933251196926556,99.8308,10526.0,0
sh510300-hold-fee0.001,2021-01-30,10595.3692,0.0,27700.0,5.348,148139.6,158734.9692,0.933251196926556,99.8308,10526.0,1
sh510300-hold-fee0.001,2021-01-31,10595.3692,0.0,27700.0,5.348,148139.6,158734.9692,0.933251196926556,99.8308,10526.0,2
sh510300-hold-fee0.001,2021-02-01,10595.3692,0.0,27700.0,5.411,149884.7,160480.0692,0.9339770399351248,99.8308,10526.0,0
sh510300-hold-fee0.001,2021-02-02,10595.3692,0.0,27700.0,5.491,152100.7,162696.0692,0.9348763049279619,99.8308,10526.0,0
sh510300-hold-fee0.001,2021-02-03,10595.3692,0.0,27700.0,5.485,151934.5,162529.8692,0.9348097106571719,99.8308,10526.0,0
sh510300-hold-fee0.001,2021-02-04,10595.3692,0.0,27700.0,5.474,151629.8,162225.1692,0.9346872667647679,99.8308,10526.0,0
sh510300-hold-fee0.001,2021-02-05,10595.3692,0.0,27700.0,5.482,151851.4,162446.7692,0.9347763624221097,99.8308,10526.0,0
sh510300-hold-fee0.001,2021-02-06,10595.3692,0.0,27700.0,5.482,151851.4,162446.7692,0.9347763624221097,99.8308,10526.0,1
sh510300-hold-fee0.001,2021-02-07,10595.3692,0.0,27700.0,5.482,151851.4,162446.7692,0.9347763624221097,99.8308,10526.0,2
sh510300-hold-fee0.001,2021-02-08,10595.3692,0.0,27700.0,5.554,153845.8,164441.1692,0.9355674175053238,99.8308,10526.0,0
sh510300-hold-fee0.001,2021-02-09,10595.3692,0.0,27700.0,5.692,157668.4,168263.7692,0.9370311906694171,99.8308,10526.0,0
sh510300-hold-fee0.001,2021-02-10,10595.3692,0.0,27700.0,5.807,160853.9,171449.2692,0.9382011410754967,99.8308,10526.0,0
sh510300-hold-fee0.001,2021-02-11,10595.3692,0.0,27700.0,5.807,160853.9,171449.2692,0.9382011410754967,99.8308,10526.0,1
sh510300-hold-fee0.001,2021-02-12,10595.3692,0.0,27700.0,5.807,160853.9,171449.2692,0.9382011410754967,99.8308,10526.0,2
sh510300-hold-fee0.001,2021-02-13,10595.3692,0.0,27700.0,5.807,160853.9,171449.2692,0.9382011410754967,99.8308,10526.0,3
sh510300-hold-fee0.001,2021-02-14,10595.3692,0.0,27700.0,5.807,160853.9,171449.2692,0.9382011410754967,99.8308,10526.0,4
sh510300-hold-fee0.001,2021-02-15,10595.3692,0.0,27700.0,5.807,160853.9,171449.2692,0.9382011410754967,99.8308,10526.0,5
sh510300-hold-fee0.001,2021-02-16,10595.3692,0.0,27700.0,5.807,160853.9,171449.2692,0.9382011410754967,99.8308,10526.0,6
sh510300-hold-fee0.001,2021-02-17,10595.3692,0.0,27700.0,5.807,160853.9,171449.2692,0.9382011410754967,99.8308,10526.0,7
sh510300-hold-fee0.001,2021-02-18,10595.3692,0.0,27700.0,5.764,159662.8,170258.1692,0.9377688057507904,99.8308,10526.0,0
sh510300-hold-fee0.001,2021-02-19,10595.3692,0.0,27700.0,5.796,160549.2,171144.5692,0.93809111647815,99.8308,10526.0,0
sh510300-hold-fee0.001,2021-02-20,10595.3692,0.0,27700.0,5.796,160549.2,171144.5692,0.93809111647815,99.8308,10526.0,1
sh510300-hold-fee0.001,2021-02-21,10595.3692,0.0,27700.0,5.796,160549.2,171144.5692,0.93809111647815,99.8308,10526.0,2
sh510300-hold-fee0.001,2021-02-22,10595.3692,0.0,27700.0,5.589,154815.3,165410.6692,0.9359450678046105,99.8308,10526.0,0
sh510300-hold-fee0.001,2021-02-23,10595.3692,0.0,27700.0,5.574,154399.8,164995.1692,0.9357837611163224,99.8308,10526.0,0
sh510300-hold-fee0.001,2021-02-24,10595.3692,0.0,27700.0,5.427,150327.9,160923.2692,0.9341588742717389,99.8308,10526.0,0
sh510300-hold-fee0.001,2021-02-25,10595.3692,0.0,27700.0,5.478,151740.6,162335.9692,0.9347318449988963,99.8308,10526.0,0
sh510300-hold-fee0.001,2021-02-26,10595.3692,0.0,27700.0,5.329,147613.3,158208.6692,0.9330291490752265,99.8308,10526.0,0
sh510300-hold-fee0.001,2021-02-27,10595.3692,0.0,27700.0,5.329,147613.3,158208.6692,0.9330291490752265,99.8308,10526.0,1
sh510300-hold-fee0.001,2021-02-28,10595.3692,0.0,27700.0,5.329,147613.3,158208.6692,0.9330291490752265,99.8308,10526.0,2
sh510300-hold-fee0.001,2021-03-01,10595.3692,0.0,27700.0,5.418,150078.6,160673.9692,0.9340567158902302,99.8308,10526.0,0
sh510300-hold-fee0.001,2021-03-02,10595.3692,0.0,27700.0,5.349,148167.3,158762.6692,0.9332628428749042,99.8308,10526.0,0
sh510300-hold-fee0.001,2021-03-03,10595.3692,0.0,27700.0,5.454,151075.8,161671.1692,0.9344634590543928,99.8308,10526.0,0
sh510300-hold-fee0.001,2021-03-04,10595.3692,0.0,27700.0,5.287,146449.9,157045.2692,0.9325330253246495,99.8308,10526.0,0
sh510300-hold-fee0.001,2021-03-05,10595.3692,0.0,27700.0,5.266,145868.2,156463.5692,0.9322821967172662,99.8308,10526.0,0
sh510300-hold-fee0.001,2021-03-06,10595.3692,0.0,27700.0,5.266,145868.2,156463.5692,0.9322821967172662,99.8308,10526.0,1
sh510300-hold-fee0.001,2021-03-07,10595.3692,0.0,27700.0,5.266,145868.2,156463.5692,0.9322821967172662,99.8308,10526.0,2
sh510300-hold-fee0.001,2021-03-08,10595.3692,0.0,27700.0,5.08,140716.0,151311.3692,0.9299763840878653,99.8308,10526.0,0
sh510300-hold-fee0.001,2021-03-09,10595.3692,0.0,27700.0,4.979,137918.3,148513.6692,0.9286572794472443,99.8308,10526.0,0
sh510300-hold-fee0.001,2021-03-10,10595.3692,0.0,27700.0,5.0,138500.0,149095.3692,0.9289356251850645,99.8308,10526.0,0
sh510300-hold-fee0.001,2021-03-11,10595.3692,0.0,27700.0,5.129,142073.3,152668.6692,0.9305989286765853,99.8308,10526.0,0
sh510300-hold-fee0.001,2021-03-12,10595.3692,0.0,27700.0,5.142,142433.4,153028.7692,0.9307622399670976,99.8308,10526.0,0
sh510300-hold-fee0.001,2021-03-13,10595.3692,0.0,27700.0,5.142,142433.4,153028.7692,0.9307622399670976,99.8308,10526.0,1
sh510300-hold-fee0.001,2021-03-14,10595.3692,0.0,27700.0,5.142,142433.4,153028.7692,0.9307622399670976,99.8308,10526.0,2
sh510300-hold-fee0.001,2021-03-15,10595.3692,0.0,27700.0,5.04,139608.0,150203.3692,0.9294598433015709,99.8308,10526.0,0
sh510300-hold-fee0.001,2021-03-16,10595.3692,0.0,27700.0,5.073,140522.1,151117.4692,0.9298865362417015,99.8308,10526.0,0
sh510300-hold-fee0.001,2021-03-17,10595.3692,0.0,27700.0,5.096,141159.2,151754.5692,0.9301808884183502,99.8308,10526.0,0
sh510300-hold-fee0.001,2021-03-18,10595.3692,0.0,27700.0,5.136,142267.2,152862.5692,0.9306869611347602,99.8308,10526.0,0
sh510300-hold-fee0.001,2021-03-19,10595.3692,0.0,27700.0,4.997,138416.9,149012.2692,0.9288959945588159,99.8308,10526.0,0
sh510300-hold-fee0.001,2021-03-20,10595.3692,0.0,27700.0,4.997,138416.9,149012.2692,0.9288959945588159,99.8308,10526.0,1
sh510300-hold-fee0.001,2021-03-21,10595.3692,0.0,27700.0,4.997,138416.9,149012.2692,0.9288959945588159,99.8308,10526.0,2
sh510300-hold-fee0.001,2021-03-22,10595.3692,0.0,27700.0,5.054,139995.8,150591.1692,0.9296414971987613,99.8308,10526.0,0
sh510300-hold-fee0.001,2021-03-23,10595.3692,0.0,27700.0,5.009,138749.3,149344.6692,0.9290542524433139,99.8308,10526.0,0
sh510300-hold-fee0.001,2021-03-24,10595.3692,0.0,27700.0,4.933,136644.1,147239.4692,0.928039884566495,99.8308,10526.0,0
sh510300-hold-fee0.001,2021-03-25,10595.3692,0.0,27700.0,4.929,136533.3,147128.6692,0.9279856926755917,99.8308,10526.0,0
sh510300-hold-fee0.001,2021-03-26,10595.3692,0.0,27700.0,5.033,139414.1,150009.4692,0.929368664148303,99.8308,10526.0,0
sh510300-hold-fee0.001,2021-03-27,10595.3692,0.0,27700.0,5.033,139414.1,150009.4692,0.929368664148303,99.8308,10526.0,1
sh510300-hold-fee0.001,2021-03-28,10595.3692,0.0,27700.0,5.033,139414.1,150009.4692,0.929368664148303,99.8308,10526.0,2
sh510300-hold-fee0.001,2021-03-29,10595.3692,0.0,27700.0,5.043,139691.1,150286.4692,0.9294988480573073,99.8308,10526.0,0
sh510300-hold-fee0.001,2021-03-30,10595.3692,0.0,27700.0,5.087,140909.9,151505.2692,0.930066001955264,99.8308,10526.0,0
sh510300-hold-fee0.001,2021-03-31,10595.3692,0.0,27700.0,5.05,139885.0,150480.3692,0.9295896916233776,99.8308,10526.0,0
sh510300-hold-fee0.001,2021-04-01,10595.3692,0.0,27700.0,5.112,141602.4,152197.7692,0.9303842017153561,99.8308,10526.0,0
sh510300-hold-fee0.001,2021-04-02,10595.3692,0.0,27700.0,5.161,142959.7,153555.0692,0.9309995478807677,99.8308,10526.0,0
sh510300-hold-fee0.001,2021-04-03,10595.3692,0.0,27700.0,5.161,142959.7,153555.0692,0.9309995478807677,99.8308,10526.0,1
sh510300-hold-fee0.001,2021-04-04,10595.3692,0.0,27700.0,5.161,142959.7,153555.0692,0.9309995478807677,99.8308,10526.0,2
sh510300-hold-fee0.001,2021-04-05,10595.3692,0.0,27700.0,5.161,142959.7,153555.0692,0.9309995478807677,99.8308,10526.0,3
sh510300-hold-fee0.001,2021-04-06,10595.3692,0.0,27700.0,5.133,142184.1,152779.4692,0.9306492602999565,99.8308,10526.0,0
sh510300-hold-fee0.001,2021-04-07,10595.3692,0.0,27700.0,5.098,141214.6,151809.9692,0.930206367501193,99.8308,10526.0,0
sh510300-hold-fee0.001,2021-04-08,10595.3692,0.0,27700.0,5.109,141519.3,152114.6692,0.9303461707163216,99.8308,10526.0,0
sh510300-hold-fee0.001,2021-04-09,10595.3692,0.0,27700.0,5.038,139552.6,150147.9692,0.9294338161451471,99.8308,10526.0,0
sh510300-hold-fee0.001,2021-04-10,10595.3692,0.0,27700.0,5.038,139552.6,150147.9692,0.9294338161451471,99.8308,10526.0,1
sh510300-hold-fee0.001,2021-04-11,10595.3692,0.0,27700.0,5.038,139552.6,150147.9692,0.9294338161451471,99.8308,10526.0,2
sh510300-hold-fee0.001,2021-04-12,10595.3692,0.0,27700.0,4.954,137225.8,147821.1692,0.9283230591576189,99.8308,10526.0,0
sh510300-hold-fee0.001,2021-04-13,10595.3692,0.0,27700.0,4.947,137031.9,147627.2692,0.9282289155830297,99.8308,10526.0,0
sh510300-hold-fee0.001,2021-04-14,10595.3692,0.0,27700.0,4.975,137807.5,148402.8692,0.9286040138097276,99.8308,10526.0,0
sh510300-hold-fee0.001,2021-04-15,10595.3692,0.0,27700.0,4.947,137031.9,147627.2692,0.9282289155830297,99.8308,10526.0,0
sh510300-hold-fee0.001,2021-04-16,10595.3692,0.0,27700.0,4.963,137475.1,148070.4692,0.9284437385979459,99.8308,10526.0,0
sh510300-hold-fee0.001,2021-04-17,10595.3692,0.0,27700.0,4.963,137475.1,148070.4692,0.9284437385979459,99.8308,10526.0,1
sh510300-hold-fee0.001,2021-04-18,10595.3692,0.0,27700.0,4.963,137475.1,148070.4692,0.9284437385979459,99.8308,10526.0,2
sh510300-hold-fee0.001,2021-04-19,10595.3692,0.0,27700.0,5.089,140965.3,151560.6692,0.9300915649427602,99.8308,10526.0,0
sh510300-hold-fee0.001,2021-04-20,10595.3692,0.0,27700.0,5.081,140743.7,151339.0692,0.9299892007000662,99.8308,10526.0,0
sh510300-hold-fee0.001,2021-04-21,10595.3692,0.0,27700.0,5.093,141076.1,151671.4692,0.9301426348944473,99.8308,10526.0,0
sh510300-hold-fee0.001,2021-04-22,10595.3692,0.0,27700.0,5.089,140965.3,151560.6692,0.9300915649427602,99.8308,10526.0,0
sh510300-hold-fee0.001,2021-04-23,10595.3692,0.0,27700.0,5.14,142378.0,152973.3692,0.9307371651980324,99.8308,10526.0,0
sh510300-hold-fee0.001,2021-04-24,10595.3692,0.0,27700.0,5.14,142378.0,152973.3692,0.9307371651980324,99.8308,10526.0,1
sh510300-hold-fee0.001,2021-04-25,10595.3692,0.0,27700.0,5.14,142378.0,152973.3692,0.9307371651980324,99.8308,10526.0,2
sh510300-hold-fee0.001,2021-04-26,10595.3692,0.0,27700.0,5.076,140605.2,151200.5692,0.9299250706789006,99.8308,10526.0,0
sh510300-hold-fee0.001,2021-04-27,10595.3692,0.0,27700.0,5.089,140965.3,151560.6692,0.9300915649427602,99.8308,10526.0,0
sh510300-hold-fee0.001,2021-04-28,10595.3692,0.0,27700.0,5.127,142017.9,152613.2692,0.9305737354586465,99.8308,10526.0,0
sh510300-hold-fee0.001,2021-04-29,10595.3692,0.0,27700.0,5.173,143292.1,153887.4692,0.9311485902323229,99.8308,10526.0,0
sh510300-hold-fee0.001,2021-04-30,10595.3692,0.0,27700.0,5.128,142045.6,152640.9692,0.9305863343535427,99.8308,10526.0,0
sh510300-hold-fee0.001,2021-05-01,10595.3692,0.0,27700.0,5.128,142045.6,152640.9692,0.9305863343535427,99.8308,10526.0,1
sh510300-hold-fee0.001,2021-05-02,10595.3692,0.0,27700.0,5.128,142045.6,152640.9692,0.9305863343535427,99.8308,10526.0,2
sh510300-hold-fee0.001,2021-05-03,10595.3692,0.0,27700.0,5.128,142045.6,152640.9692,0.9305863343535427,99.8308,10526.0,3
sh510300-hold-fee0.001,2021-05-04,10595.3692,0.0,27700.0,5.128,142045.6,152640.9692,0.9305863343535427,99.8308,10526.0,4
sh510300-hold-fee0.001,2021-05-05,10595.3692,0.0,27700.0,5.128,142045.6,152640.9692,0.9305863343535427,99.8308,10526.0,5
sh510300-hold-fee0.001,2021-05-06,10595.3692,0.0,27700.0,5.061,140189.7,150785.0692,0.9297319737543351,99.8308,10526.0,0
sh510300-hold-fee0.001,2021-05-07,10595.3692,0.0,27700.0,5.0,138500.0,149095.3692,0.9289356251850645,99.8308,10526.0,0
sh510300-hold-fee0.001,2021-05-08,10595.3692,0.0,27700.0,5.0,138500.0,149095.3692,0.9289356251850645,99.8308,10526.0,1
sh510300-hold-fee0.001,2021-05-09,10595.3692,0.0,27700.0,5.0,138500.0,149095.3692,0.9289356251850645,99.8308,10526.0,2
sh510300-hold-fee0.001,2021-05-10,10595.3692,0.0,27700.0,4.999,138472.3,149067.6692,0.9289224198858004,99.8308,10526.0,0
sh510300-hold-fee0.001,2021-05-11,10595.3692,0.0,27700.0,5.025,139192.5,149787.8692,0.9292641703457786,99.8308,10526.0,0
sh510300-hold-fee0.001,2021-05-12,10595.3692,0.0,27700.0,5.056,140051.2,150646.5692,0.9296673714093451,99.8308,10526.0,0
sh510300-hold-fee0.001,2021-05-13,10595.3692,0.0,27700.0,5.001,138527.7,149123.0692,0.9289488255784907,99.8308,10526.0,0
sh510300-hold-fee0.001,2021-05-14,10595.3692,0.0,27700.0,5.127,142017.9,152613.2692,0.9305737354586465,99.8308,10526.0,0
sh510300-hold-fee0.001,2021-05-15,10595.3692,0.0,27700.0,5.127,142017.9,152613.2692,0.9305737354586465,99.8308,10526.0,1
sh510300-hold-fee0.001,2021-05-16,10595.3692,0.0,27700.0,5.127,142017.9,152613.2692,0.9305737354586465,99.8308,10526.0,2
sh510300-hold-fee0.001,2021-05-17,10595.3692,0.0,27700.0,5.188,143707.6,154302.9692,0.9313339901692572,99.8308,10526.0,0
sh510300-hold-fee0.001,2021-05-18,10595.3692,0.0,27700.0,5.19,143763.0,154358.3692,0.9313586347477426,99.8308,10526.0,0
sh510300-hold-fee0.001,2021-05-19,10595.3692,0.0,27700.0,5.176,143375.2,153970.5692,0.9311857502699938,99.8308,10526.0,0
sh510300-hold-fee0.001,2021-05-20,10595.3692,0.0,27700.0,5.19,143763.0,154358.3692,0.9313586347477426,99.8308,10526.0,0
sh510300-hold-fee0.001,2021-05-21,10595.3692,0.0,27700.0,5.135,142239.5,152834.8692,0.9306743987451261,99.8308,10526.0,0
sh510300-hold-fee0.001,2021-05-22,10595.3692,0.0,27700.0,5.135,142239.5,152834.8692,0.9306743987451261,99.8308,10526.0,1
sh510300-hold-fee0.001,2021-05-23,10595.3692,0.0,27700.0,5.135,142239.5,152834.8692,0.9306743987451261,99.8308,10526.0,2
sh510300-hold-fee0.001,2021-05-24,10595.3692,0.0,27700.0,5.163,143015.1,153610.4692,0.931024433066441,99.8308,10526.0,0
sh510300-hold-fee0.001,2021-05-25,10595.3692,0.0,27700.0,5.327,147557.9,158153.2692,0.933005689647799,99.8308,10526.0,0
sh510300-hold-fee0.001,2021-05-26,10595.3692,0.0,27700.0,5.328,147585.6,158180.9692,0.9330174214155719,99.8308,10526.0,0
sh510300-hold-fee0.001,2021-05-27,10595.3692,0.0,27700.0,5.347,148111.9,158707.2692,0.9332395469129526,99.8308,10526.0,0
sh510300-hold-fee0.001,2021-05-28,10595.3692,0.0,27700.0,5.332,147696.4,158291.7692,0.9330643074270472,99.8308,10526.0,0
sh510300-hold-fee0.001,2021-05-29,10595.3692,0.0,27700.0,5.332,147696.4,158291.7692,0.9330643074270472,99.8308,10526.0,1
sh510300-hold-fee0.001,2021-05-30,10595.3692,0.0,27700.0,5.332,147696.4,158291.7692,0.9330643074270472,99.8308,10526.0,2
sh510300-hold-fee0.001,2021-05-31,10595.3692,0.0,27700.0,5.338,147862.6,158457.9692,0.933134513502272,99.8308,10526.0,0
sh510300-hold-fee0.001,2021-06-01,10595.3692,0.0,27700.0,5.346,148084.2,158679.5692,0.9332278928319652,99.8308,10526.0,0
sh510300-hold-fee0.001,2021-06-02,10595.3692,0.0,27700.0,5.303,146893.1,157488.4692,0.9327228891497791,99.8308,10526.0,0
sh510300-hold-fee0.001,2021-06-03,10595.3692,0.0,27700.0,5.262,145757.4,156352.7692,0.9322342082317273,99.8308,10526.0,0
sh510300-hold-fee0.001,2021-06-04,10595.3692,0.0,27700.0,5.295,146671.5,157266.8692,0.9326280910029078,99.8308,10526.0,0
sh510300-hold-fee0.001,2021-06-05,10595.3692,0.0,27700.0,5.295,146671.5,157266.8692,0.9326280910029078,99.8308,10526.0,1
sh510300-hold-fee0.001,2021-06-06,10595.3692,0.0,27700.0,5.295,146671.5,157266.8692,0.9326280910029078,99.8308,10526.0,2
sh510300-hold-fee0.001,2021-06-07,10595.3692,0.0,27700.0,5.289,146505.3,157100.6692,0.9325568168871937,99.8308,10526.0,0
sh510300-hold-fee0.001,2021-06-08,10595.3692,0.0,27700.0,5.247,145341.9,155937.2692,0.932053644043165,99.8308,10526.0,0
sh510300-hold-fee0.001,2021-06-09,10595.3692,0.0,27700.0,5.255,145563.5,156158.8692,0.9321500645190379,99.8308,10526.0,0
sh510300-hold-fee0.001,2021-06-10,10595.3692,0.0,27700.0,5.289,146505.3,157100.6692,0.9325568168871937,99.8308,10526.0,0
sh510300-hold-fee0.001,2021-06-11,10595.3692,0.0,27700.0,5.24,145148.0,155743.3692,0.9319690510458021,99.8308,10526.0,0
sh510300-hold-fee0.001,2021-06-12,10595.3692,0.0,27700.0,5.24,145148.0,155743.3692,0.9319690510458021,99.8308,10526.0,1
sh510300-hold-fee0.001,2021-06-13,10595.3692,0.0,27700.0,5.24,145148.0,155743.3692,0.9319690510458021,99.8308,10526.0,2
sh510300-hold-fee0.001,2021-06-14,10595.3692,0.0,27700.0,5.24,145148.0,155743.3692,0.9319690510458021,99.8308,10526.0,3
sh510300-hold-fee0.001,2021-06-15,10595.3692,0.0,27700.0,5.181,143513.7,154109.0692,0.9312475946094417,99.8308,10526.0,0
sh510300-hold-fee0.001,2021-06-16,10595.3692,0.0,27700.0,5.11,141547.0,152142.3692,0.9303588523321089,99.8308,10526.0,0
sh510300-hold-fee0.001,2021-06-17,10595.3692,0.0,27700.0,5.121,141851.7,152447.0692,0.9304980459407874,99.8308,10526.0,0
sh510300-hold-fee0.001,2021-06-18,10595.3692,0.0,27700.0,5.126,141990.2,152585.5692,0.930561131989407,99.8308,10526.0,0
sh510300-hold-fee0.001,2021-06-19,10595.3692,0.0,27700.0,5.126,141990.2,152585.5692,0.930561131989407,99.8308,10526.0,1
sh510300-hold-fee0.001,2021-06-20,10595.3692,0.0,27700.0,5.126,141990.2,152585.5692,0.930561131989407,99.8308,10526.0,2
sh510300-hold-fee0.001,2021-06-21,10595.3692,0.0,27700.0,5.119,141796.3,152391.6692,0.9304727794135875,99.8308,10526.0,0
sh510300-hold-fee0.001,2021-06-22,10595.3692,0.0,27700.0,5.145,142516.5,153111.8692,0.9307998180979689,99.8308,10526.0,0
sh510300-hold-fee0.001,2021-06-23,10595.3692,0.0,27700.0,5.176,143375.2,153970.5692,0.9311857502699938,99.8308,10526.0,0
sh510300-hold-fee0.001,2021-06-24,10595.3692,0.0,27700.0,5.189,143735.3,154330.6692,0.9313463146701628,99.8308,10526.0,0
sh510300-hold-fee0.001,2021-06-25,10595.3692,0.0,27700.0,5.27,145979.0,156574.3692,0.9323301172846111,99.8308,10526.0,0
sh510300-hold-fee0.001,2021-06-26,10595.3692,0.0,27700.0,5.27,145979.0,156574.3692,0.9323301172846111,99.8308,10526.0,1
sh510300-hold-fee0.001,2021-06-27,10595.3692,0.0,27700.0,5.27,145979.0,156574.3692,0.9323301172846111,99.8308,10526.0,2
sh510300-hold-fee0.001,2021-06-28,10595.3692,0.0,27700.0,5.279,146228.3,156823.6692,0.9324376909808969,99.8308,10526.0,0
sh510300-hold-fee0.001,2021-06-29,10595.3692,0.0,27700.0,5.225,144732.5,155327.8692,0.9317870691552627,99.8308,10526.0,0
sh510300-hold-fee0.001,2021-06-30,10595.3692,0.0,27700.0,5.256,145591.2,156186.5692,0.9321620978406125,99.8308,10526.0,0
sh510300-hold-fee0.001,2021-07-01,10595.3692,0.0,27700.0,5.254,145535.8,156131.1692,0.9321380269276816,99.8308,10526.0,0
sh510300-hold-fee0.001,2021-07-02,10595.3692,0.0,27700.0,5.113,141630.1,152225.4692,0.9303968694878557,99.8308,10526.0,0
sh510300-hold-fee0.001,2021-07-03,10595.3692,0.0,27700.0,5.113,141630.1,152225.4692,0.9303968694878557,99.8308,10526.0,1
sh510300-hold-fee0.001,2021-07-04,10595.3692,0.0,27700.0,5.113,141630.1,152225.4692,0.9303968694878557,99.8308,10526.0,2
sh510300-hold-fee0.001,2021-07-05,10595.3692,0.0,27700.0,5.12,141824.0,152419.3692,0.9304854149730991,99.8308,10526.0,0
sh510300-hold-fee0.001,2021-07-06,10595.3692,0.0,27700.0,5.127,142017.9,152613.2692,0.9305737354586465,99.8308,10526.0,0
sh510300-hold-fee0.001,2021-07-07,10595.3692,0.0,27700.0,5.18,143486.0,154081.3692,0.9312352346360121,99.8308,10526.0,0
sh510300-hold-fee0.001,2021-07-08,10595.3692,0.0,27700.0,5.136,142267.2,152862.5692,0.9306869611347602,99.8308,10526.0,0
sh510300-hold-fee0.001,2021-07-09,10595.3692,0.0,27700.0,5.112,141602.4,152197.7692,0.9303842017153561,99.8308,10526.0,0
sh510300-hold-fee0.001,2021-07-10,10595.3692,0.0,27700.0,5.112,141602.4,152197.7692,0.9303842017153561,99.8308,10526.0,1
sh510300-hold-fee0.001,2021-07-11,10595.3692,0.0,27700.0,5.112,141602.4,152197.7692,0.9303842017153561,99.8308,10526.0,2
sh510300-hold-fee0.001,2021-07-12,10595.3692,0.0,27700.0,5.18,143486.0,154081.3692,0.9312352346360121,99.8308,10526.0,0
sh510300-hold-fee0.001,2021-07-13,10595.3692,0.0,27700.0,5.196,143929.2,154524.5692,0.9314324624565916,99.8308,10526.0,0
sh510300-hold-fee0.001,2021-07-14,10595.3692,0.0,27700.0,5.139,142350.3,152945.6692,0.9307246210015602,99.8308,10526.0,0
sh510300-hold-fee0.001,2021-07-15,10595.3692,0.0,27700.0,5.207,144233.9,154829.2692,0.9315674015982502,99.8308,10526.0,0
sh510300-hold-fee0.001,2021-07-16,10595.3692,0.0,27700.0,5.156,142821.2,153416.5692,0.9309372562869174,99.8308,10526.0,0
sh510300-hold-fee0.001,2021-07-17,10595.3692,0.0,27700.0,5.156,142821.2,153416.5692,0.9309372562869174,99.8308,10526.0,1
sh510300-hold-fee0.001,2021-07-18,10595.3692,0.0,27700.0,5.156,142821.2,153416.5692,0.9309372562869174,99.8308,10526.0,2
sh510300-hold-fee0.001,2021-07-19,10595.3692,0.0,27700.0,5.178,143430.6,154025.9692,0.9312105013522616,99.8308,10526.0,0
sh510300-hold-fee0.001,2021-07-20,10595.3692,0.0,27700.0,5.165,143070.5,153665.8692,0.9310493003087768,99.8308,10526.0,0
sh510300-hold-fee0.001,2021-07-21,10595.3692,0.0,27700.0,5.204,144150.8,154746.1692,0.9315306527148589,99.8308,10526.0,0
sh510300-hold-fee0.001,2021-07-22,10595.3692,0.0,27700.0,5.209,144289.3,154884.6692,0.9315918789462734,99.8308,10526.0,0
sh510300-hold-fee0.001,2021-07-23,10595.3692,0.0,27700.0,5.157,142848.9,153444.2692,0.9309497236016684,99.8308,10526.0,0
sh510300-hold-fee0.001,2021-07-24,10595.3692,0.0,27700.0,5.157,142848.9,153444.2692,0.9309497236016684,99.8308,10526.0,1
sh510300-hold-fee0.001,2021-07-25,10595.3692,0.0,27700.0,5.157,142848.9,153444.2692,0.9309497236016684,99.8308,10526.0,2
sh510300-hold-fee0.001,2021-07-26,10595.3692,0.0,27700.0,4.982,138001.4,148596.7692,0.928697176546689,99.8308,10526.0,0
sh510300-hold-fee0.001,2021-07-27,10595.3692,0.0,27700.0,4.809,133209.3,143804.6692,0.9263211044610504,99.8308,10526.0,0
sh510300-hold-fee0.001,2021-07-28,10595.3692,0.0,27700.0,4.819,133486.3,144081.6692,0.9264627536672098,99.8308,10526.0,0
sh510300-hold-fee0.001,2021-07-29,10595.3692,0.0,27700.0,4.906,135896.2,146491.5692,0.9276724984389068,99.8308,10526.0,0
sh510300-hold-fee0.001,2021-07-30,10595.3692,0.0,27700.0,4.872,134954.4,145549.7692,0.9272044932930062,99.8308,10526.0,0
sh510300-hold-fee0.001,2021-07-31,10595.3692,0.0,27700.0,4.872,134954.4,145549.7692,0.9272044932930062,99.8308,10526.0,1
sh510300-hold-fee0.001,2021-08-01,10595.3692,0.0,27700.0,4.872,134954.4,145549.7692,0.9272044932930062,99.8308,10526.0,2
sh510300-hold-fee0.001,2021-08-02,10595.3692,0.0,27700.0,4.993,138306.1,148901.4692,0.9288430849143026,99.8308,10526.0,0
sh510300-hold-fee0.001,2021-08-03,10595.3692,0.0,27700.0,4.995,138361.5,148956.8692,0.9288695495756297,99.8308,10526.0,0
sh510300-hold-fee0.001,2021-08-04,10595.3692,0.0,27700.0,5.039,139580.3,150175.6692,0.9294468321237219,99.8308,10526.0,0
sh510300-hold-fee0.001,2021-08-05,10595.3692,0.0,27700.0,5.009,138749.3,149344.6692,0.9290542524433139,99.8308,10526.0,0
sh510300-hold-fee0.001,2021-08-06,10595.3692,0.0,27700.0,4.993,138306.1,148901.4692,0.9288430849143026,99.8308,10526.0,0
sh510300-hold-fee0.001,2021-08-07,10595.3692,0.0,27700.0,4.993,138306.1,148901.4692,0.9288430849143026,99.8308,10526.0,1
sh510300-hold-fee0.001,2021-08-08,10595.3692,0.0,27700.0,4.993,138306.1,148901.4692,0.9288430849143026,99.8308,10526.0,2
sh510300-hold-fee0.001,2021-08-09,10595.3692,0.0,27700.0,5.048,139829.6,150424.9692,0.9295637602164788,99.8308,10526.0,0
sh510300-hold-fee0.001,2021-08-10,10595.3692,0.0,27700.0,5.105,141408.5,152003.8692,0.9302953980331969,99.8308,10526.0,0
sh510300-hold-fee0.001,2021-08-11,10595.3692,0.0,27700.0,5.078,140660.6,151255.9692,0.9299507367805753,99.8308,10526.0,0
sh510300-hold-fee0.001,2021-08-12,10595.3692,0.0,27700.0,5.046,139774.2,150369.5692,0.9295378097019912,99.8308,10526.0,0
sh510300-hold-fee0.001,2021-08-13,10595.3692,0.0,27700.0,5.019,139026.3,149621.6692,0.9291855968680772,99.8308,10526.0,0
sh510300-hold-fee0.001,2021-08-14,10595.3692,0.0,27700.0,5.019,139026.3,149621.6692,0.9291855968680772,99.8308,10526.0,1
sh510300-hold-fee0.001,2021-08-15,10595.3692,0.0,27700.0,5.019,139026.3,149621.6692,0.9291855968680772,99.8308,10526.0,2
sh510300-hold-fee0.001,2021-08-16,10595.3692,0.0,27700.0,5.016,138943.2,149538.5692,0.9291462446331873,99.8308,10526.0,0
sh510300-hold-fee0.001,2021-08-17,10595.3692,0.0,27700.0,4.904,135840.8,146436.1692,0.9276451353659148,99.8308,10526.0,0
sh510300-hold-fee0.001,2021-08-18,10595.3692,0.0,27700.0,4.957,137308.9,147904.2692,0.9283633308402162,99.8308,10526.0,0
sh510300-hold-fee0.001,2021-08-19,10595.3692,0.0,27700.0,4.923,136367.1,146962.4692,0.9279042516250808,99.8308,10526.0,0
sh510300-hold-fee0.001,2021-08-20,10595.3692,0.0,27700.0,4.833,133874.1,144469.4692,0.9266601500048981,99.8308,10526.0,0
sh510300-hold-fee0.001,2021-08-21,10595.3692,0.0,27700.0,4.833,133874.1,144469.4692,0.9266601500048981,99.8308,10526.0,1
sh510300-hold-fee0.001,2021-08-22,10595.3692,0.0,27700.0,4.833,133874.1,144469.4692,0.9266601500048981,99.8308,10526.0,2
sh510300-hold-fee0.001,2021-08-23,10595.3692,0.0,27700.0,4.905,135868.5,146463.8692,0.9276588194899333,99.8308,10526.0,0
sh510300-hold-fee0.001,2021-08-24,10595.3692,0.0,27700.0,4.957,137308.9,147904.2692,0.9283633308402162,99.8308,10526.0,0
sh510300-hold-fee0.001,2021-08-25,10595.3692,0.0,27700.0,4.971,137696.7,148292.0692,0.9285506685747966,99.8308,10526.0,0
sh510300-hold-fee0.001,2021-08-26,10595.3692,0.0,27700.0,4.886,135342.2,145937.5692,0.9273979328415455,99.8308,10526.0,0
sh510300-hold-fee0.001,2021-08-27,10595.3692,0.0,27700.0,4.899,135702.3,146297.6692,0.9275766370172629,99.8308,10526.0,0
sh510300-hold-fee0.001,2021-08-28,10595.3692,0.0,27700.0,4.899,135702.3,146297.6692,0.9275766370172629,99.8308,10526.0,1
sh510300-hold-fee0.001,2021-08-29,10595.3692,0.0,27700.0,4.899,135702.3,146297.6692,0.9275766370172629,99.8308,10526.0,2
sh510300-hold-fee0.001,2021-08-30,10595.3692,0.0,27700.0,4.881,135203.7,145799.0692,0.9273289654170165,99.8308,10526.0,0
sh510300-hold-fee0.001,2021-08-31,10595.3692,0.0,27700.0,4.879,135148.3,145743.6692,0.9273013417450039,99.8308,10526.0,0
sh510300-hold-fee0.001,2021-09-01,10595.3692,0.0,27700.0,4.949,137087.3,147682.6692,0.9282558389728779,99.8308,10526.0,0
sh510300-hold-fee0.001,2021-09-02,10595.3692,0.0,27700.0,4.945,136976.5,147571.8692,0.9282019719785456,99.8308,10526.0,0
sh510300-hold-fee0.001,2021-09-03,10595.3692,0.0,27700.0,4.918,136228.6,146823.9692,0.9278362432392272,99.8308,10526.0,0
sh510300-hold-fee0.001,2021-09-04,10595.3692,0.0,27700.0,4.918,136228.6,146823.9692,0.9278362432392272,99.8308,10526.0,1
sh510300-hold-fee0.001,2021-09-05,10595.3692,0.0,27700.0,4.918,136228.6,146823.9692,0.9278362432392272,99.8308,10526.0,2
sh510300-hold-fee0.001,2021-09-06,10595.3692,0.0,27700.0,5.002,138555.4,149150.7692,0.9289620210688125,99.8308,10526.0,0
sh510300-hold-fee0.001,2021-09-07,10595.3692,0.0,27700.0,5.065,140300.5,150895.8692,0.9297835702450097,99.8308,10526.0,0
sh510300-hold-fee0.001,2021-09-08,10595.3692,0.0,27700.0,5.044,139718.8,150314.1692,0.9295118400587881,99.8308,10526.0,0
sh510300-hold-fee0.001,2021-09-09,10595.3692,0.0,27700.0,5.042,139663.4,150258.7692,0.929485851265711,99.8308,10526.0,0
sh510300-hold-fee0.001,2021-09-10,10595.3692,0.0,27700.0,5.091,141020.7,151616.0692,0.9301171092489977,99.8308,10526.0,0
sh510300-hold-fee0.001,2021-09-11,10595.3692,0.0,27700.0,5.091,141020.7,151616.0692,0.9301171092489977,99.8308,10526.0,1
sh510300-hold-fee0.001,2021-09-12,10595.3692,0.0,27700.0,5.091,141020.7,151616.0692,0.9301171092489977,99.8308,10526.0,2
sh510300-hold-fee0.001,2021-09-13,10595.3692,0.0,27700.0,5.064,140272.8,150868.1692,0.9297706782273328,99.8308,10526.0,0
sh510300-hold-fee0.001,2021-09-14,10595.3692,0.0,27700.0,4.998,138444.6,149039.9692,0.9289092096779633,99.8308,10526.0,0
sh510300-hold-fee0.001,2021-09-15,10595.3692,0.0,27700.0,4.945,136976.5,147571.8692,0.9282019719785456,99.8308,10526.0,0
sh510300-hold-fee0.001,2021-09-16,10595.3692,0.0,27700.0,4.889,135425.3,146020.6692,0.927439250497559,99.8308,10526.0,0
sh510300-hold-fee0.001,2021-09-17,10595.3692,0.0,27700.0,4.928,136505.6,147100.9692,0.9279721319470409,99.8308,10526.0,0
sh510300-hold-fee0.001,2021-09-18,10595.3692,0.0,27700.0,4.928,136505.6,147100.9692,0.9279721319470409,99.8308,10526.0,1
sh510300-hold-fee0.001,2021-09-19,10595.3692,0.0,27700.0,4.928,136505.6,147100.9692,0.9279721319470409,99.8308,10526.0,2
sh510300-hold-fee0.001,2021-09-20,10595.3692,0.0,27700.0,4.928,136505.6,147100.9692,0.9279721319470409,99.8308,10526.0,3
sh510300-hold-fee0.001,2021-09-21,10595.3692,0.0,27700.0,4.928,136505.6,147100.9692,0.9279721319470409,99.8308,10526.0,4
sh510300-hold-fee0.001,2021-09-22,10595.3692,0.0,27700.0,4.895,135591.5,146186.8692,0.9275217448873309,99.8308,10526.0,0
sh510300-hold-fee0.001,2021-09-23,10595.3692,0.0,27700.0,4.924,136394.8,146990.1692,0.9279178379230003,99.8308,10526.0,0
sh510300-hold-fee0.001,2021-09-24,10595.3692,0.0,27700.0,4.931,136588.7,147184.0692,0.9280127988199418,99.8308,10526.0,0
sh510300-hold-fee0.001,2021-09-25,10595.3692,0.0,27700.0,4.931,136588.7,147184.0692,0.9280127988199418,99.8308,10526.0,1
sh510300-hold-fee0.001,2021-09-26,10595.3692,0.0,27700.0,4.931,136588.7,147184.0692,0.9280127988199418,99.8308,10526.0,2
sh510300-hold-fee0.001,2021-09-27,10595.3692,0.0,27700.0,4.963,137475.1,148070.4692,0.9284437385979459,99.8308,10526.0,0
sh510300-hold-fee0.001,2021-09-28,10595.3692,0.0,27700.0,4.954,137225.8,147821.1692,0.9283230591576189,99.8308,10526.0,0
sh510300-hold-fee0.001,2021-09-29,10595.3692,0.0,27700.0,4.921,136311.7,146907.0692,0.9278770636586902,99.8308,10526.0,0
sh510300-hold-fee0.001,2021-09-30,10595.3692,0.0,27700.0,4.935,136699.5,147294.8692,0.9280669499382671,99.8308,10526.0,0
sh510300-hold-fee0.001,2021-10-01,10595.3692,0.0,27700.0,4.935,136699.5,147294.8692,0.9280669499382671,99.8308,10526.0,1
sh510300-hold-fee0.001,2021-10-02,10595.3692,0.0,27700.0,4.935,136699.5,147294.8692,0.9280669499382671,99.8308,10526.0,2
sh510300-hold-fee0.001,2021-10-03,10595.3692,0.0,27700.0,4.935,136699.5,147294.8692,0.9280669499382671,99.8308,10526.0,3
sh510300-hold-fee0.001,2021-10-04,10595.3692,0.0,27700.0,4.935,136699.5,147294.8692,0.9280669499382671,99.8308,10526.0,4
sh510300-hold-fee0.001,2021-10-05,10595.3692,0.0,27700.0,4.935,136699.5,147294.8692,0.9280669499382671,99.8308,10526.0,5
sh510300-hold-fee0.001,2021-10-06,10595.3692,0.0,27700.0,4.935,136699.5,147294.8692,0.9280669499382671,99.8308,10526.0,6
sh510300-hold-fee0.001,2021-10-07,10595.3692,0.0,27700.0,4.935,136699.5,147294.8692,0.9280669499382671,99.8308,10526.0,7
sh510300-hold-fee0.001,2021-10-08,10595.3692,0.0,27700.0,5.006,138666.2,149261.5692,0.929014754053651,99.8308,10526.0,0
sh510300-hold-fee0.001,2021-10-09,10595.3692,0.0,27700.0,5.006,138666.2,149261.5692,0.929014754053651,99.8308,10526.0,1
sh510300-hold-fee0.001,2021-10-10,10595.3692,0.0,27700.0,5.006,138666.2,149261.5692,0.929014754053651,99.8308,10526.0,2
sh510300-hold-fee0.001,2021-10-11,10595.3692,0.0,27700.0,5.005,138638.5,149233.8692,0.9290015781484543,99.8308,10526.0,0
sh510300-hold-fee0.001,2021-10-12,10595.3692,0.0,27700.0,4.953,137198.1,147793.4692,0.9283096251995958,99.8308,10526.0,0
sh510300-hold-fee0.001,2021-10-13,10595.3692,0.0,27700.0,5.009,138749.3,149344.6692,0.9290542524433139,99.8308,10526.0,0
sh510300-hold-fee0.001,2021-10-14,10595.3692,0.0,27700.0,4.982,138001.4,148596.7692,0.928697176546689,99.8308,10526.0,0
sh510300-hold-fee0.001,2021-10-15,10595.3692,0.0,27700.0,5.006,138666.2,149261.5692,0.929014754053651,99.8308,10526.0,0
sh510300-hold-fee0.001,2021-10-16,10595.3692,0.0,27700.0,5.006,138666.2,149261.5692,0.929014754053651,99.8308,10526.0,1
sh510300-hold-fee0.001,2021-10-17,10595.3692,0.0,27700.0,5.006,138666.2,149261.5692,0.929014754053651,99.8308,10526.0,2
sh510300-hold-fee0.001,2021-10-18,10595.3692,0.0,27700.0,4.948,137059.6,147654.9692,0.9282423798033612,99.8308,10526.0,0
sh510300-hold-fee0.001,2021-10-19,10595.3692,0.0,27700.0,4.995,138361.5,148956.8692,0.9288695495756297,99.8308,10526.0,0
sh510300-hold-fee0.001,2021-10-20,10595.3692,0.0,27700.0,4.981,137973.7,148569.0692,0.9286838824726243,99.8308,10526.0,0
sh510300-hold-fee0.001,2021-10-21,10595.3692,0.0,27700.0,5.003,138583.1,149178.4692,0.9289752116587613,99.8308,10526.0,0
sh510300-hold-fee0.001,2021-10-22,10595.3692,0.0,27700.0,5.036,139497.2,150092.5692,0.9294077697751875,99.8308,10526.0,0
sh510300-hold-fee0.001,2021-10-23,10595.3692,0.0,27700.0,5.036,139497.2,150092.5692,0.9294077697751875,99.8308,10526.0,1
sh510300-hold-fee0.001,2021-10-24,10595.3692,0.0,27700.0,5.036,139497.2,150092.5692,0.9294077697751875,99.8308,10526.0,2
sh510300-hold-fee0.001,2021-10-25,10595.3692,0.0,27700.0,5.053,139968.1,150563.4692,0.9296285529531356,99.8308,10526.0,0
sh510300-hold-fee0.001,2021-10-26,10595.3692,0.0,27700.0,5.036,139497.2,150092.5692,0.9294077697751875,99.8308,10526.0,0
sh510300-hold-fee0.001,2021-10-27,10595.3692,0.0,27700.0,4.97,137669.0,148264.3692,0.9285373198080554,99.8308,10526.0,0
sh510300-hold-fee0.001,2021-10-28,10595.3692,0.0,27700.0,4.949,137087.3,147682.6692,0.9282558389728779,99.8308,10526.0,0
sh510300-hold-fee0.001,2021-10-29,10595.3692,0.0,27700.0,4.981,137973.7,148569.0692,0.9286838824726243,99.8308,10526.0,0
sh510300-hold-fee0.001,2021-10-30,10595.3692,0.0,27700.0,4.981,137973.7,148569.0692,0.9286838824726243,99.8308,10526.0,1
sh510300-hold-fee0.001,2021-10-31,10595.3692,0.0,27700.0,4.981,137973.7,148569.0692,0.9286838824726243,99.8308,10526.0,2
sh510300-hold-fee0.001,2021-11-01,10595.3692,0.0,27700.0,4.965,137530.5,148125.8692,0.9284705010865179,99.8308,10526.0,0
sh510300-hold-fee0.001,2021-11-02,10595.3692,0.0,27700.0,4.913,136090.1,146685.4692,0.9277681064267271,99.8308,10526.0,0
sh510300-hold-fee0.001,2021-11-03,10595.3692,0.0,27700.0,4.893,135536.1,146131.4692,0.9274942676070761,99.8308,10526.0,0
sh510300-hold-fee0.001,2021-11-04,10595.3692,0.0,27700.0,4.94,136838.0,147433.3692,0.9281345243787592,99.8308,10526.0,0
sh510300-hold-fee0.001,2021-11-05,10595.3692,0.0,27700.0,4.923,136367.1,146962.4692,0.9279042516250808,99.8308,10526.0,0
sh510300-hold-fee0.001,2021-11-06,10595.3692,0.0,27700.0,4.923,136367.1,146962.4692,0.9279042516250808,99.8308,10526.0,1
sh510300-hold-fee0.001,2021-11-07,10595.3692,0.0,27700.0,4.923,136367.1,146962.4692,0.9279042516250808,99.8308,10526.0,2
sh510300-hold-fee0.001,2021-11-08,10595.3692,0.0,27700.0,4.919,136256.3,146851.6692,0.9278498551789018,99.8308,10526.0,0
sh510300-hold-fee0.001,2021-11-09,10595.3692,0.0,27700.0,4.917,136200.9,146796.2692,0.927822626162491,99.8308,10526.0,0
sh510300-hold-fee0.001,2021-11-10,10595.3692,0.0,27700.0,4.892,135508.4,146103.7692,0.9274805211527698,99.8308,10526.0,0
sh510300-hold-fee0.001,2021-11-11,10595.3692,0.0,27700.0,4.972,137724.4,148319.7692,0.9285640123555424,99.8308,10526.0,0
sh510300-hold-fee0.001,2021-11-12,10595.3692,0.0,27700.0,4.97,137669.0,148264.3692,0.9285373198080554,99.8308,10526.0,0
sh510300-hold-fee0.001,2021-11-13,10595.3692,0.0,27700.0,4.97,137669.0,148264.3692,0.9285373198080554,99.8308,10526.0,1
sh510300-hold-fee0.001,2021-11-14,10595.3692,0.0,27700.0,4.97,137669.0,148264.3692,0.9285373198080554,99.8308,10526.0,2
sh510300-hold-fee0.001,2021-11-15,10595.3692,0.0,27700.0,4.964,137502.8,148098.1692,0.9284571223450344,99.8308,10526.0,0
sh510300-hold-fee0.001,2021-11-16,10595.3692,0.0,27700.0,4.96,137392.0,147987.3692,0.9284035572949424,99.8308,10526.0,0
sh510300-hold-fee0.001,2021-11-17,10595.3692,0.0,27700.0,4.959,137364.3,147959.6692,0.9283901534973154,99.8308,10526.0,0
sh510300-hold-fee0.001,2021-11-18,10595.3692,0.0,27700.0,4.915,136145.5,146740.8692,0.9277953765861978,99.8308,10526.0,0
sh510300-hold-fee0.001,2021-11-19,10595.3692,0.0,27700.0,4.97,137669.0,148264.3692,0.9285373198080554,99.8308,10526.0,0
sh510300-hold-fee0.001,2021-11-20,10595.3692,0.0,27700.0,4.97,137669.0,148264.3692,0.9285373198080554,99.8308,10526.0,1
sh510300-hold-fee0.001,2021-11-21,10595.3692,0.0,27700.0,4.97,137669.0,148264.3692,0.9285373198080554,99.8308,10526.0,2
sh510300-hold-fee0.001,2021-11-22,10595.3692,0.0,27700.0,4.983,138029.1,148624.4692,0.9287104656653671,99.8308,10526.0,0
sh510300-hold-fee0.001,2021-11-23,10595.3692,0.0,27700.0,4.986,138112.2,148707.5692,0.9287503033167729,99.8308,10526.0,0
sh510300-hold-fee0.001,2021-11-24,10595.3692,0.0,27700.0,4.997,138416.9,149012.2692,0.9288959945588159,99.8308,10526.0,0
sh510300-hold-fee0.001,2021-11-25,10595.3692,0.0,27700.0,4.978,137890.6,148485.9692,0.9286439704903782,99.8308,10526.0,0
sh510300-hold-fee0.001,2021-11-26,10595.3692,0.0,27700.0,4.936,136727.2,147322.5692,0.9280804749907932,99.8308,10526.0,0
sh510300-hold-fee0.001,2021-11-27,10595.3692,0.0,27700.0,4.936,136727.2,147322.5692,0.9280804749907932,99.8308,10526.0,1
sh510300-hold-fee0.001,2021-11-28,10595.3692,0.0,27700.0,4.936,136727.2,147322.5692,0.9280804749907932,99.8308,10526.0,2
sh510300-hold-fee0.001,2021-11-29,10595.3692,0.0,27700.0,4.929,136533.3,147128.6692,0.9279856926755917,99.8308,10526.0,0
sh510300-hold-fee0.001,2021-11-30,10595.3692,0.0,27700.0,4.911,136034.7,146630.0692,0.9277408156607485,99.8308,10526.0,0
sh510300-hold-fee0.001,2021-12-01,10595.3692,0.0,27700.0,4.924,136394.8,146990.1692,0.9279178379230003,99.8308,10526.0,0
sh510300-hold-fee0.001,2021-12-02,10595.3692,0.0,27700.0,4.934,136671.8,147267.1692,0.9280534197977915,99.8308,10526.0,0
sh510300-hold-fee0.001,2021-12-03,10595.3692,0.0,27700.0,4.979,137918.3,148513.6692,0.9286572794472443,99.8308,10526.0,0
sh510300-hold-fee0.001,2021-12-04,10595.3692,0.0,27700.0,4.979,137918.3,148513.6692,0.9286572794472443,99.8308,10526.0,1
sh510300-hold-fee0.001,2021-12-05,10595.3692,0.0,27700.0,4.979,137918.3,148513.6692,0.9286572794472443,99.8308,10526.0,2
sh510300-hold-fee0.001,2021-12-06,10595.3692,0.0,27700.0,4.974,137779.8,148375.1692,0.928590684970218,99.8308,10526.0,0
sh510300-hold-fee0.001,2021-12-07,10595.3692,0.0,27700.0,5.002,138555.4,149150.7692,0.9289620210688125,99.8308,10526.0,0
sh510300-hold-fee0.001,2021-12-08,10595.3692,0.0,27700.0,5.074,140549.8,151145.1692,0.9298993857621749,99.8308,10526.0,0
sh510300-hold-fee0.001,2021-12-09,10595.3692,0.0,27700.0,5.158,142876.6,153471.9692,0.9309621864159934,99.8308,10526.0,0
sh510300-hold-fee0.001,2021-12-10,10595.3692,0.0,27700.0,5.143,142461.1,153056.4692,0.930774770544622,99.8308,10526.0,0
sh510300-hold-fee0.001,2021-12-11,10595.3692,0.0,27700.0,5.143,142461.1,153056.4692,0.930774770544622,99.8308,10526.0,1
sh510300-hold-fee0.001,2021-12-12,10595.3692,0.0,27700.0,5.143,142461.1,153056.4692,0.930774770544622,99.8308,10526.0,2
sh510300-hold-fee0.001,2021-12-13,10595.3692,0.0,27700.0,5.156,142821.2,153416.5692,0.9309372562869174,99.8308,10526.0,0
sh510300-hold-fee0.001,2021-12-14,10595.3692,0.0,27700.0,5.125,141962.5,152557.8692,0.9305485239433325,99.8308,10526.0,0
sh510300-hold-fee0.001,2021-12-15,10595.3692,0.0,27700.0,5.079,140688.3,151283.6692,0.9299635627822279,99.8308,10526.0,0
sh510300-hold-fee0.001,2021-12-16,10595.3692,0.0,27700.0,5.106,141436.2,152031.5692,0.9303080981420272,99.8308,10526.0,0
sh510300-hold-fee0.001,2021-12-17,10595.3692,0.0,27700.0,5.033,139414.1,150009.4692,0.929368664148303,99.8308,10526.0,0
sh510300-hold-fee0.001,2021-12-18,10595.3692,0.0,27700.0,5.033,139414.1,150009.4692,0.929368664148303,99.8308,10526.0,1
sh510300-hold-fee0.001,2021-12-19,10595.3692,0.0,27700.0,5.033,139414.1,150009.4692,0.929368664148303,99.8308,10526.0,2
sh510300-hold-fee0.001,2021-12-20,10595.3692,0.0,27700.0,4.958,137336.6,147931.9692,0.9283767446800134,99.8308,10526.0,0
sh510300-hold-fee0.001,2021-12-21,10595.3692,0.0,27700.0,4.979,137918.3,148513.6692,0.9286572794472443,99.8308,10526.0,0
sh510300-hold-fee0.001,2021-12-22,10595.3692,0.0,27700.0,4.982,138001.4,148596.7692,0.928697176546689,99.8308,10526.0,0
sh510300-hold-fee0.001,2021-12-23,10595.3692,0.0,27700.0,5.02,139054.0,149649.3692,0.92919870456761,99.8308,10526.0,0
sh510300-hold-fee0.001,2021-12-24,10595.3692,0.0,27700.0,4.997,138416.9,149012.2692,0.9288959945588159,99.8308,10526.0,0
sh510300-hold-fee0.001,2021-12-25,10595.3692,0.0,27700.0,4.997,138416.9,149012.2692,0.9288959945588159,99.8308,10526.0,1
sh510300-hold-fee0.001,2021-12-26,10595.3692,0.0,27700.0,4.997,138416.9,149012.2692,0.9288959945588159,99.8308,10526.0,2
sh510300-hold-fee0.001,2021-12-27,10595.3692,0.0,27700.0,5.001,138527.7,149123.0692,0.9289488255784907,99.8308,10526.0,0
sh510300-hold-fee0.001,2021-12-28,10595.3692,0.0,27700.0,5.027,139247.9,149843.2692,0.9292903227714682,99.8308,10526.0,0
sh510300-hold-fee0.001,2021-12-29,10595.3692,0.0,27700.0,4.96,137392.0,147987.3692,0.9284035572949424,99.8308,10526.0,0
sh510300-hold-fee0.001,2021-12-30,10595.3692,0.0,27700.0,4.996,138389.2,148984.5692,0.9288827745256184,99.8308,10526.0,0
sh510300-hold-fee0.001,2021-12-31,10595.3692,0.0,27700.0,5.008,138721.6,149316.9692,0.9290410911983606,99.8308,10526.0,0
sh510300-hold-fee0.001,2022-01-01,10595.3692,0.0,27700.0,5.008,138721.6,149316.9692,0.9290410911983606,99.8308,10526.0,1
sh510300-hold-fee0.001,2022-01-02,10595.3692,0.0,27700.0,5.008,138721.6,149316.9692,0.9290410911983606,99.8308,10526.0,2
sh510300-hold-fee0.001,2022-01-03,10595.3692,0.0,27700.0,5.008,138721.6,149316.9692,0.9290410911983606,99.8308,10526.0,3
sh510300-hold-fee0.001,2022-01-04,10595.3692,0.0,27700.0,4.99,138223.0,148818.3692,0.9288033509777233,99.8308,10526.0,0
sh510300-hold-fee0.001,2022-01-05,10595.3692,0.0,27700.0,4.943,136921.1,147516.4692,0.9281750081366508,99.8308,10526.0,0
sh510300-hold-fee0.001,2022-01-06,10595.3692,0.0,27700.0,4.887,135369.9,145965.2692,0.9274117106208166,99.8308,10526.0,0
sh510300-hold-fee0.001,2022-01-07,10595.3692,0.0,27700.0,4.899,135702.3,146297.6692,0.9275766370172629,99.8308,10526.0,0
sh510300-hold-fee0.001,2022-01-08,10595.3692,0.0,27700.0,4.899,135702.3,146297.6692,0.9275766370172629,99.8308,10526.0,1
sh510300-hold-fee0.001,2022-01-09,10595.3692,0.0,27700.0,4.899,135702.3,146297.6692,0.9275766370172629,99.8308,10526.0,2
sh510300-hold-fee0.001,2022-01-10,10595.3692,0.0,27700.0,4.912,136062.4,146657.7692,0.9277544636210108,99.8308,10526.0,0
sh510300-hold-fee0.001,2022-01-11,10595.3692,0.0,27700.0,4.867,134815.9,145411.2692,0.927135157692441,99.8308,10526.0,0
sh510300-hold-fee0.001,2022-01-12,10595.3692,0.0,27700.0,4.919,136256.3,146851.6692,0.9278498551789018,99.8308,10526.0,0
sh510300-hold-fee0.001,2022-01-13,10595.3692,0.0,27700.0,4.838,134012.6,144607.9692,0.9267303921172831,99.8308,10526.0,0
sh510300-hold-fee0.001,2022-01-14,10595.3692,0.0,27700.0,4.794,132793.8,143389.1692,0.9261076045065753,99.8308,10526.0,0
sh510300-hold-fee0.001,2022-01-15,10595.3692,0.0,27700.0,4.794,132793.8,143389.1692,0.9261076045065753,99.8308,10526.0,1
sh510300-hold-fee0.001,2022-01-16,10595.3692,0.0,27700.0,4.794,132793.8,143389.1692,0.9261076045065753,99.8308,10526.0,2
sh510300-hold-fee0.001,2022-01-17,10595.3692,0.0,27700.0,4.835,133929.5,144524.8692,0.926688263005188,99.8308,10526.0,0
sh510300-hold-fee0.001,2022-01-18,10595.3692,0.0,27700.0,4.881,135203.7,145799.0692,0.9273289654170165,99.8308,10526.0,0
sh510300-hold-fee0.001,2022-01-19,10595.3692,2077.5,27700.0,4.78,132406.0,145078.8692,0.9126484148251136,99.8308,10526.0,0
sh510300-hold-fee0.001,2022-01-20,10595.3692,2077.5,27700.0,4.818,133458.6,146131.4692,0.9132776172758824,99.8308,10526.0,0
sh510300-hold-fee0.001,2022-01-21,10595.3692,2077.5,27700.0,4.784,132516.8,145189.6692,0.9127150762872597,99.8308,10526.0,0
sh510300-hold-fee0.001,2022-01-22,10595.3692,2077.5,27700.0,4.784,132516.8,145189.6692,0.9127150762872597,99.8308,10526.0,1
sh510300-hold-fee0.001,2022-01-23,10595.3692,2077.5,27700.0,4.784,132516.8,145189.6692,0.9127150762872597,99.8308,10526.0,2
sh510300-hold-fee0.001,2022-01-24,12672.8692,0.0,27700.0,4.786,132572.2,145245.0692,0.9127483688788797,99.8308,12603.5,0
sh510300-hold-fee0.001,2022-01-25,12672.8692,0.0,27700.0,4.68,129636.0,142308.8692,0.9109481420853002,99.8308,12603.5,0
sh510300-hold-fee0.001,2022-01-26,12672.8692,0.0,27700.0,4.706,130356.2,143029.0692,0.9113965484717005,99.8308,12603.5,0
sh510300-hold-fee0.001,2022-01-27,12672.8692,0.0,27700.0,4.625,128112.5,140785.3692,0.9099844730172431,99.8308,12603.5,0
sh510300-hold-fee0.001,2022-01-28,12672.8692,0.0,27700.0,4.554,126145.8,138818.6692,0.9087091867899855,99.8308,12603.5,0
sh510300-hold-fee0.001,2022-01-29,12672.8692,0.0,27700.0,4.554,126145.8,138818.6692,0.9087091867899855,99.8308,12603.5,1
sh510300-hold-fee0.001,2022-01-30,12672.8692,0.0,27700.0,4.554,126145.8,138818.6692,0.9087091867899855,99.8308,12603.5,2
sh510300-hold-fee0.001,2022-01-31,12672.8692,0.0,27700.0,4.554,126145.8,138818.6692,0.9087091867899855,99.8308,12603.5,3
sh510300-hold-fee0.001,2022-02-01,12672.8692,0.0,27700.0,4.554,126145.8,138818.6692,0.9087091867899855,99.8308,12603.5,4
sh510300-hold-fee0.001,2022-02-02,12672.8692,0.0,27700.0,4.554,126145.8,138818.6692,0.9087091867899855,99.8308,12603.5,5
sh510300-hold-fee0.001,2022-02-03,12672.8692,0.0,27700.0,4.554,126145.8,138818.6692,0.9087091867899855,99.8308,12603.5,6
sh510300-hold-fee0.001,2022-02-04,12672.8692,0.0,27700.0,4.554,126145.8,138818.6692,0.9087091867899855,99.8308,12603.5,7
sh510300-hold-fee0.001,2022-02-05,12672.8692,0.0,27700.0,4.554,126145.8,138818.6692,0.9087091867899855,99.8308,12603.5,8
sh510300-hold-fee0.001,2022-02-06,12672.8692,0.0,27700.0,4.554,126145.8,138818.6692,0.9087091867899855,99.8308,12603.5,9
sh510300-hold-fee0.001,2022-02-07,12672.8692,0.0,27700.0,4.626,128140.2,140813.0692,0.9100021803942044,99.8308,12603.5,0
sh510300-hold-fee0.001,2022-02-08,12672.8692,0.0,27700.0,4.604,127530.8,140203.6692,0.9096110018210565,99.8308,12603.5,0
sh510300-hold-fee0.001,2022-02-09,12672.8692,0.0,27700.0,4.643,128611.1,141283.9692,0.9103021434649785,99.8308,12603.5,0
sh510300-hold-fee0.001,2022-02-10,12672.8692,0.0,27700.0,4.632,128306.4,140979.2692,0.9101082785297911,99.8308,12603.5,0
sh510300-hold-fee0.001,2022-02-11,12672.8692,0.0,27700.0,4.596,127309.2,139982.0692,0.9094679106229414,99.8308,12603.5,0
sh510300-hold-fee0.001,2022-02-12,12672.8692,0.0,27700.0,4.596,127309.2,139982.0692,0.9094679106229414,99.8308,12603.5,1
sh510300-hold-fee0.001,2022-02-13,12672.8692,0.0,27700.0,4.596,127309.2,139982.0692,0.9094679106229414,99.8308,12603.5,2
sh510300-hold-fee0.001,2022-02-14,12672.8692,0.0,27700.0,4.547,125951.9,138624.7692,0.9085814946842847,99.8308,12603.5,0
sh510300-hold-fee0.001,2022-02-15,12672.8692,0.0,27700.0,4.589,127115.3,139788.1692,0.9093423336715394,99.8308,12603.5,0
sh510300-hold-fee0.001,2022-02-16,12672.8692,0.0,27700.0,4.61,127697.0,140369.8692,0.9097180237309789,99.8308,12603.5,0
sh510300-hold-fee0.001,2022-02-17,12672.8692,0.0,27700.0,4.62,127974.0,140646.8692,0.9098958315099132,99.8308,12603.5,0
sh510300-hold-fee0.001,2022-02-18,12672.8692,0.0,27700.0,4.644,128638.8,141311.6692,0.9103197260937882,99.8308,12603.5,0
sh510300-hold-fee0.001,2022-02-19,12672.8692,0.0,27700.0,4.644,128638.8,141311.6692,0.9103197260937882,99.8308,12603.5,1
sh510300-hold-fee0.001,2022-02-20,12672.8692,0.0,27700.0,4.644,128638.8,141311.6692,0.9103197260937882,99.8308,12603.5,2
sh510300-hold-fee0.001,2022-02-21,12672.8692,0.0,27700.0,4.627,128167.9,140840.7692,0.9100198808059335,99.8308,12603.5,0
sh510300-hold-fee0.001,2022-02-22,12672.8692,0.0,27700.0,4.567,126505.9,139178.7692,0.90894538532821,99.8308,12603.5,0
sh510300-hold-fee0.001,2022-02-23,12672.8692,0.0,27700.0,4.615,127835.5,140508.3692,0.9098070152535797,99.8308,12603.5,0
sh510300-hold-fee0.001,2022-02-24,12672.8692,0.0,27700.0,4.53,125481.0,138153.8692,0.9082698930302562,99.8308,12603.5,0
sh510300-hold-fee0.001,2022-02-25,12672.8692,0.0,27700.0,4.565,126450.5,139123.3692,0.9089091266774756,99.8308,12603.5,0
sh510300-hold-fee0.001,2022-02-26,12672.8692,0.0,27700.0,4.565,126450.5,139123.3692,0.9089091266774756,99.8308,12603.5,1
sh510300-hold-fee0.001,2022-02-27,12672.8692,0.0,27700.0,4.565,126450.5,139123.3692,0.9089091266774756,99.8308,12603.5,2
sh510300-hold-fee0.001,2022-02-28,12672.8692,0.0,27700.0,4.571,126616.7,139289.5692,0.9090178161021981,99.8308,12603.5,0
sh510300-hold-fee0.001,2022-03-01,12672.8692,0.0,27700.0,4.609,127669.3,140342.1692,0.9097002043488437,99.8308,12603.5,0
sh510300-hold-fee0.001,2022-03-02,12672.8692,0.0,27700.0,4.574,126699.8,139372.6692,0.9090720636065711,99.8308,12603.5,0
sh510300-hold-fee0.001,2022-03-03,12672.8692,0.0,27700.0,4.545,125896.5,138569.3692,0.9085449455881625,99.8308,12603.5,0
sh510300-hold-fee0.001,2022-03-04,12672.8692,0.0,27700.0,4.494,124483.8,137156.6692,0.9076029676579519,99.8308,12603.5,0
sh510300-hold-fee0.001,2022-03-05,12672.8692,0.0,27700.0,4.494,124483.8,137156.6692,0.9076029676579519,99.8308,12603.5,1
sh510300-hold-fee0.001,2022-03-06,12672.8692,0.0,27700.0,4.494,124483.8,137156.6692,0.9076029676579519,99.8308,12603.5,2
sh510300-hold-fee0.001,2022-03-07,12672.8692,0.0,27700.0,4.346,120384.2,133057.0692,0.9047561375265885,99.8308,12603.5,0
sh510300-hold-fee0.001,2022-03-08,12672.8692,0.0,27700.0,4.264,118112.8,130785.6692,0.9031020043899427,99.8308,12603.5,0
sh510300-hold-fee0.001,2022-03-09,12672.8692,0.0,27700.0,4.224,117004.8,129677.6692,0.9022740825141234,99.8308,12603.5,0
sh510300-hold-fee0.001,2022-03-10,12672.8692,0.0,27700.0,4.284,118666.8,131339.6692,0.9035107269784414,99.8308,12603.5,0
sh510300-hold-fee0.001,2022-03-11,12672.8692,0.0,27700.0,4.312,119442.4,132115.2692,0.9040771798995055,99.8308,12603.5,0
sh510300-hold-fee0.001,2022-03-12,12672.8692,0.0,27700.0,4.312,119442.4,132115.2692,0.9040771798995055,99.8308,12603.5,1
sh510300-hold-fee0.001,2022-03-13,12672.8692,0.0,27700.0,4.312,119442.4,132115.2692,0.9040771798995055,99.8308,12603.5,2
sh510300-hold-fee0.001,2022-03-14,12672.8692,0.0,27700.0,4.172,115564.4,128237.2692,0.9011763952939821,99.8308,12603.5,0
sh510300-hold-fee0.001,2022-03-15,12672.8692,0.0,27700.0,3.973,110052.1,122724.9692,0.8967376461154574,99.8308,12603.5,0
sh510300-hold-fee0.001,2022-03-16,12672.8692,0.0,27700.0,4.146,114844.2,127517.0692,0.9006182522896315,99.8308,12603.5,0
sh510300-hold-fee0.001,2022-03-17,12672.8692,0.0,27700.0,4.23,117171.0,129843.8692,0.9023991715736702,99.8308,12603.5,0
sh510300-hold-fee0.001,2022-03-18,12672.8692,0.0,27700.0,4.258,117946.6,130619.4692,0.90297871153805,99.8308,12603.5,0
sh510300-hold-fee0.001,2022-03-19,12672.8692,0.0,27700.0,4.258,117946.6,130619.4692,0.90297871153805,99.8308,12603.5,1
sh510300-hold-fee0.001,2022-03-20,12672.8692,0.0,27700.0,4.258,117946.6,130619.4692,0.90297871153805,99.8308,12603.5,2
sh510300-hold-fee0.001,2022-03-21,12672.8692,0.0,27700.0,4.252,117780.4,130453.2692,0.9028551045311788,99.8308,12603.5,0
sh510300-hold-fee0.001,2022-03-22,12672.8692,0.0,27700.0,4.248,117669.6,130342.4692,0.9027725247359362,99.8308,12603.5,0
sh510300-hold-fee0.001,2022-03-23,12672.8692,0.0,27700.0,4.273,118362.1,131034.9692,0.9032863572421094,99.8308,12603.5,0
sh510300-hold-fee0.001,2022-03-24,12672.8692,0.0,27700.0,4.246,117614.2,130287.0692,0.9027311821670788,99.8308,12603.5,0
sh510300-hold-fee0.001,2022-03-25,12672.8692,0.0,27700.0,4.169,115481.3,128154.1692,0.9011123143389704,99.8308,12603.5,0
sh510300-hold-fee0.001,2022-03-26,12672.8692,0.0,27700.0,4.169,115481.3,128154.1692,0.9011123143389704,99.8308,12603.5,1
sh510300-hold-fee0.001,2022-03-27,12672.8692,0.0,27700.0,4.169,115481.3,128154.1692,0.9011123143389704,99.8308,12603.5,2
sh510300-hold-fee0.001,2022-03-28,12672.8692,0.0,27700.0,4.144,114788.8,127461.6692,0.9005750569599477,99.8308,12603.5,0
sh510300-hold-fee0.001,2022-03-29,12672.8692,0.0,27700.0,4.126,114290.2,126963.0692,0.900184602657668,99.8308,12603.5,0
sh510300-hold-fee0.001,2022-03-30,12672.8692,0.0,27700.0,4.249,117697.3,130370.1692,0.9027931828441624,99.8308,12603.5,0
sh510300-hold-fee0.001,2022-03-31,12672.8692,0.0,27700.0,4.218,116838.6,129511.4692,0.9021486724049919,99.8308,12603.5,0
sh510300-hold-fee0.001,2022-04-01,12672.8692,0.0,27700.0,4.269,118251.3,130924.1692,0.9032045093168328,99.8308,12603.5,0
sh510300-hold-fee0.001,2022-04-02,12672.8692,0.0,27700.0,4.269,118251.3,130924.1692,0.9032045093168328,99.8308,12603.5,1
sh510300-hold-fee0.001,2022-04-03,12672.8692,0.0,27700.0,4.269,118251.3,130924.1692,0.9032045093168328,99.8308,12603.5,2
sh510300-hold-fee0.001,2022-04-04,12672.8692,0.0,27700.0,4.269,118251.3,130924.1692,0.9032045093168328,99.8308,12603.5,3
sh510300-hold-fee0.001,2022-04-05,12672.8692,0.0,27700.0,4.269,118251.3,130924.1692,0.9032045093168328,99.8308,12603.5,4
sh510300-hold-fee0.001,2022-04-06,12672.8692,0.0,27700.0,4.257,117918.9,130591.7692,0.9029581322189485,99.8308,12603.5,0
sh510300-hold-fee0.001,2022-04-07,12672.8692,0.0,27700.0,4.205,116478.5,129151.3692,0.9018758432179285,99.8308,12603.5,0
sh510300-hold-fee0.001,2022-04-08,12672.8692,0.0,27700.0,4.233,117254.1,129926.9692,0.9024615960948622,99.8308,12603.5,0
sh510300-hold-fee0.001,2022-04-09,12672.8692,0.0,27700.0,4.233,117254.1,129926.9692,0.9024615960948622,99.8308,12603.5,1
sh510300-hold-fee0.001,2022-04-10,12672.8692,0.0,27700.0,4.233,117254.1,129926.9692,0.9024615960948622,99.8308,12603.5,2
sh510300-hold-fee0.001,2022-04-11,12672.8692,0.0,27700.0,4.101,113597.7,126270.5692,0.899637189566102,99.8308,12603.5,0
sh510300-hold-fee0.001,2022-04-12,12672.8692,0.0,27700.0,4.171,115536.7,128209.5692,0.9011550442055459,99.8308,12603.5,0
sh510300-hold-fee0.001,2022-04-13,12672.8692,0.0,27700.0,4.139,114650.3,127323.1692,0.9004669041807043,99.8308,12603.5,0
sh510300-hold-fee0.001,2022-04-14,12672.8692,0.0,27700.0,4.183,115869.1,128541.9692,0.9014106499311355,99.8308,12603.5,0
sh510300-hold-fee0.001,2022-04-15,12672.8692,0.0,27700.0,4.181,115813.7,128486.5692,0.9013681408188772,99.8308,12603.5,0
sh510300-hold-fee0.001,2022-04-16,12672.8692,0.0,27700.0,4.181,115813.7,128486.5692,0.9013681408188772,99.8308,12603.5,1
sh510300-hold-fee0.001,2022-04-17,12672.8692,0.0,27700.0,4.181,115813.7,128486.5692,0.9013681408188772,99.8308,12603.5,2
sh510300-hold-fee0.001,2022-04-18,12672.8692,0.0,27700.0,4.161,115259.7,127932.5692,0.9009410247973039,99.8308,12603.5,0
sh510300-hold-fee0.001,2022-04-19,12672.8692,0.0,27700.0,4.134,114511.8,127184.6692,0.9003585158516888,99.8308,12603.5,0
sh510300-hold-fee0.001,2022-04-20,12672.8692,0.0,27700.0,4.064,112572.8,125245.6692,0.8988159089176714,99.8308,12603.5,0
sh510300-hold-fee0.001,2022-04-21,12672.8692,0.0,27700.0,3.996,110689.2,123362.0692,0.8972709416907219,99.8308,12603.5,0
sh510300-hold-fee0.001,2022-04-22,12672.8692,0.0,27700.0,4.006,110966.2,123639.0692,0.8975010950664776,99.8308,12603.5,0
sh510300-hold-fee0.001,2022-04-23,12672.8692,0.0,27700.0,4.006,110966.2,123639.0692,0.8975010950664776,99.8308,12603.5,1
sh510300-hold-fee0.001,2022-04-24,12672.8692,0.0,27700.0,4.006,110966.2,123639.0692,0.8975010950664776,99.8308,12603.5,2
sh510300-hold-fee0.001,2022-04-25,12672.8692,0.0,27700.0,3.813,105620.1,118292.9692,0.8928687876743228,99.8308,12603.5,0
sh510300-hold-fee0.001,2022-04-26,12672.8692,0.0,27700.0,3.783,104789.1,117461.9692,0.8921108739593648,99.8308,12603.5,0
sh510300-hold-fee0.001,2022-04-27,12672.8692,0.0,27700.0,3.889,107725.3,120398.1692,0.8947420107447946,99.8308,12603.5,0
sh510300-hold-fee0.001,2022-04-28,12672.8692,0.0,27700.0,3.915,108445.5,121118.3692,0.8953679009740168,99.8308,12603.5,0
sh510300-hold-fee0.001,2022-04-29,12672.8692,0.0,27700.0,4.015,111215.5,123888.3692,0.8977073531451409,99.8308,12603.5,0
sh510300-hold-fee0.001,2022-04-30,12672.8692,0.0,27700.0,4.015,111215.5,123888.3692,0.8977073531451409,99.8308,12603.5,1
sh510300-hold-fee0.001,2022-05-01,12672.8692,0.0,27700.0,4.015,111215.5,123888.3692,0.8977073531451409,99.8308,12603.5,2
sh510300-hold-fee0.001,2022-05-02,12672.8692,0.0,27700.0,4.015,111215.5,123888.3692,0.8977073531451409,99.8308,12603.5,3
sh510300-hold-fee0.001,2022-05-03,12672.8692,0.0,27700.0,4.015,111215.5,123888.3692,0.8977073531451409,99.8308,12603.5,4
sh510300-hold-fee0.001,2022-05-04,12672.8692,0.0,27700.0,4.015,111215.5,123888.3692,0.8977073531451409,99.8308,12603.5,5
sh510300-hold-fee0.001,2022-05-05,12672.8692,0.0,27700.0,4.0,110800.0,123472.8692,0.897363126959716,99.8308,12603.5,0
sh510300-hold-fee0.001,2022-05-06,12672.8692,0.0,27700.0,3.903,108113.1,120785.9692,0.8950799560252235,99.8308,12603.5,0
sh510300-hold-fee0.001,2022-05-07,12672.8692,0.0,27700.0,3.903,108113.1,120785.9692,0.8950799560252235,99.8308,12603.5,1
sh510300-hold-fee0.001,2022-05-08,12672.8692,0.0,27700.0,3.903,108113.1,120785.9692,0.8950799560252235,99.8308,12603.5,2
sh510300-hold-fee0.001,2022-05-09,12672.8692,0.0,27700.0,3.871,107226.7,119899.5692,0.8943042974669837,99.8308,12603.5,0
sh510300-hold-fee0.001,2022-05-10,12672.8692,0.0,27700.0,3.916,108473.2,121146.0692,0.895391825061378,99.8308,12603.5,0
sh510300-hold-fee0.001,2022-05-11,12672.8692,0.0,27700.0,3.971,109996.7,122669.5692,0.8966910107971586,99.8308,12603.5,0
sh510300-hold-fee0.001,2022-05-12,12672.8692,0.0,27700.0,3.951,109442.7,122115.5692,0.8962223303463912,99.8308,12603.5,0
sh510300-hold-fee0.001,2022-05-13,12672.8692,0.0,27700.0,3.982,110301.4,122974.2692,0.8969469850689709,99.8308,12603.5,0
sh510300-hold-fee0.001,2022-05-14,12672.8692,0.0,27700.0,3.982,110301.4,122974.2692,0.8969469850689709,99.8308,12603.5,1
sh510300-hold-fee0.001,2022-05-15,12672.8692,0.0,27700.0,3.982,110301.4,122974.2692,0.8969469850689709,99.8308,12603.5,2
sh510300-hold-fee0.001,2022-05-16,12672.8692,0.0,27700.0,3.951,109442.7,122115.5692,0.8962223303463912,99.8308,12603.5,0
sh510300-hold-fee0.001,2022-05-17,12672.8692,0.0,27700.0,4.0,110800.0,123472.8692,0.897363126959716,99.8308,12603.5,0
sh510300-hold-fee0.001,2022-05-18,12672.8692,0.0,27700.0,3.986,110412.2,123085.0692,0.8970397524056476,99.8308,12603.5,0
sh510300-hold-fee0.001,2022-05-19,12672.8692,0.0,27700.0,3.995,110661.5,123334.3692,0.8972478694932994,99.8308,12603.5,0
sh510300-hold-fee0.001,2022-05-20,12672.8692,0.0,27700.0,4.079,112988.3,125661.1692,0.8991504751970747,99.8308,12603.5,0
sh510300-hold-fee0.001,2022-05-21,12672.8692,0.0,27700.0,4.079,112988.3,125661.1692,0.8991504751970747,99.8308,12603.5,1
sh510300-hold-fee0.001,2022-05-22,12672.8692,0.0,27700.0,4.079,112988.3,125661.1692,0.8991504751970747,99.8308,12603.5,2
sh510300-hold-fee0.001,2022-05-23,12672.8692,0.0,27700.0,4.047,112101.9,124774.7692,0.8984340401408653,99.8308,12603.5,0
sh510300-hold-fee0.001,2022-05-24,12672.8692,0.0,27700.0,3.965,109830.5,122503.3692,0.8965508517622061,99.8308,12603.5,0
sh510300-hold-fee0.001,2022-05-25,12672.8692,0.0,27700.0,3.982,110301.4,122974.2692,0.8969469850689709,99.8308,12603.5,0
sh510300-hold-fee0.001,2022-05-26,12672.8692,0.0,27700.0,3.992,110578.4,123251.2692,0.8971785906769388,99.8308,12603.5,0
sh510300-hold-fee0.001,2022-05-27,12672.8692,0.0,27700.0,4.002,110855.4,123528.2692,0.897409157579292,99.8308,12603.5,0
sh510300-hold-fee0.001,2022-05-28,12672.8692,0.0,27700.0,4.002,110855.4,123528.2692,0.897409157579292,99.8308,12603.5,1
sh510300-hold-fee0.001,2022-05-29,12672.8692,0.0,27700.0,4.002,110855.4,123528.2692,0.897409157579292,99.8308,12603.5,2
sh510300-hold-fee0.001,2022-05-30,12672.8692,0.0,27700.0,4.025,111492.5,124165.3692,0.8979355573808417,99.8308,12603.5,0
sh510300-hold-fee0.001,2022-05-31,12672.8692,0.0,27700.0,4.089,113265.3,125938.1692,0.8993722929235659,99.8308,12603.5,0
sh510300-hold-fee0.001,2022-06-01,12672.8692,0.0,27700.0,4.083,113099.1,125771.9692,0.8992393195351195,99.8308,12603.5,0
sh510300-hold-fee0.001,2022-06-02,12672.8692,0.0,27700.0,4.094,113403.8,126076.6692,0.8994828362740408,99.8308,12603.5,0
sh510300-hold-fee0.001,2022-06-03,12672.8692,0.0,27700.0,4.094,113403.8,126076.6692,0.8994828362740408,99.8308,12603.5,1
sh510300-hold-fee0.001,2022-06-04,12672.8692,0.0,27700.0,4.094,113403.8,126076.6692,0.8994828362740408,99.8308,12603.5,2
sh510300-hold-fee0.001,2022-06-05,12672.8692,0.0,27700.0,4.094,113403.8,126076.6692,0.8994828362740408,99.8308,12603.5,3
sh510300-hold-fee0.001,2022-06-06,12672.8692,0.0,27700.0,4.176,115675.2,128348.0692,0.9012617074881559,99.8308,12603.5,0
sh510300-hold-fee0.001,2022-06-07,12672.8692,0.0,27700.0,4.182,115841.4,128514.2692,0.901389399956219,99.8308,12603.5,0
sh510300-hold-fee0.001,2022-06-08,12672.8692,0.0,27700.0,4.224,117004.8,129677.6692,0.9022740825141234,99.8308,12603.5,0
sh510300-hold-fee0.001,2022-06-09,12672.8692,0.0,27700.0,4.19,116063.0,128735.8692,0.9015591437044493,99.8308,12603.5,0
sh510300-hold-fee0.001,2022-06-10,12672.8692,0.0,27700.0,4.248,117669.6,130342.4692,0.9027725247359362,99.8308,12603.5,0
sh510300-hold-fee0.001,2022-06-11,12672.8692,0.0,27700.0,4.248,117669.6,130342.4692,0.9027725247359362,99.8308,12603.5,1
sh510300-hold-fee0.001,2022-06-12,12672.8692,0.0,27700.0,4.248,117669.6,130342.4692,0.9027725247359362,99.8308,12603.5,2
sh510300-hold-fee0.001,2022-06-13,12672.8692,0.0,27700.0,4.196,116229.2,128902.0692,0.9016860685119242,99.8308,12603.5,0
sh510300-hold-fee0.001,2022-06-14,12672.8692,0.0,27700.0,4.236,117337.2,130010.0692,0.9025239408148857,99.8308,12603.5,0
sh510300-hold-fee0.001,2022-06-15,12672.8692,0.0,27700.0,4.285,118694.5,131367.3692,0.9035310726158624,99.8308,12603.5,0
sh510300-hold-fee0.001,2022-06-16,12672.8692,0.0,27700.0,4.258,117946.6,130619.4692,0.90297871153805,99.8308,12603.5,0
sh510300-hold-fee0.001,2022-06-17,12672.8692,0.0,27700.0,4.321,119691.7,132364.5692,0.9042578442509674,99.8308,12603.5,0
sh510300-hold-fee0.001,2022-06-18,12672.8692,0.0,27700.0,4.321,119691.7,132364.5692,0.9042578442509674,99.8308,12603.5,1
sh510300-hold-fee0.001,2022-06-19,12672.8692,0.0,27700.0,4.321,119691.7,132364.5692,0.9042578442509674,99.8308,12603.5,2
sh510300-hold-fee0.001,2022-06-20,12672.8692,0.0,27700.0,4.342,120273.4,132946.2692,0.904676759443807,99.8308,12603.5,0
sh510300-hold-fee0.001,2022-06-21,12672.8692,0.0,27700.0,4.34,120218.0,132890.8692,0.9046370207653063,99.8308,12603.5,0
sh510300-hold-fee0.001,2022-06-22,12672.8692,0.0,27700.0,4.29,118833.0,131505.8692,0.9036326722366548,99.8308,12603.5,0
sh510300-hold-fee0.001,2022-06-23,12672.8692,0.0,27700.0,4.365,120910.5,133583.3692,0.9051313851724591,99.8308,12603.5,0
sh510300-hold-fee0.001,2022-06-24,12672.8692,0.0,27700.0,4.413,122240.1,134912.9692,0.9060663383576321,99.8308,12603.5,0
sh510300-hold-fee0.001,2022-06-25,12672.8692,0.0,27700.0,4.413,122240.1,134912.9692,0.9060663383576321,99.8308,12603.5,1
sh510300-hold-fee0.001,2022-06-26,12672.8692,0.0,27700.0,4.413,122240.1,134912.9692,0.9060663383576321,99.8308,12603.5,2
sh510300-hold-fee0.001,2022-06-27,12672.8692,0.0,27700.0,4.461,123569.7,136242.5692,0.9069830430062089,99.8308,12603.5,0
sh510300-hold-fee0.001,2022-06-28,12672.8692,0.0,27700.0,4.513,125010.1,137682.9692,0.9079561599111707,99.8308,12603.5,0
sh510300-hold-fee0.001,2022-06-29,12672.8692,0.0,27700.0,4.458,123486.6,136159.4692,0.9069262734758076,99.8308,12603.5,0
sh510300-hold-fee0.001,2022-06-30,12672.8692,0.0,27700.0,4.508,124871.6,137544.4692,0.9078634766362529,99.8308,12603.5,0
sh510300-hold-fee0.001,2022-07-01,12672.8692,0.0,27700.0,4.493,124456.1,137128.9692,0.9075843034923069,99.8308,12603.5,0
sh510300-hold-fee0.001,2022-07-02,12672.8692,0.0,27700.0,4.493,124456.1,137128.9692,0.9075843034923069,99.8308,12603.5,1
sh510300-hold-fee0.001,2022-07-03,12672.8692,0.0,27700.0,4.493,124456.1,137128.9692,0.9075843034923069,99.8308,12603.5,2
sh510300-hold-fee0.001,2022-07-04,12672.8692,0.0,27700.0,4.521,125231.7,137904.5692,0.9081040659238723,99.8308,12603.5,0
sh510300-hold-fee0.001,2022-07-05,12672.8692,0.0,27700.0,4.511,124954.7,137627.5692,0.9079191089861958,99.8308,12603.5,0
sh510300-hold-fee0.001,2022-07-06,12672.8692,0.0,27700.0,4.452,123320.4,135993.2692,0.9068125262775872,99.8308,12603.5,0
sh510300-hold-fee0.001,2022-07-07,12672.8692,0.0,27700.0,4.468,123763.6,136436.4692,0.9071152363124917,99.8308,12603.5,0
sh510300-hold-fee0.001,2022-07-08,12672.8692,0.0,27700.0,4.464,123652.8,136325.6692,0.9070397433266368,99.8308,12603.5,0
sh510300-hold-fee0.001,2022-07-09,12672.8692,0.0,27700.0,4.464,123652.8,136325.6692,0.9070397433266368,99.8308,12603.5,1
sh510300-hold-fee0.001,2022-07-10,12672.8692,0.0,27700.0,4.464,123652.8,136325.6692,0.9070397433266368,99.8308,12603.5,2
sh510300-hold-fee0.001,2022-07-11,12672.8692,0.0,27700.0,4.388,121547.6,134220.4692,0.9055816949863561,99.8308,12603.5,0
sh510300-hold-fee0.001,2022-07-12,12672.8692,0.0,27700.0,4.352,120550.4,133223.2692,0.904874957084449,99.8308,12603.5,0
sh510300-hold-fee0.001,2022-07-13,12672.8692,0.0,27700.0,4.359,120744.3,133417.1692,0.9050132057516328,99.8308,12603.5,0
sh510300-hold-fee0.001,2022-07-14,12672.8692,0.0,27700.0,4.36,120772.0,133444.8692,0.905032922764482,99.8308,12603.5,0
sh510300-hold-fee0.001,2022-07-15,12672.8692,0.0,27700.0,4.295,118971.5,131644.3692,0.9037340580762189,99.8308,12603.5,0
sh510300-hold-fee0.001,2022-07-16,12672.8692,0.0,27700.0,4.295,118971.5,131644.3692,0.9037340580762189,99.8308,12603.5,1
sh510300-hold-fee0.001,2022-07-17,12672.8692,0.0,27700.0,4.295,118971.5,131644.3692,0.9037340580762189,99.8308,12603.5,2
sh510300-hold-fee0.001,2022-07-18,12672.8692,0.0,27700.0,4.341,120245.7,132918.5692,0.9046568942452925,99.8308,12603.5,0
sh510300-hold-fee0.001,2022-07-19,12672.8692,0.0,27700.0,4.319,119636.3,132309.1692,0.9042177554539432,99.8308,12603.5,0
sh510300-hold-fee0.001,2022-07-20,12672.8692,0.0,27700.0,4.331,119968.7,132641.5692,0.9044577859231177,99.8308,12603.5,0
sh510300-hold-fee0.001,2022-07-21,12672.8692,0.0,27700.0,4.286,118722.2,131395.0692,0.9035514096749683,99.8308,12603.5,0
sh510300-hold-fee0.001,2022-07-22,12672.8692,0.0,27700.0,4.289,118805.3,131478.1692,0.9036123694366137,99.8308,12603.5,0
sh510300-hold-fee0.001,2022-07-23,12672.8692,0.0,27700.0,4.289,118805.3,131478.1692,0.9036123694366137,99.8308,12603.5,1
sh510300-hold-fee0.001,2022-07-24,12672.8692,0.0,27700.0,4.289,118805.3,131478.1692,0.9036123694366137,99.8308,12603.5,2
sh510300-hold-fee0.001,2022-07-25,12672.8692,0.0,27700.0,4.271,118306.7,130979.5692,0.9032454505889458,99.8308,12603.5,0
sh510300-hold-fee0.001,2022-07-26,12672.8692,0.0,27700.0,4.3,119110.0,131782.8692,0.9038352308085883,99.8308,12603.5,0
sh510300-hold-fee0.001,2022-07-27,12672.8692,0.0,27700.0,4.276,118445.2,131118.0692,0.903347652407316,99.8308,12603.5,0
sh510300-hold-fee0.001,2022-07-28,12672.8692,0.0,27700.0,4.279,118528.3,131201.1692,0.9034088699264426,99.8308,12603.5,0
sh510300-hold-fee0.001,2022-07-29,12672.8692,0.0,27700.0,4.22,116894.0,129566.8692,0.9021905115231418,99.8308,12603.5,0
sh510300-hold-fee0.001,2022-07-30,12672.8692,0.0,27700.0,4.22,116894.0,129566.8692,0.9021905115231418,99.8308,12603.5,1
sh510300-hold-fee0.001,2022-07-31,12672.8692,0.0,27700.0,4.22,116894.0,129566.8692,0.9021905115231418,99.8308,12603.5,2
sh510300-hold-fee0.001,2022-08-01,12672.8692,0.0,27700.0,4.238,117392.6,130065.4692,0.9025654597031201,99.8308,12603.5,0
sh510300-hold-fee0.001,2022-08-02,12672.8692,0.0,27700.0,4.167,115425.9,128098.7692,0.9010695475128734,99.8308,12603.5,0
sh510300-hold-fee0.001,2022-08-03,12672.8692,0.0,27700.0,4.122,114179.4,126852.2692,0.9000974182021176,99.8308,12603.5,0
sh510300-hold-fee0.001,2022-08-04,12672.8692,0.0,27700.0,4.153,115038.1,127710.9692,0.9007691408233397,99.8308,12603.5,0
sh510300-hold-fee0.001,2022-08-05,12672.8692,0.0,27700.0,4.218,116838.6,129511.4692,0.9021486724049919,99.8308,12603.5,0
sh510300-hold-fee0.001,2022-08-06,12672.8692,0.0,27700.0,4.218,116838.6,129511.4692,0.9021486724049919,99.8308,12603.5,1
sh510300-hold-fee0.001,2022-08-07,12672.8692,0.0,27700.0,4.218,116838.6,129511.4692,0.9021486724049919,99.8308,12603.5,2
sh510300-hold-fee0.001,2022-08-08,12672.8692,0.0,27700.0,4.204,116450.8,129123.6692,0.9018547933270781,99.8308,12603.5,0
sh510300-hold-fee0.001,2022-08-09,12672.8692,0.0,27700.0,4.211,116644.7,129317.5692,0.902001953188585,99.8308,12603.5,0
sh510300-hold-fee0.001,2022-08-10,12672.8692,0.0,27700.0,4.166,115398.2,128071.0692,0.9010481502250158,99.8308,12603.5,0
sh510300-hold-fee0.001,2022-08-11,12672.8692,0.0,27700.0,4.254,117835.8,130508.6692,0.9028963418469982,99.8308,12603.5,0
sh510300-hold-fee0.001,2022-08-12,12672.8692,0.0,27700.0,4.255,117863.5,130536.3692,0.9029169473789838,99.8308,12603.5,0
sh510300-hold-fee0.001,2022-08-13,12672.8692,0.0,27700.0,4.255,117863.5,130536.3692,0.9029169473789838,99.8308,12603.5,1
sh510300-hold-fee0.001,2022-08-14,12672.8692,0.0,27700.0,4.255,117863.5,130536.3692,0.9029169473789838,99.8308,12603.5,2
sh510300-hold-fee0.001,2022-08-15,12672.8692,0.0,27700.0,4.245,117586.5,130259.3692,0.9027104976952399,99.8308,12603.5,0
sh510300-hold-fee0.001,2022-08-16,12672.8692,0.0,27700.0,4.235,117309.5,129982.3692,0.9025031680988932,99.8308,12603.5,0
sh510300-hold-fee0.001,2022-08-17,12672.8692,0.0,27700.0,4.276,118445.2,131118.0692,0.903347652407316,99.8308,12603.5,0
sh510300-hold-fee0.001,2022-08-18,12672.8692,0.0,27700.0,4.239,117420.3,130093.1692,0.9025862058866654,99.8308,12603.5,0
sh510300-hold-fee0.001,2022-08-19,12672.8692,0.0,27700.0,4.209,116589.3,129262.1692,0.9019599525643733,99.8308,12603.5,0
sh510300-hold-fee0.001,2022-08-20,12672.8692,0.0,27700.0,4.209,116589.3,129262.1692,0.9019599525643733,99.8308,12603.5,1
sh510300-hold-fee0.001,2022-08-21,12672.8692,0.0,27700.0,4.209,116589.3,129262.1692,0.9019599525643733,99.8308,12603.5,2
sh510300-hold-fee0.001,2022-08-22,12672.8692,0.0,27700.0,4.236,117337.2,130010.0692,0.9025239408148857,99.8308,12603.5,0
sh510300-hold-fee0.001,2022-08-23,12672.8692,0.0,27700.0,4.222,116949.4,129622.2692,0.9022323148775735,99.8308,12603.5,0
sh510300-hold-fee0.001,2022-08-24,12672.8692,0.0,27700.0,4.145,114816.5,127489.3692,0.9005966593173794,99.8308,12603.5,0
sh510300-hold-fee0.001,2022-08-25,12672.8692,0.0,27700.0,4.181,115813.7,128486.5692,0.9013681408188772,99.8308,12603.5,0
sh510300-hold-fee0.001,2022-08-26,12672.8692,0.0,27700.0,4.175,115647.5,128320.3692,0.9012403932516116,99.8308,12603.5,0
sh510300-hold-fee0.001,2022-08-27,12672.8692,0.0,27700.0,4.175,115647.5,128320.3692,0.9012403932516116,99.8308,12603.5,1
sh510300-hold-fee0.001,2022-08-28,12672.8692,0.0,27700.0,4.175,115647.5,128320.3692,0.9012403932516116,99.8308,12603.5,2
sh510300-hold-fee0.001,2022-08-29,12672.8692,0.0,27700.0,4.15,114955.0,127627.8692,0.9007045304490596,99.8308,12603.5,0
sh510300-hold-fee0.001,2022-08-30,12672.8692,0.0,27700.0,4.141,114705.7,127378.5692,0.9005101935153469,99.8308,12603.5,0
sh510300-hold-fee0.001,2022-08-31,12672.8692,0.0,27700.0,4.141,114705.7,127378.5692,0.9005101935153469,99.8308,12603.5,0
sh510300-hold-fee0.001,2022-09-01,12672.8692,0.0,27700.0,4.107,113763.9,126436.7692,0.899769115580976,99.8308,12603.5,0
sh510300-hold-fee0.001,2022-09-02,12672.8692,0.0,27700.0,4.084,113126.8,125799.6692,0.8992615061661863,99.8308,12603.5,0
sh510300-hold-fee0.001,2022-09-03,12672.8692,0.0,27700.0,4.084,113126.8,125799.6692,0.8992615061661863,99.8308,12603.5,1
sh510300-hold-fee0.001,2022-09-04,12672.8692,0.0,27700.0,4.084,113126.8,125799.6692,0.8992615061661863,99.8308,12603.5,2
sh510300-hold-fee0.001,2022-09-05,12672.8692,0.0,27700.0,4.082,113071.4,125744.2692,0.899217123129139,99.8308,12603.5,0
sh510300-hold-fee0.001,2022-09-06,12672.8692,0.0,27700.0,4.111,113874.7,126547.5692,0.8998568737423049,99.8308,12603.5,0
sh510300-hold-fee0.001,2022-09-07,12672.8692,0.0,27700.0,4.119,114096.3,126769.1692,0.9000319298456048,99.8308,12603.5,0
sh510300-hold-fee0.001,2022-09-08,12672.8692,0.0,27700.0,4.101,113597.7,126270.5692,0.899637189566102,99.8308,12603.5,0
sh510300-hold-fee0.001,2022-09-09,12672.8692,0.0,27700.0,4.159,115204.3,127877.1692,0.9008981096525556,99.8308,12603.5,0
sh510300-hold-fee0.001,2022-09-10,12672.8692,0.0,27700.0,4.159,115204.3,127877.1692,0.9008981096525556,99.8308,12603.5,1
sh510300-hold-fee0.001,2022-09-11,12672.8692,0.0,27700.0,4.159,115204.3,127877.1692,0.9008981096525556,99.8308,12603.5,2
sh510300-hold-fee0.001,2022-09-12,12672.8692,0.0,27700.0,4.159,115204.3,127877.1692,0.9008981096525556,99.8308,12603.5,3
sh510300-hold-fee0.001,2022-09-13,12672.8692,0.0,27700.0,4.173,115592.1,128264.9692,0.9011977371604905,99.8308,12603.5,0
sh510300-hold-fee0.001,2022-09-14,12672.8692,0.0,27700.0,4.127,114317.9,126990.7692,0.90020637500005,99.8308,12603.5,0
sh510300-hold-fee0.001,2022-09-15,12672.8692,0.0,27700.0,4.09,113293.0,125965.8692,0.899394421040521,99.8308,12603.5,0
sh510300-hold-fee0.001,2022-09-16,12672.8692,0.0,27700.0,4.0,110800.0,123472.8692,0.897363126959716,99.8308,12603.5,0
sh510300-hold-fee0.001,2022-09-17,12672.8692,0.0,27700.0,4.0,110800.0,123472.8692,0.897363126959716,99.8308,12603.5,1
sh510300-hold-fee0.001,2022-09-18,12672.8692,0.0,27700.0,4.0,110800.0,123472.8692,0.897363126959716,99.8308,12603.5,2
sh510300-hold-fee0.001,2022-09-19,12672.8692,0.0,27700.0,3.989,110495.3,123168.1692,0.8971092183775027,99.8308,12603.5,0
sh510300-hold-fee0.001,2022-09-20,12672.8692,0.0,27700.0,3.991,110550.7,123223.5692,0.897155476973475,99.8308,12603.5,0
sh510300-hold-fee0.001,2022-09-21,12672.8692,0.0,27700.0,3.961,109719.7,122392.5692,0.8964572009327507,99.8308,12603.5,0
sh510300-hold-fee0.001,2022-09-22,12672.8692,0.0,27700.0,3.932,108916.4,121589.2692,0.8957731279792904,99.8308,12603.5,0
sh510300-hold-fee0.001,2022-09-23,12672.8692,0.0,27700.0,3.924,108694.8,121367.6692,0.895582824622622,99.8308,12603.5,0
sh510300-hold-fee0.001,2022-09-24,12672.8692,0.0,27700.0,3.924,108694.8,121367.6692,0.895582824622622,99.8308,12603.5,1
sh510300-hold-fee0.001,2022-09-25,12672.8692,0.0,27700.0,3.924,108694.8,121367.6692,0.895582824622622,99.8308,12603.5,2
sh510300-hold-fee0.001,2022-09-26,12672.8692,0.0,27700.0,3.899,108002.3,120675.1692,0.8949836218667593,99.8308,12603.5,0
sh510300-hold-fee0.001,2022-09-27,12672.8692,0.0,27700.0,3.949,109387.3,122060.1692,0.8961752283069914,99.8308,12603.5,0
sh510300-hold-fee0.001,2022-09-28,12672.8692,0.0,27700.0,3.893,107836.1,120508.9692,0.8948387884808162,99.8308,12603.5,0
sh510300-hold-fee0.001,2022-09-29,12672.8692,0.0,27700.0,3.894,107863.8,120536.6692,0.8948629551147411,99.8308,12603.5,0
sh510300-hold-fee0.001,2022-09-30,12672.8692,0.0,27700.0,3.868,107143.6,119816.4692,0.8942309910764755,99.8308,12603.5,0
sh510300-hold-fee0.001,2022-10-01,12672.8692,0.0,27700.0,3.868,107143.6,119816.4692,0.8942309910764755,99.8308,12603.5,1
sh510300-hold-fee0.001,2022-10-02,12672.8692,0.0,27700.0,3.868,107143.6,119816.4692,0.8942309910764755,99.8308,12603.5,2
sh510300-hold-fee0.001,2022-10-03,12672.8692,0.0,27700.0,3.868,107143.6,119816.4692,0.8942309910764755,99.8308,12603.5,3
sh510300-hold-fee0.001,2022-10-04,12672.8692,0.0,27700.0,3.868,107143.6,119816.4692,0.8942309910764755,99.8308,12603.5,4
sh510300-hold-fee0.001,2022-10-05,12672.8692,0.0,27700.0,3.868,107143.6,119816.4692,0.8942309910764755,99.8308,12603.5,5
sh510300-hold-fee0.001,2022-10-06,12672.8692,0.0,27700.0,3.868,107143.6,119816.4692,0.8942309910764755,99.8308,12603.5,6
sh510300-hold-fee0.001,2022-10-07,12672.8692,0.0,27700.0,3.868,107143.6,119816.4692,0.8942309910764755,99.8308,12603.5,7
sh510300-hold-fee0.001,2022-10-08,12672.8692,0.0,27700.0,3.868,107143.6,119816.4692,0.8942309910764755,99.8308,12603.5,8
sh510300-hold-fee0.001,2022-10-09,12672.8692,0.0,27700.0,3.868,107143.6,119816.4692,0.8942309910764755,99.8308,12603.5,9
sh510300-hold-fee0.001,2022-10-10,12672.8692,0.0,27700.0,3.789,104955.3,117628.1692,0.892263313403674,99.8308,12603.5,0
sh510300-hold-fee0.001,2022-10-11,12672.8692,0.0,27700.0,3.786,104872.2,117545.0692,0.8921871475660333,99.8308,12603.5,0
sh510300-hold-fee0.001,2022-10-12,12672.8692,0.0,27700.0,3.848,106589.6,119262.4692,0.8937396711219526,99.8308,12603.5,0
sh510300-hold-fee0.001,2022-10-13,12672.8692,0.0,27700.0,3.815,105675.5,118348.3692,0.8929189368162413,99.8308,12603.5,0
sh510300-hold-fee0.001,2022-10-14,12672.8692,0.0,27700.0,3.903,108113.1,120785.9692,0.8950799560252235,99.8308,12603.5,0
sh510300-hold-fee0.001,2022-10-15,12672.8692,0.0,27700.0,3.903,108113.1,120785.9692,0.8950799560252235,99.8308,12603.5,1
sh510300-hold-fee0.001,2022-10-16,12672.8692,0.0,27700.0,3.903,108113.1,120785.9692,0.8950799560252235,99.8308,12603.5,2
sh510300-hold-fee0.001,2022-10-17,12672.8692,0.0,27700.0,3.902,108085.4,120758.2692,0.8950558890587346,99.8308,12603.5,0
sh510300-hold-fee0.001,2022-10-18,12672.8692,0.0,27700.0,3.895,107891.5,120564.3692,0.894887110643963,99.8308,12603.5,0
sh510300-hold-fee0.001,2022-10-19,12672.8692,0.0,27700.0,3.836,106257.2,118930.0692,0.893442682029483,99.8308,12603.5,0
sh510300-hold-fee0.001,2022-10-20,12672.8692,0.0,27700.0,3.824,105924.8,118597.6692,0.893144028162739,99.8308,12603.5,0
sh510300-hold-fee0.001,2022-10-21,12672.8692,0.0,27700.0,3.802,105315.4,117988.2692,0.8925921255907363,99.8308,12603.5,0
sh510300-hold-fee0.001,2022-10-22,12672.8692,0.0,27700.0,3.802,105315.4,117988.2692,0.8925921255907363,99.8308,12603.5,1
sh510300-hold-fee0.001,2022-10-23,12672.8692,0.0,27700.0,3.802,105315.4,117988.2692,0.8925921255907363,99.8308,12603.5,2
sh510300-hold-fee0.001,2022-10-24,12672.8692,0.0,27700.0,3.704,102600.8,115273.6692,0.8900627585818185,99.8308,12603.5,0
sh510300-hold-fee0.001,2022-10-25,12672.8692,0.0,27700.0,3.688,102157.6,114830.4692,0.889638444497447,99.8308,12603.5,0
sh510300-hold-fee0.001,2022-10-26,12672.8692,0.0,27700.0,3.716,102933.2,115606.0692,0.8903788591057813,99.8308,12603.5,0
sh510300-hold-fee0.001,2022-10-27,12672.8692,0.0,27700.0,3.69,102213.0,114885.8692,0.8896916627932864,99.8308,12603.5,0
sh510300-hold-fee0.001,2022-10-28,12672.8692,0.0,27700.0,3.604,99830.8,112503.6692,0.8873559476760603,99.8308,12603.5,0
sh510300-hold-fee0.001,2022-10-29,12672.8692,0.0,27700.0,3.604,99830.8,112503.6692,0.8873559476760603,99.8308,12603.5,1
sh510300-hold-fee0.001,2022-10-30,12672.8692,0.0,27700.0,3.604,99830.8,112503.6692,0.8873559476760603,99.8308,12603.5,2
sh510300-hold-fee0.001,2022-10-31,12672.8692,0.0,27700.0,3.565,98750.5,111423.3692,0.8862638126006335,99.8308,12603.5,0
sh510300-hold-fee0.001,2022-11-01,12672.8692,0.0,27700.0,3.703,102573.1,115245.9692,0.8900363345636213,99.8308,12603.5,0
sh510300-hold-fee0.001,2022-11-02,12672.8692,0.0,27700.0,3.737,103514.9,116187.7692,0.8909276829458225,99.8308,12603.5,0
sh510300-hold-fee0.001,2022-11-03,12672.8692,0.0,27700.0,3.707,102683.9,115356.7692,0.8901419544957229,99.8308,12603.5,0
sh510300-hold-fee0.001,2022-11-04,12672.8692,0.0,27700.0,3.834,106201.8,118874.6692,0.8933930223714978,99.8308,12603.5,0
sh510300-hold-fee0.001,2022-11-05,12672.8692,0.0,27700.0,3.834,106201.8,118874.6692,0.8933930223714978,99.8308,12603.5,1
sh510300-hold-fee0.001,2022-11-06,12672.8692,0.0,27700.0,3.834,106201.8,118874.6692,0.8933930223714978,99.8308,12603.5,2
sh510300-hold-fee0.001,2022-11-07,12672.8692,0.0,27700.0,3.834,106201.8,118874.6692,0.8933930223714978,99.8308,12603.5,0
sh510300-hold-fee0.001,2022-11-08,12672.8692,0.0,27700.0,3.811,105564.7,118237.5692,0.8928185915378241,99.8308,12603.5,0
sh510300-hold-fee0.001,2022-11-09,12672.8692,0.0,27700.0,3.771,104456.7,117129.5692,0.8918046972548755,99.8308,12603.5,0
sh510300-hold-fee0.001,2022-11-10,12672.8692,0.0,27700.0,3.75,103875.0,116547.8692,0.8912646856009616,99.8308,12603.5,0
sh510300-hold-fee0.001,2022-11-11,12672.8692,0.0,27700.0,3.848,106589.6,119262.4692,0.8937396711219526,99.8308,12603.5,0
sh510300-hold-fee0.001,2022-11-12,12672.8692,0.0,27700.0,3.848,106589.6,119262.4692,0.8937396711219526,99.8308,12603.5,1
sh510300-hold-fee0.001,2022-11-13,12672.8692,0.0,27700.0,3.848,106589.6,119262.4692,0.8937396711219526,99.8308,12603.5,2
sh510300-hold-fee0.001,2022-11-14,12672.8692,0.0,27700.0,3.85,106645.0,119317.8692,0.8937890084279179,99.8308,12603.5,0
sh510300-hold-fee0.001,2022-11-15,12672.8692,0.0,27700.0,3.925,108722.5,121395.3692,0.8956066505377044,99.8308,12603.5,0
sh510300-hold-fee0.001,2022-11-16,12672.8692,0.0,27700.0,3.896,107919.2,120592.0692,0.894911255076134,99.8308,12603.5,0
sh510300-hold-fee0.001,2022-11-17,12672.8692,0.0,27700.0,3.879,107448.3,120121.1692,0.8944992853099868,99.8308,12603.5,0
sh510300-hold-fee0.001,2022-11-18,12672.8692,0.0,27700.0,3.866,107088.2,119761.0692,0.8941820636317432,99.8308,12603.5,0
sh510300-hold-fee0.001,2022-11-19,12672.8692,0.0,27700.0,3.866,107088.2,119761.0692,0.8941820636317432,99.8308,12603.5,1
sh510300-hold-fee0.001,2022-11-20,12672.8692,0.0,27700.0,3.866,107088.2,119761.0692,0.8941820636317432,99.8308,12603.5,2
sh510300-hold-fee0.001,2022-11-21,12672.8692,0.0,27700.0,3.833,106174.1,118846.9692,0.8933681751810294,99.8308,12603.5,0
sh510300-hold-fee0.001,2022-11-22,12672.8692,0.0,27700.0,3.831,106118.7,118791.5692,0.893318446036657,99.8308,12603.5,0
sh510300-hold-fee0.001,2022-11-23,12672.8692,0.0,27700.0,3.834,106201.8,118874.6692,0.8933930223714978,99.8308,12603.5,0
sh510300-hold-fee0.001,2022-11-24,12672.8692,0.0,27700.0,3.816,105703.2,118376.0692,0.8929439937848519,99.8308,12603.5,0
sh510300-hold-fee0.001,2022-11-25,12672.8692,0.0,27700.0,3.837,106284.9,118957.7692,0.8934674945131704,99.8308,12603.5,0
sh510300-hold-fee0.001,2022-11-26,12672.8692,0.0,27700.0,3.837,106284.9,118957.7692,0.8934674945131704,99.8308,12603.5,1
sh510300-hold-fee0.001,2022-11-27,12672.8692,0.0,27700.0,3.837,106284.9,118957.7692,0.8934674945131704,99.8308,12603.5,2
sh510300-hold-fee0.001,2022-11-28,12672.8692,0.0,27700.0,3.792,105038.4,117711.2692,0.8923393717005305,99.8308,12603.5,0
sh510300-hold-fee0.001,2022-11-29,12672.8692,0.0,27700.0,3.908,108251.6,120924.4692,0.8952001254680719,99.8308,12603.5,0
sh510300-hold-fee0.001,2022-11-30,12672.8692,0.0,27700.0,3.911,108334.7,121007.5692,0.8952720950946926,99.8308,12603.5,0
sh510300-hold-fee0.001,2022-12-01,12672.8692,0.0,27700.0,3.956,109581.2,122254.0692,0.8963398986804441,99.8308,12603.5,0
sh510300-hold-fee0.001,2022-12-02,12672.8692,0.0,27700.0,3.933,108944.1,121616.9692,0.8957968671365312,99.8308,12603.5,0
sh510300-hold-fee0.001,2022-12-03,12672.8692,0.0,27700.0,3.933,108944.1,121616.9692,0.8957968671365312,99.8308,12603.5,1
sh510300-hold-fee0.001,2022-12-04,12672.8692,0.0,27700.0,3.933,108944.1,121616.9692,0.8957968671365312,99.8308,12603.5,2
sh510300-hold-fee0.001,2022-12-05,12672.8692,0.0,27700.0,4.004,110910.8,123583.6692,0.8974551469297207,99.8308,12603.5,0
sh510300-hold-fee0.001,2022-12-06,12672.8692,0.0,27700.0,4.027,111547.9,124220.7692,0.8979810760985047,99.8308,12603.5,0
sh510300-hold-fee0.001,2022-12-07,12672.8692,0.0,27700.0,4.015,111215.5,123888.3692,0.8977073531451409,99.8308,12603.5,0
sh510300-hold-fee0.001,2022-12-08,12672.8692,0.0,27700.0,4.024,111464.8,124137.6692,0.897912782786484,99.8308,12603.5,0
sh510300-hold-fee0.001,2022-12-09,12672.8692,0.0,27700.0,4.058,112406.6,125079.4692,0.8986814600265349,99.8308,12603.5,0
sh510300-hold-fee0.001,2022-12-10,12672.8692,0.0,27700.0,4.058,112406.6,125079.4692,0.8986814600265349,99.8308,12603.5,1
sh510300-hold-fee0.001,2022-12-11,12672.8692,0.0,27700.0,4.058,112406.6,125079.4692,0.8986814600265349,99.8308,12603.5,2
sh510300-hold-fee0.001,2022-12-12,12672.8692,0.0,27700.0,4.016,111243.2,123916.0692,0.89773021947988,99.8308,12603.5,0
sh510300-hold-fee0.001,2022-12-13,12672.8692,0.0,27700.0,4.005,110938.5,123611.3692,0.8974781261463448,99.8308,12603.5,0
sh510300-hold-fee0.001,2022-12-14,12672.8692,0.0,27700.0,4.015,111215.5,123888.3692,0.8977073531451409,99.8308,12603.5,0
sh510300-hold-fee0.001,2022-12-15,12672.8692,0.0,27700.0,4.013,111160.1,123832.9692,0.8976615897860584,99.8308,12603.5,0
sh510300-hold-fee0.001,2022-12-16,12672.8692,0.0,27700.0,4.017,111270.9,123943.7692,0.897753075593896,99.8308,12603.5,0
sh510300-hold-fee0.001,2022-12-17,12672.8692,0.0,27700.0,4.017,111270.9,123943.7692,0.897753075593896,99.8308,12603.5,1
sh510300-hold-fee0.001,2022-12-18,12672.8692,0.0,27700.0,4.017,111270.9,123943.7692,0.897753075593896,99.8308,12603.5,2
sh510300-hold-fee0.001,2022-12-19,12672.8692,0.0,27700.0,3.959,109664.3,122337.1692,0.8964103119038004,99.8308,12603.5,0
sh510300-hold-fee0.001,2022-12-20,12672.8692,0.0,27700.0,3.896,107919.2,120592.0692,0.894911255076134,99.8308,12603.5,0
sh510300-hold-fee0.001,2022-12-21,12672.8692,0.0,27700.0,3.893,107836.1,120508.9692,0.8948387884808162,99.8308,12603.5,0
sh510300-hold-fee0.001,2022-12-22,12672.8692,0.0,27700.0,3.901,108057.7,120730.5692,0.8950318110485641,99.8308,12603.5,0
sh510300-hold-fee0.001,2022-12-23,12672.8692,0.0,27700.0,3.891,107780.7,120453.5692,0.8947904218682131,99.8308,12603.5,0
sh510300-hold-fee0.001,2022-12-24,12672.8692,0.0,27700.0,3.891,107780.7,120453.5692,0.8947904218682131,99.8308,12603.5,1
sh510300-hold-fee0.001,2022-12-25,12672.8692,0.0,27700.0,3.891,107780.7,120453.5692,0.8947904218682131,99.8308,12603.5,2
sh510300-hold-fee0.001,2022-12-26,12672.8692,0.0,27700.0,3.9,108030.0,120702.8692,0.8950077219871092,99.8308,12603.5,0
sh510300-hold-fee0.001,2022-12-27,12672.8692,0.0,27700.0,3.947,109331.9,122004.7692,0.896128083491346,99.8308,12603.5,0
sh510300-hold-fee0.001,2022-12-28,12672.8692,0.0,27700.0,3.934,108971.8,121644.6692,0.8958205954823707,99.8308,12603.5,0
sh510300-hold-fee0.001,2022-12-29,12672.8692,0.0,27700.0,3.922,108639.4,121312.2692,0.8955351401505232,99.8308,12603.5,0
sh510300-hold-fee0.001,2022-12-30,12672.8692,0.0,27700.0,3.938,109082.6,121755.4692,0.8959154008992969,99.8308,12603.5,0
sh510300-hold-fee0.001,2022-12-31,12672.8692,0.0,27700.0,3.938,109082.6,121755.4692,0.8959154008992969,99.8308,12603.5,1
sh510300-hold-fee0.001,2023-01-01,12672.8692,0.0,27700.0,3.938,109082.6,121755.4692,0.8959154008992969,99.8308,12603.5,2
sh510300-hold-fee0.001,2023-01-02,12672.8692,0.0,27700.0,3.938,109082.6,121755.4692,0.8959154008992969,99.8308,12603.5,3
sh510300-hold-fee0.001,2023-01-03,12672.8692,0.0,27700.0,3.949,109387.3,122060.1692,0.8961752283069914,99.8308,12603.5,0
sh510300-hold-fee0.001,2023-01-04,12672.8692,0.0,27700.0,3.954,109525.8,122198.6692,0.8962929033272975,99.8308,12603.5,0
sh510300-hold-fee0.001,2023-01-05,12672.8692,0.0,27700.0,4.029,111603.3,124276.1692,0.8980265542333759,99.8308,12603.5,0
sh510300-hold-fee0.001,2023-01-06,12672.8692,0.0,27700.0,4.045,112046.5,124719.3692,0.8983889248214703,99.8308,12603.5,0
sh510300-hold-fee0.001,2023-01-07,12672.8692,0.0,27700.0,4.045,112046.5,124719.3692,0.8983889248214703,99.8308,12603.5,1
sh510300-hold-fee0.001,2023-01-08,12672.8692,0.0,27700.0,4.045,112046.5,124719.3692,0.8983889248214703,99.8308,12603.5,2
sh510300-hold-fee0.001,2023-01-09,12672.8692,0.0,27700.0,4.07,112739.0,125411.8692,0.898950001456481,99.8308,12603.5,0
sh510300-hold-fee0.001,2023-01-10,12672.8692,0.0,27700.0,4.076,112905.2,125578.0692,0.8990837390578386,99.8308,12603.5,0
sh510300-hold-fee0.001,2023-01-11,12672.8692,0.0,27700.0,4.076,112905.2,125578.0692,0.8990837390578386,99.8308,12603.5,0
sh510300-hold-fee0.001,2023-01-12,12672.8692,0.0,27700.0,4.082,113071.4,125744.2692,0.899217123129139,99.8308,12603.5,0
sh510300-hold-fee0.001,2023-01-13,12672.8692,0.0,27700.0,4.144,114788.8,127461.6692,0.9005750569599477,99.8308,12603.5,0
sh510300-hold-fee0.001,2023-01-14,12672.8692,0.0,27700.0,4.144,114788.8,127461.6692,0.9005750569599477,99.8308,12603.5,1
sh510300-hold-fee0.001,2023-01-15,12672.8692,0.0,27700.0,4.144,114788.8,127461.6692,0.9005750569599477,99.8308,12603.5,2
sh510300-hold-fee0.001,2023-01-16,12672.8692,1772.8,27700.0,4.143,114761.1,129206.7692,0.8881972725620942,99.8308,12603.5,0
sh510300-hold-fee0.001,2023-01-17,12672.8692,1772.8,27700.0,4.139,114650.3,129095.9692,0.8881013149402034,99.8308,12603.5,0
sh510300-hold-fee0.001,2023-01-18,12672.8692,1772.8,27700.0,4.13,114401.0,128846.6692,0.8878848068817599,99.8308,12603.5,0
sh510300-hold-fee0.001,2023-01-19,14445.6692,0.0,27700.0,4.158,115176.6,129622.2692,0.8885556525961513,99.8308,14376.3,0
sh510300-hold-fee0.001,2023-01-20,14445.6692,0.0,27700.0,4.181,115813.7,130259.3692,0.8891007281186804,99.8308,14376.3,0
sh510300-hold-fee0.001,2023-01-21,14445.6692,0.0,27700.0,4.181,115813.7,130259.3692,0.8891007281186804,99.8308,14376.3,1
sh510300-hold-fee0.001,2023-01-22,14445.6692,0.0,27700.0,4.181,115813.7,130259.3692,0.8891007281186804,99.8308,14376.3,2
sh510300-hold-fee0.001,2023-01-23,14445.6692,0.0,27700.0,4.181,115813.7,130259.3692,0.8891007281186804,99.8308,14376.3,3
sh510300-hold-fee0.001,2023-01-24,14445.6692,0.0,27700.0,4.181,115813.7,130259.3692,0.8891007281186804,99.8308,14376.3,4
sh510300-hold-fee0.001,2023-01-25,14445.6692,0.0,27700.0,4.181,115813.7,130259.3692,0.8891007281186804,99.8308,14376.3,5
sh510300-hold-fee0.001,2023-01-26,14445.6692,0.0,27700.0,4.181,115813.7,130259.3692,0.8891007281186804,99.8308,14376.3,6
sh510300-hold-fee0.001,2023-01-27,14445.6692,0.0,27700.0,4.181,115813.7,130259.3692,0.8891007281186804,99.8308,14376.3,7
sh510300-hold-fee0.001,2023-01-28,14445.6692,0.0,27700.0,4.181,115813.7,130259.3692,0.8891007281186804,99.8308,14376.3,8
sh510300-hold-fee0.001,2023-01-29,14445.6692,0.0,27700.0,4.181,115813.7,130259.3692,0.8891007281186804,99.8308,14376.3,9
sh510300-hold-fee0.001,2023-01-30,14445.6692,0.0,27700.0,4.205,116478.5,130924.1692,0.8896638467269342,99.8308,14376.3,0
sh510300-hold-fee0.001,2023-01-31,14445.6692,0.0,27700.0,4.159,115204.3,129649.9692,0.8885794629251635,99.8308,14376.3,0
sh510300-hold-fee0.001,2023-02-01,14445.6692,0.0,27700.0,4.19,116063.0,130508.6692,0.8893125698963146,99.8308,14376.3,0
sh510300-hold-fee0.001,2023-02-02,14445.6692,0.0,27700.0,4.18,115786.0,130231.6692,0.889077140078613,99.8308,14376.3,0
sh510300-hold-fee0.001,2023-02-03,14445.6692,0.0,27700.0,4.137,114594.9,129040.5692,0.8880532743341308,99.8308,14376.3,0
sh510300-hold-fee0.001,2023-02-04,14445.6692,0.0,27700.0,4.137,114594.9,129040.5692,0.8880532743341308,99.8308,14376.3,1
sh510300-hold-fee0.001,2023-02-05,14445.6692,0.0,27700.0,4.137,114594.9,129040.5692,0.8880532743341308,99.8308,14376.3,2
sh510300-hold-fee0.001,2023-02-06,14445.6692,0.0,27700.0,4.08,113016.0,127461.6692,0.8866665618717631,99.8308,14376.3,0
sh510300-hold-fee0.001,2023-02-07,14445.6692,0.0,27700.0,4.09,113293.0,127738.6692,0.8869123242752556,99.8308,14376.3,0
sh510300-hold-fee0.001,2023-02-08,14445.6692,0.0,27700.0,4.073,112822.1,127267.7692,0.8864938916521843,99.8308,14376.3,0
sh510300-hold-fee0.001,2023-02-09,14445.6692,0.0,27700.0,4.127,114317.9,128763.5692,0.8878124512255288,99.8308,14376.3,0
sh510300-hold-fee0.001,2023-02-10,14445.6692,0.0,27700.0,4.103,113653.1,128098.7692,0.8872302264087639,99.8308,14376.3,0
sh510300-hold-fee0.001,2023-02-11,14445.6692,0.0,27700.0,4.103,113653.1,128098.7692,0.8872302264087639,99.8308,14376.3,1
sh510300-hold-fee0.001,2023-02-12,14445.6692,0.0,27700.0,4.103,113653.1,128098.7692,0.8872302264087639,99.8308,14376.3,2
sh510300-hold-fee0.001,2023-02-13,14445.6692,0.0,27700.0,4.135,114539.5,128985.1692,0.8880051924605298,99.8308,14376.3,0
sh510300-hold-fee0.001,2023-02-14,14445.6692,0.0,27700.0,4.144,114788.8,129234.4692,0.8882212362582289,99.8308,14376.3,0
sh510300-hold-fee0.001,2023-02-15,14445.6692,0.0,27700.0,4.116,114013.2,128458.8692,0.8875463462354688,99.8308,14376.3,0
sh510300-hold-fee0.001,2023-02-16,14445.6692,0.0,27700.0,4.087,113209.9,127655.5692,0.8868387075430471,99.8308,14376.3,0
sh510300-hold-fee0.001,2023-02-17,14445.6692,0.0,27700.0,4.029,111603.3,126048.9692,0.8853963718094412,99.8308,14376.3,0
sh510300-hold-fee0.001,2023-02-18,14445.6692,0.0,27700.0,4.029,111603.3,126048.9692,0.8853963718094412,99.8308,14376.3,1
sh510300-hold-fee0.001,2023-02-19,14445.6692,0.0,27700.0,4.029,111603.3,126048.9692,0.8853963718094412,99.8308,14376.3,2
sh510300-hold-fee0.001,2023-02-20,14445.6692,0.0,27700.0,4.134,114511.8,128957.4692,0.8879811360317856,99.8308,14376.3,0
sh510300-hold-fee0.001,2023-02-21,14445.6692,0.0,27700.0,4.139,114650.3,129095.9692,0.8881013149402034,99.8308,14376.3,0
sh510300-hold-fee0.001,2023-02-22,14445.6692,0.0,27700.0,4.099,113542.3,127987.9692,0.8871326008976163,99.8308,14376.3,0
sh510300-hold-fee0.001,2023-02-23,14445.6692,0.0,27700.0,4.099,113542.3,127987.9692,0.8871326008976163,99.8308,14376.3,0
sh510300-hold-fee0.001,2023-02-24,14445.6692,0.0,27700.0,4.06,112462.0,126907.6692,0.8861718185271028,99.8308,14376.3,0
sh510300-hold-fee0.001,2023-02-25,14445.6692,0.0,27700.0,4.06,112462.0,126907.6692,0.8861718185271028,99.8308,14376.3,1
sh510300-hold-fee0.001,2023-02-26,14445.6692,0.0,27700.0,4.06,112462.0,126907.6692,0.8861718185271028,99.8308,14376.3,2
sh510300-hold-fee0.001,2023-02-27,14445.6692,0.0,27700.0,4.045,112046.5,126492.1692,0.8857979170460775,99.8308,14376.3,0
sh510300-hold-fee0.001,2023-02-28,14445.6692,0.0,27700.0,4.071,112766.7,127212.3692,0.886444460622466,99.8308,14376.3,0
sh510300-hold-fee0.001,2023-03-01,14445.6692,0.0,27700.0,4.12,114124.0,128569.6692,0.8876432576214484,99.8308,14376.3,0
sh510300-hold-fee0.001,2023-03-02,14445.6692,0.0,27700.0,4.115,113985.5,128431.1692,0.8875220922616969,99.8308,14376.3,0
sh510300-hold-fee0.001,2023-03-03,14445.6692,0.0,27700.0,4.124,114234.8,128680.4692,0.8877400021168091,99.8308,14376.3,0
sh510300-hold-fee0.001,2023-03-04,14445.6692,0.0,27700.0,4.124,114234.8,128680.4692,0.8877400021168091,99.8308,14376.3,1
sh510300-hold-fee0.001,2023-03-05,14445.6692,0.0,27700.0,4.124,114234.8,128680.4692,0.8877400021168091,99.8308,14376.3,2
sh510300-hold-fee0.001,2023-03-06,14445.6692,0.0,27700.0,4.099,113542.3,127987.9692,0.8871326008976163,99.8308,14376.3,0
sh510300-hold-fee0.001,2023-03-07,14445.6692,0.0,27700.0,4.042,111963.4,126409.0692,0.8857228417911648,99.8308,14376.3,0
sh510300-hold-fee0.001,2023-03-08,14445.6692,0.0,27700.0,4.026,111520.2,125965.8692,0.8853207675083467,99.8308,14376.3,0
sh510300-hold-fee0.001,2023-03-09,14445.6692,0.0,27700.0,4.016,111243.2,125688.8692,0.8850680311475028,99.8308,14376.3,0
sh510300-hold-fee0.001,2023-03-10,14445.6692,0.0,27700.0,3.961,109719.7,124165.3692,0.8836578242945377,99.8308,14376.3,0
sh510300-hold-fee0.001,2023-03-11,14445.6692,0.0,27700.0,3.961,109719.7,124165.3692,0.8836578242945377,99.8308,14376.3,1
sh510300-hold-fee0.001,2023-03-12,14445.6692,0.0,27700.0,3.961,109719.7,124165.3692,0.8836578242945377,99.8308,14376.3,2
sh510300-hold-fee0.001,2023-03-13,14445.6692,0.0,27700.0,4.005,110938.5,125384.1692,0.8847887313672131,99.8308,14376.3,0
sh510300-hold-fee0.001,2023-03-14,14445.6692,0.0,27700.0,3.98,110246.0,124691.6692,0.8841488826584736,99.8308,14376.3,0
sh510300-hold-fee0.001,2023-03-15,14445.6692,0.0,27700.0,3.979,110218.3,124663.9692,0.8841231408505482,99.8308,14376.3,0
sh510300-hold-fee0.001,2023-03-16,14445.6692,0.0,27700.0,3.933,108944.1,123389.7692,0.8829265238628876,99.8308,14376.3,0
sh510300-hold-fee0.001,2023-03-17,14445.6692,0.0,27700.0,3.954,109525.8,123971.4692,0.8834758570401777,99.8308,14376.3,0
sh510300-hold-fee0.001,2023-03-18,14445.6692,0.0,27700.0,3.954,109525.8,123971.4692,0.8834758570401777,99.8308,14376.3,1
sh510300-hold-fee0.001,2023-03-19,14445.6692,0.0,27700.0,3.954,109525.8,123971.4692,0.8834758570401777,99.8308,14376.3,2
sh510300-hold-fee0.001,2023-03-20,14445.6692,0.0,27700.0,3.932,108916.4,123362.0692,0.8829002359178976,99.8308,14376.3,0
sh510300-hold-fee0.001,2023-03-21,14445.6692,0.0,27700.0,3.975,110107.5,124553.1692,0.8840200591218678,99.8308,14376.3,0
sh510300-hold-fee0.001,2023-03-22,14445.6692,0.0,27700.0,3.993,110606.1,125051.7692,0.8844824883932949,99.8308,14376.3,0
sh510300-hold-fee0.001,2023-03-23,14445.6692,0.0,27700.0,4.031,111658.7,126104.3692,0.8854467193195397,99.8308,14376.3,0
sh510300-hold-fee0.001,2023-03-24,14445.6692,0.0,27700.0,4.026,111520.2,125965.8692,0.8853207675083467,99.8308,14376.3,0
sh510300-hold-fee0.001,2023-03-25,14445.6692,0.0,27700.0,4.026,111520.2,125965.8692,0.8853207675083467,99.8308,14376.3,1
sh510300-hold-fee0.001,2023-03-26,14445.6692,0.0,27700.0,4.026,111520.2,125965.8692,0.8853207675083467,99.8308,14376.3,2
sh510300-hold-fee0.001,2023-03-27,14445.6692,0.0,27700.0,4.005,110938.5,125384.1692,0.8847887313672131,99.8308,14376.3,0
sh510300-hold-fee0.001,2023-03-28,14445.6692,0.0,27700.0,3.997,110716.9,125162.5692,0.884584750118728,99.8308,14376.3,0
sh510300-hold-fee0.001,2023-03-29,14445.6692,0.0,27700.0,3.997,110716.9,125162.5692,0.884584750118728,99.8308,14376.3,0
sh510300-hold-fee0.001,2023-03-30,14445.6692,0.0,27700.0,4.04,111908.0,126353.6692,0.885672736759749,99.8308,14376.3,0
sh510300-hold-fee0.001,2023-03-31,14445.6692,0.0,27700.0,4.05,112185.0,126630.6692,0.885922823505066,99.8308,14376.3,0
sh510300-hold-fee0.001,2023-04-01,14445.6692,0.0,27700.0,4.05,112185.0,126630.6692,0.885922823505066,99.8308,14376.3,1
sh510300-hold-fee0.001,2023-04-02,14445.6692,0.0,27700.0,4.05,112185.0,126630.6692,0.885922823505066,99.8308,14376.3,2
sh510300-hold-fee0.001,2023-04-03,14445.6692,0.0,27700.0,4.08,113016.0,127461.6692,0.8866665618717631,99.8308,14376.3,0
sh510300-hold-fee0.001,2023-04-04,14445.6692,0.0,27700.0,4.1,113570.0,128015.6692,0.8871570231185418,99.8308,14376.3,0
sh510300-hold-fee0.001,2023-04-05,14445.6692,0.0,27700.0,4.1,113570.0,128015.6692,0.8871570231185418,99.8308,14376.3,1
sh510300-hold-fee0.001,2023-04-06,14445.6692,0.0,27700.0,4.088,113237.6,127683.2692,0.8868632571008763,99.8308,14376.3,0
sh510300-hold-fee0.001,2023-04-07,14445.6692,0.0,27700.0,4.117,114040.9,128486.5692,0.8875705897515707,99.8308,14376.3,0
sh510300-hold-fee0.001,2023-04-08,14445.6692,0.0,27700.0,4.117,114040.9,128486.5692,0.8875705897515707,99.8308,14376.3,1
sh510300-hold-fee0.001,2023-04-09,14445.6692,0.0,27700.0,4.117,114040.9,128486.5692,0.8875705897515707,99.8308,14376.3,2
sh510300-hold-fee0.001,2023-04-10,14445.6692,0.0,27700.0,4.102,113625.4,128071.0692,0.8872058358672623,99.8308,14376.3,0
sh510300-hold-fee0.001,2023-04-11,14445.6692,0.0,27700.0,4.092,113348.4,127794.0692,0.8869613489074186,99.8308,14376.3,0
sh510300-hold-fee0.001,2023-04-12,14445.6692,0.0,27700.0,4.088,113237.6,127683.2692,0.8868632571008763,99.8308,14376.3,0
sh510300-hold-fee0.001,2023-04-13,14445.6692,0.0,27700.0,4.063,112545.1,126990.7692,0.8862463052157022,99.8308,14376.3,0
sh510300-hold-fee0.001,2023-04-14,14445.6692,0.0,27700.0,4.084,113126.8,127572.4692,0.886764994903775,99.8308,14376.3,0
sh510300-hold-fee0.001,2023-04-15,14445.6692,0.0,27700.0,4.084,113126.8,127572.4692,0.886764994903775,99.8308,14376.3,1
sh510300-hold-fee0.001,2023-04-16,14445.6692,0.0,27700.0,4.084,113126.8,127572.4692,0.886764994903775,99.8308,14376.3,2
sh510300-hold-fee0.001,2023-04-17,14445.6692,0.0,27700.0,4.145,114816.5,129262.1692,0.8882451896838507,99.8308,14376.3,0
sh510300-hold-fee0.001,2023-04-18,14445.6692,0.0,27700.0,4.152,115010.4,129456.0692,0.8884125766426407,99.8308,14376.3,0
sh510300-hold-fee0.001,2023-04-19,14445.6692,0.0,27700.0,4.119,114096.3,128541.9692,0.8876190454378071,99.8308,14376.3,0
sh510300-hold-fee0.001,2023-04-20,14445.6692,0.0,27700.0,4.103,113653.1,128098.7692,0.8872302264087639,99.8308,14376.3,0
sh510300-hold-fee0.001,2023-04-21,14445.6692,0.0,27700.0,4.03,111631.0,126076.6692,0.8854215510953553,99.8308,14376.3,0
sh510300-hold-fee0.001,2023-04-22,14445.6692,0.0,27700.0,4.03,111631.0,126076.6692,0.8854215510953553,99.8308,14376.3,1
sh510300-hold-fee0.001,2023-04-23,14445.6692,0.0,27700.0,4.03,111631.0,126076.6692,0.8854215510953553,99.8308,14376.3,2
sh510300-hold-fee0.001,2023-04-24,14445.6692,0.0,27700.0,3.979,110218.3,124663.9692,0.8841231408505482,99.8308,14376.3,0
sh510300-hold-fee0.001,2023-04-25,14445.6692,0.0,27700.0,3.96,109692.0,124137.6692,0.8836318637759634,99.8308,14376.3,0
sh510300-hold-fee0.001,2023-04-26,14445.6692,0.0,27700.0,3.951,109442.7,123888.3692,0.8833976967064637,99.8308,14376.3,0
sh510300-hold-fee0.001,2023-04-27,14445.6692,0.0,27700.0,3.986,110412.2,124857.8692,0.8843030936491426,99.8308,14376.3,0
sh510300-hold-fee0.001,2023-04-28,14445.6692,0.0,27700.0,4.025,111492.5,125938.1692,0.8852955439025073,99.8308,14376.3,0
sh510300-hold-fee0.001,2023-04-29,14445.6692,0.0,27700.0,4.025,111492.5,125938.1692,0.8852955439025073,99.8308,14376.3,1
sh510300-hold-fee0.001,2023-04-30,14445.6692,0.0,27700.0,4.025,111492.5,125938.1692,0.8852955439025073,99.8308,14376.3,2
sh510300-hold-fee0.001,2023-05-01,14445.6692,0.0,27700.0,4.025,111492.5,125938.1692,0.8852955439025073,99.8308,14376.3,3
sh510300-hold-fee0.001,2023-05-02,14445.6692,0.0,27700.0,4.025,111492.5,125938.1692,0.8852955439025073,99.8308,14376.3,4
sh510300-hold-fee0.001,2023-05-03,14445.6692,0.0,27700.0,4.025,111492.5,125938.1692,0.8852955439025073,99.8308,14376.3,5
sh510300-hold-fee0.001,2023-05-04,14445.6692,0.0,27700.0,4.025,111492.5,125938.1692,0.8852955439025073,99.8308,14376.3,0
sh510300-hold-fee0.001,2023-05-05,14445.6692,0.0,27700.0,4.009,111049.3,125494.9692,0.8848904518476904,99.8308,14376.3,0
sh510300-hold-fee0.001,2023-05-06,14445.6692,0.0,27700.0,4.009,111049.3,125494.9692,0.8848904518476904,99.8308,14376.3,1
sh510300-hold-fee0.001,2023-05-07,14445.6692,0.0,27700.0,4.009,111049.3,125494.9692,0.8848904518476904,99.8308,14376.3,2
sh510300-hold-fee0.001,2023-05-08,14445.6692,0.0,27700.0,4.054,112295.8,126741.4692,0.8860225521198235,99.8308,14376.3,0
sh510300-hold-fee0.001,2023-05-09,14445.6692,0.0,27700.0,4.019,111326.3,125771.9692,0.8851439689472557,99.8308,14376.3,0
sh510300-hold-fee0.001,2023-05-10,14445.6692,0.0,27700.0,3.988,110467.6,124913.2692,0.8843544061210112,99.8308,14376.3,0
sh510300-hold-fee0.001,2023-05-11,14445.6692,0.0,27700.0,3.983,110329.1,124774.7692,0.8842260395060703,99.8308,14376.3,0
sh510300-hold-fee0.001,2023-05-12,14445.6692,0.0,27700.0,3.932,108916.4,123362.0692,0.8829002359178976,99.8308,14376.3,0
sh510300-hold-fee0.001,2023-05-13,14445.6692,0.0,27700.0,3.932,108916.4,123362.0692,0.8829002359178976,99.8308,14376.3,1
sh510300-hold-fee0.001,2023-05-14,14445.6692,0.0,27700.0,3.932,108916.4,123362.0692,0.8829002359178976,99.8308,14376.3,2
sh510300-hold-fee0.001,2023-05-15,14445.6692,0.0,27700.0,3.995,110661.5,125107.1692,0.8845336418977978,99.8308,14376.3,0
sh510300-hold-fee0.001,2023-05-16,14445.6692,0.0,27700.0,3.978,110190.6,124636.2692,0.8840973876005589,99.8308,14376.3,0
sh510300-hold-fee0.001,2023-05-17,14445.6692,0.0,27700.0,3.951,109442.7,123888.3692,0.8833976967064637,99.8308,14376.3,0
sh510300-hold-fee0.001,2023-05-18,14445.6692,0.0,27700.0,3.95,109415.0,123860.6692,0.8833716199556914,99.8308,14376.3,0
sh510300-hold-fee0.001,2023-05-19,14445.6692,0.0,27700.0,3.944,109248.8,123694.4692,0.8832149141879336,99.8308,14376.3,0
sh510300-hold-fee0.001,2023-05-20,14445.6692,0.0,27700.0,3.944,109248.8,123694.4692,0.8832149141879336,99.8308,14376.3,1
sh510300-hold-fee0.001,2023-05-21,14445.6692,0.0,27700.0,3.944,109248.8,123694.4692,0.8832149141879336,99.8308,14376.3,2
sh510300-hold-fee0.001,2023-05-22,14445.6692,0.0,27700.0,3.964,109802.8,124248.4692,0.8837356363984885,99.8308,14376.3,0
sh510300-hold-fee0.001,2023-05-23,14445.6692,0.0,27700.0,3.907,108223.9,122669.5692,0.8822391788427345,99.8308,14376.3,0
sh510300-hold-fee0.001,2023-05-24,14445.6692,0.0,27700.0,3.854,106755.8,121201.4692,0.8808127550321807,99.8308,14376.3,0
sh510300-hold-fee0.001,2023-05-25,14445.6692,0.0,27700.0,3.845,106506.5,120952.1692,0.8805670927975386,99.8308,14376.3,0
sh510300-hold-fee0.001,2023-05-26,14445.6692,0.0,27700.0,3.85,106645.0,121090.6692,0.8807036966973835,99.8308,14376.3,0
sh510300-hold-fee0.001,2023-05-27,14445.6692,0.0,27700.0,3.85,106645.0,121090.6692,0.8807036966973835,99.8308,14376.3,1
sh510300-hold-fee0.001,2023-05-28,14445.6692,0.0,27700.0,3.85,106645.0,121090.6692,0.8807036966973835,99.8308,14376.3,2
sh510300-hold-fee0.001,2023-05-29,14445.6692,0.0,27700.0,3.834,106201.8,120647.4692,0.8802654602223516,99.8308,14376.3,0
sh510300-hold-fee0.001,2023-05-30,14445.6692,0.0,27700.0,3.838,106312.6,120758.2692,0.8803753209142551,99.8308,14376.3,0
sh510300-hold-fee0.001,2023-05-31,14445.6692,0.0,27700.0,3.802,105315.4,119761.0692,0.8793792565773119,99.8308,14376.3,0
sh510300-hold-fee0.001,2023-06-01,14445.6692,0.0,27700.0,3.81,105537.0,119982.6692,0.8796020350579098,99.8308,14376.3,0
sh510300-hold-fee0.001,2023-06-02,14445.6692,0.0,27700.0,3.863,107005.1,121450.7692,0.8810574087331511,99.8308,14376.3,0
sh510300-hold-fee0.001,2023-06-03,14445.6692,0.0,27700.0,3.863,107005.1,121450.7692,0.8810574087331511,99.8308,14376.3,1
sh510300-hold-fee0.001,2023-06-04,14445.6692,0.0,27700.0,3.863,107005.1,121450.7692,0.8810574087331511,99.8308,14376.3,2
sh510300-hold-fee0.001,2023-06-05,14445.6692,0.0,27700.0,3.845,106506.5,120952.1692,0.8805670927975386,99.8308,14376.3,0
sh510300-hold-fee0.001,2023-06-06,14445.6692,0.0,27700.0,3.808,105481.6,119927.2692,0.8795464176215896,99.8308,14376.3,0
sh510300-hold-fee0.001,2023-06-07,14445.6692,0.0,27700.0,3.796,105149.2,119594.8692,0.8792116309283944,99.8308,14376.3,0
sh510300-hold-fee0.001,2023-06-08,14445.6692,0.0,27700.0,3.828,106035.6,120481.2692,0.8801002903113507,99.8308,14376.3,0
sh510300-hold-fee0.001,2023-06-09,14445.6692,0.0,27700.0,3.844,106478.8,120924.4692,0.8805397344675713,99.8308,14376.3,0
sh510300-hold-fee0.001,2023-06-10,14445.6692,0.0,27700.0,3.844,106478.8,120924.4692,0.8805397344675713,99.8308,14376.3,1
sh510300-hold-fee0.001,2023-06-11,14445.6692,0.0,27700.0,3.844,106478.8,120924.4692,0.8805397344675713,99.8308,14376.3,2
sh510300-hold-fee0.001,2023-06-12,14445.6692,0.0,27700.0,3.848,106589.6,121035.2692,0.8806490926530695,99.8308,14376.3,0
sh510300-hold-fee0.001,2023-06-13,14445.6692,0.0,27700.0,3.877,107392.9,121838.5692,0.8814359911245576,99.8308,14376.3,0
sh510300-hold-fee0.001,2023-06-14,14445.6692,0.0,27700.0,3.877,107392.9,121838.5692,0.8814359911245576,99.8308,14376.3,0
sh510300-hold-fee0.001,2023-06-15,14445.6692,0.0,27700.0,3.942,109193.4,123639.0692,0.8831625853100485,99.8308,14376.3,0
sh510300-hold-fee0.001,2023-06-16,14445.6692,0.0,27700.0,3.979,110218.3,124663.9692,0.8841231408505482,99.8308,14376.3,0
sh510300-hold-fee0.001,2023-06-17,14445.6692,0.0,27700.0,3.979,110218.3,124663.9692,0.8841231408505482,99.8308,14376.3,1
sh510300-hold-fee0.001,2023-06-18,14445.6692,0.0,27700.0,3.979,110218.3,124663.9692,0.8841231408505482,99.8308,14376.3,2
sh510300-hold-fee0.001,2023-06-19,14445.6692,0.0,27700.0,3.949,109387.3,123832.9692,0.883345531538785,99.8308,14376.3,0
sh510300-hold-fee0.001,2023-06-20,14445.6692,0.0,27700.0,3.942,109193.4,123639.0692,0.8831625853100485,99.8308,14376.3,0
sh510300-hold-fee0.001,2023-06-21,14445.6692,0.0,27700.0,3.887,107669.9,122115.5692,0.881704934967457,99.8308,14376.3,0
sh510300-hold-fee0.001,2023-06-22,14445.6692,0.0,27700.0,3.887,107669.9,122115.5692,0.881704934967457,99.8308,14376.3,1
sh510300-hold-fee0.001,2023-06-23,14445.6692,0.0,27700.0,3.887,107669.9,122115.5692,0.881704934967457,99.8308,14376.3,2
sh510300-hold-fee0.001,2023-06-24,14445.6692,0.0,27700.0,3.887,107669.9,122115.5692,0.881704934967457,99.8308,14376.3,3
sh510300-hold-fee0.001,2023-06-25,14445.6692,0.0,27700.0,3.887,107669.9,122115.5692,0.881704934967457,99.8308,14376.3,4
sh510300-hold-fee0.001,2023-06-26,14445.6692,0.0,27700.0,3.843,106451.1,120896.7692,0.8805123636008628,99.8308,14376.3,0
sh510300-hold-fee0.001,2023-06-27,14445.6692,0.0,27700.0,3.869,107171.3,121616.9692,0.8812199539667529,99.8308,14376.3,0
sh510300-hold-fee0.001,2023-06-28,14445.6692,0.0,27700.0,3.877,107392.9,121838.5692,0.8814359911245576,99.8308,14376.3,0
sh510300-hold-fee0.001,2023-06-29,14445.6692,0.0,27700.0,3.859,106894.3,121339.9692,0.8809487978673395,99.8308,14376.3,0
sh510300-hold-fee0.001,2023-06-30,14445.6692,0.0,27700.0,3.882,107531.4,121977.0692,0.8815706157334038,99.8308,14376.3,0
sh510300-hold-fee0.001,2023-07-01,14445.6692,0.0,27700.0,3.882,107531.4,121977.0692,0.8815706157334038,99.8308,14376.3,1
sh510300-hold-fee0.001,2023-07-02,14445.6692,0.0,27700.0,3.882,107531.4,121977.0692,0.8815706157334038,99.8308,14376.3,2
sh510300-hold-fee0.001,2023-07-03,14445.6692,0.0,27700.0,3.927,108777.9,123223.5692,0.8827686189112594,99.8308,14376.3,0
sh510300-hold-fee0.001,2023-07-04,14445.6692,0.0,27700.0,3.934,108971.8,123417.4692,0.882952800007667,99.8308,14376.3,0
sh510300-hold-fee0.001,2023-07-05,14445.6692,0.0,27700.0,3.907,108223.9,122669.5692,0.8822391788427345,99.8308,14376.3,0
sh510300-hold-fee0.001,2023-07-06,14445.6692,0.0,27700.0,3.879,107448.3,121893.9692,0.8814898776796908,99.8308,14376.3,0
sh510300-hold-fee0.001,2023-07-07,14445.6692,0.0,27700.0,3.868,107143.6,121589.2692,0.8811928939531779,99.8308,14376.3,0
sh510300-hold-fee0.001,2023-07-08,14445.6692,0.0,27700.0,3.868,107143.6,121589.2692,0.8811928939531779,99.8308,14376.3,1
sh510300-hold-fee0.001,2023-07-09,14445.6692,0.0,27700.0,3.868,107143.6,121589.2692,0.8811928939531779,99.8308,14376.3,2
sh510300-hold-fee0.001,2023-07-10,14445.6692,0.0,27700.0,3.884,107586.8,122032.4692,0.8816243800137742,99.8308,14376.3,0
sh510300-hold-fee0.001,2023-07-11,14445.6692,0.0,27700.0,3.91,108307.0,122752.6692,0.8823188995062602,99.8308,14376.3,0
sh510300-hold-fee0.001,2023-07-12,14445.6692,0.0,27700.0,3.891,107780.7,122226.3692,0.8818121711824521,99.8308,14376.3,0
sh510300-hold-fee0.001,2023-07-13,14445.6692,0.0,27700.0,3.954,109525.8,123971.4692,0.8834758570401777,99.8308,14376.3,0
sh510300-hold-fee0.001,2023-07-14,14445.6692,0.0,27700.0,3.952,109470.4,123916.0692,0.8834237617989258,99.8308,14376.3,0
sh510300-hold-fee0.001,2023-07-15,14445.6692,0.0,27700.0,3.952,109470.4,123916.0692,0.8834237617989258,99.8308,14376.3,1
sh510300-hold-fee0.001,2023-07-16,14445.6692,0.0,27700.0,3.952,109470.4,123916.0692,0.8834237617989258,99.8308,14376.3,2
sh510300-hold-fee0.001,2023-07-17,14445.6692,0.0,27700.0,3.924,108694.8,123140.4692,0.8826895065947986,99.8308,14376.3,0
sh510300-hold-fee0.001,2023-07-18,14445.6692,0.0,27700.0,3.918,108528.6,122974.2692,0.882530961200459,99.8308,14376.3,0
sh510300-hold-fee0.001,2023-07-19,14445.6692,0.0,27700.0,3.916,108473.2,122918.8692,0.882478017459666,99.8308,14376.3,0
sh510300-hold-fee0.001,2023-07-20,14445.6692,0.0,27700.0,3.888,107697.6,122143.2692,0.8817317622607075,99.8308,14376.3,0
sh510300-hold-fee0.001,2023-07-21,14445.6692,0.0,27700.0,3.89,107753.0,122198.6692,0.881785380359936,99.8308,14376.3,0
sh510300-hold-fee0.001,2023-07-22,14445.6692,0.0,27700.0,3.89,107753.0,122198.6692,0.881785380359936,99.8308,14376.3,1
sh510300-hold-fee0.001,2023-07-23,14445.6692,0.0,27700.0,3.89,107753.0,122198.6692,0.881785380359936,99.8308,14376.3,2
sh510300-hold-fee0.001,2023-07-24,14445.6692,0.0,27700.0,3.873,107282.1,121727.7692,0.881328070867169,99.8308,14376.3,0
sh510300-hold-fee0.001,2023-07-25,14445.6692,0.0,27700.0,3.985,110384.5,124830.1692,0.8842774203337377,99.8308,14376.3,0
sh510300-hold-fee0.001,2023-07-26,14445.6692,0.0,27700.0,3.976,110135.2,124580.8692,0.8840458467438594,99.8308,14376.3,0
sh510300-hold-fee0.001,2023-07-27,14445.6692,0.0,27700.0,3.972,110024.4,124470.0692,0.8839426273894929,99.8308,14376.3,0
sh510300-hold-fee0.001,2023-07-28,14445.6692,0.0,27700.0,4.068,112683.6,127129.2692,0.8863702332995084,99.8308,14376.3,0
sh510300-hold-fee0.001,2023-07-29,14445.6692,0.0,27700.0,4.068,112683.6,127129.2692,0.8863702332995084,99.8308,14376.3,1
sh510300-hold-fee0.001,2023-07-30,14445.6692,0.0,27700.0,4.068,112683.6,127129.2692,0.8863702332995084,99.8308,14376.3,2
sh510300-hold-fee0.001,2023-07-31,14445.6692,0.0,27700.0,4.084,113126.8,127572.4692,0.886764994903775,99.8308,14376.3,0
sh510300-hold-fee0.001,2023-08-01,14445.6692,0.0,27700.0,4.066,112628.2,127073.8692,0.8863206944831109,99.8308,14376.3,0
sh510300-hold-fee0.001,2023-08-02,14445.6692,0.0,27700.0,4.037,111824.9,126270.5692,0.8855974967759945,99.8308,14376.3,0
sh510300-hold-fee0.001,2023-08-03,14445.6692,0.0,27700.0,4.073,112822.1,127267.7692,0.8864938916521843,99.8308,14376.3,0
sh510300-hold-fee0.001,2023-08-04,14445.6692,0.0,27700.0,4.094,113403.8,127849.4692,0.8870103310526689,99.8308,14376.3,0
sh510300-hold-fee0.001,2023-08-05,14445.6692,0.0,27700.0,4.094,113403.8,127849.4692,0.8870103310526689,99.8308,14376.3,1
sh510300-hold-fee0.001,2023-08-06,14445.6692,0.0,27700.0,4.094,113403.8,127849.4692,0.8870103310526689,99.8308,14376.3,2
sh510300-hold-fee0.001,2023-08-07,14445.6692,0.0,27700.0,4.063,112545.1,126990.7692,0.8862463052157022,99.8308,14376.3,0
sh510300-hold-fee0.001,2023-08-08,14445.6692,0.0,27700.0,4.048,112129.6,126575.2692,0.8858728937232234,99.8308,14376.3,0
sh510300-hold-fee0.001,2023-08-09,14445.6692,0.0,27700.0,4.04,111908.0,126353.6692,0.885672736759749,99.8308,14376.3,0
sh510300-hold-fee0.001,2023-08-10,14445.6692,0.0,27700.0,4.045,112046.5,126492.1692,0.8857979170460775,99.8308,14376.3,0
sh510300-hold-fee0.001,2023-08-11,14445.6692,0.0,27700.0,3.95,109415.0,123860.6692,0.8833716199556914,99.8308,14376.3,0
sh510300-hold-fee0.001,2023-08-12,14445.6692,0.0,27700.0,3.95,109415.0,123860.6692,0.8833716199556914,99.8308,14376.3,1
sh510300-hold-fee0.001,2023-08-13,14445.6692,0.0,27700.0,3.95,109415.0,123860.6692,0.8833716199556914,99.8308,14376.3,2
sh510300-hold-fee0.001,2023-08-14,14445.6692,0.0,27700.0,3.923,108667.1,123112.7692,0.8826631120892697,99.8308,14376.3,0
sh510300-hold-fee0.001,2023-08-15,14445.6692,0.0,27700.0,3.919,108556.3,123001.9692,0.8825574151864879,99.8308,14376.3,0
sh510300-hold-fee0.001,2023-08-16,14445.6692,0.0,27700.0,3.889,107725.3,122170.9692,0.8817585773887763,99.8308,14376.3,0
sh510300-hold-fee0.001,2023-08-17,14445.6692,0.0,27700.0,3.902,108085.4,122531.0692,0.8821060707760477,99.8308,14376.3,0
sh510300-hold-fee0.001,2023-08-18,14445.6692,0.0,27700.0,3.852,106700.4,121146.0692,0.8807582508009265,99.8308,14376.3,0
sh510300-hold-fee0.001,2023-08-19,14445.6692,0.0,27700.0,3.852,106700.4,121146.0692,0.8807582508009265,99.8308,14376.3,1
sh510300-hold-fee0.001,2023-08-20,14445.6692,0.0,27700.0,3.852,106700.4,121146.0692,0.8807582508009265,99.8308,14376.3,2
sh510300-hold-fee0.001,2023-08-21,14445.6692,0.0,27700.0,3.8,105260.0,119705.6692,0.8793234330793082,99.8308,14376.3,0
sh510300-hold-fee0.001,2023-08-22,14445.6692,0.0,27700.0,3.823,105897.1,120342.7692,0.8799623002193637,99.8308,14376.3,0
sh510300-hold-fee0.001,2023-08-23,14445.6692,0.0,27700.0,3.768,104373.6,118819.2692,0.8784231775093261,99.8308,14376.3,0
sh510300-hold-fee0.001,2023-08-24,14445.6692,0.0,27700.0,3.791,105010.7,119456.3692,0.8790715865822581,99.8308,14376.3,0
sh510300-hold-fee0.001,2023-08-25,14445.6692,0.0,27700.0,3.784,104816.8,119262.4692,0.8788749780471592,99.8308,14376.3,0
sh510300-hold-fee0.001,2023-08-26,14445.6692,0.0,27700.0,3.784,104816.8,119262.4692,0.8788749780471592,99.8308,14376.3,1
sh510300-hold-fee0.001,2023-08-27,14445.6692,0.0,27700.0,3.784,104816.8,119262.4692,0.8788749780471592,99.8308,14376.3,2
sh510300-hold-fee0.001,2023-08-28,14445.6692,0.0,27700.0,3.837,106284.9,120730.5692,0.8803478746458192,99.8308,14376.3,0
sh510300-hold-fee0.001,2023-08-29,14445.6692,0.0,27700.0,3.859,106894.3,121339.9692,0.8809487978673395,99.8308,14376.3,0
sh510300-hold-fee0.001,2023-08-30,14445.6692,0.0,27700.0,3.858,106866.6,121312.2692,0.8809216141511266,99.8308,14376.3,0
sh510300-hold-fee0.001,2023-08-31,14445.6692,0.0,27700.0,3.839,106340.3,120785.9692,0.8804027545941155,99.8308,14376.3,0
sh510300-hold-fee0.001,2023-09-01,14445.6692,0.0,27700.0,3.862,106977.4,121423.0692,0.8810302745995816,99.8308,14376.3,0
sh510300-hold-fee0.001,2023-09-02,14445.6692,0.0,27700.0,3.862,106977.4,121423.0692,0.8810302745995816,99.8308,14376.3,1
sh510300-hold-fee0.001,2023-09-03,14445.6692,0.0,27700.0,3.862,106977.4,121423.0692,0.8810302745995816,99.8308,14376.3,2
sh510300-hold-fee0.001,2023-09-04,14445.6692,0.0,27700.0,3.92,108584.0,123029.6692,0.8825838572603428,99.8308,14376.3,0
sh510300-hold-fee0.001,2023-09-05,14445.6692,0.0,27700.0,3.893,107836.1,122281.7692,0.8818657164145773,99.8308,14376.3,0
sh510300-hold-fee0.001,2023-09-06,14445.6692,0.0,27700.0,3.883,107559.1,122004.7692,0.8815975039769183,99.8308,14376.3,0
sh510300-hold-fee0.001,2023-09-07,14445.6692,0.0,27700.0,3.83,106091.0,120536.6692,0.8801553975576422,99.8308,14376.3,0
sh510300-hold-fee0.001,2023-09-08,14445.6692,0.0,27700.0,3.809,105509.3,119954.9692,0.8795742327613386,99.8308,14376.3,0
sh510300-hold-fee0.001,2023-09-09,14445.6692,0.0,27700.0,3.809,105509.3,119954.9692,0.8795742327613386,99.8308,14376.3,1
sh510300-hold-fee0.001,2023-09-10,14445.6692,0.0,27700.0,3.809,105509.3,119954.9692,0.8795742327613386,99.8308,14376.3,2
sh510300-hold-fee0.001,2023-09-11,14445.6692,0.0,27700.0,3.837,106284.9,120730.5692,0.8803478746458192,99.8308,14376.3,0
sh510300-hold-fee0.001,2023-09-12,14445.6692,0.0,27700.0,3.832,106146.4,120592.0692,0.8802104541713925,99.8308,14376.3,0
sh510300-hold-fee0.001,2023-09-13,14445.6692,0.0,27700.0,3.807,105453.9,119899.5692,0.8795185896297616,99.8308,14376.3,0
sh510300-hold-fee0.001,2023-09-14,14445.6692,0.0,27700.0,3.804,105370.8,119816.4692,0.8794350284526662,99.8308,14376.3,0
sh510300-hold-fee0.001,2023-09-15,14445.6692,0.0,27700.0,3.787,104899.9,119345.5692,0.8789593170753423,99.8308,14376.3,0
sh510300-hold-fee0.001,2023-09-16,14445.6692,0.0,27700.0,3.787,104899.9,119345.5692,0.8789593170753423,99.8308,14376.3,1
sh510300-hold-fee0.001,2023-09-17,14445.6692,0.0,27700.0,3.787,104899.9,119345.5692,0.8789593170753423,99.8308,14376.3,2
sh510300-hold-fee0.001,2023-09-18,14445.6692,0.0,27700.0,3.8,105260.0,119705.6692,0.8793234330793082,99.8308,14376.3,0
sh510300-hold-fee0.001,2023-09-19,14445.6692,0.0,27700.0,3.795,105121.5,119567.1692,0.8791836480143079,99.8308,14376.3,0
sh510300-hold-fee0.001,2023-09-20,14445.6692,0.0,27700.0,3.777,104622.9,119068.5692,0.8786777291685134,99.8308,14376.3,0
sh510300-hold-fee0.001,2023-09-21,14445.6692,0.0,27700.0,3.742,103653.4,118099.0692,0.8776817692310821,99.8308,14376.3,0
sh510300-hold-fee0.001,2023-09-22,14445.6692,0.0,27700.0,3.817,105730.9,120176.5692,0.8797962922709229,99.8308,14376.3,0
sh510300-hold-fee0.001,2023-09-23,14445.6692,0.0,27700.0,3.817,105730.9,120176.5692,0.8797962922709229,99.8308,14376.3,1
sh510300-hold-fee0.001,2023-09-24,14445.6692,0.0,27700.0,3.817,105730.9,120176.5692,0.8797962922709229,99.8308,14376.3,2
sh510300-hold-fee0.001,2023-09-25,14445.6692,0.0,27700.0,3.789,104955.3,119400.9692,0.8790154778743622,99.8308,14376.3,0
sh510300-hold-fee0.001,2023-09-26,14445.6692,0.0,27700.0,3.768,104373.6,118819.2692,0.8784231775093261,99.8308,14376.3,0
sh510300-hold-fee0.001,2023-09-27,14445.6692,0.0,27700.0,3.778,104650.6,119096.2692,0.878705946902995,99.8308,14376.3,0
sh510300-hold-fee0.001,2023-09-28,14445.6692,0.0,27700.0,3.764,104262.8,118708.4692,0.8783097002484133,99.8308,14376.3,0
sh510300-hold-fee0.001,2023-09-29,14445.6692,0.0,27700.0,3.764,104262.8,118708.4692,0.8783097002484133,99.8308,14376.3,1
sh510300-hold-fee0.001,2023-09-30,14445.6692,0.0,27700.0,3.764,104262.8,118708.4692,0.8783097002484133,99.8308,14376.3,2
sh510300-hold-fee0.001,2023-10-01,14445.6692,0.0,27700.0,3.764,104262.8,118708.4692,0.8783097002484133,99.8308,14376.3,3
sh510300-hold-fee0.001,2023-10-02,14445.6692,0.0,27700.0,3.764,104262.8,118708.4692,0.8783097002484133,99.8308,14376.3,4
sh510300-hold-fee0.001,2023-10-03,14445.6692,0.0,27700.0,3.764,104262.8,118708.4692,0.8783097002484133,99.8308,14376.3,5
sh510300-hold-fee0.001,2023-10-04,14445.6692,0.0,27700.0,3.764,104262.8,118708.4692,0.8783097002484133,99.8308,14376.3,6
sh510300-hold-fee0.001,2023-10-05,14445.6692,0.0,27700.0,3.764,104262.8,118708.4692,0.8783097002484133,99.8308,14376.3,7
sh510300-hold-fee0.001,2023-10-06,14445.6692,0.0,27700.0,3.764,104262.8,118708.4692,0.8783097002484133,99.8308,14376.3,8
sh510300-hold-fee0.001,2023-10-07,14445.6692,0.0,27700.0,3.764,104262.8,118708.4692,0.8783097002484133,99.8308,14376.3,9
sh510300-hold-fee0.001,2023-10-08,14445.6692,0.0,27700.0,3.764,104262.8,118708.4692,0.8783097002484133,99.8308,14376.3,10
sh510300-hold-fee0.001,2023-10-09,14445.6692,0.0,27700.0,3.754,103985.8,118431.4692,0.8780250781521167,99.8308,14376.3,0
sh510300-hold-fee0.001,2023-10-10,14445.6692,0.0,27700.0,3.727,103237.9,117683.5692,0.8772499058432704,99.8308,14376.3,0
sh510300-hold-fee0.001,2023-10-11,14445.6692,0.0,27700.0,3.735,103459.5,117905.1692,0.877480611766087,99.8308,14376.3,0
sh510300-hold-fee0.001,2023-10-12,14445.6692,0.0,27700.0,3.771,104456.7,118902.3692,0.8785081466652559,99.8308,14376.3,0
sh510300-hold-fee0.001,2023-10-13,14445.6692,0.0,27700.0,3.736,103487.2,117932.8692,0.8775093890448652,99.8308,14376.3,0
sh510300-hold-fee0.001,2023-10-14,14445.6692,0.0,27700.0,3.736,103487.2,117932.8692,0.8775093890448652,99.8308,14376.3,1
sh510300-hold-fee0.001,2023-10-15,14445.6692,0.0,27700.0,3.736,103487.2,117932.8692,0.8775093890448652,99.8308,14376.3,2
sh510300-hold-fee0.001,2023-10-16,14445.6692,0.0,27700.0,3.693,102296.1,116741.7692,0.8762596344136954,99.8308,14376.3,0
sh510300-hold-fee0.001,2023-10-17,14445.6692,0.0,27700.0,3.705,102628.5,117074.1692,0.8766109612503661,99.8308,14376.3,0
sh510300-hold-fee0.001,2023-10-18,14445.6692,0.0,27700.0,3.677,101852.9,116298.5692,0.8757880746137331,99.8308,14376.3,0
sh510300-hold-fee0.001,2023-10-19,14445.6692,0.0,27700.0,3.6,99720.0,114165.6692,0.8734674854426377,99.8308,14376.3,0
sh510300-hold-fee0.001,2023-10-20,14445.6692,0.0,27700.0,3.582,99221.4,113667.0692,0.8729124512343809,99.8308,14376.3,0
sh510300-hold-fee0.001,2023-10-21,14445.6692,0.0,27700.0,3.582,99221.4,113667.0692,0.8729124512343809,99.8308,14376.3,1
sh510300-hold-fee0.001,2023-10-22,14445.6692,0.0,27700.0,3.582,99221.4,113667.0692,0.8729124512343809,99.8308,14376.3,2
sh510300-hold-fee0.001,2023-10-23,14445.6692,0.0,27700.0,3.544,98168.8,112614.4692,0.8717245723163254,99.8308,14376.3,0
sh510300-hold-fee0.001,2023-10-24,14445.6692,0.0,27700.0,3.549,98307.3,112752.9692,0.8718821393130993,99.8308,14376.3,0
sh510300-hold-fee0.001,2023-10-25,14445.6692,0.0,27700.0,3.569,98861.3,113306.9692,0.8725085552813463,99.8308,14376.3,0
sh510300-hold-fee0.001,2023-10-26,14445.6692,0.0,27700.0,3.582,99221.4,113667.0692,0.8729124512343809,99.8308,14376.3,0
sh510300-hold-fee0.001,2023-10-27,14445.6692,0.0,27700.0,3.636,100717.2,115162.8692,0.8745631356673423,99.8308,14376.3,0
sh510300-hold-fee0.001,2023-10-28,14445.6692,0.0,27700.0,3.636,100717.2,115162.8692,0.8745631356673423,99.8308,14376.3,1
sh510300-hold-fee0.001,2023-10-29,14445.6692,0.0,27700.0,3.636,100717.2,115162.8692,0.8745631356673423,99.8308,14376.3,2
sh510300-hold-fee0.001,2023-10-30,14445.6692,0.0,27700.0,3.652,101160.4,115606.0692,0.8750440240727431,99.8308,14376.3,0
sh510300-hold-fee0.001,2023-10-31,14445.6692,0.0,27700.0,3.644,100938.8,115384.4692,0.8748040416517339,99.8308,14376.3,0
sh510300-hold-fee0.001,2023-11-01,14445.6692,0.0,27700.0,3.642,100883.4,115329.0692,0.8747439019476626,99.8308,14376.3,0
sh510300-hold-fee0.001,2023-11-02,14445.6692,0.0,27700.0,3.625,100412.5,114858.1692,0.8742303721135753,99.8308,14376.3,0
sh510300-hold-fee0.001,2023-11-03,14445.6692,0.0,27700.0,3.653,101188.1,115633.7692,0.8750739572017687,99.8308,14376.3,0
sh510300-hold-fee0.001,2023-11-04,14445.6692,0.0,27700.0,3.653,101188.1,115633.7692,0.8750739572017687,99.8308,14376.3,1
sh510300-hold-fee0.001,2023-11-05,14445.6692,0.0,27700.0,3.653,101188.1,115633.7692,0.8750739572017687,99.8308,14376.3,2
sh510300-hold-fee0.001,2023-11-06,14445.6692,0.0,27700.0,3.701,102517.7,116963.3692,0.8764940741806196,99.8308,14376.3,0
sh510300-hold-fee0.001,2023-11-07,14445.6692,0.0,27700.0,3.69,102213.0,116658.6692,0.8761714898767249,99.8308,14376.3,0
sh510300-hold-fee0.001,2023-11-08,14445.6692,0.0,27700.0,3.679,101908.3,116353.9692,0.875847216048389,99.8308,14376.3,0
sh510300-hold-fee0.001,2023-11-09,14445.6692,0.0,27700.0,3.682,101991.4,116437.0692,0.875935822678711,99.8308,14376.3,0
sh510300-hold-fee0.001,2023-11-10,14445.6692,0.0,27700.0,3.655,101243.5,115689.1692,0.8751337804576438,99.8308,14376.3,0
sh510300-hold-fee0.001,2023-11-11,14445.6692,0.0,27700.0,3.655,101243.5,115689.1692,0.8751337804576438,99.8308,14376.3,1
sh510300-hold-fee0.001,2023-11-12,14445.6692,0.0,27700.0,3.655,101243.5,115689.1692,0.8751337804576438,99.8308,14376.3,2
sh510300-hold-fee0.001,2023-11-13,14445.6692,0.0,27700.0,3.65,101105.0,115550.6692,0.8749841147609727,99.8308,14376.3,0
sh510300-hold-fee0.001,2023-11-14,14445.6692,0.0,27700.0,3.65,101105.0,115550.6692,0.8749841147609727,99.8308,14376.3,0
sh510300-hold-fee0.001,2023-11-15,14445.6692,0.0,27700.0,3.675,101797.5,116243.1692,0.8757288768069823,99.8308,14376.3,0
sh510300-hold-fee0.001,2023-11-16,14445.6692,0.0,27700.0,3.639,100800.3,115245.9692,0.874653583979751,99.8308,14376.3,0
sh510300-hold-fee0.001,2023-11-17,14445.6692,0.0,27700.0,3.634,100661.8,115107.4692,0.8745027642393861,99.8308,14376.3,0
sh510300-hold-fee0.001,2023-11-18,14445.6692,0.0,27700.0,3.634,100661.8,115107.4692,0.8745027642393861,99.8308,14376.3,1
sh510300-hold-fee0.001,2023-11-19,14445.6692,0.0,27700.0,3.634,100661.8,115107.4692,0.8745027642393861,99.8308,14376.3,2
sh510300-hold-fee0.001,2023-11-20,14445.6692,0.0,27700.0,3.645,100966.5,115412.1692,0.8748340898526323,99.8308,14376.3,0
sh510300-hold-fee0.001,2023-11-21,14445.6692,0.0,27700.0,3.65,101105.0,115550.6692,0.8749841147609727,99.8308,14376.3,0
sh510300-hold-fee0.001,2023-11-22,14445.6692,0.0,27700.0,3.611,100024.7,114470.3692,0.8738042927531677,99.8308,14376.3,0
sh510300-hold-fee0.001,2023-11-23,14445.6692,0.0,27700.0,3.63,100551.0,114996.6692,0.8743818468787442,99.8308,14376.3,0
sh510300-hold-fee0.001,2023-11-24,14445.6692,0.0,27700.0,3.605,99858.5,114304.1692,0.8736208022760381,99.8308,14376.3,0
sh510300-hold-fee0.001,2023-11-25,14445.6692,0.0,27700.0,3.605,99858.5,114304.1692,0.8736208022760381,99.8308,14376.3,1
sh510300-hold-fee0.001,2023-11-26,14445.6692,0.0,27700.0,3.605,99858.5,114304.1692,0.8736208022760381,99.8308,14376.3,2
sh510300-hold-fee0.001,2023-11-27,14445.6692,0.0,27700.0,3.581,99193.7,113639.3692,0.8728814731928308,99.8308,14376.3,0
sh510300-hold-fee0.001,2023-11-28,14445.6692,0.0,27700.0,3.585,99304.5,113750.1692,0.873005294835201,99.8308,14376.3,0
sh510300-hold-fee0.001,2023-11-29,14445.6692,0.0,27700.0,3.558,98556.6,113002.2692,0.8721647865811176,99.8308,14376.3,0
sh510300-hold-fee0.001,2023-11-30,14445.6692,0.0,27700.0,3.562,98667.4,113113.0692,0.8722900076696001,99.8308,14376.3,0
sh510300-hold-fee0.001,2023-12-01,14445.6692,0.0,27700.0,3.548,98279.6,112725.2692,0.8718506568889169,99.8308,14376.3,0
sh510300-hold-fee0.001,2023-12-02,14445.6692,0.0,27700.0,3.548,98279.6,112725.2692,0.8718506568889169,99.8308,14376.3,1
sh510300-hold-fee0.001,2023-12-03,14445.6692,0.0,27700.0,3.548,98279.6,112725.2692,0.8718506568889169,99.8308,14376.3,2
sh510300-hold-fee0.001,2023-12-04,14445.6692,0.0,27700.0,3.524,97614.8,112060.4692,0.8710904094626083,99.8308,14376.3,0
sh510300-hold-fee0.001,2023-12-05,14445.6692,0.0,27700.0,3.458,95786.6,110232.2692,0.8689524464583915,99.8308,14376.3,0
sh510300-hold-fee0.001,2023-12-06,14445.6692,0.0,27700.0,3.463,95925.1,110370.7692,0.8691168929535737,99.8308,14376.3,0
sh510300-hold-fee0.001,2023-12-07,14445.6692,0.0,27700.0,3.454,95675.8,110121.4692,0.8688205914346809,99.8308,14376.3,0
sh510300-hold-fee0.001,2023-12-08,14445.6692,0.0,27700.0,3.461,95869.7,110315.3692,0.8690511639061803,99.8308,14376.3,0
sh510300-hold-fee0.001,2023-12-09,14445.6692,0.0,27700.0,3.461,95869.7,110315.3692,0.8690511639061803,99.8308,14376.3,1
sh510300-hold-fee0.001,2023-12-10,14445.6692,0.0,27700.0,3.461,95869.7,110315.3692,0.8690511639061803,99.8308,14376.3,2
sh510300-hold-fee0.001,2023-12-11,14445.6692,0.0,27700.0,3.485,96534.5,110980.1692,0.8698355814004292,99.8308,14376.3,0
sh510300-hold-fee0.001,2023-12-12,14445.6692,0.0,27700.0,3.493,96756.1,111201.7692,0.870094969676076,99.8308,14376.3,0
sh510300-hold-fee0.001,2023-12-13,14445.6692,0.0,27700.0,3.435,95149.5,109595.1692,0.8681906391910567,99.8308,14376.3,0
sh510300-hold-fee0.001,2023-12-14,14445.6692,0.0,27700.0,3.419,94706.3,109151.9692,0.8676554412542838,99.8308,14376.3,0
sh510300-hold-fee0.001,2023-12-15,14445.6692,0.0,27700.0,3.412,94512.4,108958.0692,0.867419923039532,99.8308,14376.3,0
sh510300-hold-fee0.001,2023-12-16,14445.6692,0.0,27700.0,3.412,94512.4,108958.0692,0.867419923039532,99.8308,14376.3,1
sh510300-hold-fee0.001,2023-12-17,14445.6692,0.0,27700.0,3.412,94512.4,108958.0692,0.867419923039532,99.8308,14376.3,2
sh510300-hold-fee0.001,2023-12-18,14445.6692,0.0,27700.0,3.398,94124.6,108570.2692,0.8669463628814508,99.8308,14376.3,0
sh510300-hold-fee0.001,2023-12-19,14445.6692,0.0,27700.0,3.4,94180.0,108625.6692,0.8670142213494414,99.8308,14376.3,0
sh510300-hold-fee0.001,2023-12-20,14445.6692,0.0,27700.0,3.369,93321.3,107766.9692,0.8659545748828575,99.8308,14376.3,0
sh510300-hold-fee0.001,2023-12-21,14445.6692,0.0,27700.0,3.4,94180.0,108625.6692,0.8670142213494414,99.8308,14376.3,0
sh510300-hold-fee0.001,2023-12-22,14445.6692,0.0,27700.0,3.406,94346.2,108791.8692,0.8672173820872268,99.8308,14376.3,0
sh510300-hold-fee0.001,2023-12-23,14445.6692,0.0,27700.0,3.406,94346.2,108791.8692,0.8672173820872268,99.8308,14376.3,1
sh510300-hold-fee0.001,2023-12-24,14445.6692,0.0,27700.0,3.406,94346.2,108791.8692,0.8672173820872268,99.8308,14376.3,2
sh510300-hold-fee0.001,2023-12-25,14445.6692,0.0,27700.0,3.415,94595.5,109041.1692,0.8675209619817613,99.8308,14376.3,0
sh510300-hold-fee0.001,2023-12-26,14445.6692,0.0,27700.0,3.395,94041.5,108487.1692,0.8668444452323307,99.8308,14376.3,0
sh510300-hold-fee0.001,2023-12-27,14445.6692,0.0,27700.0,3.405,94318.5,108764.1692,0.867183565081652,99.8308,14376.3,0
sh510300-hold-fee0.001,2023-12-28,14445.6692,0.0,27700.0,3.489,96645.3,111090.9692,0.8699654048926958,99.8308,14376.3,0
sh510300-hold-fee0.001,2023-12-29,14445.6692,0.0,27700.0,3.499,96922.3,111367.9692,0.8702888334611025,99.8308,14376.3,0
sh510300-hold-fee0.001,2023-12-30,14445.6692,0.0,27700.0,3.499,96922.3,111367.9692,0.8702888334611025,99.8308,14376.3,1
sh510300-hold-fee0.001,2023-12-31,14445.6692,0.0,27700.0,3.499,96922.3,111367.9692,0.8702888334611025,99.8308,14376.3,2
sh510300-hold-fee0.001,2024-01-01,14445.6692,0.0,27700.0,3.499,96922.3,111367.9692,0.8702888334611025,99.8308,14376.3,3
sh510300-hold-fee0.001,2024-01-02,14445.6692,0.0,27700.0,3.453,95648.1,110093.7692,0.8687875862097381,99.8308,14376.3,0
sh510300-hold-fee0.001,2024-01-03,14445.6692,0.0,27700.0,3.443,95371.1,109816.7692,0.868456618190148,99.8308,14376.3,0
sh510300-hold-fee0.001,2024-01-04,14445.6692,0.0,27700.0,3.413,94540.1,108985.7692,0.8674536198070895,99.8308,14376.3,0
sh510300-hold-fee0.001,2024-01-05,14445.6692,0.0,27700.0,3.396,94069.2,108514.8692,0.8668784351260131,99.8308,14376.3,0
sh510300-hold-fee0.001,2024-01-06,14445.6692,0.0,27700.0,3.396,94069.2,108514.8692,0.8668784351260131,99.8308,14376.3,1
sh510300-hold-fee0.001,2024-01-07,14445.6692,0.0,27700.0,3.396,94069.2,108514.8692,0.8668784351260131,99.8308,14376.3,2
sh510300-hold-fee0.001,2024-01-08,14445.6692,0.0,27700.0,3.349,92767.3,107212.9692,0.865261923927763,99.8308,14376.3,0
sh510300-hold-fee0.001,2024-01-09,14445.6692,0.0,27700.0,3.357,92988.9,107434.5692,0.8655398415280284,99.8308,14376.3,0
sh510300-hold-fee0.001,2024-01-10,14445.6692,0.0,27700.0,3.341,92545.7,106991.3692,0.864982855084352,99.8308,14376.3,0
sh510300-hold-fee0.001,2024-01-11,14445.6692,0.0,27700.0,3.36,93072.0,107517.6692,0.8656437652761171,99.8308,14376.3,0
sh510300-hold-fee0.001,2024-01-12,14445.6692,0.0,27700.0,3.349,92767.3,107212.9692,0.865261923927763,99.8308,14376.3,0
sh510300-hold-fee0.001,2024-01-13,14445.6692,0.0,27700.0,3.349,92767.3,107212.9692,0.865261923927763,99.8308,14376.3,1
sh510300-hold-fee0.001,2024-01-14,14445.6692,0.0,27700.0,3.349,92767.3,107212.9692,0.865261923927763,99.8308,14376.3,2
sh510300-hold-fee0.001,2024-01-15,14445.6692,0.0,27700.0,3.345,92656.5,107102.1692,0.8651225338580724,99.8308,14376.3,0
sh510300-hold-fee0.001,2024-01-16,14445.6692,0.0,27700.0,3.367,93265.9,107711.5692,0.8658856304174983,99.8308,14376.3,0
sh510300-hold-fee0.001,2024-01-17,14445.6692,0.0,27700.0,3.292,91188.4,105634.0692,0.8632480097623656,99.8308,14376.3,0
sh510300-hold-fee0.001,2024-01-18,14445.6692,1911.3,27700.0,3.268,90523.6,106880.5692,0.8469603097884699,99.8308,14376.3,0
sh510300-hold-fee0.001,2024-01-19,14445.6692,1911.3,27700.0,3.275,90717.5,107074.4692,0.8472374477108311,99.8308,14376.3,0
sh510300-hold-fee0.001,2024-01-20,14445.6692,1911.3,27700.0,3.275,90717.5,107074.4692,0.8472374477108311,99.8308,14376.3,1
sh510300-hold-fee0.001,2024-01-21,14445.6692,1911.3,27700.0,3.275,90717.5,107074.4692,0.8472374477108311,99.8308,14376.3,2
sh510300-hold-fee0.001,2024-01-22,14445.6692,1911.3,27700.0,3.206,88806.2,105163.1692,0.8444610472998183,99.8308,14376.3,0
sh510300-hold-fee0.001,2024-01-23,16356.9692,0.0,27700.0,3.228,89415.6,105772.5692,0.8453571722449945,99.8308,16287.6,0
sh510300-hold-fee0.001,2024-01-24,16356.9692,0.0,27700.0,3.279,90828.3,107185.2692,0.8473953620485006,99.8308,16287.6,0
sh510300-hold-fee0.001,2024-01-25,16356.9692,0.0,27700.0,3.335,92379.5,108736.4692,0.8495723714376409,99.8308,16287.6,0
sh510300-hold-fee0.001,2024-01-26,16356.9692,0.0,27700.0,3.329,92213.3,108570.2692,0.8493420959483078,99.8308,16287.6,0
sh510300-hold-fee0.001,2024-01-27,16356.9692,0.0,27700.0,3.329,92213.3,108570.2692,0.8493420959483078,99.8308,16287.6,1
sh510300-hold-fee0.001,2024-01-28,16356.9692,0.0,27700.0,3.329,92213.3,108570.2692,0.8493420959483078,99.8308,16287.6,2
sh510300-hold-fee0.001,2024-01-29,16356.9692,0.0,27700.0,3.299,91382.3,107739.2692,0.8481800617225645,99.8308,16287.6,0
sh510300-hold-fee0.001,2024-01-30,16356.9692,0.0,27700.0,3.243,89831.1,106188.0692,0.8459622693657566,99.8308,16287.6,0
sh510300-hold-fee0.001,2024-01-31,16356.9692,0.0,27700.0,3.222,89249.4,105606.3692,0.8451138002006038,99.8308,16287.6,0
sh510300-hold-fee0.001,2024-02-01,16356.9692,0.0,27700.0,3.218,89138.6,105495.5692,0.844951126155922,99.8308,16287.6,0
sh510300-hold-fee0.001,2024-02-02,16356.9692,0.0,27700.0,3.188,88307.6,104664.5692,0.8437200924341071,99.8308,16287.6,0
sh510300-hold-fee0.001,2024-02-03,16356.9692,0.0,27700.0,3.188,88307.6,104664.5692,0.8437200924341071,99.8308,16287.6,1
sh510300-hold-fee0.001,2024-02-04,16356.9692,0.0,27700.0,3.188,88307.6,104664.5692,0.8437200924341071,99.8308,16287.6,2
sh510300-hold-fee0.001,2024-02-05,16356.9692,0.0,27700.0,3.208,88861.6,105218.5692,0.844542942140673,99.8308,16287.6,0
sh510300-hold-fee0.001,2024-02-06,16356.9692,0.0,27700.0,3.311,91714.7,108071.6692,0.848647019879656,99.8308,16287.6,0
sh510300-hold-fee0.001,2024-02-07,16356.9692,0.0,27700.0,3.34,92518.0,108874.9692,0.8497637306335054,99.8308,16287.6,0
sh510300-hold-fee0.001,2024-02-08,16356.9692,0.0,27700.0,3.362,93127.4,109484.3692,0.8505999594323826,99.8308,16287.6,0
sh510300-hold-fee0.001,2024-02-09,16356.9692,0.0,27700.0,3.362,93127.4,109484.3692,0.8505999594323826,99.8308,16287.6,1
sh510300-hold-fee0.001,2024-02-10,16356.9692,0.0,27700.0,3.362,93127.4,109484.3692,0.8505999594323826,99.8308,16287.6,2
sh510300-hold-fee0.001,2024-02-11,16356.9692,0.0,27700.0,3.362,93127.4,109484.3692,0.8505999594323826,99.8308,16287.6,3
sh510300-hold-fee0.001,2024-02-12,16356.9692,0.0,27700.0,3.362,93127.4,109484.3692,0.8505999594323826,99.8308,16287.6,4
sh510300-hold-fee0.001,2024-02-13,16356.9692,0.0,27700.0,3.362,93127.4,109484.3692,0.8505999594323826,99.8308,16287.6,5
sh510300-hold-fee0.001,2024-02-14,16356.9692,0.0,27700.0,3.362,93127.4,109484.3692,0.8505999594323826,99.8308,16287.6,6
sh510300-hold-fee0.001,2024-02-15,16356.9692,0.0,27700.0,3.362,93127.4,109484.3692,0.8505999594323826,99.8308,16287.6,7
sh510300-hold-fee0.001,2024-02-16,16356.9692,0.0,27700.0,3.362,93127.4,109484.3692,0.8505999594323826,99.8308,16287.6,8
sh510300-hold-fee0.001,2024-02-17,16356.9692,0.0,27700.0,3.362,93127.4,109484.3692,0.8505999594323826,99.8308,16287.6,9
sh510300-hold-fee0.001,2024-02-18,16356.9692,0.0,27700.0,3.362,93127.4,109484.3692,0.8505999594323826,99.8308,16287.6,10
sh510300-hold-fee0.001,2024-02-19,16356.9692,0.0,27700.0,3.389,93875.3,110232.2692,0.851613603541784,99.8308,16287.6,0
sh510300-hold-fee0.001,2024-02-20,16356.9692,0.0,27700.0,3.401,94207.7,110564.6692,0.8520597102279396,99.8308,16287.6,0
sh510300-hold-fee0.001,2024-02-21,16356.9692,0.0,27700.0,3.449,95537.3,111894.2692,0.8538176323332205,99.8308,16287.6,0
sh510300-hold-fee0.001,2024-02-22,16356.9692,0.0,27700.0,3.475,96257.5,112614.4692,0.8547525081261937,99.8308,16287.6,0
sh510300-hold-fee0.001,2024-02-23,16356.9692,0.0,27700.0,3.478,96340.6,112697.5692,0.8548596095185343,99.8308,16287.6,0
sh510300-hold-fee0.001,2024-02-24,16356.9692,0.0,27700.0,3.478,96340.6,112697.5692,0.8548596095185343,99.8308,16287.6,1
sh510300-hold-fee0.001,2024-02-25,16356.9692,0.0,27700.0,3.478,96340.6,112697.5692,0.8548596095185343,99.8308,16287.6,2
sh510300-hold-fee0.001,2024-02-26,16356.9692,0.0,27700.0,3.443,95371.1,111728.0692,0.8536001801774625,99.8308,16287.6,0
sh510300-hold-fee0.001,2024-02-27,16356.9692,0.0,27700.0,3.484,96506.8,112863.7692,0.8550733391597558,99.8308,16287.6,0
sh510300-hold-fee0.001,2024-02-28,16356.9692,0.0,27700.0,3.448,95509.6,111866.5692,0.8537814351778654,99.8308,16287.6,0
sh510300-hold-fee0.001,2024-02-29,16356.9692,0.0,27700.0,3.503,97033.1,113390.0692,0.8557460162481318,99.8308,16287.6,0
sh510300-hold-fee0.001,2024-03-01,16356.9692,0.0,27700.0,3.53,97781.0,114137.9692,0.8566912543245074,99.8308,16287.6,0
sh510300-hold-fee0.001,2024-03-02,16356.9692,0.0,27700.0,3.53,97781.0,114137.9692,0.8566912543245074,99.8308,16287.6,1
sh510300-hold-fee0.001,2024-03-03,16356.9692,0.0,27700.0,3.53,97781.0,114137.9692,0.8566912543245074,99.8308,16287.6,2
sh510300-hold-fee0.001,2024-03-04,16356.9692,0.0,27700.0,3.527,97697.9,114054.8692,0.8565868400469833,99.8308,16287.6,0
sh510300-hold-fee0.001,2024-03-05,16356.9692,0.0,27700.0,3.556,98501.2,114858.1692,0.857589849168517,99.8308,16287.6,0
sh510300-hold-fee0.001,2024-03-06,16356.9692,0.0,27700.0,3.542,98113.4,114470.3692,0.857107395439413,99.8308,16287.6,0
sh510300-hold-fee0.001,2024-03-07,16356.9692,0.0,27700.0,3.523,97587.1,113944.0692,0.8564473840995667,99.8308,16287.6,0
sh510300-hold-fee0.001,2024-03-08,16356.9692,0.0,27700.0,3.533,97864.1,114221.0692,0.85679551667163,99.8308,16287.6,0
sh510300-hold-fee0.001,2024-03-09,16356.9692,0.0,27700.0,3.533,97864.1,114221.0692,0.85679551667163,99.8308,16287.6,1
sh510300-hold-fee0.001,2024-03-10,16356.9692,0.0,27700.0,3.533,97864.1,114221.0692,0.85679551667163,99.8308,16287.6,2
sh510300-hold-fee0.001,2024-03-11,16356.9692,0.0,27700.0,3.581,99193.7,115550.6692,0.8584433191668612,99.8308,16287.6,0
sh510300-hold-fee0.001,2024-03-12,16356.9692,0.0,27700.0,3.586,99332.2,115689.1692,0.8586127870645993,99.8308,16287.6,0
sh510300-hold-fee0.001,2024-03-13,16356.9692,0.0,27700.0,3.565,98750.5,115107.4692,0.8578982813740813,99.8308,16287.6,0
sh510300-hold-fee0.001,2024-03-14,16356.9692,0.0,27700.0,3.552,98390.4,114747.3692,0.8574523380009657,99.8308,16287.6,0
sh510300-hold-fee0.001,2024-03-15,16356.9692,0.0,27700.0,3.561,98639.7,114996.6692,0.8577613654917928,99.8308,16287.6,0
sh510300-hold-fee0.001,2024-03-16,16356.9692,0.0,27700.0,3.561,98639.7,114996.6692,0.8577613654917928,99.8308,16287.6,1
sh510300-hold-fee0.001,2024-03-17,16356.9692,0.0,27700.0,3.561,98639.7,114996.6692,0.8577613654917928,99.8308,16287.6,2
sh510300-hold-fee0.001,2024-03-18,16356.9692,0.0,27700.0,3.592,99498.4,115855.3692,0.8588156137005345,99.8308,16287.6,0
sh510300-hold-fee0.001,2024-03-19,16356.9692,0.0,27700.0,3.569,98861.3,115218.2692,0.8580349339252181,99.8308,16287.6,0
sh510300-hold-fee0.001,2024-03-20,16356.9692,0.0,27700.0,3.572,98944.4,115301.3692,0.85813725098418,99.8308,16287.6,0
sh510300-hold-fee0.001,2024-03-21,16356.9692,0.0,27700.0,3.57,98889.0,115245.9692,0.8580690560065158,99.8308,16287.6,0
sh510300-hold-fee0.001,2024-03-22,16356.9692,0.0,27700.0,3.539,98030.3,114387.2692,0.8570035868991617,99.8308,16287.6,0
sh510300-hold-fee0.001,2024-03-23,16356.9692,0.0,27700.0,3.539,98030.3,114387.2692,0.8570035868991617,99.8308,16287.6,1
sh510300-hold-fee0.001,2024-03-24,16356.9692,0.0,27700.0,3.539,98030.3,114387.2692,0.8570035868991617,99.8308,16287.6,2
sh510300-hold-fee0.001,2024-03-25,16356.9692,0.0,27700.0,3.52,97504.0,113860.9692,0.8563426140237,99.8308,16287.6,0
sh510300-hold-fee0.001,2024-03-26,16356.9692,0.0,27700.0,3.531,97808.7,114165.6692,0.8567260253049872,99.8308,16287.6,0
sh510300-hold-fee0.001,2024-03-27,16356.9692,0.0,27700.0,3.493,96756.1,113113.0692,0.8553927559769547,99.8308,16287.6,0
sh510300-hold-fee0.001,2024-03-28,16356.9692,0.0,27700.0,3.51,97227.0,113583.9692,0.8559922732476583,99.8308,16287.6,0
sh510300-hold-fee0.001,2024-03-29,16356.9692,0.0,27700.0,3.526,97670.2,114027.1692,0.8565520014680852,99.8308,16287.6,0
sh510300-hold-fee0.001,2024-03-30,16356.9692,0.0,27700.0,3.526,97670.2,114027.1692,0.8565520014680852,99.8308,16287.6,1
sh510300-hold-fee0.001,2024-03-31,16356.9692,0.0,27700.0,3.526,97670.2,114027.1692,0.8565520014680852,99.8308,16287.6,2
sh510300-hold-fee0.001,2024-04-01,16356.9692,0.0,27700.0,3.584,99276.8,115633.7692,0.8585450486206239,99.8308,16287.6,0
sh510300-hold-fee0.001,2024-04-02,16356.9692,0.0,27700.0,3.572,98944.4,115301.3692,0.85813725098418,99.8308,16287.6,0
sh510300-hold-fee0.001,2024-04-03,16356.9692,0.0,27700.0,3.558,98556.6,114913.5692,0.8576585053107897,99.8308,16287.6,0
sh510300-hold-fee0.001,2024-04-04,16356.9692,0.0,27700.0,3.558,98556.6,114913.5692,0.8576585053107897,99.8308,16287.6,1
sh510300-hold-fee0.001,2024-04-05,16356.9692,0.0,27700.0,3.558,98556.6,114913.5692,0.8576585053107897,99.8308,16287.6,2
sh510300-hold-fee0.001,2024-04-06,16356.9692,0.0,27700.0,3.558,98556.6,114913.5692,0.8576585053107897,99.8308,16287.6,3
sh510300-hold-fee0.001,2024-04-07,16356.9692,0.0,27700.0,3.558,98556.6,114913.5692,0.8576585053107897,99.8308,16287.6,4
sh510300-hold-fee0.001,2024-04-08,16356.9692,0.0,27700.0,3.529,97753.3,114110.2692,0.85665646646288,99.8308,16287.6,0
sh510300-hold-fee0.001,2024-04-09,16356.9692,0.0,27700.0,3.523,97587.1,113944.0692,0.8564473840995667,99.8308,16287.6,0
sh510300-hold-fee0.001,2024-04-10,16356.9692,0.0,27700.0,3.497,96866.9,113223.8692,0.8555342675040821,99.8308,16287.6,0
sh510300-hold-fee0.001,2024-04-11,16356.9692,0.0,27700.0,3.494,96783.8,113140.7692,0.8554281598431982,99.8308,16287.6,0
sh510300-hold-fee0.001,2024-04-12,16356.9692,0.0,27700.0,3.466,96008.2,112365.1692,0.854430253463277,99.8308,16287.6,0
sh510300-hold-fee0.001,2024-04-13,16356.9692,0.0,27700.0,3.466,96008.2,112365.1692,0.854430253463277,99.8308,16287.6,1
sh510300-hold-fee0.001,2024-04-14,16356.9692,0.0,27700.0,3.466,96008.2,112365.1692,0.854430253463277,99.8308,16287.6,2
sh510300-hold-fee0.001,2024-04-15,16356.9692,0.0,27700.0,3.539,98030.3,114387.2692,0.8570035868991617,99.8308,16287.6,0
sh510300-hold-fee0.001,2024-04-16,16356.9692,0.0,27700.0,3.507,97143.9,113500.8692,0.855886837560888,99.8308,16287.6,0
sh510300-hold-fee0.001,2024-04-17,16356.9692,0.0,27700.0,3.553,98418.1,114775.0692,0.8574867406832285,99.8308,16287.6,0
sh510300-hold-fee0.001,2024-04-18,16356.9692,0.0,27700.0,3.559,98584.3,114941.2692,0.8576928085634885,99.8308,16287.6,0
sh510300-hold-fee0.001,2024-04-19,16356.9692,0.0,27700.0,3.531,97808.7,114165.6692,0.8567260253049872,99.8308,16287.6,0
sh510300-hold-fee0.001,2024-04-20,16356.9692,0.0,27700.0,3.531,97808.7,114165.6692,0.8567260253049872,99.8308,16287.6,1
sh510300-hold-fee0.001,2024-04-21,16356.9692,0.0,27700.0,3.531,97808.7,114165.6692,0.8567260253049872,99.8308,16287.6,2
sh510300-hold-fee0.001,2024-04-22,16356.9692,0.0,27700.0,3.524,97614.8,113971.7692,0.8564822735067273,99.8308,16287.6,0
sh510300-hold-fee0.001,2024-04-23,16356.9692,0.0,27700.0,3.499,96922.3,113279.2692,0.855604919456878,99.8308,16287.6,0
sh510300-hold-fee0.001,2024-04-24,16356.9692,0.0,27700.0,3.513,97310.1,113667.0692,0.856097554770067,99.8308,16287.6,0
sh510300-hold-fee0.001,2024-04-25,16356.9692,0.0,27700.0,3.523,97587.1,113944.0692,0.8564473840995667,99.8308,16287.6,0
sh510300-hold-fee0.001,2024-04-26,16356.9692,0.0,27700.0,3.573,98972.1,115329.0692,0.8581713239041732,99.8308,16287.6,0
sh510300-hold-fee0.001,2024-04-27,16356.9692,0.0,27700.0,3.573,98972.1,115329.0692,0.8581713239041732,99.8308,16287.6,1
sh510300-hold-fee0.001,2024-04-28,16356.9692,0.0,27700.0,3.573,98972.1,115329.0692,0.8581713239041732,99.8308,16287.6,2
sh510300-hold-fee0.001,2024-04-29,16356.9692,0.0,27700.0,3.616,100163.2,116520.1692,0.8596211341581197,99.8308,16287.6,0
sh510300-hold-fee0.001,2024-04-30,16356.9692,0.0,27700.0,3.598,99664.6,116021.5692,0.859017859241297,99.8308,16287.6,0
sh510300-hold-fee0.001,2024-05-01,16356.9692,0.0,27700.0,3.598,99664.6,116021.5692,0.859017859241297,99.8308,16287.6,1
sh510300-hold-fee0.001,2024-05-02,16356.9692,0.0,27700.0,3.598,99664.6,116021.5692,0.859017859241297,99.8308,16287.6,2
sh510300-hold-fee0.001,2024-05-03,16356.9692,0.0,27700.0,3.598,99664.6,116021.5692,0.859017859241297,99.8308,16287.6,3
sh510300-hold-fee0.001,2024-05-04,16356.9692,0.0,27700.0,3.598,99664.6,116021.5692,0.859017859241297,99.8308,16287.6,4
sh510300-hold-fee0.001,2024-05-05,16356.9692,0.0,27700.0,3.598,99664.6,116021.5692,0.859017859241297,99.8308,16287.6,5
sh510300-hold-fee0.001,2024-05-06,16356.9692,0.0,27700.0,3.648,101049.6,117406.5692,0.8606809711632388,99.8308,16287.6,0
sh510300-hold-fee0.001,2024-05-07,16356.9692,0.0,27700.0,3.65,101105.0,117461.9692,0.8607466798709178,99.8308,16287.6,0
sh510300-hold-fee0.001,2024-05-08,16356.9692,0.0,27700.0,3.621,100301.7,116658.6692,0.8597877953505748,99.8308,16287.6,0
sh510300-hold-fee0.001,2024-05-09,16356.9692,0.0,27700.0,3.656,101271.2,117628.1692,0.860943434627562,99.8308,16287.6,0
sh510300-hold-fee0.001,2024-05-10,16356.9692,0.0,27700.0,3.658,101326.6,117683.5692,0.8610088960490162,99.8308,16287.6,0
sh510300-hold-fee0.001,2024-05-11,16356.9692,0.0,27700.0,3.658,101326.6,117683.5692,0.8610088960490162,99.8308,16287.6,1
sh510300-hold-fee0.001,2024-05-12,16356.9692,0.0,27700.0,3.658,101326.6,117683.5692,0.8610088960490162,99.8308,16287.6,2
sh510300-hold-fee0.001,2024-05-13,16356.9692,0.0,27700.0,3.655,101243.5,117600.4692,0.8609106807883382,99.8308,16287.6,0
sh510300-hold-fee0.001,2024-05-14,16356.9692,0.0,27700.0,3.649,101077.3,117434.2692,0.8607138332666526,99.8308,16287.6,0
sh510300-hold-fee0.001,2024-05-15,16356.9692,0.0,27700.0,3.623,100357.1,116714.0692,0.8598543490761952,99.8308,16287.6,0
sh510300-hold-fee0.001,2024-05-16,16356.9692,0.0,27700.0,3.635,100689.5,117046.4692,0.8602523483895061,99.8308,16287.6,0
sh510300-hold-fee0.001,2024-05-17,16356.9692,0.0,27700.0,3.676,101825.2,118182.1692,0.8615952870832904,99.8308,16287.6,0
sh510300-hold-fee0.001,2024-05-18,16356.9692,0.0,27700.0,3.676,101825.2,118182.1692,0.8615952870832904,99.8308,16287.6,1
sh510300-hold-fee0.001,2024-05-19,16356.9692,0.0,27700.0,3.676,101825.2,118182.1692,0.8615952870832904,99.8308,16287.6,2
sh510300-hold-fee0.001,2024-05-20,16356.9692,0.0,27700.0,3.684,102046.8,118403.7692,0.8618543200903439,99.8308,16287.6,0
sh510300-hold-fee0.001,2024-05-21,16356.9692,0.0,27700.0,3.672,101714.4,118071.3692,0.8614654059588902,99.8308,16287.6,0
sh510300-hold-fee0.001,2024-05-22,16356.9692,0.0,27700.0,3.68,101936.0,118292.9692,0.8617249248994251,99.8308,16287.6,0
sh510300-hold-fee0.001,2024-05-23,16356.9692,0.0,27700.0,3.643,100911.1,117268.0692,0.8605164277745267,99.8308,16287.6,0
sh510300-hold-fee0.001,2024-05-24,16356.9692,0.0,27700.0,3.602,99775.4,116132.3692,0.8591523680031837,99.8308,16287.6,0
sh510300-hold-fee0.001,2024-05-25,16356.9692,0.0,27700.0,3.602,99775.4,116132.3692,0.8591523680031837,99.8308,16287.6,1
sh510300-hold-fee0.001,2024-05-26,16356.9692,0.0,27700.0,3.602,99775.4,116132.3692,0.8591523680031837,99.8308,16287.6,2
sh510300-hold-fee0.001,2024-05-27,16356.9692,0.0,27700.0,3.632,100606.4,116963.3692,0.8601530606387491,99.8308,16287.6,0
sh510300-hold-fee0.001,2024-05-28,16356.9692,0.0,27700.0,3.609,99969.3,116326.2692,0.8593871417652239,99.8308,16287.6,0
sh510300-hold-fee0.001,2024-05-29,16356.9692,0.0,27700.0,3.61,99997.0,116353.9692,0.8594206169977396,99.8308,16287.6,0
sh510300-hold-fee0.001,2024-05-30,16356.9692,0.0,27700.0,3.596,99609.2,115966.1692,0.8589505084729486,99.8308,16287.6,0
sh510300-hold-fee0.001,2024-05-31,16356.9692,0.0,27700.0,3.582,99221.4,115578.3692,0.8584772452387224,99.8308,16287.6,0
sh510300-hold-fee0.001,2024-06-01,16356.9692,0.0,27700.0,3.582,99221.4,115578.3692,0.8584772452387224,99.8308,16287.6,1
sh510300-hold-fee0.001,2024-06-02,16356.9692,0.0,27700.0,3.582,99221.4,115578.3692,0.8584772452387224,99.8308,16287.6,2
sh510300-hold-fee0.001,2024-06-03,16356.9692,0.0,27700.0,3.587,99359.9,115716.8692,0.858646631964011,99.8308,16287.6,0
sh510300-hold-fee0.001,2024-06-04,16356.9692,0.0,27700.0,3.612,100052.4,116409.3692,0.8594875196695079,99.8308,16287.6,0
sh510300-hold-fee0.001,2024-06-05,16356.9692,0.0,27700.0,3.599,99692.3,116049.2692,0.8590515105113647,99.8308,16287.6,0
sh510300-hold-fee0.001,2024-06-06,16356.9692,0.0,27700.0,3.599,99692.3,116049.2692,0.8590515105113647,99.8308,16287.6,0
sh510300-hold-fee0.001,2024-06-07,16356.9692,0.0,27700.0,3.576,99055.2,115412.1692,0.8582734445303191,99.8308,16287.6,0
sh510300-hold-fee0.001,2024-06-08,16356.9692,0.0,27700.0,3.576,99055.2,115412.1692,0.8582734445303191,99.8308,16287.6,1
sh510300-hold-fee0.001,2024-06-09,16356.9692,0.0,27700.0,3.576,99055.2,115412.1692,0.8582734445303191,99.8308,16287.6,2
sh510300-hold-fee0.001,2024-06-10,16356.9692,0.0,27700.0,3.576,99055.2,115412.1692,0.8582734445303191,99.8308,16287.6,3
sh510300-hold-fee0.001,2024-06-11,16356.9692,0.0,27700.0,3.551,98362.7,114719.6692,0.8574179187050863,99.8308,16287.6,0
sh510300-hold-fee0.001,2024-06-12,16356.9692,0.0,27700.0,3.547,98251.9,114608.8692,0.857280075144481,99.8308,16287.6,0
sh510300-hold-fee0.001,2024-06-13,16356.9692,0.0,27700.0,3.534,97891.8,114248.7692,0.8568302370823265,99.8308,16287.6,0
sh510300-hold-fee0.001,2024-06-14,16356.9692,0.0,27700.0,3.554,98445.8,114802.7692,0.8575211267639004,99.8308,16287.6,0
sh510300-hold-fee0.001,2024-06-15,16356.9692,0.0,27700.0,3.554,98445.8,114802.7692,0.8575211267639004,99.8308,16287.6,1
sh510300-hold-fee0.001,2024-06-16,16356.9692,0.0,27700.0,3.554,98445.8,114802.7692,0.8575211267639004,99.8308,16287.6,2
sh510300-hold-fee0.001,2024-06-17,16356.9692,0.0,27700.0,3.544,98168.8,114525.7692,0.8571765174400593,99.8308,16287.6,0
sh510300-hold-fee0.001,2024-06-18,16356.9692,0.0,27700.0,3.555,98473.5,114830.4692,0.8575554962549957,99.8308,16287.6,0
sh510300-hold-fee0.001,2024-06-19,16356.9692,0.0,27700.0,3.545,98196.5,114553.4692,0.8572110533689538,99.8308,16287.6,0
sh510300-hold-fee0.001,2024-06-20,16356.9692,0.0,27700.0,3.522,97559.4,113916.3692,0.8564124777249309,99.8308,16287.6,0
sh510300-hold-fee0.001,2024-06-21,16356.9692,0.0,27700.0,3.516,97393.2,113750.1692,0.856202682465988,99.8308,16287.6,0
sh510300-hold-fee0.001,2024-06-22,16356.9692,0.0,27700.0,3.516,97393.2,113750.1692,0.856202682465988,99.8308,16287.6,1
sh510300-hold-fee0.001,2024-06-23,16356.9692,0.0,27700.0,3.516,97393.2,113750.1692,0.856202682465988,99.8308,16287.6,2
sh510300-hold-fee0.001,2024-06-24,16356.9692,0.0,27700.0,3.499,96922.3,113279.2692,0.855604919456878,99.8308,16287.6,0
sh510300-hold-fee0.001,2024-06-25,16356.9692,0.0,27700.0,3.478,96340.6,112697.5692,0.8548596095185343,99.8308,16287.6,0
sh510300-hold-fee0.001,2024-06-26,16356.9692,0.0,27700.0,3.499,96922.3,113279.2692,0.855604919456878,99.8308,16287.6,0
sh510300-hold-fee0.001,2024-06-27,16356.9692,0.0,27700.0,3.48,96396.0,112752.9692,0.8549309227415006,99.8308,16287.6,0
sh510300-hold-fee0.001,2024-06-28,16356.9692,0.0,27700.0,3.487,96589.9,112946.8692,0.8551799681048619,99.8308,16287.6,0
sh510300-hold-fee0.001,2024-06-29,16356.9692,0.0,27700.0,3.487,96589.9,112946.8692,0.8551799681048619,99.8308,16287.6,1
sh510300-hold-fee0.001,2024-06-30,16356.9692,0.0,27700.0,3.487,96589.9,112946.8692,0.8551799681048619,99.8308,16287.6,2
sh510300-hold-fee0.001,2024-07-01,16356.9692,0.0,27700.0,3.501,96977.7,113334.6692,0.8556755023378142,99.8308,16287.6,0
sh510300-hold-fee0.001,2024-07-02,16356.9692,0.0,27700.0,3.496,96839.2,113196.1692,0.8554989155940447,99.8308,16287.6,0
sh510300-hold-fee0.001,2024-07-03,16356.9692,0.0,27700.0,3.49,96673.0,113029.9692,0.8552864402620752,99.8308,16287.6,0
sh510300-hold-fee0.001,2024-07-04,16356.9692,0.0,27700.0,3.475,96257.5,112614.4692,0.8547525081261937,99.8308,16287.6,0
sh510300-hold-fee0.001,2024-07-05,16356.9692,0.0,27700.0,3.458,95786.6,112143.5692,0.8541426020530118,99.8308,16287.6,0
sh510300-hold-fee0.001,2024-07-06,16356.9692,0.0,27700.0,3.458,95786.6,112143.5692,0.8541426020530118,99.8308,16287.6,1
sh510300-hold-fee0.001,2024-07-07,16356.9692,0.0,27700.0,3.458,95786.6,112143.5692,0.8541426020530118,99.8308,16287.6,2
sh510300-hold-fee0.001,2024-07-08,16356.9692,0.0,27700.0,3.434,95121.8,111478.7692,0.853272786223047,99.8308,16287.6,0
sh510300-hold-fee0.001,2024-07-09,16356.9692,0.0,27700.0,3.471,96146.7,112503.6692,0.8546094601508339,99.8308,16287.6,0
sh510300-hold-fee0.001,2024-07-10,16356.9692,0.0,27700.0,3.463,95925.1,112282.0692,0.854322517241248,99.8308,16287.6,0
sh510300-hold-fee0.001,2024-07-11,16356.9692,0.0,27700.0,3.509,97199.3,113556.2692,0.8559571451648219,99.8308,16287.6,0
sh510300-hold-fee0.001,2024-07-12,16356.9692,0.0,27700.0,3.519,97476.3,113833.2692,0.8563076566723079,99.8308,16287.6,0
sh510300-hold-fee0.001,2024-07-13,16356.9692,0.0,27700.0,3.519,97476.3,113833.2692,0.8563076566723079,99.8308,16287.6,1
sh510300-hold-fee0.001,2024-07-14,16356.9692,0.0,27700.0,3.519,97476.3,113833.2692,0.8563076566723079,99.8308,16287.6,2
sh510300-hold-fee0.001,2024-07-15,16356.9692,0.0,27700.0,3.526,97670.2,114027.1692,0.8565520014680852,99.8308,16287.6,0
sh510300-hold-fee0.001,2024-07-16,16356.9692,0.0,27700.0,3.551,98362.7,114719.6692,0.8574179187050863,99.8308,16287.6,0
sh510300-hold-fee0.001,2024-07-17,16356.9692,0.0,27700.0,3.556,98501.2,114858.1692,0.857589849168517,99.8308,16287.6,0
sh510300-hold-fee0.001,2024-07-18,16356.9692,0.0,27700.0,3.577,99082.9,115439.8692,0.8583074520670022,99.8308,16287.6,0
sh510300-hold-fee0.001,2024-07-19,16356.9692,0.0,27700.0,3.6,99720.0,116076.9692,0.8590851457207068,99.8308,16287.6,0
sh510300-hold-fee0.001,2024-07-20,16356.9692,0.0,27700.0,3.6,99720.0,116076.9692,0.8590851457207068,99.8308,16287.6,1
sh510300-hold-fee0.001,2024-07-21,16356.9692,0.0,27700.0,3.6,99720.0,116076.9692,0.8590851457207068,99.8308,16287.6,2
sh510300-hold-fee0.001,2024-07-22,16356.9692,0.0,27700.0,3.571,98916.7,115273.6692,0.8581031616888968,99.8308,16287.6,0
sh510300-hold-fee0.001,2024-07-23,16356.9692,0.0,27700.0,3.501,96977.7,113334.6692,0.8556755023378142,99.8308,16287.6,0
sh510300-hold-fee0.001,2024-07-24,16356.9692,0.0,27700.0,3.479,96368.3,112725.2692,0.8548952748919229,99.8308,16287.6,0
sh510300-hold-fee0.001,2024-07-25,16356.9692,0.0,27700.0,3.459,95814.3,112171.2692,0.854178620633812,99.8308,16287.6,0
sh510300-hold-fee0.001,2024-07-26,16356.9692,0.0,27700.0,3.474,96229.8,112586.7692,0.854716772528188,99.8308,16287.6,0
sh510300-hold-fee0.001,2024-07-27,16356.9692,0.0,27700.0,3.474,96229.8,112586.7692,0.854716772528188,99.8308,16287.6,1
sh510300-hold-fee0.001,2024-07-28,16356.9692,0.0,27700.0,3.474,96229.8,112586.7692,0.854716772528188,99.8308,16287.6,2
sh510300-hold-fee0.001,2024-07-29,16356.9692,0.0,27700.0,3.454,95675.8,112032.7692,0.8539983496185864,99.8308,16287.6,0
sh510300-hold-fee0.001,2024-07-30,16356.9692,0.0,27700.0,3.431,95038.7,111395.6692,0.8531633292616371,99.8308,16287.6,0
sh510300-hold-fee0.001,2024-07-31,16356.9692,0.0,27700.0,3.508,97171.6,113528.5692,0.855921999940082,99.8308,16287.6,0
sh510300-hold-fee0.001,2024-08-01,16356.9692,0.0,27700.0,3.483,96479.1,112836.0692,0.855037761276427,99.8308,16287.6,0
sh510300-hold-fee0.001,2024-08-02,16356.9692,0.0,27700.0,3.447,95481.9,111838.8692,0.8537452200920501,99.8308,16287.6,0
sh510300-hold-fee0.001,2024-08-03,16356.9692,0.0,27700.0,3.447,95481.9,111838.8692,0.8537452200920501,99.8308,16287.6,1
sh510300-hold-fee0.001,2024-08-04,16356.9692,0.0,27700.0,3.447,95481.9,111838.8692,0.8537452200920501,99.8308,16287.6,2
sh510300-hold-fee0.001,2024-08-05,16356.9692,0.0,27700.0,3.408,94401.6,110758.5692,0.852318702578545,99.8308,16287.6,0
sh510300-hold-fee0.001,2024-08-06,16356.9692,0.0,27700.0,3.408,94401.6,110758.5692,0.852318702578545,99.8308,16287.6,0
sh510300-hold-fee0.001,2024-08-07,16356.9692,0.0,27700.0,3.401,94207.7,110564.6692,0.8520597102279396,99.8308,16287.6,0
sh510300-hold-fee0.001,2024-08-08,16356.9692,0.0,27700.0,3.405,94318.5,110675.4692,0.8522078169784709,99.8308,16287.6,0
sh510300-hold-fee0.001,2024-08-09,16356.9692,0.0,27700.0,3.393,93986.1,110343.0692,0.8517626044065122,99.8308,16287.6,0
sh510300-hold-fee0.001,2024-08-10,16356.9692,0.0,27700.0,3.393,93986.1,110343.0692,0.8517626044065122,99.8308,16287.6,1
sh510300-hold-fee0.001,2024-08-11,16356.9692,0.0,27700.0,3.393,93986.1,110343.0692,0.8517626044065122,99.8308,16287.6,2
sh510300-hold-fee0.001,2024-08-12,16356.9692,0.0,27700.0,3.389,93875.3,110232.2692,0.851613603541784,99.8308,16287.6,0
sh510300-hold-fee0.001,2024-08-13,16356.9692,0.0,27700.0,3.394,94013.8,110370.7692,0.8517998078788419,99.8308,16287.6,0
sh510300-hold-fee0.001,2024-08-14,16356.9692,0.0,27700.0,3.37,93349.0,109705.9692,0.8509017392647036,99.8308,16287.6,0
sh510300-hold-fee0.001,2024-08-15,16356.9692,0.0,27700.0,3.408,94401.6,110758.5692,0.852318702578545,99.8308,16287.6,0
sh510300-hold-fee0.001,2024-08-16,16356.9692,0.0,27700.0,3.41,94457.0,110813.9692,0.8523925339189096,99.8308,16287.6,0
sh510300-hold-fee0.001,2024-08-17,16356.9692,0.0,27700.0,3.41,94457.0,110813.9692,0.8523925339189096,99.8308,16287.6,1
sh510300-hold-fee0.001,2024-08-18,16356.9692,0.0,27700.0,3.41,94457.0,110813.9692,0.8523925339189096,99.8308,16287.6,2
sh510300-hold-fee0.001,2024-08-19,16356.9692,0.0,27700.0,3.419,94706.3,111063.2692,0.852723863453499,99.8308,16287.6,0
sh510300-hold-fee0.001,2024-08-20,16356.9692,0.0,27700.0,3.403,94263.1,110620.0692,0.8521338006901192,99.8308,16287.6,0
sh510300-hold-fee0.001,2024-08-21,16356.9692,0.0,27700.0,3.388,93847.6,110204.5692,0.8515763065112549,99.8308,16287.6,0
sh510300-hold-fee0.001,2024-08-22,16356.9692,0.0,27700.0,3.379,93598.3,109955.2692,0.851239787606286,99.8308,16287.6,0
sh510300-hold-fee0.001,2024-08-23,16356.9692,0.0,27700.0,3.393,93986.1,110343.0692,0.8517626044065122,99.8308,16287.6,0
sh510300-hold-fee0.001,2024-08-24,16356.9692,0.0,27700.0,3.393,93986.1,110343.0692,0.8517626044065122,99.8308,16287.6,1
sh510300-hold-fee0.001,2024-08-25,16356.9692,0.0,27700.0,3.393,93986.1,110343.0692,0.8517626044065122,99.8308,16287.6,2
sh510300-hold-fee0.001,2024-08-26,16356.9692,0.0,27700.0,3.394,94013.8,110370.7692,0.8517998078788419,99.8308,16287.6,0
sh510300-hold-fee0.001,2024-08-27,16356.9692,0.0,27700.0,3.377,93542.9,109899.8692,0.8511647982925897,99.8308,16287.6,0
sh510300-hold-fee0.001,2024-08-28,16356.9692,0.0,27700.0,3.357,92988.9,109345.8692,0.8504107258950757,99.8308,16287.6,0
sh510300-hold-fee0.001,2024-08-29,16356.9692,0.0,27700.0,3.347,92711.9,109068.8692,0.8500308170427057,99.8308,16287.6,0
sh510300-hold-fee0.001,2024-08-30,16356.9692,0.0,27700.0,3.392,93958.4,110315.3692,0.8517253822507264,99.8308,16287.6,0
sh510300-hold-fee0.001,2024-08-31,16356.9692,0.0,27700.0,3.392,93958.4,110315.3692,0.8517253822507264,99.8308,16287.6,1
sh510300-hold-fee0.001,2024-09-01,16356.9692,0.0,27700.0,3.392,93958.4,110315.3692,0.8517253822507264,99.8308,16287.6,2
sh510300-hold-fee0.001,2024-09-02,16356.9692,0.0,27700.0,3.332,92296.4,108653.3692,0.8494573217523382,99.8308,16287.6,0
sh510300-hold-fee0.001,2024-09-03,16356.9692,0.0,27700.0,3.344,92628.8,108985.7692,0.8499164678098176,99.8308,16287.6,0
sh510300-hold-fee0.001,2024-09-04,16356.9692,0.0,27700.0,3.323,92047.1,108404.0692,0.8491111143639616,99.8308,16287.6,0
sh510300-hold-fee0.001,2024-09-05,16356.9692,0.0,27700.0,3.33,92241.0,108597.9692,0.8493805241433557,99.8308,16287.6,0
sh510300-hold-fee0.001,2024-09-06,16356.9692,0.0,27700.0,3.302,91465.4,107822.3692,0.8482970711795489,99.8308,16287.6,0
sh510300-hold-fee0.001,2024-09-07,16356.9692,0.0,27700.0,3.302,91465.4,107822.3692,0.8482970711795489,99.8308,16287.6,1
sh510300-hold-fee0.001,2024-09-08,16356.9692,0.0,27700.0,3.302,91465.4,107822.3692,0.8482970711795489,99.8308,16287.6,2
sh510300-hold-fee0.001,2024-09-09,16356.9692,0.0,27700.0,3.261,90329.7,106686.6692,0.8466821644854575,99.8308,16287.6,0
sh510300-hold-fee0.001,2024-09-10,16356.9692,0.0,27700.0,3.261,90329.7,106686.6692,0.8466821644854575,99.8308,16287.6,0
sh510300-hold-fee0.001,2024-09-11,16356.9692,0.0,27700.0,3.254,90135.8,106492.7692,0.8464030062991357,99.8308,16287.6,0
sh510300-hold-fee0.001,2024-09-12,16356.9692,0.0,27700.0,3.243,89831.1,106188.0692,0.8459622693657566,99.8308,16287.6,0
sh510300-hold-fee0.001,2024-09-13,16356.9692,0.0,27700.0,3.228,89415.6,105772.5692,0.8453571722449945,99.8308,16287.6,0
sh510300-hold-fee0.001,2024-09-14,16356.9692,0.0,27700.0,3.228,89415.6,105772.5692,0.8453571722449945,99.8308,16287.6,1
sh510300-hold-fee0.001,2024-09-15,16356.9692,0.0,27700.0,3.228,89415.6,105772.5692,0.8453571722449945,99.8308,16287.6,2
sh510300-hold-fee0.001,2024-09-16,16356.9692,0.0,27700.0,3.228,89415.6,105772.5692,0.8453571722449945,99.8308,16287.6,3
sh510300-hold-fee0.001,2024-09-17,16356.9692,0.0,27700.0,3.228,89415.6,105772.5692,0.8453571722449945,99.8308,16287.6,4
sh510300-hold-fee0.001,2024-09-18,16356.9692,0.0,27700.0,3.238,89692.6,106049.5692,0.8457610971605908,99.8308,16287.6,0
sh510300-hold-fee0.001,2024-09-19,16356.9692,0.0,27700.0,3.265,90440.5,106797.4692,0.8468412283312796,99.8308,16287.6,0
sh510300-hold-fee0.001,2024-09-20,16356.9692,0.0,27700.0,3.274,90689.8,107046.7692,0.8471979180479554,99.8308,16287.6,0
sh510300-hold-fee0.001,2024-09-21,16356.9692,0.0,27700.0,3.274,90689.8,107046.7692,0.8471979180479554,99.8308,16287.6,1
sh510300-hold-fee0.001,2024-09-22,16356.9692,0.0,27700.0,3.274,90689.8,107046.7692,0.8471979180479554,99.8308,16287.6,2
sh510300-hold-fee0.001,2024-09-23,16356.9692,0.0,27700.0,3.283,90939.1,107296.0692,0.8475529502435863,99.8308,16287.6,0
sh510300-hold-fee0.001,2024-09-24,16356.9692,0.0,27700.0,3.427,94927.9,111284.8692,0.8530171323596254,99.8308,16287.6,0
sh510300-hold-fee0.001,2024-09-25,16356.9692,0.0,27700.0,3.474,96229.8,112586.7692,0.854716772528188,99.8308,16287.6,0
sh510300-hold-fee0.001,2024-09-26,16356.9692,0.0,27700.0,3.64,100828.0,117184.9692,0.8604175150476551,99.8308,16287.6,0
sh510300-hold-fee0.001,2024-09-27,16356.9692,0.0,27700.0,3.869,107171.3,123528.2692,0.8675852150610397,99.8308,16287.6,0
sh510300-hold-fee0.001,2024-09-28,16356.9692,0.0,27700.0,3.869,107171.3,123528.2692,0.8675852150610397,99.8308,16287.6,1
sh510300-hold-fee0.001,2024-09-29,16356.9692,0.0,27700.0,3.869,107171.3,123528.2692,0.8675852150610397,99.8308,16287.6,2
sh510300-hold-fee0.001,2024-09-30,16356.9692,0.0,27700.0,4.233,117254.1,133611.0692,0.8775777388959028,99.8308,16287.6,0
sh510300-hold-fee0.001,2024-10-01,16356.9692,0.0,27700.0,4.233,117254.1,133611.0692,0.8775777388959028,99.8308,16287.6,1
sh510300-hold-fee0.001,2024-10-02,16356.9692,0.0,27700.0,4.233,117254.1,133611.0692,0.8775777388959028,99.8308,16287.6,2
sh510300-hold-fee0.001,2024-10-03,16356.9692,0.0,27700.0,4.233,117254.1,133611.0692,0.8775777388959028,99.8308,16287.6,3
sh510300-hold-fee0.001,2024-10-04,16356.9692,0.0,27700.0,4.233,117254.1,133611.0692,0.8775777388959028,99.8308,16287.6,4
sh510300-hold-fee0.001,2024-10-05,16356.9692,0.0,27700.0,4.233,117254.1,133611.0692,0.8775777388959028,99.8308,16287.6,5
sh510300-hold-fee0.001,2024-10-06,16356.9692,0.0,27700.0,4.233,117254.1,133611.0692,0.8775777388959028,99.8308,16287.6,6
sh510300-hold-fee0.001,2024-10-07,16356.9692,0.0,27700.0,4.233,117254.1,133611.0692,0.8775777388959028,99.8308,16287.6,7
sh510300-hold-fee0.001,2024-10-08,16356.9692,0.0,27700.0,4.412,122212.4,138569.3692,0.8819582618118752,99.8308,16287.6,0
sh510300-hold-fee0.001,2024-10-09,16356.9692,0.0,27700.0,4.022,111409.4,127766.3692,0.8719775062685275,99.8308,16287.6,0
sh510300-hold-fee0.001,2024-10-10,16356.9692,0.0,27700.0,4.086,113182.2,129539.1692,0.8737295499035823,99.8308,16287.6,0
sh510300-hold-fee0.001,2024-10-11,16356.9692,0.0,27700.0,3.977,110162.9,126519.8692,0.8707162020998991,99.8308,16287.6,0
sh510300-hold-fee0.001,2024-10-12,16356.9692,0.0,27700.0,3.977,110162.9,126519.8692,0.8707162020998991,99.8308,16287.6,1
sh510300-hold-fee0.001,2024-10-13,16356.9692,0.0,27700.0,3.977,110162.9,126519.8692,0.8707162020998991,99.8308,16287.6,2
sh510300-hold-fee0.001,2024-10-14,16356.9692,0.0,27700.0,4.04,111908.0,128264.9692,0.8724751637019845,99.8308,16287.6,0
sh510300-hold-fee0.001,2024-10-15,16356.9692,0.0,27700.0,3.931,108888.7,125245.6692,0.8694009197724818,99.8308,16287.6,0
sh510300-hold-fee0.001,2024-10-16,16356.9692,0.0,27700.0,3.906,108196.2,124553.1692,0.8686748052654127,99.8308,16287.6,0
sh510300-hold-fee0.001,2024-10-17,16356.9692,0.0,27700.0,3.863,107005.1,123362.0692,0.8674068187565712,99.8308,16287.6,0
sh510300-hold-fee0.001,2024-10-18,16356.9692,0.0,27700.0,4.016,111243.2,127600.1692,0.8718107561882449,99.8308,16287.6,0
sh510300-hold-fee0.001,2024-10-19,16356.9692,0.0,27700.0,4.016,111243.2,127600.1692,0.8718107561882449,99.8308,16287.6,1
sh510300-hold-fee0.001,2024-10-20,16356.9692,0.0,27700.0,4.016,111243.2,127600.1692,0.8718107561882449,99.8308,16287.6,2
sh510300-hold-fee0.001,2024-10-21,16356.9692,0.0,27700.0,4.016,111243.2,127600.1692,0.8718107561882449,99.8308,16287.6,0
sh510300-hold-fee0.001,2024-10-22,16356.9692,0.0,27700.0,4.04,111908.0,128264.9692,0.8724751637019845,99.8308,16287.6,0
sh510300-hold-fee0.001,2024-10-23,16356.9692,0.0,27700.0,4.055,112323.5,128680.4692,0.8728869322462807,99.8308,16287.6,0
sh510300-hold-fee0.001,2024-10-24,16356.9692,0.0,27700.0,4.011,111104.7,127461.6692,0.8716714656048141,99.8308,16287.6,0
sh510300-hold-fee0.001,2024-10-25,16356.9692,0.0,27700.0,4.04,111908.0,128264.9692,0.8724751637019845,99.8308,16287.6,0
sh510300-hold-fee0.001,2024-10-26,16356.9692,0.0,27700.0,4.04,111908.0,128264.9692,0.8724751637019845,99.8308,16287.6,1
sh510300-hold-fee0.001,2024-10-27,16356.9692,0.0,27700.0,4.04,111908.0,128264.9692,0.8724751637019845,99.8308,16287.6,2
sh510300-hold-fee0.001,2024-10-28,16356.9692,0.0,27700.0,4.046,112074.2,128431.1692,0.8726401908361666,99.8308,16287.6,0
sh510300-hold-fee0.001,2024-10-29,16356.9692,0.0,27700.0,4.013,111160.1,127517.0692,0.8717272181472,99.8308,16287.6,0
sh510300-hold-fee0.001,2024-10-30,16356.9692,0.0,27700.0,3.971,109996.7,126353.6692,0.8705461479388522,99.8308,16287.6,0
sh510300-hold-fee0.001,2024-10-31,16356.9692,0.0,27700.0,3.971,109996.7,126353.6692,0.8705461479388522,99.8308,16287.6,0
sh510300-hold-fee0.001,2024-11-01,16356.9692,0.0,27700.0,3.979,110218.3,126575.2692,0.8707727875802139,99.8308,16287.6,0
sh510300-hold-fee0.001,2024-11-02,16356.9692,0.0,27700.0,3.979,110218.3,126575.2692,0.8707727875802139,99.8308,16287.6,1
sh510300-hold-fee0.001,2024-11-03,16356.9692,0.0,27700.0,3.979,110218.3,126575.2692,0.8707727875802139,99.8308,16287.6,2
sh510300-hold-fee0.001,2024-11-04,16356.9692,0.0,27700.0,4.032,111686.4,128043.3692,0.8722544611080103,99.8308,16287.6,0
sh510300-hold-fee0.001,2024-11-05,16356.9692,0.0,27700.0,4.137,114594.9,130951.8692,0.8750917470676318,99.8308,16287.6,0
sh510300-hold-fee0.001,2024-11-06,16356.9692,0.0,27700.0,4.111,113874.7,130231.6692,0.8744009863309039,99.8308,16287.6,0
sh510300-hold-fee0.001,2024-11-07,16356.9692,0.0,27700.0,4.248,117669.6,134026.5692,0.8779572640138877,99.8308,16287.6,0
sh510300-hold-fee0.001,2024-11-08,16356.9692,0.0,27700.0,4.194,116173.8,132530.7692,0.8765798365259921,99.8308,16287.6,0
sh510300-hold-fee0.001,2024-11-09,16356.9692,0.0,27700.0,4.194,116173.8,132530.7692,0.8765798365259921,99.8308,16287.6,1
sh510300-hold-fee0.001,2024-11-10,16356.9692,0.0,27700.0,4.194,116173.8,132530.7692,0.8765798365259921,99.8308,16287.6,2
sh510300-hold-fee0.001,2024-11-11,16356.9692,0.0,27700.0,4.215,116755.5,133112.4692,0.8771191812584902,99.8308,16287.6,0
sh510300-hold-fee0.001,2024-11-12,16356.9692,0.0,27700.0,4.169,115481.3,131838.2692,0.8759315538708544,99.8308,16287.6,0
sh510300-hold-fee0.001,2024-11-13,16356.9692,0.0,27700.0,4.195,116201.5,132558.4692,0.8766056269454868,99.8308,16287.6,0
sh510300-hold-fee0.001,2024-11-14,16356.9692,0.0,27700.0,4.124,114234.8,130591.7692,0.87474731906764,99.8308,16287.6,0
sh510300-hold-fee0.001,2024-11-15,16356.9692,0.0,27700.0,4.055,112323.5,128680.4692,0.8728869322462807,99.8308,16287.6,0
sh510300-hold-fee0.001,2024-11-16,16356.9692,0.0,27700.0,4.055,112323.5,128680.4692,0.8728869322462807,99.8308,16287.6,1
sh510300-hold-fee0.001,2024-11-17,16356.9692,0.0,27700.0,4.055,112323.5,128680.4692,0.8728869322462807,99.8308,16287.6,2
sh510300-hold-fee0.001,2024-11-18,16356.9692,0.0,27700.0,4.038,111852.6,128209.5692,0.872420059578517,99.8308,16287.6,0
sh510300-hold-fee0.001,2024-11-19,16356.9692,0.0,27700.0,4.058,112406.6,128763.5692,0.8729689670640164,99.8308,16287.6,0
sh510300-hold-fee0.001,2024-11-20,16356.9692,0.0,27700.0,4.068,112683.6,129040.5692,0.8732416533698923,99.8308,16287.6,0
sh510300-hold-fee0.001,2024-11-21,16356.9692,0.0,27700.0,4.073,112822.1,129179.0692,0.8733775579798031,99.8308,16287.6,0
sh510300-hold-fee0.001,2024-11-22,16356.9692,0.0,27700.0,3.953,109498.1,125855.0692,0.8700332906415819,99.8308,16287.6,0
sh510300-hold-fee0.001,2024-11-23,16356.9692,0.0,27700.0,3.953,109498.1,125855.0692,0.8700332906415819,99.8308,16287.6,1
sh510300-hold-fee0.001,2024-11-24,16356.9692,0.0,27700.0,3.953,109498.1,125855.0692,0.8700332906415819,99.8308,16287.6,2
sh510300-hold-fee0.001,2024-11-25,16356.9692,0.0,27700.0,3.931,108888.7,125245.6692,0.8694009197724818,99.8308,16287.6,0
sh510300-hold-fee0.001,2024-11-26,16356.9692,0.0,27700.0,3.923,108667.1,125024.0692,0.8691694382956462,99.8308,16287.6,0
sh510300-hold-fee0.001,2024-11-27,16356.9692,0.0,27700.0,3.987,110439.9,126796.8692,0.8709986350356985,99.8308,16287.6,0
sh510300-hold-fee0.001,2024-11-28,16356.9692,0.0,27700.0,3.958,109636.6,125993.5692,0.8701761581653804,99.8308,16287.6,0
sh510300-hold-fee0.001,2024-11-29,16356.9692,0.0,27700.0,4.001,110827.7,127184.6692,0.8713919743402533,99.8308,16287.6,0
sh510300-hold-fee0.001,2024-11-30,16356.9692,0.0,27700.0,4.001,110827.7,127184.6692,0.8713919743402533,99.8308,16287.6,1
sh510300-hold-fee0.001,2024-12-01,16356.9692,0.0,27700.0,4.001,110827.7,127184.6692,0.8713919743402533,99.8308,16287.6,2
sh510300-hold-fee0.001,2024-12-02,16356.9692,0.0,27700.0,4.031,111658.7,128015.6692,0.8722268195587419,99.8308,16287.6,0
sh510300-hold-fee0.001,2024-12-03,16356.9692,0.0,27700.0,4.035,111769.5,128126.4692,0.8723373140450201,99.8308,16287.6,0
sh510300-hold-fee0.001,2024-12-04,16356.9692,0.0,27700.0,4.014,111187.8,127544.7692,0.8717550762560006,99.8308,16287.6,0
sh510300-hold-fee0.001,2024-12-05,16356.9692,0.0,27700.0,4.007,110993.9,127350.8692,0.8715598149996765,99.8308,16287.6,0
sh510300-hold-fee0.001,2024-12-06,16356.9692,0.0,27700.0,4.057,112378.9,128735.8692,0.8729416338923511,99.8308,16287.6,0
sh510300-hold-fee0.001,2024-12-07,16356.9692,0.0,27700.0,4.057,112378.9,128735.8692,0.8729416338923511,99.8308,16287.6,1
sh510300-hold-fee0.001,2024-12-08,16356.9692,0.0,27700.0,4.057,112378.9,128735.8692,0.8729416338923511,99.8308,16287.6,2
sh510300-hold-fee0.001,2024-12-09,16356.9692,0.0,27700.0,4.054,112295.8,128652.7692,0.8728595637566735,99.8308,16287.6,0
sh510300-hold-fee0.001,2024-12-10,16356.9692,0.0,27700.0,4.085,113154.5,129511.4692,0.8737025430949246,99.8308,16287.6,0
sh510300-hold-fee0.001,2024-12-11,16356.9692,0.0,27700.0,4.075,112877.5,129234.4692,0.8734318382606859,99.8308,16287.6,0
sh510300-hold-fee0.001,2024-12-12,16356.9692,0.0,27700.0,4.117,114040.9,130397.8692,0.8745610698982189,99.8308,16287.6,0
sh510300-hold-fee0.001,2024-12-13,16356.9692,0.0,27700.0,4.02,111354.0,127710.9692,0.87192197113167,99.8308,16287.6,0
sh510300-hold-fee0.001,2024-12-14,16356.9692,0.0,27700.0,4.02,111354.0,127710.9692,0.87192197113167,99.8308,16287.6,1
sh510300-hold-fee0.001,2024-12-15,16356.9692,0.0,27700.0,4.02,111354.0,127710.9692,0.87192197113167,99.8308,16287.6,2
sh510300-hold-fee0.001,2024-12-16,16356.9692,0.0,27700.0,3.996,110689.2,127046.1692,0.8712517716748283,99.8308,16287.6,0
sh510300-hold-fee0.001,2024-12-17,16356.9692,0.0,27700.0,4.007,110993.9,127350.8692,0.8715598149996765,99.8308,16287.6,0
sh510300-hold-fee0.001,2024-12-18,16356.9692,0.0,27700.0,4.024,111464.8,127821.7692,0.8720329932657511,99.8308,16287.6,0
sh510300-hold-fee0.001,2024-12-19,16356.9692,0.0,27700.0,4.03,111631.0,127987.9692,0.872199166044741,99.8308,16287.6,0
sh510300-hold-fee0.001,2024-12-20,16356.9692,0.0,27700.0,4.018,111298.6,127655.5692,0.8718663877925038,99.8308,16287.6,0
sh510300-hold-fee0.001,2024-12-21,16356.9692,0.0,27700.0,4.018,111298.6,127655.5692,0.8718663877925038,99.8308,16287.6,1
sh510300-hold-fee0.001,2024-12-22,16356.9692,0.0,27700.0,4.018,111298.6,127655.5692,0.8718663877925038,99.8308,16287.6,2
sh510300-hold-fee0.001,2024-12-23,16356.9692,0.0,27700.0,4.022,111409.4,127766.3692,0.8719775062685275,99.8308,16287.6,0
sh510300-hold-fee0.001,2024-12-24,16356.9692,0.0,27700.0,4.069,112711.3,129068.2692,0.87326885762562,99.8308,16287.6,0
sh510300-hold-fee0.001,2024-12-25,16356.9692,0.0,27700.0,4.072,112794.4,129151.3692,0.8733504003765529,99.8308,16287.6,0
sh510300-hold-fee0.001,2024-12-26,16356.9692,0.0,27700.0,4.073,112822.1,129179.0692,0.8733775579798031,99.8308,16287.6,0
sh510300-hold-fee0.001,2024-12-27,16356.9692,0.0,27700.0,4.067,112655.9,129012.8692,0.873214437432262,99.8308,16287.6,0
sh510300-hold-fee0.001,2024-12-28,16356.9692,0.0,27700.0,4.067,112655.9,129012.8692,0.873214437432262,99.8308,16287.6,1
sh510300-hold-fee0.001,2024-12-29,16356.9692,0.0,27700.0,4.067,112655.9,129012.8692,0.873214437432262,99.8308,16287.6,2
sh510300-hold-fee0.001,2024-12-30,16356.9692,0.0,27700.0,4.086,113182.2,129539.1692,0.8737295499035823,99.8308,16287.6,0
sh510300-hold-fee0.001,2024-12-31,16356.9692,0.0,27700.0,4.022,111409.4,127766.3692,0.8719775062685275,99.8308,16287.6,0
sh510300-hold-fee0.001,2025-01-01,16356.9692,0.0,27700.0,4.022,111409.4,127766.3692,0.8719775062685275,99.8308,16287.6,1
sh510300-hold-fee0.001,2025-01-02,16356.9692,0.0,27700.0,3.909,108279.3,124636.2692,0.8687623650403682,99.8308,16287.6,0
sh510300-hold-fee0.001,2025-01-03,16356.9692,0.0,27700.0,3.869,107171.3,123528.2692,0.8675852150610397,99.8308,16287.6,0
sh510300-hold-fee0.001,2025-01-04,16356.9692,0.0,27700.0,3.869,107171.3,123528.2692,0.8675852150610397,99.8308,16287.6,1
sh510300-hold-fee0.001,2025-01-05,16356.9692,0.0,27700.0,3.869,107171.3,123528.2692,0.8675852150610397,99.8308,16287.6,2
sh510300-hold-fee0.001,2025-01-06,16356.9692,0.0,27700.0,3.853,106728.1,123085.0692,0.8671084209781637,99.8308,16287.6,0
sh510300-hold-fee0.001,2025-01-07,16356.9692,0.0,27700.0,3.88,107476.0,123832.9692,0.8679110312409436,99.8308,16287.6,0
sh510300-hold-fee0.001,2025-01-08,16356.9692,0.0,27700.0,3.874,107309.8,123666.7692,0.8677335123589531,99.8308,16287.6,0
sh510300-hold-fee0.001,2025-01-09,16356.9692,0.0,27700.0,3.866,107088.2,123445.1692,0.8674960769546258,99.8308,16287.6,0
sh510300-hold-fee0.001,2025-01-10,16356.9692,0.0,27700.0,3.823,105897.1,122254.0692,0.8662051144224817,99.8308,16287.6,0
sh510300-hold-fee0.001,2025-01-11,16356.9692,0.0,27700.0,3.823,105897.1,122254.0692,0.8662051144224817,99.8308,16287.6,1
sh510300-hold-fee0.001,2025-01-12,16356.9692,0.0,27700.0,3.823,105897.1,122254.0692,0.8662051144224817,99.8308,16287.6,2
sh510300-hold-fee0.001,2025-01-13,16356.9692,0.0,27700.0,3.808,105481.6,121838.5692,0.865748840392653,99.8308,16287.6,0
sh510300-hold-fee0.001,2025-01-14,16356.9692,0.0,27700.0,3.906,108196.2,124553.1692,0.8686748052654127,99.8308,16287.6,0
sh510300-hold-fee0.001,2025-01-15,16356.9692,0.0,27700.0,3.883,107559.1,123916.0692,0.8679996121116469,99.8308,16287.6,0
sh510300-hold-fee0.001,2025-01-16,16356.9692,0.0,27700.0,3.885,107614.5,123971.4692,0.8680586000508576,99.8308,16287.6,0
sh510300-hold-fee0.001,2025-01-17,16356.9692,0.0,27700.0,3.898,107974.6,124331.5692,0.8684407403103861,99.8308,16287.6,0
sh510300-hold-fee0.001,2025-01-18,16356.9692,0.0,27700.0,3.898,107974.6,124331.5692,0.8684407403103861,99.8308,16287.6,1
sh510300-hold-fee0.001,2025-01-19,16356.9692,0.0,27700.0,3.898,107974.6,124331.5692,0.8684407403103861,99.8308,16287.6,2
sh510300-hold-fee0.001,2025-01-20,16356.9692,0.0,27700.0,3.917,108500.9,124857.8692,0.8689952879637962,99.8308,16287.6,0
sh510300-hold-fee0.001,2025-01-21,16356.9692,0.0,27700.0,3.922,108639.4,124996.3692,0.8691404454010333,99.8308,16287.6,0
sh510300-hold-fee0.001,2025-01-22,16356.9692,0.0,27700.0,3.886,107642.2,123999.1692,0.8680880742546137,99.8308,16287.6,0
sh510300-hold-fee0.001,2025-01-23,16356.9692,0.0,27700.0,3.897,107946.9,124303.8692,0.8684114235118274,99.8308,16287.6,0
sh510300-hold-fee0.001,2025-01-24,16356.9692,0.0,27700.0,3.929,108833.3,125190.2692,0.8693431262307726,99.8308,16287.6,0
sh510300-hold-fee0.001,2025-01-25,16356.9692,0.0,27700.0,3.929,108833.3,125190.2692,0.8693431262307726,99.8308,16287.6,1
sh510300-hold-fee0.001,2025-01-26,16356.9692,0.0,27700.0,3.929,108833.3,125190.2692,0.8693431262307726,99.8308,16287.6,2
sh510300-hold-fee0.001,2025-01-27,16356.9692,0.0,27700.0,3.907,108223.9,124580.8692,0.8687040048360812,99.8308,16287.6,0
sh510300-hold-fee0.001,2025-01-28,16356.9692,0.0,27700.0,3.907,108223.9,124580.8692,0.8687040048360812,99.8308,16287.6,1
sh510300-hold-fee0.001,2025-01-29,16356.9692,0.0,27700.0,3.907,108223.9,124580.8692,0.8687040048360812,99.8308,16287.6,2
sh510300-hold-fee0.001,2025-01-30,16356.9692,0.0,27700.0,3.907,108223.9,124580.8692,0.8687040048360812,99.8308,16287.6,3
sh510300-hold-fee0.001,2025-01-31,16356.9692,0.0,27700.0,3.907,108223.9,124580.8692,0.8687040048360812,99.8308,16287.6,4
sh510300-hold-fee0.001,2025-02-01,16356.9692,0.0,27700.0,3.907,108223.9,124580.8692,0.8687040048360812,99.8308,16287.6,5
sh510300-hold-fee0.001,2025-02-02,16356.9692,0.0,27700.0,3.907,108223.9,124580.8692,0.8687040048360812,99.8308,16287.6,6
sh510300-hold-fee0.001,2025-02-03,16356.9692,0.0,27700.0,3.907,108223.9,124580.8692,0.8687040048360812,99.8308,16287.6,7
sh510300-hold-fee0.001,2025-02-04,16356.9692,0.0,27700.0,3.907,108223.9,124580.8692,0.8687040048360812,99.8308,16287.6,8
sh510300-hold-fee0.001,2025-02-05,16356.9692,0.0,27700.0,3.887,107669.9,124026.8692,0.8681175352929089,99.8308,16287.6,0
sh510300-hold-fee0.001,2025-02-06,16356.9692,0.0,27700.0,3.932,108916.4,125273.3692,0.8694297973746842,99.8308,16287.6,0
sh510300-hold-fee0.001,2025-02-07,16356.9692,0.0,27700.0,3.988,110467.6,126824.5692,0.871026810473881,99.8308,16287.6,0
sh510300-hold-fee0.001,2025-02-08,16356.9692,0.0,27700.0,3.988,110467.6,126824.5692,0.871026810473881,99.8308,16287.6,1
sh510300-hold-fee0.001,2025-02-09,16356.9692,0.0,27700.0,3.988,110467.6,126824.5692,0.871026810473881,99.8308,16287.6,2
sh510300-hold-fee0.001,2025-02-10,16356.9692,0.0,27700.0,3.992,110578.4,126935.3692,0.8711393892570015,99.8308,16287.6,0
sh510300-hold-fee0.001,2025-02-11,16356.9692,0.0,27700.0,3.976,110135.2,126492.1692,0.8706878907726092,99.8308,16287.6,0
sh510300-hold-fee0.001,2025-02-12,16356.9692,0.0,27700.0,4.014,111187.8,127544.7692,0.8717550762560006,99.8308,16287.6,0
sh510300-hold-fee0.001,2025-02-13,16356.9692,0.0,27700.0,4.004,110910.8,127267.7692,0.8714759494660805,99.8308,16287.6,0
sh510300-hold-fee0.001,2025-02-14,16356.9692,0.0,27700.0,4.034,111741.8,128098.7692,0.872309708343396,99.8308,16287.6,0
sh510300-hold-fee0.001,2025-02-15,16356.9692,0.0,27700.0,4.034,111741.8,128098.7692,0.872309708343396,99.8308,16287.6,1
sh510300-hold-fee0.001,2025-02-16,16356.9692,0.0,27700.0,4.034,111741.8,128098.7692,0.872309708343396,99.8308,16287.6,2
sh510300-hold-fee0.001,2025-02-17,16356.9692,0.0,27700.0,4.041,111935.7,128292.6692,0.8725026979172088,99.8308,16287.6,0
sh510300-hold-fee0.001,2025-02-18,16356.9692,0.0,27700.0,4.012,111132.4,127489.3692,0.8716993479327687,99.8308,16287.6,0
sh510300-hold-fee0.001,2025-02-19,16356.9692,0.0,27700.0,4.033,111714.1,128071.0692,0.8722820907003094,99.8308,16287.6,0
sh510300-hold-fee0.001,2025-02-20,16356.9692,0.0,27700.0,4.021,111381.7,127738.6692,0.8719497447214676,99.8308,16287.6,0
sh510300-hold-fee0.001,2025-02-21,16356.9692,0.0,27700.0,4.075,112877.5,129234.4692,0.8734318382606859,99.8308,16287.6,0
sh510300-hold-fee0.001,2025-02-22,16356.9692,0.0,27700.0,4.075,112877.5,129234.4692,0.8734318382606859,99.8308,16287.6,1
sh510300-hold-fee0.001,2025-02-23,16356.9692,0.0,27700.0,4.075,112877.5,129234.4692,0.8734318382606859,99.8308,16287.6,2
sh510300-hold-fee0.001,2025-02-24,16356.9692,0.0,27700.0,4.062,112517.4,128874.3692,0.8730781822519291,99.8308,16287.6,0
sh510300-hold-fee0.001,2025-02-25,16356.9692,0.0,27700.0,4.021,111381.7,127738.6692,0.8719497447214676,99.8308,16287.6,0
sh510300-hold-fee0.001,2025-02-26,16356.9692,0.0,27700.0,4.054,112295.8,128652.7692,0.8728595637566735,99.8308,16287.6,0
sh510300-hold-fee0.001,2025-02-27,16356.9692,0.0,27700.0,4.067,112655.9,129012.8692,0.873214437432262,99.8308,16287.6,0
sh510300-hold-fee0.001,2025-02-28,16356.9692,0.0,27700.0,3.994,110633.8,126990.7692,0.8711956049794524,99.8308,16287.6,0
sh510300-hold-fee0.001,2025-03-01,16356.9692,0.0,27700.0,3.994,110633.8,126990.7692,0.8711956049794524,99.8308,16287.6,1
sh510300-hold-fee0.001,2025-03-02,16356.9692,0.0,27700.0,3.994,110633.8,126990.7692,0.8711956049794524,99.8308,16287.6,2
sh510300-hold-fee0.001,2025-03-03,16356.9692,0.0,27700.0,3.981,110273.7,126630.6692,0.8708293235490537,99.8308,16287.6,0
sh510300-hold-fee0.001,2025-03-04,16356.9692,0.0,27700.0,3.977,110162.9,126519.8692,0.8707162020998991,99.8308,16287.6,0
sh510300-hold-fee0.001,2025-03-05,16356.9692,0.0,27700.0,3.994,110633.8,126990.7692,0.8711956049794524,99.8308,16287.6,0
sh510300-hold-fee0.001,2025-03-06,16356.9692,0.0,27700.0,4.049,112157.3,128514.2692,0.8727225443382904,99.8308,16287.6,0
sh510300-hold-fee0.001,2025-03-07,16356.9692,0.0,27700.0,4.039,111880.3,128237.2692,0.8724476175916572,99.8308,16287.6,0
sh510300-hold-fee0.001,2025-03-08,16356.9692,0.0,27700.0,4.039,111880.3,128237.2692,0.8724476175916572,99.8308,16287.6,1
sh510300-hold-fee0.001,2025-03-09,16356.9692,0.0,27700.0,4.039,111880.3,128237.2692,0.8724476175916572,99.8308,16287.6,2
sh510300-hold-fee0.001,2025-03-10,16356.9692,0.0,27700.0,4.023,111437.1,127794.0692,0.8720052557806807,99.8308,16287.6,0
sh510300-hold-fee0.001,2025-03-11,16356.9692,0.0,27700.0,4.035,111769.5,128126.4692,0.8723373140450201,99.8308,16287.6,0
sh510300-hold-fee0.001,2025-03-12,16356.9692,0.0,27700.0,4.025,111492.5,127849.4692,0.8720607187315566,99.8308,16287.6,0
sh510300-hold-fee0.001,2025-03-13,16356.9692,0.0,27700.0,4.005,110938.5,127295.4692,0.8715039168102615,99.8308,16287.6,0
sh510300-hold-fee0.001,2025-03-14,16356.9692,0.0,27700.0,4.106,113736.2,130093.1692,0.874267270906027,99.8308,16287.6,0
sh510300-hold-fee0.001,2025-03-15,16356.9692,0.0,27700.0,4.106,113736.2,130093.1692,0.874267270906027,99.8308,16287.6,1
sh510300-hold-fee0.001,2025-03-16,16356.9692,0.0,27700.0,4.106,113736.2,130093.1692,0.874267270906027,99.8308,16287.6,2
sh510300-hold-fee0.001,2025-03-17,16356.9692,0.0,27700.0,4.094,113403.8,129760.7692,0.873945189282987,99.8308,16287.6,0
sh510300-hold-fee0.001,2025-03-18,16356.9692,0.0,27700.0,4.103,113653.1,130010.0692,0.8741869049016705,99.8308,16287.6,0
sh510300-hold-fee0.001,2025-03-19,16356.9692,0.0,27700.0,4.109,113819.3,130176.2692,0.8743475343046626,99.8308,16287.6,0
sh510300-hold-fee0.001,2025-03-20,16356.9692,0.0,27700.0,4.076,112905.2,129262.1692,0.8734589609532871,99.8308,16287.6,0
sh510300-hold-fee0.001,2025-03-21,16356.9692,0.0,27700.0,4.01,111077.0,127433.9692,0.8716435711554372,99.8308,16287.6,0
sh510300-hold-fee0.001,2025-03-22,16356.9692,0.0,27700.0,4.01,111077.0,127433.9692,0.8716435711554372,99.8308,16287.6,1
sh510300-hold-fee0.001,2025-03-23,16356.9692,0.0,27700.0,4.01,111077.0,127433.9692,0.8716435711554372,99.8308,16287.6,2
sh510300-hold-fee0.001,2025-03-24,16356.9692,0.0,27700.0,4.027,111547.9,127904.8692,0.8721161336366074,99.8308,16287.6,0
sh510300-hold-fee0.001,2025-03-25,16356.9692,0.0,27700.0,4.029,111603.3,127960.2692,0.8721715005582373,99.8308,16287.6,0
sh510300-hold-fee0.001,2025-03-26,16356.9692,0.0,27700.0,4.013,111160.1,127517.0692,0.8717272181472,99.8308,16287.6,0
sh510300-hold-fee0.001,2025-03-27,16356.9692,0.0,27700.0,4.027,111547.9,127904.8692,0.8721161336366074,99.8308,16287.6,0
sh510300-hold-fee0.001,2025-03-28,16356.9692,0.0,27700.0,4.008,111021.6,127378.5692,0.8715877458607849,99.8308,16287.6,0
sh510300-hold-fee0.001,2025-03-29,16356.9692,0.0,27700.0,4.008,111021.6,127378.5692,0.8715877458607849,99.8308,16287.6,1
sh510300-hold-fee0.001,2025-03-30,16356.9692,0.0,27700.0,4.008,111021.6,127378.5692,0.8715877458607849,99.8308,16287.6,2
sh510300-hold-fee0.001,2025-03-31,16356.9692,0.0,27700.0,3.984,110356.8,126713.7692,0.8709140348103543,99.8308,16287.6,0
sh510300-hold-fee0.001,2025-04-01,16356.9692,0.0,27700.0,3.982,110301.4,126658.3692,0.8708575729869732,99.8308,16287.6,0
sh510300-hold-fee0.001,2025-04-02,16356.9692,0.0,27700.0,3.979,110218.3,126575.2692,0.8707727875802139,99.8308,16287.6,0
sh510300-hold-fee0.001,2025-04-03,16356.9692,0.0,27700.0,3.959,109664.3,126021.2692,0.8702046939866878,99.8308,16287.6,0
sh510300-hold-fee0.001,2025-04-04,16356.9692,0.0,27700.0,3.959,109664.3,126021.2692,0.8702046939866878,99.8308,16287.6,1
sh510300-hold-fee0.001,2025-04-05,16356.9692,0.0,27700.0,3.959,109664.3,126021.2692,0.8702046939866878,99.8308,16287.6,2
sh510300-hold-fee0.001,2025-04-06,16356.9692,0.0,27700.0,3.959,109664.3,126021.2692,0.8702046939866878,99.8308,16287.6,3
sh510300-hold-fee0.001,2025-04-07,16356.9692,0.0,27700.0,3.695,102351.5,118708.4692,0.8622089113756342,99.8308,16287.6,0
sh510300-hold-fee0.001,2025-04-08,16356.9692,0.0,27700.0,3.73,103321.0,119677.9692,0.8633251440566724,99.8308,16287.6,0
sh510300-hold-fee0.001,2025-04-09,16356.9692,0.0,27700.0,3.766,104318.2,120675.1692,0.8644545575660979,99.8308,16287.6,0
sh510300-hold-fee0.001,2025-04-10,16356.9692,0.0,27700.0,3.829,106063.3,122420.2692,0.8663867568100397,99.8308,16287.6,0
sh510300-hold-fee0.001,2025-04-11,16356.9692,0.0,27700.0,3.84,106368.0,122724.9692,0.8667184900788714,99.8308,16287.6,0
sh510300-hold-fee0.001,2025-04-12,16356.9692,0.0,27700.0,3.84,106368.0,122724.9692,0.8667184900788714,99.8308,16287.6,1
sh510300-hold-fee0.001,2025-04-13,16356.9692,0.0,27700.0,3.84,106368.0,122724.9692,0.8667184900788714,99.8308,16287.6,2
sh510300-hold-fee0.001,2025-04-14,16356.9692,0.0,27700.0,3.848,106589.6,122946.5692,0.8669587178688025,99.8308,16287.6,0
sh510300-hold-fee0.001,2025-04-15,16356.9692,0.0,27700.0,3.851,106672.7,123029.6692,0.8670485801810154,99.8308,16287.6,0
sh510300-hold-fee0.001,2025-04-16,16356.9692,0.0,27700.0,3.86,106922.0,123278.9692,0.8673174402240216,99.8308,16287.6,0
sh510300-hold-fee0.001,2025-04-17,16356.9692,0.0,27700.0,3.863,107005.1,123362.0692,0.8674068187565712,99.8308,16287.6,0
sh510300-hold-fee0.001,2025-04-18,16356.9692,0.0,27700.0,3.873,107282.1,123639.0692,0.8677038794788986,99.8308,16287.6,0
sh510300-hold-fee0.001,2025-04-19,16356.9692,0.0,27700.0,3.873,107282.1,123639.0692,0.8677038794788986,99.8308,16287.6,1
sh510300-hold-fee0.001,2025-04-20,16356.9692,0.0,27700.0,3.873,107282.1,123639.0692,0.8677038794788986,99.8308,16287.6,2
sh510300-hold-fee0.001,2025-04-21,16356.9692,0.0,27700.0,3.875,107337.5,123694.4692,0.8677631319671001,99.8308,16287.6,0
sh510300-hold-fee0.001,2025-04-22,16356.9692,0.0,27700.0,3.878,107420.6,123777.5692,0.8678519112491991,99.8308,16287.6,0
sh510300-hold-fee0.001,2025-04-23,16356.9692,0.0,27700.0,3.882,107531.4,123888.3692,0.8679700983585148,99.8308,16287.6,0
sh510300-hold-fee0.001,2025-04-24,16356.9692,0.0,27700.0,3.882,107531.4,123888.3692,0.8679700983585148,99.8308,16287.6,0
sh510300-hold-fee0.001,2025-04-25,16356.9692,0.0,27700.0,3.882,107531.4,123888.3692,0.8679700983585148,99.8308,16287.6,0
sh510300-hold-fee0.001,2025-04-26,16356.9692,0.0,27700.0,3.882,107531.4,123888.3692,0.8679700983585148,99.8308,16287.6,1
sh510300-hold-fee0.001,2025-04-27,16356.9692,0.0,27700.0,3.882,107531.4,123888.3692,0.8679700983585148,99.8308,16287.6,2
sh510300-hold-fee0.001,2025-04-28,16356.9692,0.0,27700.0,3.876,107365.2,123722.1692,0.8677927383122539,99.8308,16287.6,0
sh510300-hold-fee0.001,2025-04-29,16356.9692,0.0,27700.0,3.869,107171.3,123528.2692,0.8675852150610397,99.8308,16287.6,0
sh510300-hold-fee0.001,2025-04-30,16356.9692,0.0,27700.0,3.866,107088.2,123445.1692,0.8674960769546258,99.8308,16287.6,0
sh510300-hold-fee0.001,2025-05-01,16356.9692,0.0,27700.0,3.866,107088.2,123445.1692,0.8674960769546258,99.8308,16287.6,1
sh510300-hold-fee0.001,2025-05-02,16356.9692,0.0,27700.0,3.866,107088.2,123445.1692,0.8674960769546258,99.8308,16287.6,2
sh510300-hold-fee0.001,2025-05-03,16356.9692,0.0,27700.0,3.866,107088.2,123445.1692,0.8674960769546258,99.8308,16287.6,3
sh510300-hold-fee0.001,2025-05-04,16356.9692,0.0,27700.0,3.866,107088.2,123445.1692,0.8674960769546258,99.8308,16287.6,4
sh510300-hold-fee0.001,2025-05-05,16356.9692,0.0,27700.0,3.866,107088.2,123445.1692,0.8674960769546258,99.8308,16287.6,5
sh510300-hold-fee0.001,2025-05-06,16356.9692,0.0,27700.0,3.903,108113.1,124470.0692,0.868587128575325,99.8308,16287.6,0
sh510300-hold-fee0.001,2025-05-07,16356.9692,0.0,27700.0,3.927,108777.9,125134.8692,0.8692852815160812,99.8308,16287.6,0
sh510300-hold-fee0.001,2025-05-08,16356.9692,0.0,27700.0,3.95,109415.0,125771.9692,0.8699474190947151,99.8308,16287.6,0
sh510300-hold-fee0.001,2025-05-09,16356.9692,0.0,27700.0,3.945,109276.5,125633.4692,0.8698040474074563,99.8308,16287.6,0
sh510300-hold-fee0.001,2025-05-10,16356.9692,0.0,27700.0,3.945,109276.5,125633.4692,0.8698040474074563,99.8308,16287.6,1
sh510300-hold-fee0.001,2025-05-11,16356.9692,0.0,27700.0,3.945,109276.5,125633.4692,0.8698040474074563,99.8308,16287.6,2
sh510300-hold-fee0.001,2025-05-12,16356.9692,0.0,27700.0,3.99,110523.0,126879.9692,0.8710831244432553,99.8308,16287.6,0
sh510300-hold-fee0.001,2025-05-13,16356.9692,0.0,27700.0,3.994,110633.8,126990.7692,0.8711956049794524,99.8308,16287.6,0
sh510300-hold-fee0.001,2025-05-14,16356.9692,0.0,27700.0,4.045,112046.5,128403.4692,0.8726127159810414,99.8308,16287.6,0
sh510300-hold-fee0.001,2025-05-15,16356.9692,0.0,27700.0,4.011,111104.7,127461.6692,0.8716714656048141,99.8308,16287.6,0
sh510300-hold-fee0.001,2025-05-16,16356.9692,0.0,27700.0,3.989,110495.3,126852.2692,0.8710549736070469,99.8308,16287.6,0
sh510300-hold-fee0.001,2025-05-17,16356.9692,0.0,27700.0,3.989,110495.3,126852.2692,0.8710549736070469,99.8308,16287.6,1
sh510300-hold-fee0.001,2025-05-18,16356.9692,0.0,27700.0,3.989,110495.3,126852.2692,0.8710549736070469,99.8308,16287.6,2
sh510300-hold-fee0.001,2025-05-19,16356.9692,0.0,27700.0,3.983,110329.1,126686.0692,0.8708858100713729,99.8308,16287.6,0
sh510300-hold-fee0.001,2025-05-20,16356.9692,0.0,27700.0,4.003,110883.1,127240.0692,0.8714479699449896,99.8308,16287.6,0
sh510300-hold-fee0.001,2025-05-21,16356.9692,0.0,27700.0,4.019,111326.3,127683.2692,0.8718941854912969,99.8308,16287.6,0
sh510300-hold-fee0.001,2025-05-22,16356.9692,0.0,27700.0,4.017,111270.9,127627.8692,0.8718385780274391,99.8308,16287.6,0
sh510300-hold-fee0.001,2025-05-23,16356.9692,0.0,27700.0,3.988,110467.6,126824.5692,0.871026810473881,99.8308,16287.6,0
sh510300-hold-fee0.001,2025-05-24,16356.9692,0.0,27700.0,3.988,110467.6,126824.5692,0.871026810473881,99.8308,16287.6,1
sh510300-hold-fee0.001,2025-05-25,16356.9692,0.0,27700.0,3.988,110467.6,126824.5692,0.871026810473881,99.8308,16287.6,2
sh510300-hold-fee0.001,2025-05-26,16356.9692,0.0,27700.0,3.967,109885.9,126242.8692,0.8704325297448167,99.8308,16287.6,0
sh510300-hold-fee0.001,2025-05-27,16356.9692,0.0,27700.0,3.946,109304.2,125661.1692,0.869832747028109,99.8308,16287.6,0
sh510300-hold-fee0.001,2025-05-28,16356.9692,0.0,27700.0,3.942,109193.4,125550.3692,0.8697178725620187,99.8308,16287.6,0
sh510300-hold-fee0.001,2025-05-29,16356.9692,0.0,27700.0,3.966,109858.2,126215.1692,0.8704040940270752,99.8308,16287.6,0
sh510300-hold-fee0.001,2025-05-30,16356.9692,0.0,27700.0,3.959,109664.3,126021.2692,0.8702046939866878,99.8308,16287.6,0
sh510300-hold-fee0.001,2025-05-31,16356.9692,0.0,27700.0,3.959,109664.3,126021.2692,0.8702046939866878,99.8308,16287.6,1
sh510300-hold-fee0.001,2025-06-01,16356.9692,0.0,27700.0,3.959,109664.3,126021.2692,0.8702046939866878,99.8308,16287.6,2
sh510300-hold-fee0.001,2025-06-02,16356.9692,0.0,27700.0,3.959,109664.3,126021.2692,0.8702046939866878,99.8308,16287.6,3
sh510300-hold-fee0.001,2025-06-03,16356.9692,0.0,27700.0,3.957,109608.9,125965.8692,0.8701476097939711,99.8308,16287.6,0
sh510300-hold-fee0.001,2025-06-04,16356.9692,0.0,27700.0,3.974,110079.8,126436.7692,0.8706312309030434,99.8308,16287.6,0
sh510300-hold-fee0.001,2025-06-05,16356.9692,0.0,27700.0,3.984,110356.8,126713.7692,0.8709140348103543,99.8308,16287.6,0
sh510300-hold-fee0.001,2025-06-06,16356.9692,0.0,27700.0,3.986,110412.2,126769.1692,0.8709704472844333,99.8308,16287.6,0
sh510300-hold-fee0.001,2025-06-07,16356.9692,0.0,27700.0,3.986,110412.2,126769.1692,0.8709704472844333,99.8308,16287.6,1
sh510300-hold-fee0.001,2025-06-08,16356.9692,0.0,27700.0,3.986,110412.2,126769.1692,0.8709704472844333,99.8308,16287.6,2
sh510300-hold-fee0.001,2025-06-09,16356.9692,0.0,27700.0,3.995,110661.5,127018.4692,0.8712236944515153,99.8308,16287.6,0
sh510300-hold-fee0.001,2025-06-10,16356.9692,0.0,27700.0,3.972,110024.4,126381.3692,0.8705745213591182,99.8308,16287.6,0
sh510300-hold-fee0.001,2025-06-11,16356.9692,0.0,27700.0,4.004,110910.8,127267.7692,0.8714759494660805,99.8308,16287.6,0
sh510300-hold-fee0.001,2025-06-12,16356.9692,0.0,27700.0,4.006,110966.2,127323.1692,0.8715318719854799,99.8308,16287.6,0
sh510300-hold-fee0.001,2025-06-13,16356.9692,0.0,27700.0,3.98,110246.0,126602.9692,0.870801061749506,99.8308,16287.6,0
sh510300-hold-fee0.001,2025-06-14,16356.9692,0.0,27700.0,3.98,110246.0,126602.9692,0.870801061749506,99.8308,16287.6,1
sh510300-hold-fee0.001,2025-06-15,16356.9692,0.0,27700.0,3.98,110246.0,126602.9692,0.870801061749506,99.8308,16287.6,2
sh510300-hold-fee0.001,2025-06-16,16356.9692,0.0,27700.0,3.99,110523.0,126879.9692,0.8710831244432553,99.8308,16287.6,0
sh510300-hold-fee0.001,2025-06-17,16356.9692,0.0,27700.0,3.989,110495.3,126852.2692,0.8710549736070469,99.8308,16287.6,0
sh510300-hold-fee0.001,2025-06-18,16356.9692,2437.6,27700.0,3.904,108140.8,126935.3692,0.8519359157463261,99.8308,16287.6,0
sh510300-hold-fee0.001,2025-06-19,16356.9692,2437.6,27700.0,3.873,107282.1,126076.6692,0.8509274608913923,99.8308,16287.6,0
sh510300-hold-fee0.001,2025-06-20,16356.9692,2437.6,27700.0,3.878,107420.6,126215.1692,0.8510910430249615,99.8308,16287.6,0
sh510300-hold-fee0.001,2025-06-21,16356.9692,2437.6,27700.0,3.878,107420.6,126215.1692,0.8510910430249615,99.8308,16287.6,1
sh510300-hold-fee0.001,2025-06-22,16356.9692,2437.6,27700.0,3.878,107420.6,126215.1692,0.8510910430249615,99.8308,16287.6,2
sh510300-hold-fee0.001,2025-06-23,16356.9692,2437.6,27700.0,3.891,107780.7,126575.2692,0.8515146811949265,99.8308,16287.6,0
sh510300-hold-fee0.001,2025-06-24,16356.9692,2437.6,27700.0,3.936,109027.2,127821.7692,0.8529626892380707,99.8308,16287.6,0
sh510300-hold-fee0.001,2025-06-25,16356.9692,2437.6,27700.0,4.001,110827.7,129622.2692,0.8550050904370373,99.8308,16287.6,0
sh510300-hold-fee0.001,2025-06-26,16356.9692,2437.6,27700.0,3.986,110412.2,129206.7692,0.8545388193175254,99.8308,16287.6,0
sh510300-hold-fee0.001,2025-06-27,18794.5692,0.0,27700.0,3.963,109775.1,128569.6692,0.8538180169790777,99.8308,18725.2,0
sh510300-hold-fee0.001,2025-06-28,18794.5692,0.0,27700.0,3.963,109775.1,128569.6692,0.8538180169790777,99.8308,18725.2,1
sh510300-hold-fee0.001,2025-06-29,18794.5692,0.0,27700.0,3.963,109775.1,128569.6692,0.8538180169790777,99.8308,18725.2,2
sh510300-hold-fee0.001,2025-06-30,18794.5692,0.0,27700.0,3.982,110301.4,129095.9692,0.8544139734457332,99.8308,18725.2,0
sh510300-hold-fee0.001,2025-07-01,18794.5692,0.0,27700.0,3.988,110467.6,129262.1692,0.8546011619925685,99.8308,18725.2,0
sh510300-hold-fee0.001,2025-07-02,18794.5692,0.0,27700.0,3.992,110578.4,129372.9692,0.8547256871646415,99.8308,18725.2,0
sh510300-hold-fee0.001,2025-07-03,18794.5692,0.0,27700.0,4.015,111215.5,130010.0692,0.8554375879064604,99.8308,18725.2,0
sh510300-hold-fee0.001,2025-07-04,18794.5692,0.0,27700.0,4.032,111686.4,130480.9692,0.8559593072060044,99.8308,18725.2,0
sh510300-hold-fee0.001,2025-07-05,18794.5692,0.0,27700.0,4.032,111686.4,130480.9692,0.8559593072060044,99.8308,18725.2,1
sh510300-hold-fee0.001,2025-07-06,18794.5692,0.0,27700.0,4.032,111686.4,130480.9692,0.8559593072060044,99.8308,18725.2,2
sh510300-hold-fee0.001,2025-07-07,18794.5692,0.0,27700.0,4.014,111187.8,129982.3692,0.8554067808143937,99.8308,18725.2,0
sh510300-hold-fee0.001,2025-07-08,18794.5692,0.0,27700.0,4.048,112129.6,130924.1692,0.8564469088110891,99.8308,18725.2,0
sh510300-hold-fee0.001,2025-07-09,18794.5692,0.0,27700.0,4.045,112046.5,130841.0692,0.8563557351302965,99.8308,18725.2,0
sh510300-hold-fee0.001,2025-07-10,18794.5692,0.0,27700.0,4.065,112600.5,131395.0692,0.8569613813179529,99.8308,18725.2,0
sh510300-hold-fee0.001,2025-07-11,18794.5692,0.0,27700.0,4.079,112988.3,131782.8692,0.8573823038298213,99.8308,18725.2,0
sh510300-hold-fee0.001,2025-07-12,18794.5692,0.0,27700.0,4.079,112988.3,131782.8692,0.8573823038298213,99.8308,18725.2,1
sh510300-hold-fee0.001,2025-07-13,18794.5692,0.0,27700.0,4.079,112988.3,131782.8692,0.8573823038298213,99.8308,18725.2,2
sh510300-hold-fee0.001,2025-07-14,18794.5692,0.0,27700.0,4.078,112960.6,131755.1692,0.8573523201091984,99.8308,18725.2,0
sh510300-hold-fee0.001,2025-07-15,18794.5692,0.0,27700.0,4.078,112960.6,131755.1692,0.8573523201091984,99.8308,18725.2,0
sh510300-hold-fee0.001,2025-07-16,18794.5692,0.0,27700.0,4.069,112711.3,131505.8692,0.8570818982123423,99.8308,18725.2,0
sh510300-hold-fee0.001,2025-07-17,18794.5692,0.0,27700.0,4.102,113625.4,132419.9692,0.8580684672142335,99.8308,18725.2,0
sh510300-hold-fee0.001,2025-07-18,18794.5692,0.0,27700.0,4.132,114456.4,133250.9692,0.8589536022676825,99.8308,18725.2,0
sh510300-hold-fee0.001,2025-07-19,18794.5692,0.0,27700.0,4.132,114456.4,133250.9692,0.8589536022676825,99.8308,18725.2,1
sh510300-hold-fee0.001,2025-07-20,18794.5692,0.0,27700.0,4.132,114456.4,133250.9692,0.8589536022676825,99.8308,18725.2,2
sh510300-hold-fee0.001,2025-07-21,18794.5692,0.0,27700.0,4.157,115148.9,133943.4692,0.8596828250585583,99.8308,18725.2,0
sh510300-hold-fee0.001,2025-07-22,18794.5692,0.0,27700.0,4.201,116367.7,135162.2692,0.8609481084385345,99.8308,18725.2,0
sh510300-hold-fee0.001,2025-07-23,18794.5692,0.0,27700.0,4.199,116312.3,135106.8692,0.8608910907988089,99.8308,18725.2,0
sh510300-hold-fee0.001,2025-07-24,18794.5692,0.0,27700.0,4.225,117032.5,135827.0692,0.8616286921988596,99.8308,18725.2,0
sh510300-hold-fee0.001,2025-07-25,18794.5692,0.0,27700.0,4.203,116423.1,135217.6692,0.8610050793568922,99.8308,18725.2,0
sh510300-hold-fee0.001,2025-07-26,18794.5692,0.0,27700.0,4.203,116423.1,135217.6692,0.8610050793568922,99.8308,18725.2,1
sh510300-hold-fee0.001,2025-07-27,18794.5692,0.0,27700.0,4.203,116423.1,135217.6692,0.8610050793568922,99.8308,18725.2,2
sh510300-hold-fee0.001,2025-07-28,18794.5692,0.0,27700.0,4.214,116727.8,135522.3692,0.8613175868238879,99.8308,18725.2,0
sh510300-hold-fee0.001,2025-07-29,18794.5692,0.0,27700.0,4.235,117309.5,136104.0692,0.8619103064994915,99.8308,18725.2,0
sh510300-hold-fee0.001,2025-07-30,18794.5692,0.0,27700.0,4.232,117226.4,136020.9692,0.8618259426429672,99.8308,18725.2,0
sh510300-hold-fee0.001,2025-07-31,18794.5692,0.0,27700.0,4.155,115093.5,133888.0692,0.8596247648330416,99.8308,18725.2,0
sh510300-hold-fee0.001,2025-08-01,18794.5692,0.0,27700.0,4.133,114484.1,133278.6692,0.8589829166751614,99.8308,18725.2,0
sh510300-hold-fee0.001,2025-08-02,18794.5692,0.0,27700.0,4.133,114484.1,133278.6692,0.8589829166751614,99.8308,18725.2,1
sh510300-hold-fee0.001,2025-08-03,18794.5692,0.0,27700.0,4.133,114484.1,133278.6692,0.8589829166751614,99.8308,18725.2,2
sh510300-hold-fee0.001,2025-08-04,18794.5692,0.0,27700.0,4.152,115010.4,133804.9692,0.859537584348549,99.8308,18725.2,0
sh510300-hold-fee0.001,2025-08-05,18794.5692,0.0,27700.0,4.183,115869.1,134663.6692,0.8604332607922137,99.8308,18725.2,0
sh510300-hold-fee0.001,2025-08-06,18794.5692,0.0,27700.0,4.194,116173.8,134968.3692,0.8607483419159516,99.8308,18725.2,0
sh510300-hold-fee0.001,2025-08-07,18794.5692,0.0,27700.0,4.193,116146.1,134940.6692,0.8607197569759791,99.8308,18725.2,0
sh510300-hold-fee0.001,2025-08-08,18794.5692,0.0,27700.0,4.183,115869.1,134663.6692,0.8604332607922137,99.8308,18725.2,0
sh510300-hold-fee0.001,2025-08-09,18794.5692,0.0,27700.0,4.183,115869.1,134663.6692,0.8604332607922137,99.8308,18725.2,1
sh510300-hold-fee0.001,2025-08-10,18794.5692,0.0,27700.0,4.183,115869.1,134663.6692,0.8604332607922137,99.8308,18725.2,2
sh510300-hold-fee0.001,2025-08-11,18794.5692,0.0,27700.0,4.202,116395.4,135189.9692,0.8609765997342945,99.8308,18725.2,0
sh510300-hold-fee0.001,2025-08-12,18794.5692,0.0,27700.0,4.228,117115.6,135910.1692,0.8617132970208973,99.8308,18725.2,0
sh510300-hold-fee0.001,2025-08-13,18794.5692,0.0,27700.0,4.263,118085.1,136879.6692,0.8626927628489622,99.8308,18725.2,0
sh510300-hold-fee0.001,2025-08-14,18794.5692,0.0,27700.0,4.256,117891.2,136685.7692,0.8624979812455853,99.8308,18725.2,0
sh510300-hold-fee0.001,2025-08-15,18794.5692,0.0,27700.0,4.295,118971.5,137766.0692,0.8635762106798935,99.8308,18725.2,0
sh510300-hold-fee0.001,2025-08-16,18794.5692,0.0,27700.0,4.295,118971.5,137766.0692,0.8635762106798935,99.8308,18725.2,1
sh510300-hold-fee0.001,2025-08-17,18794.5692,0.0,27700.0,4.295,118971.5,137766.0692,0.8635762106798935,99.8308,18725.2,2
sh510300-hold-fee0.001,2025-08-18,18794.5692,0.0,27700.0,4.327,119857.9,138652.4692,0.8644483628135776,99.8308,18725.2,0
sh510300-hold-fee0.001,2025-08-19,18794.5692,0.0,27700.0,4.305,119248.5,138043.0692,0.8638499614003077,99.8308,18725.2,0
sh510300-hold-fee0.001,2025-08-20,18794.5692,0.0,27700.0,4.364,120882.8,139677.3692,0.8654429897438246,99.8308,18725.2,0
sh510300-hold-fee0.001,2025-08-21,18794.5692,0.0,27700.0,4.378,121270.6,140065.1692,0.8658155392425714,99.8308,18725.2,0
sh510300-hold-fee0.001,2025-08-22,18794.5692,0.0,27700.0,4.479,124068.3,142862.8692,0.8684432889718275,99.8308,18725.2,0
sh510300-hold-fee0.001,2025-08-23,18794.5692,0.0,27700.0,4.479,124068.3,142862.8692,0.8684432889718275,99.8308,18725.2,1
sh510300-hold-fee0.001,2025-08-24,18794.5692,0.0,27700.0,4.479,124068.3,142862.8692,0.8684432889718275,99.8308,18725.2,2
sh510300-hold-fee0.001,2025-08-25,18794.5692,0.0,27700.0,4.565,126450.5,145245.0692,0.8706009828525043,99.8308,18725.2,0
sh510300-hold-fee0.001,2025-08-26,18794.5692,0.0,27700.0,4.541,125785.7,144580.2692,0.8700059883413193,99.8308,18725.2,0
sh510300-hold-fee0.001,2025-08-27,18794.5692,0.0,27700.0,4.475,123957.5,142752.0692,0.8683411784828966,99.8308,18725.2,0
sh510300-hold-fee0.001,2025-08-28,18794.5692,0.0,27700.0,4.559,126284.3,145078.8692,0.8704527454367559,99.8308,18725.2,0
sh510300-hold-fee0.001,2025-08-29,18794.5692,0.0,27700.0,4.601,127447.7,146242.2692,0.8714833317151509,99.8308,18725.2,0
sh510300-hold-fee0.001,2025-08-30,18794.5692,0.0,27700.0,4.601,127447.7,146242.2692,0.8714833317151509,99.8308,18725.2,1
sh510300-hold-fee0.001,2025-08-31,18794.5692,0.0,27700.0,4.601,127447.7,146242.2692,0.8714833317151509,99.8308,18725.2,2
sh510300-hold-fee0.001,2025-09-01,18794.5692,0.0,27700.0,4.616,127863.2,146657.7692,0.8718474356829369,99.8308,18725.2,0
sh510300-hold-fee0.001,2025-09-02,18794.5692,0.0,27700.0,4.59,127143.0,145937.5692,0.8712150044499988,99.8308,18725.2,0
sh510300-hold-fee0.001,2025-09-03,18794.5692,0.0,27700.0,4.549,126007.3,144801.8692,0.8702049268850184,99.8308,18725.2,0
sh510300-hold-fee0.001,2025-09-04,18794.5692,0.0,27700.0,4.456,123431.2,142225.7692,0.8678539809929184,99.8308,18725.2,0
sh510300-hold-fee0.001,2025-09-05,18794.5692,0.0,27700.0,4.554,126145.8,144940.3692,0.8703289545643023,99.8308,18725.2,0
sh510300-hold-fee0.001,2025-09-06,18794.5692,0.0,27700.0,4.554,126145.8,144940.3692,0.8703289545643023,99.8308,18725.2,1
sh510300-hold-fee0.001,2025-09-07,18794.5692,0.0,27700.0,4.554,126145.8,144940.3692,0.8703289545643023,99.8308,18725.2,2
sh510300-hold-fee0.001,2025-09-08,18794.5692,0.0,27700.0,4.555,126173.5,144968.0692,0.8703537316616203,99.8308,18725.2,0
sh510300-hold-fee0.001,2025-09-09,18794.5692,0.0,27700.0,4.528,125425.6,144220.1692,0.8696814093045732,99.8308,18725.2,0
sh510300-hold-fee0.001,2025-09-10,18794.5692,0.0,27700.0,4.538,125702.6,144497.1692,0.8699312290749015,99.8308,18725.2,0
sh510300-hold-fee0.001,2025-09-11,18794.5692,0.0,27700.0,4.66,129082.0,147876.5692,0.8729036702590744,99.8308,18725.2,0
sh510300-hold-fee0.001,2025-09-12,18794.5692,0.0,27700.0,4.621,128001.7,146796.2692,0.8719683456369476,99.8308,18725.2,0
sh510300-hold-fee0.001,2025-09-13,18794.5692,0.0,27700.0,4.621,128001.7,146796.2692,0.8719683456369476,99.8308,18725.2,1
sh510300-hold-fee0.001,2025-09-14,18794.5692,0.0,27700.0,4.621,128001.7,146796.2692,0.8719683456369476,99.8308,18725.2,2
sh510300-hold-fee0.001,2025-09-15,18794.5692,0.0,27700.0,4.629,128223.3,147017.8692,0.8721613277197463,99.8308,18725.2,0
sh510300-hold-fee0.001,2025-09-16,18794.5692,0.0,27700.0,4.62,127974.0,146768.5692,0.8719441819018564,99.8308,18725.2,0
sh510300-hold-fee0.001,2025-09-17,18794.5692,0.0,27700.0,4.653,128888.1,147682.6692,0.8727367990989697,99.8308,18725.2,0
sh510300-hold-fee0.001,2025-09-18,18794.5692,0.0,27700.0,4.594,127253.8,146048.3692,0.8713127075437416,99.8308,18725.2,0
sh510300-hold-fee0.001,2025-09-19,18794.5692,0.0,27700.0,4.604,127530.8,146325.3692,0.8715563179320513,99.8308,18725.2,0
sh510300-hold-fee0.001,2025-09-20,18794.5692,0.0,27700.0,4.604,127530.8,146325.3692,0.8715563179320513,99.8308,18725.2,1
sh510300-hold-fee0.001,2025-09-21,18794.5692,0.0,27700.0,4.604,127530.8,146325.3692,0.8715563179320513,99.8308,18725.2,2
sh510300-hold-fee0.001,2025-09-22,18794.5692,0.0,27700.0,4.619,127946.3,146740.8692,0.871920009044079,99.8308,18725.2,0
sh510300-hold-fee0.001,2025-09-23,18794.5692,0.0,27700.0,4.622,128029.4,146823.9692,0.8719925002545157,99.8308,18725.2,0
sh510300-hold-fee0.001,2025-09-24,18794.5692,0.0,27700.0,4.663,129165.1,147959.6692,0.8729750525827751,99.8308,18725.2,0
sh510300-hold-fee0.001,2025-09-25,18794.5692,0.0,27700.0,4.695,130051.5,148846.0692,0.8737315046274665,99.8308,18725.2,0
sh510300-hold-fee0.001,2025-09-26,18794.5692,0.0,27700.0,4.651,128832.7,147627.2692,0.872689041111112,99.8308,18725.2,0
sh510300-hold-fee0.001,2025-09-27,18794.5692,0.0,27700.0,4.651,128832.7,147627.2692,0.872689041111112,99.8308,18725.2,1
sh510300-hold-fee0.001,2025-09-28,18794.5692,0.0,27700.0,4.651,128832.7,147627.2692,0.872689041111112,99.8308,18725.2,2
sh510300-hold-fee0.001,2025-09-29,18794.5692,0.0,27700.0,4.728,130965.6,149760.1692,0.8745022171088733,99.8308,18725.2,0
sh510300-hold-fee0.001,2025-09-30,18794.5692,0.0,27700.0,4.741,131325.7,150120.2692,0.8748032540831602,99.8308,18725.2,0
sh510300-hold-fee0.001,2025-10-01,18794.5692,0.0,27700.0,4.741,131325.7,150120.2692,0.8748032540831602,99.8308,18725.2,1
sh510300-hold-fee0.001,2025-10-02,18794.5692,0.0,27700.0,4.741,131325.7,150120.2692,0.8748032540831602,99.8308,18725.2,2
sh510300-hold-fee0.001,2025-10-03,18794.5692,0.0,27700.0,4.741,131325.7,150120.2692,0.8748032540831602,99.8308,18725.2,3
sh510300-hold-fee0.001,2025-10-04,18794.5692,0.0,27700.0,4.741,131325.7,150120.2692,0.8748032540831602,99.8308,18725.2,4
sh510300-hold-fee0.001,2025-10-05,18794.5692,0.0,27700.0,4.741,131325.7,150120.2692,0.8748032540831602,99.8308,18725.2,5
sh510300-hold-fee0.001,2025-10-06,18794.5692,0.0,27700.0,4.741,131325.7,150120.2692,0.8748032540831602,99.8308,18725.2,6
sh510300-hold-fee0.001,2025-10-07,18794.5692,0.0,27700.0,4.741,131325.7,150120.2692,0.8748032540831602,99.8308,18725.2,7
sh510300-hold-fee0.001,2025-10-08,18794.5692,0.0,27700.0,4.741,131325.7,150120.2692,0.8748032540831602,99.8308,18725.2,8
sh510300-hold-fee0.001,2025-10-09,18794.5692,0.0,27700.0,4.816,133403.2,152197.7692,0.8765121900354371,99.8308,18725.2,0
sh510300-hold-fee0.001,2025-10-10,18794.5692,0.0,27700.0,4.719,130716.3,149510.8692,0.8742929574246633,99.8308,18725.2,0
sh510300-hold-fee0.001,2025-10-11,18794.5692,0.0,27700.0,4.719,130716.3,149510.8692,0.8742929574246633,99.8308,18725.2,1
sh510300-hold-fee0.001,2025-10-12,18794.5692,0.0,27700.0,4.719,130716.3,149510.8692,0.8742929574246633,99.8308,18725.2,2
sh510300-hold-fee0.001,2025-10-13,18794.5692,0.0,27700.0,4.692,129968.4,148762.9692,0.8736609701925739,99.8308,18725.2,0
sh510300-hold-fee0.001,2025-10-14,18794.5692,0.0,27700.0,4.645,128666.5,147461.0692,0.8725455518397937,99.8308,18725.2,0
sh510300-hold-fee0.001,2025-10-15,18794.5692,0.0,27700.0,4.706,130356.2,149150.7692,0.8739894584465877,99.8308,18725.2,0
sh510300-hold-fee0.001,2025-10-16,18794.5692,0.0,27700.0,4.721,130771.7,149566.2692,0.8743395198628114,99.8308,18725.2,0
sh510300-hold-fee0.001,2025-10-17,18794.5692,0.0,27700.0,4.624,128084.8,146879.3692,0.8720407821577164,99.8308,18725.2,0
sh510300-hold-fee0.001,2025-10-18,18794.5692,0.0,27700.0,4.624,128084.8,146879.3692,0.8720407821577164,99.8308,18725.2,1
sh510300-hold-fee0.001,2025-10-19,18794.5692,0.0,27700.0,4.624,128084.8,146879.3692,0.8720407821577164,99.8308,18725.2,2
sh510300-hold-fee0.001,2025-10-20,18794.5692,0.0,27700.0,4.64,128528.0,147322.5692,0.8724257301372124,99.8308,18725.2,0
sh510300-hold-fee0.001,2025-10-21,18794.5692,0.0,27700.0,4.71,130467.0,149261.5692,0.8740829987200751,99.8308,18725.2,0
sh510300-hold-fee0.001,2025-10-22,18794.5692,0.0,27700.0,4.695,130051.5,148846.0692,0.8737315046274665,99.8308,18725.2,0
sh510300-hold-fee0.001,2025-10-23,18794.5692,0.0,27700.0,4.713,130550.1,149344.6692,0.8741530628399558,99.8308,18725.2,0
sh510300-hold-fee0.001,2025-10-24,18794.5692,0.0,27700.0,4.77,132129.0,150923.5692,0.8754696214804334,99.8308,18725.2,0
sh510300-hold-fee0.001,2025-10-25,18794.5692,0.0,27700.0,4.77,132129.0,150923.5692,0.8754696214804334,99.8308,18725.2,1
sh510300-hold-fee0.001,2025-10-26,18794.5692,0.0,27700.0,4.77,132129.0,150923.5692,0.8754696214804334,99.8308,18725.2,2
sh510300-hold-fee0.001,2025-10-27,18794.5692,0.0,27700.0,4.826,133680.2,152474.7692,0.8767365296002035,99.8308,18725.2,0
sh510300-hold-fee0.001,2025-10-28,18794.5692,0.0,27700.0,4.802,133015.4,151809.9692,0.8761967392586758,99.8308,18725.2,0
sh510300-hold-fee0.001,2025-10-29,18794.5692,0.0,27700.0,4.862,134677.4,153471.9692,0.8775374467535013,99.8308,18725.2,0
sh510300-hold-fee0.001,2025-10-30,18794.5692,0.0,27700.0,4.823,133597.1,152391.6692,0.8766693133642768,99.8308,18725.2,0
sh510300-hold-fee0.001,2025-10-31,18794.5692,0.0,27700.0,4.756,131741.2,150535.7692,0.8751488147974336,99.8308,18725.2,0
sh510300-hold-fee0.001,2025-11-01,18794.5692,0.0,27700.0,4.756,131741.2,150535.7692,0.8751488147974336,99.8308,18725.2,1
sh510300-hold-fee0.001,2025-11-02,18794.5692,0.0,27700.0,4.756,131741.2,150535.7692,0.8751488147974336,99.8308,18725.2,2
sh510300-hold-fee0.001,2025-11-03,18794.5692,0.0,27700.0,4.763,131935.1,150729.6692,0.8753094244832323,99.8308,18725.2,0
sh510300-hold-fee0.001,2025-11-04,18794.5692,0.0,27700.0,4.729,130993.3,149787.8692,0.8745254251871019,99.8308,18725.2,0
sh510300-hold-fee0.001,2025-11-05,18794.5692,0.0,27700.0,4.735,131159.5,149954.0692,0.8746644935994842,99.8308,18725.2,0
sh510300-hold-fee0.001,2025-11-06,18794.5692,0.0,27700.0,4.805,133098.5,151893.0692,0.8762644714535797,99.8308,18725.2,0
sh510300-hold-fee0.001,2025-11-07,18794.5692,0.0,27700.0,4.795,132821.5,151616.0692,0.8760384087308867,99.8308,18725.2,0
sh510300-hold-fee0.001,2025-11-08,18794.5692,0.0,27700.0,4.795,132821.5,151616.0692,0.8760384087308867,99.8308,18725.2,1
sh510300-hold-fee0.001,2025-11-09,18794.5692,0.0,27700.0,4.795,132821.5,151616.0692,0.8760384087308867,99.8308,18725.2,2
sh510300-hold-fee0.001,2025-11-10,18794.5692,0.0,27700.0,4.807,133153.9,151948.4692,0.8763095850918912,99.8308,18725.2,0
sh510300-hold-fee0.001,2025-11-11,18794.5692,0.0,27700.0,4.763,131935.1,150729.6692,0.8753094244832323,99.8308,18725.2,0
sh510300-hold-fee0.001,2025-11-12,18794.5692,0.0,27700.0,4.765,131990.5,150785.0692,0.8753552370953185,99.8308,18725.2,0
sh510300-hold-fee0.001,2025-11-13,18794.5692,0.0,27700.0,4.812,133292.4,152086.9692,0.8764222253960203,99.8308,18725.2,0
sh510300-hold-fee0.001,2025-11-14,18794.5692,0.0,27700.0,4.741,131325.7,150120.2692,0.8748032540831602,99.8308,18725.2,0
sh510300-hold-fee0.001,2025-11-15,18794.5692,0.0,27700.0,4.741,131325.7,150120.2692,0.8748032540831602,99.8308,18725.2,1
sh510300-hold-fee0.001,2025-11-16,18794.5692,0.0,27700.0,4.741,131325.7,150120.2692,0.8748032540831602,99.8308,18725.2,2
sh510300-hold-fee0.001,2025-11-17,18794.5692,0.0,27700.0,4.71,130467.0,149261.5692,0.8740829987200751,99.8308,18725.2,0
sh510300-hold-fee0.001,2025-11-18,18794.5692,0.0,27700.0,4.683,129719.1,148513.6692,0.8734488932820738,99.8308,18725.2,0
sh510300-hold-fee0.001,2025-11-19,18794.5692,0.0,27700.0,4.697,130106.9,148901.4692,0.87377848384588,99.8308,18725.2,0
sh510300-hold-fee0.001,2025-11-20,18794.5692,0.0,27700.0,4.676,129525.2,148319.7692,0.8732834516843355,99.8308,18725.2,0
sh510300-hold-fee0.001,2025-11-21,18794.5692,0.0,27700.0,4.564,126422.8,145217.3692,0.8705763001799375,99.8308,18725.2,0
sh510300-hold-fee0.001,2025-11-22,18794.5692,0.0,27700.0,4.564,126422.8,145217.3692,0.8705763001799375,99.8308,18725.2,1
sh510300-hold-fee0.001,2025-11-23,18794.5692,0.0,27700.0,4.564,126422.8,145217.3692,0.8705763001799375,99.8308,18725.2,2
sh510300-hold-fee0.001,2025-11-24,18794.5692,0.0,27700.0,4.557,126228.9,145023.4692,0.8704032574611723,99.8308,18725.2,0
sh510300-hold-fee0.001,2025-11-25,18794.5692,0.0,27700.0,4.597,127336.9,146131.4692,0.8713858876332984,99.8308,18725.2,0
sh510300-hold-fee0.001,2025-11-26,18794.5692,0.0,27700.0,4.626,128140.2,146934.7692,0.8720890276526871,99.8308,18725.2,0
sh510300-hold-fee0.001,2025-11-27,18794.5692,0.0,27700.0,4.622,128029.4,146823.9692,0.8719925002545157,99.8308,18725.2,0
sh510300-hold-fee0.001,2025-11-28,18794.5692,0.0,27700.0,4.635,128389.5,147184.0692,0.8723056829305273,99.8308,18725.2,0
sh510300-hold-fee0.001,2025-11-29,18794.5692,0.0,27700.0,4.635,128389.5,147184.0692,0.8723056829305273,99.8308,18725.2,1
sh510300-hold-fee0.001,2025-11-30,18794.5692,0.0,27700.0,4.635,128389.5,147184.0692,0.8723056829305273,99.8308,18725.2,2
sh510300-hold-fee0.001,2025-12-01,18794.5692,0.0,27700.0,4.687,129829.9,148624.4692,0.8735432375222908,99.8308,18725.2,0
sh510300-hold-fee0.001,2025-12-02,18794.5692,0.0,27700.0,4.666,129248.2,148042.7692,0.8730463547692136,99.8308,18725.2,0
sh510300-hold-fee0.001,2025-12-03,18794.5692,0.0,27700.0,4.645,128666.5,147461.0692,0.8725455518397937,99.8308,18725.2,0
sh510300-hold-fee0.001,2025-12-04,18794.5692,0.0,27700.0,4.657,128998.9,147793.4692,0.8728322076629351,99.8308,18725.2,0
sh510300-hold-fee0.001,2025-12-05,18794.5692,0.0,27700.0,4.698,130134.6,148929.1692,0.8738019603482754,99.8308,18725.2,0
sh510300-hold-fee0.001,2025-12-06,18794.5692,0.0,27700.0,4.698,130134.6,148929.1692,0.8738019603482754,99.8308,18725.2,1
sh510300-hold-fee0.001,2025-12-07,18794.5692,0.0,27700.0,4.698,130134.6,148929.1692,0.8738019603482754,99.8308,18725.2,2
sh510300-hold-fee0.001,2025-12-08,18794.5692,0.0,27700.0,4.732,131076.4,149870.9692,0.8745949979484086,99.8308,18725.2,0
sh510300-hold-fee0.001,2025-12-09,18794.5692,0.0,27700.0,4.708,130411.6,149206.1692,0.8740362459490046,99.8308,18725.2,0
sh510300-hold-fee0.001,2025-12-10,18794.5692,0.0,27700.0,4.702,130245.4,149039.9692,0.8738957790927938,99.8308,18725.2,0
sh510300-hold-fee0.001,2025-12-11,18794.5692,0.0,27700.0,4.668,129303.6,148098.1692,0.8730938451060879,99.8308,18725.2,0
sh510300-hold-fee0.001,2025-12-12,18794.5692,0.0,27700.0,4.694,130023.8,148818.3692,0.87370800190169,99.8308,18725.2,0
sh510300-hold-fee0.001,2025-12-13,18794.5692,0.0,27700.0,4.694,130023.8,148818.3692,0.87370800190169,99.8308,18725.2,1
sh510300-hold-fee0.001,2025-12-14,18794.5692,0.0,27700.0,4.694,130023.8,148818.3692,0.87370800190169,99.8308,18725.2,2
sh510300-hold-fee0.001,2025-12-15,18794.5692,0.0,27700.0,4.667,129275.9,148070.4692,0.8730701043797328,99.8308,18725.2,0
sh510300-hold-fee0.001,2025-12-16,18794.5692,0.0,27700.0,4.62,127974.0,146768.5692,0.8719441819018564,99.8308,18725.2,0
sh510300-hold-fee0.001,2025-12-17,18794.5692,0.0,27700.0,4.699,130162.3,148956.8692,0.8738254281192962,99.8308,18725.2,0
sh510300-hold-fee0.001,2025-12-18,18794.5692,0.0,27700.0,4.668,129303.6,148098.1692,0.8730938451060879,99.8308,18725.2,0
sh510300-hold-fee0.001,2025-12-19,18794.5692,0.0,27700.0,4.688,129857.6,148652.1692,0.8735668016070902,99.8308,18725.2,0
sh510300-hold-fee0.001,2025-12-20,18794.5692,0.0,27700.0,4.688,129857.6,148652.1692,0.8735668016070902,99.8308,18725.2,1
sh510300-hold-fee0.001,2025-12-21,18794.5692,0.0,27700.0,4.688,129857.6,148652.1692,0.8735668016070902,99.8308,18725.2,2
sh510300-hold-fee0.001,2025-12-22,18794.5692,0.0,27700.0,4.73,131021.0,149815.5692,0.8745486246832616,99.8308,18725.2,0
sh510300-hold-fee0.001,2025-12-23,18794.5692,0.0,27700.0,4.74,131298.0,150092.5692,0.8747801486764076,99.8308,18725.2,0
sh510300-hold-fee0.001,2025-12-24,18794.5692,0.0,27700.0,4.757,131768.9,150563.4692,0.8751717843653406,99.8308,18725.2,0
sh510300-hold-fee0.001,2025-12-25,18794.5692,0.0,27700.0,4.766,132018.2,150812.7692,0.8753781307796581,99.8308,18725.2,0
sh510300-hold-fee0.001,2025-12-26,18794.5692,0.0,27700.0,4.784,132516.8,151311.3692,0.8757887837551865,99.8308,18725.2,0
sh510300-hold-fee0.001,2025-12-27,18794.5692,0.0,27700.0,4.784,132516.8,151311.3692,0.8757887837551865,99.8308,18725.2,1
sh510300-hold-fee0.001,2025-12-28,18794.5692,0.0,27700.0,4.784,132516.8,151311.3692,0.8757887837551865,99.8308,18725.2,2
sh510300-hold-fee0.001,2025-12-29,18794.5692,0.0,27700.0,4.763,131935.1,150729.6692,0.8753094244832323,99.8308,18725.2,0
sh510300-hold-fee0.001,2025-12-30,18794.5692,0.0,27700.0,4.773,132212.1,151006.6692,0.8755381513970908,99.8308,18725.2,0
sh510300-hold-fee0.001,2025-12-31,18794.5692,0.0,27700.0,4.753,131658.1,150452.6692,0.8750798553462952,99.8308,18725.2,0
sh510300-hold-fee0.001,2026-01-01,18794.5692,0.0,27700.0,4.753,131658.1,150452.6692,0.8750798553462952,99.8308,18725.2,1
sh510300-hold-fee0.001,2026-01-02,18794.5692,0.0,27700.0,4.753,131658.1,150452.6692,0.8750798553462952,99.8308,18725.2,2
sh510300-hold-fee0.001,2026-01-03,18794.5692,0.0,27700.0,4.753,131658.1,150452.6692,0.8750798553462952,99.8308,18725.2,3
sh510300-hold-fee0.001,2026-01-04,18794.5692,0.0,27700.0,4.753,131658.1,150452.6692,0.8750798553462952,99.8308,18725.2,4
sh510300-hold-fee0.001,2026-01-05,18794.5692,0.0,27700.0,4.844,134178.8,152973.3692,0.8771382934278733,99.8308,18725.2,0
sh510300-hold-fee0.001,2026-01-06,18794.5692,0.0,27700.0,4.919,136256.3,155050.8692,0.8787844963593406,99.8308,18725.2,0
sh510300-hold-fee0.001,2026-01-07,18794.5692,0.0,27700.0,4.901,135757.7,154552.2692,0.8783934438666915,99.8308,18725.2,0
sh510300-hold-fee0.001,2026-01-08,18794.5692,0.0,27700.0,4.863,134705.1,153499.6692,0.8775595459068259,99.8308,18725.2,0
sh510300-hold-fee0.001,2026-01-09,18794.5692,0.0,27700.0,4.885,135314.5,154109.0692,0.8780437173648181,99.8308,18725.2,0
sh510300-hold-fee0.001,2026-01-10,18794.5692,0.0,27700.0,4.885,135314.5,154109.0692,0.8780437173648181,99.8308,18725.2,1
sh510300-hold-fee0.001,2026-01-11,18794.5692,0.0,27700.0,4.885,135314.5,154109.0692,0.8780437173648181,99.8308,18725.2,2
sh510300-hold-fee0.001,2026-01-12,18794.5692,0.0,27700.0,4.913,136090.1,154884.6692,0.8786544252760686,99.8308,18725.2,0
sh510300-hold-fee0.001,2026-01-13,18794.5692,0.0,27700.0,4.896,135619.2,154413.7692,0.8782843699925693,99.8308,18725.2,0
sh510300-hold-fee0.001,2026-01-14,18794.5692,0.0,27700.0,4.866,134788.2,153582.7692,0.8776257955374853,99.8308,18725.2,0
sh510300-hold-fee0.001,2026-01-15,18794.5692,0.0,27700.0,4.875,135037.5,153832.0692,0.8778241149732906,99.8308,18725.2,0
sh510300-hold-fee0.001,2026-01-16,18794.5692,0.0,27700.0,4.859,134594.3,153388.8692,0.8774711014037516,99.8308,18725.2,0
sh510300-hold-fee0.001,2026-01-17,18794.5692,0.0,27700.0,4.859,134594.3,153388.8692,0.8774711014037516,99.8308,18725.2,1
sh510300-hold-fee0.001,2026-01-18,18794.5692,0.0,27700.0,4.859,134594.3,153388.8692,0.8774711014037516,99.8308,18725.2,2
sh510300-hold-fee0.001,2026-01-19,18794.5692,3407.1,27700.0,4.738,131242.6,153444.2692,0.8553111868188297,99.8308,18725.2,0
sh510300-hold-fee0.001,2026-01-20,18794.5692,3407.1,27700.0,4.724,130854.8,153056.4692,0.8549445879939324,99.8308,18725.2,0
sh510300-hold-fee0.001,2026-01-21,18794.5692,3407.1,27700.0,4.73,131021.0,153222.6692,0.8551019290035968,99.8308,18725.2,0
sh510300-hold-fee0.001,2026-01-22,18794.5692,3407.1,27700.0,4.727,130937.9,153139.5692,0.8550233011887042,99.8308,18725.2,0
sh510300-hold-fee0.001,2026-01-23,18794.5692,3407.1,27700.0,4.704,130300.8,152502.4692,0.85441764112761,99.8308,18725.2,0
sh510300-hold-fee0.001,2026-01-24,18794.5692,3407.1,27700.0,4.704,130300.8,152502.4692,0.85441764112761,99.8308,18725.2,1
sh510300-hold-fee0.001,2026-01-25,18794.5692,3407.1,27700.0,4.704,130300.8,152502.4692,0.85441764112761,99.8308,18725.2,2
sh510300-hold-fee0.001,2026-01-26,18794.5692,3407.1,27700.0,4.712,130522.4,152724.0692,0.8546288786286478,99.8308,18725.2,0
sh510300-hold-fee0.001,2026-01-27,22201.6692,0.0,27700.0,4.71,130467.0,152668.6692,0.8545761267433646,99.8308,22132.3,0
sh510300-hold-fee0.001,2026-01-28,22201.6692,0.0,27700.0,4.725,130882.5,153084.1692,0.8549708352207591,99.8308,22132.3,0
sh510300-hold-fee0.001,2026-01-29,22201.6692,0.0,27700.0,4.768,132073.6,154275.2692,0.8560905496057303,99.8308,22132.3,0
sh510300-hold-fee0.001,2026-01-30,22201.6692,0.0,27700.0,4.711,130494.7,152696.3692,0.854602507470754,99.8308,22132.3,0
sh510300-hold-fee0.001,2026-01-31,22201.6692,0.0,27700.0,4.711,130494.7,152696.3692,0.854602507470754,99.8308,22132.3,1
sh510300-hold-fee0.001,2026-02-01,22201.6692,0.0,27700.0,4.711,130494.7,152696.3692,0.854602507470754,99.8308,22132.3,2
sh510300-hold-fee0.001,2026-02-02,22201.6692,0.0,27700.0,4.6,127420.0,149621.6692,0.8516146135870004,99.8308,22132.3,0
sh510300-hold-fee0.001,2026-02-03,22201.6692,0.0,27700.0,4.664,129192.8,151394.4692,0.8533521778086197,99.8308,22132.3,0
sh510300-hold-fee0.001,2026-02-04,22201.6692,0.0,27700.0,4.707,130383.9,152585.5692,0.8544969270921067,99.8308,22132.3,0
sh510300-hold-fee0.001,2026-02-05,22201.6692,0.0,27700.0,4.679,129608.3,151809.9692,0.8537535491443865,99.8308,22132.3,0
sh510300-hold-fee0.001,2026-02-06,22201.6692,0.0,27700.0,4.649,128777.3,150978.9692,0.8529485972937746,99.8308,22132.3,0
sh510300-hold-fee0.001,2026-02-07,22201.6692,0.0,27700.0,4.649,128777.3,150978.9692,0.8529485972937746,99.8308,22132.3,1
sh510300-hold-fee0.001,2026-02-08,22201.6692,0.0,27700.0,4.649,128777.3,150978.9692,0.8529485972937746,99.8308,22132.3,2
sh510300-hold-fee0.001,2026-02-09,22201.6692,0.0,27700.0,4.727,130937.9,153139.5692,0.8550233011887042,99.8308,22132.3,0
sh510300-hold-fee0.001,2026-02-10,22201.6692,0.0,27700.0,4.733,131104.1,153305.7692,0.8551804715774519,99.8308,22132.3,0
sh510300-hold-fee0.001,2026-02-11,22201.6692,0.0,27700.0,4.723,130827.1,153028.7692,0.8549183312649946,99.8308,22132.3,0
sh510300-hold-fee0.001,2026-02-12,22201.6692,0.0,27700.0,4.727,130937.9,153139.5692,0.8550233011887042,99.8308,22132.3,0
sh510300-hold-fee0.001,2026-02-13,22201.6692,0.0,27700.0,4.671,129386.7,151588.3692,0.8535397582468353,99.8308,22132.3,0
sh510300-hold-fee0.001,2026-02-14,22201.6692,0.0,27700.0,4.671,129386.7,151588.3692,0.8535397582468353,99.8308,22132.3,1
sh510300-hold-fee0.001,2026-02-15,22201.6692,0.0,27700.0,4.671,129386.7,151588.3692,0.8535397582468353,99.8308,22132.3,2
sh510300-hold-fee0.001,2026-02-16,22201.6692,0.0,27700.0,4.671,129386.7,151588.3692,0.8535397582468353,99.8308,22132.3,3
sh510300-hold-fee0.001,2026-02-17,22201.6692,0.0,27700.0,4.671,129386.7,151588.3692,0.8535397582468353,99.8308,22132.3,4
sh510300-hold-fee0.001,2026-02-18,22201.6692,0.0,27700.0,4.671,129386.7,151588.3692,0.8535397582468353,99.8308,22132.3,5
sh510300-hold-fee0.001,2026-02-19,22201.6692,0.0,27700.0,4.671,129386.7,151588.3692,0.8535397582468353,99.8308,22132.3,6
sh510300-hold-fee0.001,2026-02-20,22201.6692,0.0,27700.0,4.671,129386.7,151588.3692,0.8535397582468353,99.8308,22132.3,7
sh510300-hold-fee0.001,2026-02-21,22201.6692,0.0,27700.0,4.671,129386.7,151588.3692,0.8535397582468353,99.8308,22132.3,8
sh510300-hold-fee0.001,2026-02-22,22201.6692,0.0,27700.0,4.671,129386.7,151588.3692,0.8535397582468353,99.8308,22132.3,9
sh510300-hold-fee0.001,2026-02-23,22201.6692,0.0,27700.0,4.671,129386.7,151588.3692,0.8535397582468353,99.8308,22132.3,10
sh510300-hold-fee0.001,2026-02-24,22201.6692,0.0,27700.0,4.716,130633.2,152834.8692,0.854734267669331,99.8308,22132.3,0
sh510300-hold-fee0.001,2026-02-25,22201.6692,0.0,27700.0,4.75,131575.0,153776.6692,0.8556239427248564,99.8308,22132.3,0
sh510300-hold-fee0.001,2026-02-26,22201.6692,0.0,27700.0,4.735,131159.5,153361.1692,0.8552327860056508,99.8308,22132.3,0
sh510300-hold-fee0.001,2026-02-27,22201.6692,0.0,27700.0,4.725,130882.5,153084.1692,0.8549708352207591,99.8308,22132.3,0
sh510300-hold-fee0.001,2026-02-28,22201.6692,0.0,27700.0,4.725,130882.5,153084.1692,0.8549708352207591,99.8308,22132.3,1
sh510300-hold-fee0.001,2026-03-01,22201.6692,0.0,27700.0,4.725,130882.5,153084.1692,0.8549708352207591,99.8308,22132.3,2
sh510300-hold-fee0.001,2026-03-02,22201.6692,0.0,27700.0,4.739,131270.3,153471.9692,0.8553373015559117,99.8308,22132.3,0
sh510300-hold-fee0.001,2026-03-03,22201.6692,0.0,27700.0,4.678,129580.6,151782.2692,0.853726859421601,99.8308,22132.3,0
sh510300-hold-fee0.001,2026-03-04,22201.6692,0.0,27700.0,4.61,127697.0,149898.6692,0.851888817169032,99.8308,22132.3,0
sh510300-hold-fee0.001,2026-03-05,22201.6692,0.0,27700.0,4.654,128915.8,151117.4692,0.8530833707212455,99.8308,22132.3,0
sh510300-hold-fee0.001,2026-03-06,22201.6692,0.0,27700.0,4.667,129275.9,151477.5692,0.8534326282283647,99.8308,22132.3,0
sh510300-hold-fee0.001,2026-03-07,22201.6692,0.0,27700.0,4.667,129275.9,151477.5692,0.8534326282283647,99.8308,22132.3,1
sh510300-hold-fee0.001,2026-03-08,22201.6692,0.0,27700.0,4.667,129275.9,151477.5692,0.8534326282283647,99.8308,22132.3,2
sh510300-hold-fee0.001,2026-03-09,22201.6692,0.0,27700.0,4.629,128223.3,150424.9692,0.8524070217991442,99.8308,22132.3,0
sh510300-hold-fee0.001,2026-03-10,22201.6692,0.0,27700.0,4.683,129719.1,151920.7692,0.85386021070778,99.8308,22132.3,0
sh510300-hold-fee0.001,2026-03-11,22201.6692,0.0,27700.0,4.711,130494.7,152696.3692,0.854602507470754,99.8308,22132.3,0
sh510300-hold-fee0.001,2026-03-12,22201.6692,0.0,27700.0,4.694,130023.8,152225.4692,0.8541527293909632,99.8308,22132.3,0
sh510300-hold-fee0.001,2026-03-13,22201.6692,0.0,27700.0,4.677,129552.9,151754.5692,0.8537001599553814,99.8308,22132.3,0
sh510300-hold-fee0.001,2026-03-14,22201.6692,0.0,27700.0,4.677,129552.9,151754.5692,0.8537001599553814,99.8308,22132.3,1
sh510300-hold-fee0.001,2026-03-15,22201.6692,0.0,27700.0,4.677,129552.9,151754.5692,0.8537001599553814,99.8308,22132.3,2
sh510300-hold-fee0.001,2026-03-16,22201.6692,0.0,27700.0,4.68,129636.0,151837.6692,0.8537802291290705,99.8308,22132.3,0
sh510300-hold-fee0.001,2026-03-17,22201.6692,0.0,27700.0,4.646,128694.2,150895.8692,0.8528676144833791,99.8308,22132.3,0
sh510300-hold-fee0.001,2026-03-18,22201.6692,0.0,27700.0,4.662,129137.4,151339.0692,0.8532984951119285,99.8308,22132.3,0
sh510300-hold-fee0.001,2026-03-19,22201.6692,0.0,27700.0,4.599,127392.3,149593.9692,0.851587137377728,99.8308,22132.3,0
sh510300-hold-fee0.001,2026-03-20,22201.6692,0.0,27700.0,4.576,126755.2,148956.8692,0.8509523641357521,99.8308,22132.3,0
sh510300-hold-fee0.001,2026-03-21,22201.6692,0.0,27700.0,4.576,126755.2,148956.8692,0.8509523641357521,99.8308,22132.3,1
sh510300-hold-fee0.001,2026-03-22,22201.6692,0.0,27700.0,4.576,126755.2,148956.8692,0.8509523641357521,99.8308,22132.3,2
sh510300-hold-fee0.001,2026-03-23,22201.6692,0.0,27700.0,4.43,122711.0,144912.6692,0.846792766135868,99.8308,22132.3,0
sh510300-hold-fee0.001,2026-03-24,22201.6692,0.0,27700.0,4.479,124068.3,146269.9692,0.8482144399056863,99.8308,22132.3,0
sh510300-hold-fee0.001,2026-03-25,22201.6692,0.0,27700.0,4.544,125868.8,148070.4692,0.8500601144850023,99.8308,22132.3,0
sh510300-hold-fee0.001,2026-03-26,22201.6692,0.0,27700.0,4.488,124317.6,146519.2692,0.848472700408473,99.8308,22132.3,0
sh510300-hold-fee0.001,2026-03-27,22201.6692,0.0,27700.0,4.508,124871.6,147073.2692,0.8490434779836933,99.8308,22132.3,0
sh510300-hold-fee0.001,2026-03-28,22201.6692,0.0,27700.0,4.508,124871.6,147073.2692,0.8490434779836933,99.8308,22132.3,1
sh510300-hold-fee0.001,2026-03-29,22201.6692,0.0,27700.0,4.508,124871.6,147073.2692,0.8490434779836933,99.8308,22132.3,2
sh510300-hold-fee0.001,2026-03-30,22201.6692,0.0,27700.0,4.5,124650.0,146851.6692,0.8488156837375601,99.8308,22132.3,0
sh510300-hold-fee0.001,2026-03-31,22201.6692,0.0,27700.0,4.463,123625.1,145826.7692,0.8477531298142481,99.8308,22132.3,0
sh510300-hold-fee0.001,2026-04-01,22201.6692,0.0,27700.0,4.534,125591.8,147793.4692,0.8497790915919579,99.8308,22132.3,0
sh510300-hold-fee0.001,2026-04-02,22201.6692,0.0,27700.0,4.489,124345.3,146546.9692,0.8485013417800523,99.8308,22132.3,0
sh510300-hold-fee0.001,2026-04-03,22201.6692,0.0,27700.0,4.454,123375.8,145577.4692,0.847492408529932,99.8308,22132.3,0
sh510300-hold-fee0.001,2026-04-04,22201.6692,0.0,27700.0,4.454,123375.8,145577.4692,0.847492408529932,99.8308,22132.3,1
sh510300-hold-fee0.001,2026-04-05,22201.6692,0.0,27700.0,4.454,123375.8,145577.4692,0.847492408529932,99.8308,22132.3,2
sh510300-hold-fee0.001,2026-04-06,22201.6692,0.0,27700.0,4.454,123375.8,145577.4692,0.847492408529932,99.8308,22132.3,3
sh510300-hold-fee0.001,2026-04-07,22201.6692,0.0,27700.0,4.446,123154.2,145355.8692,0.8472599054844357,99.8308,22132.3,0
sh510300-hold-fee0.001,2026-04-08,22201.6692,0.0,27700.0,4.602,127475.4,149677.0692,0.8516695354962228,99.8308,22132.3,0
sh510300-hold-fee0.001,2026-04-09,22201.6692,0.0,27700.0,4.572,126644.4,148846.0692,0.8508414140909003,99.8308,22132.3,0
sh510300-hold-fee0.001,2026-04-10,22201.6692,0.0,27700.0,4.642,128583.4,150785.0692,0.8527594985512,99.8308,22132.3,0
sh510300-hold-fee0.001,2026-04-11,22201.6692,0.0,27700.0,4.642,128583.4,150785.0692,0.8527594985512,99.8308,22132.3,1
sh510300-hold-fee0.001,2026-04-12,22201.6692,0.0,27700.0,4.642,128583.4,150785.0692,0.8527594985512,99.8308,22132.3,2
sh510300-hold-fee0.001,2026-04-13,22201.6692,0.0,27700.0,4.652,128860.4,151062.0692,0.8530294910060718,99.8308,22132.3,0
sh510300-hold-fee0.001,2026-04-14,22201.6692,0.0,27700.0,4.712,130522.4,152724.0692,0.8546288786286478,99.8308,22132.3,0
sh510300-hold-fee0.001,2026-04-15,22201.6692,0.0,27700.0,4.694,130023.8,152225.4692,0.8541527293909632,99.8308,22132.3,0
sh510300-hold-fee0.001,2026-04-16,22201.6692,0.0,27700.0,4.746,131464.2,153665.8692,0.8555198410968934,99.8308,22132.3,0
sh510300-hold-fee0.001,2026-04-17,22201.6692,0.0,27700.0,4.739,131270.3,153471.9692,0.8553373015559117,99.8308,22132.3,0
sh510300-hold-fee0.001,2026-04-18,22201.6692,0.0,27700.0,4.739,131270.3,153471.9692,0.8553373015559117,99.8308,22132.3,1
sh510300-hold-fee0.001,2026-04-19,22201.6692,0.0,27700.0,4.739,131270.3,153471.9692,0.8553373015559117,99.8308,22132.3,2
sh510300-hold-fee0.001,2026-04-20,22201.6692,0.0,27700.0,4.765,131990.5,154192.1692,0.856012991352352,99.8308,22132.3,0
sh510300-hold-fee0.001,2026-04-21,22201.6692,0.0,27700.0,4.776,132295.2,154496.8692,0.8562969637186667,99.8308,22132.3,0
sh510300-hold-fee0.001,2026-04-22,22201.6692,0.0,27700.0,4.811,133264.7,155466.3692,0.8571931066876681,99.8308,22132.3,0
sh510300-hold-fee0.001,2026-04-23,22201.6692,0.0,27700.0,4.801,132987.7,155189.3692,0.8569382083679479,99.8308,22132.3,0
sh510300-hold-fee0.001,2026-04-24,22201.6692,0.0,27700.0,4.782,132461.4,154663.0692,0.8564513861334907,99.8308,22132.3,0
sh510300-hold-fee0.001,2026-04-25,22201.6692,0.0,27700.0,4.782,132461.4,154663.0692,0.8564513861334907,99.8308,22132.3,1
sh510300-hold-fee0.001,2026-04-26,22201.6692,0.0,27700.0,4.782,132461.4,154663.0692,0.8564513861334907,99.8308,22132.3,2
sh510300-hold-fee0.001,2026-04-27,22201.6692,0.0,27700.0,4.782,132461.4,154663.0692,0.8564513861334907,99.8308,22132.3,0
sh510300-hold-fee0.001,2026-04-28,22201.6692,0.0,27700.0,4.77,132129.0,154330.6692,0.8561422087062395,99.8308,22132.3,0
sh510300-hold-fee0.001,2026-04-29,22201.6692,0.0,27700.0,4.821,133541.7,155743.3692,0.8574470982999641,99.8308,22132.3,0
sh510300-hold-fee0.001,2026-04-30,22201.6692,0.0,27700.0,4.824,133624.8,155826.4692,0.8575231196985884,99.8308,22132.3,0
sh510300-hold-fee0.001,2026-05-01,22201.6692,0.0,27700.0,4.824,133624.8,155826.4692,0.8575231196985884,99.8308,22132.3,1
sh510300-hold-fee0.001,2026-05-02,22201.6692,0.0,27700.0,4.824,133624.8,155826.4692,0.8575231196985884,99.8308,22132.3,2
sh510300-hold-fee0.001,2026-05-03,22201.6692,0.0,27700.0,4.824,133624.8,155826.4692,0.8575231196985884,99.8308,22132.3,3
sh510300-hold-fee0.001,2026-05-04,22201.6692,0.0,27700.0,4.824,133624.8,155826.4692,0.8575231196985884,99.8308,22132.3,4
sh510300-hold-fee0.001,2026-05-05,22201.6692,0.0,27700.0,4.824,133624.8,155826.4692,0.8575231196985884,99.8308,22132.3,5
sh510300-hold-fee0.001,2026-05-06,22201.6692,0.0,27700.0,4.888,135397.6,157599.2692,0.8591258112255257,99.8308,22132.3,0
sh510300-hold-fee0.001,2026-05-07,22201.6692,0.0,27700.0,4.912,136062.4,158264.0692,0.8597175637387188,99.8308,22132.3,0
sh510300-hold-fee0.001,2026-05-08,22201.6692,0.0,27700.0,4.886,135342.2,157543.8692,0.8590762730867346,99.8308,22132.3,0
sh510300-hold-fee0.001,2026-05-09,22201.6692,0.0,27700.0,4.886,135342.2,157543.8692,0.8590762730867346,99.8308,22132.3,1
sh510300-hold-fee0.001,2026-05-10,22201.6692,0.0,27700.0,4.886,135342.2,157543.8692,0.8590762730867346,99.8308,22132.3,2
sh510300-hold-fee0.001,2026-05-11,22201.6692,0.0,27700.0,4.966,137558.2,159759.8692,0.8610310003934329,99.8308,22132.3,0
sh510300-hold-fee0.001,2026-05-12,22201.6692,0.0,27700.0,4.963,137475.1,159676.7692,0.8609586772626159,99.8308,22132.3,0
sh510300-hold-fee0.001,2026-05-13,22201.6692,0.0,27700.0,5.017,138970.9,161172.5692,0.8622490830157965,99.8308,22132.3,0
sh510300-hold-fee0.001,2026-05-14,22201.6692,0.0,27700.0,4.941,136865.7,159067.3692,0.8604259986717627,99.8308,22132.3,0
sh510300-hold-fee0.001,2026-05-15,22201.6692,0.0,27700.0,4.878,135120.6,157322.2692,0.8588777716409903,99.8308,22132.3,0
sh510300-hold-fee0.001,2026-05-16,22201.6692,0.0,27700.0,4.878,135120.6,157322.2692,0.8588777716409903,99.8308,22132.3,1
sh510300-hold-fee0.001,2026-05-17,22201.6692,0.0,27700.0,4.878,135120.6,157322.2692,0.8588777716409903,99.8308,22132.3,2
sh510300-hold-fee0.001,2026-05-18,22201.6692,0.0,27700.0,4.852,134400.4,156602.0692,0.8582287621522692,99.8308,22132.3,0
sh510300-hold-fee0.001,2026-05-19,22201.6692,0.0,27700.0,4.869,134871.3,157072.9692,0.8586537880255465,99.8308,22132.3,0
sh510300-hold-fee0.001,2026-05-20,22201.6692,0.0,27700.0,4.871,134926.7,157128.3692,0.8587036235847345,99.8308,22132.3,0
sh510300-hold-fee0.001,2026-05-21,22201.6692,0.0,27700.0,4.808,133181.6,155383.2692,0.8571167326166671,99.8308,22132.3,0
sh510300-hold-fee0.001,2026-05-22,22201.6692,0.0,27700.0,4.862,134677.4,156879.0692,0.8584790863866242,99.8308,22132.3,0
sh510300-hold-fee0.001,2026-05-23,22201.6692,0.0,27700.0,4.862,134677.4,156879.0692,0.8584790863866242,99.8308,22132.3,1
sh510300-hold-fee0.001,2026-05-24,22201.6692,0.0,27700.0,4.862,134677.4,156879.0692,0.8584790863866242,99.8308,22132.3,2
sh510300-hold-fee0.001,2026-05-25,22201.6692,0.0,27700.0,4.937,136754.9,158956.5692,0.8603287092082005,99.8308,22132.3,0
sh510300-hold-fee0.001,2026-05-26,22201.6692,0.0,27700.0,4.972,137724.4,159926.0692,0.8611754211739233,99.8308,22132.3,0
sh510300-hold-fee0.001,2026-05-27,22201.6692,0.0,27700.0,4.932,136616.4,158818.0692,0.8602069064821498,99.8308,22132.3,0
sh510300-hold-fee0.001,2026-05-28,22201.6692,0.0,27700.0,4.932,136616.4,158818.0692,0.8602069064821498,99.8308,22132.3,0
sh510300-hold-fee0.001,2026-05-29,22201.6692,0.0,27700.0,4.923,136367.1,158568.7692,0.8599871253840823,99.8308,22132.3,0
sh510300-hold-fee0.001,2026-05-30,22201.6692,0.0,27700.0,4.923,136367.1,158568.7692,0.8599871253840823,99.8308,22132.3,1
sh510300-hold-fee0.001,2026-05-31,22201.6692,0.0,27700.0,4.923,136367.1,158568.7692,0.8599871253840823,99.8308,22132.3,2
sh510300-hold-fee0.001,2026-06-01,22201.6692,0.0,27700.0,4.868,134843.6,157045.2692,0.8586288570607894,99.8308,22132.3,0
sh510300-hold-fee0.001,2026-06-02,22201.6692,0.0,27700.0,4.936,136727.2,158928.8692,0.8603043656463643,99.8308,22132.3,0
sh510300-hold-fee0.001,2026-06-03,22201.6692,0.0,27700.0,4.965,137530.5,159732.1692,0.8610069010444517,99.8308,22132.3,0
sh510300-hold-fee0.001,2026-06-04,22201.6692,0.0,27700.0,4.926,136450.2,158651.8692,0.8600604624959566,99.8308,22132.3,0
sh510300-hold-fee0.001,2026-06-05,22201.6692,0.0,27700.0,4.843,134151.1,156352.7692,0.8580027119852253,99.8308,22132.3,0
sh510300-hold-fee0.001,2026-06-06,22201.6692,0.0,27700.0,4.843,134151.1,156352.7692,0.8580027119852253,99.8308,22132.3,1
sh510300-hold-fee0.001,2026-06-07,22201.6692,0.0,27700.0,4.843,134151.1,156352.7692,0.8580027119852253,99.8308,22132.3,2
sh510300-hold-fee0.001,2026-06-08,22201.6692,0.0,27700.0,4.739,131270.3,153471.9692,0.8553373015559117,99.8308,22132.3,0
sh510300-hold-fee0.001,2026-06-09,22201.6692,0.0,27700.0,4.826,133680.2,155881.8692,0.8575737556013345,99.8308,22132.3,0
sh510300-hold-fee0.001,2026-06-10,22201.6692,0.0,27700.0,4.784,132516.8,154718.4692,0.8565027865464429,99.8308,22132.3,0
sh510300-hold-fee0.001,2026-06-11,22201.6692,0.0,27700.0,4.751,131602.7,153804.3692,0.8556499446961094,99.8308,22132.3,0
sh510300-hold-fee0.001,2026-06-12,22201.6692,0.0,27700.0,4.818,133458.6,155660.2692,0.8573709957325449,99.8308,22132.3,0
sh510300-hold-fee0.001,2026-06-13,22201.6692,0.0,27700.0,4.818,133458.6,155660.2692,0.8573709957325449,99.8308,22132.3,1
sh510300-hold-fee0.001,2026-06-14,22201.6692,0.0,27700.0,4.818,133458.6,155660.2692,0.8573709957325449,99.8308,22132.3,2
sh510300-hold-fee0.001,2026-06-15,22201.6692,0.0,27700.0,4.919,136256.3,158457.9692,0.8598892229145141,99.8308,22132.3,0
sh510300-hold-fee0.001,2026-06-16,22201.6692,0.0,27700.0,4.91,136007.0,158208.6692,0.8596684409756732,99.8308,22132.3,0
sh510300-hold-fee0.001,2026-06-17,22201.6692,0.0,27700.0,4.958,137336.6,159538.2692,0.8608379712821906,99.8308,22132.3,0
sh510300-hold-fee0.001,2026-06-18,22201.6692,0.0,27700.0,4.984,138056.8,160258.4692,0.8614633640840992,99.8308,22132.3,0
sh510300-hold-fee0.001,2026-06-19,22201.6692,0.0,27700.0,4.984,138056.8,160258.4692,0.8614633640840992,99.8308,22132.3,1
sh510300-hold-fee0.001,2026-06-20,22201.6692,0.0,27700.0,4.984,138056.8,160258.4692,0.8614633640840992,99.8308,22132.3,2
sh510300-hold-fee0.001,2026-06-21,22201.6692,0.0,27700.0,4.984,138056.8,160258.4692,0.8614633640840992,99.8308,22132.3,3
sh510300-hold-fee0.001,2026-06-22,22201.6692,0.0,27700.0,5.091,141020.7,163222.3692,0.8639790041719355,99.8308,22132.3,0
sh510300-hold-fee0.001,2026-06-23,22201.6692,0.0,27700.0,4.942,136893.4,159095.0692,0.8604502998638502,99.8308,22132.3,0
sh510300-hold-fee0.001,2026-06-24,22201.6692,0.0,27700.0,4.967,137585.9,159787.5692,0.8610550913869213,99.8308,22132.3,0
sh510300-hold-fee0.001,2026-06-25,22201.6692,0.0,27700.0,5.048,139829.6,162031.2692,0.8629791069981941,99.8308,22132.3,0
sh510300-hold-fee0.001,2026-06-26,22201.6692,0.0,27700.0,4.907,135923.9,158125.5692,0.8595946922921812,99.8308,22132.3,0
sh510300-hold-fee0.001,2026-06-27,22201.6692,0.0,27700.0,4.907,135923.9,158125.5692,0.8595946922921812,99.8308,22132.3,1
sh510300-hold-fee0.001,2026-06-28,22201.6692,0.0,27700.0,4.907,135923.9,158125.5692,0.8595946922921812,99.8308,22132.3,2
sh510300-hold-fee0.001,2026-06-29,22201.6692,0.0,27700.0,4.959,137364.3,159565.9692,0.8608621292415275,99.8308,22132.3,0
sh510300-hold-fee0.001,2026-06-30,22201.6692,0.0,27700.0,5.019,139026.3,161227.9692,0.8622964159992658,99.8308,22132.3,0
