account_id,date,cash,receivable,units,mark,market_value,equity,invested_weight,fees,dividends_received,mark_age_days
sz159915-simple_60_close_breakout-fee0.001,2015-01-01,100000.0,0.0,0.0,1.43,0.0,100000.0,0.0,0.0,0.0,1
sz159915-simple_60_close_breakout-fee0.001,2015-01-02,100000.0,0.0,0.0,1.43,0.0,100000.0,0.0,0.0,0.0,2
sz159915-simple_60_close_breakout-fee0.001,2015-01-03,100000.0,0.0,0.0,1.43,0.0,100000.0,0.0,0.0,0.0,3
sz159915-simple_60_close_breakout-fee0.001,2015-01-04,100000.0,0.0,0.0,1.43,0.0,100000.0,0.0,0.0,0.0,4
sz159915-simple_60_close_breakout-fee0.001,2015-01-05,100000.0,0.0,0.0,1.424,0.0,100000.0,0.0,0.0,0.0,0
sz159915-simple_60_close_breakout-fee0.001,2015-01-06,100000.0,0.0,0.0,1.502,0.0,100000.0,0.0,0.0,0.0,0
sz159915-simple_60_close_breakout-fee0.001,2015-01-07,100000.0,0.0,0.0,1.474,0.0,100000.0,0.0,0.0,0.0,0
sz159915-simple_60_close_breakout-fee0.001,2015-01-08,100000.0,0.0,0.0,1.493,0.0,100000.0,0.0,0.0,0.0,0
sz159915-simple_60_close_breakout-fee0.001,2015-01-09,100000.0,0.0,0.0,1.503,0.0,100000.0,0.0,0.0,0.0,0
sz159915-simple_60_close_breakout-fee0.001,2015-01-10,100000.0,0.0,0.0,1.503,0.0,100000.0,0.0,0.0,0.0,1
sz159915-simple_60_close_breakout-fee0.001,2015-01-11,100000.0,0.0,0.0,1.503,0.0,100000.0,0.0,0.0,0.0,2
sz159915-simple_60_close_breakout-fee0.001,2015-01-12,100000.0,0.0,0.0,1.54,0.0,100000.0,0.0,0.0,0.0,0
sz159915-simple_60_close_breakout-fee0.001,2015-01-13,100000.0,0.0,0.0,1.551,0.0,100000.0,0.0,0.0,0.0,0
sz159915-simple_60_close_breakout-fee0.001,2015-01-14,100000.0,0.0,0.0,1.536,0.0,100000.0,0.0,0.0,0.0,0
sz159915-simple_60_close_breakout-fee0.001,2015-01-15,100000.0,0.0,0.0,1.534,0.0,100000.0,0.0,0.0,0.0,0
sz159915-simple_60_close_breakout-fee0.001,2015-01-16,100000.0,0.0,0.0,1.592,0.0,100000.0,0.0,0.0,0.0,0
sz159915-simple_60_close_breakout-fee0.001,2015-01-17,100000.0,0.0,0.0,1.592,0.0,100000.0,0.0,0.0,0.0,1
sz159915-simple_60_close_breakout-fee0.001,2015-01-18,100000.0,0.0,0.0,1.592,0.0,100000.0,0.0,0.0,0.0,2
sz159915-simple_60_close_breakout-fee0.001,2015-01-19,100000.0,0.0,0.0,1.579,0.0,100000.0,0.0,0.0,0.0,0
sz159915-simple_60_close_breakout-fee0.001,2015-01-20,100000.0,0.0,0.0,1.657,0.0,100000.0,0.0,0.0,0.0,0
sz159915-simple_60_close_breakout-fee0.001,2015-01-21,13.9138,0.0,60100.0,1.668,100246.8,100260.7138,0.9998612238086819,99.8862,0.0,0
sz159915-simple_60_close_breakout-fee0.001,2015-01-22,13.9138,0.0,60100.0,1.683,101148.3,101162.2138,0.9998624605030144,99.8862,0.0,0
sz159915-simple_60_close_breakout-fee0.001,2015-01-23,13.9138,0.0,60100.0,1.638,98443.8,98457.7138,0.9998586824793814,99.8862,0.0,0
sz159915-simple_60_close_breakout-fee0.001,2015-01-24,13.9138,0.0,60100.0,1.638,98443.8,98457.7138,0.9998586824793814,99.8862,0.0,1
sz159915-simple_60_close_breakout-fee0.001,2015-01-25,13.9138,0.0,60100.0,1.638,98443.8,98457.7138,0.9998586824793814,99.8862,0.0,2
sz159915-simple_60_close_breakout-fee0.001,2015-01-26,13.9138,0.0,60100.0,1.686,101328.6,101342.5138,0.999862705201615,99.8862,0.0,0
sz159915-simple_60_close_breakout-fee0.001,2015-01-27,13.9138,0.0,60100.0,1.688,101448.8,101462.7138,0.9998628678508695,99.8862,0.0,0
sz159915-simple_60_close_breakout-fee0.001,2015-01-28,13.9138,0.0,60100.0,1.668,100246.8,100260.7138,0.9998612238086819,99.8862,0.0,0
sz159915-simple_60_close_breakout-fee0.001,2015-01-29,13.9138,0.0,60100.0,1.652,99285.2,99299.1138,0.9998598799176796,99.8862,0.0,0
sz159915-simple_60_close_breakout-fee0.001,2015-01-30,13.9138,0.0,60100.0,1.623,97542.3,97556.2138,0.9998573765887581,99.8862,0.0,0
sz159915-simple_60_close_breakout-fee0.001,2015-01-31,13.9138,0.0,60100.0,1.623,97542.3,97556.2138,0.9998573765887581,99.8862,0.0,1
sz159915-simple_60_close_breakout-fee0.001,2015-02-01,13.9138,0.0,60100.0,1.623,97542.3,97556.2138,0.9998573765887581,99.8862,0.0,2
sz159915-simple_60_close_breakout-fee0.001,2015-02-02,13.9138,0.0,60100.0,1.639,98503.9,98517.8138,0.9998587686889983,99.8862,0.0,0
sz159915-simple_60_close_breakout-fee0.001,2015-02-03,13.9138,0.0,60100.0,1.693,101749.3,101763.2138,0.9998632727929825,99.8862,0.0,0
sz159915-simple_60_close_breakout-fee0.001,2015-02-04,13.9138,0.0,60100.0,1.698,102049.8,102063.7138,0.9998636753506024,99.8862,0.0,0
sz159915-simple_60_close_breakout-fee0.001,2015-02-05,13.9138,0.0,60100.0,1.709,102710.9,102724.8138,0.9998645526870743,99.8862,0.0,0
sz159915-simple_60_close_breakout-fee0.001,2015-02-06,13.9138,0.0,60100.0,1.661,99826.1,99840.0138,0.9998606390416985,99.8862,0.0,0
sz159915-simple_60_close_breakout-fee0.001,2015-02-07,13.9138,0.0,60100.0,1.661,99826.1,99840.0138,0.9998606390416985,99.8862,0.0,1
sz159915-simple_60_close_breakout-fee0.001,2015-02-08,13.9138,0.0,60100.0,1.661,99826.1,99840.0138,0.9998606390416985,99.8862,0.0,2
sz159915-simple_60_close_breakout-fee0.001,2015-02-09,13.9138,0.0,60100.0,1.645,98864.5,98878.4138,0.999859283745913,99.8862,0.0,0
sz159915-simple_60_close_breakout-fee0.001,2015-02-10,13.9138,0.0,60100.0,1.685,101268.5,101282.4138,0.999862623732216,99.8862,0.0,0
sz159915-simple_60_close_breakout-fee0.001,2015-02-11,13.9138,0.0,60100.0,1.705,102470.5,102484.4138,0.9998642349652587,99.8862,0.0,0
sz159915-simple_60_close_breakout-fee0.001,2015-02-12,13.9138,0.0,60100.0,1.72,103372.0,103385.9138,0.9998654188033109,99.8862,0.0,0
sz159915-simple_60_close_breakout-fee0.001,2015-02-13,13.9138,0.0,60100.0,1.761,105836.1,105850.0138,0.9998685517412752,99.8862,0.0,0
sz159915-simple_60_close_breakout-fee0.001,2015-02-14,13.9138,0.0,60100.0,1.761,105836.1,105850.0138,0.9998685517412752,99.8862,0.0,1
sz159915-simple_60_close_breakout-fee0.001,2015-02-15,13.9138,0.0,60100.0,1.761,105836.1,105850.0138,0.9998685517412752,99.8862,0.0,2
sz159915-simple_60_close_breakout-fee0.001,2015-02-16,13.9138,0.0,60100.0,1.83,109983.0,109996.9138,0.9998735073601674,99.8862,0.0,0
sz159915-simple_60_close_breakout-fee0.001,2015-02-17,13.9138,0.0,60100.0,1.82,109382.0,109395.9138,0.99987281243406,99.8862,0.0,0
sz159915-simple_60_close_breakout-fee0.001,2015-02-18,13.9138,0.0,60100.0,1.82,109382.0,109395.9138,0.99987281243406,99.8862,0.0,1
sz159915-simple_60_close_breakout-fee0.001,2015-02-19,13.9138,0.0,60100.0,1.82,109382.0,109395.9138,0.99987281243406,99.8862,0.0,2
sz159915-simple_60_close_breakout-fee0.001,2015-02-20,13.9138,0.0,60100.0,1.82,109382.0,109395.9138,0.99987281243406,99.8862,0.0,3
sz159915-simple_60_close_breakout-fee0.001,2015-02-21,13.9138,0.0,60100.0,1.82,109382.0,109395.9138,0.99987281243406,99.8862,0.0,4
sz159915-simple_60_close_breakout-fee0.001,2015-02-22,13.9138,0.0,60100.0,1.82,109382.0,109395.9138,0.99987281243406,99.8862,0.0,5
sz159915-simple_60_close_breakout-fee0.001,2015-02-23,13.9138,0.0,60100.0,1.82,109382.0,109395.9138,0.99987281243406,99.8862,0.0,6
sz159915-simple_60_close_breakout-fee0.001,2015-02-24,13.9138,0.0,60100.0,1.82,109382.0,109395.9138,0.99987281243406,99.8862,0.0,7
sz159915-simple_60_close_breakout-fee0.001,2015-02-25,13.9138,0.0,60100.0,1.803,108360.3,108374.2138,0.9998716133708183,99.8862,0.0,0
sz159915-simple_60_close_breakout-fee0.001,2015-02-26,13.9138,0.0,60100.0,1.814,109021.4,109035.3138,0.9998723918011965,99.8862,0.0,0
sz159915-simple_60_close_breakout-fee0.001,2015-02-27,13.9138,0.0,60100.0,1.863,111966.3,111980.2138,0.9998757476921338,99.8862,0.0,0
sz159915-simple_60_close_breakout-fee0.001,2015-02-28,13.9138,0.0,60100.0,1.863,111966.3,111980.2138,0.9998757476921338,99.8862,0.0,1
sz159915-simple_60_close_breakout-fee0.001,2015-03-01,13.9138,0.0,60100.0,1.863,111966.3,111980.2138,0.9998757476921338,99.8862,0.0,2
sz159915-simple_60_close_breakout-fee0.001,2015-03-02,13.9138,0.0,60100.0,1.914,115031.4,115045.3138,0.9998790580898915,99.8862,0.0,0
sz159915-simple_60_close_breakout-fee0.001,2015-03-03,13.9138,0.0,60100.0,1.883,113168.3,113182.2138,0.999877067257011,99.8862,0.0,0
sz159915-simple_60_close_breakout-fee0.001,2015-03-04,13.9138,0.0,60100.0,1.94,116594.0,116607.9138,0.9998806787674475,99.8862,0.0,0
sz159915-simple_60_close_breakout-fee0.001,2015-03-05,13.9138,0.0,60100.0,1.938,116473.8,116487.7138,0.9998805556436288,99.8862,0.0,0
sz159915-simple_60_close_breakout-fee0.001,2015-03-06,13.9138,0.0,60100.0,1.88,112988.0,113001.9138,0.9998768711118944,99.8862,0.0,0
sz159915-simple_60_close_breakout-fee0.001,2015-03-07,13.9138,0.0,60100.0,1.88,112988.0,113001.9138,0.9998768711118944,99.8862,0.0,1
sz159915-simple_60_close_breakout-fee0.001,2015-03-08,13.9138,0.0,60100.0,1.88,112988.0,113001.9138,0.9998768711118944,99.8862,0.0,2
sz159915-simple_60_close_breakout-fee0.001,2015-03-09,13.9138,0.0,60100.0,1.927,115812.7,115826.6138,0.9998798738947507,99.8862,0.0,0
sz159915-simple_60_close_breakout-fee0.001,2015-03-10,13.9138,0.0,60100.0,1.972,118517.2,118531.1138,0.999882614787342,99.8862,0.0,0
sz159915-simple_60_close_breakout-fee0.001,2015-03-11,13.9138,0.0,60100.0,1.96,117796.0,117809.9138,0.999881896187246,99.8862,0.0,0
sz159915-simple_60_close_breakout-fee0.001,2015-03-12,13.9138,0.0,60100.0,1.94,116594.0,116607.9138,0.9998806787674475,99.8862,0.0,0
sz159915-simple_60_close_breakout-fee0.001,2015-03-13,13.9138,0.0,60100.0,1.992,119719.2,119733.1138,0.9998837932167768,99.8862,0.0,0
sz159915-simple_60_close_breakout-fee0.001,2015-03-14,13.9138,0.0,60100.0,1.992,119719.2,119733.1138,0.9998837932167768,99.8862,0.0,1
sz159915-simple_60_close_breakout-fee0.001,2015-03-15,13.9138,0.0,60100.0,1.992,119719.2,119733.1138,0.9998837932167768,99.8862,0.0,2
sz159915-simple_60_close_breakout-fee0.001,2015-03-16,13.9138,0.0,60100.0,2.061,123866.1,123880.0138,0.9998876832543588,99.8862,0.0,0
sz159915-simple_60_close_breakout-fee0.001,2015-03-17,13.9138,0.0,60100.0,2.053,123385.3,123399.2138,0.9998872456349475,99.8862,0.0,0
sz159915-simple_60_close_breakout-fee0.001,2015-03-18,13.9138,0.0,60100.0,2.099,126149.9,126163.8138,0.999889716396636,99.8862,0.0,0
sz159915-simple_60_close_breakout-fee0.001,2015-03-19,13.9138,0.0,60100.0,2.095,125909.5,125923.4138,0.9998895058545498,99.8862,0.0,0
sz159915-simple_60_close_breakout-fee0.001,2015-03-20,13.9138,0.0,60100.0,2.126,127772.6,127786.5138,0.9998911168355232,99.8862,0.0,0
sz159915-simple_60_close_breakout-fee0.001,2015-03-21,13.9138,0.0,60100.0,2.126,127772.6,127786.5138,0.9998911168355232,99.8862,0.0,1
sz159915-simple_60_close_breakout-fee0.001,2015-03-22,13.9138,0.0,60100.0,2.126,127772.6,127786.5138,0.9998911168355232,99.8862,0.0,2
sz159915-simple_60_close_breakout-fee0.001,2015-03-23,13.9138,0.0,60100.0,2.206,132580.6,132594.5138,0.9998950650400138,99.8862,0.0,0
sz159915-simple_60_close_breakout-fee0.001,2015-03-24,13.9138,0.0,60100.0,2.273,136607.3,136621.2138,0.9998981578364516,99.8862,0.0,0
sz159915-simple_60_close_breakout-fee0.001,2015-03-25,13.9138,0.0,60100.0,2.288,137508.8,137522.7138,0.999898825440427,99.8862,0.0,0
sz159915-simple_60_close_breakout-fee0.001,2015-03-26,13.9138,0.0,60100.0,2.19,131619.0,131632.9138,0.9998942984729401,99.8862,0.0,0
sz159915-simple_60_close_breakout-fee0.001,2015-03-27,13.9138,0.0,60100.0,2.228,133902.8,133916.7138,0.99989610109444,99.8862,0.0,0
sz159915-simple_60_close_breakout-fee0.001,2015-03-28,13.9138,0.0,60100.0,2.228,133902.8,133916.7138,0.99989610109444,99.8862,0.0,1
sz159915-simple_60_close_breakout-fee0.001,2015-03-29,13.9138,0.0,60100.0,2.228,133902.8,133916.7138,0.99989610109444,99.8862,0.0,2
sz159915-simple_60_close_breakout-fee0.001,2015-03-30,13.9138,0.0,60100.0,2.193,131799.3,131813.2138,0.999894443056209,99.8862,0.0,0
sz159915-simple_60_close_breakout-fee0.001,2015-03-31,13.9138,0.0,60100.0,2.247,135044.7,135058.6138,0.9998969795438549,99.8862,0.0,0
sz159915-simple_60_close_breakout-fee0.001,2015-04-01,13.9138,0.0,60100.0,2.296,137989.6,138003.5138,0.9998991779294826,99.8862,0.0,0
sz159915-simple_60_close_breakout-fee0.001,2015-04-02,13.9138,0.0,60100.0,2.369,142376.9,142390.8138,0.9999022844267219,99.8862,0.0,0
sz159915-simple_60_close_breakout-fee0.001,2015-04-03,13.9138,0.0,60100.0,2.391,143699.1,143713.0138,0.9999031834373792,99.8862,0.0,0
sz159915-simple_60_close_breakout-fee0.001,2015-04-04,13.9138,0.0,60100.0,2.391,143699.1,143713.0138,0.9999031834373792,99.8862,0.0,1
sz159915-simple_60_close_breakout-fee0.001,2015-04-05,13.9138,0.0,60100.0,2.391,143699.1,143713.0138,0.9999031834373792,99.8862,0.0,2
sz159915-simple_60_close_breakout-fee0.001,2015-04-06,13.9138,0.0,60100.0,2.391,143699.1,143713.0138,0.9999031834373792,99.8862,0.0,3
sz159915-simple_60_close_breakout-fee0.001,2015-04-07,13.9138,0.0,60100.0,2.438,146523.8,146537.7138,0.9999050496992263,99.8862,0.0,0
sz159915-simple_60_close_breakout-fee0.001,2015-04-08,13.9138,0.0,60100.0,2.377,142857.7,142871.6138,0.9999026132649451,99.8862,0.0,0
sz159915-simple_60_close_breakout-fee0.001,2015-04-09,13.9138,0.0,60100.0,2.466,148206.6,148220.5138,0.999906127703627,99.8862,0.0,0
sz159915-simple_60_close_breakout-fee0.001,2015-04-10,13.9138,0.0,60100.0,2.424,145682.4,145696.3138,0.9999045013587708,99.8862,0.0,0
sz159915-simple_60_close_breakout-fee0.001,2015-04-11,13.9138,0.0,60100.0,2.424,145682.4,145696.3138,0.9999045013587708,99.8862,0.0,1
sz159915-simple_60_close_breakout-fee0.001,2015-04-12,13.9138,0.0,60100.0,2.424,145682.4,145696.3138,0.9999045013587708,99.8862,0.0,2
sz159915-simple_60_close_breakout-fee0.001,2015-04-13,13.9138,0.0,60100.0,2.451,147305.1,147319.0138,0.9999055532640282,99.8862,0.0,0
sz159915-simple_60_close_breakout-fee0.001,2015-04-14,13.9138,0.0,60100.0,2.44,146644.0,146657.9138,0.999905127519958,99.8862,0.0,0
sz159915-simple_60_close_breakout-fee0.001,2015-04-15,13.9138,0.0,60100.0,2.33,140033.0,140046.9138,0.9999006490066616,99.8862,0.0,0
sz159915-simple_60_close_breakout-fee0.001,2015-04-16,13.9138,0.0,60100.0,2.375,142737.5,142751.4138,0.9999025312630564,99.8862,0.0,0
sz159915-simple_60_close_breakout-fee0.001,2015-04-17,13.9138,0.0,60100.0,2.368,142316.8,142330.7138,0.9999022431657334,99.8862,0.0,0
sz159915-simple_60_close_breakout-fee0.001,2015-04-18,13.9138,0.0,60100.0,2.368,142316.8,142330.7138,0.9999022431657334,99.8862,0.0,1
sz159915-simple_60_close_breakout-fee0.001,2015-04-19,13.9138,0.0,60100.0,2.368,142316.8,142330.7138,0.9999022431657334,99.8862,0.0,2
sz159915-simple_60_close_breakout-fee0.001,2015-04-20,13.9138,0.0,60100.0,2.318,139311.8,139325.7138,0.9999001347301908,99.8862,0.0,0
sz159915-simple_60_close_breakout-fee0.001,2015-04-21,13.9138,0.0,60100.0,2.496,150009.6,150023.5138,0.9999072558717792,99.8862,0.0,0
sz159915-simple_60_close_breakout-fee0.001,2015-04-22,13.9138,0.0,60100.0,2.524,151692.4,151706.3138,0.9999082846346241,99.8862,0.0,0
sz159915-simple_60_close_breakout-fee0.001,2015-04-23,13.9138,0.0,60100.0,2.598,156139.8,156153.7138,0.9999108967717679,99.8862,0.0,0
sz159915-simple_60_close_breakout-fee0.001,2015-04-24,13.9138,0.0,60100.0,2.645,158964.5,158978.4138,0.9999124799419782,99.8862,0.0,0
sz159915-simple_60_close_breakout-fee0.001,2015-04-25,13.9138,0.0,60100.0,2.645,158964.5,158978.4138,0.9999124799419782,99.8862,0.0,1
sz159915-simple_60_close_breakout-fee0.001,2015-04-26,13.9138,0.0,60100.0,2.645,158964.5,158978.4138,0.9999124799419782,99.8862,0.0,2
sz159915-simple_60_close_breakout-fee0.001,2015-04-27,13.9138,0.0,60100.0,2.65,159265.0,159278.9138,0.999912645059738,99.8862,0.0,0
sz159915-simple_60_close_breakout-fee0.001,2015-04-28,13.9138,0.0,60100.0,2.583,155238.3,155252.2138,0.9999103793777915,99.8862,0.0,0
sz159915-simple_60_close_breakout-fee0.001,2015-04-29,13.9138,0.0,60100.0,2.723,163652.3,163666.2138,0.9999149867301446,99.8862,0.0,0
sz159915-simple_60_close_breakout-fee0.001,2015-04-30,13.9138,0.0,60100.0,2.748,165154.8,165168.7138,0.9999157600753805,99.8862,0.0,0
sz159915-simple_60_close_breakout-fee0.001,2015-05-01,13.9138,0.0,60100.0,2.748,165154.8,165168.7138,0.9999157600753805,99.8862,0.0,1
sz159915-simple_60_close_breakout-fee0.001,2015-05-02,13.9138,0.0,60100.0,2.748,165154.8,165168.7138,0.9999157600753805,99.8862,0.0,2
sz159915-simple_60_close_breakout-fee0.001,2015-05-03,13.9138,0.0,60100.0,2.748,165154.8,165168.7138,0.9999157600753805,99.8862,0.0,3
sz159915-simple_60_close_breakout-fee0.001,2015-05-04,13.9138,0.0,60100.0,2.74,164674.0,164687.9138,0.9999155141401761,99.8862,0.0,0
sz159915-simple_60_close_breakout-fee0.001,2015-05-05,13.9138,0.0,60100.0,2.67,160467.0,160480.9138,0.9999132993471277,99.8862,0.0,0
sz159915-simple_60_close_breakout-fee0.001,2015-05-06,13.9138,0.0,60100.0,2.738,164553.8,164567.7138,0.9999154524318365,99.8862,0.0,0
sz159915-simple_60_close_breakout-fee0.001,2015-05-07,13.9138,0.0,60100.0,2.686,161428.6,161442.5138,0.9999138157622023,99.8862,0.0,0
sz159915-simple_60_close_breakout-fee0.001,2015-05-08,13.9138,0.0,60100.0,2.894,173929.4,173943.3138,0.9999200095726818,99.8862,0.0,0
sz159915-simple_60_close_breakout-fee0.001,2015-05-09,13.9138,0.0,60100.0,2.894,173929.4,173943.3138,0.9999200095726818,99.8862,0.0,1
sz159915-simple_60_close_breakout-fee0.001,2015-05-10,13.9138,0.0,60100.0,2.894,173929.4,173943.3138,0.9999200095726818,99.8862,0.0,2
sz159915-simple_60_close_breakout-fee0.001,2015-05-11,13.9138,0.0,60100.0,3.05,183305.0,183318.9138,0.999924100575813,99.8862,0.0,0
sz159915-simple_60_close_breakout-fee0.001,2015-05-12,13.9138,0.0,60100.0,3.129,188052.9,188066.8138,0.9999260167186391,99.8862,0.0,0
sz159915-simple_60_close_breakout-fee0.001,2015-05-13,13.9138,0.0,60100.0,3.036,182463.6,182477.5138,0.9999237506051554,99.8862,0.0,0
sz159915-simple_60_close_breakout-fee0.001,2015-05-14,13.9138,0.0,60100.0,3.008,180780.8,180794.7138,0.9999230408914754,99.8862,0.0,0
sz159915-simple_60_close_breakout-fee0.001,2015-05-15,13.9138,0.0,60100.0,3.016,181261.6,181275.5138,0.9999232450113734,99.8862,0.0,0
sz159915-simple_60_close_breakout-fee0.001,2015-05-16,13.9138,0.0,60100.0,3.016,181261.6,181275.5138,0.9999232450113734,99.8862,0.0,1
sz159915-simple_60_close_breakout-fee0.001,2015-05-17,13.9138,0.0,60100.0,3.016,181261.6,181275.5138,0.9999232450113734,99.8862,0.0,2
sz159915-simple_60_close_breakout-fee0.001,2015-05-18,13.9138,0.0,60100.0,3.157,189735.7,189749.6138,0.9999266728415339,99.8862,0.0,0
sz159915-simple_60_close_breakout-fee0.001,2015-05-19,13.9138,0.0,60100.0,3.185,191418.5,191432.4138,0.9999273174290403,99.8862,0.0,0
sz159915-simple_60_close_breakout-fee0.001,2015-05-20,13.9138,0.0,60100.0,3.264,196166.4,196180.3138,0.9999290764718921,99.8862,0.0,0
sz159915-simple_60_close_breakout-fee0.001,2015-05-21,13.9138,0.0,60100.0,3.41,204941.0,204954.9138,0.9999321128742803,99.8862,0.0,0
sz159915-simple_60_close_breakout-fee0.001,2015-05-22,13.9138,0.0,60100.0,3.382,203258.2,203272.1138,0.9999315508667672,99.8862,0.0,0
sz159915-simple_60_close_breakout-fee0.001,2015-05-23,13.9138,0.0,60100.0,3.382,203258.2,203272.1138,0.9999315508667672,99.8862,0.0,1
sz159915-simple_60_close_breakout-fee0.001,2015-05-24,13.9138,0.0,60100.0,3.382,203258.2,203272.1138,0.9999315508667672,99.8862,0.0,2
sz159915-simple_60_close_breakout-fee0.001,2015-05-25,13.9138,0.0,60100.0,3.327,199952.7,199966.6138,0.9999304193848383,99.8862,0.0,0
sz159915-simple_60_close_breakout-fee0.001,2015-05-26,13.9138,0.0,60100.0,3.463,208126.3,208140.2138,0.9999331517934666,99.8862,0.0,0
sz159915-simple_60_close_breakout-fee0.001,2015-05-27,13.9138,0.0,60100.0,3.463,208126.3,208140.2138,0.9999331517934666,99.8862,0.0,0
sz159915-simple_60_close_breakout-fee0.001,2015-05-28,13.9138,0.0,60100.0,3.29,197729.0,197742.9138,0.9999296369223422,99.8862,0.0,0
sz159915-simple_60_close_breakout-fee0.001,2015-05-29,13.9138,0.0,60100.0,3.384,203378.4,203392.3138,0.9999315913185702,99.8862,0.0,0
sz159915-simple_60_close_breakout-fee0.001,2015-05-30,13.9138,0.0,60100.0,3.384,203378.4,203392.3138,0.9999315913185702,99.8862,0.0,1
sz159915-simple_60_close_breakout-fee0.001,2015-05-31,13.9138,0.0,60100.0,3.384,203378.4,203392.3138,0.9999315913185702,99.8862,0.0,2
sz159915-simple_60_close_breakout-fee0.001,2015-06-01,13.9138,0.0,60100.0,3.568,214436.8,214450.7138,0.9999351188916397,99.8862,0.0,0
sz159915-simple_60_close_breakout-fee0.001,2015-06-02,13.9138,0.0,60100.0,3.768,226456.8,226470.7138,0.999938562475622,99.8862,0.0,0
sz159915-simple_60_close_breakout-fee0.001,2015-06-03,13.9138,0.0,60100.0,3.79,227779.0,227792.9138,0.9999389190832678,99.8862,0.0,0
sz159915-simple_60_close_breakout-fee0.001,2015-06-04,13.9138,0.0,60100.0,3.751,225435.1,225449.0138,0.9999382840502805,99.8862,0.0,0
sz159915-simple_60_close_breakout-fee0.001,2015-06-05,13.9138,0.0,60100.0,3.703,222550.3,222564.2138,0.999937484109586,99.8862,0.0,0
sz159915-simple_60_close_breakout-fee0.001,2015-06-06,13.9138,0.0,60100.0,3.703,222550.3,222564.2138,0.999937484109586,99.8862,0.0,1
sz159915-simple_60_close_breakout-fee0.001,2015-06-07,13.9138,0.0,60100.0,3.703,222550.3,222564.2138,0.999937484109586,99.8862,0.0,2
sz159915-simple_60_close_breakout-fee0.001,2015-06-08,13.9138,0.0,60100.0,3.533,212333.3,212347.2138,0.999934476182894,99.8862,0.0,0
sz159915-simple_60_close_breakout-fee0.001,2015-06-09,13.9138,0.0,60100.0,3.526,211912.6,211926.5138,0.9999343461101184,99.8862,0.0,0
sz159915-simple_60_close_breakout-fee0.001,2015-06-10,13.9138,0.0,60100.0,3.66,219966.0,219979.9138,0.9999367496797337,99.8862,0.0,0
sz159915-simple_60_close_breakout-fee0.001,2015-06-11,13.9138,0.0,60100.0,3.666,220326.6,220340.5138,0.9999368531925426,99.8862,0.0,0
sz159915-simple_60_close_breakout-fee0.001,2015-06-12,13.9138,0.0,60100.0,3.704,222610.4,222624.3138,0.9999375009864713,99.8862,0.0,0
sz159915-simple_60_close_breakout-fee0.001,2015-06-13,13.9138,0.0,60100.0,3.704,222610.4,222624.3138,0.9999375009864713,99.8862,0.0,1
sz159915-simple_60_close_breakout-fee0.001,2015-06-14,13.9138,0.0,60100.0,3.704,222610.4,222624.3138,0.9999375009864713,99.8862,0.0,2
sz159915-simple_60_close_breakout-fee0.001,2015-06-15,13.9138,0.0,60100.0,3.512,211071.2,211085.1138,0.9999340844091299,99.8862,0.0,0
sz159915-simple_60_close_breakout-fee0.001,2015-06-16,13.9138,0.0,60100.0,3.402,204460.2,204474.1138,0.9999319532446361,99.8862,0.0,0
sz159915-simple_60_close_breakout-fee0.001,2015-06-17,13.9138,0.0,60100.0,3.545,213054.5,213068.4138,0.9999346979697654,99.8862,0.0,0
sz159915-simple_60_close_breakout-fee0.001,2015-06-18,13.9138,0.0,60100.0,3.32,199532.0,199545.9138,0.9999302726889514,99.8862,0.0,0
sz159915-simple_60_close_breakout-fee0.001,2015-06-19,13.9138,0.0,60100.0,3.15,189315.0,189328.9138,0.999926509904268,99.8862,0.0,0
sz159915-simple_60_close_breakout-fee0.001,2015-06-20,13.9138,0.0,60100.0,3.15,189315.0,189328.9138,0.999926509904268,99.8862,0.0,1
sz159915-simple_60_close_breakout-fee0.001,2015-06-21,13.9138,0.0,60100.0,3.15,189315.0,189328.9138,0.999926509904268,99.8862,0.0,2
sz159915-simple_60_close_breakout-fee0.001,2015-06-22,13.9138,0.0,60100.0,3.15,189315.0,189328.9138,0.999926509904268,99.8862,0.0,3
sz159915-simple_60_close_breakout-fee0.001,2015-06-23,13.9138,0.0,60100.0,3.208,192800.8,192814.7138,0.9999278384946575,99.8862,0.0,0
sz159915-simple_60_close_breakout-fee0.001,2015-06-24,13.9138,0.0,60100.0,3.199,192259.9,192273.8138,0.999927635491672,99.8862,0.0,0
sz159915-simple_60_close_breakout-fee0.001,2015-06-25,13.9138,0.0,60100.0,3.03,182103.0,182116.9138,0.9999235996277903,99.8862,0.0,0
sz159915-simple_60_close_breakout-fee0.001,2015-06-26,13.9138,0.0,60100.0,2.767,166296.7,166310.6138,0.9999163384724397,99.8862,0.0,0
sz159915-simple_60_close_breakout-fee0.001,2015-06-27,13.9138,0.0,60100.0,2.767,166296.7,166310.6138,0.9999163384724397,99.8862,0.0,1
sz159915-simple_60_close_breakout-fee0.001,2015-06-28,13.9138,0.0,60100.0,2.767,166296.7,166310.6138,0.9999163384724397,99.8862,0.0,2
sz159915-simple_60_close_breakout-fee0.001,2015-06-29,13.9138,0.0,60100.0,2.49,149649.0,149662.9138,0.9999070324127286,99.8862,0.0,0
sz159915-simple_60_close_breakout-fee0.001,2015-06-30,13.9138,0.0,60100.0,2.733,164253.3,164267.2138,0.9999152977658893,99.8862,0.0,0
sz159915-simple_60_close_breakout-fee0.001,2015-07-01,13.9138,0.0,60100.0,2.56,153856.0,153869.9138,0.9999095742653233,99.8862,0.0,0
sz159915-simple_60_close_breakout-fee0.001,2015-07-02,13.9138,0.0,60100.0,2.47,148447.0,148460.9138,0.9999062797092928,99.8862,0.0,0
sz159915-simple_60_close_breakout-fee0.001,2015-07-03,13.9138,0.0,60100.0,2.457,147665.7,147679.6138,0.9999057838814581,99.8862,0.0,0
sz159915-simple_60_close_breakout-fee0.001,2015-07-04,13.9138,0.0,60100.0,2.457,147665.7,147679.6138,0.9999057838814581,99.8862,0.0,1
sz159915-simple_60_close_breakout-fee0.001,2015-07-05,13.9138,0.0,60100.0,2.457,147665.7,147679.6138,0.9999057838814581,99.8862,0.0,2
sz159915-simple_60_close_breakout-fee0.001,2015-07-06,13.9138,0.0,60100.0,2.33,140033.0,140046.9138,0.9999006490066616,99.8862,0.0,0
sz159915-simple_60_close_breakout-fee0.001,2015-07-07,13.9138,0.0,60100.0,2.097,126029.7,126043.6138,0.9998896112259834,99.8862,0.0,0
sz159915-simple_60_close_breakout-fee0.001,2015-07-08,13.9138,0.0,60100.0,1.899,114129.9,114143.8138,0.9998781028989939,99.8862,0.0,0
sz159915-simple_60_close_breakout-fee0.001,2015-07-09,114149.7637,0.0,0.0,2.089,0.0,114149.7637,0.0,214.1363,0.0,0
sz159915-simple_60_close_breakout-fee0.001,2015-07-10,114149.7637,0.0,0.0,2.298,0.0,114149.7637,0.0,214.1363,0.0,0
sz159915-simple_60_close_breakout-fee0.001,2015-07-11,114149.7637,0.0,0.0,2.298,0.0,114149.7637,0.0,214.1363,0.0,1
sz159915-simple_60_close_breakout-fee0.001,2015-07-12,114149.7637,0.0,0.0,2.298,0.0,114149.7637,0.0,214.1363,0.0,2
sz159915-simple_60_close_breakout-fee0.001,2015-07-13,114149.7637,0.0,0.0,2.528,0.0,114149.7637,0.0,214.1363,0.0,0
sz159915-simple_60_close_breakout-fee0.001,2015-07-14,114149.7637,0.0,0.0,2.657,0.0,114149.7637,0.0,214.1363,0.0,0
sz159915-simple_60_close_breakout-fee0.001,2015-07-15,114149.7637,0.0,0.0,2.405,0.0,114149.7637,0.0,214.1363,0.0,0
sz159915-simple_60_close_breakout-fee0.001,2015-07-16,114149.7637,0.0,0.0,2.489,0.0,114149.7637,0.0,214.1363,0.0,0
sz159915-simple_60_close_breakout-fee0.001,2015-07-17,114149.7637,0.0,0.0,2.688,0.0,114149.7637,0.0,214.1363,0.0,0
sz159915-simple_60_close_breakout-fee0.001,2015-07-18,114149.7637,0.0,0.0,2.688,0.0,114149.7637,0.0,214.1363,0.0,1
sz159915-simple_60_close_breakout-fee0.001,2015-07-19,114149.7637,0.0,0.0,2.688,0.0,114149.7637,0.0,214.1363,0.0,2
sz159915-simple_60_close_breakout-fee0.001,2015-07-20,114149.7637,0.0,0.0,2.69,0.0,114149.7637,0.0,214.1363,0.0,0
sz159915-simple_60_close_breakout-fee0.001,2015-07-21,114149.7637,0.0,0.0,2.707,0.0,114149.7637,0.0,214.1363,0.0,0
sz159915-simple_60_close_breakout-fee0.001,2015-07-22,114149.7637,0.0,0.0,2.754,0.0,114149.7637,0.0,214.1363,0.0,0
sz159915-simple_60_close_breakout-fee0.001,2015-07-23,114149.7637,0.0,0.0,2.82,0.0,114149.7637,0.0,214.1363,0.0,0
sz159915-simple_60_close_breakout-fee0.001,2015-07-24,114149.7637,0.0,0.0,2.74,0.0,114149.7637,0.0,214.1363,0.0,0
sz159915-simple_60_close_breakout-fee0.001,2015-07-25,114149.7637,0.0,0.0,2.74,0.0,114149.7637,0.0,214.1363,0.0,1
sz159915-simple_60_close_breakout-fee0.001,2015-07-26,114149.7637,0.0,0.0,2.74,0.0,114149.7637,0.0,214.1363,0.0,2
sz159915-simple_60_close_breakout-fee0.001,2015-07-27,114149.7637,0.0,0.0,2.466,0.0,114149.7637,0.0,214.1363,0.0,0
sz159915-simple_60_close_breakout-fee0.001,2015-07-28,114149.7637,0.0,0.0,2.395,0.0,114149.7637,0.0,214.1363,0.0,0
sz159915-simple_60_close_breakout-fee0.001,2015-07-29,114149.7637,0.0,0.0,2.573,0.0,114149.7637,0.0,214.1363,0.0,0
sz159915-simple_60_close_breakout-fee0.001,2015-07-30,114149.7637,0.0,0.0,2.4,0.0,114149.7637,0.0,214.1363,0.0,0
sz159915-simple_60_close_breakout-fee0.001,2015-07-31,114149.7637,0.0,0.0,2.368,0.0,114149.7637,0.0,214.1363,0.0,0
sz159915-simple_60_close_breakout-fee0.001,2015-08-01,114149.7637,0.0,0.0,2.368,0.0,114149.7637,0.0,214.1363,0.0,1
sz159915-simple_60_close_breakout-fee0.001,2015-08-02,114149.7637,0.0,0.0,2.368,0.0,114149.7637,0.0,214.1363,0.0,2
sz159915-simple_60_close_breakout-fee0.001,2015-08-03,114149.7637,0.0,0.0,2.24,0.0,114149.7637,0.0,214.1363,0.0,0
sz159915-simple_60_close_breakout-fee0.001,2015-08-04,114149.7637,0.0,0.0,2.442,0.0,114149.7637,0.0,214.1363,0.0,0
sz159915-simple_60_close_breakout-fee0.001,2015-08-05,114149.7637,0.0,0.0,2.358,0.0,114149.7637,0.0,214.1363,0.0,0
sz159915-simple_60_close_breakout-fee0.001,2015-08-06,114149.7637,0.0,0.0,2.35,0.0,114149.7637,0.0,214.1363,0.0,0
sz159915-simple_60_close_breakout-fee0.001,2015-08-07,114149.7637,0.0,0.0,2.459,0.0,114149.7637,0.0,214.1363,0.0,0
sz159915-simple_60_close_breakout-fee0.001,2015-08-08,114149.7637,0.0,0.0,2.459,0.0,114149.7637,0.0,214.1363,0.0,1
sz159915-simple_60_close_breakout-fee0.001,2015-08-09,114149.7637,0.0,0.0,2.459,0.0,114149.7637,0.0,214.1363,0.0,2
sz159915-simple_60_close_breakout-fee0.001,2015-08-10,114149.7637,0.0,0.0,2.622,0.0,114149.7637,0.0,214.1363,0.0,0
sz159915-simple_60_close_breakout-fee0.001,2015-08-11,114149.7637,0.0,0.0,2.565,0.0,114149.7637,0.0,214.1363,0.0,0
sz159915-simple_60_close_breakout-fee0.001,2015-08-12,114149.7637,0.0,0.0,2.489,0.0,114149.7637,0.0,214.1363,0.0,0
sz159915-simple_60_close_breakout-fee0.001,2015-08-13,114149.7637,0.0,0.0,2.558,0.0,114149.7637,0.0,214.1363,0.0,0
sz159915-simple_60_close_breakout-fee0.001,2015-08-14,114149.7637,0.0,0.0,2.525,0.0,114149.7637,0.0,214.1363,0.0,0
sz159915-simple_60_close_breakout-fee0.001,2015-08-15,114149.7637,0.0,0.0,2.525,0.0,114149.7637,0.0,214.1363,0.0,1
sz159915-simple_60_close_breakout-fee0.001,2015-08-16,114149.7637,0.0,0.0,2.525,0.0,114149.7637,0.0,214.1363,0.0,2
sz159915-simple_60_close_breakout-fee0.001,2015-08-17,114149.7637,0.0,0.0,2.505,0.0,114149.7637,0.0,214.1363,0.0,0
sz159915-simple_60_close_breakout-fee0.001,2015-08-18,114149.7637,0.0,0.0,2.343,0.0,114149.7637,0.0,214.1363,0.0,0
sz159915-simple_60_close_breakout-fee0.001,2015-08-19,114149.7637,0.0,0.0,2.422,0.0,114149.7637,0.0,214.1363,0.0,0
sz159915-simple_60_close_breakout-fee0.001,2015-08-20,114149.7637,0.0,0.0,2.362,0.0,114149.7637,0.0,214.1363,0.0,0
sz159915-simple_60_close_breakout-fee0.001,2015-08-21,114149.7637,0.0,0.0,2.226,0.0,114149.7637,0.0,214.1363,0.0,0
sz159915-simple_60_close_breakout-fee0.001,2015-08-22,114149.7637,0.0,0.0,2.226,0.0,114149.7637,0.0,214.1363,0.0,1
sz159915-simple_60_close_breakout-fee0.001,2015-08-23,114149.7637,0.0,0.0,2.226,0.0,114149.7637,0.0,214.1363,0.0,2
sz159915-simple_60_close_breakout-fee0.001,2015-08-24,114149.7637,0.0,0.0,2.003,0.0,114149.7637,0.0,214.1363,0.0,0
sz159915-simple_60_close_breakout-fee0.001,2015-08-25,114149.7637,0.0,0.0,1.803,0.0,114149.7637,0.0,214.1363,0.0,0
sz159915-simple_60_close_breakout-fee0.001,2015-08-26,114149.7637,0.0,0.0,1.74,0.0,114149.7637,0.0,214.1363,0.0,0
sz159915-simple_60_close_breakout-fee0.001,2015-08-27,114149.7637,0.0,0.0,1.801,0.0,114149.7637,0.0,214.1363,0.0,0
sz159915-simple_60_close_breakout-fee0.001,2015-08-28,114149.7637,0.0,0.0,1.941,0.0,114149.7637,0.0,214.1363,0.0,0
sz159915-simple_60_close_breakout-fee0.001,2015-08-29,114149.7637,0.0,0.0,1.941,0.0,114149.7637,0.0,214.1363,0.0,1
sz159915-simple_60_close_breakout-fee0.001,2015-08-30,114149.7637,0.0,0.0,1.941,0.0,114149.7637,0.0,214.1363,0.0,2
sz159915-simple_60_close_breakout-fee0.001,2015-08-31,114149.7637,0.0,0.0,1.83,0.0,114149.7637,0.0,214.1363,0.0,0
sz159915-simple_60_close_breakout-fee0.001,2015-09-01,114149.7637,0.0,0.0,1.725,0.0,114149.7637,0.0,214.1363,0.0,0
sz159915-simple_60_close_breakout-fee0.001,2015-09-02,114149.7637,0.0,0.0,1.69,0.0,114149.7637,0.0,214.1363,0.0,0
sz159915-simple_60_close_breakout-fee0.001,2015-09-03,114149.7637,0.0,0.0,1.69,0.0,114149.7637,0.0,214.1363,0.0,1
sz159915-simple_60_close_breakout-fee0.001,2015-09-04,114149.7637,0.0,0.0,1.69,0.0,114149.7637,0.0,214.1363,0.0,2
sz159915-simple_60_close_breakout-fee0.001,2015-09-05,114149.7637,0.0,0.0,1.69,0.0,114149.7637,0.0,214.1363,0.0,3
sz159915-simple_60_close_breakout-fee0.001,2015-09-06,114149.7637,0.0,0.0,1.69,0.0,114149.7637,0.0,214.1363,0.0,4
sz159915-simple_60_close_breakout-fee0.001,2015-09-07,114149.7637,0.0,0.0,1.763,0.0,114149.7637,0.0,214.1363,0.0,0
sz159915-simple_60_close_breakout-fee0.001,2015-09-08,114149.7637,0.0,0.0,1.888,0.0,114149.7637,0.0,214.1363,0.0,0
sz159915-simple_60_close_breakout-fee0.001,2015-09-09,114149.7637,0.0,0.0,1.943,0.0,114149.7637,0.0,214.1363,0.0,0
sz159915-simple_60_close_breakout-fee0.001,2015-09-10,114149.7637,0.0,0.0,1.899,0.0,114149.7637,0.0,214.1363,0.0,0
sz159915-simple_60_close_breakout-fee0.001,2015-09-11,114149.7637,0.0,0.0,1.922,0.0,114149.7637,0.0,214.1363,0.0,0
sz159915-simple_60_close_breakout-fee0.001,2015-09-12,114149.7637,0.0,0.0,1.922,0.0,114149.7637,0.0,214.1363,0.0,1
sz159915-simple_60_close_breakout-fee0.001,2015-09-13,114149.7637,0.0,0.0,1.922,0.0,114149.7637,0.0,214.1363,0.0,2
sz159915-simple_60_close_breakout-fee0.001,2015-09-14,114149.7637,0.0,0.0,1.73,0.0,114149.7637,0.0,214.1363,0.0,0
sz159915-simple_60_close_breakout-fee0.001,2015-09-15,114149.7637,0.0,0.0,1.633,0.0,114149.7637,0.0,214.1363,0.0,0
sz159915-simple_60_close_breakout-fee0.001,2015-09-16,114149.7637,0.0,0.0,1.796,0.0,114149.7637,0.0,214.1363,0.0,0
sz159915-simple_60_close_breakout-fee0.001,2015-09-17,114149.7637,0.0,0.0,1.763,0.0,114149.7637,0.0,214.1363,0.0,0
sz159915-simple_60_close_breakout-fee0.001,2015-09-18,114149.7637,0.0,0.0,1.825,0.0,114149.7637,0.0,214.1363,0.0,0
sz159915-simple_60_close_breakout-fee0.001,2015-09-19,114149.7637,0.0,0.0,1.825,0.0,114149.7637,0.0,214.1363,0.0,1
sz159915-simple_60_close_breakout-fee0.001,2015-09-20,114149.7637,0.0,0.0,1.825,0.0,114149.7637,0.0,214.1363,0.0,2
sz159915-simple_60_close_breakout-fee0.001,2015-09-21,114149.7637,0.0,0.0,1.965,0.0,114149.7637,0.0,214.1363,0.0,0
sz159915-simple_60_close_breakout-fee0.001,2015-09-22,114149.7637,0.0,0.0,1.939,0.0,114149.7637,0.0,214.1363,0.0,0
sz159915-simple_60_close_breakout-fee0.001,2015-09-23,114149.7637,0.0,0.0,1.915,0.0,114149.7637,0.0,214.1363,0.0,0
sz159915-simple_60_close_breakout-fee0.001,2015-09-24,114149.7637,0.0,0.0,1.933,0.0,114149.7637,0.0,214.1363,0.0,0
sz159915-simple_60_close_breakout-fee0.001,2015-09-25,114149.7637,0.0,0.0,1.845,0.0,114149.7637,0.0,214.1363,0.0,0
sz159915-simple_60_close_breakout-fee0.001,2015-09-26,114149.7637,0.0,0.0,1.845,0.0,114149.7637,0.0,214.1363,0.0,1
sz159915-simple_60_close_breakout-fee0.001,2015-09-27,114149.7637,0.0,0.0,1.845,0.0,114149.7637,0.0,214.1363,0.0,2
sz159915-simple_60_close_breakout-fee0.001,2015-09-28,114149.7637,0.0,0.0,1.979,0.0,114149.7637,0.0,214.1363,0.0,0
sz159915-simple_60_close_breakout-fee0.001,2015-09-29,114149.7637,0.0,0.0,1.952,0.0,114149.7637,0.0,214.1363,0.0,0
sz159915-simple_60_close_breakout-fee0.001,2015-09-30,114149.7637,0.0,0.0,1.935,0.0,114149.7637,0.0,214.1363,0.0,0
sz159915-simple_60_close_breakout-fee0.001,2015-10-01,114149.7637,0.0,0.0,1.935,0.0,114149.7637,0.0,214.1363,0.0,1
sz159915-simple_60_close_breakout-fee0.001,2015-10-02,114149.7637,0.0,0.0,1.935,0.0,114149.7637,0.0,214.1363,0.0,2
sz159915-simple_60_close_breakout-fee0.001,2015-10-03,114149.7637,0.0,0.0,1.935,0.0,114149.7637,0.0,214.1363,0.0,3
sz159915-simple_60_close_breakout-fee0.001,2015-10-04,114149.7637,0.0,0.0,1.935,0.0,114149.7637,0.0,214.1363,0.0,4
sz159915-simple_60_close_breakout-fee0.001,2015-10-05,114149.7637,0.0,0.0,1.935,0.0,114149.7637,0.0,214.1363,0.0,5
sz159915-simple_60_close_breakout-fee0.001,2015-10-06,114149.7637,0.0,0.0,1.935,0.0,114149.7637,0.0,214.1363,0.0,6
sz159915-simple_60_close_breakout-fee0.001,2015-10-07,114149.7637,0.0,0.0,1.935,0.0,114149.7637,0.0,214.1363,0.0,7
sz159915-simple_60_close_breakout-fee0.001,2015-10-08,114149.7637,0.0,0.0,2.08,0.0,114149.7637,0.0,214.1363,0.0,0
sz159915-simple_60_close_breakout-fee0.001,2015-10-09,114149.7637,0.0,0.0,2.103,0.0,114149.7637,0.0,214.1363,0.0,0
sz159915-simple_60_close_breakout-fee0.001,2015-10-10,114149.7637,0.0,0.0,2.103,0.0,114149.7637,0.0,214.1363,0.0,1
sz159915-simple_60_close_breakout-fee0.001,2015-10-11,114149.7637,0.0,0.0,2.103,0.0,114149.7637,0.0,214.1363,0.0,2
sz159915-simple_60_close_breakout-fee0.001,2015-10-12,114149.7637,0.0,0.0,2.22,0.0,114149.7637,0.0,214.1363,0.0,0
sz159915-simple_60_close_breakout-fee0.001,2015-10-13,114149.7637,0.0,0.0,2.226,0.0,114149.7637,0.0,214.1363,0.0,0
sz159915-simple_60_close_breakout-fee0.001,2015-10-14,114149.7637,0.0,0.0,2.182,0.0,114149.7637,0.0,214.1363,0.0,0
sz159915-simple_60_close_breakout-fee0.001,2015-10-15,114149.7637,0.0,0.0,2.298,0.0,114149.7637,0.0,214.1363,0.0,0
sz159915-simple_60_close_breakout-fee0.001,2015-10-16,114149.7637,0.0,0.0,2.329,0.0,114149.7637,0.0,214.1363,0.0,0
sz159915-simple_60_close_breakout-fee0.001,2015-10-17,114149.7637,0.0,0.0,2.329,0.0,114149.7637,0.0,214.1363,0.0,1
sz159915-simple_60_close_breakout-fee0.001,2015-10-18,114149.7637,0.0,0.0,2.329,0.0,114149.7637,0.0,214.1363,0.0,2
sz159915-simple_60_close_breakout-fee0.001,2015-10-19,114149.7637,0.0,0.0,2.294,0.0,114149.7637,0.0,214.1363,0.0,0
sz159915-simple_60_close_breakout-fee0.001,2015-10-20,114149.7637,0.0,0.0,2.391,0.0,114149.7637,0.0,214.1363,0.0,0
sz159915-simple_60_close_breakout-fee0.001,2015-10-21,114149.7637,0.0,0.0,2.22,0.0,114149.7637,0.0,214.1363,0.0,0
sz159915-simple_60_close_breakout-fee0.001,2015-10-22,114149.7637,0.0,0.0,2.348,0.0,114149.7637,0.0,214.1363,0.0,0
sz159915-simple_60_close_breakout-fee0.001,2015-10-23,114149.7637,0.0,0.0,2.427,0.0,114149.7637,0.0,214.1363,0.0,0
sz159915-simple_60_close_breakout-fee0.001,2015-10-24,114149.7637,0.0,0.0,2.427,0.0,114149.7637,0.0,214.1363,0.0,1
sz159915-simple_60_close_breakout-fee0.001,2015-10-25,114149.7637,0.0,0.0,2.427,0.0,114149.7637,0.0,214.1363,0.0,2
sz159915-simple_60_close_breakout-fee0.001,2015-10-26,114149.7637,0.0,0.0,2.398,0.0,114149.7637,0.0,214.1363,0.0,0
sz159915-simple_60_close_breakout-fee0.001,2015-10-27,114149.7637,0.0,0.0,2.444,0.0,114149.7637,0.0,214.1363,0.0,0
sz159915-simple_60_close_breakout-fee0.001,2015-10-28,114149.7637,0.0,0.0,2.36,0.0,114149.7637,0.0,214.1363,0.0,0
sz159915-simple_60_close_breakout-fee0.001,2015-10-29,114149.7637,0.0,0.0,2.352,0.0,114149.7637,0.0,214.1363,0.0,0
sz159915-simple_60_close_breakout-fee0.001,2015-10-30,114149.7637,0.0,0.0,2.349,0.0,114149.7637,0.0,214.1363,0.0,0
sz159915-simple_60_close_breakout-fee0.001,2015-10-31,114149.7637,0.0,0.0,2.349,0.0,114149.7637,0.0,214.1363,0.0,1
sz159915-simple_60_close_breakout-fee0.001,2015-11-01,114149.7637,0.0,0.0,2.349,0.0,114149.7637,0.0,214.1363,0.0,2
sz159915-simple_60_close_breakout-fee0.001,2015-11-02,114149.7637,0.0,0.0,2.311,0.0,114149.7637,0.0,214.1363,0.0,0
sz159915-simple_60_close_breakout-fee0.001,2015-11-03,114149.7637,0.0,0.0,2.305,0.0,114149.7637,0.0,214.1363,0.0,0
sz159915-simple_60_close_breakout-fee0.001,2015-11-04,114149.7637,0.0,0.0,2.489,0.0,114149.7637,0.0,214.1363,0.0,0
sz159915-simple_60_close_breakout-fee0.001,2015-11-05,114149.7637,0.0,0.0,2.443,0.0,114149.7637,0.0,214.1363,0.0,0
sz159915-simple_60_close_breakout-fee0.001,2015-11-06,114149.7637,0.0,0.0,2.548,0.0,114149.7637,0.0,214.1363,0.0,0
sz159915-simple_60_close_breakout-fee0.001,2015-11-07,114149.7637,0.0,0.0,2.548,0.0,114149.7637,0.0,214.1363,0.0,1
sz159915-simple_60_close_breakout-fee0.001,2015-11-08,114149.7637,0.0,0.0,2.548,0.0,114149.7637,0.0,214.1363,0.0,2
sz159915-simple_60_close_breakout-fee0.001,2015-11-09,114149.7637,0.0,0.0,2.583,0.0,114149.7637,0.0,214.1363,0.0,0
sz159915-simple_60_close_breakout-fee0.001,2015-11-10,114149.7637,0.0,0.0,2.609,0.0,114149.7637,0.0,214.1363,0.0,0
sz159915-simple_60_close_breakout-fee0.001,2015-11-11,114149.7637,0.0,0.0,2.68,0.0,114149.7637,0.0,214.1363,0.0,0
sz159915-simple_60_close_breakout-fee0.001,2015-11-12,123.4513,0.0,42600.0,2.648,112804.8,112928.2513,0.9989068165088996,328.0487,0.0,0
sz159915-simple_60_close_breakout-fee0.001,2015-11-13,123.4513,0.0,42600.0,2.58,109908.0,110031.4513,0.9988780362474415,328.0487,0.0,0
sz159915-simple_60_close_breakout-fee0.001,2015-11-14,123.4513,0.0,42600.0,2.58,109908.0,110031.4513,0.9988780362474415,328.0487,0.0,1
sz159915-simple_60_close_breakout-fee0.001,2015-11-15,123.4513,0.0,42600.0,2.58,109908.0,110031.4513,0.9988780362474415,328.0487,0.0,2
sz159915-simple_60_close_breakout-fee0.001,2015-11-16,123.4513,0.0,42600.0,2.67,113742.0,113865.4513,0.9989158142475126,328.0487,0.0,0
sz159915-simple_60_close_breakout-fee0.001,2015-11-17,123.4513,0.0,42600.0,2.569,109439.4,109562.8513,0.9988732376116977,328.0487,0.0,0
sz159915-simple_60_close_breakout-fee0.001,2015-11-18,123.4513,0.0,42600.0,2.516,107181.6,107305.0513,0.9988495294629247,328.0487,0.0,0
sz159915-simple_60_close_breakout-fee0.001,2015-11-19,123.4513,0.0,42600.0,2.624,111782.4,111905.8513,0.9988968289096068,328.0487,0.0,0
sz159915-simple_60_close_breakout-fee0.001,2015-11-20,123.4513,0.0,42600.0,2.645,112677.0,112800.4513,0.9989055779602187,328.0487,0.0,0
sz159915-simple_60_close_breakout-fee0.001,2015-11-21,123.4513,0.0,42600.0,2.645,112677.0,112800.4513,0.9989055779602187,328.0487,0.0,1
sz159915-simple_60_close_breakout-fee0.001,2015-11-22,123.4513,0.0,42600.0,2.645,112677.0,112800.4513,0.9989055779602187,328.0487,0.0,2
sz159915-simple_60_close_breakout-fee0.001,2015-11-23,123.4513,0.0,42600.0,2.619,111569.4,111692.8513,0.9988947251452251,328.0487,0.0,0
sz159915-simple_60_close_breakout-fee0.001,2015-11-24,123.4513,0.0,42600.0,2.663,113443.8,113567.2513,0.9989129674392322,328.0487,0.0,0
sz159915-simple_60_close_breakout-fee0.001,2015-11-25,123.4513,0.0,42600.0,2.746,116979.6,117103.0513,0.998945789211899,328.0487,0.0,0
sz159915-simple_60_close_breakout-fee0.001,2015-11-26,123.4513,0.0,42600.0,2.674,113912.4,114035.8513,0.998917434310415,328.0487,0.0,0
sz159915-simple_60_close_breakout-fee0.001,2015-11-27,123.4513,0.0,42600.0,2.496,106329.6,106453.0513,0.998840321639517,328.0487,0.0,0
sz159915-simple_60_close_breakout-fee0.001,2015-11-28,123.4513,0.0,42600.0,2.496,106329.6,106453.0513,0.998840321639517,328.0487,0.0,1
sz159915-simple_60_close_breakout-fee0.001,2015-11-29,123.4513,0.0,42600.0,2.496,106329.6,106453.0513,0.998840321639517,328.0487,0.0,2
sz159915-simple_60_close_breakout-fee0.001,2015-11-30,123.4513,0.0,42600.0,2.52,107352.0,107475.4513,0.9988513535090409,328.0487,0.0,0
sz159915-simple_60_close_breakout-fee0.001,2015-12-01,123.4513,0.0,42600.0,2.507,106798.2,106921.6513,0.9988454041019847,328.0487,0.0,0
sz159915-simple_60_close_breakout-fee0.001,2015-12-02,123.4513,0.0,42600.0,2.454,104540.4,104663.8513,0.998820497254146,328.0487,0.0,0
sz159915-simple_60_close_breakout-fee0.001,2015-12-03,123.4513,0.0,42600.0,2.561,109098.6,109222.0513,0.9988697218324446,328.0487,0.0,0
sz159915-simple_60_close_breakout-fee0.001,2015-12-04,123.4513,0.0,42600.0,2.53,107778.0,107901.4513,0.9988558884193618,328.0487,0.0,0
sz159915-simple_60_close_breakout-fee0.001,2015-12-05,123.4513,0.0,42600.0,2.53,107778.0,107901.4513,0.9988558884193618,328.0487,0.0,1
sz159915-simple_60_close_breakout-fee0.001,2015-12-06,123.4513,0.0,42600.0,2.53,107778.0,107901.4513,0.9988558884193618,328.0487,0.0,2
sz159915-simple_60_close_breakout-fee0.001,2015-12-07,123.4513,0.0,42600.0,2.571,109524.6,109648.0513,0.9988741131416715,328.0487,0.0,0
sz159915-simple_60_close_breakout-fee0.001,2015-12-08,123.4513,0.0,42600.0,2.531,107820.6,107944.0513,0.9988563399417268,328.0487,0.0,0
sz159915-simple_60_close_breakout-fee0.001,2015-12-09,123.4513,0.0,42600.0,2.51,106926.0,107049.4513,0.9988467825056475,328.0487,0.0,0
sz159915-simple_60_close_breakout-fee0.001,2015-12-10,123.4513,0.0,42600.0,2.526,107607.6,107731.0513,0.9988540787589993,328.0487,0.0,0
sz159915-simple_60_close_breakout-fee0.001,2015-12-11,123.4513,0.0,42600.0,2.51,106926.0,107049.4513,0.9988467825056475,328.0487,0.0,0
sz159915-simple_60_close_breakout-fee0.001,2015-12-12,123.4513,0.0,42600.0,2.51,106926.0,107049.4513,0.9988467825056475,328.0487,0.0,1
sz159915-simple_60_close_breakout-fee0.001,2015-12-13,123.4513,0.0,42600.0,2.51,106926.0,107049.4513,0.9988467825056475,328.0487,0.0,2
sz159915-simple_60_close_breakout-fee0.001,2015-12-14,123.4513,0.0,42600.0,2.555,108843.0,108966.4513,0.998867070565966,328.0487,0.0,0
sz159915-simple_60_close_breakout-fee0.001,2015-12-15,123.4513,0.0,42600.0,2.577,109780.2,109903.6513,0.9988767315868058,328.0487,0.0,0
sz159915-simple_60_close_breakout-fee0.001,2015-12-16,123.4513,0.0,42600.0,2.593,110461.8,110585.2513,0.9988836549309357,328.0487,0.0,0
sz159915-simple_60_close_breakout-fee0.001,2015-12-17,123.4513,0.0,42600.0,2.674,113912.4,114035.8513,0.998917434310415,328.0487,0.0,0
sz159915-simple_60_close_breakout-fee0.001,2015-12-18,123.4513,0.0,42600.0,2.668,113656.8,113780.2513,0.9989150023963781,328.0487,0.0,0
sz159915-simple_60_close_breakout-fee0.001,2015-12-19,123.4513,0.0,42600.0,2.668,113656.8,113780.2513,0.9989150023963781,328.0487,0.0,1
sz159915-simple_60_close_breakout-fee0.001,2015-12-20,123.4513,0.0,42600.0,2.668,113656.8,113780.2513,0.9989150023963781,328.0487,0.0,2
sz159915-simple_60_close_breakout-fee0.001,2015-12-21,123.4513,0.0,42600.0,2.663,113443.8,113567.2513,0.9989129674392322,328.0487,0.0,0
sz159915-simple_60_close_breakout-fee0.001,2015-12-22,123.4513,0.0,42600.0,2.656,113145.6,113269.0513,0.9989101056415399,328.0487,0.0,0
sz159915-simple_60_close_breakout-fee0.001,2015-12-23,123.4513,0.0,42600.0,2.6,110760.0,110883.4513,0.9988866571291509,328.0487,0.0,0
sz159915-simple_60_close_breakout-fee0.001,2015-12-24,123.4513,0.0,42600.0,2.624,111782.4,111905.8513,0.9988968289096068,328.0487,0.0,0
sz159915-simple_60_close_breakout-fee0.001,2015-12-25,123.4513,0.0,42600.0,2.62,111612.0,111735.4513,0.9988951465397625,328.0487,0.0,0
sz159915-simple_60_close_breakout-fee0.001,2015-12-26,123.4513,0.0,42600.0,2.62,111612.0,111735.4513,0.9988951465397625,328.0487,0.0,1
sz159915-simple_60_close_breakout-fee0.001,2015-12-27,123.4513,0.0,42600.0,2.62,111612.0,111735.4513,0.9988951465397625,328.0487,0.0,2
sz159915-simple_60_close_breakout-fee0.001,2015-12-28,123.4513,0.0,42600.0,2.551,108672.6,108796.0513,0.9988652961341438,328.0487,0.0,0
sz159915-simple_60_close_breakout-fee0.001,2015-12-29,123.4513,0.0,42600.0,2.58,109908.0,110031.4513,0.9988780362474415,328.0487,0.0,0
sz159915-simple_60_close_breakout-fee0.001,2015-12-30,123.4513,0.0,42600.0,2.605,110973.0,111096.4513,0.9988887916890645,328.0487,0.0,0
sz159915-simple_60_close_breakout-fee0.001,2015-12-31,123.4513,0.0,42600.0,2.539,108161.4,108284.8513,0.9988599393311445,328.0487,0.0,0
sz159915-simple_60_close_breakout-fee0.001,2016-01-01,123.4513,0.0,42600.0,2.539,108161.4,108284.8513,0.9988599393311445,328.0487,0.0,1
sz159915-simple_60_close_breakout-fee0.001,2016-01-02,123.4513,0.0,42600.0,2.539,108161.4,108284.8513,0.9988599393311445,328.0487,0.0,2
sz159915-simple_60_close_breakout-fee0.001,2016-01-03,123.4513,0.0,42600.0,2.539,108161.4,108284.8513,0.9988599393311445,328.0487,0.0,3
sz159915-simple_60_close_breakout-fee0.001,2016-01-04,123.4513,0.0,42600.0,2.316,98661.6,98785.0513,0.998750303832661,328.0487,0.0,0
sz159915-simple_60_close_breakout-fee0.001,2016-01-05,123.4513,0.0,42600.0,2.275,96915.0,97038.4513,0.9987278104880473,328.0487,0.0,0
sz159915-simple_60_close_breakout-fee0.001,2016-01-06,123.4513,0.0,42600.0,2.321,98874.6,98998.0513,0.9987529926258255,328.0487,0.0,0
sz159915-simple_60_close_breakout-fee0.001,2016-01-07,123.4513,0.0,42600.0,2.096,89289.6,89413.0513,0.9986193145384806,328.0487,0.0,0
sz159915-simple_60_close_breakout-fee0.001,2016-01-08,92473.0093,0.0,0.0,2.125,0.0,92473.0093,0.0,420.4907,0.0,0
sz159915-simple_60_close_breakout-fee0.001,2016-01-09,92473.0093,0.0,0.0,2.125,0.0,92473.0093,0.0,420.4907,0.0,1
sz159915-simple_60_close_breakout-fee0.001,2016-01-10,92473.0093,0.0,0.0,2.125,0.0,92473.0093,0.0,420.4907,0.0,2
sz159915-simple_60_close_breakout-fee0.001,2016-01-11,92473.0093,0.0,0.0,1.999,0.0,92473.0093,0.0,420.4907,0.0,0
sz159915-simple_60_close_breakout-fee0.001,2016-01-12,92473.0093,0.0,0.0,2.036,0.0,92473.0093,0.0,420.4907,0.0,0
sz159915-simple_60_close_breakout-fee0.001,2016-01-13,92473.0093,0.0,0.0,1.964,0.0,92473.0093,0.0,420.4907,0.0,0
sz159915-simple_60_close_breakout-fee0.001,2016-01-14,92473.0093,0.0,0.0,2.072,0.0,92473.0093,0.0,420.4907,0.0,0
sz159915-simple_60_close_breakout-fee0.001,2016-01-15,92473.0093,0.0,0.0,1.997,0.0,92473.0093,0.0,420.4907,0.0,0
sz159915-simple_60_close_breakout-fee0.001,2016-01-16,92473.0093,0.0,0.0,1.997,0.0,92473.0093,0.0,420.4907,0.0,1
sz159915-simple_60_close_breakout-fee0.001,2016-01-17,92473.0093,0.0,0.0,1.997,0.0,92473.0093,0.0,420.4907,0.0,2
sz159915-simple_60_close_breakout-fee0.001,2016-01-18,92473.0093,0.0,0.0,2.07,0.0,92473.0093,0.0,420.4907,0.0,0
sz159915-simple_60_close_breakout-fee0.001,2016-01-19,92473.0093,0.0,0.0,2.126,0.0,92473.0093,0.0,420.4907,0.0,0
sz159915-simple_60_close_breakout-fee0.001,2016-01-20,92473.0093,0.0,0.0,2.085,0.0,92473.0093,0.0,420.4907,0.0,0
sz159915-simple_60_close_breakout-fee0.001,2016-01-21,92473.0093,0.0,0.0,2.006,0.0,92473.0093,0.0,420.4907,0.0,0
sz159915-simple_60_close_breakout-fee0.001,2016-01-22,92473.0093,0.0,0.0,2.042,0.0,92473.0093,0.0,420.4907,0.0,0
sz159915-simple_60_close_breakout-fee0.001,2016-01-23,92473.0093,0.0,0.0,2.042,0.0,92473.0093,0.0,420.4907,0.0,1
sz159915-simple_60_close_breakout-fee0.001,2016-01-24,92473.0093,0.0,0.0,2.042,0.0,92473.0093,0.0,420.4907,0.0,2
sz159915-simple_60_close_breakout-fee0.001,2016-01-25,92473.0093,0.0,0.0,2.04,0.0,92473.0093,0.0,420.4907,0.0,0
sz159915-simple_60_close_breakout-fee0.001,2016-01-26,92473.0093,0.0,0.0,1.888,0.0,92473.0093,0.0,420.4907,0.0,0
sz159915-simple_60_close_breakout-fee0.001,2016-01-27,92473.0093,0.0,0.0,1.887,0.0,92473.0093,0.0,420.4907,0.0,0
sz159915-simple_60_close_breakout-fee0.001,2016-01-28,92473.0093,0.0,0.0,1.808,0.0,92473.0093,0.0,420.4907,0.0,0
sz159915-simple_60_close_breakout-fee0.001,2016-01-29,92473.0093,0.0,0.0,1.879,0.0,92473.0093,0.0,420.4907,0.0,0
sz159915-simple_60_close_breakout-fee0.001,2016-01-30,92473.0093,0.0,0.0,1.879,0.0,92473.0093,0.0,420.4907,0.0,1
sz159915-simple_60_close_breakout-fee0.001,2016-01-31,92473.0093,0.0,0.0,1.879,0.0,92473.0093,0.0,420.4907,0.0,2
sz159915-simple_60_close_breakout-fee0.001,2016-02-01,92473.0093,0.0,0.0,1.895,0.0,92473.0093,0.0,420.4907,0.0,0
sz159915-simple_60_close_breakout-fee0.001,2016-02-02,92473.0093,0.0,0.0,1.972,0.0,92473.0093,0.0,420.4907,0.0,0
sz159915-simple_60_close_breakout-fee0.001,2016-02-03,92473.0093,0.0,0.0,1.988,0.0,92473.0093,0.0,420.4907,0.0,0
sz159915-simple_60_close_breakout-fee0.001,2016-02-04,92473.0093,0.0,0.0,2.024,0.0,92473.0093,0.0,420.4907,0.0,0
sz159915-simple_60_close_breakout-fee0.001,2016-02-05,92473.0093,0.0,0.0,1.999,0.0,92473.0093,0.0,420.4907,0.0,0
sz159915-simple_60_close_breakout-fee0.001,2016-02-06,92473.0093,0.0,0.0,1.999,0.0,92473.0093,0.0,420.4907,0.0,1
sz159915-simple_60_close_breakout-fee0.001,2016-02-07,92473.0093,0.0,0.0,1.999,0.0,92473.0093,0.0,420.4907,0.0,2
sz159915-simple_60_close_breakout-fee0.001,2016-02-08,92473.0093,0.0,0.0,1.999,0.0,92473.0093,0.0,420.4907,0.0,3
sz159915-simple_60_close_breakout-fee0.001,2016-02-09,92473.0093,0.0,0.0,1.999,0.0,92473.0093,0.0,420.4907,0.0,4
sz159915-simple_60_close_breakout-fee0.001,2016-02-10,92473.0093,0.0,0.0,1.999,0.0,92473.0093,0.0,420.4907,0.0,5
sz159915-simple_60_close_breakout-fee0.001,2016-02-11,92473.0093,0.0,0.0,1.999,0.0,92473.0093,0.0,420.4907,0.0,6
sz159915-simple_60_close_breakout-fee0.001,2016-02-12,92473.0093,0.0,0.0,1.999,0.0,92473.0093,0.0,420.4907,0.0,7
sz159915-simple_60_close_breakout-fee0.001,2016-02-13,92473.0093,0.0,0.0,1.999,0.0,92473.0093,0.0,420.4907,0.0,8
sz159915-simple_60_close_breakout-fee0.001,2016-02-14,92473.0093,0.0,0.0,1.999,0.0,92473.0093,0.0,420.4907,0.0,9
sz159915-simple_60_close_breakout-fee0.001,2016-02-15,92473.0093,0.0,0.0,2.017,0.0,92473.0093,0.0,420.4907,0.0,0
sz159915-simple_60_close_breakout-fee0.001,2016-02-16,92473.0093,0.0,0.0,2.099,0.0,92473.0093,0.0,420.4907,0.0,0
sz159915-simple_60_close_breakout-fee0.001,2016-02-17,92473.0093,0.0,0.0,2.109,0.0,92473.0093,0.0,420.4907,0.0,0
sz159915-simple_60_close_breakout-fee0.001,2016-02-18,92473.0093,0.0,0.0,2.09,0.0,92473.0093,0.0,420.4907,0.0,0
sz159915-simple_60_close_breakout-fee0.001,2016-02-19,92473.0093,0.0,0.0,2.106,0.0,92473.0093,0.0,420.4907,0.0,0
sz159915-simple_60_close_breakout-fee0.001,2016-02-20,92473.0093,0.0,0.0,2.106,0.0,92473.0093,0.0,420.4907,0.0,1
sz159915-simple_60_close_breakout-fee0.001,2016-02-21,92473.0093,0.0,0.0,2.106,0.0,92473.0093,0.0,420.4907,0.0,2
sz159915-simple_60_close_breakout-fee0.001,2016-02-22,92473.0093,0.0,0.0,2.142,0.0,92473.0093,0.0,420.4907,0.0,0
sz159915-simple_60_close_breakout-fee0.001,2016-02-23,92473.0093,0.0,0.0,2.117,0.0,92473.0093,0.0,420.4907,0.0,0
sz159915-simple_60_close_breakout-fee0.001,2016-02-24,92473.0093,0.0,0.0,2.097,0.0,92473.0093,0.0,420.4907,0.0,0
sz159915-simple_60_close_breakout-fee0.001,2016-02-25,92473.0093,0.0,0.0,1.896,0.0,92473.0093,0.0,420.4907,0.0,0
sz159915-simple_60_close_breakout-fee0.001,2016-02-26,92473.0093,0.0,0.0,1.902,0.0,92473.0093,0.0,420.4907,0.0,0
sz159915-simple_60_close_breakout-fee0.001,2016-02-27,92473.0093,0.0,0.0,1.902,0.0,92473.0093,0.0,420.4907,0.0,1
sz159915-simple_60_close_breakout-fee0.001,2016-02-28,92473.0093,0.0,0.0,1.902,0.0,92473.0093,0.0,420.4907,0.0,2
sz159915-simple_60_close_breakout-fee0.001,2016-02-29,92473.0093,0.0,0.0,1.77,0.0,92473.0093,0.0,420.4907,0.0,0
sz159915-simple_60_close_breakout-fee0.001,2016-03-01,92473.0093,0.0,0.0,1.824,0.0,92473.0093,0.0,420.4907,0.0,0
sz159915-simple_60_close_breakout-fee0.001,2016-03-02,92473.0093,0.0,0.0,1.912,0.0,92473.0093,0.0,420.4907,0.0,0
sz159915-simple_60_close_breakout-fee0.001,2016-03-03,92473.0093,0.0,0.0,1.902,0.0,92473.0093,0.0,420.4907,0.0,0
sz159915-simple_60_close_breakout-fee0.001,2016-03-04,92473.0093,0.0,0.0,1.81,0.0,92473.0093,0.0,420.4907,0.0,0
sz159915-simple_60_close_breakout-fee0.001,2016-03-05,92473.0093,0.0,0.0,1.81,0.0,92473.0093,0.0,420.4907,0.0,1
sz159915-simple_60_close_breakout-fee0.001,2016-03-06,92473.0093,0.0,0.0,1.81,0.0,92473.0093,0.0,420.4907,0.0,2
sz159915-simple_60_close_breakout-fee0.001,2016-03-07,92473.0093,0.0,0.0,1.853,0.0,92473.0093,0.0,420.4907,0.0,0
sz159915-simple_60_close_breakout-fee0.001,2016-03-08,92473.0093,0.0,0.0,1.888,0.0,92473.0093,0.0,420.4907,0.0,0
sz159915-simple_60_close_breakout-fee0.001,2016-03-09,92473.0093,0.0,0.0,1.848,0.0,92473.0093,0.0,420.4907,0.0,0
sz159915-simple_60_close_breakout-fee0.001,2016-03-10,92473.0093,0.0,0.0,1.835,0.0,92473.0093,0.0,420.4907,0.0,0
sz159915-simple_60_close_breakout-fee0.001,2016-03-11,92473.0093,0.0,0.0,1.834,0.0,92473.0093,0.0,420.4907,0.0,0
sz159915-simple_60_close_breakout-fee0.001,2016-03-12,92473.0093,0.0,0.0,1.834,0.0,92473.0093,0.0,420.4907,0.0,1
sz159915-simple_60_close_breakout-fee0.001,2016-03-13,92473.0093,0.0,0.0,1.834,0.0,92473.0093,0.0,420.4907,0.0,2
sz159915-simple_60_close_breakout-fee0.001,2016-03-14,92473.0093,0.0,0.0,1.925,0.0,92473.0093,0.0,420.4907,0.0,0
sz159915-simple_60_close_breakout-fee0.001,2016-03-15,92473.0093,0.0,0.0,1.891,0.0,92473.0093,0.0,420.4907,0.0,0
sz159915-simple_60_close_breakout-fee0.001,2016-03-16,92473.0093,0.0,0.0,1.878,0.0,92473.0093,0.0,420.4907,0.0,0
sz159915-simple_60_close_breakout-fee0.001,2016-03-17,92473.0093,0.0,0.0,1.991,0.0,92473.0093,0.0,420.4907,0.0,0
sz159915-simple_60_close_breakout-fee0.001,2016-03-18,92473.0093,0.0,0.0,2.076,0.0,92473.0093,0.0,420.4907,0.0,0
sz159915-simple_60_close_breakout-fee0.001,2016-03-19,92473.0093,0.0,0.0,2.076,0.0,92473.0093,0.0,420.4907,0.0,1
sz159915-simple_60_close_breakout-fee0.001,2016-03-20,92473.0093,0.0,0.0,2.076,0.0,92473.0093,0.0,420.4907,0.0,2
sz159915-simple_60_close_breakout-fee0.001,2016-03-21,92473.0093,0.0,0.0,2.116,0.0,92473.0093,0.0,420.4907,0.0,0
sz159915-simple_60_close_breakout-fee0.001,2016-03-22,92473.0093,0.0,0.0,2.099,0.0,92473.0093,0.0,420.4907,0.0,0
sz159915-simple_60_close_breakout-fee0.001,2016-03-23,92473.0093,0.0,0.0,2.148,0.0,92473.0093,0.0,420.4907,0.0,0
sz159915-simple_60_close_breakout-fee0.001,2016-03-24,92473.0093,0.0,0.0,2.1,0.0,92473.0093,0.0,420.4907,0.0,0
sz159915-simple_60_close_breakout-fee0.001,2016-03-25,92473.0093,0.0,0.0,2.099,0.0,92473.0093,0.0,420.4907,0.0,0
sz159915-simple_60_close_breakout-fee0.001,2016-03-26,92473.0093,0.0,0.0,2.099,0.0,92473.0093,0.0,420.4907,0.0,1
sz159915-simple_60_close_breakout-fee0.001,2016-03-27,92473.0093,0.0,0.0,2.099,0.0,92473.0093,0.0,420.4907,0.0,2
sz159915-simple_60_close_breakout-fee0.001,2016-03-28,92473.0093,0.0,0.0,2.073,0.0,92473.0093,0.0,420.4907,0.0,0
sz159915-simple_60_close_breakout-fee0.001,2016-03-29,92473.0093,0.0,0.0,2.039,0.0,92473.0093,0.0,420.4907,0.0,0
sz159915-simple_60_close_breakout-fee0.001,2016-03-30,92473.0093,0.0,0.0,2.134,0.0,92473.0093,0.0,420.4907,0.0,0
sz159915-simple_60_close_breakout-fee0.001,2016-03-31,92473.0093,0.0,0.0,2.119,0.0,92473.0093,0.0,420.4907,0.0,0
sz159915-simple_60_close_breakout-fee0.001,2016-04-01,92473.0093,0.0,0.0,2.097,0.0,92473.0093,0.0,420.4907,0.0,0
sz159915-simple_60_close_breakout-fee0.001,2016-04-02,92473.0093,0.0,0.0,2.097,0.0,92473.0093,0.0,420.4907,0.0,1
sz159915-simple_60_close_breakout-fee0.001,2016-04-03,92473.0093,0.0,0.0,2.097,0.0,92473.0093,0.0,420.4907,0.0,2
sz159915-simple_60_close_breakout-fee0.001,2016-04-04,92473.0093,0.0,0.0,2.097,0.0,92473.0093,0.0,420.4907,0.0,3
sz159915-simple_60_close_breakout-fee0.001,2016-04-05,92473.0093,0.0,0.0,2.168,0.0,92473.0093,0.0,420.4907,0.0,0
sz159915-simple_60_close_breakout-fee0.001,2016-04-06,92473.0093,0.0,0.0,2.181,0.0,92473.0093,0.0,420.4907,0.0,0
sz159915-simple_60_close_breakout-fee0.001,2016-04-07,92473.0093,0.0,0.0,2.145,0.0,92473.0093,0.0,420.4907,0.0,0
sz159915-simple_60_close_breakout-fee0.001,2016-04-08,92473.0093,0.0,0.0,2.125,0.0,92473.0093,0.0,420.4907,0.0,0
sz159915-simple_60_close_breakout-fee0.001,2016-04-09,92473.0093,0.0,0.0,2.125,0.0,92473.0093,0.0,420.4907,0.0,1
sz159915-simple_60_close_breakout-fee0.001,2016-04-10,92473.0093,0.0,0.0,2.125,0.0,92473.0093,0.0,420.4907,0.0,2
sz159915-simple_60_close_breakout-fee0.001,2016-04-11,92473.0093,0.0,0.0,2.17,0.0,92473.0093,0.0,420.4907,0.0,0
sz159915-simple_60_close_breakout-fee0.001,2016-04-12,92473.0093,0.0,0.0,2.162,0.0,92473.0093,0.0,420.4907,0.0,0
sz159915-simple_60_close_breakout-fee0.001,2016-04-13,92473.0093,0.0,0.0,2.177,0.0,92473.0093,0.0,420.4907,0.0,0
sz159915-simple_60_close_breakout-fee0.001,2016-04-14,92473.0093,0.0,0.0,2.212,0.0,92473.0093,0.0,420.4907,0.0,0
sz159915-simple_60_close_breakout-fee0.001,2016-04-15,56.8855,0.0,41700.0,2.195,91531.5,91588.3855,0.9993789005048025,512.8145,0.0,0
sz159915-simple_60_close_breakout-fee0.001,2016-04-16,56.8855,0.0,41700.0,2.195,91531.5,91588.3855,0.9993789005048025,512.8145,0.0,1
sz159915-simple_60_close_breakout-fee0.001,2016-04-17,56.8855,0.0,41700.0,2.195,91531.5,91588.3855,0.9993789005048025,512.8145,0.0,2
sz159915-simple_60_close_breakout-fee0.001,2016-04-18,56.8855,0.0,41700.0,2.16,90072.0,90128.8855,0.9993688427446493,512.8145,0.0,0
sz159915-simple_60_close_breakout-fee0.001,2016-04-19,56.8855,0.0,41700.0,2.161,90113.7,90170.5855,0.9993691346276109,512.8145,0.0,0
sz159915-simple_60_close_breakout-fee0.001,2016-04-20,56.8855,0.0,41700.0,2.03,84651.0,84707.8855,0.9993284509504136,512.8145,0.0,0
sz159915-simple_60_close_breakout-fee0.001,2016-04-21,56.8855,0.0,41700.0,2.003,83525.1,83581.9855,0.9993194047777197,512.8145,0.0,0
sz159915-simple_60_close_breakout-fee0.001,2016-04-22,56.8855,0.0,41700.0,2.038,84984.6,85041.4855,0.9993310852971871,512.8145,0.0,0
sz159915-simple_60_close_breakout-fee0.001,2016-04-23,56.8855,0.0,41700.0,2.038,84984.6,85041.4855,0.9993310852971871,512.8145,0.0,1
sz159915-simple_60_close_breakout-fee0.001,2016-04-24,56.8855,0.0,41700.0,2.038,84984.6,85041.4855,0.9993310852971871,512.8145,0.0,2
sz159915-simple_60_close_breakout-fee0.001,2016-04-25,56.8855,0.0,41700.0,2.023,84359.1,84415.9855,0.999326128817154,512.8145,0.0,0
sz159915-simple_60_close_breakout-fee0.001,2016-04-26,56.8855,0.0,41700.0,2.054,85651.8,85708.6855,0.9993362924694488,512.8145,0.0,0
sz159915-simple_60_close_breakout-fee0.001,2016-04-27,56.8855,0.0,41700.0,2.041,85109.7,85166.5855,0.9993320678565891,512.8145,0.0,0
sz159915-simple_60_close_breakout-fee0.001,2016-04-28,56.8855,0.0,41700.0,2.048,85401.6,85458.4855,0.999334349308121,512.8145,0.0,0
sz159915-simple_60_close_breakout-fee0.001,2016-04-29,56.8855,0.0,41700.0,2.033,84776.1,84832.9855,0.9993294412584359,512.8145,0.0,0
sz159915-simple_60_close_breakout-fee0.001,2016-04-30,56.8855,0.0,41700.0,2.033,84776.1,84832.9855,0.9993294412584359,512.8145,0.0,1
sz159915-simple_60_close_breakout-fee0.001,2016-05-01,56.8855,0.0,41700.0,2.033,84776.1,84832.9855,0.9993294412584359,512.8145,0.0,2
sz159915-simple_60_close_breakout-fee0.001,2016-05-02,56.8855,0.0,41700.0,2.033,84776.1,84832.9855,0.9993294412584359,512.8145,0.0,3
sz159915-simple_60_close_breakout-fee0.001,2016-05-03,56.8855,0.0,41700.0,2.112,88070.4,88127.2855,0.9993545075208291,512.8145,0.0,0
sz159915-simple_60_close_breakout-fee0.001,2016-05-04,56.8855,0.0,41700.0,2.102,87653.4,87710.2855,0.999351438663371,512.8145,0.0,0
sz159915-simple_60_close_breakout-fee0.001,2016-05-05,56.8855,0.0,41700.0,2.116,88237.2,88294.0855,0.999355726947305,512.8145,0.0,0
sz159915-simple_60_close_breakout-fee0.001,2016-05-06,56.8855,0.0,41700.0,2.018,84150.6,84207.4855,0.9993244602939724,512.8145,0.0,0
sz159915-simple_60_close_breakout-fee0.001,2016-05-07,56.8855,0.0,41700.0,2.018,84150.6,84207.4855,0.9993244602939724,512.8145,0.0,1
sz159915-simple_60_close_breakout-fee0.001,2016-05-08,56.8855,0.0,41700.0,2.018,84150.6,84207.4855,0.9993244602939724,512.8145,0.0,2
sz159915-simple_60_close_breakout-fee0.001,2016-05-09,56.8855,0.0,41700.0,1.955,81523.5,81580.3855,0.9993027061633584,512.8145,0.0,0
sz159915-simple_60_close_breakout-fee0.001,2016-05-10,56.8855,0.0,41700.0,1.95,81315.0,81371.8855,0.9993009194803529,512.8145,0.0,0
sz159915-simple_60_close_breakout-fee0.001,2016-05-11,56.8855,0.0,41700.0,1.93,80481.0,80537.8855,0.9992936802394694,512.8145,0.0,0
sz159915-simple_60_close_breakout-fee0.001,2016-05-12,56.8855,0.0,41700.0,1.932,80564.4,80621.2855,0.9992944109034332,512.8145,0.0,0
sz159915-simple_60_close_breakout-fee0.001,2016-05-13,56.8855,0.0,41700.0,1.92,80064.0,80120.8855,0.9992900041026131,512.8145,0.0,0
sz159915-simple_60_close_breakout-fee0.001,2016-05-14,56.8855,0.0,41700.0,1.92,80064.0,80120.8855,0.9992900041026131,512.8145,0.0,1
sz159915-simple_60_close_breakout-fee0.001,2016-05-15,56.8855,0.0,41700.0,1.92,80064.0,80120.8855,0.9992900041026131,512.8145,0.0,2
sz159915-simple_60_close_breakout-fee0.001,2016-05-16,56.8855,0.0,41700.0,1.953,81440.1,81496.9855,0.9993019925871982,512.8145,0.0,0
sz159915-simple_60_close_breakout-fee0.001,2016-05-17,56.8855,0.0,41700.0,1.977,82440.9,82497.7855,0.9993104602789611,512.8145,0.0,0
sz159915-simple_60_close_breakout-fee0.001,2016-05-18,56.8855,0.0,41700.0,1.921,80105.7,80162.5855,0.9992903734373687,512.8145,0.0,0
sz159915-simple_60_close_breakout-fee0.001,2016-05-19,56.8855,0.0,41700.0,1.938,80814.6,80871.4855,0.9992965938532191,512.8145,0.0,0
sz159915-simple_60_close_breakout-fee0.001,2016-05-20,56.8855,0.0,41700.0,1.961,81773.7,81830.5855,0.9993048381646982,512.8145,0.0,0
sz159915-simple_60_close_breakout-fee0.001,2016-05-21,56.8855,0.0,41700.0,1.961,81773.7,81830.5855,0.9993048381646982,512.8145,0.0,1
sz159915-simple_60_close_breakout-fee0.001,2016-05-22,56.8855,0.0,41700.0,1.961,81773.7,81830.5855,0.9993048381646982,512.8145,0.0,2
sz159915-simple_60_close_breakout-fee0.001,2016-05-23,56.8855,0.0,41700.0,1.992,83066.4,83123.2855,0.9993156490427704,512.8145,0.0,0
sz159915-simple_60_close_breakout-fee0.001,2016-05-24,56.8855,0.0,41700.0,1.975,82357.5,82414.3855,0.99930976249286,512.8145,0.0,0
sz159915-simple_60_close_breakout-fee0.001,2016-05-25,56.8855,0.0,41700.0,1.965,81940.5,81997.3855,0.9993062522706898,512.8145,0.0,0
sz159915-simple_60_close_breakout-fee0.001,2016-05-26,56.8855,0.0,41700.0,1.985,82774.5,82831.3855,0.9993132373718414,512.8145,0.0,0
sz159915-simple_60_close_breakout-fee0.001,2016-05-27,56.8855,0.0,41700.0,1.968,82065.6,82122.4855,0.9993073090804101,512.8145,0.0,0
sz159915-simple_60_close_breakout-fee0.001,2016-05-28,56.8855,0.0,41700.0,1.968,82065.6,82122.4855,0.9993073090804101,512.8145,0.0,1
sz159915-simple_60_close_breakout-fee0.001,2016-05-29,56.8855,0.0,41700.0,1.968,82065.6,82122.4855,0.9993073090804101,512.8145,0.0,2
sz159915-simple_60_close_breakout-fee0.001,2016-05-30,56.8855,0.0,41700.0,1.959,81690.3,81747.1855,0.9993041289476565,512.8145,0.0,0
sz159915-simple_60_close_breakout-fee0.001,2016-05-31,56.8855,0.0,41700.0,2.069,86277.3,86334.1855,0.9993411010983593,512.8145,0.0,0
sz159915-simple_60_close_breakout-fee0.001,2016-06-01,56.8855,0.0,41700.0,2.067,86193.9,86250.7855,0.9993404639775716,512.8145,0.0,0
sz159915-simple_60_close_breakout-fee0.001,2016-06-02,56.8855,0.0,41700.0,2.088,87069.6,87126.4855,0.9993470929112594,512.8145,0.0,0
sz159915-simple_60_close_breakout-fee0.001,2016-06-03,56.8855,0.0,41700.0,2.109,87945.3,88002.1855,0.9993535899173777,512.8145,0.0,0
sz159915-simple_60_close_breakout-fee0.001,2016-06-04,56.8855,0.0,41700.0,2.109,87945.3,88002.1855,0.9993535899173777,512.8145,0.0,1
sz159915-simple_60_close_breakout-fee0.001,2016-06-05,56.8855,0.0,41700.0,2.109,87945.3,88002.1855,0.9993535899173777,512.8145,0.0,2
sz159915-simple_60_close_breakout-fee0.001,2016-06-06,56.8855,0.0,41700.0,2.102,87653.4,87710.2855,0.999351438663371,512.8145,0.0,0
sz159915-simple_60_close_breakout-fee0.001,2016-06-07,56.8855,0.0,41700.0,2.098,87486.6,87543.4855,0.9993502029342891,512.8145,0.0,0
sz159915-simple_60_close_breakout-fee0.001,2016-06-08,56.8855,0.0,41700.0,2.092,87236.4,87293.2855,0.9993483404860504,512.8145,0.0,0
sz159915-simple_60_close_breakout-fee0.001,2016-06-09,56.8855,0.0,41700.0,2.092,87236.4,87293.2855,0.9993483404860504,512.8145,0.0,1
sz159915-simple_60_close_breakout-fee0.001,2016-06-10,56.8855,0.0,41700.0,2.092,87236.4,87293.2855,0.9993483404860504,512.8145,0.0,2
sz159915-simple_60_close_breakout-fee0.001,2016-06-11,56.8855,0.0,41700.0,2.092,87236.4,87293.2855,0.9993483404860504,512.8145,0.0,3
sz159915-simple_60_close_breakout-fee0.001,2016-06-12,56.8855,0.0,41700.0,2.092,87236.4,87293.2855,0.9993483404860504,512.8145,0.0,4
sz159915-simple_60_close_breakout-fee0.001,2016-06-13,56.8855,0.0,41700.0,1.967,82023.9,82080.7855,0.999306957168435,512.8145,0.0,0
sz159915-simple_60_close_breakout-fee0.001,2016-06-14,56.8855,0.0,41700.0,1.967,82023.9,82080.7855,0.999306957168435,512.8145,0.0,0
sz159915-simple_60_close_breakout-fee0.001,2016-06-15,56.8855,0.0,41700.0,2.04,85068.0,85124.8855,0.9993317406576717,512.8145,0.0,0
sz159915-simple_60_close_breakout-fee0.001,2016-06-16,56.8855,0.0,41700.0,2.009,83775.3,83832.1855,0.9993214360372366,512.8145,0.0,0
sz159915-simple_60_close_breakout-fee0.001,2016-06-17,56.8855,0.0,41700.0,2.034,84817.8,84874.6855,0.9993297707123757,512.8145,0.0,0
sz159915-simple_60_close_breakout-fee0.001,2016-06-18,56.8855,0.0,41700.0,2.034,84817.8,84874.6855,0.9993297707123757,512.8145,0.0,1
sz159915-simple_60_close_breakout-fee0.001,2016-06-19,56.8855,0.0,41700.0,2.034,84817.8,84874.6855,0.9993297707123757,512.8145,0.0,2
sz159915-simple_60_close_breakout-fee0.001,2016-06-20,56.8855,0.0,41700.0,2.03,84651.0,84707.8855,0.9993284509504136,512.8145,0.0,0
sz159915-simple_60_close_breakout-fee0.001,2016-06-21,56.8855,0.0,41700.0,2.007,83691.9,83748.7855,0.9993207602992643,512.8145,0.0,0
sz159915-simple_60_close_breakout-fee0.001,2016-06-22,56.8855,0.0,41700.0,2.055,85693.5,85750.3855,0.9993366152272284,512.8145,0.0,0
sz159915-simple_60_close_breakout-fee0.001,2016-06-23,56.8855,0.0,41700.0,2.051,85526.7,85583.5855,0.9993353223089725,512.8145,0.0,0
sz159915-simple_60_close_breakout-fee0.001,2016-06-24,56.8855,0.0,41700.0,2.043,85193.1,85249.9855,0.9993327212941285,512.8145,0.0,0
sz159915-simple_60_close_breakout-fee0.001,2016-06-25,56.8855,0.0,41700.0,2.043,85193.1,85249.9855,0.9993327212941285,512.8145,0.0,1
sz159915-simple_60_close_breakout-fee0.001,2016-06-26,56.8855,0.0,41700.0,2.043,85193.1,85249.9855,0.9993327212941285,512.8145,0.0,2
sz159915-simple_60_close_breakout-fee0.001,2016-06-27,56.8855,0.0,41700.0,2.109,87945.3,88002.1855,0.9993535899173777,512.8145,0.0,0
sz159915-simple_60_close_breakout-fee0.001,2016-06-28,56.8855,0.0,41700.0,2.128,88737.6,88794.4855,0.9993593577384938,512.8145,0.0,0
sz159915-simple_60_close_breakout-fee0.001,2016-06-29,56.8855,0.0,41700.0,2.121,88445.7,88502.5855,0.9993572447665949,512.8145,0.0,0
sz159915-simple_60_close_breakout-fee0.001,2016-06-30,56.8855,0.0,41700.0,2.132,88904.4,88961.2855,0.9993605589253766,512.8145,0.0,0
sz159915-simple_60_close_breakout-fee0.001,2016-07-01,56.8855,0.0,41700.0,2.116,88237.2,88294.0855,0.999355726947305,512.8145,0.0,0
sz159915-simple_60_close_breakout-fee0.001,2016-07-02,56.8855,0.0,41700.0,2.116,88237.2,88294.0855,0.999355726947305,512.8145,0.0,1
sz159915-simple_60_close_breakout-fee0.001,2016-07-03,56.8855,0.0,41700.0,2.116,88237.2,88294.0855,0.999355726947305,512.8145,0.0,2
sz159915-simple_60_close_breakout-fee0.001,2016-07-04,56.8855,0.0,41700.0,2.153,89780.1,89836.9855,0.9993667919767856,512.8145,0.0,0
sz159915-simple_60_close_breakout-fee0.001,2016-07-05,56.8855,0.0,41700.0,2.148,89571.6,89628.4855,0.9993653189643599,512.8145,0.0,0
sz159915-simple_60_close_breakout-fee0.001,2016-07-06,56.8855,0.0,41700.0,2.148,89571.6,89628.4855,0.9993653189643599,512.8145,0.0,0
sz159915-simple_60_close_breakout-fee0.001,2016-07-07,56.8855,0.0,41700.0,2.141,89279.7,89336.5855,0.9993632451958889,512.8145,0.0,0
sz159915-simple_60_close_breakout-fee0.001,2016-07-08,56.8855,0.0,41700.0,2.145,89446.5,89503.3855,0.9993644318627478,512.8145,0.0,0
sz159915-simple_60_close_breakout-fee0.001,2016-07-09,56.8855,0.0,41700.0,2.145,89446.5,89503.3855,0.9993644318627478,512.8145,0.0,1
sz159915-simple_60_close_breakout-fee0.001,2016-07-10,56.8855,0.0,41700.0,2.145,89446.5,89503.3855,0.9993644318627478,512.8145,0.0,2
sz159915-simple_60_close_breakout-fee0.001,2016-07-11,56.8855,0.0,41700.0,2.125,88612.5,88669.3855,0.9993584538825974,512.8145,0.0,0
sz159915-simple_60_close_breakout-fee0.001,2016-07-12,56.8855,0.0,41700.0,2.155,89863.5,89920.3855,0.9993673792690757,512.8145,0.0,0
sz159915-simple_60_close_breakout-fee0.001,2016-07-13,56.8855,0.0,41700.0,2.188,91239.6,91296.4855,0.9993769146787146,512.8145,0.0,0
sz159915-simple_60_close_breakout-fee0.001,2016-07-14,56.8855,0.0,41700.0,2.19,91323.0,91379.8855,0.999377483352176,512.8145,0.0,0
sz159915-simple_60_close_breakout-fee0.001,2016-07-15,56.8855,0.0,41700.0,2.164,90238.8,90295.6855,0.9993700086589409,512.8145,0.0,0
sz159915-simple_60_close_breakout-fee0.001,2016-07-16,56.8855,0.0,41700.0,2.164,90238.8,90295.6855,0.9993700086589409,512.8145,0.0,1
sz159915-simple_60_close_breakout-fee0.001,2016-07-17,56.8855,0.0,41700.0,2.164,90238.8,90295.6855,0.9993700086589409,512.8145,0.0,2
sz159915-simple_60_close_breakout-fee0.001,2016-07-18,56.8855,0.0,41700.0,2.148,89571.6,89628.4855,0.9993653189643599,512.8145,0.0,0
sz159915-simple_60_close_breakout-fee0.001,2016-07-19,56.8855,0.0,41700.0,2.173,90614.1,90670.9855,0.9993726162819748,512.8145,0.0,0
sz159915-simple_60_close_breakout-fee0.001,2016-07-20,56.8855,0.0,41700.0,2.165,90280.5,90337.3855,0.999370299464777,512.8145,0.0,0
sz159915-simple_60_close_breakout-fee0.001,2016-07-21,56.8855,0.0,41700.0,2.167,90363.9,90420.7855,0.9993708802717711,512.8145,0.0,0
sz159915-simple_60_close_breakout-fee0.001,2016-07-22,56.8855,0.0,41700.0,2.154,89821.8,89878.6855,0.9993670857591703,512.8145,0.0,0
sz159915-simple_60_close_breakout-fee0.001,2016-07-23,56.8855,0.0,41700.0,2.154,89821.8,89878.6855,0.9993670857591703,512.8145,0.0,1
sz159915-simple_60_close_breakout-fee0.001,2016-07-24,56.8855,0.0,41700.0,2.154,89821.8,89878.6855,0.9993670857591703,512.8145,0.0,2
sz159915-simple_60_close_breakout-fee0.001,2016-07-25,56.8855,0.0,41700.0,2.146,89488.2,89545.0855,0.999364727838693,512.8145,0.0,0
sz159915-simple_60_close_breakout-fee0.001,2016-07-26,56.8855,0.0,41700.0,2.182,90989.4,91046.2855,0.9993752024073513,512.8145,0.0,0
sz159915-simple_60_close_breakout-fee0.001,2016-07-27,56.8855,0.0,41700.0,2.061,85943.7,86000.5855,0.999338545200951,512.8145,0.0,0
sz159915-simple_60_close_breakout-fee0.001,2016-07-28,56.8855,0.0,41700.0,2.044,85234.8,85291.6855,0.9993330475336896,512.8145,0.0,0
sz159915-simple_60_close_breakout-fee0.001,2016-07-29,56.8855,0.0,41700.0,2.031,84692.7,84749.5855,0.9993287813779337,512.8145,0.0,0
sz159915-simple_60_close_breakout-fee0.001,2016-07-30,56.8855,0.0,41700.0,2.031,84692.7,84749.5855,0.9993287813779337,512.8145,0.0,1
sz159915-simple_60_close_breakout-fee0.001,2016-07-31,56.8855,0.0,41700.0,2.031,84692.7,84749.5855,0.9993287813779337,512.8145,0.0,2
sz159915-simple_60_close_breakout-fee0.001,2016-08-01,56.8855,0.0,41700.0,2.013,83942.1,83998.9855,0.9993227834876649,512.8145,0.0,0
sz159915-simple_60_close_breakout-fee0.001,2016-08-02,56.8855,0.0,41700.0,2.025,84442.5,84499.3855,0.999326793920886,512.8145,0.0,0
sz159915-simple_60_close_breakout-fee0.001,2016-08-03,56.8855,0.0,41700.0,2.017,84108.9,84165.7855,0.9993241255973307,512.8145,0.0,0
sz159915-simple_60_close_breakout-fee0.001,2016-08-04,56.8855,0.0,41700.0,2.04,85068.0,85124.8855,0.9993317406576717,512.8145,0.0,0
sz159915-simple_60_close_breakout-fee0.001,2016-08-05,56.8855,0.0,41700.0,2.022,84317.4,84374.2855,0.9993257957722202,512.8145,0.0,0
sz159915-simple_60_close_breakout-fee0.001,2016-08-06,56.8855,0.0,41700.0,2.022,84317.4,84374.2855,0.9993257957722202,512.8145,0.0,1
sz159915-simple_60_close_breakout-fee0.001,2016-08-07,56.8855,0.0,41700.0,2.022,84317.4,84374.2855,0.9993257957722202,512.8145,0.0,2
sz159915-simple_60_close_breakout-fee0.001,2016-08-08,56.8855,0.0,41700.0,2.041,85109.7,85166.5855,0.9993320678565891,512.8145,0.0,0
sz159915-simple_60_close_breakout-fee0.001,2016-08-09,56.8855,0.0,41700.0,2.061,85943.7,86000.5855,0.999338545200951,512.8145,0.0,0
sz159915-simple_60_close_breakout-fee0.001,2016-08-10,56.8855,0.0,41700.0,2.043,85193.1,85249.9855,0.9993327212941285,512.8145,0.0,0
sz159915-simple_60_close_breakout-fee0.001,2016-08-11,56.8855,0.0,41700.0,2.017,84108.9,84165.7855,0.9993241255973307,512.8145,0.0,0
sz159915-simple_60_close_breakout-fee0.001,2016-08-12,56.8855,0.0,41700.0,2.035,84859.5,84916.3855,0.9993300998427447,512.8145,0.0,0
sz159915-simple_60_close_breakout-fee0.001,2016-08-13,56.8855,0.0,41700.0,2.035,84859.5,84916.3855,0.9993300998427447,512.8145,0.0,1
sz159915-simple_60_close_breakout-fee0.001,2016-08-14,56.8855,0.0,41700.0,2.035,84859.5,84916.3855,0.9993300998427447,512.8145,0.0,2
sz159915-simple_60_close_breakout-fee0.001,2016-08-15,56.8855,0.0,41700.0,2.103,87695.1,87751.9855,0.9993517468616138,512.8145,0.0,0
sz159915-simple_60_close_breakout-fee0.001,2016-08-16,56.8855,0.0,41700.0,2.105,87778.5,87835.3855,0.9993523623801935,512.8145,0.0,0
sz159915-simple_60_close_breakout-fee0.001,2016-08-17,56.8855,0.0,41700.0,2.112,88070.4,88127.2855,0.9993545075208291,512.8145,0.0,0
sz159915-simple_60_close_breakout-fee0.001,2016-08-18,56.8855,0.0,41700.0,2.108,87903.6,87960.4855,0.9993532834695416,512.8145,0.0,0
sz159915-simple_60_close_breakout-fee0.001,2016-08-19,56.8855,0.0,41700.0,2.112,88070.4,88127.2855,0.9993545075208291,512.8145,0.0,0
sz159915-simple_60_close_breakout-fee0.001,2016-08-20,56.8855,0.0,41700.0,2.112,88070.4,88127.2855,0.9993545075208291,512.8145,0.0,1
sz159915-simple_60_close_breakout-fee0.001,2016-08-21,56.8855,0.0,41700.0,2.112,88070.4,88127.2855,0.9993545075208291,512.8145,0.0,2
sz159915-simple_60_close_breakout-fee0.001,2016-08-22,56.8855,0.0,41700.0,2.072,86402.4,86459.2855,0.9993420544748777,512.8145,0.0,0
sz159915-simple_60_close_breakout-fee0.001,2016-08-23,56.8855,0.0,41700.0,2.084,86902.8,86959.6855,0.9993458405504468,512.8145,0.0,0
sz159915-simple_60_close_breakout-fee0.001,2016-08-24,56.8855,0.0,41700.0,2.098,87486.6,87543.4855,0.9993502029342891,512.8145,0.0,0
sz159915-simple_60_close_breakout-fee0.001,2016-08-25,56.8855,0.0,41700.0,2.088,87069.6,87126.4855,0.9993470929112594,512.8145,0.0,0
sz159915-simple_60_close_breakout-fee0.001,2016-08-26,56.8855,0.0,41700.0,2.095,87361.5,87418.3855,0.9993492730427972,512.8145,0.0,0
sz159915-simple_60_close_breakout-fee0.001,2016-08-27,56.8855,0.0,41700.0,2.095,87361.5,87418.3855,0.9993492730427972,512.8145,0.0,1
sz159915-simple_60_close_breakout-fee0.001,2016-08-28,56.8855,0.0,41700.0,2.095,87361.5,87418.3855,0.9993492730427972,512.8145,0.0,2
sz159915-simple_60_close_breakout-fee0.001,2016-08-29,56.8855,0.0,41700.0,2.101,87611.7,87668.5855,0.999351130171936,512.8145,0.0,0
sz159915-simple_60_close_breakout-fee0.001,2016-08-30,56.8855,0.0,41700.0,2.104,87736.8,87793.6855,0.9993520547670823,512.8145,0.0,0
sz159915-simple_60_close_breakout-fee0.001,2016-08-31,56.8855,0.0,41700.0,2.099,87528.3,87585.1855,0.9993505123078149,512.8145,0.0,0
sz159915-simple_60_close_breakout-fee0.001,2016-09-01,56.8855,0.0,41700.0,2.084,86902.8,86959.6855,0.9993458405504468,512.8145,0.0,0
sz159915-simple_60_close_breakout-fee0.001,2016-09-02,56.8855,0.0,41700.0,2.081,86777.7,86834.5855,0.9993448981224192,512.8145,0.0,0
sz159915-simple_60_close_breakout-fee0.001,2016-09-03,56.8855,0.0,41700.0,2.081,86777.7,86834.5855,0.9993448981224192,512.8145,0.0,1
sz159915-simple_60_close_breakout-fee0.001,2016-09-04,56.8855,0.0,41700.0,2.081,86777.7,86834.5855,0.9993448981224192,512.8145,0.0,2
sz159915-simple_60_close_breakout-fee0.001,2016-09-05,56.8855,0.0,41700.0,2.088,87069.6,87126.4855,0.9993470929112594,512.8145,0.0,0
sz159915-simple_60_close_breakout-fee0.001,2016-09-06,56.8855,0.0,41700.0,2.128,88737.6,88794.4855,0.9993593577384938,512.8145,0.0,0
sz159915-simple_60_close_breakout-fee0.001,2016-09-07,56.8855,0.0,41700.0,2.114,88153.8,88210.6855,0.9993551178105288,512.8145,0.0,0
sz159915-simple_60_close_breakout-fee0.001,2016-09-08,56.8855,0.0,41700.0,2.128,88737.6,88794.4855,0.9993593577384938,512.8145,0.0,0
sz159915-simple_60_close_breakout-fee0.001,2016-09-09,56.8855,0.0,41700.0,2.109,87945.3,88002.1855,0.9993535899173777,512.8145,0.0,0
sz159915-simple_60_close_breakout-fee0.001,2016-09-10,56.8855,0.0,41700.0,2.109,87945.3,88002.1855,0.9993535899173777,512.8145,0.0,1
sz159915-simple_60_close_breakout-fee0.001,2016-09-11,56.8855,0.0,41700.0,2.109,87945.3,88002.1855,0.9993535899173777,512.8145,0.0,2
sz159915-simple_60_close_breakout-fee0.001,2016-09-12,56.8855,0.0,41700.0,2.06,85902.0,85958.8855,0.9993382243188809,512.8145,0.0,0
sz159915-simple_60_close_breakout-fee0.001,2016-09-13,56.8855,0.0,41700.0,2.055,85693.5,85750.3855,0.9993366152272284,512.8145,0.0,0
sz159915-simple_60_close_breakout-fee0.001,2016-09-14,56.8855,0.0,41700.0,2.051,85526.7,85583.5855,0.9993353223089725,512.8145,0.0,0
sz159915-simple_60_close_breakout-fee0.001,2016-09-15,56.8855,0.0,41700.0,2.051,85526.7,85583.5855,0.9993353223089725,512.8145,0.0,1
sz159915-simple_60_close_breakout-fee0.001,2016-09-16,56.8855,0.0,41700.0,2.051,85526.7,85583.5855,0.9993353223089725,512.8145,0.0,2
sz159915-simple_60_close_breakout-fee0.001,2016-09-17,56.8855,0.0,41700.0,2.051,85526.7,85583.5855,0.9993353223089725,512.8145,0.0,3
sz159915-simple_60_close_breakout-fee0.001,2016-09-18,56.8855,0.0,41700.0,2.051,85526.7,85583.5855,0.9993353223089725,512.8145,0.0,4
sz159915-simple_60_close_breakout-fee0.001,2016-09-19,56.8855,0.0,41700.0,2.072,86402.4,86459.2855,0.9993420544748777,512.8145,0.0,0
sz159915-simple_60_close_breakout-fee0.001,2016-09-20,56.8855,0.0,41700.0,2.066,86152.2,86209.0855,0.9993401449549073,512.8145,0.0,0
sz159915-simple_60_close_breakout-fee0.001,2016-09-21,56.8855,0.0,41700.0,2.068,86235.6,86292.4855,0.9993407826919066,512.8145,0.0,0
sz159915-simple_60_close_breakout-fee0.001,2016-09-22,56.8855,0.0,41700.0,2.072,86402.4,86459.2855,0.9993420544748777,512.8145,0.0,0
sz159915-simple_60_close_breakout-fee0.001,2016-09-23,56.8855,0.0,41700.0,2.065,86110.5,86167.3855,0.9993398256234663,512.8145,0.0,0
sz159915-simple_60_close_breakout-fee0.001,2016-09-24,56.8855,0.0,41700.0,2.065,86110.5,86167.3855,0.9993398256234663,512.8145,0.0,1
sz159915-simple_60_close_breakout-fee0.001,2016-09-25,56.8855,0.0,41700.0,2.065,86110.5,86167.3855,0.9993398256234663,512.8145,0.0,2
sz159915-simple_60_close_breakout-fee0.001,2016-09-26,56.8855,0.0,41700.0,2.032,84734.4,84791.2855,0.9993291114804481,512.8145,0.0,0
sz159915-simple_60_close_breakout-fee0.001,2016-09-27,56.8855,0.0,41700.0,2.049,85443.3,85500.1855,0.999334673958105,512.8145,0.0,0
sz159915-simple_60_close_breakout-fee0.001,2016-09-28,56.8855,0.0,41700.0,2.05,85485.0,85541.8855,0.9993349982915679,512.8145,0.0,0
sz159915-simple_60_close_breakout-fee0.001,2016-09-29,56.8855,0.0,41700.0,2.058,85818.6,85875.4855,0.9993375816198442,512.8145,0.0,0
sz159915-simple_60_close_breakout-fee0.001,2016-09-30,56.8855,0.0,41700.0,2.062,85985.4,86042.2855,0.999338865771993,512.8145,0.0,0
sz159915-simple_60_close_breakout-fee0.001,2016-10-01,56.8855,0.0,41700.0,2.062,85985.4,86042.2855,0.999338865771993,512.8145,0.0,1
sz159915-simple_60_close_breakout-fee0.001,2016-10-02,56.8855,0.0,41700.0,2.062,85985.4,86042.2855,0.999338865771993,512.8145,0.0,2
sz159915-simple_60_close_breakout-fee0.001,2016-10-03,56.8855,0.0,41700.0,2.062,85985.4,86042.2855,0.999338865771993,512.8145,0.0,3
sz159915-simple_60_close_breakout-fee0.001,2016-10-04,56.8855,0.0,41700.0,2.062,85985.4,86042.2855,0.999338865771993,512.8145,0.0,4
sz159915-simple_60_close_breakout-fee0.001,2016-10-05,56.8855,0.0,41700.0,2.062,85985.4,86042.2855,0.999338865771993,512.8145,0.0,5
sz159915-simple_60_close_breakout-fee0.001,2016-10-06,56.8855,0.0,41700.0,2.062,85985.4,86042.2855,0.999338865771993,512.8145,0.0,6
sz159915-simple_60_close_breakout-fee0.001,2016-10-07,56.8855,0.0,41700.0,2.062,85985.4,86042.2855,0.999338865771993,512.8145,0.0,7
sz159915-simple_60_close_breakout-fee0.001,2016-10-08,56.8855,0.0,41700.0,2.062,85985.4,86042.2855,0.999338865771993,512.8145,0.0,8
sz159915-simple_60_close_breakout-fee0.001,2016-10-09,56.8855,0.0,41700.0,2.062,85985.4,86042.2855,0.999338865771993,512.8145,0.0,9
sz159915-simple_60_close_breakout-fee0.001,2016-10-10,56.8855,0.0,41700.0,2.119,88362.3,88419.1855,0.9993566384978744,512.8145,0.0,0
sz159915-simple_60_close_breakout-fee0.001,2016-10-11,56.8855,0.0,41700.0,2.118,88320.6,88377.4855,0.9993563349344218,512.8145,0.0,0
sz159915-simple_60_close_breakout-fee0.001,2016-10-12,56.8855,0.0,41700.0,2.116,88237.2,88294.0855,0.999355726947305,512.8145,0.0,0
sz159915-simple_60_close_breakout-fee0.001,2016-10-13,56.8855,0.0,41700.0,2.113,88112.1,88168.9855,0.9993548128099988,512.8145,0.0,0
sz159915-simple_60_close_breakout-fee0.001,2016-10-14,56.8855,0.0,41700.0,2.104,87736.8,87793.6855,0.9993520547670823,512.8145,0.0,0
sz159915-simple_60_close_breakout-fee0.001,2016-10-15,56.8855,0.0,41700.0,2.104,87736.8,87793.6855,0.9993520547670823,512.8145,0.0,1
sz159915-simple_60_close_breakout-fee0.001,2016-10-16,56.8855,0.0,41700.0,2.104,87736.8,87793.6855,0.9993520547670823,512.8145,0.0,2
sz159915-simple_60_close_breakout-fee0.001,2016-10-17,56.8855,0.0,41700.0,2.079,86694.3,86751.1855,0.9993442683270305,512.8145,0.0,0
sz159915-simple_60_close_breakout-fee0.001,2016-10-18,56.8855,0.0,41700.0,2.107,87861.9,87918.7855,0.9993529767310082,512.8145,0.0,0
sz159915-simple_60_close_breakout-fee0.001,2016-10-19,56.8855,0.0,41700.0,2.092,87236.4,87293.2855,0.9993483404860504,512.8145,0.0,0
sz159915-simple_60_close_breakout-fee0.001,2016-10-20,56.8855,0.0,41700.0,2.101,87611.7,87668.5855,0.999351130171936,512.8145,0.0,0
sz159915-simple_60_close_breakout-fee0.001,2016-10-21,56.8855,0.0,41700.0,2.09,87153.0,87209.8855,0.9993477172951912,512.8145,0.0,0
sz159915-simple_60_close_breakout-fee0.001,2016-10-22,56.8855,0.0,41700.0,2.09,87153.0,87209.8855,0.9993477172951912,512.8145,0.0,1
sz159915-simple_60_close_breakout-fee0.001,2016-10-23,56.8855,0.0,41700.0,2.09,87153.0,87209.8855,0.9993477172951912,512.8145,0.0,2
sz159915-simple_60_close_breakout-fee0.001,2016-10-24,56.8855,0.0,41700.0,2.109,87945.3,88002.1855,0.9993535899173777,512.8145,0.0,0
sz159915-simple_60_close_breakout-fee0.001,2016-10-25,56.8855,0.0,41700.0,2.109,87945.3,88002.1855,0.9993535899173777,512.8145,0.0,0
sz159915-simple_60_close_breakout-fee0.001,2016-10-26,56.8855,0.0,41700.0,2.094,87319.8,87376.6855,0.9993489624872529,512.8145,0.0,0
sz159915-simple_60_close_breakout-fee0.001,2016-10-27,56.8855,0.0,41700.0,2.092,87236.4,87293.2855,0.9993483404860504,512.8145,0.0,0
sz159915-simple_60_close_breakout-fee0.001,2016-10-28,56.8855,0.0,41700.0,2.071,86360.7,86417.5855,0.9993417369894001,512.8145,0.0,0
sz159915-simple_60_close_breakout-fee0.001,2016-10-29,56.8855,0.0,41700.0,2.071,86360.7,86417.5855,0.9993417369894001,512.8145,0.0,1
sz159915-simple_60_close_breakout-fee0.001,2016-10-30,56.8855,0.0,41700.0,2.071,86360.7,86417.5855,0.9993417369894001,512.8145,0.0,2
sz159915-simple_60_close_breakout-fee0.001,2016-10-31,56.8855,0.0,41700.0,2.071,86360.7,86417.5855,0.9993417369894001,512.8145,0.0,0
sz159915-simple_60_close_breakout-fee0.001,2016-11-01,56.8855,0.0,41700.0,2.082,86819.4,86876.2855,0.9993452125666675,512.8145,0.0,0
sz159915-simple_60_close_breakout-fee0.001,2016-11-02,56.8855,0.0,41700.0,2.054,85651.8,85708.6855,0.9993362924694488,512.8145,0.0,0
sz159915-simple_60_close_breakout-fee0.001,2016-11-03,56.8855,0.0,41700.0,2.062,85985.4,86042.2855,0.999338865771993,512.8145,0.0,0
sz159915-simple_60_close_breakout-fee0.001,2016-11-04,56.8855,0.0,41700.0,2.056,85735.2,85792.0855,0.9993369376712494,512.8145,0.0,0
sz159915-simple_60_close_breakout-fee0.001,2016-11-05,56.8855,0.0,41700.0,2.056,85735.2,85792.0855,0.9993369376712494,512.8145,0.0,1
sz159915-simple_60_close_breakout-fee0.001,2016-11-06,56.8855,0.0,41700.0,2.056,85735.2,85792.0855,0.9993369376712494,512.8145,0.0,2
sz159915-simple_60_close_breakout-fee0.001,2016-11-07,56.8855,0.0,41700.0,2.043,85193.1,85249.9855,0.9993327212941285,512.8145,0.0,0
sz159915-simple_60_close_breakout-fee0.001,2016-11-08,56.8855,0.0,41700.0,2.063,86027.1,86083.9855,0.999339186032459,512.8145,0.0,0
sz159915-simple_60_close_breakout-fee0.001,2016-11-09,56.8855,0.0,41700.0,2.032,84734.4,84791.2855,0.9993291114804481,512.8145,0.0,0
sz159915-simple_60_close_breakout-fee0.001,2016-11-10,56.8855,0.0,41700.0,2.053,85610.1,85666.9855,0.9993359693974524,512.8145,0.0,0
sz159915-simple_60_close_breakout-fee0.001,2016-11-11,56.8855,0.0,41700.0,2.06,85902.0,85958.8855,0.9993382243188809,512.8145,0.0,0
sz159915-simple_60_close_breakout-fee0.001,2016-11-12,56.8855,0.0,41700.0,2.06,85902.0,85958.8855,0.9993382243188809,512.8145,0.0,1
sz159915-simple_60_close_breakout-fee0.001,2016-11-13,56.8855,0.0,41700.0,2.06,85902.0,85958.8855,0.9993382243188809,512.8145,0.0,2
sz159915-simple_60_close_breakout-fee0.001,2016-11-14,56.8855,0.0,41700.0,2.07,86319.0,86375.8855,0.9993414191973754,512.8145,0.0,0
sz159915-simple_60_close_breakout-fee0.001,2016-11-15,56.8855,0.0,41700.0,2.089,87111.3,87168.1855,0.9993474052525735,512.8145,0.0,0
sz159915-simple_60_close_breakout-fee0.001,2016-11-16,56.8855,0.0,41700.0,2.091,87194.7,87251.5855,0.9993480290395411,512.8145,0.0,0
sz159915-simple_60_close_breakout-fee0.001,2016-11-17,56.8855,0.0,41700.0,2.074,86485.8,86542.6855,0.9993426885279635,512.8145,0.0,0
sz159915-simple_60_close_breakout-fee0.001,2016-11-18,56.8855,0.0,41700.0,2.07,86319.0,86375.8855,0.9993414191973754,512.8145,0.0,0
sz159915-simple_60_close_breakout-fee0.001,2016-11-19,56.8855,0.0,41700.0,2.07,86319.0,86375.8855,0.9993414191973754,512.8145,0.0,1
sz159915-simple_60_close_breakout-fee0.001,2016-11-20,56.8855,0.0,41700.0,2.07,86319.0,86375.8855,0.9993414191973754,512.8145,0.0,2
sz159915-simple_60_close_breakout-fee0.001,2016-11-21,56.8855,0.0,41700.0,2.061,85943.7,86000.5855,0.999338545200951,512.8145,0.0,0
sz159915-simple_60_close_breakout-fee0.001,2016-11-22,56.8855,0.0,41700.0,2.086,86986.2,87043.0855,0.9993464673308254,512.8145,0.0,0
sz159915-simple_60_close_breakout-fee0.001,2016-11-23,56.8855,0.0,41700.0,2.075,86527.5,86584.3855,0.9993430050964559,512.8145,0.0,0
sz159915-simple_60_close_breakout-fee0.001,2016-11-24,56.8855,0.0,41700.0,2.054,85651.8,85708.6855,0.9993362924694488,512.8145,0.0,0
sz159915-simple_60_close_breakout-fee0.001,2016-11-25,56.8855,0.0,41700.0,2.076,86569.2,86626.0855,0.9993433213601692,512.8145,0.0,0
sz159915-simple_60_close_breakout-fee0.001,2016-11-26,56.8855,0.0,41700.0,2.076,86569.2,86626.0855,0.9993433213601692,512.8145,0.0,1
sz159915-simple_60_close_breakout-fee0.001,2016-11-27,56.8855,0.0,41700.0,2.076,86569.2,86626.0855,0.9993433213601692,512.8145,0.0,2
sz159915-simple_60_close_breakout-fee0.001,2016-11-28,56.8855,0.0,41700.0,2.071,86360.7,86417.5855,0.9993417369894001,512.8145,0.0,0
sz159915-simple_60_close_breakout-fee0.001,2016-11-29,56.8855,0.0,41700.0,2.073,86444.1,86500.9855,0.9993423716542512,512.8145,0.0,0
sz159915-simple_60_close_breakout-fee0.001,2016-11-30,56.8855,0.0,41700.0,2.092,87236.4,87293.2855,0.9993483404860504,512.8145,0.0,0
sz159915-simple_60_close_breakout-fee0.001,2016-12-01,56.8855,0.0,41700.0,2.089,87111.3,87168.1855,0.9993474052525735,512.8145,0.0,0
sz159915-simple_60_close_breakout-fee0.001,2016-12-02,56.8855,0.0,41700.0,2.055,85693.5,85750.3855,0.9993366152272284,512.8145,0.0,0
sz159915-simple_60_close_breakout-fee0.001,2016-12-03,56.8855,0.0,41700.0,2.055,85693.5,85750.3855,0.9993366152272284,512.8145,0.0,1
sz159915-simple_60_close_breakout-fee0.001,2016-12-04,56.8855,0.0,41700.0,2.055,85693.5,85750.3855,0.9993366152272284,512.8145,0.0,2
sz159915-simple_60_close_breakout-fee0.001,2016-12-05,56.8855,0.0,41700.0,2.055,85693.5,85750.3855,0.9993366152272284,512.8145,0.0,0
sz159915-simple_60_close_breakout-fee0.001,2016-12-06,56.8855,0.0,41700.0,2.036,84901.2,84958.0855,0.9993304286500194,512.8145,0.0,0
sz159915-simple_60_close_breakout-fee0.001,2016-12-07,56.8855,0.0,41700.0,2.044,85234.8,85291.6855,0.9993330475336896,512.8145,0.0,0
sz159915-simple_60_close_breakout-fee0.001,2016-12-08,56.8855,0.0,41700.0,2.028,84567.6,84624.4855,0.9993277891184343,512.8145,0.0,0
sz159915-simple_60_close_breakout-fee0.001,2016-12-09,84414.943,0.0,0.0,2.013,0.0,84414.943,0.0,597.257,0.0,0
sz159915-simple_60_close_breakout-fee0.001,2016-12-10,84414.943,0.0,0.0,2.013,0.0,84414.943,0.0,597.257,0.0,1
sz159915-simple_60_close_breakout-fee0.001,2016-12-11,84414.943,0.0,0.0,2.013,0.0,84414.943,0.0,597.257,0.0,2
sz159915-simple_60_close_breakout-fee0.001,2016-12-12,84414.943,0.0,0.0,1.902,0.0,84414.943,0.0,597.257,0.0,0
sz159915-simple_60_close_breakout-fee0.001,2016-12-13,84414.943,0.0,0.0,1.9,0.0,84414.943,0.0,597.257,0.0,0
sz159915-simple_60_close_breakout-fee0.001,2016-12-14,84414.943,0.0,0.0,1.88,0.0,84414.943,0.0,597.257,0.0,0
sz159915-simple_60_close_breakout-fee0.001,2016-12-15,84414.943,0.0,0.0,1.893,0.0,84414.943,0.0,597.257,0.0,0
sz159915-simple_60_close_breakout-fee0.001,2016-12-16,84414.943,0.0,0.0,1.908,0.0,84414.943,0.0,597.257,0.0,0
sz159915-simple_60_close_breakout-fee0.001,2016-12-17,84414.943,0.0,0.0,1.908,0.0,84414.943,0.0,597.257,0.0,1
sz159915-simple_60_close_breakout-fee0.001,2016-12-18,84414.943,0.0,0.0,1.908,0.0,84414.943,0.0,597.257,0.0,2
sz159915-simple_60_close_breakout-fee0.001,2016-12-19,84414.943,0.0,0.0,1.896,0.0,84414.943,0.0,597.257,0.0,0
sz159915-simple_60_close_breakout-fee0.001,2016-12-20,84414.943,0.0,0.0,1.897,0.0,84414.943,0.0,597.257,0.0,0
sz159915-simple_60_close_breakout-fee0.001,2016-12-21,84414.943,0.0,0.0,1.904,0.0,84414.943,0.0,597.257,0.0,0
sz159915-simple_60_close_breakout-fee0.001,2016-12-22,84414.943,0.0,0.0,1.897,0.0,84414.943,0.0,597.257,0.0,0
sz159915-simple_60_close_breakout-fee0.001,2016-12-23,84414.943,0.0,0.0,1.874,0.0,84414.943,0.0,597.257,0.0,0
sz159915-simple_60_close_breakout-fee0.001,2016-12-24,84414.943,0.0,0.0,1.874,0.0,84414.943,0.0,597.257,0.0,1
sz159915-simple_60_close_breakout-fee0.001,2016-12-25,84414.943,0.0,0.0,1.874,0.0,84414.943,0.0,597.257,0.0,2
sz159915-simple_60_close_breakout-fee0.001,2016-12-26,84414.943,0.0,0.0,1.886,0.0,84414.943,0.0,597.257,0.0,0
sz159915-simple_60_close_breakout-fee0.001,2016-12-27,84414.943,0.0,0.0,1.881,0.0,84414.943,0.0,597.257,0.0,0
sz159915-simple_60_close_breakout-fee0.001,2016-12-28,84414.943,0.0,0.0,1.87,0.0,84414.943,0.0,597.257,0.0,0
sz159915-simple_60_close_breakout-fee0.001,2016-12-29,84414.943,0.0,0.0,1.876,0.0,84414.943,0.0,597.257,0.0,0
sz159915-simple_60_close_breakout-fee0.001,2016-12-30,84414.943,0.0,0.0,1.881,0.0,84414.943,0.0,597.257,0.0,0
sz159915-simple_60_close_breakout-fee0.001,2016-12-31,84414.943,0.0,0.0,1.881,0.0,84414.943,0.0,597.257,0.0,1
sz159915-simple_60_close_breakout-fee0.001,2017-01-01,84414.943,0.0,0.0,1.881,0.0,84414.943,0.0,597.257,0.0,2
sz159915-simple_60_close_breakout-fee0.001,2017-01-02,84414.943,0.0,0.0,1.881,0.0,84414.943,0.0,597.257,0.0,3
sz159915-simple_60_close_breakout-fee0.001,2017-01-03,84414.943,0.0,0.0,1.881,0.0,84414.943,0.0,597.257,0.0,0
sz159915-simple_60_close_breakout-fee0.001,2017-01-04,84414.943,0.0,0.0,1.907,0.0,84414.943,0.0,597.257,0.0,0
sz159915-simple_60_close_breakout-fee0.001,2017-01-05,84414.943,0.0,0.0,1.901,0.0,84414.943,0.0,597.257,0.0,0
sz159915-simple_60_close_breakout-fee0.001,2017-01-06,84414.943,0.0,0.0,1.886,0.0,84414.943,0.0,597.257,0.0,0
sz159915-simple_60_close_breakout-fee0.001,2017-01-07,84414.943,0.0,0.0,1.886,0.0,84414.943,0.0,597.257,0.0,1
sz159915-simple_60_close_breakout-fee0.001,2017-01-08,84414.943,0.0,0.0,1.886,0.0,84414.943,0.0,597.257,0.0,2
sz159915-simple_60_close_breakout-fee0.001,2017-01-09,84414.943,0.0,0.0,1.878,0.0,84414.943,0.0,597.257,0.0,0
sz159915-simple_60_close_breakout-fee0.001,2017-01-10,84414.943,0.0,0.0,1.869,0.0,84414.943,0.0,597.257,0.0,0
sz159915-simple_60_close_breakout-fee0.001,2017-01-11,84414.943,0.0,0.0,1.857,0.0,84414.943,0.0,597.257,0.0,0
sz159915-simple_60_close_breakout-fee0.001,2017-01-12,84414.943,0.0,0.0,1.849,0.0,84414.943,0.0,597.257,0.0,0
sz159915-simple_60_close_breakout-fee0.001,2017-01-13,84414.943,0.0,0.0,1.82,0.0,84414.943,0.0,597.257,0.0,0
sz159915-simple_60_close_breakout-fee0.001,2017-01-14,84414.943,0.0,0.0,1.82,0.0,84414.943,0.0,597.257,0.0,1
sz159915-simple_60_close_breakout-fee0.001,2017-01-15,84414.943,0.0,0.0,1.82,0.0,84414.943,0.0,597.257,0.0,2
sz159915-simple_60_close_breakout-fee0.001,2017-01-16,84414.943,0.0,0.0,1.756,0.0,84414.943,0.0,597.257,0.0,0
sz159915-simple_60_close_breakout-fee0.001,2017-01-17,84414.943,0.0,0.0,1.787,0.0,84414.943,0.0,597.257,0.0,0
sz159915-simple_60_close_breakout-fee0.001,2017-01-18,84414.943,0.0,0.0,1.767,0.0,84414.943,0.0,597.257,0.0,0
sz159915-simple_60_close_breakout-fee0.001,2017-01-19,84414.943,0.0,0.0,1.768,0.0,84414.943,0.0,597.257,0.0,0
sz159915-simple_60_close_breakout-fee0.001,2017-01-20,84414.943,0.0,0.0,1.801,0.0,84414.943,0.0,597.257,0.0,0
sz159915-simple_60_close_breakout-fee0.001,2017-01-21,84414.943,0.0,0.0,1.801,0.0,84414.943,0.0,597.257,0.0,1
sz159915-simple_60_close_breakout-fee0.001,2017-01-22,84414.943,0.0,0.0,1.801,0.0,84414.943,0.0,597.257,0.0,2
sz159915-simple_60_close_breakout-fee0.001,2017-01-23,84414.943,0.0,0.0,1.807,0.0,84414.943,0.0,597.257,0.0,0
sz159915-simple_60_close_breakout-fee0.001,2017-01-24,84414.943,0.0,0.0,1.786,0.0,84414.943,0.0,597.257,0.0,0
sz159915-simple_60_close_breakout-fee0.001,2017-01-25,84414.943,0.0,0.0,1.794,0.0,84414.943,0.0,597.257,0.0,0
sz159915-simple_60_close_breakout-fee0.001,2017-01-26,84414.943,0.0,0.0,1.804,0.0,84414.943,0.0,597.257,0.0,0
sz159915-simple_60_close_breakout-fee0.001,2017-01-27,84414.943,0.0,0.0,1.804,0.0,84414.943,0.0,597.257,0.0,1
sz159915-simple_60_close_breakout-fee0.001,2017-01-28,84414.943,0.0,0.0,1.804,0.0,84414.943,0.0,597.257,0.0,2
sz159915-simple_60_close_breakout-fee0.001,2017-01-29,84414.943,0.0,0.0,1.804,0.0,84414.943,0.0,597.257,0.0,3
sz159915-simple_60_close_breakout-fee0.001,2017-01-30,84414.943,0.0,0.0,1.804,0.0,84414.943,0.0,597.257,0.0,4
sz159915-simple_60_close_breakout-fee0.001,2017-01-31,84414.943,0.0,0.0,1.804,0.0,84414.943,0.0,597.257,0.0,5
sz159915-simple_60_close_breakout-fee0.001,2017-02-01,84414.943,0.0,0.0,1.804,0.0,84414.943,0.0,597.257,0.0,6
sz159915-simple_60_close_breakout-fee0.001,2017-02-02,84414.943,0.0,0.0,1.804,0.0,84414.943,0.0,597.257,0.0,7
sz159915-simple_60_close_breakout-fee0.001,2017-02-03,84414.943,0.0,0.0,1.802,0.0,84414.943,0.0,597.257,0.0,0
sz159915-simple_60_close_breakout-fee0.001,2017-02-04,84414.943,0.0,0.0,1.802,0.0,84414.943,0.0,597.257,0.0,1
sz159915-simple_60_close_breakout-fee0.001,2017-02-05,84414.943,0.0,0.0,1.802,0.0,84414.943,0.0,597.257,0.0,2
sz159915-simple_60_close_breakout-fee0.001,2017-02-06,84414.943,0.0,0.0,1.82,0.0,84414.943,0.0,597.257,0.0,0
sz159915-simple_60_close_breakout-fee0.001,2017-02-07,84414.943,0.0,0.0,1.807,0.0,84414.943,0.0,597.257,0.0,0
sz159915-simple_60_close_breakout-fee0.001,2017-02-08,84414.943,0.0,0.0,1.822,0.0,84414.943,0.0,597.257,0.0,0
sz159915-simple_60_close_breakout-fee0.001,2017-02-09,84414.943,0.0,0.0,1.833,0.0,84414.943,0.0,597.257,0.0,0
sz159915-simple_60_close_breakout-fee0.001,2017-02-10,84414.943,0.0,0.0,1.824,0.0,84414.943,0.0,597.257,0.0,0
sz159915-simple_60_close_breakout-fee0.001,2017-02-11,84414.943,0.0,0.0,1.824,0.0,84414.943,0.0,597.257,0.0,1
sz159915-simple_60_close_breakout-fee0.001,2017-02-12,84414.943,0.0,0.0,1.824,0.0,84414.943,0.0,597.257,0.0,2
sz159915-simple_60_close_breakout-fee0.001,2017-02-13,84414.943,0.0,0.0,1.833,0.0,84414.943,0.0,597.257,0.0,0
sz159915-simple_60_close_breakout-fee0.001,2017-02-14,84414.943,0.0,0.0,1.827,0.0,84414.943,0.0,597.257,0.0,0
sz159915-simple_60_close_breakout-fee0.001,2017-02-15,84414.943,0.0,0.0,1.812,0.0,84414.943,0.0,597.257,0.0,0
sz159915-simple_60_close_breakout-fee0.001,2017-02-16,84414.943,0.0,0.0,1.817,0.0,84414.943,0.0,597.257,0.0,0
sz159915-simple_60_close_breakout-fee0.001,2017-02-17,84414.943,0.0,0.0,1.801,0.0,84414.943,0.0,597.257,0.0,0
sz159915-simple_60_close_breakout-fee0.001,2017-02-18,84414.943,0.0,0.0,1.801,0.0,84414.943,0.0,597.257,0.0,1
sz159915-simple_60_close_breakout-fee0.001,2017-02-19,84414.943,0.0,0.0,1.801,0.0,84414.943,0.0,597.257,0.0,2
sz159915-simple_60_close_breakout-fee0.001,2017-02-20,84414.943,0.0,0.0,1.817,0.0,84414.943,0.0,597.257,0.0,0
sz159915-simple_60_close_breakout-fee0.001,2017-02-21,84414.943,0.0,0.0,1.842,0.0,84414.943,0.0,597.257,0.0,0
sz159915-simple_60_close_breakout-fee0.001,2017-02-22,84414.943,0.0,0.0,1.838,0.0,84414.943,0.0,597.257,0.0,0
sz159915-simple_60_close_breakout-fee0.001,2017-02-23,84414.943,0.0,0.0,1.848,0.0,84414.943,0.0,597.257,0.0,0
sz159915-simple_60_close_breakout-fee0.001,2017-02-24,84414.943,0.0,0.0,1.859,0.0,84414.943,0.0,597.257,0.0,0
sz159915-simple_60_close_breakout-fee0.001,2017-02-25,84414.943,0.0,0.0,1.859,0.0,84414.943,0.0,597.257,0.0,1
sz159915-simple_60_close_breakout-fee0.001,2017-02-26,84414.943,0.0,0.0,1.859,0.0,84414.943,0.0,597.257,0.0,2
sz159915-simple_60_close_breakout-fee0.001,2017-02-27,84414.943,0.0,0.0,1.847,0.0,84414.943,0.0,597.257,0.0,0
sz159915-simple_60_close_breakout-fee0.001,2017-02-28,84414.943,0.0,0.0,1.846,0.0,84414.943,0.0,597.257,0.0,0
sz159915-simple_60_close_breakout-fee0.001,2017-03-01,84414.943,0.0,0.0,1.85,0.0,84414.943,0.0,597.257,0.0,0
sz159915-simple_60_close_breakout-fee0.001,2017-03-02,84414.943,0.0,0.0,1.841,0.0,84414.943,0.0,597.257,0.0,0
sz159915-simple_60_close_breakout-fee0.001,2017-03-03,84414.943,0.0,0.0,1.849,0.0,84414.943,0.0,597.257,0.0,0
sz159915-simple_60_close_breakout-fee0.001,2017-03-04,84414.943,0.0,0.0,1.849,0.0,84414.943,0.0,597.257,0.0,1
sz159915-simple_60_close_breakout-fee0.001,2017-03-05,84414.943,0.0,0.0,1.849,0.0,84414.943,0.0,597.257,0.0,2
sz159915-simple_60_close_breakout-fee0.001,2017-03-06,84414.943,0.0,0.0,1.883,0.0,84414.943,0.0,597.257,0.0,0
sz159915-simple_60_close_breakout-fee0.001,2017-03-07,84414.943,0.0,0.0,1.895,0.0,84414.943,0.0,597.257,0.0,0
sz159915-simple_60_close_breakout-fee0.001,2017-03-08,84414.943,0.0,0.0,1.884,0.0,84414.943,0.0,597.257,0.0,0
sz159915-simple_60_close_breakout-fee0.001,2017-03-09,84414.943,0.0,0.0,1.869,0.0,84414.943,0.0,597.257,0.0,0
sz159915-simple_60_close_breakout-fee0.001,2017-03-10,84414.943,0.0,0.0,1.868,0.0,84414.943,0.0,597.257,0.0,0
sz159915-simple_60_close_breakout-fee0.001,2017-03-11,84414.943,0.0,0.0,1.868,0.0,84414.943,0.0,597.257,0.0,1
sz159915-simple_60_close_breakout-fee0.001,2017-03-12,84414.943,0.0,0.0,1.868,0.0,84414.943,0.0,597.257,0.0,2
sz159915-simple_60_close_breakout-fee0.001,2017-03-13,84414.943,0.0,0.0,1.89,0.0,84414.943,0.0,597.257,0.0,0
sz159915-simple_60_close_breakout-fee0.001,2017-03-14,84414.943,0.0,0.0,1.875,0.0,84414.943,0.0,597.257,0.0,0
sz159915-simple_60_close_breakout-fee0.001,2017-03-15,84414.943,0.0,0.0,1.876,0.0,84414.943,0.0,597.257,0.0,0
sz159915-simple_60_close_breakout-fee0.001,2017-03-16,84414.943,0.0,0.0,1.882,0.0,84414.943,0.0,597.257,0.0,0
sz159915-simple_60_close_breakout-fee0.001,2017-03-17,84414.943,0.0,0.0,1.862,0.0,84414.943,0.0,597.257,0.0,0
sz159915-simple_60_close_breakout-fee0.001,2017-03-18,84414.943,0.0,0.0,1.862,0.0,84414.943,0.0,597.257,0.0,1
sz159915-simple_60_close_breakout-fee0.001,2017-03-19,84414.943,0.0,0.0,1.862,0.0,84414.943,0.0,597.257,0.0,2
sz159915-simple_60_close_breakout-fee0.001,2017-03-20,84414.943,0.0,0.0,1.87,0.0,84414.943,0.0,597.257,0.0,0
sz159915-simple_60_close_breakout-fee0.001,2017-03-21,84414.943,0.0,0.0,1.879,0.0,84414.943,0.0,597.257,0.0,0
sz159915-simple_60_close_breakout-fee0.001,2017-03-22,84414.943,0.0,0.0,1.864,0.0,84414.943,0.0,597.257,0.0,0
sz159915-simple_60_close_breakout-fee0.001,2017-03-23,84414.943,0.0,0.0,1.865,0.0,84414.943,0.0,597.257,0.0,0
sz159915-simple_60_close_breakout-fee0.001,2017-03-24,84414.943,0.0,0.0,1.882,0.0,84414.943,0.0,597.257,0.0,0
sz159915-simple_60_close_breakout-fee0.001,2017-03-25,84414.943,0.0,0.0,1.882,0.0,84414.943,0.0,597.257,0.0,1
sz159915-simple_60_close_breakout-fee0.001,2017-03-26,84414.943,0.0,0.0,1.882,0.0,84414.943,0.0,597.257,0.0,2
sz159915-simple_60_close_breakout-fee0.001,2017-03-27,84414.943,0.0,0.0,1.864,0.0,84414.943,0.0,597.257,0.0,0
sz159915-simple_60_close_breakout-fee0.001,2017-03-28,84414.943,0.0,0.0,1.863,0.0,84414.943,0.0,597.257,0.0,0
sz159915-simple_60_close_breakout-fee0.001,2017-03-29,84414.943,0.0,0.0,1.845,0.0,84414.943,0.0,597.257,0.0,0
sz159915-simple_60_close_breakout-fee0.001,2017-03-30,84414.943,0.0,0.0,1.813,0.0,84414.943,0.0,597.257,0.0,0
sz159915-simple_60_close_breakout-fee0.001,2017-03-31,84414.943,0.0,0.0,1.826,0.0,84414.943,0.0,597.257,0.0,0
sz159915-simple_60_close_breakout-fee0.001,2017-04-01,84414.943,0.0,0.0,1.826,0.0,84414.943,0.0,597.257,0.0,1
sz159915-simple_60_close_breakout-fee0.001,2017-04-02,84414.943,0.0,0.0,1.826,0.0,84414.943,0.0,597.257,0.0,2
sz159915-simple_60_close_breakout-fee0.001,2017-04-03,84414.943,0.0,0.0,1.826,0.0,84414.943,0.0,597.257,0.0,3
sz159915-simple_60_close_breakout-fee0.001,2017-04-04,84414.943,0.0,0.0,1.826,0.0,84414.943,0.0,597.257,0.0,4
sz159915-simple_60_close_breakout-fee0.001,2017-04-05,84414.943,0.0,0.0,1.861,0.0,84414.943,0.0,597.257,0.0,0
sz159915-simple_60_close_breakout-fee0.001,2017-04-06,84414.943,0.0,0.0,1.859,0.0,84414.943,0.0,597.257,0.0,0
sz159915-simple_60_close_breakout-fee0.001,2017-04-07,84414.943,0.0,0.0,1.865,0.0,84414.943,0.0,597.257,0.0,0
sz159915-simple_60_close_breakout-fee0.001,2017-04-08,84414.943,0.0,0.0,1.865,0.0,84414.943,0.0,597.257,0.0,1
sz159915-simple_60_close_breakout-fee0.001,2017-04-09,84414.943,0.0,0.0,1.865,0.0,84414.943,0.0,597.257,0.0,2
sz159915-simple_60_close_breakout-fee0.001,2017-04-10,84414.943,0.0,0.0,1.832,0.0,84414.943,0.0,597.257,0.0,0
sz159915-simple_60_close_breakout-fee0.001,2017-04-11,84414.943,0.0,0.0,1.836,0.0,84414.943,0.0,597.257,0.0,0
sz159915-simple_60_close_breakout-fee0.001,2017-04-12,84414.943,0.0,0.0,1.819,0.0,84414.943,0.0,597.257,0.0,0
sz159915-simple_60_close_breakout-fee0.001,2017-04-13,84414.943,0.0,0.0,1.835,0.0,84414.943,0.0,597.257,0.0,0
sz159915-simple_60_close_breakout-fee0.001,2017-04-14,84414.943,0.0,0.0,1.81,0.0,84414.943,0.0,597.257,0.0,0
sz159915-simple_60_close_breakout-fee0.001,2017-04-15,84414.943,0.0,0.0,1.81,0.0,84414.943,0.0,597.257,0.0,1
sz159915-simple_60_close_breakout-fee0.001,2017-04-16,84414.943,0.0,0.0,1.81,0.0,84414.943,0.0,597.257,0.0,2
sz159915-simple_60_close_breakout-fee0.001,2017-04-17,84414.943,0.0,0.0,1.79,0.0,84414.943,0.0,597.257,0.0,0
sz159915-simple_60_close_breakout-fee0.001,2017-04-18,84414.943,0.0,0.0,1.772,0.0,84414.943,0.0,597.257,0.0,0
sz159915-simple_60_close_breakout-fee0.001,2017-04-19,84414.943,0.0,0.0,1.763,0.0,84414.943,0.0,597.257,0.0,0
sz159915-simple_60_close_breakout-fee0.001,2017-04-20,84414.943,0.0,0.0,1.77,0.0,84414.943,0.0,597.257,0.0,0
sz159915-simple_60_close_breakout-fee0.001,2017-04-21,84414.943,0.0,0.0,1.761,0.0,84414.943,0.0,597.257,0.0,0
sz159915-simple_60_close_breakout-fee0.001,2017-04-22,84414.943,0.0,0.0,1.761,0.0,84414.943,0.0,597.257,0.0,1
sz159915-simple_60_close_breakout-fee0.001,2017-04-23,84414.943,0.0,0.0,1.761,0.0,84414.943,0.0,597.257,0.0,2
sz159915-simple_60_close_breakout-fee0.001,2017-04-24,84414.943,0.0,0.0,1.737,0.0,84414.943,0.0,597.257,0.0,0
sz159915-simple_60_close_breakout-fee0.001,2017-04-25,84414.943,0.0,0.0,1.742,0.0,84414.943,0.0,597.257,0.0,0
sz159915-simple_60_close_breakout-fee0.001,2017-04-26,84414.943,0.0,0.0,1.743,0.0,84414.943,0.0,597.257,0.0,0
sz159915-simple_60_close_breakout-fee0.001,2017-04-27,84414.943,0.0,0.0,1.764,0.0,84414.943,0.0,597.257,0.0,0
sz159915-simple_60_close_breakout-fee0.001,2017-04-28,84414.943,0.0,0.0,1.777,0.0,84414.943,0.0,597.257,0.0,0
sz159915-simple_60_close_breakout-fee0.001,2017-04-29,84414.943,0.0,0.0,1.777,0.0,84414.943,0.0,597.257,0.0,1
sz159915-simple_60_close_breakout-fee0.001,2017-04-30,84414.943,0.0,0.0,1.777,0.0,84414.943,0.0,597.257,0.0,2
sz159915-simple_60_close_breakout-fee0.001,2017-05-01,84414.943,0.0,0.0,1.777,0.0,84414.943,0.0,597.257,0.0,3
sz159915-simple_60_close_breakout-fee0.001,2017-05-02,84414.943,0.0,0.0,1.773,0.0,84414.943,0.0,597.257,0.0,0
sz159915-simple_60_close_breakout-fee0.001,2017-05-03,84414.943,0.0,0.0,1.763,0.0,84414.943,0.0,597.257,0.0,0
sz159915-simple_60_close_breakout-fee0.001,2017-05-04,84414.943,0.0,0.0,1.769,0.0,84414.943,0.0,597.257,0.0,0
sz159915-simple_60_close_breakout-fee0.001,2017-05-05,84414.943,0.0,0.0,1.743,0.0,84414.943,0.0,597.257,0.0,0
sz159915-simple_60_close_breakout-fee0.001,2017-05-06,84414.943,0.0,0.0,1.743,0.0,84414.943,0.0,597.257,0.0,1
sz159915-simple_60_close_breakout-fee0.001,2017-05-07,84414.943,0.0,0.0,1.743,0.0,84414.943,0.0,597.257,0.0,2
sz159915-simple_60_close_breakout-fee0.001,2017-05-08,84414.943,0.0,0.0,1.716,0.0,84414.943,0.0,597.257,0.0,0
sz159915-simple_60_close_breakout-fee0.001,2017-05-09,84414.943,0.0,0.0,1.726,0.0,84414.943,0.0,597.257,0.0,0
sz159915-simple_60_close_breakout-fee0.001,2017-05-10,84414.943,0.0,0.0,1.7,0.0,84414.943,0.0,597.257,0.0,0
sz159915-simple_60_close_breakout-fee0.001,2017-05-11,84414.943,0.0,0.0,1.696,0.0,84414.943,0.0,597.257,0.0,0
sz159915-simple_60_close_breakout-fee0.001,2017-05-12,84414.943,0.0,0.0,1.698,0.0,84414.943,0.0,597.257,0.0,0
sz159915-simple_60_close_breakout-fee0.001,2017-05-13,84414.943,0.0,0.0,1.698,0.0,84414.943,0.0,597.257,0.0,1
sz159915-simple_60_close_breakout-fee0.001,2017-05-14,84414.943,0.0,0.0,1.698,0.0,84414.943,0.0,597.257,0.0,2
sz159915-simple_60_close_breakout-fee0.001,2017-05-15,84414.943,0.0,0.0,1.704,0.0,84414.943,0.0,597.257,0.0,0
sz159915-simple_60_close_breakout-fee0.001,2017-05-16,84414.943,0.0,0.0,1.741,0.0,84414.943,0.0,597.257,0.0,0
sz159915-simple_60_close_breakout-fee0.001,2017-05-17,84414.943,0.0,0.0,1.743,0.0,84414.943,0.0,597.257,0.0,0
sz159915-simple_60_close_breakout-fee0.001,2017-05-18,84414.943,0.0,0.0,1.738,0.0,84414.943,0.0,597.257,0.0,0
sz159915-simple_60_close_breakout-fee0.001,2017-05-19,84414.943,0.0,0.0,1.725,0.0,84414.943,0.0,597.257,0.0,0
sz159915-simple_60_close_breakout-fee0.001,2017-05-20,84414.943,0.0,0.0,1.725,0.0,84414.943,0.0,597.257,0.0,1
sz159915-simple_60_close_breakout-fee0.001,2017-05-21,84414.943,0.0,0.0,1.725,0.0,84414.943,0.0,597.257,0.0,2
sz159915-simple_60_close_breakout-fee0.001,2017-05-22,84414.943,0.0,0.0,1.711,0.0,84414.943,0.0,597.257,0.0,0
sz159915-simple_60_close_breakout-fee0.001,2017-05-23,84414.943,0.0,0.0,1.681,0.0,84414.943,0.0,597.257,0.0,0
sz159915-simple_60_close_breakout-fee0.001,2017-05-24,84414.943,0.0,0.0,1.703,0.0,84414.943,0.0,597.257,0.0,0
sz159915-simple_60_close_breakout-fee0.001,2017-05-25,84414.943,0.0,0.0,1.703,0.0,84414.943,0.0,597.257,0.0,0
sz159915-simple_60_close_breakout-fee0.001,2017-05-26,84414.943,0.0,0.0,1.689,0.0,84414.943,0.0,597.257,0.0,0
sz159915-simple_60_close_breakout-fee0.001,2017-05-27,84414.943,0.0,0.0,1.689,0.0,84414.943,0.0,597.257,0.0,1
sz159915-simple_60_close_breakout-fee0.001,2017-05-28,84414.943,0.0,0.0,1.689,0.0,84414.943,0.0,597.257,0.0,2
sz159915-simple_60_close_breakout-fee0.001,2017-05-29,84414.943,0.0,0.0,1.689,0.0,84414.943,0.0,597.257,0.0,3
sz159915-simple_60_close_breakout-fee0.001,2017-05-30,84414.943,0.0,0.0,1.689,0.0,84414.943,0.0,597.257,0.0,4
sz159915-simple_60_close_breakout-fee0.001,2017-05-31,84414.943,0.0,0.0,1.692,0.0,84414.943,0.0,597.257,0.0,0
sz159915-simple_60_close_breakout-fee0.001,2017-06-01,84414.943,0.0,0.0,1.661,0.0,84414.943,0.0,597.257,0.0,0
sz159915-simple_60_close_breakout-fee0.001,2017-06-02,84414.943,0.0,0.0,1.678,0.0,84414.943,0.0,597.257,0.0,0
sz159915-simple_60_close_breakout-fee0.001,2017-06-03,84414.943,0.0,0.0,1.678,0.0,84414.943,0.0,597.257,0.0,1
sz159915-simple_60_close_breakout-fee0.001,2017-06-04,84414.943,0.0,0.0,1.678,0.0,84414.943,0.0,597.257,0.0,2
sz159915-simple_60_close_breakout-fee0.001,2017-06-05,84414.943,0.0,0.0,1.689,0.0,84414.943,0.0,597.257,0.0,0
sz159915-simple_60_close_breakout-fee0.001,2017-06-06,84414.943,0.0,0.0,1.692,0.0,84414.943,0.0,597.257,0.0,0
sz159915-simple_60_close_breakout-fee0.001,2017-06-07,84414.943,0.0,0.0,1.73,0.0,84414.943,0.0,597.257,0.0,0
sz159915-simple_60_close_breakout-fee0.001,2017-06-08,84414.943,0.0,0.0,1.722,0.0,84414.943,0.0,597.257,0.0,0
sz159915-simple_60_close_breakout-fee0.001,2017-06-09,84414.943,0.0,0.0,1.725,0.0,84414.943,0.0,597.257,0.0,0
sz159915-simple_60_close_breakout-fee0.001,2017-06-10,84414.943,0.0,0.0,1.725,0.0,84414.943,0.0,597.257,0.0,1
sz159915-simple_60_close_breakout-fee0.001,2017-06-11,84414.943,0.0,0.0,1.725,0.0,84414.943,0.0,597.257,0.0,2
sz159915-simple_60_close_breakout-fee0.001,2017-06-12,84414.943,0.0,0.0,1.702,0.0,84414.943,0.0,597.257,0.0,0
sz159915-simple_60_close_breakout-fee0.001,2017-06-13,84414.943,0.0,0.0,1.723,0.0,84414.943,0.0,597.257,0.0,0
sz159915-simple_60_close_breakout-fee0.001,2017-06-14,84414.943,0.0,0.0,1.72,0.0,84414.943,0.0,597.257,0.0,0
sz159915-simple_60_close_breakout-fee0.001,2017-06-15,84414.943,0.0,0.0,1.744,0.0,84414.943,0.0,597.257,0.0,0
sz159915-simple_60_close_breakout-fee0.001,2017-06-16,84414.943,0.0,0.0,1.739,0.0,84414.943,0.0,597.257,0.0,0
sz159915-simple_60_close_breakout-fee0.001,2017-06-17,84414.943,0.0,0.0,1.739,0.0,84414.943,0.0,597.257,0.0,1
sz159915-simple_60_close_breakout-fee0.001,2017-06-18,84414.943,0.0,0.0,1.739,0.0,84414.943,0.0,597.257,0.0,2
sz159915-simple_60_close_breakout-fee0.001,2017-06-19,84414.943,0.0,0.0,1.746,0.0,84414.943,0.0,597.257,0.0,0
sz159915-simple_60_close_breakout-fee0.001,2017-06-20,84414.943,0.0,0.0,1.748,0.0,84414.943,0.0,597.257,0.0,0
sz159915-simple_60_close_breakout-fee0.001,2017-06-21,84414.943,0.0,0.0,1.753,0.0,84414.943,0.0,597.257,0.0,0
sz159915-simple_60_close_breakout-fee0.001,2017-06-22,84414.943,0.0,0.0,1.725,0.0,84414.943,0.0,597.257,0.0,0
sz159915-simple_60_close_breakout-fee0.001,2017-06-23,84414.943,0.0,0.0,1.737,0.0,84414.943,0.0,597.257,0.0,0
sz159915-simple_60_close_breakout-fee0.001,2017-06-24,84414.943,0.0,0.0,1.737,0.0,84414.943,0.0,597.257,0.0,1
sz159915-simple_60_close_breakout-fee0.001,2017-06-25,84414.943,0.0,0.0,1.737,0.0,84414.943,0.0,597.257,0.0,2
sz159915-simple_60_close_breakout-fee0.001,2017-06-26,84414.943,0.0,0.0,1.749,0.0,84414.943,0.0,597.257,0.0,0
sz159915-simple_60_close_breakout-fee0.001,2017-06-27,84414.943,0.0,0.0,1.746,0.0,84414.943,0.0,597.257,0.0,0
sz159915-simple_60_close_breakout-fee0.001,2017-06-28,84414.943,0.0,0.0,1.734,0.0,84414.943,0.0,597.257,0.0,0
sz159915-simple_60_close_breakout-fee0.001,2017-06-29,84414.943,0.0,0.0,1.742,0.0,84414.943,0.0,597.257,0.0,0
sz159915-simple_60_close_breakout-fee0.001,2017-06-30,84414.943,0.0,0.0,1.748,0.0,84414.943,0.0,597.257,0.0,0
sz159915-simple_60_close_breakout-fee0.001,2017-07-01,84414.943,0.0,0.0,1.748,0.0,84414.943,0.0,597.257,0.0,1
sz159915-simple_60_close_breakout-fee0.001,2017-07-02,84414.943,0.0,0.0,1.748,0.0,84414.943,0.0,597.257,0.0,2
sz159915-simple_60_close_breakout-fee0.001,2017-07-03,84414.943,0.0,0.0,1.764,0.0,84414.943,0.0,597.257,0.0,0
sz159915-simple_60_close_breakout-fee0.001,2017-07-04,84414.943,0.0,0.0,1.755,0.0,84414.943,0.0,597.257,0.0,0
sz159915-simple_60_close_breakout-fee0.001,2017-07-05,84414.943,0.0,0.0,1.761,0.0,84414.943,0.0,597.257,0.0,0
sz159915-simple_60_close_breakout-fee0.001,2017-07-06,84414.943,0.0,0.0,1.753,0.0,84414.943,0.0,597.257,0.0,0
sz159915-simple_60_close_breakout-fee0.001,2017-07-07,84414.943,0.0,0.0,1.75,0.0,84414.943,0.0,597.257,0.0,0
sz159915-simple_60_close_breakout-fee0.001,2017-07-08,84414.943,0.0,0.0,1.75,0.0,84414.943,0.0,597.257,0.0,1
sz159915-simple_60_close_breakout-fee0.001,2017-07-09,84414.943,0.0,0.0,1.75,0.0,84414.943,0.0,597.257,0.0,2
sz159915-simple_60_close_breakout-fee0.001,2017-07-10,84414.943,0.0,0.0,1.716,0.0,84414.943,0.0,597.257,0.0,0
sz159915-simple_60_close_breakout-fee0.001,2017-07-11,84414.943,0.0,0.0,1.696,0.0,84414.943,0.0,597.257,0.0,0
sz159915-simple_60_close_breakout-fee0.001,2017-07-12,84414.943,0.0,0.0,1.697,0.0,84414.943,0.0,597.257,0.0,0
sz159915-simple_60_close_breakout-fee0.001,2017-07-13,84414.943,0.0,0.0,1.686,0.0,84414.943,0.0,597.257,0.0,0
sz159915-simple_60_close_breakout-fee0.001,2017-07-14,84414.943,0.0,0.0,1.662,0.0,84414.943,0.0,597.257,0.0,0
sz159915-simple_60_close_breakout-fee0.001,2017-07-15,84414.943,0.0,0.0,1.662,0.0,84414.943,0.0,597.257,0.0,1
sz159915-simple_60_close_breakout-fee0.001,2017-07-16,84414.943,0.0,0.0,1.662,0.0,84414.943,0.0,597.257,0.0,2
sz159915-simple_60_close_breakout-fee0.001,2017-07-17,84414.943,0.0,0.0,1.57,0.0,84414.943,0.0,597.257,0.0,0
sz159915-simple_60_close_breakout-fee0.001,2017-07-18,84414.943,0.0,0.0,1.579,0.0,84414.943,0.0,597.257,0.0,0
sz159915-simple_60_close_breakout-fee0.001,2017-07-19,84414.943,0.0,0.0,1.593,0.0,84414.943,0.0,597.257,0.0,0
sz159915-simple_60_close_breakout-fee0.001,2017-07-20,84414.943,0.0,0.0,1.59,0.0,84414.943,0.0,597.257,0.0,0
sz159915-simple_60_close_breakout-fee0.001,2017-07-21,84414.943,0.0,0.0,1.591,0.0,84414.943,0.0,597.257,0.0,0
sz159915-simple_60_close_breakout-fee0.001,2017-07-22,84414.943,0.0,0.0,1.591,0.0,84414.943,0.0,597.257,0.0,1
sz159915-simple_60_close_breakout-fee0.001,2017-07-23,84414.943,0.0,0.0,1.591,0.0,84414.943,0.0,597.257,0.0,2
sz159915-simple_60_close_breakout-fee0.001,2017-07-24,84414.943,0.0,0.0,1.599,0.0,84414.943,0.0,597.257,0.0,0
sz159915-simple_60_close_breakout-fee0.001,2017-07-25,84414.943,0.0,0.0,1.599,0.0,84414.943,0.0,597.257,0.0,0
sz159915-simple_60_close_breakout-fee0.001,2017-07-26,84414.943,0.0,0.0,1.588,0.0,84414.943,0.0,597.257,0.0,0
sz159915-simple_60_close_breakout-fee0.001,2017-07-27,84414.943,0.0,0.0,1.665,0.0,84414.943,0.0,597.257,0.0,0
sz159915-simple_60_close_breakout-fee0.001,2017-07-28,84414.943,0.0,0.0,1.647,0.0,84414.943,0.0,597.257,0.0,0
sz159915-simple_60_close_breakout-fee0.001,2017-07-29,84414.943,0.0,0.0,1.647,0.0,84414.943,0.0,597.257,0.0,1
sz159915-simple_60_close_breakout-fee0.001,2017-07-30,84414.943,0.0,0.0,1.647,0.0,84414.943,0.0,597.257,0.0,2
sz159915-simple_60_close_breakout-fee0.001,2017-07-31,84414.943,0.0,0.0,1.652,0.0,84414.943,0.0,597.257,0.0,0
sz159915-simple_60_close_breakout-fee0.001,2017-08-01,84414.943,0.0,0.0,1.65,0.0,84414.943,0.0,597.257,0.0,0
sz159915-simple_60_close_breakout-fee0.001,2017-08-02,84414.943,0.0,0.0,1.638,0.0,84414.943,0.0,597.257,0.0,0
sz159915-simple_60_close_breakout-fee0.001,2017-08-03,84414.943,0.0,0.0,1.651,0.0,84414.943,0.0,597.257,0.0,0
sz159915-simple_60_close_breakout-fee0.001,2017-08-04,84414.943,0.0,0.0,1.636,0.0,84414.943,0.0,597.257,0.0,0
sz159915-simple_60_close_breakout-fee0.001,2017-08-05,84414.943,0.0,0.0,1.636,0.0,84414.943,0.0,597.257,0.0,1
sz159915-simple_60_close_breakout-fee0.001,2017-08-06,84414.943,0.0,0.0,1.636,0.0,84414.943,0.0,597.257,0.0,2
sz159915-simple_60_close_breakout-fee0.001,2017-08-07,84414.943,0.0,0.0,1.651,0.0,84414.943,0.0,597.257,0.0,0
sz159915-simple_60_close_breakout-fee0.001,2017-08-08,84414.943,0.0,0.0,1.678,0.0,84414.943,0.0,597.257,0.0,0
sz159915-simple_60_close_breakout-fee0.001,2017-08-09,84414.943,0.0,0.0,1.675,0.0,84414.943,0.0,597.257,0.0,0
sz159915-simple_60_close_breakout-fee0.001,2017-08-10,84414.943,0.0,0.0,1.669,0.0,84414.943,0.0,597.257,0.0,0
sz159915-simple_60_close_breakout-fee0.001,2017-08-11,84414.943,0.0,0.0,1.659,0.0,84414.943,0.0,597.257,0.0,0
sz159915-simple_60_close_breakout-fee0.001,2017-08-12,84414.943,0.0,0.0,1.659,0.0,84414.943,0.0,597.257,0.0,1
sz159915-simple_60_close_breakout-fee0.001,2017-08-13,84414.943,0.0,0.0,1.659,0.0,84414.943,0.0,597.257,0.0,2
sz159915-simple_60_close_breakout-fee0.001,2017-08-14,84414.943,0.0,0.0,1.702,0.0,84414.943,0.0,597.257,0.0,0
sz159915-simple_60_close_breakout-fee0.001,2017-08-15,84414.943,0.0,0.0,1.706,0.0,84414.943,0.0,597.257,0.0,0
sz159915-simple_60_close_breakout-fee0.001,2017-08-16,84414.943,0.0,0.0,1.735,0.0,84414.943,0.0,597.257,0.0,0
sz159915-simple_60_close_breakout-fee0.001,2017-08-17,84414.943,0.0,0.0,1.746,0.0,84414.943,0.0,597.257,0.0,0
sz159915-simple_60_close_breakout-fee0.001,2017-08-18,84414.943,0.0,0.0,1.733,0.0,84414.943,0.0,597.257,0.0,0
sz159915-simple_60_close_breakout-fee0.001,2017-08-19,84414.943,0.0,0.0,1.733,0.0,84414.943,0.0,597.257,0.0,1
sz159915-simple_60_close_breakout-fee0.001,2017-08-20,84414.943,0.0,0.0,1.733,0.0,84414.943,0.0,597.257,0.0,2
sz159915-simple_60_close_breakout-fee0.001,2017-08-21,84414.943,0.0,0.0,1.737,0.0,84414.943,0.0,597.257,0.0,0
sz159915-simple_60_close_breakout-fee0.001,2017-08-22,84414.943,0.0,0.0,1.726,0.0,84414.943,0.0,597.257,0.0,0
sz159915-simple_60_close_breakout-fee0.001,2017-08-23,84414.943,0.0,0.0,1.717,0.0,84414.943,0.0,597.257,0.0,0
sz159915-simple_60_close_breakout-fee0.001,2017-08-24,84414.943,0.0,0.0,1.705,0.0,84414.943,0.0,597.257,0.0,0
sz159915-simple_60_close_breakout-fee0.001,2017-08-25,84414.943,0.0,0.0,1.723,0.0,84414.943,0.0,597.257,0.0,0
sz159915-simple_60_close_breakout-fee0.001,2017-08-26,84414.943,0.0,0.0,1.723,0.0,84414.943,0.0,597.257,0.0,1
sz159915-simple_60_close_breakout-fee0.001,2017-08-27,84414.943,0.0,0.0,1.723,0.0,84414.943,0.0,597.257,0.0,2
sz159915-simple_60_close_breakout-fee0.001,2017-08-28,84414.943,0.0,0.0,1.755,0.0,84414.943,0.0,597.257,0.0,0
sz159915-simple_60_close_breakout-fee0.001,2017-08-29,84414.943,0.0,0.0,1.743,0.0,84414.943,0.0,597.257,0.0,0
sz159915-simple_60_close_breakout-fee0.001,2017-08-30,84414.943,0.0,0.0,1.756,0.0,84414.943,0.0,597.257,0.0,0
sz159915-simple_60_close_breakout-fee0.001,2017-08-31,84414.943,0.0,0.0,1.765,0.0,84414.943,0.0,597.257,0.0,0
sz159915-simple_60_close_breakout-fee0.001,2017-09-01,173.9862,0.0,47600.0,1.776,84537.6,84711.5862,0.9979461345513089,681.4138,0.0,0
sz159915-simple_60_close_breakout-fee0.001,2017-09-02,173.9862,0.0,47600.0,1.776,84537.6,84711.5862,0.9979461345513089,681.4138,0.0,1
sz159915-simple_60_close_breakout-fee0.001,2017-09-03,173.9862,0.0,47600.0,1.776,84537.6,84711.5862,0.9979461345513089,681.4138,0.0,2
sz159915-simple_60_close_breakout-fee0.001,2017-09-04,173.9862,0.0,47600.0,1.796,85489.6,85663.5862,0.9979689596511429,681.4138,0.0,0
sz159915-simple_60_close_breakout-fee0.001,2017-09-05,173.9862,0.0,47600.0,1.796,85489.6,85663.5862,0.9979689596511429,681.4138,0.0,0
sz159915-simple_60_close_breakout-fee0.001,2017-09-06,173.9862,0.0,47600.0,1.813,86298.8,86472.7862,0.9979879658370485,681.4138,0.0,0
sz159915-simple_60_close_breakout-fee0.001,2017-09-07,173.9862,0.0,47600.0,1.8,85680.0,85853.9862,0.9979734639275258,681.4138,0.0,0
sz159915-simple_60_close_breakout-fee0.001,2017-09-08,173.9862,0.0,47600.0,1.791,85251.6,85425.5862,0.9979633010700956,681.4138,0.0,0
sz159915-simple_60_close_breakout-fee0.001,2017-09-09,173.9862,0.0,47600.0,1.791,85251.6,85425.5862,0.9979633010700956,681.4138,0.0,1
sz159915-simple_60_close_breakout-fee0.001,2017-09-10,173.9862,0.0,47600.0,1.791,85251.6,85425.5862,0.9979633010700956,681.4138,0.0,2
sz159915-simple_60_close_breakout-fee0.001,2017-09-11,173.9862,0.0,47600.0,1.807,86013.2,86187.1862,0.997981298523933,681.4138,0.0,0
sz159915-simple_60_close_breakout-fee0.001,2017-09-12,173.9862,0.0,47600.0,1.793,85346.8,85520.7862,0.9979655682819248,681.4138,0.0,0
sz159915-simple_60_close_breakout-fee0.001,2017-09-13,173.9862,0.0,47600.0,1.797,85537.2,85711.1862,0.9979700875963375,681.4138,0.0,0
sz159915-simple_60_close_breakout-fee0.001,2017-09-14,173.9862,0.0,47600.0,1.787,85061.2,85235.1862,0.9979587514528125,681.4138,0.0,0
sz159915-simple_60_close_breakout-fee0.001,2017-09-15,173.9862,0.0,47600.0,1.782,84823.2,84997.1862,0.9979530357676711,681.4138,0.0,0
sz159915-simple_60_close_breakout-fee0.001,2017-09-16,173.9862,0.0,47600.0,1.782,84823.2,84997.1862,0.9979530357676711,681.4138,0.0,1
sz159915-simple_60_close_breakout-fee0.001,2017-09-17,173.9862,0.0,47600.0,1.782,84823.2,84997.1862,0.9979530357676711,681.4138,0.0,2
sz159915-simple_60_close_breakout-fee0.001,2017-09-18,173.9862,0.0,47600.0,1.808,86060.8,86234.7862,0.9979824128096464,681.4138,0.0,0
sz159915-simple_60_close_breakout-fee0.001,2017-09-19,173.9862,0.0,47600.0,1.79,85204.0,85377.9862,0.9979621655681544,681.4138,0.0,0
sz159915-simple_60_close_breakout-fee0.001,2017-09-20,173.9862,0.0,47600.0,1.801,85727.6,85901.5862,0.9979745868767206,681.4138,0.0,0
sz159915-simple_60_close_breakout-fee0.001,2017-09-21,173.9862,0.0,47600.0,1.78,84728.0,84901.9862,0.9979507405210739,681.4138,0.0,0
sz159915-simple_60_close_breakout-fee0.001,2017-09-22,173.9862,0.0,47600.0,1.773,84394.8,84568.7862,0.997942666463386,681.4138,0.0,0
sz159915-simple_60_close_breakout-fee0.001,2017-09-23,173.9862,0.0,47600.0,1.773,84394.8,84568.7862,0.997942666463386,681.4138,0.0,1
sz159915-simple_60_close_breakout-fee0.001,2017-09-24,173.9862,0.0,47600.0,1.773,84394.8,84568.7862,0.997942666463386,681.4138,0.0,2
sz159915-simple_60_close_breakout-fee0.001,2017-09-25,173.9862,0.0,47600.0,1.75,83300.0,83473.9862,0.9979156835809525,681.4138,0.0,0
sz159915-simple_60_close_breakout-fee0.001,2017-09-26,173.9862,0.0,47600.0,1.746,83109.6,83283.5862,0.9979109184902031,681.4138,0.0,0
sz159915-simple_60_close_breakout-fee0.001,2017-09-27,173.9862,0.0,47600.0,1.757,83633.2,83807.1862,0.9979239703909782,681.4138,0.0,0
sz159915-simple_60_close_breakout-fee0.001,2017-09-28,173.9862,0.0,47600.0,1.761,83823.6,83997.5862,0.9979286761933166,681.4138,0.0,0
sz159915-simple_60_close_breakout-fee0.001,2017-09-29,173.9862,0.0,47600.0,1.78,84728.0,84901.9862,0.9979507405210739,681.4138,0.0,0
sz159915-simple_60_close_breakout-fee0.001,2017-09-30,173.9862,0.0,47600.0,1.78,84728.0,84901.9862,0.9979507405210739,681.4138,0.0,1
sz159915-simple_60_close_breakout-fee0.001,2017-10-01,173.9862,0.0,47600.0,1.78,84728.0,84901.9862,0.9979507405210739,681.4138,0.0,2
sz159915-simple_60_close_breakout-fee0.001,2017-10-02,173.9862,0.0,47600.0,1.78,84728.0,84901.9862,0.9979507405210739,681.4138,0.0,3
sz159915-simple_60_close_breakout-fee0.001,2017-10-03,173.9862,0.0,47600.0,1.78,84728.0,84901.9862,0.9979507405210739,681.4138,0.0,4
sz159915-simple_60_close_breakout-fee0.001,2017-10-04,173.9862,0.0,47600.0,1.78,84728.0,84901.9862,0.9979507405210739,681.4138,0.0,5
sz159915-simple_60_close_breakout-fee0.001,2017-10-05,173.9862,0.0,47600.0,1.78,84728.0,84901.9862,0.9979507405210739,681.4138,0.0,6
sz159915-simple_60_close_breakout-fee0.001,2017-10-06,173.9862,0.0,47600.0,1.78,84728.0,84901.9862,0.9979507405210739,681.4138,0.0,7
sz159915-simple_60_close_breakout-fee0.001,2017-10-07,173.9862,0.0,47600.0,1.78,84728.0,84901.9862,0.9979507405210739,681.4138,0.0,8
sz159915-simple_60_close_breakout-fee0.001,2017-10-08,173.9862,0.0,47600.0,1.78,84728.0,84901.9862,0.9979507405210739,681.4138,0.0,9
sz159915-simple_60_close_breakout-fee0.001,2017-10-09,173.9862,0.0,47600.0,1.8,85680.0,85853.9862,0.9979734639275258,681.4138,0.0,0
sz159915-simple_60_close_breakout-fee0.001,2017-10-10,173.9862,0.0,47600.0,1.828,87012.8,87186.7862,0.9980044430173067,681.4138,0.0,0
sz159915-simple_60_close_breakout-fee0.001,2017-10-11,173.9862,0.0,47600.0,1.814,86346.4,86520.3862,0.997989072776469,681.4138,0.0,0
sz159915-simple_60_close_breakout-fee0.001,2017-10-12,173.9862,0.0,47600.0,1.811,86203.6,86377.5862,0.9979857482982084,681.4138,0.0,0
sz159915-simple_60_close_breakout-fee0.001,2017-10-13,173.9862,0.0,47600.0,1.84,87584.0,87757.9862,0.9980174317172287,681.4138,0.0,0
sz159915-simple_60_close_breakout-fee0.001,2017-10-14,173.9862,0.0,47600.0,1.84,87584.0,87757.9862,0.9980174317172287,681.4138,0.0,1
sz159915-simple_60_close_breakout-fee0.001,2017-10-15,173.9862,0.0,47600.0,1.84,87584.0,87757.9862,0.9980174317172287,681.4138,0.0,2
sz159915-simple_60_close_breakout-fee0.001,2017-10-16,173.9862,0.0,47600.0,1.796,85489.6,85663.5862,0.9979689596511429,681.4138,0.0,0
sz159915-simple_60_close_breakout-fee0.001,2017-10-17,173.9862,0.0,47600.0,1.786,85013.6,85187.5862,0.9979576108707726,681.4138,0.0,0
sz159915-simple_60_close_breakout-fee0.001,2017-10-18,173.9862,0.0,47600.0,1.778,84632.8,84806.7862,0.9979484401214109,681.4138,0.0,0
sz159915-simple_60_close_breakout-fee0.001,2017-10-19,173.9862,0.0,47600.0,1.775,84490.0,84663.9862,0.9979449798218927,681.4138,0.0,0
sz159915-simple_60_close_breakout-fee0.001,2017-10-20,173.9862,0.0,47600.0,1.794,85394.4,85568.3862,0.9979666999960319,681.4138,0.0,0
sz159915-simple_60_close_breakout-fee0.001,2017-10-21,173.9862,0.0,47600.0,1.794,85394.4,85568.3862,0.9979666999960319,681.4138,0.0,1
sz159915-simple_60_close_breakout-fee0.001,2017-10-22,173.9862,0.0,47600.0,1.794,85394.4,85568.3862,0.9979666999960319,681.4138,0.0,2
sz159915-simple_60_close_breakout-fee0.001,2017-10-23,173.9862,0.0,47600.0,1.806,85965.6,86139.5862,0.9979801830067301,681.4138,0.0,0
sz159915-simple_60_close_breakout-fee0.001,2017-10-24,173.9862,0.0,47600.0,1.812,86251.2,86425.1862,0.9979868576783003,681.4138,0.0,0
sz159915-simple_60_close_breakout-fee0.001,2017-10-25,173.9862,0.0,47600.0,1.818,86536.8,86710.7862,0.9979934883810337,681.4138,0.0,0
sz159915-simple_60_close_breakout-fee0.001,2017-10-26,173.9862,0.0,47600.0,1.823,86774.8,86948.7862,0.9979989806919237,681.4138,0.0,0
sz159915-simple_60_close_breakout-fee0.001,2017-10-27,173.9862,0.0,47600.0,1.801,85727.6,85901.5862,0.9979745868767206,681.4138,0.0,0
sz159915-simple_60_close_breakout-fee0.001,2017-10-28,173.9862,0.0,47600.0,1.801,85727.6,85901.5862,0.9979745868767206,681.4138,0.0,1
sz159915-simple_60_close_breakout-fee0.001,2017-10-29,173.9862,0.0,47600.0,1.801,85727.6,85901.5862,0.9979745868767206,681.4138,0.0,2
sz159915-simple_60_close_breakout-fee0.001,2017-10-30,173.9862,0.0,47600.0,1.764,83966.4,84140.3862,0.9979321915686667,681.4138,0.0,0
sz159915-simple_60_close_breakout-fee0.001,2017-10-31,173.9862,0.0,47600.0,1.773,84394.8,84568.7862,0.997942666463386,681.4138,0.0,0
sz159915-simple_60_close_breakout-fee0.001,2017-11-01,173.9862,0.0,47600.0,1.769,84204.4,84378.3862,0.9979380240860781,681.4138,0.0,0
sz159915-simple_60_close_breakout-fee0.001,2017-11-02,173.9862,0.0,47600.0,1.745,83062.0,83235.9862,0.9979097238112619,681.4138,0.0,0
sz159915-simple_60_close_breakout-fee0.001,2017-11-03,173.9862,0.0,47600.0,1.732,82443.2,82617.1862,0.9978940677115435,681.4138,0.0,0
sz159915-simple_60_close_breakout-fee0.001,2017-11-04,173.9862,0.0,47600.0,1.732,82443.2,82617.1862,0.9978940677115435,681.4138,0.0,1
sz159915-simple_60_close_breakout-fee0.001,2017-11-05,173.9862,0.0,47600.0,1.732,82443.2,82617.1862,0.9978940677115435,681.4138,0.0,2
sz159915-simple_60_close_breakout-fee0.001,2017-11-06,173.9862,0.0,47600.0,1.754,83490.4,83664.3862,0.9979204269833034,681.4138,0.0,0
sz159915-simple_60_close_breakout-fee0.001,2017-11-07,173.9862,0.0,47600.0,1.76,83776.0,83949.9862,0.9979275017438896,681.4138,0.0,0
sz159915-simple_60_close_breakout-fee0.001,2017-11-08,173.9862,0.0,47600.0,1.765,84014.0,84187.9862,0.9979333607103195,681.4138,0.0,0
sz159915-simple_60_close_breakout-fee0.001,2017-11-09,173.9862,0.0,47600.0,1.779,84680.4,84854.3862,0.9979495909664596,681.4138,0.0,0
sz159915-simple_60_close_breakout-fee0.001,2017-11-10,173.9862,0.0,47600.0,1.8,85680.0,85853.9862,0.9979734639275258,681.4138,0.0,0
sz159915-simple_60_close_breakout-fee0.001,2017-11-11,173.9862,0.0,47600.0,1.8,85680.0,85853.9862,0.9979734639275258,681.4138,0.0,1
sz159915-simple_60_close_breakout-fee0.001,2017-11-12,173.9862,0.0,47600.0,1.8,85680.0,85853.9862,0.9979734639275258,681.4138,0.0,2
sz159915-simple_60_close_breakout-fee0.001,2017-11-13,173.9862,0.0,47600.0,1.799,85632.4,85806.3862,0.9979723397324476,681.4138,0.0,0
sz159915-simple_60_close_breakout-fee0.001,2017-11-14,173.9862,0.0,47600.0,1.788,85108.8,85282.7862,0.9979598907616365,681.4138,0.0,0
sz159915-simple_60_close_breakout-fee0.001,2017-11-15,173.9862,0.0,47600.0,1.758,83680.8,83854.7862,0.9979251488449922,681.4138,0.0,0
sz159915-simple_60_close_breakout-fee0.001,2017-11-16,173.9862,0.0,47600.0,1.765,84014.0,84187.9862,0.9979333607103195,681.4138,0.0,0
sz159915-simple_60_close_breakout-fee0.001,2017-11-17,173.9862,0.0,47600.0,1.723,82014.8,82188.7862,0.9978830907713295,681.4138,0.0,0
sz159915-simple_60_close_breakout-fee0.001,2017-11-18,173.9862,0.0,47600.0,1.723,82014.8,82188.7862,0.9978830907713295,681.4138,0.0,1
sz159915-simple_60_close_breakout-fee0.001,2017-11-19,173.9862,0.0,47600.0,1.723,82014.8,82188.7862,0.9978830907713295,681.4138,0.0,2
sz159915-simple_60_close_breakout-fee0.001,2017-11-20,173.9862,0.0,47600.0,1.755,83538.0,83711.9862,0.9979216094624213,681.4138,0.0,0
sz159915-simple_60_close_breakout-fee0.001,2017-11-21,173.9862,0.0,47600.0,1.75,83300.0,83473.9862,0.9979156835809525,681.4138,0.0,0
sz159915-simple_60_close_breakout-fee0.001,2017-11-22,173.9862,0.0,47600.0,1.744,83014.4,83188.3862,0.9979085277651414,681.4138,0.0,0
sz159915-simple_60_close_breakout-fee0.001,2017-11-23,173.9862,0.0,47600.0,1.692,80539.2,80713.1862,0.9978443893966857,681.4138,0.0,0
sz159915-simple_60_close_breakout-fee0.001,2017-11-24,80394.885,0.0,0.0,1.678,0.0,80394.885,0.0,761.715,0.0,0
sz159915-simple_60_close_breakout-fee0.001,2017-11-25,80394.885,0.0,0.0,1.678,0.0,80394.885,0.0,761.715,0.0,1
sz159915-simple_60_close_breakout-fee0.001,2017-11-26,80394.885,0.0,0.0,1.678,0.0,80394.885,0.0,761.715,0.0,2
sz159915-simple_60_close_breakout-fee0.001,2017-11-27,80394.885,0.0,0.0,1.66,0.0,80394.885,0.0,761.715,0.0,0
sz159915-simple_60_close_breakout-fee0.001,2017-11-28,80394.885,0.0,0.0,1.682,0.0,80394.885,0.0,761.715,0.0,0
sz159915-simple_60_close_breakout-fee0.001,2017-11-29,80394.885,0.0,0.0,1.674,0.0,80394.885,0.0,761.715,0.0,0
sz159915-simple_60_close_breakout-fee0.001,2017-11-30,80394.885,0.0,0.0,1.663,0.0,80394.885,0.0,761.715,0.0,0
sz159915-simple_60_close_breakout-fee0.001,2017-12-01,80394.885,0.0,0.0,1.687,0.0,80394.885,0.0,761.715,0.0,0
sz159915-simple_60_close_breakout-fee0.001,2017-12-02,80394.885,0.0,0.0,1.687,0.0,80394.885,0.0,761.715,0.0,1
sz159915-simple_60_close_breakout-fee0.001,2017-12-03,80394.885,0.0,0.0,1.687,0.0,80394.885,0.0,761.715,0.0,2
sz159915-simple_60_close_breakout-fee0.001,2017-12-04,80394.885,0.0,0.0,1.676,0.0,80394.885,0.0,761.715,0.0,0
sz159915-simple_60_close_breakout-fee0.001,2017-12-05,80394.885,0.0,0.0,1.644,0.0,80394.885,0.0,761.715,0.0,0
sz159915-simple_60_close_breakout-fee0.001,2017-12-06,80394.885,0.0,0.0,1.663,0.0,80394.885,0.0,761.715,0.0,0
sz159915-simple_60_close_breakout-fee0.001,2017-12-07,80394.885,0.0,0.0,1.656,0.0,80394.885,0.0,761.715,0.0,0
sz159915-simple_60_close_breakout-fee0.001,2017-12-08,80394.885,0.0,0.0,1.675,0.0,80394.885,0.0,761.715,0.0,0
sz159915-simple_60_close_breakout-fee0.001,2017-12-09,80394.885,0.0,0.0,1.675,0.0,80394.885,0.0,761.715,0.0,1
sz159915-simple_60_close_breakout-fee0.001,2017-12-10,80394.885,0.0,0.0,1.675,0.0,80394.885,0.0,761.715,0.0,2
sz159915-simple_60_close_breakout-fee0.001,2017-12-11,80394.885,0.0,0.0,1.698,0.0,80394.885,0.0,761.715,0.0,0
sz159915-simple_60_close_breakout-fee0.001,2017-12-12,80394.885,0.0,0.0,1.675,0.0,80394.885,0.0,761.715,0.0,0
sz159915-simple_60_close_breakout-fee0.001,2017-12-13,80394.885,0.0,0.0,1.691,0.0,80394.885,0.0,761.715,0.0,0
sz159915-simple_60_close_breakout-fee0.001,2017-12-14,80394.885,0.0,0.0,1.68,0.0,80394.885,0.0,761.715,0.0,0
sz159915-simple_60_close_breakout-fee0.001,2017-12-15,80394.885,0.0,0.0,1.673,0.0,80394.885,0.0,761.715,0.0,0
sz159915-simple_60_close_breakout-fee0.001,2017-12-16,80394.885,0.0,0.0,1.673,0.0,80394.885,0.0,761.715,0.0,1
sz159915-simple_60_close_breakout-fee0.001,2017-12-17,80394.885,0.0,0.0,1.673,0.0,80394.885,0.0,761.715,0.0,2
sz159915-simple_60_close_breakout-fee0.001,2017-12-18,80394.885,0.0,0.0,1.667,0.0,80394.885,0.0,761.715,0.0,0
sz159915-simple_60_close_breakout-fee0.001,2017-12-19,80394.885,0.0,0.0,1.683,0.0,80394.885,0.0,761.715,0.0,0
sz159915-simple_60_close_breakout-fee0.001,2017-12-20,80394.885,0.0,0.0,1.661,0.0,80394.885,0.0,761.715,0.0,0
sz159915-simple_60_close_breakout-fee0.001,2017-12-21,80394.885,0.0,0.0,1.668,0.0,80394.885,0.0,761.715,0.0,0
sz159915-simple_60_close_breakout-fee0.001,2017-12-22,80394.885,0.0,0.0,1.663,0.0,80394.885,0.0,761.715,0.0,0
sz159915-simple_60_close_breakout-fee0.001,2017-12-23,80394.885,0.0,0.0,1.663,0.0,80394.885,0.0,761.715,0.0,1
sz159915-simple_60_close_breakout-fee0.001,2017-12-24,80394.885,0.0,0.0,1.663,0.0,80394.885,0.0,761.715,0.0,2
sz159915-simple_60_close_breakout-fee0.001,2017-12-25,80394.885,0.0,0.0,1.642,0.0,80394.885,0.0,761.715,0.0,0
sz159915-simple_60_close_breakout-fee0.001,2017-12-26,80394.885,0.0,0.0,1.644,0.0,80394.885,0.0,761.715,0.0,0
sz159915-simple_60_close_breakout-fee0.001,2017-12-27,80394.885,0.0,0.0,1.63,0.0,80394.885,0.0,761.715,0.0,0
sz159915-simple_60_close_breakout-fee0.001,2017-12-28,80394.885,0.0,0.0,1.637,0.0,80394.885,0.0,761.715,0.0,0
sz159915-simple_60_close_breakout-fee0.001,2017-12-29,80394.885,0.0,0.0,1.644,0.0,80394.885,0.0,761.715,0.0,0
sz159915-simple_60_close_breakout-fee0.001,2017-12-30,80394.885,0.0,0.0,1.644,0.0,80394.885,0.0,761.715,0.0,1
sz159915-simple_60_close_breakout-fee0.001,2017-12-31,80394.885,0.0,0.0,1.644,0.0,80394.885,0.0,761.715,0.0,2
sz159915-simple_60_close_breakout-fee0.001,2018-01-01,80394.885,0.0,0.0,1.644,0.0,80394.885,0.0,761.715,0.0,3
sz159915-simple_60_close_breakout-fee0.001,2018-01-02,80394.885,0.0,0.0,1.665,0.0,80394.885,0.0,761.715,0.0,0
sz159915-simple_60_close_breakout-fee0.001,2018-01-03,80394.885,0.0,0.0,1.689,0.0,80394.885,0.0,761.715,0.0,0
sz159915-simple_60_close_breakout-fee0.001,2018-01-04,80394.885,0.0,0.0,1.693,0.0,80394.885,0.0,761.715,0.0,0
sz159915-simple_60_close_breakout-fee0.001,2018-01-05,80394.885,0.0,0.0,1.696,0.0,80394.885,0.0,761.715,0.0,0
sz159915-simple_60_close_breakout-fee0.001,2018-01-06,80394.885,0.0,0.0,1.696,0.0,80394.885,0.0,761.715,0.0,1
sz159915-simple_60_close_breakout-fee0.001,2018-01-07,80394.885,0.0,0.0,1.696,0.0,80394.885,0.0,761.715,0.0,2
sz159915-simple_60_close_breakout-fee0.001,2018-01-08,80394.885,0.0,0.0,1.701,0.0,80394.885,0.0,761.715,0.0,0
sz159915-simple_60_close_breakout-fee0.001,2018-01-09,80394.885,0.0,0.0,1.699,0.0,80394.885,0.0,761.715,0.0,0
sz159915-simple_60_close_breakout-fee0.001,2018-01-10,80394.885,0.0,0.0,1.689,0.0,80394.885,0.0,761.715,0.0,0
sz159915-simple_60_close_breakout-fee0.001,2018-01-11,80394.885,0.0,0.0,1.701,0.0,80394.885,0.0,761.715,0.0,0
sz159915-simple_60_close_breakout-fee0.001,2018-01-12,80394.885,0.0,0.0,1.685,0.0,80394.885,0.0,761.715,0.0,0
sz159915-simple_60_close_breakout-fee0.001,2018-01-13,80394.885,0.0,0.0,1.685,0.0,80394.885,0.0,761.715,0.0,1
sz159915-simple_60_close_breakout-fee0.001,2018-01-14,80394.885,0.0,0.0,1.685,0.0,80394.885,0.0,761.715,0.0,2
sz159915-simple_60_close_breakout-fee0.001,2018-01-15,80394.885,0.0,0.0,1.634,0.0,80394.885,0.0,761.715,0.0,0
sz159915-simple_60_close_breakout-fee0.001,2018-01-16,80394.885,0.0,0.0,1.631,0.0,80394.885,0.0,761.715,0.0,0
sz159915-simple_60_close_breakout-fee0.001,2018-01-17,80394.885,0.0,0.0,1.639,0.0,80394.885,0.0,761.715,0.0,0
sz159915-simple_60_close_breakout-fee0.001,2018-01-18,80394.885,0.0,0.0,1.636,0.0,80394.885,0.0,761.715,0.0,0
sz159915-simple_60_close_breakout-fee0.001,2018-01-19,80394.885,0.0,0.0,1.63,0.0,80394.885,0.0,761.715,0.0,0
sz159915-simple_60_close_breakout-fee0.001,2018-01-20,80394.885,0.0,0.0,1.63,0.0,80394.885,0.0,761.715,0.0,1
sz159915-simple_60_close_breakout-fee0.001,2018-01-21,80394.885,0.0,0.0,1.63,0.0,80394.885,0.0,761.715,0.0,2
sz159915-simple_60_close_breakout-fee0.001,2018-01-22,80394.885,0.0,0.0,1.67,0.0,80394.885,0.0,761.715,0.0,0
sz159915-simple_60_close_breakout-fee0.001,2018-01-23,80394.885,0.0,0.0,1.667,0.0,80394.885,0.0,761.715,0.0,0
sz159915-simple_60_close_breakout-fee0.001,2018-01-24,80394.885,0.0,0.0,1.714,0.0,80394.885,0.0,761.715,0.0,0
sz159915-simple_60_close_breakout-fee0.001,2018-01-25,80394.885,0.0,0.0,1.708,0.0,80394.885,0.0,761.715,0.0,0
sz159915-simple_60_close_breakout-fee0.001,2018-01-26,80394.885,0.0,0.0,1.72,0.0,80394.885,0.0,761.715,0.0,0
sz159915-simple_60_close_breakout-fee0.001,2018-01-27,80394.885,0.0,0.0,1.72,0.0,80394.885,0.0,761.715,0.0,1
sz159915-simple_60_close_breakout-fee0.001,2018-01-28,80394.885,0.0,0.0,1.72,0.0,80394.885,0.0,761.715,0.0,2
sz159915-simple_60_close_breakout-fee0.001,2018-01-29,80394.885,0.0,0.0,1.701,0.0,80394.885,0.0,761.715,0.0,0
sz159915-simple_60_close_breakout-fee0.001,2018-01-30,80394.885,0.0,0.0,1.687,0.0,80394.885,0.0,761.715,0.0,0
sz159915-simple_60_close_breakout-fee0.001,2018-01-31,80394.885,0.0,0.0,1.633,0.0,80394.885,0.0,761.715,0.0,0
sz159915-simple_60_close_breakout-fee0.001,2018-02-01,80394.885,0.0,0.0,1.603,0.0,80394.885,0.0,761.715,0.0,0
sz159915-simple_60_close_breakout-fee0.001,2018-02-02,80394.885,0.0,0.0,1.607,0.0,80394.885,0.0,761.715,0.0,0
sz159915-simple_60_close_breakout-fee0.001,2018-02-03,80394.885,0.0,0.0,1.607,0.0,80394.885,0.0,761.715,0.0,1
sz159915-simple_60_close_breakout-fee0.001,2018-02-04,80394.885,0.0,0.0,1.607,0.0,80394.885,0.0,761.715,0.0,2
sz159915-simple_60_close_breakout-fee0.001,2018-02-05,80394.885,0.0,0.0,1.594,0.0,80394.885,0.0,761.715,0.0,0
sz159915-simple_60_close_breakout-fee0.001,2018-02-06,80394.885,0.0,0.0,1.505,0.0,80394.885,0.0,761.715,0.0,0
sz159915-simple_60_close_breakout-fee0.001,2018-02-07,80394.885,0.0,0.0,1.523,0.0,80394.885,0.0,761.715,0.0,0
sz159915-simple_60_close_breakout-fee0.001,2018-02-08,80394.885,0.0,0.0,1.548,0.0,80394.885,0.0,761.715,0.0,0
sz159915-simple_60_close_breakout-fee0.001,2018-02-09,80394.885,0.0,0.0,1.502,0.0,80394.885,0.0,761.715,0.0,0
sz159915-simple_60_close_breakout-fee0.001,2018-02-10,80394.885,0.0,0.0,1.502,0.0,80394.885,0.0,761.715,0.0,1
sz159915-simple_60_close_breakout-fee0.001,2018-02-11,80394.885,0.0,0.0,1.502,0.0,80394.885,0.0,761.715,0.0,2
sz159915-simple_60_close_breakout-fee0.001,2018-02-12,80394.885,0.0,0.0,1.553,0.0,80394.885,0.0,761.715,0.0,0
sz159915-simple_60_close_breakout-fee0.001,2018-02-13,80394.885,0.0,0.0,1.557,0.0,80394.885,0.0,761.715,0.0,0
sz159915-simple_60_close_breakout-fee0.001,2018-02-14,80394.885,0.0,0.0,1.549,0.0,80394.885,0.0,761.715,0.0,0
sz159915-simple_60_close_breakout-fee0.001,2018-02-15,80394.885,0.0,0.0,1.549,0.0,80394.885,0.0,761.715,0.0,1
sz159915-simple_60_close_breakout-fee0.001,2018-02-16,80394.885,0.0,0.0,1.549,0.0,80394.885,0.0,761.715,0.0,2
sz159915-simple_60_close_breakout-fee0.001,2018-02-17,80394.885,0.0,0.0,1.549,0.0,80394.885,0.0,761.715,0.0,3
sz159915-simple_60_close_breakout-fee0.001,2018-02-18,80394.885,0.0,0.0,1.549,0.0,80394.885,0.0,761.715,0.0,4
sz159915-simple_60_close_breakout-fee0.001,2018-02-19,80394.885,0.0,0.0,1.549,0.0,80394.885,0.0,761.715,0.0,5
sz159915-simple_60_close_breakout-fee0.001,2018-02-20,80394.885,0.0,0.0,1.549,0.0,80394.885,0.0,761.715,0.0,6
sz159915-simple_60_close_breakout-fee0.001,2018-02-21,80394.885,0.0,0.0,1.549,0.0,80394.885,0.0,761.715,0.0,7
sz159915-simple_60_close_breakout-fee0.001,2018-02-22,80394.885,0.0,0.0,1.58,0.0,80394.885,0.0,761.715,0.0,0
sz159915-simple_60_close_breakout-fee0.001,2018-02-23,80394.885,0.0,0.0,1.572,0.0,80394.885,0.0,761.715,0.0,0
sz159915-simple_60_close_breakout-fee0.001,2018-02-24,80394.885,0.0,0.0,1.572,0.0,80394.885,0.0,761.715,0.0,1
sz159915-simple_60_close_breakout-fee0.001,2018-02-25,80394.885,0.0,0.0,1.572,0.0,80394.885,0.0,761.715,0.0,2
sz159915-simple_60_close_breakout-fee0.001,2018-02-26,80394.885,0.0,0.0,1.63,0.0,80394.885,0.0,761.715,0.0,0
sz159915-simple_60_close_breakout-fee0.001,2018-02-27,80394.885,0.0,0.0,1.639,0.0,80394.885,0.0,761.715,0.0,0
sz159915-simple_60_close_breakout-fee0.001,2018-02-28,80394.885,0.0,0.0,1.651,0.0,80394.885,0.0,761.715,0.0,0
sz159915-simple_60_close_breakout-fee0.001,2018-03-01,80394.885,0.0,0.0,1.687,0.0,80394.885,0.0,761.715,0.0,0
sz159915-simple_60_close_breakout-fee0.001,2018-03-02,80394.885,0.0,0.0,1.669,0.0,80394.885,0.0,761.715,0.0,0
sz159915-simple_60_close_breakout-fee0.001,2018-03-03,80394.885,0.0,0.0,1.669,0.0,80394.885,0.0,761.715,0.0,1
sz159915-simple_60_close_breakout-fee0.001,2018-03-04,80394.885,0.0,0.0,1.669,0.0,80394.885,0.0,761.715,0.0,2
sz159915-simple_60_close_breakout-fee0.001,2018-03-05,80394.885,0.0,0.0,1.69,0.0,80394.885,0.0,761.715,0.0,0
sz159915-simple_60_close_breakout-fee0.001,2018-03-06,80394.885,0.0,0.0,1.693,0.0,80394.885,0.0,761.715,0.0,0
sz159915-simple_60_close_breakout-fee0.001,2018-03-07,80394.885,0.0,0.0,1.679,0.0,80394.885,0.0,761.715,0.0,0
sz159915-simple_60_close_breakout-fee0.001,2018-03-08,80394.885,0.0,0.0,1.686,0.0,80394.885,0.0,761.715,0.0,0
sz159915-simple_60_close_breakout-fee0.001,2018-03-09,80394.885,0.0,0.0,1.755,0.0,80394.885,0.0,761.715,0.0,0
sz159915-simple_60_close_breakout-fee0.001,2018-03-10,80394.885,0.0,0.0,1.755,0.0,80394.885,0.0,761.715,0.0,1
sz159915-simple_60_close_breakout-fee0.001,2018-03-11,80394.885,0.0,0.0,1.755,0.0,80394.885,0.0,761.715,0.0,2
sz159915-simple_60_close_breakout-fee0.001,2018-03-12,175.1454,0.0,45200.0,1.777,80320.4,80495.5454,0.9978241603416728,841.8546,0.0,0
sz159915-simple_60_close_breakout-fee0.001,2018-03-13,175.1454,0.0,45200.0,1.767,79868.4,80043.5454,0.9978118735355268,841.8546,0.0,0
sz159915-simple_60_close_breakout-fee0.001,2018-03-14,175.1454,0.0,45200.0,1.741,78693.2,78868.3454,0.9977792687406879,841.8546,0.0,0
sz159915-simple_60_close_breakout-fee0.001,2018-03-15,175.1454,0.0,45200.0,1.742,78738.4,78913.5454,0.9977805407283095,841.8546,0.0,0
sz159915-simple_60_close_breakout-fee0.001,2018-03-16,175.1454,0.0,45200.0,1.716,77563.2,77738.3454,0.9977469883221878,841.8546,0.0,0
sz159915-simple_60_close_breakout-fee0.001,2018-03-17,175.1454,0.0,45200.0,1.716,77563.2,77738.3454,0.9977469883221878,841.8546,0.0,1
sz159915-simple_60_close_breakout-fee0.001,2018-03-18,175.1454,0.0,45200.0,1.716,77563.2,77738.3454,0.9977469883221878,841.8546,0.0,2
sz159915-simple_60_close_breakout-fee0.001,2018-03-19,175.1454,0.0,45200.0,1.736,78467.2,78642.3454,0.9977728868701823,841.8546,0.0,0
sz159915-simple_60_close_breakout-fee0.001,2018-03-20,175.1454,0.0,45200.0,1.76,79552.0,79727.1454,0.9978031898781616,841.8546,0.0,0
sz159915-simple_60_close_breakout-fee0.001,2018-03-21,175.1454,0.0,45200.0,1.72,77744.0,77919.1454,0.9977522161068261,841.8546,0.0,0
sz159915-simple_60_close_breakout-fee0.001,2018-03-22,175.1454,0.0,45200.0,1.711,77337.2,77512.3454,0.9977404192958403,841.8546,0.0,0
sz159915-simple_60_close_breakout-fee0.001,2018-03-23,175.1454,0.0,45200.0,1.622,73314.4,73489.5454,0.9976167303927832,841.8546,0.0,0
sz159915-simple_60_close_breakout-fee0.001,2018-03-24,175.1454,0.0,45200.0,1.622,73314.4,73489.5454,0.9976167303927832,841.8546,0.0,1
sz159915-simple_60_close_breakout-fee0.001,2018-03-25,175.1454,0.0,45200.0,1.622,73314.4,73489.5454,0.9976167303927832,841.8546,0.0,2
sz159915-simple_60_close_breakout-fee0.001,2018-03-26,175.1454,0.0,45200.0,1.673,75619.6,75794.7454,0.9976892144821428,841.8546,0.0,0
sz159915-simple_60_close_breakout-fee0.001,2018-03-27,175.1454,0.0,45200.0,1.738,78557.6,78732.7454,0.9977754440149371,841.8546,0.0,0
sz159915-simple_60_close_breakout-fee0.001,2018-03-28,175.1454,0.0,45200.0,1.73,78196.0,78371.1454,0.9977651800403571,841.8546,0.0,0
sz159915-simple_60_close_breakout-fee0.001,2018-03-29,175.1454,0.0,45200.0,1.739,78602.8,78777.9454,0.9977767203865157,841.8546,0.0,0
sz159915-simple_60_close_breakout-fee0.001,2018-03-30,175.1454,0.0,45200.0,1.791,80953.2,81128.3454,0.9978411318616637,841.8546,0.0,0
sz159915-simple_60_close_breakout-fee0.001,2018-03-31,175.1454,0.0,45200.0,1.791,80953.2,81128.3454,0.9978411318616637,841.8546,0.0,1
sz159915-simple_60_close_breakout-fee0.001,2018-04-01,175.1454,0.0,45200.0,1.791,80953.2,81128.3454,0.9978411318616637,841.8546,0.0,2
sz159915-simple_60_close_breakout-fee0.001,2018-04-02,175.1454,0.0,45200.0,1.788,80817.6,80992.7454,0.997837517432765,841.8546,0.0,0
sz159915-simple_60_close_breakout-fee0.001,2018-04-03,175.1454,0.0,45200.0,1.764,79732.8,79907.9454,0.9978081603885163,841.8546,0.0,0
sz159915-simple_60_close_breakout-fee0.001,2018-04-04,175.1454,0.0,45200.0,1.732,78286.4,78461.5454,0.9977677549032828,841.8546,0.0,0
sz159915-simple_60_close_breakout-fee0.001,2018-04-05,175.1454,0.0,45200.0,1.732,78286.4,78461.5454,0.9977677549032828,841.8546,0.0,1
sz159915-simple_60_close_breakout-fee0.001,2018-04-06,175.1454,0.0,45200.0,1.732,78286.4,78461.5454,0.9977677549032828,841.8546,0.0,2
sz159915-simple_60_close_breakout-fee0.001,2018-04-07,175.1454,0.0,45200.0,1.732,78286.4,78461.5454,0.9977677549032828,841.8546,0.0,3
sz159915-simple_60_close_breakout-fee0.001,2018-04-08,175.1454,0.0,45200.0,1.732,78286.4,78461.5454,0.9977677549032828,841.8546,0.0,4
sz159915-simple_60_close_breakout-fee0.001,2018-04-09,175.1454,0.0,45200.0,1.737,78512.4,78687.5454,0.9977741661770021,841.8546,0.0,0
sz159915-simple_60_close_breakout-fee0.001,2018-04-10,175.1454,0.0,45200.0,1.732,78286.4,78461.5454,0.9977677549032828,841.8546,0.0,0
sz159915-simple_60_close_breakout-fee0.001,2018-04-11,175.1454,0.0,45200.0,1.729,78150.8,78325.9454,0.9977638903800579,841.8546,0.0,0
sz159915-simple_60_close_breakout-fee0.001,2018-04-12,175.1454,0.0,45200.0,1.72,77744.0,77919.1454,0.9977522161068261,841.8546,0.0,0
sz159915-simple_60_close_breakout-fee0.001,2018-04-13,175.1454,0.0,45200.0,1.721,77789.2,77964.3454,0.9977535192644611,841.8546,0.0,0
sz159915-simple_60_close_breakout-fee0.001,2018-04-14,175.1454,0.0,45200.0,1.721,77789.2,77964.3454,0.9977535192644611,841.8546,0.0,1
sz159915-simple_60_close_breakout-fee0.001,2018-04-15,175.1454,0.0,45200.0,1.721,77789.2,77964.3454,0.9977535192644611,841.8546,0.0,2
sz159915-simple_60_close_breakout-fee0.001,2018-04-16,175.1454,0.0,45200.0,1.736,78467.2,78642.3454,0.9977728868701823,841.8546,0.0,0
sz159915-simple_60_close_breakout-fee0.001,2018-04-17,175.1454,0.0,45200.0,1.683,76071.6,76246.7454,0.9977029131003406,841.8546,0.0,0
sz159915-simple_60_close_breakout-fee0.001,2018-04-18,175.1454,0.0,45200.0,1.718,77653.6,77828.7454,0.9977496052506071,841.8546,0.0,0
sz159915-simple_60_close_breakout-fee0.001,2018-04-19,175.1454,0.0,45200.0,1.715,77518.0,77693.1454,0.9977456775742792,841.8546,0.0,0
sz159915-simple_60_close_breakout-fee0.001,2018-04-20,175.1454,0.0,45200.0,1.684,76116.8,76291.9454,0.9977042740346742,841.8546,0.0,0
sz159915-simple_60_close_breakout-fee0.001,2018-04-21,175.1454,0.0,45200.0,1.684,76116.8,76291.9454,0.9977042740346742,841.8546,0.0,1
sz159915-simple_60_close_breakout-fee0.001,2018-04-22,175.1454,0.0,45200.0,1.684,76116.8,76291.9454,0.9977042740346742,841.8546,0.0,2
sz159915-simple_60_close_breakout-fee0.001,2018-04-23,175.1454,0.0,45200.0,1.653,74715.6,74890.7454,0.9976613211810815,841.8546,0.0,0
sz159915-simple_60_close_breakout-fee0.001,2018-04-24,175.1454,0.0,45200.0,1.705,77066.0,77241.1454,0.9977324857225641,841.8546,0.0,0
sz159915-simple_60_close_breakout-fee0.001,2018-04-25,175.1454,0.0,45200.0,1.715,77518.0,77693.1454,0.9977456775742792,841.8546,0.0,0
sz159915-simple_60_close_breakout-fee0.001,2018-04-26,175.1454,0.0,45200.0,1.681,75981.2,76156.3454,0.9977001863852569,841.8546,0.0,0
sz159915-simple_60_close_breakout-fee0.001,2018-04-27,175.1454,0.0,45200.0,1.707,77156.4,77331.5454,0.9977351364298482,841.8546,0.0,0
sz159915-simple_60_close_breakout-fee0.001,2018-04-28,175.1454,0.0,45200.0,1.707,77156.4,77331.5454,0.9977351364298482,841.8546,0.0,1
sz159915-simple_60_close_breakout-fee0.001,2018-04-29,175.1454,0.0,45200.0,1.707,77156.4,77331.5454,0.9977351364298482,841.8546,0.0,2
sz159915-simple_60_close_breakout-fee0.001,2018-04-30,175.1454,0.0,45200.0,1.707,77156.4,77331.5454,0.9977351364298482,841.8546,0.0,3
sz159915-simple_60_close_breakout-fee0.001,2018-05-01,175.1454,0.0,45200.0,1.707,77156.4,77331.5454,0.9977351364298482,841.8546,0.0,4
sz159915-simple_60_close_breakout-fee0.001,2018-05-02,175.1454,0.0,45200.0,1.701,76885.2,77060.3454,0.9977271656506227,841.8546,0.0,0
sz159915-simple_60_close_breakout-fee0.001,2018-05-03,175.1454,0.0,45200.0,1.726,78015.2,78190.3454,0.9977600124528929,841.8546,0.0,0
sz159915-simple_60_close_breakout-fee0.001,2018-05-04,175.1454,0.0,45200.0,1.712,77382.4,77557.5454,0.9977417361638162,841.8546,0.0,0
sz159915-simple_60_close_breakout-fee0.001,2018-05-05,175.1454,0.0,45200.0,1.712,77382.4,77557.5454,0.9977417361638162,841.8546,0.0,1
sz159915-simple_60_close_breakout-fee0.001,2018-05-06,175.1454,0.0,45200.0,1.712,77382.4,77557.5454,0.9977417361638162,841.8546,0.0,2
sz159915-simple_60_close_breakout-fee0.001,2018-05-07,175.1454,0.0,45200.0,1.749,79054.8,79229.9454,0.9977894040048145,841.8546,0.0,0
sz159915-simple_60_close_breakout-fee0.001,2018-05-08,175.1454,0.0,45200.0,1.753,79235.6,79410.7454,0.9977944370233804,841.8546,0.0,0
sz159915-simple_60_close_breakout-fee0.001,2018-05-09,175.1454,0.0,45200.0,1.749,79054.8,79229.9454,0.9977894040048145,841.8546,0.0,0
sz159915-simple_60_close_breakout-fee0.001,2018-05-10,175.1454,0.0,45200.0,1.762,79642.4,79817.5454,0.9978056779480968,841.8546,0.0,0
sz159915-simple_60_close_breakout-fee0.001,2018-05-11,175.1454,0.0,45200.0,1.734,78376.8,78551.9454,0.9977703238397454,841.8546,0.0,0
sz159915-simple_60_close_breakout-fee0.001,2018-05-12,175.1454,0.0,45200.0,1.734,78376.8,78551.9454,0.9977703238397454,841.8546,0.0,1
sz159915-simple_60_close_breakout-fee0.001,2018-05-13,175.1454,0.0,45200.0,1.734,78376.8,78551.9454,0.9977703238397454,841.8546,0.0,2
sz159915-simple_60_close_breakout-fee0.001,2018-05-14,175.1454,0.0,45200.0,1.728,78105.6,78280.7454,0.9977625992304361,841.8546,0.0,0
sz159915-simple_60_close_breakout-fee0.001,2018-05-15,175.1454,0.0,45200.0,1.756,79371.2,79546.3454,0.9977981967729721,841.8546,0.0,0
sz159915-simple_60_close_breakout-fee0.001,2018-05-16,175.1454,0.0,45200.0,1.745,78874.0,79049.1454,0.997784347963362,841.8546,0.0,0
sz159915-simple_60_close_breakout-fee0.001,2018-05-17,175.1454,0.0,45200.0,1.729,78150.8,78325.9454,0.9977638903800579,841.8546,0.0,0
sz159915-simple_60_close_breakout-fee0.001,2018-05-18,175.1454,0.0,45200.0,1.731,78241.2,78416.3454,0.9977664682139089,841.8546,0.0,0
sz159915-simple_60_close_breakout-fee0.001,2018-05-19,175.1454,0.0,45200.0,1.731,78241.2,78416.3454,0.9977664682139089,841.8546,0.0,1
sz159915-simple_60_close_breakout-fee0.001,2018-05-20,175.1454,0.0,45200.0,1.731,78241.2,78416.3454,0.9977664682139089,841.8546,0.0,2
sz159915-simple_60_close_breakout-fee0.001,2018-05-21,175.1454,0.0,45200.0,1.757,79416.4,79591.5454,0.9977994471759559,841.8546,0.0,0
sz159915-simple_60_close_breakout-fee0.001,2018-05-22,175.1454,0.0,45200.0,1.77,80004.0,80179.1454,0.9978155741230936,841.8546,0.0,0
sz159915-simple_60_close_breakout-fee0.001,2018-05-23,175.1454,0.0,45200.0,1.745,78874.0,79049.1454,0.997784347963362,841.8546,0.0,0
sz159915-simple_60_close_breakout-fee0.001,2018-05-24,175.1454,0.0,45200.0,1.737,78512.4,78687.5454,0.9977741661770021,841.8546,0.0,0
sz159915-simple_60_close_breakout-fee0.001,2018-05-25,175.1454,0.0,45200.0,1.705,77066.0,77241.1454,0.9977324857225641,841.8546,0.0,0
sz159915-simple_60_close_breakout-fee0.001,2018-05-26,175.1454,0.0,45200.0,1.705,77066.0,77241.1454,0.9977324857225641,841.8546,0.0,1
sz159915-simple_60_close_breakout-fee0.001,2018-05-27,175.1454,0.0,45200.0,1.705,77066.0,77241.1454,0.9977324857225641,841.8546,0.0,2
sz159915-simple_60_close_breakout-fee0.001,2018-05-28,175.1454,0.0,45200.0,1.698,76749.6,76924.7454,0.9977231591851327,841.8546,0.0,0
sz159915-simple_60_close_breakout-fee0.001,2018-05-29,175.1454,0.0,45200.0,1.678,75845.6,76020.7454,0.9976960841533659,841.8546,0.0,0
sz159915-simple_60_close_breakout-fee0.001,2018-05-30,175.1454,0.0,45200.0,1.633,73811.6,73986.7454,0.9976327462567369,841.8546,0.0,0
sz159915-simple_60_close_breakout-fee0.001,2018-05-31,175.1454,0.0,45200.0,1.649,74534.8,74709.9454,0.9976556615178573,841.8546,0.0,0
sz159915-simple_60_close_breakout-fee0.001,2018-06-01,175.1454,0.0,45200.0,1.62,73224.0,73399.1454,0.9976137951055762,841.8546,0.0,0
sz159915-simple_60_close_breakout-fee0.001,2018-06-02,175.1454,0.0,45200.0,1.62,73224.0,73399.1454,0.9976137951055762,841.8546,0.0,1
sz159915-simple_60_close_breakout-fee0.001,2018-06-03,175.1454,0.0,45200.0,1.62,73224.0,73399.1454,0.9976137951055762,841.8546,0.0,2
sz159915-simple_60_close_breakout-fee0.001,2018-06-04,73506.5406,0.0,0.0,1.613,0.0,73506.5406,0.0,915.2594,0.0,0
sz159915-simple_60_close_breakout-fee0.001,2018-06-05,73506.5406,0.0,0.0,1.653,0.0,73506.5406,0.0,915.2594,0.0,0
sz159915-simple_60_close_breakout-fee0.001,2018-06-06,73506.5406,0.0,0.0,1.65,0.0,73506.5406,0.0,915.2594,0.0,0
sz159915-simple_60_close_breakout-fee0.001,2018-06-07,73506.5406,0.0,0.0,1.636,0.0,73506.5406,0.0,915.2594,0.0,0
sz159915-simple_60_close_breakout-fee0.001,2018-06-08,73506.5406,0.0,0.0,1.62,0.0,73506.5406,0.0,915.2594,0.0,0
sz159915-simple_60_close_breakout-fee0.001,2018-06-09,73506.5406,0.0,0.0,1.62,0.0,73506.5406,0.0,915.2594,0.0,1
sz159915-simple_60_close_breakout-fee0.001,2018-06-10,73506.5406,0.0,0.0,1.62,0.0,73506.5406,0.0,915.2594,0.0,2
sz159915-simple_60_close_breakout-fee0.001,2018-06-11,73506.5406,0.0,0.0,1.601,0.0,73506.5406,0.0,915.2594,0.0,0
sz159915-simple_60_close_breakout-fee0.001,2018-06-12,73506.5406,0.0,0.0,1.619,0.0,73506.5406,0.0,915.2594,0.0,0
sz159915-simple_60_close_breakout-fee0.001,2018-06-13,73506.5406,0.0,0.0,1.597,0.0,73506.5406,0.0,915.2594,0.0,0
sz159915-simple_60_close_breakout-fee0.001,2018-06-14,73506.5406,0.0,0.0,1.587,0.0,73506.5406,0.0,915.2594,0.0,0
sz159915-simple_60_close_breakout-fee0.001,2018-06-15,73506.5406,0.0,0.0,1.554,0.0,73506.5406,0.0,915.2594,0.0,0
sz159915-simple_60_close_breakout-fee0.001,2018-06-16,73506.5406,0.0,0.0,1.554,0.0,73506.5406,0.0,915.2594,0.0,1
sz159915-simple_60_close_breakout-fee0.001,2018-06-17,73506.5406,0.0,0.0,1.554,0.0,73506.5406,0.0,915.2594,0.0,2
sz159915-simple_60_close_breakout-fee0.001,2018-06-18,73506.5406,0.0,0.0,1.554,0.0,73506.5406,0.0,915.2594,0.0,3
sz159915-simple_60_close_breakout-fee0.001,2018-06-19,73506.5406,0.0,0.0,1.467,0.0,73506.5406,0.0,915.2594,0.0,0
sz159915-simple_60_close_breakout-fee0.001,2018-06-20,73506.5406,0.0,0.0,1.478,0.0,73506.5406,0.0,915.2594,0.0,0
sz159915-simple_60_close_breakout-fee0.001,2018-06-21,73506.5406,0.0,0.0,1.441,0.0,73506.5406,0.0,915.2594,0.0,0
sz159915-simple_60_close_breakout-fee0.001,2018-06-22,73506.5406,0.0,0.0,1.466,0.0,73506.5406,0.0,915.2594,0.0,0
sz159915-simple_60_close_breakout-fee0.001,2018-06-23,73506.5406,0.0,0.0,1.466,0.0,73506.5406,0.0,915.2594,0.0,1
sz159915-simple_60_close_breakout-fee0.001,2018-06-24,73506.5406,0.0,0.0,1.466,0.0,73506.5406,0.0,915.2594,0.0,2
sz159915-simple_60_close_breakout-fee0.001,2018-06-25,73506.5406,0.0,0.0,1.455,0.0,73506.5406,0.0,915.2594,0.0,0
sz159915-simple_60_close_breakout-fee0.001,2018-06-26,73506.5406,0.0,0.0,1.485,0.0,73506.5406,0.0,915.2594,0.0,0
sz159915-simple_60_close_breakout-fee0.001,2018-06-27,73506.5406,0.0,0.0,1.466,0.0,73506.5406,0.0,915.2594,0.0,0
sz159915-simple_60_close_breakout-fee0.001,2018-06-28,73506.5406,0.0,0.0,1.462,0.0,73506.5406,0.0,915.2594,0.0,0
sz159915-simple_60_close_breakout-fee0.001,2018-06-29,73506.5406,0.0,0.0,1.524,0.0,73506.5406,0.0,915.2594,0.0,0
sz159915-simple_60_close_breakout-fee0.001,2018-06-30,73506.5406,0.0,0.0,1.524,0.0,73506.5406,0.0,915.2594,0.0,1
sz159915-simple_60_close_breakout-fee0.001,2018-07-01,73506.5406,0.0,0.0,1.524,0.0,73506.5406,0.0,915.2594,0.0,2
sz159915-simple_60_close_breakout-fee0.001,2018-07-02,73506.5406,0.0,0.0,1.503,0.0,73506.5406,0.0,915.2594,0.0,0
sz159915-simple_60_close_breakout-fee0.001,2018-07-03,73506.5406,0.0,0.0,1.52,0.0,73506.5406,0.0,915.2594,0.0,0
sz159915-simple_60_close_breakout-fee0.001,2018-07-04,73506.5406,0.0,0.0,1.486,0.0,73506.5406,0.0,915.2594,0.0,0
sz159915-simple_60_close_breakout-fee0.001,2018-07-05,73506.5406,0.0,0.0,1.452,0.0,73506.5406,0.0,915.2594,0.0,0
sz159915-simple_60_close_breakout-fee0.001,2018-07-06,73506.5406,0.0,0.0,1.464,0.0,73506.5406,0.0,915.2594,0.0,0
sz159915-simple_60_close_breakout-fee0.001,2018-07-07,73506.5406,0.0,0.0,1.464,0.0,73506.5406,0.0,915.2594,0.0,1
sz159915-simple_60_close_breakout-fee0.001,2018-07-08,73506.5406,0.0,0.0,1.464,0.0,73506.5406,0.0,915.2594,0.0,2
sz159915-simple_60_close_breakout-fee0.001,2018-07-09,73506.5406,0.0,0.0,1.504,0.0,73506.5406,0.0,915.2594,0.0,0
sz159915-simple_60_close_breakout-fee0.001,2018-07-10,73506.5406,0.0,0.0,1.516,0.0,73506.5406,0.0,915.2594,0.0,0
sz159915-simple_60_close_breakout-fee0.001,2018-07-11,73506.5406,0.0,0.0,1.488,0.0,73506.5406,0.0,915.2594,0.0,0
sz159915-simple_60_close_breakout-fee0.001,2018-07-12,73506.5406,0.0,0.0,1.54,0.0,73506.5406,0.0,915.2594,0.0,0
sz159915-simple_60_close_breakout-fee0.001,2018-07-13,73506.5406,0.0,0.0,1.542,0.0,73506.5406,0.0,915.2594,0.0,0
sz159915-simple_60_close_breakout-fee0.001,2018-07-14,73506.5406,0.0,0.0,1.542,0.0,73506.5406,0.0,915.2594,0.0,1
sz159915-simple_60_close_breakout-fee0.001,2018-07-15,73506.5406,0.0,0.0,1.542,0.0,73506.5406,0.0,915.2594,0.0,2
sz159915-simple_60_close_breakout-fee0.001,2018-07-16,73506.5406,0.0,0.0,1.542,0.0,73506.5406,0.0,915.2594,0.0,0
sz159915-simple_60_close_breakout-fee0.001,2018-07-17,73506.5406,0.0,0.0,1.543,0.0,73506.5406,0.0,915.2594,0.0,0
sz159915-simple_60_close_breakout-fee0.001,2018-07-18,73506.5406,0.0,0.0,1.532,0.0,73506.5406,0.0,915.2594,0.0,0
sz159915-simple_60_close_breakout-fee0.001,2018-07-19,73506.5406,0.0,0.0,1.514,0.0,73506.5406,0.0,915.2594,0.0,0
sz159915-simple_60_close_breakout-fee0.001,2018-07-20,73506.5406,0.0,0.0,1.535,0.0,73506.5406,0.0,915.2594,0.0,0
sz159915-simple_60_close_breakout-fee0.001,2018-07-21,73506.5406,0.0,0.0,1.535,0.0,73506.5406,0.0,915.2594,0.0,1
sz159915-simple_60_close_breakout-fee0.001,2018-07-22,73506.5406,0.0,0.0,1.535,0.0,73506.5406,0.0,915.2594,0.0,2
sz159915-simple_60_close_breakout-fee0.001,2018-07-23,73506.5406,0.0,0.0,1.54,0.0,73506.5406,0.0,915.2594,0.0,0
sz159915-simple_60_close_breakout-fee0.001,2018-07-24,73506.5406,0.0,0.0,1.549,0.0,73506.5406,0.0,915.2594,0.0,0
sz159915-simple_60_close_breakout-fee0.001,2018-07-25,73506.5406,0.0,0.0,1.551,0.0,73506.5406,0.0,915.2594,0.0,0
sz159915-simple_60_close_breakout-fee0.001,2018-07-26,73506.5406,0.0,0.0,1.534,0.0,73506.5406,0.0,915.2594,0.0,0
sz159915-simple_60_close_breakout-fee0.001,2018-07-27,73506.5406,0.0,0.0,1.518,0.0,73506.5406,0.0,915.2594,0.0,0
sz159915-simple_60_close_breakout-fee0.001,2018-07-28,73506.5406,0.0,0.0,1.518,0.0,73506.5406,0.0,915.2594,0.0,1
sz159915-simple_60_close_breakout-fee0.001,2018-07-29,73506.5406,0.0,0.0,1.518,0.0,73506.5406,0.0,915.2594,0.0,2
sz159915-simple_60_close_breakout-fee0.001,2018-07-30,73506.5406,0.0,0.0,1.484,0.0,73506.5406,0.0,915.2594,0.0,0
sz159915-simple_60_close_breakout-fee0.001,2018-07-31,73506.5406,0.0,0.0,1.489,0.0,73506.5406,0.0,915.2594,0.0,0
sz159915-simple_60_close_breakout-fee0.001,2018-08-01,73506.5406,0.0,0.0,1.471,0.0,73506.5406,0.0,915.2594,0.0,0
sz159915-simple_60_close_breakout-fee0.001,2018-08-02,73506.5406,0.0,0.0,1.44,0.0,73506.5406,0.0,915.2594,0.0,0
sz159915-simple_60_close_breakout-fee0.001,2018-08-03,73506.5406,0.0,0.0,1.414,0.0,73506.5406,0.0,915.2594,0.0,0
sz159915-simple_60_close_breakout-fee0.001,2018-08-04,73506.5406,0.0,0.0,1.414,0.0,73506.5406,0.0,915.2594,0.0,1
sz159915-simple_60_close_breakout-fee0.001,2018-08-05,73506.5406,0.0,0.0,1.414,0.0,73506.5406,0.0,915.2594,0.0,2
sz159915-simple_60_close_breakout-fee0.001,2018-08-06,73506.5406,0.0,0.0,1.374,0.0,73506.5406,0.0,915.2594,0.0,0
sz159915-simple_60_close_breakout-fee0.001,2018-08-07,73506.5406,0.0,0.0,1.412,0.0,73506.5406,0.0,915.2594,0.0,0
sz159915-simple_60_close_breakout-fee0.001,2018-08-08,73506.5406,0.0,0.0,1.381,0.0,73506.5406,0.0,915.2594,0.0,0
sz159915-simple_60_close_breakout-fee0.001,2018-08-09,73506.5406,0.0,0.0,1.426,0.0,73506.5406,0.0,915.2594,0.0,0
sz159915-simple_60_close_breakout-fee0.001,2018-08-10,73506.5406,0.0,0.0,1.437,0.0,73506.5406,0.0,915.2594,0.0,0
sz159915-simple_60_close_breakout-fee0.001,2018-08-11,73506.5406,0.0,0.0,1.437,0.0,73506.5406,0.0,915.2594,0.0,1
sz159915-simple_60_close_breakout-fee0.001,2018-08-12,73506.5406,0.0,0.0,1.437,0.0,73506.5406,0.0,915.2594,0.0,2
sz159915-simple_60_close_breakout-fee0.001,2018-08-13,73506.5406,0.0,0.0,1.458,0.0,73506.5406,0.0,915.2594,0.0,0
sz159915-simple_60_close_breakout-fee0.001,2018-08-14,73506.5406,0.0,0.0,1.446,0.0,73506.5406,0.0,915.2594,0.0,0
sz159915-simple_60_close_breakout-fee0.001,2018-08-15,73506.5406,0.0,0.0,1.409,0.0,73506.5406,0.0,915.2594,0.0,0
sz159915-simple_60_close_breakout-fee0.001,2018-08-16,73506.5406,0.0,0.0,1.396,0.0,73506.5406,0.0,915.2594,0.0,0
sz159915-simple_60_close_breakout-fee0.001,2018-08-17,73506.5406,0.0,0.0,1.369,0.0,73506.5406,0.0,915.2594,0.0,0
sz159915-simple_60_close_breakout-fee0.001,2018-08-18,73506.5406,0.0,0.0,1.369,0.0,73506.5406,0.0,915.2594,0.0,1
sz159915-simple_60_close_breakout-fee0.001,2018-08-19,73506.5406,0.0,0.0,1.369,0.0,73506.5406,0.0,915.2594,0.0,2
sz159915-simple_60_close_breakout-fee0.001,2018-08-20,73506.5406,0.0,0.0,1.367,0.0,73506.5406,0.0,915.2594,0.0,0
sz159915-simple_60_close_breakout-fee0.001,2018-08-21,73506.5406,0.0,0.0,1.387,0.0,73506.5406,0.0,915.2594,0.0,0
sz159915-simple_60_close_breakout-fee0.001,2018-08-22,73506.5406,0.0,0.0,1.375,0.0,73506.5406,0.0,915.2594,0.0,0
sz159915-simple_60_close_breakout-fee0.001,2018-08-23,73506.5406,0.0,0.0,1.388,0.0,73506.5406,0.0,915.2594,0.0,0
sz159915-simple_60_close_breakout-fee0.001,2018-08-24,73506.5406,0.0,0.0,1.382,0.0,73506.5406,0.0,915.2594,0.0,0
sz159915-simple_60_close_breakout-fee0.001,2018-08-25,73506.5406,0.0,0.0,1.382,0.0,73506.5406,0.0,915.2594,0.0,1
sz159915-simple_60_close_breakout-fee0.001,2018-08-26,73506.5406,0.0,0.0,1.382,0.0,73506.5406,0.0,915.2594,0.0,2
sz159915-simple_60_close_breakout-fee0.001,2018-08-27,73506.5406,0.0,0.0,1.426,0.0,73506.5406,0.0,915.2594,0.0,0
sz159915-simple_60_close_breakout-fee0.001,2018-08-28,73506.5406,0.0,0.0,1.423,0.0,73506.5406,0.0,915.2594,0.0,0
sz159915-simple_60_close_breakout-fee0.001,2018-08-29,73506.5406,0.0,0.0,1.411,0.0,73506.5406,0.0,915.2594,0.0,0
sz159915-simple_60_close_breakout-fee0.001,2018-08-30,73506.5406,0.0,0.0,1.389,0.0,73506.5406,0.0,915.2594,0.0,0
sz159915-simple_60_close_breakout-fee0.001,2018-08-31,73506.5406,0.0,0.0,1.369,0.0,73506.5406,0.0,915.2594,0.0,0
sz159915-simple_60_close_breakout-fee0.001,2018-09-01,73506.5406,0.0,0.0,1.369,0.0,73506.5406,0.0,915.2594,0.0,1
sz159915-simple_60_close_breakout-fee0.001,2018-09-02,73506.5406,0.0,0.0,1.369,0.0,73506.5406,0.0,915.2594,0.0,2
sz159915-simple_60_close_breakout-fee0.001,2018-09-03,73506.5406,0.0,0.0,1.375,0.0,73506.5406,0.0,915.2594,0.0,0
sz159915-simple_60_close_breakout-fee0.001,2018-09-04,73506.5406,0.0,0.0,1.385,0.0,73506.5406,0.0,915.2594,0.0,0
sz159915-simple_60_close_breakout-fee0.001,2018-09-05,73506.5406,0.0,0.0,1.363,0.0,73506.5406,0.0,915.2594,0.0,0
sz159915-simple_60_close_breakout-fee0.001,2018-09-06,73506.5406,0.0,0.0,1.355,0.0,73506.5406,0.0,915.2594,0.0,0
sz159915-simple_60_close_breakout-fee0.001,2018-09-07,73506.5406,0.0,0.0,1.36,0.0,73506.5406,0.0,915.2594,0.0,0
sz159915-simple_60_close_breakout-fee0.001,2018-09-08,73506.5406,0.0,0.0,1.36,0.0,73506.5406,0.0,915.2594,0.0,1
sz159915-simple_60_close_breakout-fee0.001,2018-09-09,73506.5406,0.0,0.0,1.36,0.0,73506.5406,0.0,915.2594,0.0,2
sz159915-simple_60_close_breakout-fee0.001,2018-09-10,73506.5406,0.0,0.0,1.327,0.0,73506.5406,0.0,915.2594,0.0,0
sz159915-simple_60_close_breakout-fee0.001,2018-09-11,73506.5406,0.0,0.0,1.332,0.0,73506.5406,0.0,915.2594,0.0,0
sz159915-simple_60_close_breakout-fee0.001,2018-09-12,73506.5406,0.0,0.0,1.32,0.0,73506.5406,0.0,915.2594,0.0,0
sz159915-simple_60_close_breakout-fee0.001,2018-09-13,73506.5406,0.0,0.0,1.326,0.0,73506.5406,0.0,915.2594,0.0,0
sz159915-simple_60_close_breakout-fee0.001,2018-09-14,73506.5406,0.0,0.0,1.304,0.0,73506.5406,0.0,915.2594,0.0,0
sz159915-simple_60_close_breakout-fee0.001,2018-09-15,73506.5406,0.0,0.0,1.304,0.0,73506.5406,0.0,915.2594,0.0,1
sz159915-simple_60_close_breakout-fee0.001,2018-09-16,73506.5406,0.0,0.0,1.304,0.0,73506.5406,0.0,915.2594,0.0,2
sz159915-simple_60_close_breakout-fee0.001,2018-09-17,73506.5406,0.0,0.0,1.288,0.0,73506.5406,0.0,915.2594,0.0,0
sz159915-simple_60_close_breakout-fee0.001,2018-09-18,73506.5406,0.0,0.0,1.312,0.0,73506.5406,0.0,915.2594,0.0,0
sz159915-simple_60_close_breakout-fee0.001,2018-09-19,73506.5406,0.0,0.0,1.324,0.0,73506.5406,0.0,915.2594,0.0,0
sz159915-simple_60_close_breakout-fee0.001,2018-09-20,73506.5406,0.0,0.0,1.32,0.0,73506.5406,0.0,915.2594,0.0,0
sz159915-simple_60_close_breakout-fee0.001,2018-09-21,73506.5406,0.0,0.0,1.343,0.0,73506.5406,0.0,915.2594,0.0,0
sz159915-simple_60_close_breakout-fee0.001,2018-09-22,73506.5406,0.0,0.0,1.343,0.0,73506.5406,0.0,915.2594,0.0,1
sz159915-simple_60_close_breakout-fee0.001,2018-09-23,73506.5406,0.0,0.0,1.343,0.0,73506.5406,0.0,915.2594,0.0,2
sz159915-simple_60_close_breakout-fee0.001,2018-09-24,73506.5406,0.0,0.0,1.343,0.0,73506.5406,0.0,915.2594,0.0,3
sz159915-simple_60_close_breakout-fee0.001,2018-09-25,73506.5406,0.0,0.0,1.338,0.0,73506.5406,0.0,915.2594,0.0,0
sz159915-simple_60_close_breakout-fee0.001,2018-09-26,73506.5406,0.0,0.0,1.352,0.0,73506.5406,0.0,915.2594,0.0,0
sz159915-simple_60_close_breakout-fee0.001,2018-09-27,73506.5406,0.0,0.0,1.333,0.0,73506.5406,0.0,915.2594,0.0,0
sz159915-simple_60_close_breakout-fee0.001,2018-09-28,73506.5406,0.0,0.0,1.346,0.0,73506.5406,0.0,915.2594,0.0,0
sz159915-simple_60_close_breakout-fee0.001,2018-09-29,73506.5406,0.0,0.0,1.346,0.0,73506.5406,0.0,915.2594,0.0,1
sz159915-simple_60_close_breakout-fee0.001,2018-09-30,73506.5406,0.0,0.0,1.346,0.0,73506.5406,0.0,915.2594,0.0,2
sz159915-simple_60_close_breakout-fee0.001,2018-10-01,73506.5406,0.0,0.0,1.346,0.0,73506.5406,0.0,915.2594,0.0,3
sz159915-simple_60_close_breakout-fee0.001,2018-10-02,73506.5406,0.0,0.0,1.346,0.0,73506.5406,0.0,915.2594,0.0,4
sz159915-simple_60_close_breakout-fee0.001,2018-10-03,73506.5406,0.0,0.0,1.346,0.0,73506.5406,0.0,915.2594,0.0,5
sz159915-simple_60_close_breakout-fee0.001,2018-10-04,73506.5406,0.0,0.0,1.346,0.0,73506.5406,0.0,915.2594,0.0,6
sz159915-simple_60_close_breakout-fee0.001,2018-10-05,73506.5406,0.0,0.0,1.346,0.0,73506.5406,0.0,915.2594,0.0,7
sz159915-simple_60_close_breakout-fee0.001,2018-10-06,73506.5406,0.0,0.0,1.346,0.0,73506.5406,0.0,915.2594,0.0,8
sz159915-simple_60_close_breakout-fee0.001,2018-10-07,73506.5406,0.0,0.0,1.346,0.0,73506.5406,0.0,915.2594,0.0,9
sz159915-simple_60_close_breakout-fee0.001,2018-10-08,73506.5406,0.0,0.0,1.289,0.0,73506.5406,0.0,915.2594,0.0,0
sz159915-simple_60_close_breakout-fee0.001,2018-10-09,73506.5406,0.0,0.0,1.283,0.0,73506.5406,0.0,915.2594,0.0,0
sz159915-simple_60_close_breakout-fee0.001,2018-10-10,73506.5406,0.0,0.0,1.282,0.0,73506.5406,0.0,915.2594,0.0,0
sz159915-simple_60_close_breakout-fee0.001,2018-10-11,73506.5406,0.0,0.0,1.196,0.0,73506.5406,0.0,915.2594,0.0,0
sz159915-simple_60_close_breakout-fee0.001,2018-10-12,73506.5406,0.0,0.0,1.206,0.0,73506.5406,0.0,915.2594,0.0,0
sz159915-simple_60_close_breakout-fee0.001,2018-10-13,73506.5406,0.0,0.0,1.206,0.0,73506.5406,0.0,915.2594,0.0,1
sz159915-simple_60_close_breakout-fee0.001,2018-10-14,73506.5406,0.0,0.0,1.206,0.0,73506.5406,0.0,915.2594,0.0,2
sz159915-simple_60_close_breakout-fee0.001,2018-10-15,73506.5406,0.0,0.0,1.19,0.0,73506.5406,0.0,915.2594,0.0,0
sz159915-simple_60_close_breakout-fee0.001,2018-10-16,73506.5406,0.0,0.0,1.16,0.0,73506.5406,0.0,915.2594,0.0,0
sz159915-simple_60_close_breakout-fee0.001,2018-10-17,73506.5406,0.0,0.0,1.174,0.0,73506.5406,0.0,915.2594,0.0,0
sz159915-simple_60_close_breakout-fee0.001,2018-10-18,73506.5406,0.0,0.0,1.153,0.0,73506.5406,0.0,915.2594,0.0,0
sz159915-simple_60_close_breakout-fee0.001,2018-10-19,73506.5406,0.0,0.0,1.189,0.0,73506.5406,0.0,915.2594,0.0,0
sz159915-simple_60_close_breakout-fee0.001,2018-10-20,73506.5406,0.0,0.0,1.189,0.0,73506.5406,0.0,915.2594,0.0,1
sz159915-simple_60_close_breakout-fee0.001,2018-10-21,73506.5406,0.0,0.0,1.189,0.0,73506.5406,0.0,915.2594,0.0,2
sz159915-simple_60_close_breakout-fee0.001,2018-10-22,73506.5406,0.0,0.0,1.26,0.0,73506.5406,0.0,915.2594,0.0,0
sz159915-simple_60_close_breakout-fee0.001,2018-10-23,73506.5406,0.0,0.0,1.231,0.0,73506.5406,0.0,915.2594,0.0,0
sz159915-simple_60_close_breakout-fee0.001,2018-10-24,73506.5406,0.0,0.0,1.226,0.0,73506.5406,0.0,915.2594,0.0,0
sz159915-simple_60_close_breakout-fee0.001,2018-10-25,73506.5406,0.0,0.0,1.216,0.0,73506.5406,0.0,915.2594,0.0,0
sz159915-simple_60_close_breakout-fee0.001,2018-10-26,73506.5406,0.0,0.0,1.203,0.0,73506.5406,0.0,915.2594,0.0,0
sz159915-simple_60_close_breakout-fee0.001,2018-10-27,73506.5406,0.0,0.0,1.203,0.0,73506.5406,0.0,915.2594,0.0,1
sz159915-simple_60_close_breakout-fee0.001,2018-10-28,73506.5406,0.0,0.0,1.203,0.0,73506.5406,0.0,915.2594,0.0,2
sz159915-simple_60_close_breakout-fee0.001,2018-10-29,73506.5406,0.0,0.0,1.192,0.0,73506.5406,0.0,915.2594,0.0,0
sz159915-simple_60_close_breakout-fee0.001,2018-10-30,73506.5406,0.0,0.0,1.204,0.0,73506.5406,0.0,915.2594,0.0,0
sz159915-simple_60_close_breakout-fee0.001,2018-10-31,73506.5406,0.0,0.0,1.216,0.0,73506.5406,0.0,915.2594,0.0,0
sz159915-simple_60_close_breakout-fee0.001,2018-11-01,73506.5406,0.0,0.0,1.227,0.0,73506.5406,0.0,915.2594,0.0,0
sz159915-simple_60_close_breakout-fee0.001,2018-11-02,73506.5406,0.0,0.0,1.291,0.0,73506.5406,0.0,915.2594,0.0,0
sz159915-simple_60_close_breakout-fee0.001,2018-11-03,73506.5406,0.0,0.0,1.291,0.0,73506.5406,0.0,915.2594,0.0,1
sz159915-simple_60_close_breakout-fee0.001,2018-11-04,73506.5406,0.0,0.0,1.291,0.0,73506.5406,0.0,915.2594,0.0,2
sz159915-simple_60_close_breakout-fee0.001,2018-11-05,73506.5406,0.0,0.0,1.287,0.0,73506.5406,0.0,915.2594,0.0,0
sz159915-simple_60_close_breakout-fee0.001,2018-11-06,73506.5406,0.0,0.0,1.286,0.0,73506.5406,0.0,915.2594,0.0,0
sz159915-simple_60_close_breakout-fee0.001,2018-11-07,73506.5406,0.0,0.0,1.282,0.0,73506.5406,0.0,915.2594,0.0,0
sz159915-simple_60_close_breakout-fee0.001,2018-11-08,73506.5406,0.0,0.0,1.265,0.0,73506.5406,0.0,915.2594,0.0,0
sz159915-simple_60_close_breakout-fee0.001,2018-11-09,73506.5406,0.0,0.0,1.26,0.0,73506.5406,0.0,915.2594,0.0,0
sz159915-simple_60_close_breakout-fee0.001,2018-11-10,73506.5406,0.0,0.0,1.26,0.0,73506.5406,0.0,915.2594,0.0,1
sz159915-simple_60_close_breakout-fee0.001,2018-11-11,73506.5406,0.0,0.0,1.26,0.0,73506.5406,0.0,915.2594,0.0,2
sz159915-simple_60_close_breakout-fee0.001,2018-11-12,73506.5406,0.0,0.0,1.305,0.0,73506.5406,0.0,915.2594,0.0,0
sz159915-simple_60_close_breakout-fee0.001,2018-11-13,73506.5406,0.0,0.0,1.326,0.0,73506.5406,0.0,915.2594,0.0,0
sz159915-simple_60_close_breakout-fee0.001,2018-11-14,73506.5406,0.0,0.0,1.32,0.0,73506.5406,0.0,915.2594,0.0,0
sz159915-simple_60_close_breakout-fee0.001,2018-11-15,73506.5406,0.0,0.0,1.336,0.0,73506.5406,0.0,915.2594,0.0,0
sz159915-simple_60_close_breakout-fee0.001,2018-11-16,73506.5406,0.0,0.0,1.332,0.0,73506.5406,0.0,915.2594,0.0,0
sz159915-simple_60_close_breakout-fee0.001,2018-11-17,73506.5406,0.0,0.0,1.332,0.0,73506.5406,0.0,915.2594,0.0,1
sz159915-simple_60_close_breakout-fee0.001,2018-11-18,73506.5406,0.0,0.0,1.332,0.0,73506.5406,0.0,915.2594,0.0,2
sz159915-simple_60_close_breakout-fee0.001,2018-11-19,73506.5406,0.0,0.0,1.325,0.0,73506.5406,0.0,915.2594,0.0,0
sz159915-simple_60_close_breakout-fee0.001,2018-11-20,73506.5406,0.0,0.0,1.291,0.0,73506.5406,0.0,915.2594,0.0,0
sz159915-simple_60_close_breakout-fee0.001,2018-11-21,73506.5406,0.0,0.0,1.294,0.0,73506.5406,0.0,915.2594,0.0,0
sz159915-simple_60_close_breakout-fee0.001,2018-11-22,73506.5406,0.0,0.0,1.285,0.0,73506.5406,0.0,915.2594,0.0,0
sz159915-simple_60_close_breakout-fee0.001,2018-11-23,73506.5406,0.0,0.0,1.248,0.0,73506.5406,0.0,915.2594,0.0,0
sz159915-simple_60_close_breakout-fee0.001,2018-11-24,73506.5406,0.0,0.0,1.248,0.0,73506.5406,0.0,915.2594,0.0,1
sz159915-simple_60_close_breakout-fee0.001,2018-11-25,73506.5406,0.0,0.0,1.248,0.0,73506.5406,0.0,915.2594,0.0,2
sz159915-simple_60_close_breakout-fee0.001,2018-11-26,73506.5406,0.0,0.0,1.244,0.0,73506.5406,0.0,915.2594,0.0,0
sz159915-simple_60_close_breakout-fee0.001,2018-11-27,73506.5406,0.0,0.0,1.253,0.0,73506.5406,0.0,915.2594,0.0,0
sz159915-simple_60_close_breakout-fee0.001,2018-11-28,73506.5406,0.0,0.0,1.277,0.0,73506.5406,0.0,915.2594,0.0,0
sz159915-simple_60_close_breakout-fee0.001,2018-11-29,73506.5406,0.0,0.0,1.247,0.0,73506.5406,0.0,915.2594,0.0,0
sz159915-simple_60_close_breakout-fee0.001,2018-11-30,73506.5406,0.0,0.0,1.264,0.0,73506.5406,0.0,915.2594,0.0,0
sz159915-simple_60_close_breakout-fee0.001,2018-12-01,73506.5406,0.0,0.0,1.264,0.0,73506.5406,0.0,915.2594,0.0,1
sz159915-simple_60_close_breakout-fee0.001,2018-12-02,73506.5406,0.0,0.0,1.264,0.0,73506.5406,0.0,915.2594,0.0,2
sz159915-simple_60_close_breakout-fee0.001,2018-12-03,73506.5406,0.0,0.0,1.31,0.0,73506.5406,0.0,915.2594,0.0,0
sz159915-simple_60_close_breakout-fee0.001,2018-12-04,73506.5406,0.0,0.0,1.315,0.0,73506.5406,0.0,915.2594,0.0,0
sz159915-simple_60_close_breakout-fee0.001,2018-12-05,73506.5406,0.0,0.0,1.315,0.0,73506.5406,0.0,915.2594,0.0,0
sz159915-simple_60_close_breakout-fee0.001,2018-12-06,73506.5406,0.0,0.0,1.28,0.0,73506.5406,0.0,915.2594,0.0,0
sz159915-simple_60_close_breakout-fee0.001,2018-12-07,73506.5406,0.0,0.0,1.275,0.0,73506.5406,0.0,915.2594,0.0,0
sz159915-simple_60_close_breakout-fee0.001,2018-12-08,73506.5406,0.0,0.0,1.275,0.0,73506.5406,0.0,915.2594,0.0,1
sz159915-simple_60_close_breakout-fee0.001,2018-12-09,73506.5406,0.0,0.0,1.275,0.0,73506.5406,0.0,915.2594,0.0,2
sz159915-simple_60_close_breakout-fee0.001,2018-12-10,73506.5406,0.0,0.0,1.264,0.0,73506.5406,0.0,915.2594,0.0,0
sz159915-simple_60_close_breakout-fee0.001,2018-12-11,73506.5406,0.0,0.0,1.277,0.0,73506.5406,0.0,915.2594,0.0,0
sz159915-simple_60_close_breakout-fee0.001,2018-12-12,73506.5406,0.0,0.0,1.276,0.0,73506.5406,0.0,915.2594,0.0,0
sz159915-simple_60_close_breakout-fee0.001,2018-12-13,73506.5406,0.0,0.0,1.286,0.0,73506.5406,0.0,915.2594,0.0,0
sz159915-simple_60_close_breakout-fee0.001,2018-12-14,73506.5406,0.0,0.0,1.248,0.0,73506.5406,0.0,915.2594,0.0,0
sz159915-simple_60_close_breakout-fee0.001,2018-12-15,73506.5406,0.0,0.0,1.248,0.0,73506.5406,0.0,915.2594,0.0,1
sz159915-simple_60_close_breakout-fee0.001,2018-12-16,73506.5406,0.0,0.0,1.248,0.0,73506.5406,0.0,915.2594,0.0,2
sz159915-simple_60_close_breakout-fee0.001,2018-12-17,73506.5406,0.0,0.0,1.24,0.0,73506.5406,0.0,915.2594,0.0,0
sz159915-simple_60_close_breakout-fee0.001,2018-12-18,73506.5406,0.0,0.0,1.232,0.0,73506.5406,0.0,915.2594,0.0,0
sz159915-simple_60_close_breakout-fee0.001,2018-12-19,73506.5406,0.0,0.0,1.209,0.0,73506.5406,0.0,915.2594,0.0,0
sz159915-simple_60_close_breakout-fee0.001,2018-12-20,73506.5406,0.0,0.0,1.219,0.0,73506.5406,0.0,915.2594,0.0,0
sz159915-simple_60_close_breakout-fee0.001,2018-12-21,73506.5406,0.0,0.0,1.213,0.0,73506.5406,0.0,915.2594,0.0,0
sz159915-simple_60_close_breakout-fee0.001,2018-12-22,73506.5406,0.0,0.0,1.213,0.0,73506.5406,0.0,915.2594,0.0,1
sz159915-simple_60_close_breakout-fee0.001,2018-12-23,73506.5406,0.0,0.0,1.213,0.0,73506.5406,0.0,915.2594,0.0,2
sz159915-simple_60_close_breakout-fee0.001,2018-12-24,73506.5406,0.0,0.0,1.226,0.0,73506.5406,0.0,915.2594,0.0,0
sz159915-simple_60_close_breakout-fee0.001,2018-12-25,73506.5406,0.0,0.0,1.217,0.0,73506.5406,0.0,915.2594,0.0,0
sz159915-simple_60_close_breakout-fee0.001,2018-12-26,73506.5406,0.0,0.0,1.211,0.0,73506.5406,0.0,915.2594,0.0,0
sz159915-simple_60_close_breakout-fee0.001,2018-12-27,73506.5406,0.0,0.0,1.192,0.0,73506.5406,0.0,915.2594,0.0,0
sz159915-simple_60_close_breakout-fee0.001,2018-12-28,73506.5406,0.0,0.0,1.194,0.0,73506.5406,0.0,915.2594,0.0,0
sz159915-simple_60_close_breakout-fee0.001,2018-12-29,73506.5406,0.0,0.0,1.194,0.0,73506.5406,0.0,915.2594,0.0,1
sz159915-simple_60_close_breakout-fee0.001,2018-12-30,73506.5406,0.0,0.0,1.194,0.0,73506.5406,0.0,915.2594,0.0,2
sz159915-simple_60_close_breakout-fee0.001,2018-12-31,73506.5406,0.0,0.0,1.194,0.0,73506.5406,0.0,915.2594,0.0,3
sz159915-simple_60_close_breakout-fee0.001,2019-01-01,73506.5406,0.0,0.0,1.194,0.0,73506.5406,0.0,915.2594,0.0,4
sz159915-simple_60_close_breakout-fee0.001,2019-01-02,73506.5406,0.0,0.0,1.178,0.0,73506.5406,0.0,915.2594,0.0,0
sz159915-simple_60_close_breakout-fee0.001,2019-01-03,73506.5406,0.0,0.0,1.164,0.0,73506.5406,0.0,915.2594,0.0,0
sz159915-simple_60_close_breakout-fee0.001,2019-01-04,73506.5406,0.0,0.0,1.195,0.0,73506.5406,0.0,915.2594,0.0,0
sz159915-simple_60_close_breakout-fee0.001,2019-01-05,73506.5406,0.0,0.0,1.195,0.0,73506.5406,0.0,915.2594,0.0,1
sz159915-simple_60_close_breakout-fee0.001,2019-01-06,73506.5406,0.0,0.0,1.195,0.0,73506.5406,0.0,915.2594,0.0,2
sz159915-simple_60_close_breakout-fee0.001,2019-01-07,73506.5406,0.0,0.0,1.214,0.0,73506.5406,0.0,915.2594,0.0,0
sz159915-simple_60_close_breakout-fee0.001,2019-01-08,73506.5406,0.0,0.0,1.211,0.0,73506.5406,0.0,915.2594,0.0,0
sz159915-simple_60_close_breakout-fee0.001,2019-01-09,73506.5406,0.0,0.0,1.21,0.0,73506.5406,0.0,915.2594,0.0,0
sz159915-simple_60_close_breakout-fee0.001,2019-01-10,73506.5406,0.0,0.0,1.207,0.0,73506.5406,0.0,915.2594,0.0,0
sz159915-simple_60_close_breakout-fee0.001,2019-01-11,73506.5406,0.0,0.0,1.209,0.0,73506.5406,0.0,915.2594,0.0,0
sz159915-simple_60_close_breakout-fee0.001,2019-01-12,73506.5406,0.0,0.0,1.209,0.0,73506.5406,0.0,915.2594,0.0,1
sz159915-simple_60_close_breakout-fee0.001,2019-01-13,73506.5406,0.0,0.0,1.209,0.0,73506.5406,0.0,915.2594,0.0,2
sz159915-simple_60_close_breakout-fee0.001,2019-01-14,73506.5406,0.0,0.0,1.195,0.0,73506.5406,0.0,915.2594,0.0,0
sz159915-simple_60_close_breakout-fee0.001,2019-01-15,73506.5406,0.0,0.0,1.216,0.0,73506.5406,0.0,915.2594,0.0,0
sz159915-simple_60_close_breakout-fee0.001,2019-01-16,73506.5406,0.0,0.0,1.214,0.0,73506.5406,0.0,915.2594,0.0,0
sz159915-simple_60_close_breakout-fee0.001,2019-01-17,73506.5406,0.0,0.0,1.198,0.0,73506.5406,0.0,915.2594,0.0,0
sz159915-simple_60_close_breakout-fee0.001,2019-01-18,73506.5406,0.0,0.0,1.216,0.0,73506.5406,0.0,915.2594,0.0,0
sz159915-simple_60_close_breakout-fee0.001,2019-01-19,73506.5406,0.0,0.0,1.216,0.0,73506.5406,0.0,915.2594,0.0,1
sz159915-simple_60_close_breakout-fee0.001,2019-01-20,73506.5406,0.0,0.0,1.216,0.0,73506.5406,0.0,915.2594,0.0,2
sz159915-simple_60_close_breakout-fee0.001,2019-01-21,73506.5406,0.0,0.0,1.222,0.0,73506.5406,0.0,915.2594,0.0,0
sz159915-simple_60_close_breakout-fee0.001,2019-01-22,73506.5406,0.0,0.0,1.201,0.0,73506.5406,0.0,915.2594,0.0,0
sz159915-simple_60_close_breakout-fee0.001,2019-01-23,73506.5406,0.0,0.0,1.197,0.0,73506.5406,0.0,915.2594,0.0,0
sz159915-simple_60_close_breakout-fee0.001,2019-01-24,73506.5406,0.0,0.0,1.211,0.0,73506.5406,0.0,915.2594,0.0,0
sz159915-simple_60_close_breakout-fee0.001,2019-01-25,73506.5406,0.0,0.0,1.214,0.0,73506.5406,0.0,915.2594,0.0,0
sz159915-simple_60_close_breakout-fee0.001,2019-01-26,73506.5406,0.0,0.0,1.214,0.0,73506.5406,0.0,915.2594,0.0,1
sz159915-simple_60_close_breakout-fee0.001,2019-01-27,73506.5406,0.0,0.0,1.214,0.0,73506.5406,0.0,915.2594,0.0,2
sz159915-simple_60_close_breakout-fee0.001,2019-01-28,73506.5406,0.0,0.0,1.208,0.0,73506.5406,0.0,915.2594,0.0,0
sz159915-simple_60_close_breakout-fee0.001,2019-01-29,73506.5406,0.0,0.0,1.192,0.0,73506.5406,0.0,915.2594,0.0,0
sz159915-simple_60_close_breakout-fee0.001,2019-01-30,73506.5406,0.0,0.0,1.183,0.0,73506.5406,0.0,915.2594,0.0,0
sz159915-simple_60_close_breakout-fee0.001,2019-01-31,73506.5406,0.0,0.0,1.178,0.0,73506.5406,0.0,915.2594,0.0,0
sz159915-simple_60_close_breakout-fee0.001,2019-02-01,73506.5406,0.0,0.0,1.221,0.0,73506.5406,0.0,915.2594,0.0,0
sz159915-simple_60_close_breakout-fee0.001,2019-02-02,73506.5406,0.0,0.0,1.221,0.0,73506.5406,0.0,915.2594,0.0,1
sz159915-simple_60_close_breakout-fee0.001,2019-02-03,73506.5406,0.0,0.0,1.221,0.0,73506.5406,0.0,915.2594,0.0,2
sz159915-simple_60_close_breakout-fee0.001,2019-02-04,73506.5406,0.0,0.0,1.221,0.0,73506.5406,0.0,915.2594,0.0,3
sz159915-simple_60_close_breakout-fee0.001,2019-02-05,73506.5406,0.0,0.0,1.221,0.0,73506.5406,0.0,915.2594,0.0,4
sz159915-simple_60_close_breakout-fee0.001,2019-02-06,73506.5406,0.0,0.0,1.221,0.0,73506.5406,0.0,915.2594,0.0,5
sz159915-simple_60_close_breakout-fee0.001,2019-02-07,73506.5406,0.0,0.0,1.221,0.0,73506.5406,0.0,915.2594,0.0,6
sz159915-simple_60_close_breakout-fee0.001,2019-02-08,73506.5406,0.0,0.0,1.221,0.0,73506.5406,0.0,915.2594,0.0,7
sz159915-simple_60_close_breakout-fee0.001,2019-02-09,73506.5406,0.0,0.0,1.221,0.0,73506.5406,0.0,915.2594,0.0,8
sz159915-simple_60_close_breakout-fee0.001,2019-02-10,73506.5406,0.0,0.0,1.221,0.0,73506.5406,0.0,915.2594,0.0,9
sz159915-simple_60_close_breakout-fee0.001,2019-02-11,73506.5406,0.0,0.0,1.264,0.0,73506.5406,0.0,915.2594,0.0,0
sz159915-simple_60_close_breakout-fee0.001,2019-02-12,73506.5406,0.0,0.0,1.278,0.0,73506.5406,0.0,915.2594,0.0,0
sz159915-simple_60_close_breakout-fee0.001,2019-02-13,73506.5406,0.0,0.0,1.301,0.0,73506.5406,0.0,915.2594,0.0,0
sz159915-simple_60_close_breakout-fee0.001,2019-02-14,73506.5406,0.0,0.0,1.304,0.0,73506.5406,0.0,915.2594,0.0,0
sz159915-simple_60_close_breakout-fee0.001,2019-02-15,73506.5406,0.0,0.0,1.302,0.0,73506.5406,0.0,915.2594,0.0,0
sz159915-simple_60_close_breakout-fee0.001,2019-02-16,73506.5406,0.0,0.0,1.302,0.0,73506.5406,0.0,915.2594,0.0,1
sz159915-simple_60_close_breakout-fee0.001,2019-02-17,73506.5406,0.0,0.0,1.302,0.0,73506.5406,0.0,915.2594,0.0,2
sz159915-simple_60_close_breakout-fee0.001,2019-02-18,73506.5406,0.0,0.0,1.357,0.0,73506.5406,0.0,915.2594,0.0,0
sz159915-simple_60_close_breakout-fee0.001,2019-02-19,47.1546,0.0,54000.0,1.346,72684.0,72731.1546,0.9993516588556949,988.6454,0.0,0
sz159915-simple_60_close_breakout-fee0.001,2019-02-20,47.1546,0.0,54000.0,1.348,72792.0,72839.1546,0.9993526201634416,988.6454,0.0,0
sz159915-simple_60_close_breakout-fee0.001,2019-02-21,47.1546,0.0,54000.0,1.355,73170.0,73217.1546,0.9993559624072034,988.6454,0.0,0
sz159915-simple_60_close_breakout-fee0.001,2019-02-22,47.1546,0.0,54000.0,1.406,75924.0,75971.1546,0.9993793091568994,988.6454,0.0,0
sz159915-simple_60_close_breakout-fee0.001,2019-02-23,47.1546,0.0,54000.0,1.406,75924.0,75971.1546,0.9993793091568994,988.6454,0.0,1
sz159915-simple_60_close_breakout-fee0.001,2019-02-24,47.1546,0.0,54000.0,1.406,75924.0,75971.1546,0.9993793091568994,988.6454,0.0,2
sz159915-simple_60_close_breakout-fee0.001,2019-02-25,47.1546,0.0,54000.0,1.492,80568.0,80615.1546,0.9994150653157713,988.6454,0.0,0
sz159915-simple_60_close_breakout-fee0.001,2019-02-26,47.1546,0.0,54000.0,1.479,79866.0,79913.1546,0.999409926935859,988.6454,0.0,0
sz159915-simple_60_close_breakout-fee0.001,2019-02-27,47.1546,0.0,54000.0,1.458,78732.0,78779.1546,0.9994014330283255,988.6454,0.0,0
sz159915-simple_60_close_breakout-fee0.001,2019-02-28,47.1546,0.0,54000.0,1.47,79380.0,79427.1546,0.9994063163884257,988.6454,0.0,0
sz159915-simple_60_close_breakout-fee0.001,2019-03-01,47.1546,0.0,54000.0,1.5,81000.0,81047.1546,0.9994181831523546,988.6454,0.0,0
sz159915-simple_60_close_breakout-fee0.001,2019-03-02,47.1546,0.0,54000.0,1.5,81000.0,81047.1546,0.9994181831523546,988.6454,0.0,1
sz159915-simple_60_close_breakout-fee0.001,2019-03-03,47.1546,0.0,54000.0,1.5,81000.0,81047.1546,0.9994181831523546,988.6454,0.0,2
sz159915-simple_60_close_breakout-fee0.001,2019-03-04,47.1546,0.0,54000.0,1.556,84024.0,84071.1546,0.9994391108314813,988.6454,0.0,0
sz159915-simple_60_close_breakout-fee0.001,2019-03-05,47.1546,0.0,54000.0,1.615,87210.0,87257.1546,0.999459590446008,988.6454,0.0,0
sz159915-simple_60_close_breakout-fee0.001,2019-03-06,47.1546,0.0,54000.0,1.635,88290.0,88337.1546,0.9994661974317203,988.6454,0.0,0
sz159915-simple_60_close_breakout-fee0.001,2019-03-07,47.1546,0.0,54000.0,1.621,87534.0,87581.1546,0.9994615896511599,988.6454,0.0,0
sz159915-simple_60_close_breakout-fee0.001,2019-03-08,47.1546,0.0,54000.0,1.584,85536.0,85583.1546,0.9994490200762008,988.6454,0.0,0
sz159915-simple_60_close_breakout-fee0.001,2019-03-09,47.1546,0.0,54000.0,1.584,85536.0,85583.1546,0.9994490200762008,988.6454,0.0,1
sz159915-simple_60_close_breakout-fee0.001,2019-03-10,47.1546,0.0,54000.0,1.584,85536.0,85583.1546,0.9994490200762008,988.6454,0.0,2
sz159915-simple_60_close_breakout-fee0.001,2019-03-11,47.1546,0.0,54000.0,1.658,89532.0,89579.1546,0.9994735985150723,988.6454,0.0,0
sz159915-simple_60_close_breakout-fee0.001,2019-03-12,47.1546,0.0,54000.0,1.696,91584.0,91631.1546,0.999485386818426,988.6454,0.0,0
sz159915-simple_60_close_breakout-fee0.001,2019-03-13,47.1546,0.0,54000.0,1.618,87372.0,87419.1546,0.9994605919009882,988.6454,0.0,0
sz159915-simple_60_close_breakout-fee0.001,2019-03-14,47.1546,0.0,54000.0,1.583,85482.0,85529.1546,0.9994486722075001,988.6454,0.0,0
sz159915-simple_60_close_breakout-fee0.001,2019-03-15,47.1546,0.0,54000.0,1.589,85806.0,85853.1546,0.9994507528556208,988.6454,0.0,0
sz159915-simple_60_close_breakout-fee0.001,2019-03-16,47.1546,0.0,54000.0,1.589,85806.0,85853.1546,0.9994507528556208,988.6454,0.0,1
sz159915-simple_60_close_breakout-fee0.001,2019-03-17,47.1546,0.0,54000.0,1.589,85806.0,85853.1546,0.9994507528556208,988.6454,0.0,2
sz159915-simple_60_close_breakout-fee0.001,2019-03-18,47.1546,0.0,54000.0,1.634,88236.0,88283.1546,0.9994658709216537,988.6454,0.0,0
sz159915-simple_60_close_breakout-fee0.001,2019-03-19,47.1546,0.0,54000.0,1.633,88182.0,88229.1546,0.999465544011911,988.6454,0.0,0
sz159915-simple_60_close_breakout-fee0.001,2019-03-20,47.1546,0.0,54000.0,1.613,87102.0,87149.1546,0.9994589207409248,988.6454,0.0,0
sz159915-simple_60_close_breakout-fee0.001,2019-03-21,47.1546,0.0,54000.0,1.627,87858.0,87905.1546,0.9994635741190084,988.6454,0.0,0
sz159915-simple_60_close_breakout-fee0.001,2019-03-22,47.1546,0.0,54000.0,1.621,87534.0,87581.1546,0.9994615896511599,988.6454,0.0,0
sz159915-simple_60_close_breakout-fee0.001,2019-03-23,47.1546,0.0,54000.0,1.621,87534.0,87581.1546,0.9994615896511599,988.6454,0.0,1
sz159915-simple_60_close_breakout-fee0.001,2019-03-24,47.1546,0.0,54000.0,1.621,87534.0,87581.1546,0.9994615896511599,988.6454,0.0,2
sz159915-simple_60_close_breakout-fee0.001,2019-03-25,47.1546,0.0,54000.0,1.598,86292.0,86339.1546,0.9994538445480678,988.6454,0.0,0
sz159915-simple_60_close_breakout-fee0.001,2019-03-26,47.1546,0.0,54000.0,1.556,84024.0,84071.1546,0.9994391108314813,988.6454,0.0,0
sz159915-simple_60_close_breakout-fee0.001,2019-03-27,47.1546,0.0,54000.0,1.568,84672.0,84719.1546,0.9994434009614162,988.6454,0.0,0
sz159915-simple_60_close_breakout-fee0.001,2019-03-28,47.1546,0.0,54000.0,1.556,84024.0,84071.1546,0.9994391108314813,988.6454,0.0,0
sz159915-simple_60_close_breakout-fee0.001,2019-03-29,47.1546,0.0,54000.0,1.624,87696.0,87743.1546,0.9994625837170437,988.6454,0.0,0
sz159915-simple_60_close_breakout-fee0.001,2019-03-30,47.1546,0.0,54000.0,1.624,87696.0,87743.1546,0.9994625837170437,988.6454,0.0,1
sz159915-simple_60_close_breakout-fee0.001,2019-03-31,47.1546,0.0,54000.0,1.624,87696.0,87743.1546,0.9994625837170437,988.6454,0.0,2
sz159915-simple_60_close_breakout-fee0.001,2019-04-01,47.1546,0.0,54000.0,1.694,91476.0,91523.1546,0.9994847795598164,988.6454,0.0,0
sz159915-simple_60_close_breakout-fee0.001,2019-04-02,47.1546,0.0,54000.0,1.682,90828.0,90875.1546,0.999481105697068,988.6454,0.0,0
sz159915-simple_60_close_breakout-fee0.001,2019-04-03,47.1546,0.0,54000.0,1.7,91800.0,91847.1546,0.9994865970513146,988.6454,0.0,0
sz159915-simple_60_close_breakout-fee0.001,2019-04-04,47.1546,0.0,54000.0,1.701,91854.0,91901.1546,0.9994868987206391,988.6454,0.0,0
sz159915-simple_60_close_breakout-fee0.001,2019-04-05,47.1546,0.0,54000.0,1.701,91854.0,91901.1546,0.9994868987206391,988.6454,0.0,1
sz159915-simple_60_close_breakout-fee0.001,2019-04-06,47.1546,0.0,54000.0,1.701,91854.0,91901.1546,0.9994868987206391,988.6454,0.0,2
sz159915-simple_60_close_breakout-fee0.001,2019-04-07,47.1546,0.0,54000.0,1.701,91854.0,91901.1546,0.9994868987206391,988.6454,0.0,3
sz159915-simple_60_close_breakout-fee0.001,2019-04-08,47.1546,0.0,54000.0,1.665,89910.0,89957.1546,0.9994758104543249,988.6454,0.0,0
sz159915-simple_60_close_breakout-fee0.001,2019-04-09,47.1546,0.0,54000.0,1.667,90018.0,90065.1546,0.999476439026731,988.6454,0.0,0
sz159915-simple_60_close_breakout-fee0.001,2019-04-10,47.1546,0.0,54000.0,1.654,89316.0,89363.1546,0.999472326148164,988.6454,0.0,0
sz159915-simple_60_close_breakout-fee0.001,2019-04-11,47.1546,0.0,54000.0,1.619,87426.0,87473.1546,0.9994609248950077,988.6454,0.0,0
sz159915-simple_60_close_breakout-fee0.001,2019-04-12,47.1546,0.0,54000.0,1.624,87696.0,87743.1546,0.9994625837170437,988.6454,0.0,0
sz159915-simple_60_close_breakout-fee0.001,2019-04-13,47.1546,0.0,54000.0,1.624,87696.0,87743.1546,0.9994625837170437,988.6454,0.0,1
sz159915-simple_60_close_breakout-fee0.001,2019-04-14,47.1546,0.0,54000.0,1.624,87696.0,87743.1546,0.9994625837170437,988.6454,0.0,2
sz159915-simple_60_close_breakout-fee0.001,2019-04-15,47.1546,0.0,54000.0,1.596,86184.0,86231.1546,0.9994531605169995,988.6454,0.0,0
sz159915-simple_60_close_breakout-fee0.001,2019-04-16,47.1546,0.0,54000.0,1.629,87966.0,88013.1546,0.9994642323614656,988.6454,0.0,0
sz159915-simple_60_close_breakout-fee0.001,2019-04-17,47.1546,0.0,54000.0,1.642,88668.0,88715.1546,0.999468471872561,988.6454,0.0,0
sz159915-simple_60_close_breakout-fee0.001,2019-04-18,47.1546,0.0,54000.0,1.629,87966.0,88013.1546,0.9994642323614656,988.6454,0.0,0
sz159915-simple_60_close_breakout-fee0.001,2019-04-19,47.1546,0.0,54000.0,1.645,88830.0,88877.1546,0.9994694407104703,988.6454,0.0,0
sz159915-simple_60_close_breakout-fee0.001,2019-04-20,47.1546,0.0,54000.0,1.645,88830.0,88877.1546,0.9994694407104703,988.6454,0.0,1
sz159915-simple_60_close_breakout-fee0.001,2019-04-21,47.1546,0.0,54000.0,1.645,88830.0,88877.1546,0.9994694407104703,988.6454,0.0,2
sz159915-simple_60_close_breakout-fee0.001,2019-04-22,47.1546,0.0,54000.0,1.624,87696.0,87743.1546,0.9994625837170437,988.6454,0.0,0
sz159915-simple_60_close_breakout-fee0.001,2019-04-23,47.1546,0.0,54000.0,1.61,86940.0,86987.1546,0.999457913065247,988.6454,0.0,0
sz159915-simple_60_close_breakout-fee0.001,2019-04-24,47.1546,0.0,54000.0,1.646,88884.0,88931.1546,0.9994697628720542,988.6454,0.0,0
sz159915-simple_60_close_breakout-fee0.001,2019-04-25,47.1546,0.0,54000.0,1.598,86292.0,86339.1546,0.9994538445480678,988.6454,0.0,0
sz159915-simple_60_close_breakout-fee0.001,2019-04-26,47.1546,0.0,54000.0,1.589,85806.0,85853.1546,0.9994507528556208,988.6454,0.0,0
sz159915-simple_60_close_breakout-fee0.001,2019-04-27,47.1546,0.0,54000.0,1.589,85806.0,85853.1546,0.9994507528556208,988.6454,0.0,1
sz159915-simple_60_close_breakout-fee0.001,2019-04-28,47.1546,0.0,54000.0,1.589,85806.0,85853.1546,0.9994507528556208,988.6454,0.0,2
sz159915-simple_60_close_breakout-fee0.001,2019-04-29,47.1546,0.0,54000.0,1.549,83646.0,83693.1546,0.9994365775764413,988.6454,0.0,0
sz159915-simple_60_close_breakout-fee0.001,2019-04-30,47.1546,0.0,54000.0,1.553,83862.0,83909.1546,0.9994380279455228,988.6454,0.0,0
sz159915-simple_60_close_breakout-fee0.001,2019-05-01,47.1546,0.0,54000.0,1.553,83862.0,83909.1546,0.9994380279455228,988.6454,0.0,1
sz159915-simple_60_close_breakout-fee0.001,2019-05-02,47.1546,0.0,54000.0,1.553,83862.0,83909.1546,0.9994380279455228,988.6454,0.0,2
sz159915-simple_60_close_breakout-fee0.001,2019-05-03,47.1546,0.0,54000.0,1.553,83862.0,83909.1546,0.9994380279455228,988.6454,0.0,3
sz159915-simple_60_close_breakout-fee0.001,2019-05-04,47.1546,0.0,54000.0,1.553,83862.0,83909.1546,0.9994380279455228,988.6454,0.0,4
sz159915-simple_60_close_breakout-fee0.001,2019-05-05,47.1546,0.0,54000.0,1.553,83862.0,83909.1546,0.9994380279455228,988.6454,0.0,5
sz159915-simple_60_close_breakout-fee0.001,2019-05-06,47.1546,0.0,54000.0,1.424,76896.0,76943.1546,0.9993871501598142,988.6454,0.0,0
sz159915-simple_60_close_breakout-fee0.001,2019-05-07,47.1546,0.0,54000.0,1.438,77652.0,77699.1546,0.9993931130880026,988.6454,0.0,0
sz159915-simple_60_close_breakout-fee0.001,2019-05-08,47.1546,0.0,54000.0,1.419,76626.0,76673.1546,0.9993849920451818,988.6454,0.0,0
sz159915-simple_60_close_breakout-fee0.001,2019-05-09,47.1546,0.0,54000.0,1.409,76086.0,76133.1546,0.999380629894456,988.6454,0.0,0
sz159915-simple_60_close_breakout-fee0.001,2019-05-10,47.1546,0.0,54000.0,1.465,79110.0,79157.1546,0.9994042913715344,988.6454,0.0,0
sz159915-simple_60_close_breakout-fee0.001,2019-05-11,47.1546,0.0,54000.0,1.465,79110.0,79157.1546,0.9994042913715344,988.6454,0.0,1
sz159915-simple_60_close_breakout-fee0.001,2019-05-12,47.1546,0.0,54000.0,1.465,79110.0,79157.1546,0.9994042913715344,988.6454,0.0,2
sz159915-simple_60_close_breakout-fee0.001,2019-05-13,47.1546,0.0,54000.0,1.441,77814.0,77861.1546,0.9993943757931378,988.6454,0.0,0
sz159915-simple_60_close_breakout-fee0.001,2019-05-14,47.1546,0.0,54000.0,1.431,77274.0,77321.1546,0.9993901461993947,988.6454,0.0,0
sz159915-simple_60_close_breakout-fee0.001,2019-05-15,47.1546,0.0,54000.0,1.462,78948.0,78995.1546,0.9994030697168862,988.6454,0.0,0
sz159915-simple_60_close_breakout-fee0.001,2019-05-16,47.1546,0.0,54000.0,1.468,79272.0,79319.1546,0.9994055080360122,988.6454,0.0,0
sz159915-simple_60_close_breakout-fee0.001,2019-05-17,47.1546,0.0,54000.0,1.416,76464.0,76511.1546,0.9993836898652684,988.6454,0.0,0
sz159915-simple_60_close_breakout-fee0.001,2019-05-18,47.1546,0.0,54000.0,1.416,76464.0,76511.1546,0.9993836898652684,988.6454,0.0,1
sz159915-simple_60_close_breakout-fee0.001,2019-05-19,47.1546,0.0,54000.0,1.416,76464.0,76511.1546,0.9993836898652684,988.6454,0.0,2
sz159915-simple_60_close_breakout-fee0.001,2019-05-20,47.1546,0.0,54000.0,1.407,75978.0,76025.1546,0.9993797500281572,988.6454,0.0,0
sz159915-simple_60_close_breakout-fee0.001,2019-05-21,47.1546,0.0,54000.0,1.43,77220.0,77267.1546,0.9993897199884723,988.6454,0.0,0
sz159915-simple_60_close_breakout-fee0.001,2019-05-22,47.1546,0.0,54000.0,1.427,77058.0,77105.1546,0.9993884377737827,988.6454,0.0,0
sz159915-simple_60_close_breakout-fee0.001,2019-05-23,47.1546,0.0,54000.0,1.392,75168.0,75215.1546,0.9993730704902387,988.6454,0.0,0
sz159915-simple_60_close_breakout-fee0.001,2019-05-24,75139.9866,0.0,0.0,1.384,0.0,75139.9866,0.0,1063.8134,0.0,0
sz159915-simple_60_close_breakout-fee0.001,2019-05-25,75139.9866,0.0,0.0,1.384,0.0,75139.9866,0.0,1063.8134,0.0,1
sz159915-simple_60_close_breakout-fee0.001,2019-05-26,75139.9866,0.0,0.0,1.384,0.0,75139.9866,0.0,1063.8134,0.0,2
sz159915-simple_60_close_breakout-fee0.001,2019-05-27,75139.9866,0.0,0.0,1.428,0.0,75139.9866,0.0,1063.8134,0.0,0
sz159915-simple_60_close_breakout-fee0.001,2019-05-28,75139.9866,0.0,0.0,1.432,0.0,75139.9866,0.0,1063.8134,0.0,0
sz159915-simple_60_close_breakout-fee0.001,2019-05-29,75139.9866,0.0,0.0,1.432,0.0,75139.9866,0.0,1063.8134,0.0,0
sz159915-simple_60_close_breakout-fee0.001,2019-05-30,75139.9866,0.0,0.0,1.422,0.0,75139.9866,0.0,1063.8134,0.0,0
sz159915-simple_60_close_breakout-fee0.001,2019-05-31,75139.9866,0.0,0.0,1.425,0.0,75139.9866,0.0,1063.8134,0.0,0
sz159915-simple_60_close_breakout-fee0.001,2019-06-01,75139.9866,0.0,0.0,1.425,0.0,75139.9866,0.0,1063.8134,0.0,1
sz159915-simple_60_close_breakout-fee0.001,2019-06-02,75139.9866,0.0,0.0,1.425,0.0,75139.9866,0.0,1063.8134,0.0,2
sz159915-simple_60_close_breakout-fee0.001,2019-06-03,75139.9866,0.0,0.0,1.411,0.0,75139.9866,0.0,1063.8134,0.0,0
sz159915-simple_60_close_breakout-fee0.001,2019-06-04,75139.9866,0.0,0.0,1.4,0.0,75139.9866,0.0,1063.8134,0.0,0
sz159915-simple_60_close_breakout-fee0.001,2019-06-05,75139.9866,0.0,0.0,1.393,0.0,75139.9866,0.0,1063.8134,0.0,0
sz159915-simple_60_close_breakout-fee0.001,2019-06-06,75139.9866,0.0,0.0,1.363,0.0,75139.9866,0.0,1063.8134,0.0,0
sz159915-simple_60_close_breakout-fee0.001,2019-06-07,75139.9866,0.0,0.0,1.363,0.0,75139.9866,0.0,1063.8134,0.0,1
sz159915-simple_60_close_breakout-fee0.001,2019-06-08,75139.9866,0.0,0.0,1.363,0.0,75139.9866,0.0,1063.8134,0.0,2
sz159915-simple_60_close_breakout-fee0.001,2019-06-09,75139.9866,0.0,0.0,1.363,0.0,75139.9866,0.0,1063.8134,0.0,3
sz159915-simple_60_close_breakout-fee0.001,2019-06-10,75139.9866,0.0,0.0,1.376,0.0,75139.9866,0.0,1063.8134,0.0,0
sz159915-simple_60_close_breakout-fee0.001,2019-06-11,75139.9866,0.0,0.0,1.43,0.0,75139.9866,0.0,1063.8134,0.0,0
sz159915-simple_60_close_breakout-fee0.001,2019-06-12,75139.9866,0.0,0.0,1.412,0.0,75139.9866,0.0,1063.8134,0.0,0
sz159915-simple_60_close_breakout-fee0.001,2019-06-13,75139.9866,0.0,0.0,1.422,0.0,75139.9866,0.0,1063.8134,0.0,0
sz159915-simple_60_close_breakout-fee0.001,2019-06-14,75139.9866,0.0,0.0,1.397,0.0,75139.9866,0.0,1063.8134,0.0,0
sz159915-simple_60_close_breakout-fee0.001,2019-06-15,75139.9866,0.0,0.0,1.397,0.0,75139.9866,0.0,1063.8134,0.0,1
sz159915-simple_60_close_breakout-fee0.001,2019-06-16,75139.9866,0.0,0.0,1.397,0.0,75139.9866,0.0,1063.8134,0.0,2
sz159915-simple_60_close_breakout-fee0.001,2019-06-17,75139.9866,0.0,0.0,1.39,0.0,75139.9866,0.0,1063.8134,0.0,0
sz159915-simple_60_close_breakout-fee0.001,2019-06-18,75139.9866,0.0,0.0,1.4,0.0,75139.9866,0.0,1063.8134,0.0,0
sz159915-simple_60_close_breakout-fee0.001,2019-06-19,75139.9866,0.0,0.0,1.417,0.0,75139.9866,0.0,1063.8134,0.0,0
sz159915-simple_60_close_breakout-fee0.001,2019-06-20,75139.9866,0.0,0.0,1.442,0.0,75139.9866,0.0,1063.8134,0.0,0
sz159915-simple_60_close_breakout-fee0.001,2019-06-21,75139.9866,0.0,0.0,1.473,0.0,75139.9866,0.0,1063.8134,0.0,0
sz159915-simple_60_close_breakout-fee0.001,2019-06-22,75139.9866,0.0,0.0,1.473,0.0,75139.9866,0.0,1063.8134,0.0,1
sz159915-simple_60_close_breakout-fee0.001,2019-06-23,75139.9866,0.0,0.0,1.473,0.0,75139.9866,0.0,1063.8134,0.0,2
sz159915-simple_60_close_breakout-fee0.001,2019-06-24,75139.9866,0.0,0.0,1.46,0.0,75139.9866,0.0,1063.8134,0.0,0
sz159915-simple_60_close_breakout-fee0.001,2019-06-25,75139.9866,0.0,0.0,1.442,0.0,75139.9866,0.0,1063.8134,0.0,0
sz159915-simple_60_close_breakout-fee0.001,2019-06-26,75139.9866,0.0,0.0,1.448,0.0,75139.9866,0.0,1063.8134,0.0,0
sz159915-simple_60_close_breakout-fee0.001,2019-06-27,75139.9866,0.0,0.0,1.469,0.0,75139.9866,0.0,1063.8134,0.0,0
sz159915-simple_60_close_breakout-fee0.001,2019-06-28,75139.9866,0.0,0.0,1.457,0.0,75139.9866,0.0,1063.8134,0.0,0
sz159915-simple_60_close_breakout-fee0.001,2019-06-29,75139.9866,0.0,0.0,1.457,0.0,75139.9866,0.0,1063.8134,0.0,1
sz159915-simple_60_close_breakout-fee0.001,2019-06-30,75139.9866,0.0,0.0,1.457,0.0,75139.9866,0.0,1063.8134,0.0,2
sz159915-simple_60_close_breakout-fee0.001,2019-07-01,75139.9866,0.0,0.0,1.511,0.0,75139.9866,0.0,1063.8134,0.0,0
sz159915-simple_60_close_breakout-fee0.001,2019-07-02,75139.9866,0.0,0.0,1.511,0.0,75139.9866,0.0,1063.8134,0.0,0
sz159915-simple_60_close_breakout-fee0.001,2019-07-03,75139.9866,0.0,0.0,1.488,0.0,75139.9866,0.0,1063.8134,0.0,0
sz159915-simple_60_close_breakout-fee0.001,2019-07-04,75139.9866,0.0,0.0,1.476,0.0,75139.9866,0.0,1063.8134,0.0,0
sz159915-simple_60_close_breakout-fee0.001,2019-07-05,75139.9866,0.0,0.0,1.492,0.0,75139.9866,0.0,1063.8134,0.0,0
sz159915-simple_60_close_breakout-fee0.001,2019-07-06,75139.9866,0.0,0.0,1.492,0.0,75139.9866,0.0,1063.8134,0.0,1
sz159915-simple_60_close_breakout-fee0.001,2019-07-07,75139.9866,0.0,0.0,1.492,0.0,75139.9866,0.0,1063.8134,0.0,2
sz159915-simple_60_close_breakout-fee0.001,2019-07-08,75139.9866,0.0,0.0,1.45,0.0,75139.9866,0.0,1063.8134,0.0,0
sz159915-simple_60_close_breakout-fee0.001,2019-07-09,75139.9866,0.0,0.0,1.462,0.0,75139.9866,0.0,1063.8134,0.0,0
sz159915-simple_60_close_breakout-fee0.001,2019-07-10,75139.9866,0.0,0.0,1.456,0.0,75139.9866,0.0,1063.8134,0.0,0
sz159915-simple_60_close_breakout-fee0.001,2019-07-11,75139.9866,0.0,0.0,1.458,0.0,75139.9866,0.0,1063.8134,0.0,0
sz159915-simple_60_close_breakout-fee0.001,2019-07-12,75139.9866,0.0,0.0,1.465,0.0,75139.9866,0.0,1063.8134,0.0,0
sz159915-simple_60_close_breakout-fee0.001,2019-07-13,75139.9866,0.0,0.0,1.465,0.0,75139.9866,0.0,1063.8134,0.0,1
sz159915-simple_60_close_breakout-fee0.001,2019-07-14,75139.9866,0.0,0.0,1.465,0.0,75139.9866,0.0,1063.8134,0.0,2
sz159915-simple_60_close_breakout-fee0.001,2019-07-15,75139.9866,0.0,0.0,1.489,0.0,75139.9866,0.0,1063.8134,0.0,0
sz159915-simple_60_close_breakout-fee0.001,2019-07-16,75139.9866,0.0,0.0,1.489,0.0,75139.9866,0.0,1063.8134,0.0,0
sz159915-simple_60_close_breakout-fee0.001,2019-07-17,75139.9866,0.0,0.0,1.492,0.0,75139.9866,0.0,1063.8134,0.0,0
sz159915-simple_60_close_breakout-fee0.001,2019-07-18,75139.9866,0.0,0.0,1.47,0.0,75139.9866,0.0,1063.8134,0.0,0
sz159915-simple_60_close_breakout-fee0.001,2019-07-19,75139.9866,0.0,0.0,1.486,0.0,75139.9866,0.0,1063.8134,0.0,0
sz159915-simple_60_close_breakout-fee0.001,2019-07-20,75139.9866,0.0,0.0,1.486,0.0,75139.9866,0.0,1063.8134,0.0,1
sz159915-simple_60_close_breakout-fee0.001,2019-07-21,75139.9866,0.0,0.0,1.486,0.0,75139.9866,0.0,1063.8134,0.0,2
sz159915-simple_60_close_breakout-fee0.001,2019-07-22,75139.9866,0.0,0.0,1.461,0.0,75139.9866,0.0,1063.8134,0.0,0
sz159915-simple_60_close_breakout-fee0.001,2019-07-23,75139.9866,0.0,0.0,1.481,0.0,75139.9866,0.0,1063.8134,0.0,0
sz159915-simple_60_close_breakout-fee0.001,2019-07-24,75139.9866,0.0,0.0,1.498,0.0,75139.9866,0.0,1063.8134,0.0,0
sz159915-simple_60_close_breakout-fee0.001,2019-07-25,75139.9866,0.0,0.0,1.506,0.0,75139.9866,0.0,1063.8134,0.0,0
sz159915-simple_60_close_breakout-fee0.001,2019-07-26,75139.9866,0.0,0.0,1.506,0.0,75139.9866,0.0,1063.8134,0.0,0
sz159915-simple_60_close_breakout-fee0.001,2019-07-27,75139.9866,0.0,0.0,1.506,0.0,75139.9866,0.0,1063.8134,0.0,1
sz159915-simple_60_close_breakout-fee0.001,2019-07-28,75139.9866,0.0,0.0,1.506,0.0,75139.9866,0.0,1063.8134,0.0,2
sz159915-simple_60_close_breakout-fee0.001,2019-07-29,75139.9866,0.0,0.0,1.509,0.0,75139.9866,0.0,1063.8134,0.0,0
sz159915-simple_60_close_breakout-fee0.001,2019-07-30,75139.9866,0.0,0.0,1.522,0.0,75139.9866,0.0,1063.8134,0.0,0
sz159915-simple_60_close_breakout-fee0.001,2019-07-31,72.4941,0.0,49500.0,1.512,74844.0,74916.4941,0.9990323345897202,1138.8059,0.0,0
sz159915-simple_60_close_breakout-fee0.001,2019-08-01,72.4941,0.0,49500.0,1.516,75042.0,75114.4941,0.9990348853324701,1138.8059,0.0,0
sz159915-simple_60_close_breakout-fee0.001,2019-08-02,72.4941,0.0,49500.0,1.501,74299.5,74371.9941,0.9990252500167937,1138.8059,0.0,0
sz159915-simple_60_close_breakout-fee0.001,2019-08-03,72.4941,0.0,49500.0,1.501,74299.5,74371.9941,0.9990252500167937,1138.8059,0.0,1
sz159915-simple_60_close_breakout-fee0.001,2019-08-04,72.4941,0.0,49500.0,1.501,74299.5,74371.9941,0.9990252500167937,1138.8059,0.0,2
sz159915-simple_60_close_breakout-fee0.001,2019-08-05,72.4941,0.0,49500.0,1.473,72913.5,72985.9941,0.9990067395684071,1138.8059,0.0,0
sz159915-simple_60_close_breakout-fee0.001,2019-08-06,72.4941,0.0,49500.0,1.451,71824.5,71896.9941,0.9989916949810285,1138.8059,0.0,0
sz159915-simple_60_close_breakout-fee0.001,2019-08-07,72.4941,0.0,49500.0,1.447,71626.5,71698.9941,0.998988910501326,1138.8059,0.0,0
sz159915-simple_60_close_breakout-fee0.001,2019-08-08,72.4941,0.0,49500.0,1.468,72666.0,72738.4941,0.999003359900463,1138.8059,0.0,0
sz159915-simple_60_close_breakout-fee0.001,2019-08-09,72.4941,0.0,49500.0,1.45,71775.0,71847.4941,0.9989910002998977,1138.8059,0.0,0
sz159915-simple_60_close_breakout-fee0.001,2019-08-10,72.4941,0.0,49500.0,1.45,71775.0,71847.4941,0.9989910002998977,1138.8059,0.0,1
sz159915-simple_60_close_breakout-fee0.001,2019-08-11,72.4941,0.0,49500.0,1.45,71775.0,71847.4941,0.9989910002998977,1138.8059,0.0,2
sz159915-simple_60_close_breakout-fee0.001,2019-08-12,72.4941,0.0,49500.0,1.486,73557.0,73629.4941,0.9990154203707886,1138.8059,0.0,0
sz159915-simple_60_close_breakout-fee0.001,2019-08-13,72.4941,0.0,49500.0,1.47,72765.0,72837.4941,0.9990047145238073,1138.8059,0.0,0
sz159915-simple_60_close_breakout-fee0.001,2019-08-14,72.4941,0.0,49500.0,1.477,73111.5,73183.9941,0.999009426844059,1138.8059,0.0,0
sz159915-simple_60_close_breakout-fee0.001,2019-08-15,72.4941,0.0,49500.0,1.498,74151.0,74223.4941,0.9990232998206426,1138.8059,0.0,0
sz159915-simple_60_close_breakout-fee0.001,2019-08-16,72.4941,0.0,49500.0,1.512,74844.0,74916.4941,0.9990323345897202,1138.8059,0.0,0
sz159915-simple_60_close_breakout-fee0.001,2019-08-17,72.4941,0.0,49500.0,1.512,74844.0,74916.4941,0.9990323345897202,1138.8059,0.0,1
sz159915-simple_60_close_breakout-fee0.001,2019-08-18,72.4941,0.0,49500.0,1.512,74844.0,74916.4941,0.9990323345897202,1138.8059,0.0,2
sz159915-simple_60_close_breakout-fee0.001,2019-08-19,72.4941,0.0,49500.0,1.568,77616.0,77688.4941,0.9990668618198895,1138.8059,0.0,0
sz159915-simple_60_close_breakout-fee0.001,2019-08-20,72.4941,0.0,49500.0,1.553,76873.5,76945.9941,0.9990578573862365,1138.8059,0.0,0
sz159915-simple_60_close_breakout-fee0.001,2019-08-21,72.4941,0.0,49500.0,1.549,76675.5,76747.9941,0.9990554267789,1138.8059,0.0,0
sz159915-simple_60_close_breakout-fee0.001,2019-08-22,72.4941,0.0,49500.0,1.554,76923.0,76995.4941,0.9990584630847897,1138.8059,0.0,0
sz159915-simple_60_close_breakout-fee0.001,2019-08-23,72.4941,0.0,49500.0,1.555,76972.5,77044.9941,0.9990590680050425,1138.8059,0.0,0
sz159915-simple_60_close_breakout-fee0.001,2019-08-24,72.4941,0.0,49500.0,1.555,76972.5,77044.9941,0.9990590680050425,1138.8059,0.0,1
sz159915-simple_60_close_breakout-fee0.001,2019-08-25,72.4941,0.0,49500.0,1.555,76972.5,77044.9941,0.9990590680050425,1138.8059,0.0,2
sz159915-simple_60_close_breakout-fee0.001,2019-08-26,72.4941,0.0,49500.0,1.54,76230.0,76302.4941,0.9990499117904981,1138.8059,0.0,0
sz159915-simple_60_close_breakout-fee0.001,2019-08-27,72.4941,0.0,49500.0,1.567,77566.5,77638.9941,0.9990662668825072,1138.8059,0.0,0
sz159915-simple_60_close_breakout-fee0.001,2019-08-28,72.4941,0.0,49500.0,1.565,77467.5,77539.9941,0.9990650747289649,1138.8059,0.0,0
sz159915-simple_60_close_breakout-fee0.001,2019-08-29,72.4941,0.0,49500.0,1.558,77121.0,77193.4941,0.9990608781109702,1138.8059,0.0,0
sz159915-simple_60_close_breakout-fee0.001,2019-08-30,72.4941,0.0,49500.0,1.549,76675.5,76747.9941,0.9990554267789,1138.8059,0.0,0
sz159915-simple_60_close_breakout-fee0.001,2019-08-31,72.4941,0.0,49500.0,1.549,76675.5,76747.9941,0.9990554267789,1138.8059,0.0,1
sz159915-simple_60_close_breakout-fee0.001,2019-09-01,72.4941,0.0,49500.0,1.549,76675.5,76747.9941,0.9990554267789,1138.8059,0.0,2
sz159915-simple_60_close_breakout-fee0.001,2019-09-02,72.4941,0.0,49500.0,1.592,78804.0,78876.4941,0.9990809163005129,1138.8059,0.0,0
sz159915-simple_60_close_breakout-fee0.001,2019-09-03,72.4941,0.0,49500.0,1.595,78952.5,79024.9941,0.9990826433987674,1138.8059,0.0,0
sz159915-simple_60_close_breakout-fee0.001,2019-09-04,72.4941,0.0,49500.0,1.607,79546.5,79618.9941,0.9990894873664323,1138.8059,0.0,0
sz159915-simple_60_close_breakout-fee0.001,2019-09-05,72.4941,0.0,49500.0,1.627,80536.5,80608.9941,0.9991006698345588,1138.8059,0.0,0
sz159915-simple_60_close_breakout-fee0.001,2019-09-06,72.4941,0.0,49500.0,1.631,80734.5,80806.9941,0.9991028734479309,1138.8059,0.0,0
sz159915-simple_60_close_breakout-fee0.001,2019-09-07,72.4941,0.0,49500.0,1.631,80734.5,80806.9941,0.9991028734479309,1138.8059,0.0,1
sz159915-simple_60_close_breakout-fee0.001,2019-09-08,72.4941,0.0,49500.0,1.631,80734.5,80806.9941,0.9991028734479309,1138.8059,0.0,2
sz159915-simple_60_close_breakout-fee0.001,2019-09-09,72.4941,0.0,49500.0,1.67,82665.0,82737.4941,0.9991238059505116,1138.8059,0.0,0
sz159915-simple_60_close_breakout-fee0.001,2019-09-10,72.4941,0.0,49500.0,1.661,82219.5,82291.9941,0.9991190625431691,1138.8059,0.0,0
sz159915-simple_60_close_breakout-fee0.001,2019-09-11,72.4941,0.0,49500.0,1.638,81081.0,81153.4941,0.9991067038973002,1138.8059,0.0,0
sz159915-simple_60_close_breakout-fee0.001,2019-09-12,72.4941,0.0,49500.0,1.646,81477.0,81549.4941,0.9991110416955977,1138.8059,0.0,0
sz159915-simple_60_close_breakout-fee0.001,2019-09-13,72.4941,0.0,49500.0,1.646,81477.0,81549.4941,0.9991110416955977,1138.8059,0.0,1
sz159915-simple_60_close_breakout-fee0.001,2019-09-14,72.4941,0.0,49500.0,1.646,81477.0,81549.4941,0.9991110416955977,1138.8059,0.0,2
sz159915-simple_60_close_breakout-fee0.001,2019-09-15,72.4941,0.0,49500.0,1.646,81477.0,81549.4941,0.9991110416955977,1138.8059,0.0,3
sz159915-simple_60_close_breakout-fee0.001,2019-09-16,72.4941,0.0,49500.0,1.65,81675.0,81747.4941,0.9991131948349228,1138.8059,0.0,0
sz159915-simple_60_close_breakout-fee0.001,2019-09-17,72.4941,0.0,49500.0,1.618,80091.0,80163.4941,0.9990956719038523,1138.8059,0.0,0
sz159915-simple_60_close_breakout-fee0.001,2019-09-18,72.4941,0.0,49500.0,1.617,80041.5,80113.9941,0.99909511314703,1138.8059,0.0,0
sz159915-simple_60_close_breakout-fee0.001,2019-09-19,72.4941,0.0,49500.0,1.642,81279.0,81351.4941,0.9991088780752952,1138.8059,0.0,0
sz159915-simple_60_close_breakout-fee0.001,2019-09-20,72.4941,0.0,49500.0,1.638,81081.0,81153.4941,0.9991067038973002,1138.8059,0.0,0
sz159915-simple_60_close_breakout-fee0.001,2019-09-21,72.4941,0.0,49500.0,1.638,81081.0,81153.4941,0.9991067038973002,1138.8059,0.0,1
sz159915-simple_60_close_breakout-fee0.001,2019-09-22,72.4941,0.0,49500.0,1.638,81081.0,81153.4941,0.9991067038973002,1138.8059,0.0,2
sz159915-simple_60_close_breakout-fee0.001,2019-09-23,72.4941,0.0,49500.0,1.62,80190.0,80262.4941,0.9990967873498963,1138.8059,0.0,0
sz159915-simple_60_close_breakout-fee0.001,2019-09-24,72.4941,0.0,49500.0,1.629,80635.5,80707.9941,0.9991017729927697,1138.8059,0.0,0
sz159915-simple_60_close_breakout-fee0.001,2019-09-25,72.4941,0.0,49500.0,1.611,79744.5,79816.9941,0.9990917460521105,1138.8059,0.0,0
sz159915-simple_60_close_breakout-fee0.001,2019-09-26,72.4941,0.0,49500.0,1.561,77269.5,77341.9941,0.9990626812659333,1138.8059,0.0,0
sz159915-simple_60_close_breakout-fee0.001,2019-09-27,72.4941,0.0,49500.0,1.587,78556.5,78628.9941,0.9990780233064179,1138.8059,0.0,0
sz159915-simple_60_close_breakout-fee0.001,2019-09-28,72.4941,0.0,49500.0,1.587,78556.5,78628.9941,0.9990780233064179,1138.8059,0.0,1
sz159915-simple_60_close_breakout-fee0.001,2019-09-29,72.4941,0.0,49500.0,1.587,78556.5,78628.9941,0.9990780233064179,1138.8059,0.0,2
sz159915-simple_60_close_breakout-fee0.001,2019-09-30,72.4941,0.0,49500.0,1.57,77715.0,77787.4941,0.999068049423127,1138.8059,0.0,0
sz159915-simple_60_close_breakout-fee0.001,2019-10-01,72.4941,0.0,49500.0,1.57,77715.0,77787.4941,0.999068049423127,1138.8059,0.0,1
sz159915-simple_60_close_breakout-fee0.001,2019-10-02,72.4941,0.0,49500.0,1.57,77715.0,77787.4941,0.999068049423127,1138.8059,0.0,2
sz159915-simple_60_close_breakout-fee0.001,2019-10-03,72.4941,0.0,49500.0,1.57,77715.0,77787.4941,0.999068049423127,1138.8059,0.0,3
sz159915-simple_60_close_breakout-fee0.001,2019-10-04,72.4941,0.0,49500.0,1.57,77715.0,77787.4941,0.999068049423127,1138.8059,0.0,4
sz159915-simple_60_close_breakout-fee0.001,2019-10-05,72.4941,0.0,49500.0,1.57,77715.0,77787.4941,0.999068049423127,1138.8059,0.0,5
sz159915-simple_60_close_breakout-fee0.001,2019-10-06,72.4941,0.0,49500.0,1.57,77715.0,77787.4941,0.999068049423127,1138.8059,0.0,6
sz159915-simple_60_close_breakout-fee0.001,2019-10-07,72.4941,0.0,49500.0,1.57,77715.0,77787.4941,0.999068049423127,1138.8059,0.0,7
sz159915-simple_60_close_breakout-fee0.001,2019-10-08,72.4941,0.0,49500.0,1.556,77022.0,77094.4941,0.9990596721484939,1138.8059,0.0,0
sz159915-simple_60_close_breakout-fee0.001,2019-10-09,72.4941,0.0,49500.0,1.561,77269.5,77341.9941,0.9990626812659333,1138.8059,0.0,0
sz159915-simple_60_close_breakout-fee0.001,2019-10-10,72.4941,0.0,49500.0,1.604,79398.0,79470.4941,0.9990877859660873,1138.8059,0.0,0
sz159915-simple_60_close_breakout-fee0.001,2019-10-11,72.4941,0.0,49500.0,1.606,79497.0,79569.4941,0.9990889209386088,1138.8059,0.0,0
sz159915-simple_60_close_breakout-fee0.001,2019-10-12,72.4941,0.0,49500.0,1.606,79497.0,79569.4941,0.9990889209386088,1138.8059,0.0,1
sz159915-simple_60_close_breakout-fee0.001,2019-10-13,72.4941,0.0,49500.0,1.606,79497.0,79569.4941,0.9990889209386088,1138.8059,0.0,2
sz159915-simple_60_close_breakout-fee0.001,2019-10-14,72.4941,0.0,49500.0,1.617,80041.5,80113.9941,0.99909511314703,1138.8059,0.0,0
sz159915-simple_60_close_breakout-fee0.001,2019-10-15,72.4941,0.0,49500.0,1.597,79051.5,79123.9941,0.9990837911960261,1138.8059,0.0,0
sz159915-simple_60_close_breakout-fee0.001,2019-10-16,72.4941,0.0,49500.0,1.592,78804.0,78876.4941,0.9990809163005129,1138.8059,0.0,0
sz159915-simple_60_close_breakout-fee0.001,2019-10-17,72.4941,0.0,49500.0,1.595,78952.5,79024.9941,0.9990826433987674,1138.8059,0.0,0
sz159915-simple_60_close_breakout-fee0.001,2019-10-18,72.4941,0.0,49500.0,1.589,78655.5,78727.9941,0.99907918268681,1138.8059,0.0,0
sz159915-simple_60_close_breakout-fee0.001,2019-10-19,72.4941,0.0,49500.0,1.589,78655.5,78727.9941,0.99907918268681,1138.8059,0.0,1
sz159915-simple_60_close_breakout-fee0.001,2019-10-20,72.4941,0.0,49500.0,1.589,78655.5,78727.9941,0.99907918268681,1138.8059,0.0,2
sz159915-simple_60_close_breakout-fee0.001,2019-10-21,72.4941,0.0,49500.0,1.585,78457.5,78529.9941,0.9990768610028458,1138.8059,0.0,0
sz159915-simple_60_close_breakout-fee0.001,2019-10-22,72.4941,0.0,49500.0,1.606,79497.0,79569.4941,0.9990889209386088,1138.8059,0.0,0
sz159915-simple_60_close_breakout-fee0.001,2019-10-23,72.4941,0.0,49500.0,1.589,78655.5,78727.9941,0.99907918268681,1138.8059,0.0,0
sz159915-simple_60_close_breakout-fee0.001,2019-10-24,72.4941,0.0,49500.0,1.593,78853.5,78925.9941,0.9990814927220537,1138.8059,0.0,0
sz159915-simple_60_close_breakout-fee0.001,2019-10-25,72.4941,0.0,49500.0,1.616,79992.0,80064.4941,0.9990945536993032,1138.8059,0.0,0
sz159915-simple_60_close_breakout-fee0.001,2019-10-26,72.4941,0.0,49500.0,1.616,79992.0,80064.4941,0.9990945536993032,1138.8059,0.0,1
sz159915-simple_60_close_breakout-fee0.001,2019-10-27,72.4941,0.0,49500.0,1.616,79992.0,80064.4941,0.9990945536993032,1138.8059,0.0,2
sz159915-simple_60_close_breakout-fee0.001,2019-10-28,72.4941,0.0,49500.0,1.646,81477.0,81549.4941,0.9991110416955977,1138.8059,0.0,0
sz159915-simple_60_close_breakout-fee0.001,2019-10-29,72.4941,0.0,49500.0,1.624,80388.0,80460.4941,0.999099010007198,1138.8059,0.0,0
sz159915-simple_60_close_breakout-fee0.001,2019-10-30,72.4941,0.0,49500.0,1.619,80140.5,80212.9941,0.9990962299710491,1138.8059,0.0,0
sz159915-simple_60_close_breakout-fee0.001,2019-10-31,72.4941,0.0,49500.0,1.608,79596.0,79668.4941,0.9990900530903847,1138.8059,0.0,0
sz159915-simple_60_close_breakout-fee0.001,2019-11-01,72.4941,0.0,49500.0,1.625,80437.5,80509.9941,0.9990995639633267,1138.8059,0.0,0
sz159915-simple_60_close_breakout-fee0.001,2019-11-02,72.4941,0.0,49500.0,1.625,80437.5,80509.9941,0.9990995639633267,1138.8059,0.0,1
sz159915-simple_60_close_breakout-fee0.001,2019-11-03,72.4941,0.0,49500.0,1.625,80437.5,80509.9941,0.9990995639633267,1138.8059,0.0,2
sz159915-simple_60_close_breakout-fee0.001,2019-11-04,72.4941,0.0,49500.0,1.634,80883.0,80955.4941,0.999104519084147,1138.8059,0.0,0
sz159915-simple_60_close_breakout-fee0.001,2019-11-05,72.4941,0.0,49500.0,1.649,81625.5,81697.9941,0.9991126575285157,1138.8059,0.0,0
sz159915-simple_60_close_breakout-fee0.001,2019-11-06,72.4941,0.0,49500.0,1.638,81081.0,81153.4941,0.9991067038973002,1138.8059,0.0,0
sz159915-simple_60_close_breakout-fee0.001,2019-11-07,72.4941,0.0,49500.0,1.651,81724.5,81796.9941,0.9991137314910207,1138.8059,0.0,0
sz159915-simple_60_close_breakout-fee0.001,2019-11-08,72.4941,0.0,49500.0,1.645,81427.5,81499.9941,0.9991105017760977,1138.8059,0.0,0
sz159915-simple_60_close_breakout-fee0.001,2019-11-09,72.4941,0.0,49500.0,1.645,81427.5,81499.9941,0.9991105017760977,1138.8059,0.0,1
sz159915-simple_60_close_breakout-fee0.001,2019-11-10,72.4941,0.0,49500.0,1.645,81427.5,81499.9941,0.9991105017760977,1138.8059,0.0,2
sz159915-simple_60_close_breakout-fee0.001,2019-11-11,72.4941,0.0,49500.0,1.61,79695.0,79767.4941,0.9990911824319174,1138.8059,0.0,0
sz159915-simple_60_close_breakout-fee0.001,2019-11-12,72.4941,0.0,49500.0,1.611,79744.5,79816.9941,0.9990917460521105,1138.8059,0.0,0
sz159915-simple_60_close_breakout-fee0.001,2019-11-13,72.4941,0.0,49500.0,1.62,80190.0,80262.4941,0.9990967873498963,1138.8059,0.0,0
sz159915-simple_60_close_breakout-fee0.001,2019-11-14,72.4941,0.0,49500.0,1.63,80685.0,80757.4941,0.9991023235576102,1138.8059,0.0,0
sz159915-simple_60_close_breakout-fee0.001,2019-11-15,72.4941,0.0,49500.0,1.614,79893.0,79965.4941,0.9990934327260037,1138.8059,0.0,0
sz159915-simple_60_close_breakout-fee0.001,2019-11-16,72.4941,0.0,49500.0,1.614,79893.0,79965.4941,0.9990934327260037,1138.8059,0.0,1
sz159915-simple_60_close_breakout-fee0.001,2019-11-17,72.4941,0.0,49500.0,1.614,79893.0,79965.4941,0.9990934327260037,1138.8059,0.0,2
sz159915-simple_60_close_breakout-fee0.001,2019-11-18,72.4941,0.0,49500.0,1.621,80239.5,80311.9941,0.9990973440416666,1138.8059,0.0,0
sz159915-simple_60_close_breakout-fee0.001,2019-11-19,72.4941,0.0,49500.0,1.666,82467.0,82539.4941,0.9991217040909874,1138.8059,0.0,0
sz159915-simple_60_close_breakout-fee0.001,2019-11-20,72.4941,0.0,49500.0,1.655,81922.5,81994.9941,0.9991158716358759,1138.8059,0.0,0
sz159915-simple_60_close_breakout-fee0.001,2019-11-21,72.4941,0.0,49500.0,1.65,81675.0,81747.4941,0.9991131948349228,1138.8059,0.0,0
sz159915-simple_60_close_breakout-fee0.001,2019-11-22,72.4941,0.0,49500.0,1.614,79893.0,79965.4941,0.9990934327260037,1138.8059,0.0,0
sz159915-simple_60_close_breakout-fee0.001,2019-11-23,72.4941,0.0,49500.0,1.614,79893.0,79965.4941,0.9990934327260037,1138.8059,0.0,1
sz159915-simple_60_close_breakout-fee0.001,2019-11-24,72.4941,0.0,49500.0,1.614,79893.0,79965.4941,0.9990934327260037,1138.8059,0.0,2
sz159915-simple_60_close_breakout-fee0.001,2019-11-25,72.4941,0.0,49500.0,1.599,79150.5,79222.9941,0.9990849361246245,1138.8059,0.0,0
sz159915-simple_60_close_breakout-fee0.001,2019-11-26,72.4941,0.0,49500.0,1.608,79596.0,79668.4941,0.9990900530903847,1138.8059,0.0,0
sz159915-simple_60_close_breakout-fee0.001,2019-11-27,72.4941,0.0,49500.0,1.611,79744.5,79816.9941,0.9990917460521105,1138.8059,0.0,0
sz159915-simple_60_close_breakout-fee0.001,2019-11-28,72.4941,0.0,49500.0,1.611,79744.5,79816.9941,0.9990917460521105,1138.8059,0.0,0
sz159915-simple_60_close_breakout-fee0.001,2019-11-29,72.4941,0.0,49500.0,1.6,79200.0,79272.4941,0.9990855075165347,1138.8059,0.0,0
sz159915-simple_60_close_breakout-fee0.001,2019-11-30,72.4941,0.0,49500.0,1.6,79200.0,79272.4941,0.9990855075165347,1138.8059,0.0,1
sz159915-simple_60_close_breakout-fee0.001,2019-12-01,72.4941,0.0,49500.0,1.6,79200.0,79272.4941,0.9990855075165347,1138.8059,0.0,2
sz159915-simple_60_close_breakout-fee0.001,2019-12-02,72.4941,0.0,49500.0,1.606,79497.0,79569.4941,0.9990889209386088,1138.8059,0.0,0
sz159915-simple_60_close_breakout-fee0.001,2019-12-03,72.4941,0.0,49500.0,1.613,79843.5,79915.9941,0.999092871197857,1138.8059,0.0,0
sz159915-simple_60_close_breakout-fee0.001,2019-12-04,72.4941,0.0,49500.0,1.612,79794.0,79866.4941,0.9990923089736575,1138.8059,0.0,0
sz159915-simple_60_close_breakout-fee0.001,2019-12-05,72.4941,0.0,49500.0,1.648,81576.0,81648.4941,0.9991121195706167,1138.8059,0.0,0
sz159915-simple_60_close_breakout-fee0.001,2019-12-06,72.4941,0.0,49500.0,1.662,82269.0,82341.4941,0.9991195921231164,1138.8059,0.0,0
sz159915-simple_60_close_breakout-fee0.001,2019-12-07,72.4941,0.0,49500.0,1.662,82269.0,82341.4941,0.9991195921231164,1138.8059,0.0,1
sz159915-simple_60_close_breakout-fee0.001,2019-12-08,72.4941,0.0,49500.0,1.662,82269.0,82341.4941,0.9991195921231164,1138.8059,0.0,2
sz159915-simple_60_close_breakout-fee0.001,2019-12-09,72.4941,0.0,49500.0,1.656,81972.0,82044.4941,0.9991164050580695,1138.8059,0.0,0
sz159915-simple_60_close_breakout-fee0.001,2019-12-10,72.4941,0.0,49500.0,1.67,82665.0,82737.4941,0.9991238059505116,1138.8059,0.0,0
sz159915-simple_60_close_breakout-fee0.001,2019-12-11,72.4941,0.0,49500.0,1.653,81823.5,81895.9941,0.9991148028570057,1138.8059,0.0,0
sz159915-simple_60_close_breakout-fee0.001,2019-12-12,72.4941,0.0,49500.0,1.657,82021.5,82093.9941,0.999116937836991,1138.8059,0.0,0
sz159915-simple_60_close_breakout-fee0.001,2019-12-13,72.4941,0.0,49500.0,1.693,83803.5,83875.9941,0.9991356990664866,1138.8059,0.0,0
sz159915-simple_60_close_breakout-fee0.001,2019-12-14,72.4941,0.0,49500.0,1.693,83803.5,83875.9941,0.9991356990664866,1138.8059,0.0,1
sz159915-simple_60_close_breakout-fee0.001,2019-12-15,72.4941,0.0,49500.0,1.693,83803.5,83875.9941,0.9991356990664866,1138.8059,0.0,2
sz159915-simple_60_close_breakout-fee0.001,2019-12-16,72.4941,0.0,49500.0,1.715,84892.5,84964.9941,0.9991467768488905,1138.8059,0.0,0
sz159915-simple_60_close_breakout-fee0.001,2019-12-17,72.4941,0.0,49500.0,1.738,86031.0,86103.4941,0.9991580585578118,1138.8059,0.0,0
sz159915-simple_60_close_breakout-fee0.001,2019-12-18,72.4941,0.0,49500.0,1.725,85387.5,85459.9941,0.9991517188742703,1138.8059,0.0,0
sz159915-simple_60_close_breakout-fee0.001,2019-12-19,72.4941,0.0,49500.0,1.724,85338.0,85410.4941,0.9991512272494862,1138.8059,0.0,0
sz159915-simple_60_close_breakout-fee0.001,2019-12-20,72.4941,0.0,49500.0,1.708,84546.0,84618.4941,0.9991432830284792,1138.8059,0.0,0
sz159915-simple_60_close_breakout-fee0.001,2019-12-21,72.4941,0.0,49500.0,1.708,84546.0,84618.4941,0.9991432830284792,1138.8059,0.0,1
sz159915-simple_60_close_breakout-fee0.001,2019-12-22,72.4941,0.0,49500.0,1.708,84546.0,84618.4941,0.9991432830284792,1138.8059,0.0,2
sz159915-simple_60_close_breakout-fee0.001,2019-12-23,72.4941,0.0,49500.0,1.671,82714.5,82786.9941,0.9991243298444629,1138.8059,0.0,0
sz159915-simple_60_close_breakout-fee0.001,2019-12-24,72.4941,0.0,49500.0,1.704,84348.0,84420.4941,0.9991412736827372,1138.8059,0.0,0
sz159915-simple_60_close_breakout-fee0.001,2019-12-25,72.4941,0.0,49500.0,1.718,85041.0,85113.4941,0.9991482654922517,1138.8059,0.0,0
sz159915-simple_60_close_breakout-fee0.001,2019-12-26,72.4941,0.0,49500.0,1.726,85437.0,85509.4941,0.9991522099298679,1138.8059,0.0,0
sz159915-simple_60_close_breakout-fee0.001,2019-12-27,72.4941,0.0,49500.0,1.698,84051.0,84123.4941,0.9991382419290166,1138.8059,0.0,0
sz159915-simple_60_close_breakout-fee0.001,2019-12-28,72.4941,0.0,49500.0,1.698,84051.0,84123.4941,0.9991382419290166,1138.8059,0.0,1
sz159915-simple_60_close_breakout-fee0.001,2019-12-29,72.4941,0.0,49500.0,1.698,84051.0,84123.4941,0.9991382419290166,1138.8059,0.0,2
sz159915-simple_60_close_breakout-fee0.001,2019-12-30,72.4941,0.0,49500.0,1.727,85486.5,85558.9941,0.9991527004172668,1138.8059,0.0,0
sz159915-simple_60_close_breakout-fee0.001,2019-12-31,72.4941,0.0,49500.0,1.73,85635.0,85707.4941,0.9991541684801166,1138.8059,0.0,0
sz159915-simple_60_close_breakout-fee0.001,2020-01-01,72.4941,0.0,49500.0,1.73,85635.0,85707.4941,0.9991541684801166,1138.8059,0.0,1
sz159915-simple_60_close_breakout-fee0.001,2020-01-02,72.4941,0.0,49500.0,1.765,87367.5,87439.9941,0.9991709274371966,1138.8059,0.0,0
sz159915-simple_60_close_breakout-fee0.001,2020-01-03,72.4941,0.0,49500.0,1.764,87318.0,87390.4941,0.999170457831294,1138.8059,0.0,0
sz159915-simple_60_close_breakout-fee0.001,2020-01-04,72.4941,0.0,49500.0,1.764,87318.0,87390.4941,0.999170457831294,1138.8059,0.0,1
sz159915-simple_60_close_breakout-fee0.001,2020-01-05,72.4941,0.0,49500.0,1.764,87318.0,87390.4941,0.999170457831294,1138.8059,0.0,2
sz159915-simple_60_close_breakout-fee0.001,2020-01-06,72.4941,0.0,49500.0,1.788,88506.0,88578.4941,0.9991815835126057,1138.8059,0.0,0
sz159915-simple_60_close_breakout-fee0.001,2020-01-07,72.4941,0.0,49500.0,1.822,90189.0,90261.4941,0.9991968435629961,1138.8059,0.0,0
sz159915-simple_60_close_breakout-fee0.001,2020-01-08,72.4941,0.0,49500.0,1.792,88704.0,88776.4941,0.9991834088433551,1138.8059,0.0,0
sz159915-simple_60_close_breakout-fee0.001,2020-01-09,72.4941,0.0,49500.0,1.839,91030.5,91102.9941,0.9992042621571754,1138.8059,0.0,0
sz159915-simple_60_close_breakout-fee0.001,2020-01-10,72.4941,0.0,49500.0,1.831,90634.5,90706.9941,0.9992007882003004,1138.8059,0.0,0
sz159915-simple_60_close_breakout-fee0.001,2020-01-11,72.4941,0.0,49500.0,1.831,90634.5,90706.9941,0.9992007882003004,1138.8059,0.0,1
sz159915-simple_60_close_breakout-fee0.001,2020-01-12,72.4941,0.0,49500.0,1.831,90634.5,90706.9941,0.9992007882003004,1138.8059,0.0,2
sz159915-simple_60_close_breakout-fee0.001,2020-01-13,72.4941,0.0,49500.0,1.862,92169.0,92241.4941,0.9992140836322382,1138.8059,0.0,0
sz159915-simple_60_close_breakout-fee0.001,2020-01-14,72.4941,0.0,49500.0,1.85,91575.0,91647.4941,0.9992089898287791,1138.8059,0.0,0
sz159915-simple_60_close_breakout-fee0.001,2020-01-15,72.4941,0.0,49500.0,1.847,91426.5,91498.9941,0.9992077060440602,1138.8059,0.0,0
sz159915-simple_60_close_breakout-fee0.001,2020-01-16,72.4941,0.0,49500.0,1.856,91872.0,91944.4941,0.9992115449575354,1138.8059,0.0,0
sz159915-simple_60_close_breakout-fee0.001,2020-01-17,72.4941,0.0,49500.0,1.858,91971.0,92043.4941,0.9992123930027988,1138.8059,0.0,0
sz159915-simple_60_close_breakout-fee0.001,2020-01-18,72.4941,0.0,49500.0,1.858,91971.0,92043.4941,0.9992123930027988,1138.8059,0.0,1
sz159915-simple_60_close_breakout-fee0.001,2020-01-19,72.4941,0.0,49500.0,1.858,91971.0,92043.4941,0.9992123930027988,1138.8059,0.0,2
sz159915-simple_60_close_breakout-fee0.001,2020-01-20,72.4941,0.0,49500.0,1.905,94297.5,94369.9941,0.9992318098491859,1138.8059,0.0,0
sz159915-simple_60_close_breakout-fee0.001,2020-01-21,72.4941,0.0,49500.0,1.892,93654.0,93726.4941,0.9992265356695978,1138.8059,0.0,0
sz159915-simple_60_close_breakout-fee0.001,2020-01-22,72.4941,0.0,49500.0,1.918,94941.0,95013.4941,0.9992370125876678,1138.8059,0.0,0
sz159915-simple_60_close_breakout-fee0.001,2020-01-23,72.4941,0.0,49500.0,1.853,91723.5,91795.9941,0.9992102694598958,1138.8059,0.0,0
sz159915-simple_60_close_breakout-fee0.001,2020-01-24,72.4941,0.0,49500.0,1.853,91723.5,91795.9941,0.9992102694598958,1138.8059,0.0,1
sz159915-simple_60_close_breakout-fee0.001,2020-01-25,72.4941,0.0,49500.0,1.853,91723.5,91795.9941,0.9992102694598958,1138.8059,0.0,2
sz159915-simple_60_close_breakout-fee0.001,2020-01-26,72.4941,0.0,49500.0,1.853,91723.5,91795.9941,0.9992102694598958,1138.8059,0.0,3
sz159915-simple_60_close_breakout-fee0.001,2020-01-27,72.4941,0.0,49500.0,1.853,91723.5,91795.9941,0.9992102694598958,1138.8059,0.0,4
sz159915-simple_60_close_breakout-fee0.001,2020-01-28,72.4941,0.0,49500.0,1.853,91723.5,91795.9941,0.9992102694598958,1138.8059,0.0,5
sz159915-simple_60_close_breakout-fee0.001,2020-01-29,72.4941,0.0,49500.0,1.853,91723.5,91795.9941,0.9992102694598958,1138.8059,0.0,6
sz159915-simple_60_close_breakout-fee0.001,2020-01-30,72.4941,0.0,49500.0,1.853,91723.5,91795.9941,0.9992102694598958,1138.8059,0.0,7
sz159915-simple_60_close_breakout-fee0.001,2020-01-31,72.4941,0.0,49500.0,1.853,91723.5,91795.9941,0.9992102694598958,1138.8059,0.0,8
sz159915-simple_60_close_breakout-fee0.001,2020-02-01,72.4941,0.0,49500.0,1.853,91723.5,91795.9941,0.9992102694598958,1138.8059,0.0,9
sz159915-simple_60_close_breakout-fee0.001,2020-02-02,72.4941,0.0,49500.0,1.853,91723.5,91795.9941,0.9992102694598958,1138.8059,0.0,10
sz159915-simple_60_close_breakout-fee0.001,2020-02-03,72.4941,0.0,49500.0,1.708,84546.0,84618.4941,0.9991432830284792,1138.8059,0.0,0
sz159915-simple_60_close_breakout-fee0.001,2020-02-04,72.4941,0.0,49500.0,1.816,89892.0,89964.4941,0.9991941921007257,1138.8059,0.0,0
sz159915-simple_60_close_breakout-fee0.001,2020-02-05,72.4941,0.0,49500.0,1.871,92614.5,92686.9941,0.9992178611389448,1138.8059,0.0,0
sz159915-simple_60_close_breakout-fee0.001,2020-02-06,72.4941,0.0,49500.0,1.93,95535.0,95607.4941,0.9992417529537572,1138.8059,0.0,0
sz159915-simple_60_close_breakout-fee0.001,2020-02-07,72.4941,0.0,49500.0,1.94,96030.0,96102.4941,0.9992456584953501,1138.8059,0.0,0
sz159915-simple_60_close_breakout-fee0.001,2020-02-08,72.4941,0.0,49500.0,1.94,96030.0,96102.4941,0.9992456584953501,1138.8059,0.0,1
sz159915-simple_60_close_breakout-fee0.001,2020-02-09,72.4941,0.0,49500.0,1.94,96030.0,96102.4941,0.9992456584953501,1138.8059,0.0,2
sz159915-simple_60_close_breakout-fee0.001,2020-02-10,72.4941,0.0,49500.0,1.961,97069.5,97141.9941,0.9992537305758272,1138.8059,0.0,0
sz159915-simple_60_close_breakout-fee0.001,2020-02-11,72.4941,0.0,49500.0,1.947,96376.5,96448.9941,0.9992483685218652,1138.8059,0.0,0
sz159915-simple_60_close_breakout-fee0.001,2020-02-12,72.4941,0.0,49500.0,2.006,99297.0,99369.4941,0.9992704592022271,1138.8059,0.0,0
sz159915-simple_60_close_breakout-fee0.001,2020-02-13,72.4941,0.0,49500.0,1.988,98406.0,98478.4941,0.9992638585646285,1138.8059,0.0,0
sz159915-simple_60_close_breakout-fee0.001,2020-02-14,72.4941,0.0,49500.0,1.987,98356.5,98428.9941,0.9992634883586604,1138.8059,0.0,0
sz159915-simple_60_close_breakout-fee0.001,2020-02-15,72.4941,0.0,49500.0,1.987,98356.5,98428.9941,0.9992634883586604,1138.8059,0.0,1
sz159915-simple_60_close_breakout-fee0.001,2020-02-16,72.4941,0.0,49500.0,1.987,98356.5,98428.9941,0.9992634883586604,1138.8059,0.0,2
sz159915-simple_60_close_breakout-fee0.001,2020-02-17,72.4941,0.0,49500.0,2.071,102514.5,102586.9941,0.9992933402461395,1138.8059,0.0,0
sz159915-simple_60_close_breakout-fee0.001,2020-02-18,72.4941,0.0,49500.0,2.09,103455.0,103527.4941,0.9992997599272521,1138.8059,0.0,0
sz159915-simple_60_close_breakout-fee0.001,2020-02-19,72.4941,0.0,49500.0,2.054,101673.0,101745.4941,0.9992874957201667,1138.8059,0.0,0
sz159915-simple_60_close_breakout-fee0.001,2020-02-20,72.4941,0.0,49500.0,2.105,104197.5,104269.9941,0.9993047462922988,1138.8059,0.0,0
sz159915-simple_60_close_breakout-fee0.001,2020-02-21,72.4941,0.0,49500.0,2.145,106177.5,106249.9941,0.9993177025503477,1138.8059,0.0,0
sz159915-simple_60_close_breakout-fee0.001,2020-02-22,72.4941,0.0,49500.0,2.145,106177.5,106249.9941,0.9993177025503477,1138.8059,0.0,1
sz159915-simple_60_close_breakout-fee0.001,2020-02-23,72.4941,0.0,49500.0,2.145,106177.5,106249.9941,0.9993177025503477,1138.8059,0.0,2
sz159915-simple_60_close_breakout-fee0.001,2020-02-24,72.4941,0.0,49500.0,2.178,107811.0,107883.4941,0.9993280334438112,1138.8059,0.0,0
sz159915-simple_60_close_breakout-fee0.001,2020-02-25,72.4941,0.0,49500.0,2.195,108652.5,108724.9941,0.9993332342705549,1138.8059,0.0,0
sz159915-simple_60_close_breakout-fee0.001,2020-02-26,72.4941,0.0,49500.0,2.102,104049.0,104121.4941,0.9993037547086063,1138.8059,0.0,0
sz159915-simple_60_close_breakout-fee0.001,2020-02-27,72.4941,0.0,49500.0,2.111,104494.5,104566.9941,0.999306721010545,1138.8059,0.0,0
sz159915-simple_60_close_breakout-fee0.001,2020-02-28,72.4941,0.0,49500.0,1.995,98752.5,98824.9941,0.9992664396222818,1138.8059,0.0,0
sz159915-simple_60_close_breakout-fee0.001,2020-02-29,72.4941,0.0,49500.0,1.995,98752.5,98824.9941,0.9992664396222818,1138.8059,0.0,1
sz159915-simple_60_close_breakout-fee0.001,2020-03-01,72.4941,0.0,49500.0,1.995,98752.5,98824.9941,0.9992664396222818,1138.8059,0.0,2
sz159915-simple_60_close_breakout-fee0.001,2020-03-02,72.4941,0.0,49500.0,2.054,101673.0,101745.4941,0.9992874957201667,1138.8059,0.0,0
sz159915-simple_60_close_breakout-fee0.001,2020-03-03,72.4941,0.0,49500.0,2.092,103554.0,103626.4941,0.9993004289045034,1138.8059,0.0,0
sz159915-simple_60_close_breakout-fee0.001,2020-03-04,72.4941,0.0,49500.0,2.088,103356.0,103428.4941,0.9992990896693332,1138.8059,0.0,0
sz159915-simple_60_close_breakout-fee0.001,2020-03-05,72.4941,0.0,49500.0,2.121,104989.5,105061.9941,0.999309987397241,1138.8059,0.0,0
sz159915-simple_60_close_breakout-fee0.001,2020-03-06,72.4941,0.0,49500.0,2.111,104494.5,104566.9941,0.999306721010545,1138.8059,0.0,0
sz159915-simple_60_close_breakout-fee0.001,2020-03-07,72.4941,0.0,49500.0,2.111,104494.5,104566.9941,0.999306721010545,1138.8059,0.0,1
sz159915-simple_60_close_breakout-fee0.001,2020-03-08,72.4941,0.0,49500.0,2.111,104494.5,104566.9941,0.999306721010545,1138.8059,0.0,2
sz159915-simple_60_close_breakout-fee0.001,2020-03-09,72.4941,0.0,49500.0,2.013,99643.5,99715.9941,0.9992729942608074,1138.8059,0.0,0
sz159915-simple_60_close_breakout-fee0.001,2020-03-10,72.4941,0.0,49500.0,2.063,102118.5,102190.9941,0.9992906018711486,1138.8059,0.0,0
sz159915-simple_60_close_breakout-fee0.001,2020-03-11,72.4941,0.0,49500.0,2.024,100188.0,100260.4941,0.9992769425220697,1138.8059,0.0,0
sz159915-simple_60_close_breakout-fee0.001,2020-03-12,72.4941,0.0,49500.0,1.971,97564.5,97636.9941,0.9992575140123041,1138.8059,0.0,0
sz159915-simple_60_close_breakout-fee0.001,2020-03-13,72.4941,0.0,49500.0,1.952,96624.0,96696.4941,0.9992502923640124,1138.8059,0.0,0
sz159915-simple_60_close_breakout-fee0.001,2020-03-14,72.4941,0.0,49500.0,1.952,96624.0,96696.4941,0.9992502923640124,1138.8059,0.0,1
sz159915-simple_60_close_breakout-fee0.001,2020-03-15,72.4941,0.0,49500.0,1.952,96624.0,96696.4941,0.9992502923640124,1138.8059,0.0,2
sz159915-simple_60_close_breakout-fee0.001,2020-03-16,72.4941,0.0,49500.0,1.832,90684.0,90756.4941,0.999201224102816,1138.8059,0.0,0
sz159915-simple_60_close_breakout-fee0.001,2020-03-17,72.4941,0.0,49500.0,1.842,91179.0,91251.4941,0.9992055571175574,1138.8059,0.0,0
sz159915-simple_60_close_breakout-fee0.001,2020-03-18,72.4941,0.0,49500.0,1.818,89991.0,90063.4941,0.9991950778645173,1138.8059,0.0,0
sz159915-simple_60_close_breakout-fee0.001,2020-03-19,72.4941,0.0,49500.0,1.825,90337.5,90409.9941,0.9991981627615215,1138.8059,0.0,0
sz159915-simple_60_close_breakout-fee0.001,2020-03-20,72.4941,0.0,49500.0,1.847,91426.5,91498.9941,0.9992077060440602,1138.8059,0.0,0
sz159915-simple_60_close_breakout-fee0.001,2020-03-21,72.4941,0.0,49500.0,1.847,91426.5,91498.9941,0.9992077060440602,1138.8059,0.0,1
sz159915-simple_60_close_breakout-fee0.001,2020-03-22,72.4941,0.0,49500.0,1.847,91426.5,91498.9941,0.9992077060440602,1138.8059,0.0,2
sz159915-simple_60_close_breakout-fee0.001,2020-03-23,72.4941,0.0,49500.0,1.761,87169.5,87241.9941,0.9991690458162051,1138.8059,0.0,0
sz159915-simple_60_close_breakout-fee0.001,2020-03-24,72.4941,0.0,49500.0,1.806,89397.0,89469.4941,0.9991897338782426,1138.8059,0.0,0
sz159915-simple_60_close_breakout-fee0.001,2020-03-25,72.4941,0.0,49500.0,1.86,92070.0,92142.4941,0.9992132392257439,1138.8059,0.0,0
sz159915-simple_60_close_breakout-fee0.001,2020-03-26,72.4941,0.0,49500.0,1.853,91723.5,91795.9941,0.9992102694598958,1138.8059,0.0,0
sz159915-simple_60_close_breakout-fee0.001,2020-03-27,72.4941,0.0,49500.0,1.83,90585.0,90657.4941,0.9992003518217696,1138.8059,0.0,0
sz159915-simple_60_close_breakout-fee0.001,2020-03-28,72.4941,0.0,49500.0,1.83,90585.0,90657.4941,0.9992003518217696,1138.8059,0.0,1
sz159915-simple_60_close_breakout-fee0.001,2020-03-29,72.4941,0.0,49500.0,1.83,90585.0,90657.4941,0.9992003518217696,1138.8059,0.0,2
sz159915-simple_60_close_breakout-fee0.001,2020-03-30,72.4941,0.0,49500.0,1.791,88654.5,88726.9941,0.9991829532744195,1138.8059,0.0,0
sz159915-simple_60_close_breakout-fee0.001,2020-03-31,72.4941,0.0,49500.0,1.795,88852.5,88924.9941,0.9991847725070583,1138.8059,0.0,0
sz159915-simple_60_close_breakout-fee0.001,2020-04-01,72.4941,0.0,49500.0,1.792,88704.0,88776.4941,0.9991834088433551,1138.8059,0.0,0
sz159915-simple_60_close_breakout-fee0.001,2020-04-02,72.4941,0.0,49500.0,1.844,91278.0,91350.4941,0.9992064180854825,1138.8059,0.0,0
sz159915-simple_60_close_breakout-fee0.001,2020-04-03,72.4941,0.0,49500.0,1.834,90783.0,90855.4941,0.9992020944829136,1138.8059,0.0,0
sz159915-simple_60_close_breakout-fee0.001,2020-04-04,72.4941,0.0,49500.0,1.834,90783.0,90855.4941,0.9992020944829136,1138.8059,0.0,1
sz159915-simple_60_close_breakout-fee0.001,2020-04-05,72.4941,0.0,49500.0,1.834,90783.0,90855.4941,0.9992020944829136,1138.8059,0.0,2
sz159915-simple_60_close_breakout-fee0.001,2020-04-06,72.4941,0.0,49500.0,1.834,90783.0,90855.4941,0.9992020944829136,1138.8059,0.0,3
sz159915-simple_60_close_breakout-fee0.001,2020-04-07,72.4941,0.0,49500.0,1.894,93753.0,93825.4941,0.9992273517907325,1138.8059,0.0,0
sz159915-simple_60_close_breakout-fee0.001,2020-04-08,72.4941,0.0,49500.0,1.89,93555.0,93627.4941,0.99922571782256,1138.8059,0.0,0
sz159915-simple_60_close_breakout-fee0.001,2020-04-09,72.4941,0.0,49500.0,1.921,95089.5,95161.9941,0.9992382032271853,1138.8059,0.0,0
sz159915-simple_60_close_breakout-fee0.001,2020-04-10,72.4941,0.0,49500.0,1.877,92911.5,92983.9941,0.9992203593672042,1138.8059,0.0,0
sz159915-simple_60_close_breakout-fee0.001,2020-04-11,72.4941,0.0,49500.0,1.877,92911.5,92983.9941,0.9992203593672042,1138.8059,0.0,1
sz159915-simple_60_close_breakout-fee0.001,2020-04-12,72.4941,0.0,49500.0,1.877,92911.5,92983.9941,0.9992203593672042,1138.8059,0.0,2
sz159915-simple_60_close_breakout-fee0.001,2020-04-13,72.4941,0.0,49500.0,1.853,91723.5,91795.9941,0.9992102694598958,1138.8059,0.0,0
sz159915-simple_60_close_breakout-fee0.001,2020-04-14,72.4941,0.0,49500.0,1.909,94495.5,94567.9941,0.999233418233199,1138.8059,0.0,0
sz159915-simple_60_close_breakout-fee0.001,2020-04-15,72.4941,0.0,49500.0,1.899,94000.5,94072.9941,0.9992293845785015,1138.8059,0.0,0
sz159915-simple_60_close_breakout-fee0.001,2020-04-16,72.4941,0.0,49500.0,1.932,95634.0,95706.4941,0.9992425372940288,1138.8059,0.0,0
sz159915-simple_60_close_breakout-fee0.001,2020-04-17,72.4941,0.0,49500.0,1.943,96178.5,96250.9941,0.9992468223245083,1138.8059,0.0,0
sz159915-simple_60_close_breakout-fee0.001,2020-04-18,72.4941,0.0,49500.0,1.943,96178.5,96250.9941,0.9992468223245083,1138.8059,0.0,1
sz159915-simple_60_close_breakout-fee0.001,2020-04-19,72.4941,0.0,49500.0,1.943,96178.5,96250.9941,0.9992468223245083,1138.8059,0.0,2
sz159915-simple_60_close_breakout-fee0.001,2020-04-20,72.4941,0.0,49500.0,1.969,97465.5,97537.9941,0.9992567603971261,1138.8059,0.0,0
sz159915-simple_60_close_breakout-fee0.001,2020-04-21,72.4941,0.0,49500.0,1.949,96475.5,96547.9941,0.9992491392423449,1138.8059,0.0,0
sz159915-simple_60_close_breakout-fee0.001,2020-04-22,72.4941,0.0,49500.0,1.967,97366.5,97438.9941,0.9992560052505715,1138.8059,0.0,0
sz159915-simple_60_close_breakout-fee0.001,2020-04-23,72.4941,0.0,49500.0,1.951,96574.5,96646.9941,0.9992499083838553,1138.8059,0.0,0
sz159915-simple_60_close_breakout-fee0.001,2020-04-24,72.4941,0.0,49500.0,1.93,95535.0,95607.4941,0.9992417529537572,1138.8059,0.0,0
sz159915-simple_60_close_breakout-fee0.001,2020-04-25,72.4941,0.0,49500.0,1.93,95535.0,95607.4941,0.9992417529537572,1138.8059,0.0,1
sz159915-simple_60_close_breakout-fee0.001,2020-04-26,72.4941,0.0,49500.0,1.93,95535.0,95607.4941,0.9992417529537572,1138.8059,0.0,2
sz159915-simple_60_close_breakout-fee0.001,2020-04-27,72.4941,0.0,49500.0,1.939,95980.5,96052.9941,0.9992452697526063,1138.8059,0.0,0
sz159915-simple_60_close_breakout-fee0.001,2020-04-28,72.4941,0.0,49500.0,1.951,96574.5,96646.9941,0.9992499083838553,1138.8059,0.0,0
sz159915-simple_60_close_breakout-fee0.001,2020-04-29,72.4941,0.0,49500.0,1.952,96624.0,96696.4941,0.9992502923640124,1138.8059,0.0,0
sz159915-simple_60_close_breakout-fee0.001,2020-04-30,72.4941,0.0,49500.0,1.993,98653.5,98725.9941,0.9992657040259674,1138.8059,0.0,0
sz159915-simple_60_close_breakout-fee0.001,2020-05-01,72.4941,0.0,49500.0,1.993,98653.5,98725.9941,0.9992657040259674,1138.8059,0.0,1
sz159915-simple_60_close_breakout-fee0.001,2020-05-02,72.4941,0.0,49500.0,1.993,98653.5,98725.9941,0.9992657040259674,1138.8059,0.0,2
sz159915-simple_60_close_breakout-fee0.001,2020-05-03,72.4941,0.0,49500.0,1.993,98653.5,98725.9941,0.9992657040259674,1138.8059,0.0,3
sz159915-simple_60_close_breakout-fee0.001,2020-05-04,72.4941,0.0,49500.0,1.993,98653.5,98725.9941,0.9992657040259674,1138.8059,0.0,4
sz159915-simple_60_close_breakout-fee0.001,2020-05-05,72.4941,0.0,49500.0,1.993,98653.5,98725.9941,0.9992657040259674,1138.8059,0.0,5
sz159915-simple_60_close_breakout-fee0.001,2020-05-06,72.4941,0.0,49500.0,2.029,100435.5,100507.9941,0.9992787230443793,1138.8059,0.0,0
sz159915-simple_60_close_breakout-fee0.001,2020-05-07,72.4941,0.0,49500.0,2.025,100237.5,100309.9941,0.9992772993294394,1138.8059,0.0,0
sz159915-simple_60_close_breakout-fee0.001,2020-05-08,72.4941,0.0,49500.0,2.042,101079.0,101151.4941,0.9992833116243609,1138.8059,0.0,0
sz159915-simple_60_close_breakout-fee0.001,2020-05-09,72.4941,0.0,49500.0,2.042,101079.0,101151.4941,0.9992833116243609,1138.8059,0.0,1
sz159915-simple_60_close_breakout-fee0.001,2020-05-10,72.4941,0.0,49500.0,2.042,101079.0,101151.4941,0.9992833116243609,1138.8059,0.0,2
sz159915-simple_60_close_breakout-fee0.001,2020-05-11,72.4941,0.0,49500.0,2.024,100188.0,100260.4941,0.9992769425220697,1138.8059,0.0,0
sz159915-simple_60_close_breakout-fee0.001,2020-05-12,72.4941,0.0,49500.0,2.043,101128.5,101200.9941,0.9992836621750142,1138.8059,0.0,0
sz159915-simple_60_close_breakout-fee0.001,2020-05-13,72.4941,0.0,49500.0,2.058,101871.0,101943.4941,0.9992888795833417,1138.8059,0.0,0
sz159915-simple_60_close_breakout-fee0.001,2020-05-14,72.4941,0.0,49500.0,2.036,100782.0,100854.4941,0.9992812010942406,1138.8059,0.0,0
sz159915-simple_60_close_breakout-fee0.001,2020-05-15,72.4941,0.0,49500.0,2.042,101079.0,101151.4941,0.9992833116243609,1138.8059,0.0,0
sz159915-simple_60_close_breakout-fee0.001,2020-05-16,72.4941,0.0,49500.0,2.042,101079.0,101151.4941,0.9992833116243609,1138.8059,0.0,1
sz159915-simple_60_close_breakout-fee0.001,2020-05-17,72.4941,0.0,49500.0,2.042,101079.0,101151.4941,0.9992833116243609,1138.8059,0.0,2
sz159915-simple_60_close_breakout-fee0.001,2020-05-18,72.4941,0.0,49500.0,2.039,100930.5,101002.9941,0.9992822579108078,1138.8059,0.0,0
sz159915-simple_60_close_breakout-fee0.001,2020-05-19,72.4941,0.0,49500.0,2.061,102019.5,102091.9941,0.9992899139581014,1138.8059,0.0,0
sz159915-simple_60_close_breakout-fee0.001,2020-05-20,72.4941,0.0,49500.0,2.041,101029.5,101101.9941,0.9992829607304452,1138.8059,0.0,0
sz159915-simple_60_close_breakout-fee0.001,2020-05-21,72.4941,0.0,49500.0,2.02,99990.0,100062.4941,0.9992755117624037,1138.8059,0.0,0
sz159915-simple_60_close_breakout-fee0.001,2020-05-22,72.4941,0.0,49500.0,1.972,97614.0,97686.4941,0.9992578902470818,1138.8059,0.0,0
sz159915-simple_60_close_breakout-fee0.001,2020-05-23,72.4941,0.0,49500.0,1.972,97614.0,97686.4941,0.9992578902470818,1138.8059,0.0,1
sz159915-simple_60_close_breakout-fee0.001,2020-05-24,72.4941,0.0,49500.0,1.972,97614.0,97686.4941,0.9992578902470818,1138.8059,0.0,2
sz159915-simple_60_close_breakout-fee0.001,2020-05-25,72.4941,0.0,49500.0,1.975,97762.5,97834.9941,0.9992590166671252,1138.8059,0.0,0
sz159915-simple_60_close_breakout-fee0.001,2020-05-26,72.4941,0.0,49500.0,2.038,100881.0,100953.4941,0.9992819059840743,1138.8059,0.0,0
sz159915-simple_60_close_breakout-fee0.001,2020-05-27,72.4941,0.0,49500.0,1.997,98851.5,98923.9941,0.9992671737462732,1138.8059,0.0,0
sz159915-simple_60_close_breakout-fee0.001,2020-05-28,72.4941,0.0,49500.0,1.982,98109.0,98181.4941,0.999261631729436,1138.8059,0.0,0
sz159915-simple_60_close_breakout-fee0.001,2020-05-29,72.4941,0.0,49500.0,2.006,99297.0,99369.4941,0.9992704592022271,1138.8059,0.0,0
sz159915-simple_60_close_breakout-fee0.001,2020-05-30,72.4941,0.0,49500.0,2.006,99297.0,99369.4941,0.9992704592022271,1138.8059,0.0,1
sz159915-simple_60_close_breakout-fee0.001,2020-05-31,72.4941,0.0,49500.0,2.006,99297.0,99369.4941,0.9992704592022271,1138.8059,0.0,2
sz159915-simple_60_close_breakout-fee0.001,2020-06-01,72.4941,0.0,49500.0,2.082,103059.0,103131.4941,0.9992970711746917,1138.8059,0.0,0
sz159915-simple_60_close_breakout-fee0.001,2020-06-02,72.4941,0.0,49500.0,2.067,102316.5,102388.9941,0.999291973706381,1138.8059,0.0,0
sz159915-simple_60_close_breakout-fee0.001,2020-06-03,72.4941,0.0,49500.0,2.06,101970.0,102042.4941,0.9992895695010261,1138.8059,0.0,0
sz159915-simple_60_close_breakout-fee0.001,2020-06-04,72.4941,0.0,49500.0,2.073,102613.5,102685.9941,0.9992940215397885,1138.8059,0.0,0
sz159915-simple_60_close_breakout-fee0.001,2020-06-05,72.4941,0.0,49500.0,2.087,103306.5,103378.9941,0.9992987540589737,1138.8059,0.0,0
sz159915-simple_60_close_breakout-fee0.001,2020-06-06,72.4941,0.0,49500.0,2.087,103306.5,103378.9941,0.9992987540589737,1138.8059,0.0,1
sz159915-simple_60_close_breakout-fee0.001,2020-06-07,72.4941,0.0,49500.0,2.087,103306.5,103378.9941,0.9992987540589737,1138.8059,0.0,2
sz159915-simple_60_close_breakout-fee0.001,2020-06-08,72.4941,0.0,49500.0,2.073,102613.5,102685.9941,0.9992940215397885,1138.8059,0.0,0
sz159915-simple_60_close_breakout-fee0.001,2020-06-09,72.4941,0.0,49500.0,2.102,104049.0,104121.4941,0.9993037547086063,1138.8059,0.0,0
sz159915-simple_60_close_breakout-fee0.001,2020-06-10,72.4941,0.0,49500.0,2.122,105039.0,105111.4941,0.9993103123438524,1138.8059,0.0,0
sz159915-simple_60_close_breakout-fee0.001,2020-06-11,72.4941,0.0,49500.0,2.119,104890.5,104962.9941,0.9993093365845592,1138.8059,0.0,0
sz159915-simple_60_close_breakout-fee0.001,2020-06-12,72.4941,0.0,49500.0,2.141,105979.5,106051.9941,0.9993164286950451,1138.8059,0.0,0
sz159915-simple_60_close_breakout-fee0.001,2020-06-13,72.4941,0.0,49500.0,2.141,105979.5,106051.9941,0.9993164286950451,1138.8059,0.0,1
sz159915-simple_60_close_breakout-fee0.001,2020-06-14,72.4941,0.0,49500.0,2.141,105979.5,106051.9941,0.9993164286950451,1138.8059,0.0,2
sz159915-simple_60_close_breakout-fee0.001,2020-06-15,72.4941,0.0,49500.0,2.141,105979.5,106051.9941,0.9993164286950451,1138.8059,0.0,0
sz159915-simple_60_close_breakout-fee0.001,2020-06-16,72.4941,0.0,49500.0,2.183,108058.5,108130.9941,0.9993295715016459,1138.8059,0.0,0
sz159915-simple_60_close_breakout-fee0.001,2020-06-17,72.4941,0.0,49500.0,2.188,108306.0,108378.4941,0.999331102534668,1138.8059,0.0,0
sz159915-simple_60_close_breakout-fee0.001,2020-06-18,72.4941,0.0,49500.0,2.194,108603.0,108675.4941,0.999332930569119,1138.8059,0.0,0
sz159915-simple_60_close_breakout-fee0.001,2020-06-19,72.4941,0.0,49500.0,2.238,110781.0,110853.4941,0.9993460368517153,1138.8059,0.0,0
sz159915-simple_60_close_breakout-fee0.001,2020-06-20,72.4941,0.0,49500.0,2.238,110781.0,110853.4941,0.9993460368517153,1138.8059,0.0,1
sz159915-simple_60_close_breakout-fee0.001,2020-06-21,72.4941,0.0,49500.0,2.238,110781.0,110853.4941,0.9993460368517153,1138.8059,0.0,2
sz159915-simple_60_close_breakout-fee0.001,2020-06-22,72.4941,0.0,49500.0,2.263,112018.5,112090.9941,0.9993532566948659,1138.8059,0.0,0
sz159915-simple_60_close_breakout-fee0.001,2020-06-23,72.4941,0.0,49500.0,2.307,114196.5,114268.9941,0.9993655838088803,1138.8059,0.0,0
sz159915-simple_60_close_breakout-fee0.001,2020-06-24,72.4941,0.0,49500.0,2.307,114196.5,114268.9941,0.9993655838088803,1138.8059,0.0,0
sz159915-simple_60_close_breakout-fee0.001,2020-06-25,72.4941,0.0,49500.0,2.307,114196.5,114268.9941,0.9993655838088803,1138.8059,0.0,1
sz159915-simple_60_close_breakout-fee0.001,2020-06-26,72.4941,0.0,49500.0,2.307,114196.5,114268.9941,0.9993655838088803,1138.8059,0.0,2
sz159915-simple_60_close_breakout-fee0.001,2020-06-27,72.4941,0.0,49500.0,2.307,114196.5,114268.9941,0.9993655838088803,1138.8059,0.0,3
sz159915-simple_60_close_breakout-fee0.001,2020-06-28,72.4941,0.0,49500.0,2.307,114196.5,114268.9941,0.9993655838088803,1138.8059,0.0,4
sz159915-simple_60_close_breakout-fee0.001,2020-06-29,72.4941,0.0,49500.0,2.295,113602.5,113674.9941,0.9993622687155257,1138.8059,0.0,0
sz159915-simple_60_close_breakout-fee0.001,2020-06-30,72.4941,0.0,49500.0,2.359,116770.5,116842.9941,0.9993795597197899,1138.8059,0.0,0
sz159915-simple_60_close_breakout-fee0.001,2020-07-01,72.4941,0.0,49500.0,2.342,115929.0,116001.4941,0.999375058911418,1138.8059,0.0,0
sz159915-simple_60_close_breakout-fee0.001,2020-07-02,72.4941,0.0,49500.0,2.35,116325.0,116397.4941,0.9993771850454296,1138.8059,0.0,0
sz159915-simple_60_close_breakout-fee0.001,2020-07-03,72.4941,0.0,49500.0,2.38,117810.0,117882.4941,0.9993850308262183,1138.8059,0.0,0
sz159915-simple_60_close_breakout-fee0.001,2020-07-04,72.4941,0.0,49500.0,2.38,117810.0,117882.4941,0.9993850308262183,1138.8059,0.0,1
sz159915-simple_60_close_breakout-fee0.001,2020-07-05,72.4941,0.0,49500.0,2.38,117810.0,117882.4941,0.9993850308262183,1138.8059,0.0,2
sz159915-simple_60_close_breakout-fee0.001,2020-07-06,72.4941,0.0,49500.0,2.45,121275.0,121347.4941,0.9994025908772352,1138.8059,0.0,0
sz159915-simple_60_close_breakout-fee0.001,2020-07-07,72.4941,0.0,49500.0,2.503,123898.5,123970.9941,0.9994152333735299,1138.8059,0.0,0
sz159915-simple_60_close_breakout-fee0.001,2020-07-08,72.4941,0.0,49500.0,2.574,127413.0,127485.4941,0.999431354127685,1138.8059,0.0,0
sz159915-simple_60_close_breakout-fee0.001,2020-07-09,72.4941,0.0,49500.0,2.674,132363.0,132435.4941,0.9994526082264226,1138.8059,0.0,0
sz159915-simple_60_close_breakout-fee0.001,2020-07-10,72.4941,0.0,49500.0,2.685,132907.5,132979.9941,0.9994548495772568,1138.8059,0.0,0
sz159915-simple_60_close_breakout-fee0.001,2020-07-11,72.4941,0.0,49500.0,2.685,132907.5,132979.9941,0.9994548495772568,1138.8059,0.0,1
sz159915-simple_60_close_breakout-fee0.001,2020-07-12,72.4941,0.0,49500.0,2.685,132907.5,132979.9941,0.9994548495772568,1138.8059,0.0,2
sz159915-simple_60_close_breakout-fee0.001,2020-07-13,72.4941,0.0,49500.0,2.802,138699.0,138771.4941,0.9994776009261113,1138.8059,0.0,0
sz159915-simple_60_close_breakout-fee0.001,2020-07-14,72.4941,0.0,49500.0,2.767,136966.5,137038.9941,0.9994709965548412,1138.8059,0.0,0
sz159915-simple_60_close_breakout-fee0.001,2020-07-15,72.4941,0.0,49500.0,2.722,134739.0,134811.4941,0.9994622557929206,1138.8059,0.0,0
sz159915-simple_60_close_breakout-fee0.001,2020-07-16,72.4941,0.0,49500.0,2.558,126621.0,126693.4941,0.9994277993474331,1138.8059,0.0,0
sz159915-simple_60_close_breakout-fee0.001,2020-07-17,72.4941,0.0,49500.0,2.583,127858.5,127930.9941,0.999433334349428,1138.8059,0.0,0
sz159915-simple_60_close_breakout-fee0.001,2020-07-18,72.4941,0.0,49500.0,2.583,127858.5,127930.9941,0.999433334349428,1138.8059,0.0,1
sz159915-simple_60_close_breakout-fee0.001,2020-07-19,72.4941,0.0,49500.0,2.583,127858.5,127930.9941,0.999433334349428,1138.8059,0.0,2
sz159915-simple_60_close_breakout-fee0.001,2020-07-20,72.4941,0.0,49500.0,2.611,129244.5,129316.9941,0.9994394077862346,1138.8059,0.0,0
sz159915-simple_60_close_breakout-fee0.001,2020-07-21,72.4941,0.0,49500.0,2.643,130828.5,130900.9941,0.9994461913715902,1138.8059,0.0,0
sz159915-simple_60_close_breakout-fee0.001,2020-07-22,72.4941,0.0,49500.0,2.678,132561.0,132633.4941,0.9994534253923422,1138.8059,0.0,0
sz159915-simple_60_close_breakout-fee0.001,2020-07-23,72.4941,0.0,49500.0,2.706,133947.0,134019.4941,0.9994590779461836,1138.8059,0.0,0
sz159915-simple_60_close_breakout-fee0.001,2020-07-24,72.4941,0.0,49500.0,2.537,125581.5,125653.9941,0.9994230656930626,1138.8059,0.0,0
sz159915-simple_60_close_breakout-fee0.001,2020-07-25,72.4941,0.0,49500.0,2.537,125581.5,125653.9941,0.9994230656930626,1138.8059,0.0,1
sz159915-simple_60_close_breakout-fee0.001,2020-07-26,72.4941,0.0,49500.0,2.537,125581.5,125653.9941,0.9994230656930626,1138.8059,0.0,2
sz159915-simple_60_close_breakout-fee0.001,2020-07-27,72.4941,0.0,49500.0,2.54,125730.0,125802.4941,0.9994237467188657,1138.8059,0.0,0
sz159915-simple_60_close_breakout-fee0.001,2020-07-28,72.4941,0.0,49500.0,2.573,127363.5,127435.9941,0.9994311332484046,1138.8059,0.0,0
sz159915-simple_60_close_breakout-fee0.001,2020-07-29,72.4941,0.0,49500.0,2.68,132660.0,132732.4941,0.9994538330610635,1138.8059,0.0,0
sz159915-simple_60_close_breakout-fee0.001,2020-07-30,72.4941,0.0,49500.0,2.652,131274.0,131346.4941,0.9994480697753165,1138.8059,0.0,0
sz159915-simple_60_close_breakout-fee0.001,2020-07-31,72.4941,0.0,49500.0,2.708,134046.0,134118.4941,0.9994594772295464,1138.8059,0.0,0
sz159915-simple_60_close_breakout-fee0.001,2020-08-01,72.4941,0.0,49500.0,2.708,134046.0,134118.4941,0.9994594772295464,1138.8059,0.0,1
sz159915-simple_60_close_breakout-fee0.001,2020-08-02,72.4941,0.0,49500.0,2.708,134046.0,134118.4941,0.9994594772295464,1138.8059,0.0,2
sz159915-simple_60_close_breakout-fee0.001,2020-08-03,72.4941,0.0,49500.0,2.774,137313.0,137385.4941,0.9994723307546047,1138.8059,0.0,0
sz159915-simple_60_close_breakout-fee0.001,2020-08-04,72.4941,0.0,49500.0,2.738,135531.0,135603.4941,0.9994653965188645,1138.8059,0.0,0
sz159915-simple_60_close_breakout-fee0.001,2020-08-05,72.4941,0.0,49500.0,2.763,136768.5,136840.9941,0.9994702311213333,1138.8059,0.0,0
sz159915-simple_60_close_breakout-fee0.001,2020-08-06,72.4941,0.0,49500.0,2.719,134590.5,134662.9941,0.9994616627939658,1138.8059,0.0,0
sz159915-simple_60_close_breakout-fee0.001,2020-08-07,72.4941,0.0,49500.0,2.657,131521.5,131593.9941,0.9994491078373614,1138.8059,0.0,0
sz159915-simple_60_close_breakout-fee0.001,2020-08-08,72.4941,0.0,49500.0,2.657,131521.5,131593.9941,0.9994491078373614,1138.8059,0.0,1
sz159915-simple_60_close_breakout-fee0.001,2020-08-09,72.4941,0.0,49500.0,2.657,131521.5,131593.9941,0.9994491078373614,1138.8059,0.0,2
sz159915-simple_60_close_breakout-fee0.001,2020-08-10,72.4941,0.0,49500.0,2.641,130729.5,130801.9941,0.9994457722108994,1138.8059,0.0,0
sz159915-simple_60_close_breakout-fee0.001,2020-08-11,72.4941,0.0,49500.0,2.6,128700.0,128772.4941,0.9994370373851446,1138.8059,0.0,0
sz159915-simple_60_close_breakout-fee0.001,2020-08-12,72.4941,0.0,49500.0,2.548,126126.0,126198.4941,0.9994255549520064,1138.8059,0.0,0
sz159915-simple_60_close_breakout-fee0.001,2020-08-13,72.4941,0.0,49500.0,2.535,125482.5,125554.9941,0.9994226107808801,1138.8059,0.0,0
sz159915-simple_60_close_breakout-fee0.001,2020-08-14,72.4941,0.0,49500.0,2.579,127660.5,127732.9941,0.9994324559561859,1138.8059,0.0,0
sz159915-simple_60_close_breakout-fee0.001,2020-08-15,72.4941,0.0,49500.0,2.579,127660.5,127732.9941,0.9994324559561859,1138.8059,0.0,1
sz159915-simple_60_close_breakout-fee0.001,2020-08-16,72.4941,0.0,49500.0,2.579,127660.5,127732.9941,0.9994324559561859,1138.8059,0.0,2
sz159915-simple_60_close_breakout-fee0.001,2020-08-17,72.4941,0.0,49500.0,2.607,129046.5,129118.9941,0.9994385481353436,1138.8059,0.0,0
sz159915-simple_60_close_breakout-fee0.001,2020-08-18,72.4941,0.0,49500.0,2.605,128947.5,129019.9941,0.9994381173204534,1138.8059,0.0,0
sz159915-simple_60_close_breakout-fee0.001,2020-08-19,72.4941,0.0,49500.0,2.524,124938.0,125010.4941,0.9994200958845743,1138.8059,0.0,0
sz159915-simple_60_close_breakout-fee0.001,2020-08-20,72.4941,0.0,49500.0,2.503,123898.5,123970.9941,0.9994152333735299,1138.8059,0.0,0
sz159915-simple_60_close_breakout-fee0.001,2020-08-21,72.4941,0.0,49500.0,2.546,126027.0,126099.4941,0.9994251039584464,1138.8059,0.0,0
sz159915-simple_60_close_breakout-fee0.001,2020-08-22,72.4941,0.0,49500.0,2.546,126027.0,126099.4941,0.9994251039584464,1138.8059,0.0,1
sz159915-simple_60_close_breakout-fee0.001,2020-08-23,72.4941,0.0,49500.0,2.546,126027.0,126099.4941,0.9994251039584464,1138.8059,0.0,2
sz159915-simple_60_close_breakout-fee0.001,2020-08-24,72.4941,0.0,49500.0,2.597,128551.5,128623.9941,0.9994363874290544,1138.8059,0.0,0
sz159915-simple_60_close_breakout-fee0.001,2020-08-25,72.4941,0.0,49500.0,2.611,129244.5,129316.9941,0.9994394077862346,1138.8059,0.0,0
sz159915-simple_60_close_breakout-fee0.001,2020-08-26,72.4941,0.0,49500.0,2.551,126274.5,126346.9941,0.9994262301171754,1138.8059,0.0,0
sz159915-simple_60_close_breakout-fee0.001,2020-08-27,72.4941,0.0,49500.0,2.602,128799.0,128871.4941,0.9994374698570364,1138.8059,0.0,0
sz159915-simple_60_close_breakout-fee0.001,2020-08-28,72.4941,0.0,49500.0,2.666,131967.0,132039.4941,0.99945096654229,1138.8059,0.0,0
sz159915-simple_60_close_breakout-fee0.001,2020-08-29,72.4941,0.0,49500.0,2.666,131967.0,132039.4941,0.99945096654229,1138.8059,0.0,1
sz159915-simple_60_close_breakout-fee0.001,2020-08-30,72.4941,0.0,49500.0,2.666,131967.0,132039.4941,0.99945096654229,1138.8059,0.0,2
sz159915-simple_60_close_breakout-fee0.001,2020-08-31,72.4941,0.0,49500.0,2.637,130531.5,130603.9941,0.999444931983133,1138.8059,0.0,0
sz159915-simple_60_close_breakout-fee0.001,2020-09-01,72.4941,0.0,49500.0,2.658,131571.0,131643.4941,0.9994493149813775,1138.8059,0.0,0
sz159915-simple_60_close_breakout-fee0.001,2020-09-02,72.4941,0.0,49500.0,2.676,132462.0,132534.4941,0.9994530171145838,1138.8059,0.0,0
sz159915-simple_60_close_breakout-fee0.001,2020-09-03,72.4941,0.0,49500.0,2.653,131323.5,131395.9941,0.9994482777005756,1138.8059,0.0,0
sz159915-simple_60_close_breakout-fee0.001,2020-09-04,72.4941,0.0,49500.0,2.638,130581.0,130653.4941,0.9994451422788241,1138.8059,0.0,0
sz159915-simple_60_close_breakout-fee0.001,2020-09-05,72.4941,0.0,49500.0,2.638,130581.0,130653.4941,0.9994451422788241,1138.8059,0.0,1
sz159915-simple_60_close_breakout-fee0.001,2020-09-06,72.4941,0.0,49500.0,2.638,130581.0,130653.4941,0.9994451422788241,1138.8059,0.0,2
sz159915-simple_60_close_breakout-fee0.001,2020-09-07,72.4941,0.0,49500.0,2.549,126175.5,126247.9941,0.9994257801835443,1138.8059,0.0,0
sz159915-simple_60_close_breakout-fee0.001,2020-09-08,72.4941,0.0,49500.0,2.564,126918.0,126990.4941,0.9994291375861337,1138.8059,0.0,0
sz159915-simple_60_close_breakout-fee0.001,2020-09-09,72.4941,0.0,49500.0,2.44,120780.0,120852.4941,0.9994001439478774,1138.8059,0.0,0
sz159915-simple_60_close_breakout-fee0.001,2020-09-10,72.4941,0.0,49500.0,2.403,118948.5,119020.9941,0.9993909133380361,1138.8059,0.0,0
sz159915-simple_60_close_breakout-fee0.001,2020-09-11,72.4941,0.0,49500.0,2.449,121225.5,121297.9941,0.9994023470830009,1138.8059,0.0,0
sz159915-simple_60_close_breakout-fee0.001,2020-09-12,72.4941,0.0,49500.0,2.449,121225.5,121297.9941,0.9994023470830009,1138.8059,0.0,1
sz159915-simple_60_close_breakout-fee0.001,2020-09-13,72.4941,0.0,49500.0,2.449,121225.5,121297.9941,0.9994023470830009,1138.8059,0.0,2
sz159915-simple_60_close_breakout-fee0.001,2020-09-14,72.4941,0.0,49500.0,2.484,122958.0,123030.4941,0.9994107631564816,1138.8059,0.0,0
sz159915-simple_60_close_breakout-fee0.001,2020-09-15,72.4941,0.0,49500.0,2.504,123948.0,124020.4941,0.9994154667700199,1138.8059,0.0,0
sz159915-simple_60_close_breakout-fee0.001,2020-09-16,72.4941,0.0,49500.0,2.47,122265.0,122337.4941,0.9994074253315934,1138.8059,0.0,0
sz159915-simple_60_close_breakout-fee0.001,2020-09-17,72.4941,0.0,49500.0,2.467,122116.5,122188.9941,0.9994067051575801,1138.8059,0.0,0
sz159915-simple_60_close_breakout-fee0.001,2020-09-18,72.4941,0.0,49500.0,2.513,124393.5,124465.9941,0.9994175589844905,1138.8059,0.0,0
sz159915-simple_60_close_breakout-fee0.001,2020-09-19,72.4941,0.0,49500.0,2.513,124393.5,124465.9941,0.9994175589844905,1138.8059,0.0,1
sz159915-simple_60_close_breakout-fee0.001,2020-09-20,72.4941,0.0,49500.0,2.513,124393.5,124465.9941,0.9994175589844905,1138.8059,0.0,2
sz159915-simple_60_close_breakout-fee0.001,2020-09-21,72.4941,0.0,49500.0,2.48,122760.0,122832.4941,0.9994098133353787,1138.8059,0.0,0
sz159915-simple_60_close_breakout-fee0.001,2020-09-22,72.4941,0.0,49500.0,2.469,122215.5,122287.9941,0.9994071854679314,1138.8059,0.0,0
sz159915-simple_60_close_breakout-fee0.001,2020-09-23,72.4941,0.0,49500.0,2.508,124146.0,124218.4941,0.9994163984958501,1138.8059,0.0,0
sz159915-simple_60_close_breakout-fee0.001,2020-09-24,72.4941,0.0,49500.0,2.454,121473.0,121545.4941,0.9994035640684438,1138.8059,0.0,0
sz159915-simple_60_close_breakout-fee0.001,2020-09-25,72.4941,0.0,49500.0,2.457,121621.5,121693.9941,0.9994042918836206,1138.8059,0.0,0
sz159915-simple_60_close_breakout-fee0.001,2020-09-26,72.4941,0.0,49500.0,2.457,121621.5,121693.9941,0.9994042918836206,1138.8059,0.0,1
sz159915-simple_60_close_breakout-fee0.001,2020-09-27,72.4941,0.0,49500.0,2.457,121621.5,121693.9941,0.9994042918836206,1138.8059,0.0,2
sz159915-simple_60_close_breakout-fee0.001,2020-09-28,72.4941,0.0,49500.0,2.434,120483.0,120555.4941,0.9993986661450712,1138.8059,0.0,0
sz159915-simple_60_close_breakout-fee0.001,2020-09-29,72.4941,0.0,49500.0,2.479,122710.5,122782.9941,0.9994095754014521,1138.8059,0.0,0
sz159915-simple_60_close_breakout-fee0.001,2020-09-30,72.4941,0.0,49500.0,2.489,123205.5,123277.9941,0.9994119461423002,1138.8059,0.0,0
sz159915-simple_60_close_breakout-fee0.001,2020-10-01,72.4941,0.0,49500.0,2.489,123205.5,123277.9941,0.9994119461423002,1138.8059,0.0,1
sz159915-simple_60_close_breakout-fee0.001,2020-10-02,72.4941,0.0,49500.0,2.489,123205.5,123277.9941,0.9994119461423002,1138.8059,0.0,2
sz159915-simple_60_close_breakout-fee0.001,2020-10-03,72.4941,0.0,49500.0,2.489,123205.5,123277.9941,0.9994119461423002,1138.8059,0.0,3
sz159915-simple_60_close_breakout-fee0.001,2020-10-04,72.4941,0.0,49500.0,2.489,123205.5,123277.9941,0.9994119461423002,1138.8059,0.0,4
sz159915-simple_60_close_breakout-fee0.001,2020-10-05,72.4941,0.0,49500.0,2.489,123205.5,123277.9941,0.9994119461423002,1138.8059,0.0,5
sz159915-simple_60_close_breakout-fee0.001,2020-10-06,72.4941,0.0,49500.0,2.489,123205.5,123277.9941,0.9994119461423002,1138.8059,0.0,6
sz159915-simple_60_close_breakout-fee0.001,2020-10-07,72.4941,0.0,49500.0,2.489,123205.5,123277.9941,0.9994119461423002,1138.8059,0.0,7
sz159915-simple_60_close_breakout-fee0.001,2020-10-08,72.4941,0.0,49500.0,2.489,123205.5,123277.9941,0.9994119461423002,1138.8059,0.0,8
sz159915-simple_60_close_breakout-fee0.001,2020-10-09,72.4941,0.0,49500.0,2.581,127759.5,127831.9941,0.9994328954929446,1138.8059,0.0,0
sz159915-simple_60_close_breakout-fee0.001,2020-10-10,72.4941,0.0,49500.0,2.581,127759.5,127831.9941,0.9994328954929446,1138.8059,0.0,1
sz159915-simple_60_close_breakout-fee0.001,2020-10-11,72.4941,0.0,49500.0,2.581,127759.5,127831.9941,0.9994328954929446,1138.8059,0.0,2
sz159915-simple_60_close_breakout-fee0.001,2020-10-12,72.4941,0.0,49500.0,2.683,132808.5,132880.9941,0.9994544434251791,1138.8059,0.0,0
sz159915-simple_60_close_breakout-fee0.001,2020-10-13,72.4941,0.0,49500.0,2.688,133056.0,133128.4941,0.9994554576727538,1138.8059,0.0,0
sz159915-simple_60_close_breakout-fee0.001,2020-10-14,72.4941,0.0,49500.0,2.668,132066.0,132138.4941,0.9994513778858026,1138.8059,0.0,0
sz159915-simple_60_close_breakout-fee0.001,2020-10-15,72.4941,0.0,49500.0,2.65,131175.0,131247.4941,0.9994476534542841,1138.8059,0.0,0
sz159915-simple_60_close_breakout-fee0.001,2020-10-16,72.4941,0.0,49500.0,2.634,130383.0,130455.4941,0.9994443001385251,1138.8059,0.0,0
sz159915-simple_60_close_breakout-fee0.001,2020-10-17,72.4941,0.0,49500.0,2.634,130383.0,130455.4941,0.9994443001385251,1138.8059,0.0,1
sz159915-simple_60_close_breakout-fee0.001,2020-10-18,72.4941,0.0,49500.0,2.634,130383.0,130455.4941,0.9994443001385251,1138.8059,0.0,2
sz159915-simple_60_close_breakout-fee0.001,2020-10-19,72.4941,0.0,49500.0,2.6,128700.0,128772.4941,0.9994370373851446,1138.8059,0.0,0
sz159915-simple_60_close_breakout-fee0.001,2020-10-20,72.4941,0.0,49500.0,2.645,130927.5,130999.9941,0.9994466098987405,1138.8059,0.0,0
sz159915-simple_60_close_breakout-fee0.001,2020-10-21,72.4941,0.0,49500.0,2.612,129294.0,129366.4941,0.999439622287793,1138.8059,0.0,0
sz159915-simple_60_close_breakout-fee0.001,2020-10-22,72.4941,0.0,49500.0,2.582,127809.0,127881.4941,0.9994331150061219,1138.8059,0.0,0
sz159915-simple_60_close_breakout-fee0.001,2020-10-23,72.4941,0.0,49500.0,2.516,124542.0,124614.4941,0.999418253064994,1138.8059,0.0,0
sz159915-simple_60_close_breakout-fee0.001,2020-10-24,72.4941,0.0,49500.0,2.516,124542.0,124614.4941,0.999418253064994,1138.8059,0.0,1
sz159915-simple_60_close_breakout-fee0.001,2020-10-25,72.4941,0.0,49500.0,2.516,124542.0,124614.4941,0.999418253064994,1138.8059,0.0,2
sz159915-simple_60_close_breakout-fee0.001,2020-10-26,72.4941,0.0,49500.0,2.533,125383.5,125455.9941,0.9994221551507358,1138.8059,0.0,0
sz159915-simple_60_close_breakout-fee0.001,2020-10-27,72.4941,0.0,49500.0,2.56,126720.0,126792.4941,0.9994282461236008,1138.8059,0.0,0
sz159915-simple_60_close_breakout-fee0.001,2020-10-28,72.4941,0.0,49500.0,2.577,127561.5,127633.9941,0.9994320157375691,1138.8059,0.0,0
sz159915-simple_60_close_breakout-fee0.001,2020-10-29,72.4941,0.0,49500.0,2.607,129046.5,129118.9941,0.9994385481353436,1138.8059,0.0,0
sz159915-simple_60_close_breakout-fee0.001,2020-10-30,72.4941,0.0,49500.0,2.563,126868.5,126940.9941,0.9994289149812164,1138.8059,0.0,0
sz159915-simple_60_close_breakout-fee0.001,2020-10-31,72.4941,0.0,49500.0,2.563,126868.5,126940.9941,0.9994289149812164,1138.8059,0.0,1
sz159915-simple_60_close_breakout-fee0.001,2020-11-01,72.4941,0.0,49500.0,2.563,126868.5,126940.9941,0.9994289149812164,1138.8059,0.0,2
sz159915-simple_60_close_breakout-fee0.001,2020-11-02,72.4941,0.0,49500.0,2.617,129541.5,129613.9941,0.9994406923380197,1138.8059,0.0,0
sz159915-simple_60_close_breakout-fee0.001,2020-11-03,72.4941,0.0,49500.0,2.649,131125.5,131197.9941,0.9994474450581559,1138.8059,0.0,0
sz159915-simple_60_close_breakout-fee0.001,2020-11-04,72.4941,0.0,49500.0,2.658,131571.0,131643.4941,0.9994493149813775,1138.8059,0.0,0
sz159915-simple_60_close_breakout-fee0.001,2020-11-05,72.4941,0.0,49500.0,2.69,133155.0,133227.4941,0.9994558623166357,1138.8059,0.0,0
sz159915-simple_60_close_breakout-fee0.001,2020-11-06,72.4941,0.0,49500.0,2.637,130531.5,130603.9941,0.999444931983133,1138.8059,0.0,0
sz159915-simple_60_close_breakout-fee0.001,2020-11-07,72.4941,0.0,49500.0,2.637,130531.5,130603.9941,0.999444931983133,1138.8059,0.0,1
sz159915-simple_60_close_breakout-fee0.001,2020-11-08,72.4941,0.0,49500.0,2.637,130531.5,130603.9941,0.999444931983133,1138.8059,0.0,2
sz159915-simple_60_close_breakout-fee0.001,2020-11-09,72.4941,0.0,49500.0,2.719,134590.5,134662.9941,0.9994616627939658,1138.8059,0.0,0
sz159915-simple_60_close_breakout-fee0.001,2020-11-10,72.4941,0.0,49500.0,2.674,132363.0,132435.4941,0.9994526082264226,1138.8059,0.0,0
sz159915-simple_60_close_breakout-fee0.001,2020-11-11,72.4941,0.0,49500.0,2.595,128452.5,128524.9941,0.9994359532905825,1138.8059,0.0,0
sz159915-simple_60_close_breakout-fee0.001,2020-11-12,72.4941,0.0,49500.0,2.607,129046.5,129118.9941,0.9994385481353436,1138.8059,0.0,0
sz159915-simple_60_close_breakout-fee0.001,2020-11-13,72.4941,0.0,49500.0,2.619,129640.5,129712.9941,0.999441119214748,1138.8059,0.0,0
sz159915-simple_60_close_breakout-fee0.001,2020-11-14,72.4941,0.0,49500.0,2.619,129640.5,129712.9941,0.999441119214748,1138.8059,0.0,1
sz159915-simple_60_close_breakout-fee0.001,2020-11-15,72.4941,0.0,49500.0,2.619,129640.5,129712.9941,0.999441119214748,1138.8059,0.0,2
sz159915-simple_60_close_breakout-fee0.001,2020-11-16,72.4941,0.0,49500.0,2.62,129690.0,129762.4941,0.9994413324088536,1138.8059,0.0,0
sz159915-simple_60_close_breakout-fee0.001,2020-11-17,72.4941,0.0,49500.0,2.572,127314.0,127386.4941,0.999430912197465,1138.8059,0.0,0
sz159915-simple_60_close_breakout-fee0.001,2020-11-18,72.4941,0.0,49500.0,2.534,125433.0,125505.4941,0.9994223830556594,1138.8059,0.0,0
sz159915-simple_60_close_breakout-fee0.001,2020-11-19,72.4941,0.0,49500.0,2.556,126522.0,126594.4941,0.9994273518724855,1138.8059,0.0,0
sz159915-simple_60_close_breakout-fee0.001,2020-11-20,72.4941,0.0,49500.0,2.576,127512.0,127584.4941,0.9994317953720678,1138.8059,0.0,0
sz159915-simple_60_close_breakout-fee0.001,2020-11-21,72.4941,0.0,49500.0,2.576,127512.0,127584.4941,0.9994317953720678,1138.8059,0.0,1
sz159915-simple_60_close_breakout-fee0.001,2020-11-22,72.4941,0.0,49500.0,2.576,127512.0,127584.4941,0.9994317953720678,1138.8059,0.0,2
sz159915-simple_60_close_breakout-fee0.001,2020-11-23,72.4941,0.0,49500.0,2.593,128353.5,128425.9941,0.9994355184827804,1138.8059,0.0,0
sz159915-simple_60_close_breakout-fee0.001,2020-11-24,72.4941,0.0,49500.0,2.582,127809.0,127881.4941,0.9994331150061219,1138.8059,0.0,0
sz159915-simple_60_close_breakout-fee0.001,2020-11-25,72.4941,0.0,49500.0,2.528,125136.0,125208.4941,0.999421012923116,1138.8059,0.0,0
sz159915-simple_60_close_breakout-fee0.001,2020-11-26,72.4941,0.0,49500.0,2.522,124839.0,124911.4941,0.9994196362750896,1138.8059,0.0,0
sz159915-simple_60_close_breakout-fee0.001,2020-11-27,72.4941,0.0,49500.0,2.532,125334.0,125406.4941,0.9994219270658966,1138.8059,0.0,0
sz159915-simple_60_close_breakout-fee0.001,2020-11-28,72.4941,0.0,49500.0,2.532,125334.0,125406.4941,0.9994219270658966,1138.8059,0.0,1
sz159915-simple_60_close_breakout-fee0.001,2020-11-29,72.4941,0.0,49500.0,2.532,125334.0,125406.4941,0.9994219270658966,1138.8059,0.0,2
sz159915-simple_60_close_breakout-fee0.001,2020-11-30,72.4941,0.0,49500.0,2.541,125779.5,125851.9941,0.9994239733703194,1138.8059,0.0,0
sz159915-simple_60_close_breakout-fee0.001,2020-12-01,72.4941,0.0,49500.0,2.602,128799.0,128871.4941,0.9994374698570364,1138.8059,0.0,0
sz159915-simple_60_close_breakout-fee0.001,2020-12-02,72.4941,0.0,49500.0,2.593,128353.5,128425.9941,0.9994355184827804,1138.8059,0.0,0
sz159915-simple_60_close_breakout-fee0.001,2020-12-03,72.4941,0.0,49500.0,2.619,129640.5,129712.9941,0.999441119214748,1138.8059,0.0,0
sz159915-simple_60_close_breakout-fee0.001,2020-12-04,72.4941,0.0,49500.0,2.637,130531.5,130603.9941,0.999444931983133,1138.8059,0.0,0
sz159915-simple_60_close_breakout-fee0.001,2020-12-05,72.4941,0.0,49500.0,2.637,130531.5,130603.9941,0.999444931983133,1138.8059,0.0,1
sz159915-simple_60_close_breakout-fee0.001,2020-12-06,72.4941,0.0,49500.0,2.637,130531.5,130603.9941,0.999444931983133,1138.8059,0.0,2
sz159915-simple_60_close_breakout-fee0.001,2020-12-07,72.4941,0.0,49500.0,2.628,130086.0,130158.4941,0.9994430321240172,1138.8059,0.0,0
sz159915-simple_60_close_breakout-fee0.001,2020-12-08,72.4941,0.0,49500.0,2.646,130977.0,131049.4941,0.9994468189251865,1138.8059,0.0,0
sz159915-simple_60_close_breakout-fee0.001,2020-12-09,72.4941,0.0,49500.0,2.598,128601.0,128673.4941,0.9994366042477741,1138.8059,0.0,0
sz159915-simple_60_close_breakout-fee0.001,2020-12-10,72.4941,0.0,49500.0,2.627,130036.5,130108.9941,0.9994428202254466,1138.8059,0.0,0
sz159915-simple_60_close_breakout-fee0.001,2020-12-11,72.4941,0.0,49500.0,2.601,128749.5,128821.9941,0.9994372537041794,1138.8059,0.0,0
sz159915-simple_60_close_breakout-fee0.001,2020-12-12,72.4941,0.0,49500.0,2.601,128749.5,128821.9941,0.9994372537041794,1138.8059,0.0,1
sz159915-simple_60_close_breakout-fee0.001,2020-12-13,72.4941,0.0,49500.0,2.601,128749.5,128821.9941,0.9994372537041794,1138.8059,0.0,2
sz159915-simple_60_close_breakout-fee0.001,2020-12-14,72.4941,0.0,49500.0,2.641,130729.5,130801.9941,0.9994457722108994,1138.8059,0.0,0
sz159915-simple_60_close_breakout-fee0.001,2020-12-15,72.4941,0.0,49500.0,2.667,132016.5,132088.9941,0.9994511722911212,1138.8059,0.0,0
sz159915-simple_60_close_breakout-fee0.001,2020-12-16,72.4941,0.0,49500.0,2.667,132016.5,132088.9941,0.9994511722911212,1138.8059,0.0,0
sz159915-simple_60_close_breakout-fee0.001,2020-12-17,72.4941,0.0,49500.0,2.694,133353.0,133425.4941,0.9994566698029563,1138.8059,0.0,0
sz159915-simple_60_close_breakout-fee0.001,2020-12-18,72.4941,0.0,49500.0,2.688,133056.0,133128.4941,0.9994554576727538,1138.8059,0.0,0
sz159915-simple_60_close_breakout-fee0.001,2020-12-19,72.4941,0.0,49500.0,2.688,133056.0,133128.4941,0.9994554576727538,1138.8059,0.0,1
sz159915-simple_60_close_breakout-fee0.001,2020-12-20,72.4941,0.0,49500.0,2.688,133056.0,133128.4941,0.9994554576727538,1138.8059,0.0,2
sz159915-simple_60_close_breakout-fee0.001,2020-12-21,72.4941,0.0,49500.0,2.778,137511.0,137583.4941,0.9994730901371983,1138.8059,0.0,0
sz159915-simple_60_close_breakout-fee0.001,2020-12-22,72.4941,0.0,49500.0,2.718,134541.0,134613.4941,0.9994614648369045,1138.8059,0.0,0
sz159915-simple_60_close_breakout-fee0.001,2020-12-23,72.4941,0.0,49500.0,2.745,135877.5,135949.9941,0.9994667590794695,1138.8059,0.0,0
sz159915-simple_60_close_breakout-fee0.001,2020-12-24,72.4941,0.0,49500.0,2.726,134937.0,135009.4941,0.9994630444289622,1138.8059,0.0,0
sz159915-simple_60_close_breakout-fee0.001,2020-12-25,72.4941,0.0,49500.0,2.749,136075.5,136147.9941,0.9994675345716313,1138.8059,0.0,0
sz159915-simple_60_close_breakout-fee0.001,2020-12-26,72.4941,0.0,49500.0,2.749,136075.5,136147.9941,0.9994675345716313,1138.8059,0.0,1
sz159915-simple_60_close_breakout-fee0.001,2020-12-27,72.4941,0.0,49500.0,2.749,136075.5,136147.9941,0.9994675345716313,1138.8059,0.0,2
sz159915-simple_60_close_breakout-fee0.001,2020-12-28,72.4941,0.0,49500.0,2.745,135877.5,135949.9941,0.9994667590794695,1138.8059,0.0,0
sz159915-simple_60_close_breakout-fee0.001,2020-12-29,72.4941,0.0,49500.0,2.717,134491.5,134563.9941,0.9994612667342043,1138.8059,0.0,0
sz159915-simple_60_close_breakout-fee0.001,2020-12-30,72.4941,0.0,49500.0,2.799,138550.5,138622.9941,0.9994770413056603,1138.8059,0.0,0
sz159915-simple_60_close_breakout-fee0.001,2020-12-31,72.4941,0.0,49500.0,2.866,141867.0,141939.4941,0.9994892605440109,1138.8059,0.0,0
sz159915-simple_60_close_breakout-fee0.001,2021-01-01,72.4941,0.0,49500.0,2.866,141867.0,141939.4941,0.9994892605440109,1138.8059,0.0,1
sz159915-simple_60_close_breakout-fee0.001,2021-01-02,72.4941,0.0,49500.0,2.866,141867.0,141939.4941,0.9994892605440109,1138.8059,0.0,2
sz159915-simple_60_close_breakout-fee0.001,2021-01-03,72.4941,0.0,49500.0,2.866,141867.0,141939.4941,0.9994892605440109,1138.8059,0.0,3
sz159915-simple_60_close_breakout-fee0.001,2021-01-04,72.4941,0.0,49500.0,2.976,147312.0,147384.4941,0.9995081293969038,1138.8059,0.0,0
sz159915-simple_60_close_breakout-fee0.001,2021-01-05,72.4941,0.0,49500.0,2.988,147906.0,147978.4941,0.9995101038131189,1138.8059,0.0,0
sz159915-simple_60_close_breakout-fee0.001,2021-01-06,72.4941,0.0,49500.0,3.003,148648.5,148720.9941,0.9995125496542119,1138.8059,0.0,0
sz159915-simple_60_close_breakout-fee0.001,2021-01-07,72.4941,0.0,49500.0,3.056,151272.0,151344.4941,0.9995209994229979,1138.8059,0.0,0
sz159915-simple_60_close_breakout-fee0.001,2021-01-08,72.4941,0.0,49500.0,3.036,150282.0,150354.4941,0.999517845472901,1138.8059,0.0,0
sz159915-simple_60_close_breakout-fee0.001,2021-01-09,72.4941,0.0,49500.0,3.036,150282.0,150354.4941,0.999517845472901,1138.8059,0.0,1
sz159915-simple_60_close_breakout-fee0.001,2021-01-10,72.4941,0.0,49500.0,3.036,150282.0,150354.4941,0.999517845472901,1138.8059,0.0,2
sz159915-simple_60_close_breakout-fee0.001,2021-01-11,72.4941,0.0,49500.0,2.989,147955.5,148027.9941,0.9995102676325464,1138.8059,0.0,0
sz159915-simple_60_close_breakout-fee0.001,2021-01-12,72.4941,0.0,49500.0,3.076,152262.0,152334.4941,0.9995241123789572,1138.8059,0.0,0
sz159915-simple_60_close_breakout-fee0.001,2021-01-13,72.4941,0.0,49500.0,3.025,149737.5,149809.9941,0.9995160930321404,1138.8059,0.0,0
sz159915-simple_60_close_breakout-fee0.001,2021-01-14,72.4941,0.0,49500.0,2.987,147856.5,147928.9941,0.9995099398840569,1138.8059,0.0,0
sz159915-simple_60_close_breakout-fee0.001,2021-01-15,72.4941,0.0,49500.0,2.99,148005.0,148077.4941,0.9995104313424493,1138.8059,0.0,0
sz159915-simple_60_close_breakout-fee0.001,2021-01-16,72.4941,0.0,49500.0,2.99,148005.0,148077.4941,0.9995104313424493,1138.8059,0.0,1
sz159915-simple_60_close_breakout-fee0.001,2021-01-17,72.4941,0.0,49500.0,2.99,148005.0,148077.4941,0.9995104313424493,1138.8059,0.0,2
sz159915-simple_60_close_breakout-fee0.001,2021-01-18,72.4941,0.0,49500.0,3.046,150777.0,150849.4941,0.9995194276226611,1138.8059,0.0,0
sz159915-simple_60_close_breakout-fee0.001,2021-01-19,72.4941,0.0,49500.0,2.976,147312.0,147384.4941,0.9995081293969038,1138.8059,0.0,0
sz159915-simple_60_close_breakout-fee0.001,2021-01-20,72.4941,0.0,49500.0,3.096,153252.0,153324.4941,0.9995271851348636,1138.8059,0.0,0
sz159915-simple_60_close_breakout-fee0.001,2021-01-21,72.4941,0.0,49500.0,3.176,157212.0,157284.4941,0.9995390893398944,1138.8059,0.0,0
sz159915-simple_60_close_breakout-fee0.001,2021-01-22,72.4941,0.0,49500.0,3.241,160429.5,160501.9941,0.9995483289761818,1138.8059,0.0,0
sz159915-simple_60_close_breakout-fee0.001,2021-01-23,72.4941,0.0,49500.0,3.241,160429.5,160501.9941,0.9995483289761818,1138.8059,0.0,1
sz159915-simple_60_close_breakout-fee0.001,2021-01-24,72.4941,0.0,49500.0,3.241,160429.5,160501.9941,0.9995483289761818,1138.8059,0.0,2
sz159915-simple_60_close_breakout-fee0.001,2021-01-25,72.4941,0.0,49500.0,3.242,160479.0,160551.4941,0.9995484682319129,1138.8059,0.0,0
sz159915-simple_60_close_breakout-fee0.001,2021-01-26,72.4941,0.0,49500.0,3.152,156024.0,156096.4941,0.9995355814977269,1138.8059,0.0,0
sz159915-simple_60_close_breakout-fee0.001,2021-01-27,72.4941,0.0,49500.0,3.166,156717.0,156789.4941,0.9995376341991782,1138.8059,0.0,0
sz159915-simple_60_close_breakout-fee0.001,2021-01-28,72.4941,0.0,49500.0,3.057,151321.5,151393.9941,0.9995211560377216,1138.8059,0.0,0
sz159915-simple_60_close_breakout-fee0.001,2021-01-29,72.4941,0.0,49500.0,3.029,149935.5,150007.9941,0.9995167317552979,1138.8059,0.0,0
sz159915-simple_60_close_breakout-fee0.001,2021-01-30,72.4941,0.0,49500.0,3.029,149935.5,150007.9941,0.9995167317552979,1138.8059,0.0,1
sz159915-simple_60_close_breakout-fee0.001,2021-01-31,72.4941,0.0,49500.0,3.029,149935.5,150007.9941,0.9995167317552979,1138.8059,0.0,2
sz159915-simple_60_close_breakout-fee0.001,2021-02-01,72.4941,0.0,49500.0,3.056,151272.0,151344.4941,0.9995209994229979,1138.8059,0.0,0
sz159915-simple_60_close_breakout-fee0.001,2021-02-02,72.4941,0.0,49500.0,3.118,154341.0,154413.4941,0.9995305196581262,1138.8059,0.0,0
sz159915-simple_60_close_breakout-fee0.001,2021-02-03,72.4941,0.0,49500.0,3.106,153747.0,153819.4941,0.9995287066803583,1138.8059,0.0,0
sz159915-simple_60_close_breakout-fee0.001,2021-02-04,72.4941,0.0,49500.0,3.098,153351.0,153423.4941,0.999527490229412,1138.8059,0.0,0
sz159915-simple_60_close_breakout-fee0.001,2021-02-05,72.4941,0.0,49500.0,3.084,152658.0,152730.4941,0.9995253462615492,1138.8059,0.0,0
sz159915-simple_60_close_breakout-fee0.001,2021-02-06,72.4941,0.0,49500.0,3.084,152658.0,152730.4941,0.9995253462615492,1138.8059,0.0,1
sz159915-simple_60_close_breakout-fee0.001,2021-02-07,72.4941,0.0,49500.0,3.084,152658.0,152730.4941,0.9995253462615492,1138.8059,0.0,2
sz159915-simple_60_close_breakout-fee0.001,2021-02-08,72.4941,0.0,49500.0,3.084,152658.0,152730.4941,0.9995253462615492,1138.8059,0.0,3
sz159915-simple_60_close_breakout-fee0.001,2021-02-09,72.4941,0.0,49500.0,3.222,159489.0,159561.4941,0.999545666701049,1138.8059,0.0,0
sz159915-simple_60_close_breakout-fee0.001,2021-02-10,72.4941,0.0,49500.0,3.293,163003.5,163075.9941,0.9995554581751895,1138.8059,0.0,0
sz159915-simple_60_close_breakout-fee0.001,2021-02-11,72.4941,0.0,49500.0,3.293,163003.5,163075.9941,0.9995554581751895,1138.8059,0.0,1
sz159915-simple_60_close_breakout-fee0.001,2021-02-12,72.4941,0.0,49500.0,3.293,163003.5,163075.9941,0.9995554581751895,1138.8059,0.0,2
sz159915-simple_60_close_breakout-fee0.001,2021-02-13,72.4941,0.0,49500.0,3.293,163003.5,163075.9941,0.9995554581751895,1138.8059,0.0,3
sz159915-simple_60_close_breakout-fee0.001,2021-02-14,72.4941,0.0,49500.0,3.293,163003.5,163075.9941,0.9995554581751895,1138.8059,0.0,4
sz159915-simple_60_close_breakout-fee0.001,2021-02-15,72.4941,0.0,49500.0,3.293,163003.5,163075.9941,0.9995554581751895,1138.8059,0.0,5
sz159915-simple_60_close_breakout-fee0.001,2021-02-16,72.4941,0.0,49500.0,3.293,163003.5,163075.9941,0.9995554581751895,1138.8059,0.0,6
sz159915-simple_60_close_breakout-fee0.001,2021-02-17,72.4941,0.0,49500.0,3.293,163003.5,163075.9941,0.9995554581751895,1138.8059,0.0,7
sz159915-simple_60_close_breakout-fee0.001,2021-02-18,72.4941,0.0,49500.0,3.202,158499.0,158571.4941,0.9995428301889223,1138.8059,0.0,0
sz159915-simple_60_close_breakout-fee0.001,2021-02-19,72.4941,0.0,49500.0,3.17,156915.0,156987.4941,0.9995382173566397,1138.8059,0.0,0
sz159915-simple_60_close_breakout-fee0.001,2021-02-20,72.4941,0.0,49500.0,3.17,156915.0,156987.4941,0.9995382173566397,1138.8059,0.0,1
sz159915-simple_60_close_breakout-fee0.001,2021-02-21,72.4941,0.0,49500.0,3.17,156915.0,156987.4941,0.9995382173566397,1138.8059,0.0,2
sz159915-simple_60_close_breakout-fee0.001,2021-02-22,72.4941,0.0,49500.0,3.032,150084.0,150156.4941,0.9995172096922313,1138.8059,0.0,0
sz159915-simple_60_close_breakout-fee0.001,2021-02-23,72.4941,0.0,49500.0,3.009,148945.5,149017.9941,0.9995135211660993,1138.8059,0.0,0
sz159915-simple_60_close_breakout-fee0.001,2021-02-24,72.4941,0.0,49500.0,2.904,143748.0,143820.4941,0.9994959404050608,1138.8059,0.0,0
sz159915-simple_60_close_breakout-fee0.001,2021-02-25,72.4941,0.0,49500.0,2.878,142461.0,142533.4941,0.999491389020821,1138.8059,0.0,0
sz159915-simple_60_close_breakout-fee0.001,2021-02-26,72.4941,0.0,49500.0,2.814,139293.0,139365.4941,0.9994798274819161,1138.8059,0.0,0
sz159915-simple_60_close_breakout-fee0.001,2021-02-27,72.4941,0.0,49500.0,2.814,139293.0,139365.4941,0.9994798274819161,1138.8059,0.0,1
sz159915-simple_60_close_breakout-fee0.001,2021-02-28,72.4941,0.0,49500.0,2.814,139293.0,139365.4941,0.9994798274819161,1138.8059,0.0,2
sz159915-simple_60_close_breakout-fee0.001,2021-03-01,72.4941,0.0,49500.0,2.894,143253.0,143325.4941,0.9994941995458992,1138.8059,0.0,0
sz159915-simple_60_close_breakout-fee0.001,2021-03-02,72.4941,0.0,49500.0,2.859,141520.5,141592.9941,0.99948801068541,1138.8059,0.0,0
sz159915-simple_60_close_breakout-fee0.001,2021-03-03,72.4941,0.0,49500.0,2.9,143550.0,143622.4941,0.99949524550138,1138.8059,0.0,0
sz159915-simple_60_close_breakout-fee0.001,2021-03-04,72.4941,0.0,49500.0,2.751,136174.5,136246.9941,0.9994679214724782,1138.8059,0.0,0
sz159915-simple_60_close_breakout-fee0.001,2021-03-05,72.4941,0.0,49500.0,2.772,137214.0,137286.4941,0.9994719502418993,1138.8059,0.0,0
sz159915-simple_60_close_breakout-fee0.001,2021-03-06,72.4941,0.0,49500.0,2.772,137214.0,137286.4941,0.9994719502418993,1138.8059,0.0,1
sz159915-simple_60_close_breakout-fee0.001,2021-03-07,72.4941,0.0,49500.0,2.772,137214.0,137286.4941,0.9994719502418993,1138.8059,0.0,2
sz159915-simple_60_close_breakout-fee0.001,2021-03-08,72.4941,0.0,49500.0,2.633,130333.5,130405.9941,0.999444089203872,1138.8059,0.0,0
sz159915-simple_60_close_breakout-fee0.001,2021-03-09,72.4941,0.0,49500.0,2.547,126076.5,126148.9941,0.9994253295437098,1138.8059,0.0,0
sz159915-simple_60_close_breakout-fee0.001,2021-03-10,128989.9476,0.0,0.0,2.586,0.0,128989.9476,0.0,1267.8524,0.0,0
sz159915-simple_60_close_breakout-fee0.001,2021-03-11,128989.9476,0.0,0.0,2.65,0.0,128989.9476,0.0,1267.8524,0.0,0
sz159915-simple_60_close_breakout-fee0.001,2021-03-12,128989.9476,0.0,0.0,2.658,0.0,128989.9476,0.0,1267.8524,0.0,0
sz159915-simple_60_close_breakout-fee0.001,2021-03-13,128989.9476,0.0,0.0,2.658,0.0,128989.9476,0.0,1267.8524,0.0,1
sz159915-simple_60_close_breakout-fee0.001,2021-03-14,128989.9476,0.0,0.0,2.658,0.0,128989.9476,0.0,1267.8524,0.0,2
sz159915-simple_60_close_breakout-fee0.001,2021-03-15,128989.9476,0.0,0.0,2.555,0.0,128989.9476,0.0,1267.8524,0.0,0
sz159915-simple_60_close_breakout-fee0.001,2021-03-16,128989.9476,0.0,0.0,2.579,0.0,128989.9476,0.0,1267.8524,0.0,0
sz159915-simple_60_close_breakout-fee0.001,2021-03-17,128989.9476,0.0,0.0,2.607,0.0,128989.9476,0.0,1267.8524,0.0,0
sz159915-simple_60_close_breakout-fee0.001,2021-03-18,128989.9476,0.0,0.0,2.65,0.0,128989.9476,0.0,1267.8524,0.0,0
sz159915-simple_60_close_breakout-fee0.001,2021-03-19,128989.9476,0.0,0.0,2.579,0.0,128989.9476,0.0,1267.8524,0.0,0
sz159915-simple_60_close_breakout-fee0.001,2021-03-20,128989.9476,0.0,0.0,2.579,0.0,128989.9476,0.0,1267.8524,0.0,1
sz159915-simple_60_close_breakout-fee0.001,2021-03-21,128989.9476,0.0,0.0,2.579,0.0,128989.9476,0.0,1267.8524,0.0,2
sz159915-simple_60_close_breakout-fee0.001,2021-03-22,128989.9476,0.0,0.0,2.607,0.0,128989.9476,0.0,1267.8524,0.0,0
sz159915-simple_60_close_breakout-fee0.001,2021-03-23,128989.9476,0.0,0.0,2.579,0.0,128989.9476,0.0,1267.8524,0.0,0
sz159915-simple_60_close_breakout-fee0.001,2021-03-24,128989.9476,0.0,0.0,2.543,0.0,128989.9476,0.0,1267.8524,0.0,0
sz159915-simple_60_close_breakout-fee0.001,2021-03-25,128989.9476,0.0,0.0,2.567,0.0,128989.9476,0.0,1267.8524,0.0,0
sz159915-simple_60_close_breakout-fee0.001,2021-03-26,128989.9476,0.0,0.0,2.65,0.0,128989.9476,0.0,1267.8524,0.0,0
sz159915-simple_60_close_breakout-fee0.001,2021-03-27,128989.9476,0.0,0.0,2.65,0.0,128989.9476,0.0,1267.8524,0.0,1
sz159915-simple_60_close_breakout-fee0.001,2021-03-28,128989.9476,0.0,0.0,2.65,0.0,128989.9476,0.0,1267.8524,0.0,2
sz159915-simple_60_close_breakout-fee0.001,2021-03-29,128989.9476,0.0,0.0,2.637,0.0,128989.9476,0.0,1267.8524,0.0,0
sz159915-simple_60_close_breakout-fee0.001,2021-03-30,128989.9476,0.0,0.0,2.673,0.0,128989.9476,0.0,1267.8524,0.0,0
sz159915-simple_60_close_breakout-fee0.001,2021-03-31,128989.9476,0.0,0.0,2.665,0.0,128989.9476,0.0,1267.8524,0.0,0
sz159915-simple_60_close_breakout-fee0.001,2021-04-01,128989.9476,0.0,0.0,2.718,0.0,128989.9476,0.0,1267.8524,0.0,0
sz159915-simple_60_close_breakout-fee0.001,2021-04-02,128989.9476,0.0,0.0,2.756,0.0,128989.9476,0.0,1267.8524,0.0,0
sz159915-simple_60_close_breakout-fee0.001,2021-04-03,128989.9476,0.0,0.0,2.756,0.0,128989.9476,0.0,1267.8524,0.0,1
sz159915-simple_60_close_breakout-fee0.001,2021-04-04,128989.9476,0.0,0.0,2.756,0.0,128989.9476,0.0,1267.8524,0.0,2
sz159915-simple_60_close_breakout-fee0.001,2021-04-05,128989.9476,0.0,0.0,2.756,0.0,128989.9476,0.0,1267.8524,0.0,3
sz159915-simple_60_close_breakout-fee0.001,2021-04-06,128989.9476,0.0,0.0,2.73,0.0,128989.9476,0.0,1267.8524,0.0,0
sz159915-simple_60_close_breakout-fee0.001,2021-04-07,128989.9476,0.0,0.0,2.707,0.0,128989.9476,0.0,1267.8524,0.0,0
sz159915-simple_60_close_breakout-fee0.001,2021-04-08,128989.9476,0.0,0.0,2.728,0.0,128989.9476,0.0,1267.8524,0.0,0
sz159915-simple_60_close_breakout-fee0.001,2021-04-09,128989.9476,0.0,0.0,2.69,0.0,128989.9476,0.0,1267.8524,0.0,0
sz159915-simple_60_close_breakout-fee0.001,2021-04-10,128989.9476,0.0,0.0,2.69,0.0,128989.9476,0.0,1267.8524,0.0,1
sz159915-simple_60_close_breakout-fee0.001,2021-04-11,128989.9476,0.0,0.0,2.69,0.0,128989.9476,0.0,1267.8524,0.0,2
sz159915-simple_60_close_breakout-fee0.001,2021-04-12,128989.9476,0.0,0.0,2.627,0.0,128989.9476,0.0,1267.8524,0.0,0
sz159915-simple_60_close_breakout-fee0.001,2021-04-13,128989.9476,0.0,0.0,2.649,0.0,128989.9476,0.0,1267.8524,0.0,0
sz159915-simple_60_close_breakout-fee0.001,2021-04-14,128989.9476,0.0,0.0,2.707,0.0,128989.9476,0.0,1267.8524,0.0,0
sz159915-simple_60_close_breakout-fee0.001,2021-04-15,128989.9476,0.0,0.0,2.698,0.0,128989.9476,0.0,1267.8524,0.0,0
sz159915-simple_60_close_breakout-fee0.001,2021-04-16,128989.9476,0.0,0.0,2.688,0.0,128989.9476,0.0,1267.8524,0.0,0
sz159915-simple_60_close_breakout-fee0.001,2021-04-17,128989.9476,0.0,0.0,2.688,0.0,128989.9476,0.0,1267.8524,0.0,1
sz159915-simple_60_close_breakout-fee0.001,2021-04-18,128989.9476,0.0,0.0,2.688,0.0,128989.9476,0.0,1267.8524,0.0,2
sz159915-simple_60_close_breakout-fee0.001,2021-04-19,128989.9476,0.0,0.0,2.798,0.0,128989.9476,0.0,1267.8524,0.0,0
sz159915-simple_60_close_breakout-fee0.001,2021-04-20,128989.9476,0.0,0.0,2.791,0.0,128989.9476,0.0,1267.8524,0.0,0
sz159915-simple_60_close_breakout-fee0.001,2021-04-21,128989.9476,0.0,0.0,2.814,0.0,128989.9476,0.0,1267.8524,0.0,0
sz159915-simple_60_close_breakout-fee0.001,2021-04-22,128989.9476,0.0,0.0,2.837,0.0,128989.9476,0.0,1267.8524,0.0,0
sz159915-simple_60_close_breakout-fee0.001,2021-04-23,128989.9476,0.0,0.0,2.891,0.0,128989.9476,0.0,1267.8524,0.0,0
sz159915-simple_60_close_breakout-fee0.001,2021-04-24,128989.9476,0.0,0.0,2.891,0.0,128989.9476,0.0,1267.8524,0.0,1
sz159915-simple_60_close_breakout-fee0.001,2021-04-25,128989.9476,0.0,0.0,2.891,0.0,128989.9476,0.0,1267.8524,0.0,2
sz159915-simple_60_close_breakout-fee0.001,2021-04-26,128989.9476,0.0,0.0,2.863,0.0,128989.9476,0.0,1267.8524,0.0,0
sz159915-simple_60_close_breakout-fee0.001,2021-04-27,128989.9476,0.0,0.0,2.884,0.0,128989.9476,0.0,1267.8524,0.0,0
sz159915-simple_60_close_breakout-fee0.001,2021-04-28,128989.9476,0.0,0.0,2.949,0.0,128989.9476,0.0,1267.8524,0.0,0
sz159915-simple_60_close_breakout-fee0.001,2021-04-29,128989.9476,0.0,0.0,2.952,0.0,128989.9476,0.0,1267.8524,0.0,0
sz159915-simple_60_close_breakout-fee0.001,2021-04-30,128989.9476,0.0,0.0,2.989,0.0,128989.9476,0.0,1267.8524,0.0,0
sz159915-simple_60_close_breakout-fee0.001,2021-05-01,128989.9476,0.0,0.0,2.989,0.0,128989.9476,0.0,1267.8524,0.0,1
sz159915-simple_60_close_breakout-fee0.001,2021-05-02,128989.9476,0.0,0.0,2.989,0.0,128989.9476,0.0,1267.8524,0.0,2
sz159915-simple_60_close_breakout-fee0.001,2021-05-03,128989.9476,0.0,0.0,2.989,0.0,128989.9476,0.0,1267.8524,0.0,3
sz159915-simple_60_close_breakout-fee0.001,2021-05-04,128989.9476,0.0,0.0,2.989,0.0,128989.9476,0.0,1267.8524,0.0,4
sz159915-simple_60_close_breakout-fee0.001,2021-05-05,128989.9476,0.0,0.0,2.989,0.0,128989.9476,0.0,1267.8524,0.0,5
sz159915-simple_60_close_breakout-fee0.001,2021-05-06,128989.9476,0.0,0.0,2.904,0.0,128989.9476,0.0,1267.8524,0.0,0
sz159915-simple_60_close_breakout-fee0.001,2021-05-07,128989.9476,0.0,0.0,2.819,0.0,128989.9476,0.0,1267.8524,0.0,0
sz159915-simple_60_close_breakout-fee0.001,2021-05-08,128989.9476,0.0,0.0,2.819,0.0,128989.9476,0.0,1267.8524,0.0,1
sz159915-simple_60_close_breakout-fee0.001,2021-05-09,128989.9476,0.0,0.0,2.819,0.0,128989.9476,0.0,1267.8524,0.0,2
sz159915-simple_60_close_breakout-fee0.001,2021-05-10,128989.9476,0.0,0.0,2.827,0.0,128989.9476,0.0,1267.8524,0.0,0
sz159915-simple_60_close_breakout-fee0.001,2021-05-11,128989.9476,0.0,0.0,2.823,0.0,128989.9476,0.0,1267.8524,0.0,0
sz159915-simple_60_close_breakout-fee0.001,2021-05-12,128989.9476,0.0,0.0,2.865,0.0,128989.9476,0.0,1267.8524,0.0,0
sz159915-simple_60_close_breakout-fee0.001,2021-05-13,128989.9476,0.0,0.0,2.845,0.0,128989.9476,0.0,1267.8524,0.0,0
sz159915-simple_60_close_breakout-fee0.001,2021-05-14,128989.9476,0.0,0.0,2.937,0.0,128989.9476,0.0,1267.8524,0.0,0
sz159915-simple_60_close_breakout-fee0.001,2021-05-15,128989.9476,0.0,0.0,2.937,0.0,128989.9476,0.0,1267.8524,0.0,1
sz159915-simple_60_close_breakout-fee0.001,2021-05-16,128989.9476,0.0,0.0,2.937,0.0,128989.9476,0.0,1267.8524,0.0,2
sz159915-simple_60_close_breakout-fee0.001,2021-05-17,128989.9476,0.0,0.0,3.007,0.0,128989.9476,0.0,1267.8524,0.0,0
sz159915-simple_60_close_breakout-fee0.001,2021-05-18,128989.9476,0.0,0.0,2.988,0.0,128989.9476,0.0,1267.8524,0.0,0
sz159915-simple_60_close_breakout-fee0.001,2021-05-19,128989.9476,0.0,0.0,3.012,0.0,128989.9476,0.0,1267.8524,0.0,0
sz159915-simple_60_close_breakout-fee0.001,2021-05-20,128989.9476,0.0,0.0,3.043,0.0,128989.9476,0.0,1267.8524,0.0,0
sz159915-simple_60_close_breakout-fee0.001,2021-05-21,128989.9476,0.0,0.0,3.012,0.0,128989.9476,0.0,1267.8524,0.0,0
sz159915-simple_60_close_breakout-fee0.001,2021-05-22,128989.9476,0.0,0.0,3.012,0.0,128989.9476,0.0,1267.8524,0.0,1
sz159915-simple_60_close_breakout-fee0.001,2021-05-23,128989.9476,0.0,0.0,3.012,0.0,128989.9476,0.0,1267.8524,0.0,2
sz159915-simple_60_close_breakout-fee0.001,2021-05-24,128989.9476,0.0,0.0,3.036,0.0,128989.9476,0.0,1267.8524,0.0,0
sz159915-simple_60_close_breakout-fee0.001,2021-05-25,128989.9476,0.0,0.0,3.119,0.0,128989.9476,0.0,1267.8524,0.0,0
sz159915-simple_60_close_breakout-fee0.001,2021-05-26,5.0916,0.0,41300.0,3.095,127823.5,127828.5916,0.9999601685355657,1396.7084,0.0,0
sz159915-simple_60_close_breakout-fee0.001,2021-05-27,5.0916,0.0,41300.0,3.118,128773.4,128778.4916,0.9999604623416788,1396.7084,0.0,0
sz159915-simple_60_close_breakout-fee0.001,2021-05-28,5.0916,0.0,41300.0,3.121,128897.3,128902.3916,0.9999605003449757,1396.7084,0.0,0
sz159915-simple_60_close_breakout-fee0.001,2021-05-29,5.0916,0.0,41300.0,3.121,128897.3,128902.3916,0.9999605003449757,1396.7084,0.0,1
sz159915-simple_60_close_breakout-fee0.001,2021-05-30,5.0916,0.0,41300.0,3.121,128897.3,128902.3916,0.9999605003449757,1396.7084,0.0,2
sz159915-simple_60_close_breakout-fee0.001,2021-05-31,5.0916,0.0,41300.0,3.195,131953.5,131958.5916,0.9999614151686657,1396.7084,0.0,0
sz159915-simple_60_close_breakout-fee0.001,2021-06-01,5.0916,0.0,41300.0,3.188,131664.4,131669.4916,0.9999613304499158,1396.7084,0.0,0
sz159915-simple_60_close_breakout-fee0.001,2021-06-02,5.0916,0.0,41300.0,3.133,129392.9,129397.9916,0.999960651630392,1396.7084,0.0,0
sz159915-simple_60_close_breakout-fee0.001,2021-06-03,5.0916,0.0,41300.0,3.099,127988.7,127993.7916,0.9999602199455431,1396.7084,0.0,0
sz159915-simple_60_close_breakout-fee0.001,2021-06-04,5.0916,0.0,41300.0,3.141,129723.3,129728.3916,0.9999607518451651,1396.7084,0.0,0
sz159915-simple_60_close_breakout-fee0.001,2021-06-05,5.0916,0.0,41300.0,3.141,129723.3,129728.3916,0.9999607518451651,1396.7084,0.0,1
sz159915-simple_60_close_breakout-fee0.001,2021-06-06,5.0916,0.0,41300.0,3.141,129723.3,129728.3916,0.9999607518451651,1396.7084,0.0,2
sz159915-simple_60_close_breakout-fee0.001,2021-06-07,5.0916,0.0,41300.0,3.122,128938.6,128943.6916,0.9999605129965117,1396.7084,0.0,0
sz159915-simple_60_close_breakout-fee0.001,2021-06-08,5.0916,0.0,41300.0,3.105,128236.5,128241.5916,0.9999602968121615,1396.7084,0.0,0
sz159915-simple_60_close_breakout-fee0.001,2021-06-09,5.0916,0.0,41300.0,3.1,128030.0,128035.0916,0.9999602327773084,1396.7084,0.0,0
sz159915-simple_60_close_breakout-fee0.001,2021-06-10,5.0916,0.0,41300.0,3.179,131292.7,131297.7916,0.9999612209776116,1396.7084,0.0,0
sz159915-simple_60_close_breakout-fee0.001,2021-06-11,5.0916,0.0,41300.0,3.195,131953.5,131958.5916,0.9999614151686657,1396.7084,0.0,0
sz159915-simple_60_close_breakout-fee0.001,2021-06-12,5.0916,0.0,41300.0,3.195,131953.5,131958.5916,0.9999614151686657,1396.7084,0.0,1
sz159915-simple_60_close_breakout-fee0.001,2021-06-13,5.0916,0.0,41300.0,3.195,131953.5,131958.5916,0.9999614151686657,1396.7084,0.0,2
sz159915-simple_60_close_breakout-fee0.001,2021-06-14,5.0916,0.0,41300.0,3.195,131953.5,131958.5916,0.9999614151686657,1396.7084,0.0,3
sz159915-simple_60_close_breakout-fee0.001,2021-06-15,5.0916,0.0,41300.0,3.155,130301.5,130306.5916,0.9999609259981596,1396.7084,0.0,0
sz159915-simple_60_close_breakout-fee0.001,2021-06-16,5.0916,0.0,41300.0,3.024,124891.2,124896.2916,0.9999592333772702,1396.7084,0.0,0
sz159915-simple_60_close_breakout-fee0.001,2021-06-17,5.0916,0.0,41300.0,3.088,127534.4,127539.4916,0.9999600782476382,1396.7084,0.0,0
sz159915-simple_60_close_breakout-fee0.001,2021-06-18,5.0916,0.0,41300.0,3.137,129558.1,129563.1916,0.9999607018016682,1396.7084,0.0,0
sz159915-simple_60_close_breakout-fee0.001,2021-06-19,5.0916,0.0,41300.0,3.137,129558.1,129563.1916,0.9999607018016682,1396.7084,0.0,1
sz159915-simple_60_close_breakout-fee0.001,2021-06-20,5.0916,0.0,41300.0,3.137,129558.1,129563.1916,0.9999607018016682,1396.7084,0.0,2
sz159915-simple_60_close_breakout-fee0.001,2021-06-21,5.0916,0.0,41300.0,3.166,130755.8,130760.8916,0.9999610617521975,1396.7084,0.0,0
sz159915-simple_60_close_breakout-fee0.001,2021-06-22,5.0916,0.0,41300.0,3.174,131086.2,131091.2916,0.9999611598914172,1396.7084,0.0,0
sz159915-simple_60_close_breakout-fee0.001,2021-06-23,5.0916,0.0,41300.0,3.217,132862.1,132867.1916,0.9999616790274658,1396.7084,0.0,0
sz159915-simple_60_close_breakout-fee0.001,2021-06-24,5.0916,0.0,41300.0,3.174,131086.2,131091.2916,0.9999611598914172,1396.7084,0.0,0
sz159915-simple_60_close_breakout-fee0.001,2021-06-25,5.0916,0.0,41300.0,3.243,133935.9,133940.9916,0.9999619862452922,1396.7084,0.0,0
sz159915-simple_60_close_breakout-fee0.001,2021-06-26,5.0916,0.0,41300.0,3.243,133935.9,133940.9916,0.9999619862452922,1396.7084,0.0,1
sz159915-simple_60_close_breakout-fee0.001,2021-06-27,5.0916,0.0,41300.0,3.243,133935.9,133940.9916,0.9999619862452922,1396.7084,0.0,2
sz159915-simple_60_close_breakout-fee0.001,2021-06-28,5.0916,0.0,41300.0,3.305,136496.5,136501.5916,0.9999626993360273,1396.7084,0.0,0
sz159915-simple_60_close_breakout-fee0.001,2021-06-29,5.0916,0.0,41300.0,3.297,136166.1,136171.1916,0.9999626088312794,1396.7084,0.0,0
sz159915-simple_60_close_breakout-fee0.001,2021-06-30,5.0916,0.0,41300.0,3.373,139304.9,139309.9916,0.9999634512934678,1396.7084,0.0,0
sz159915-simple_60_close_breakout-fee0.001,2021-07-01,5.0916,0.0,41300.0,3.34,137942.0,137947.0916,0.9999630901968215,1396.7084,0.0,0
sz159915-simple_60_close_breakout-fee0.001,2021-07-02,5.0916,0.0,41300.0,3.227,133275.1,133280.1916,0.9999617977740062,1396.7084,0.0,0
sz159915-simple_60_close_breakout-fee0.001,2021-07-03,5.0916,0.0,41300.0,3.227,133275.1,133280.1916,0.9999617977740062,1396.7084,0.0,1
sz159915-simple_60_close_breakout-fee0.001,2021-07-04,5.0916,0.0,41300.0,3.227,133275.1,133280.1916,0.9999617977740062,1396.7084,0.0,2
sz159915-simple_60_close_breakout-fee0.001,2021-07-05,5.0916,0.0,41300.0,3.25,134225.0,134230.0916,0.9999620681179658,1396.7084,0.0,0
sz159915-simple_60_close_breakout-fee0.001,2021-07-06,5.0916,0.0,41300.0,3.196,131994.8,131999.8916,0.9999614272410509,1396.7084,0.0,0
sz159915-simple_60_close_breakout-fee0.001,2021-07-07,5.0916,0.0,41300.0,3.305,136496.5,136501.5916,0.9999626993360273,1396.7084,0.0,0
sz159915-simple_60_close_breakout-fee0.001,2021-07-08,5.0916,0.0,41300.0,3.322,137198.6,137203.6916,0.9999628902113301,1396.7084,0.0,0
sz159915-simple_60_close_breakout-fee0.001,2021-07-09,5.0916,0.0,41300.0,3.303,136413.9,136418.9916,0.99996267675094,1396.7084,0.0,0
sz159915-simple_60_close_breakout-fee0.001,2021-07-10,5.0916,0.0,41300.0,3.303,136413.9,136418.9916,0.99996267675094,1396.7084,0.0,1
sz159915-simple_60_close_breakout-fee0.001,2021-07-11,5.0916,0.0,41300.0,3.303,136413.9,136418.9916,0.99996267675094,1396.7084,0.0,2
sz159915-simple_60_close_breakout-fee0.001,2021-07-12,5.0916,0.0,41300.0,3.427,141535.1,141540.1916,0.9999640271788356,1396.7084,0.0,0
sz159915-simple_60_close_breakout-fee0.001,2021-07-13,5.0916,0.0,41300.0,3.411,140874.3,140879.3916,0.9999638584469867,1396.7084,0.0,0
sz159915-simple_60_close_breakout-fee0.001,2021-07-14,5.0916,0.0,41300.0,3.382,139676.6,139681.6916,0.9999635485514123,1396.7084,0.0,0
sz159915-simple_60_close_breakout-fee0.001,2021-07-15,5.0916,0.0,41300.0,3.429,141617.7,141622.7916,0.9999640481596043,1396.7084,0.0,0
sz159915-simple_60_close_breakout-fee0.001,2021-07-16,5.0916,0.0,41300.0,3.328,137446.4,137451.4916,0.9999629571135189,1396.7084,0.0,0
sz159915-simple_60_close_breakout-fee0.001,2021-07-17,5.0916,0.0,41300.0,3.328,137446.4,137451.4916,0.9999629571135189,1396.7084,0.0,1
sz159915-simple_60_close_breakout-fee0.001,2021-07-18,5.0916,0.0,41300.0,3.328,137446.4,137451.4916,0.9999629571135189,1396.7084,0.0,2
sz159915-simple_60_close_breakout-fee0.001,2021-07-19,5.0916,0.0,41300.0,3.35,138355.0,138360.0916,0.999963200371284,1396.7084,0.0,0
sz159915-simple_60_close_breakout-fee0.001,2021-07-20,5.0916,0.0,41300.0,3.356,138602.8,138607.8916,0.9999632661608137,1396.7084,0.0,0
sz159915-simple_60_close_breakout-fee0.001,2021-07-21,5.0916,0.0,41300.0,3.455,142691.5,142696.5916,0.9999643186992562,1396.7084,0.0,0
sz159915-simple_60_close_breakout-fee0.001,2021-07-22,5.0916,0.0,41300.0,3.438,141989.4,141994.4916,0.999964142270995,1396.7084,0.0,0
sz159915-simple_60_close_breakout-fee0.001,2021-07-23,5.0916,0.0,41300.0,3.367,139057.1,139062.1916,0.9999633861659922,1396.7084,0.0,0
sz159915-simple_60_close_breakout-fee0.001,2021-07-24,5.0916,0.0,41300.0,3.367,139057.1,139062.1916,0.9999633861659922,1396.7084,0.0,1
sz159915-simple_60_close_breakout-fee0.001,2021-07-25,5.0916,0.0,41300.0,3.367,139057.1,139062.1916,0.9999633861659922,1396.7084,0.0,2
sz159915-simple_60_close_breakout-fee0.001,2021-07-26,5.0916,0.0,41300.0,3.27,135051.0,135056.0916,0.9999623001084981,1396.7084,0.0,0
sz159915-simple_60_close_breakout-fee0.001,2021-07-27,5.0916,0.0,41300.0,3.14,129682.0,129687.0916,0.9999607393462434,1396.7084,0.0,0
sz159915-simple_60_close_breakout-fee0.001,2021-07-28,5.0916,0.0,41300.0,3.183,131457.9,131462.9916,0.9999612697083945,1396.7084,0.0,0
sz159915-simple_60_close_breakout-fee0.001,2021-07-29,5.0916,0.0,41300.0,3.358,138685.4,138690.4916,0.9999632880384137,1396.7084,0.0,0
sz159915-simple_60_close_breakout-fee0.001,2021-07-30,5.0916,0.0,41300.0,3.328,137446.4,137451.4916,0.9999629571135189,1396.7084,0.0,0
sz159915-simple_60_close_breakout-fee0.001,2021-07-31,5.0916,0.0,41300.0,3.328,137446.4,137451.4916,0.9999629571135189,1396.7084,0.0,1
sz159915-simple_60_close_breakout-fee0.001,2021-08-01,5.0916,0.0,41300.0,3.328,137446.4,137451.4916,0.9999629571135189,1396.7084,0.0,2
sz159915-simple_60_close_breakout-fee0.001,2021-08-02,5.0916,0.0,41300.0,3.393,140130.9,140135.9916,0.9999636667215762,1396.7084,0.0,0
sz159915-simple_60_close_breakout-fee0.001,2021-08-03,5.0916,0.0,41300.0,3.363,138891.9,138896.9916,0.999963342618574,1396.7084,0.0,0
sz159915-simple_60_close_breakout-fee0.001,2021-08-04,5.0916,0.0,41300.0,3.446,142319.8,142324.8916,0.9999642255128899,1396.7084,0.0,0
sz159915-simple_60_close_breakout-fee0.001,2021-08-05,5.0916,0.0,41300.0,3.419,141204.7,141209.7916,0.9999639430103089,1396.7084,0.0,0
sz159915-simple_60_close_breakout-fee0.001,2021-08-06,5.0916,0.0,41300.0,3.386,139841.8,139846.8916,0.9999635916112132,1396.7084,0.0,0
sz159915-simple_60_close_breakout-fee0.001,2021-08-07,5.0916,0.0,41300.0,3.386,139841.8,139846.8916,0.9999635916112132,1396.7084,0.0,1
sz159915-simple_60_close_breakout-fee0.001,2021-08-08,5.0916,0.0,41300.0,3.386,139841.8,139846.8916,0.9999635916112132,1396.7084,0.0,2
sz159915-simple_60_close_breakout-fee0.001,2021-08-09,5.0916,0.0,41300.0,3.348,138272.4,138277.4916,0.9999631783890416,1396.7084,0.0,0
sz159915-simple_60_close_breakout-fee0.001,2021-08-10,5.0916,0.0,41300.0,3.366,139015.8,139020.8916,0.9999633752888404,1396.7084,0.0,0
sz159915-simple_60_close_breakout-fee0.001,2021-08-11,5.0916,0.0,41300.0,3.326,137363.8,137368.8916,0.9999629348396082,1396.7084,0.0,0
sz159915-simple_60_close_breakout-fee0.001,2021-08-12,5.0916,0.0,41300.0,3.28,135464.0,135469.0916,0.9999624150428716,1396.7084,0.0,0
sz159915-simple_60_close_breakout-fee0.001,2021-08-13,5.0916,0.0,41300.0,3.249,134183.7,134188.7916,0.9999620564434683,1396.7084,0.0,0
sz159915-simple_60_close_breakout-fee0.001,2021-08-14,5.0916,0.0,41300.0,3.249,134183.7,134188.7916,0.9999620564434683,1396.7084,0.0,1
sz159915-simple_60_close_breakout-fee0.001,2021-08-15,5.0916,0.0,41300.0,3.249,134183.7,134188.7916,0.9999620564434683,1396.7084,0.0,2
sz159915-simple_60_close_breakout-fee0.001,2021-08-16,5.0916,0.0,41300.0,3.206,132407.8,132412.8916,0.9999615475507069,1396.7084,0.0,0
sz159915-simple_60_close_breakout-fee0.001,2021-08-17,5.0916,0.0,41300.0,3.126,129103.8,129108.8916,0.9999605635217149,1396.7084,0.0,0
sz159915-simple_60_close_breakout-fee0.001,2021-08-18,5.0916,0.0,41300.0,3.16,130508.0,130513.0916,0.9999609878216998,1396.7084,0.0,0
sz159915-simple_60_close_breakout-fee0.001,2021-08-19,5.0916,0.0,41300.0,3.177,131210.1,131215.1916,0.9999611965662062,1396.7084,0.0,0
sz159915-simple_60_close_breakout-fee0.001,2021-08-20,5.0916,0.0,41300.0,3.1,128030.0,128035.0916,0.9999602327773084,1396.7084,0.0,0
sz159915-simple_60_close_breakout-fee0.001,2021-08-21,5.0916,0.0,41300.0,3.1,128030.0,128035.0916,0.9999602327773084,1396.7084,0.0,1
sz159915-simple_60_close_breakout-fee0.001,2021-08-22,5.0916,0.0,41300.0,3.1,128030.0,128035.0916,0.9999602327773084,1396.7084,0.0,2
sz159915-simple_60_close_breakout-fee0.001,2021-08-23,5.0916,0.0,41300.0,3.195,131953.5,131958.5916,0.9999614151686657,1396.7084,0.0,0
sz159915-simple_60_close_breakout-fee0.001,2021-08-24,5.0916,0.0,41300.0,3.225,133192.5,133197.5916,0.9999617740836089,1396.7084,0.0,0
sz159915-simple_60_close_breakout-fee0.001,2021-08-25,5.0916,0.0,41300.0,3.241,133853.3,133858.3916,0.999961962788144,1396.7084,0.0,0
sz159915-simple_60_close_breakout-fee0.001,2021-08-26,5.0916,0.0,41300.0,3.164,130673.2,130678.2916,0.999961037139852,1396.7084,0.0,0
sz159915-simple_60_close_breakout-fee0.001,2021-08-27,5.0916,0.0,41300.0,3.158,130425.4,130430.4916,0.999960963115775,1396.7084,0.0,0
sz159915-simple_60_close_breakout-fee0.001,2021-08-28,5.0916,0.0,41300.0,3.158,130425.4,130430.4916,0.999960963115775,1396.7084,0.0,1
sz159915-simple_60_close_breakout-fee0.001,2021-08-29,5.0916,0.0,41300.0,3.158,130425.4,130430.4916,0.999960963115775,1396.7084,0.0,2
sz159915-simple_60_close_breakout-fee0.001,2021-08-30,5.0916,0.0,41300.0,3.164,130673.2,130678.2916,0.999961037139852,1396.7084,0.0,0
sz159915-simple_60_close_breakout-fee0.001,2021-08-31,5.0916,0.0,41300.0,3.106,128277.8,128282.8916,0.9999603095943933,1396.7084,0.0,0
sz159915-simple_60_close_breakout-fee0.001,2021-09-01,5.0916,0.0,41300.0,3.094,127782.2,127787.2916,0.9999601556623022,1396.7084,0.0,0
sz159915-simple_60_close_breakout-fee0.001,2021-09-02,5.0916,0.0,41300.0,3.046,125799.8,125804.8916,0.999959527805833,1396.7084,0.0,0
sz159915-simple_60_close_breakout-fee0.001,2021-09-03,5.0916,0.0,41300.0,3.01,124313.0,124318.0916,0.9999590437728373,1396.7084,0.0,0
sz159915-simple_60_close_breakout-fee0.001,2021-09-04,5.0916,0.0,41300.0,3.01,124313.0,124318.0916,0.9999590437728373,1396.7084,0.0,1
sz159915-simple_60_close_breakout-fee0.001,2021-09-05,5.0916,0.0,41300.0,3.01,124313.0,124318.0916,0.9999590437728373,1396.7084,0.0,2
sz159915-simple_60_close_breakout-fee0.001,2021-09-06,124276.296,0.0,0.0,3.129,0.0,124276.296,0.0,1521.104,0.0,0
sz159915-simple_60_close_breakout-fee0.001,2021-09-07,124276.296,0.0,0.0,3.147,0.0,124276.296,0.0,1521.104,0.0,0
sz159915-simple_60_close_breakout-fee0.001,2021-09-08,124276.296,0.0,0.0,3.123,0.0,124276.296,0.0,1521.104,0.0,0
sz159915-simple_60_close_breakout-fee0.001,2021-09-09,124276.296,0.0,0.0,3.126,0.0,124276.296,0.0,1521.104,0.0,0
sz159915-simple_60_close_breakout-fee0.001,2021-09-10,124276.296,0.0,0.0,3.135,0.0,124276.296,0.0,1521.104,0.0,0
sz159915-simple_60_close_breakout-fee0.001,2021-09-11,124276.296,0.0,0.0,3.135,0.0,124276.296,0.0,1521.104,0.0,1
sz159915-simple_60_close_breakout-fee0.001,2021-09-12,124276.296,0.0,0.0,3.135,0.0,124276.296,0.0,1521.104,0.0,2
sz159915-simple_60_close_breakout-fee0.001,2021-09-13,124276.296,0.0,0.0,3.095,0.0,124276.296,0.0,1521.104,0.0,0
sz159915-simple_60_close_breakout-fee0.001,2021-09-14,124276.296,0.0,0.0,3.14,0.0,124276.296,0.0,1521.104,0.0,0
sz159915-simple_60_close_breakout-fee0.001,2021-09-15,124276.296,0.0,0.0,3.105,0.0,124276.296,0.0,1521.104,0.0,0
sz159915-simple_60_close_breakout-fee0.001,2021-09-16,124276.296,0.0,0.0,3.035,0.0,124276.296,0.0,1521.104,0.0,0
sz159915-simple_60_close_breakout-fee0.001,2021-09-17,124276.296,0.0,0.0,3.097,0.0,124276.296,0.0,1521.104,0.0,0
sz159915-simple_60_close_breakout-fee0.001,2021-09-18,124276.296,0.0,0.0,3.097,0.0,124276.296,0.0,1521.104,0.0,1
sz159915-simple_60_close_breakout-fee0.001,2021-09-19,124276.296,0.0,0.0,3.097,0.0,124276.296,0.0,1521.104,0.0,2
sz159915-simple_60_close_breakout-fee0.001,2021-09-20,124276.296,0.0,0.0,3.097,0.0,124276.296,0.0,1521.104,0.0,3
sz159915-simple_60_close_breakout-fee0.001,2021-09-21,124276.296,0.0,0.0,3.097,0.0,124276.296,0.0,1521.104,0.0,4
sz159915-simple_60_close_breakout-fee0.001,2021-09-22,124276.296,0.0,0.0,3.068,0.0,124276.296,0.0,1521.104,0.0,0
sz159915-simple_60_close_breakout-fee0.001,2021-09-23,124276.296,0.0,0.0,3.086,0.0,124276.296,0.0,1521.104,0.0,0
sz159915-simple_60_close_breakout-fee0.001,2021-09-24,124276.296,0.0,0.0,3.109,0.0,124276.296,0.0,1521.104,0.0,0
sz159915-simple_60_close_breakout-fee0.001,2021-09-25,124276.296,0.0,0.0,3.109,0.0,124276.296,0.0,1521.104,0.0,1
sz159915-simple_60_close_breakout-fee0.001,2021-09-26,124276.296,0.0,0.0,3.109,0.0,124276.296,0.0,1521.104,0.0,2
sz159915-simple_60_close_breakout-fee0.001,2021-09-27,124276.296,0.0,0.0,3.13,0.0,124276.296,0.0,1521.104,0.0,0
sz159915-simple_60_close_breakout-fee0.001,2021-09-28,124276.296,0.0,0.0,3.114,0.0,124276.296,0.0,1521.104,0.0,0
sz159915-simple_60_close_breakout-fee0.001,2021-09-29,124276.296,0.0,0.0,3.083,0.0,124276.296,0.0,1521.104,0.0,0
sz159915-simple_60_close_breakout-fee0.001,2021-09-30,124276.296,0.0,0.0,3.148,0.0,124276.296,0.0,1521.104,0.0,0
sz159915-simple_60_close_breakout-fee0.001,2021-10-01,124276.296,0.0,0.0,3.148,0.0,124276.296,0.0,1521.104,0.0,1
sz159915-simple_60_close_breakout-fee0.001,2021-10-02,124276.296,0.0,0.0,3.148,0.0,124276.296,0.0,1521.104,0.0,2
sz159915-simple_60_close_breakout-fee0.001,2021-10-03,124276.296,0.0,0.0,3.148,0.0,124276.296,0.0,1521.104,0.0,3
sz159915-simple_60_close_breakout-fee0.001,2021-10-04,124276.296,0.0,0.0,3.148,0.0,124276.296,0.0,1521.104,0.0,4
sz159915-simple_60_close_breakout-fee0.001,2021-10-05,124276.296,0.0,0.0,3.148,0.0,124276.296,0.0,1521.104,0.0,5
sz159915-simple_60_close_breakout-fee0.001,2021-10-06,124276.296,0.0,0.0,3.148,0.0,124276.296,0.0,1521.104,0.0,6
sz159915-simple_60_close_breakout-fee0.001,2021-10-07,124276.296,0.0,0.0,3.148,0.0,124276.296,0.0,1521.104,0.0,7
sz159915-simple_60_close_breakout-fee0.001,2021-10-08,124276.296,0.0,0.0,3.138,0.0,124276.296,0.0,1521.104,0.0,0
sz159915-simple_60_close_breakout-fee0.001,2021-10-09,124276.296,0.0,0.0,3.138,0.0,124276.296,0.0,1521.104,0.0,1
sz159915-simple_60_close_breakout-fee0.001,2021-10-10,124276.296,0.0,0.0,3.138,0.0,124276.296,0.0,1521.104,0.0,2
sz159915-simple_60_close_breakout-fee0.001,2021-10-11,124276.296,0.0,0.0,3.096,0.0,124276.296,0.0,1521.104,0.0,0
sz159915-simple_60_close_breakout-fee0.001,2021-10-12,124276.296,0.0,0.0,3.042,0.0,124276.296,0.0,1521.104,0.0,0
sz159915-simple_60_close_breakout-fee0.001,2021-10-13,124276.296,0.0,0.0,3.109,0.0,124276.296,0.0,1521.104,0.0,0
sz159915-simple_60_close_breakout-fee0.001,2021-10-14,124276.296,0.0,0.0,3.112,0.0,124276.296,0.0,1521.104,0.0,0
sz159915-simple_60_close_breakout-fee0.001,2021-10-15,124276.296,0.0,0.0,3.176,0.0,124276.296,0.0,1521.104,0.0,0
sz159915-simple_60_close_breakout-fee0.001,2021-10-16,124276.296,0.0,0.0,3.176,0.0,124276.296,0.0,1521.104,0.0,1
sz159915-simple_60_close_breakout-fee0.001,2021-10-17,124276.296,0.0,0.0,3.176,0.0,124276.296,0.0,1521.104,0.0,2
sz159915-simple_60_close_breakout-fee0.001,2021-10-18,124276.296,0.0,0.0,3.172,0.0,124276.296,0.0,1521.104,0.0,0
sz159915-simple_60_close_breakout-fee0.001,2021-10-19,124276.296,0.0,0.0,3.191,0.0,124276.296,0.0,1521.104,0.0,0
sz159915-simple_60_close_breakout-fee0.001,2021-10-20,124276.296,0.0,0.0,3.185,0.0,124276.296,0.0,1521.104,0.0,0
sz159915-simple_60_close_breakout-fee0.001,2021-10-21,124276.296,0.0,0.0,3.174,0.0,124276.296,0.0,1521.104,0.0,0
sz159915-simple_60_close_breakout-fee0.001,2021-10-22,124276.296,0.0,0.0,3.185,0.0,124276.296,0.0,1521.104,0.0,0
sz159915-simple_60_close_breakout-fee0.001,2021-10-23,124276.296,0.0,0.0,3.185,0.0,124276.296,0.0,1521.104,0.0,1
sz159915-simple_60_close_breakout-fee0.001,2021-10-24,124276.296,0.0,0.0,3.185,0.0,124276.296,0.0,1521.104,0.0,2
sz159915-simple_60_close_breakout-fee0.001,2021-10-25,124276.296,0.0,0.0,3.236,0.0,124276.296,0.0,1521.104,0.0,0
sz159915-simple_60_close_breakout-fee0.001,2021-10-26,124276.296,0.0,0.0,3.221,0.0,124276.296,0.0,1521.104,0.0,0
sz159915-simple_60_close_breakout-fee0.001,2021-10-27,124276.296,0.0,0.0,3.205,0.0,124276.296,0.0,1521.104,0.0,0
sz159915-simple_60_close_breakout-fee0.001,2021-10-28,124276.296,0.0,0.0,3.178,0.0,124276.296,0.0,1521.104,0.0,0
sz159915-simple_60_close_breakout-fee0.001,2021-10-29,124276.296,0.0,0.0,3.249,0.0,124276.296,0.0,1521.104,0.0,0
sz159915-simple_60_close_breakout-fee0.001,2021-10-30,124276.296,0.0,0.0,3.249,0.0,124276.296,0.0,1521.104,0.0,1
sz159915-simple_60_close_breakout-fee0.001,2021-10-31,124276.296,0.0,0.0,3.249,0.0,124276.296,0.0,1521.104,0.0,2
sz159915-simple_60_close_breakout-fee0.001,2021-11-01,124276.296,0.0,0.0,3.224,0.0,124276.296,0.0,1521.104,0.0,0
sz159915-simple_60_close_breakout-fee0.001,2021-11-02,124276.296,0.0,0.0,3.228,0.0,124276.296,0.0,1521.104,0.0,0
sz159915-simple_60_close_breakout-fee0.001,2021-11-03,124276.296,0.0,0.0,3.222,0.0,124276.296,0.0,1521.104,0.0,0
sz159915-simple_60_close_breakout-fee0.001,2021-11-04,124276.296,0.0,0.0,3.26,0.0,124276.296,0.0,1521.104,0.0,0
sz159915-simple_60_close_breakout-fee0.001,2021-11-05,124276.296,0.0,0.0,3.248,0.0,124276.296,0.0,1521.104,0.0,0
sz159915-simple_60_close_breakout-fee0.001,2021-11-06,124276.296,0.0,0.0,3.248,0.0,124276.296,0.0,1521.104,0.0,1
sz159915-simple_60_close_breakout-fee0.001,2021-11-07,124276.296,0.0,0.0,3.248,0.0,124276.296,0.0,1521.104,0.0,2
sz159915-simple_60_close_breakout-fee0.001,2021-11-08,124276.296,0.0,0.0,3.278,0.0,124276.296,0.0,1521.104,0.0,0
sz159915-simple_60_close_breakout-fee0.001,2021-11-09,124276.296,0.0,0.0,3.3,0.0,124276.296,0.0,1521.104,0.0,0
sz159915-simple_60_close_breakout-fee0.001,2021-11-10,124276.296,0.0,0.0,3.296,0.0,124276.296,0.0,1521.104,0.0,0
sz159915-simple_60_close_breakout-fee0.001,2021-11-11,124276.296,0.0,0.0,3.324,0.0,124276.296,0.0,1521.104,0.0,0
sz159915-simple_60_close_breakout-fee0.001,2021-11-12,124276.296,0.0,0.0,3.324,0.0,124276.296,0.0,1521.104,0.0,0
sz159915-simple_60_close_breakout-fee0.001,2021-11-13,124276.296,0.0,0.0,3.324,0.0,124276.296,0.0,1521.104,0.0,1
sz159915-simple_60_close_breakout-fee0.001,2021-11-14,124276.296,0.0,0.0,3.324,0.0,124276.296,0.0,1521.104,0.0,2
sz159915-simple_60_close_breakout-fee0.001,2021-11-15,124276.296,0.0,0.0,3.295,0.0,124276.296,0.0,1521.104,0.0,0
sz159915-simple_60_close_breakout-fee0.001,2021-11-16,124276.296,0.0,0.0,3.282,0.0,124276.296,0.0,1521.104,0.0,0
sz159915-simple_60_close_breakout-fee0.001,2021-11-17,124276.296,0.0,0.0,3.317,0.0,124276.296,0.0,1521.104,0.0,0
sz159915-simple_60_close_breakout-fee0.001,2021-11-18,124276.296,0.0,0.0,3.274,0.0,124276.296,0.0,1521.104,0.0,0
sz159915-simple_60_close_breakout-fee0.001,2021-11-19,124276.296,0.0,0.0,3.313,0.0,124276.296,0.0,1521.104,0.0,0
sz159915-simple_60_close_breakout-fee0.001,2021-11-20,124276.296,0.0,0.0,3.313,0.0,124276.296,0.0,1521.104,0.0,1
sz159915-simple_60_close_breakout-fee0.001,2021-11-21,124276.296,0.0,0.0,3.313,0.0,124276.296,0.0,1521.104,0.0,2
sz159915-simple_60_close_breakout-fee0.001,2021-11-22,124276.296,0.0,0.0,3.393,0.0,124276.296,0.0,1521.104,0.0,0
sz159915-simple_60_close_breakout-fee0.001,2021-11-23,4.9488,0.0,36600.0,3.38,123708.0,123712.9488,0.9999599977201417,1645.2512,0.0,0
sz159915-simple_60_close_breakout-fee0.001,2021-11-24,4.9488,0.0,36600.0,3.362,123049.2,123054.1488,0.9999597835583094,1645.2512,0.0,0
sz159915-simple_60_close_breakout-fee0.001,2021-11-25,4.9488,0.0,36600.0,3.368,123268.8,123273.7488,0.9999598551999256,1645.2512,0.0,0
sz159915-simple_60_close_breakout-fee0.001,2021-11-26,4.9488,0.0,36600.0,3.364,123122.4,123127.3488,0.9999598074672424,1645.2512,0.0,0
sz159915-simple_60_close_breakout-fee0.001,2021-11-27,4.9488,0.0,36600.0,3.364,123122.4,123127.3488,0.9999598074672424,1645.2512,0.0,1
sz159915-simple_60_close_breakout-fee0.001,2021-11-28,4.9488,0.0,36600.0,3.364,123122.4,123127.3488,0.9999598074672424,1645.2512,0.0,2
sz159915-simple_60_close_breakout-fee0.001,2021-11-29,4.9488,0.0,36600.0,3.389,124037.4,124042.3488,0.9999601039479833,1645.2512,0.0,0
sz159915-simple_60_close_breakout-fee0.001,2021-11-30,4.9488,0.0,36600.0,3.386,123927.6,123932.5488,0.9999600686014456,1645.2512,0.0,0
sz159915-simple_60_close_breakout-fee0.001,2021-12-01,4.9488,0.0,36600.0,3.365,123159.0,123163.9488,0.9999598194110516,1645.2512,0.0,0
sz159915-simple_60_close_breakout-fee0.001,2021-12-02,4.9488,0.0,36600.0,3.355,122793.0,122797.9488,0.9999596996525727,1645.2512,0.0,0
sz159915-simple_60_close_breakout-fee0.001,2021-12-03,4.9488,0.0,36600.0,3.37,123342.0,123346.9488,0.9999598790237769,1645.2512,0.0,0
sz159915-simple_60_close_breakout-fee0.001,2021-12-04,4.9488,0.0,36600.0,3.37,123342.0,123346.9488,0.9999598790237769,1645.2512,0.0,1
sz159915-simple_60_close_breakout-fee0.001,2021-12-05,4.9488,0.0,36600.0,3.37,123342.0,123346.9488,0.9999598790237769,1645.2512,0.0,2
sz159915-simple_60_close_breakout-fee0.001,2021-12-06,4.9488,0.0,36600.0,3.294,120560.4,120565.3488,0.9999589533804758,1645.2512,0.0,0
sz159915-simple_60_close_breakout-fee0.001,2021-12-07,4.9488,0.0,36600.0,3.266,119535.6,119540.5488,0.9999586014950602,1645.2512,0.0,0
sz159915-simple_60_close_breakout-fee0.001,2021-12-08,4.9488,0.0,36600.0,3.314,121292.4,121297.3488,0.9999592010868419,1645.2512,0.0,0
sz159915-simple_60_close_breakout-fee0.001,2021-12-09,4.9488,0.0,36600.0,3.353,122719.8,122724.7488,0.9999596756151601,1645.2512,0.0,0
sz159915-simple_60_close_breakout-fee0.001,2021-12-10,4.9488,0.0,36600.0,3.37,123342.0,123346.9488,0.9999598790237769,1645.2512,0.0,0
sz159915-simple_60_close_breakout-fee0.001,2021-12-11,4.9488,0.0,36600.0,3.37,123342.0,123346.9488,0.9999598790237769,1645.2512,0.0,1
sz159915-simple_60_close_breakout-fee0.001,2021-12-12,4.9488,0.0,36600.0,3.37,123342.0,123346.9488,0.9999598790237769,1645.2512,0.0,2
sz159915-simple_60_close_breakout-fee0.001,2021-12-13,4.9488,0.0,36600.0,3.389,124037.4,124042.3488,0.9999601039479833,1645.2512,0.0,0
sz159915-simple_60_close_breakout-fee0.001,2021-12-14,4.9488,0.0,36600.0,3.384,123854.4,123859.3488,0.9999600450022712,1645.2512,0.0,0
sz159915-simple_60_close_breakout-fee0.001,2021-12-15,4.9488,0.0,36600.0,3.355,122793.0,122797.9488,0.9999596996525727,1645.2512,0.0,0
sz159915-simple_60_close_breakout-fee0.001,2021-12-16,4.9488,0.0,36600.0,3.378,123634.8,123639.7488,0.9999599740370874,1645.2512,0.0,0
sz159915-simple_60_close_breakout-fee0.001,2021-12-17,4.9488,0.0,36600.0,3.328,121804.8,121809.7488,0.9999593727099123,1645.2512,0.0,0
sz159915-simple_60_close_breakout-fee0.001,2021-12-18,4.9488,0.0,36600.0,3.328,121804.8,121809.7488,0.9999593727099123,1645.2512,0.0,1
sz159915-simple_60_close_breakout-fee0.001,2021-12-19,4.9488,0.0,36600.0,3.328,121804.8,121809.7488,0.9999593727099123,1645.2512,0.0,2
sz159915-simple_60_close_breakout-fee0.001,2021-12-20,4.9488,0.0,36600.0,3.225,118035.0,118039.9488,0.9999580752105511,1645.2512,0.0,0
sz159915-simple_60_close_breakout-fee0.001,2021-12-21,4.9488,0.0,36600.0,3.247,118840.2,118845.1488,0.9999583592595073,1645.2512,0.0,0
sz159915-simple_60_close_breakout-fee0.001,2021-12-22,4.9488,0.0,36600.0,3.26,119316.0,119320.9488,0.999958525304653,1645.2512,0.0,0
sz159915-simple_60_close_breakout-fee0.001,2021-12-23,4.9488,0.0,36600.0,3.269,119645.4,119650.3488,0.999958639485387,1645.2512,0.0,0
sz159915-simple_60_close_breakout-fee0.001,2021-12-24,4.9488,0.0,36600.0,3.196,116973.6,116978.5488,0.9999576948077168,1645.2512,0.0,0
sz159915-simple_60_close_breakout-fee0.001,2021-12-25,4.9488,0.0,36600.0,3.196,116973.6,116978.5488,0.9999576948077168,1645.2512,0.0,1
sz159915-simple_60_close_breakout-fee0.001,2021-12-26,4.9488,0.0,36600.0,3.196,116973.6,116978.5488,0.9999576948077168,1645.2512,0.0,2
sz159915-simple_60_close_breakout-fee0.001,2021-12-27,4.9488,0.0,36600.0,3.19,116754.0,116758.9488,0.9999576152401948,1645.2512,0.0,0
sz159915-simple_60_close_breakout-fee0.001,2021-12-28,4.9488,0.0,36600.0,3.226,118071.6,118076.5488,0.9999580882059114,1645.2512,0.0,0
sz159915-simple_60_close_breakout-fee0.001,2021-12-29,4.9488,0.0,36600.0,3.182,116461.2,116466.1488,0.9999575086834158,1645.2512,0.0,0
sz159915-simple_60_close_breakout-fee0.001,2021-12-30,4.9488,0.0,36600.0,3.219,117815.4,117820.3488,0.9999579970688391,1645.2512,0.0,0
sz159915-simple_60_close_breakout-fee0.001,2021-12-31,4.9488,0.0,36600.0,3.218,117778.8,117783.7488,0.9999579840168918,1645.2512,0.0,0
sz159915-simple_60_close_breakout-fee0.001,2022-01-01,4.9488,0.0,36600.0,3.218,117778.8,117783.7488,0.9999579840168918,1645.2512,0.0,1
sz159915-simple_60_close_breakout-fee0.001,2022-01-02,4.9488,0.0,36600.0,3.218,117778.8,117783.7488,0.9999579840168918,1645.2512,0.0,2
sz159915-simple_60_close_breakout-fee0.001,2022-01-03,4.9488,0.0,36600.0,3.218,117778.8,117783.7488,0.9999579840168918,1645.2512,0.0,3
sz159915-simple_60_close_breakout-fee0.001,2022-01-04,4.9488,0.0,36600.0,3.154,115436.4,115441.3488,0.9999571314780065,1645.2512,0.0,0
sz159915-simple_60_close_breakout-fee0.001,2022-01-05,4.9488,0.0,36600.0,3.064,112142.4,112147.3488,0.9999558723406933,1645.2512,0.0,0
sz159915-simple_60_close_breakout-fee0.001,2022-01-06,4.9488,0.0,36600.0,3.034,111044.4,111049.3488,0.9999554360286352,1645.2512,0.0,0
sz159915-simple_60_close_breakout-fee0.001,2022-01-07,110974.8678,0.0,0.0,3.003,0.0,110974.8678,0.0,1756.3322,0.0,0
sz159915-simple_60_close_breakout-fee0.001,2022-01-08,110974.8678,0.0,0.0,3.003,0.0,110974.8678,0.0,1756.3322,0.0,1
sz159915-simple_60_close_breakout-fee0.001,2022-01-09,110974.8678,0.0,0.0,3.003,0.0,110974.8678,0.0,1756.3322,0.0,2
sz159915-simple_60_close_breakout-fee0.001,2022-01-10,110974.8678,0.0,0.0,2.998,0.0,110974.8678,0.0,1756.3322,0.0,0
sz159915-simple_60_close_breakout-fee0.001,2022-01-11,110974.8678,0.0,0.0,2.96,0.0,110974.8678,0.0,1756.3322,0.0,0
sz159915-simple_60_close_breakout-fee0.001,2022-01-12,110974.8678,0.0,0.0,3.035,0.0,110974.8678,0.0,1756.3322,0.0,0
sz159915-simple_60_close_breakout-fee0.001,2022-01-13,110974.8678,0.0,0.0,2.99,0.0,110974.8678,0.0,1756.3322,0.0,0
sz159915-simple_60_close_breakout-fee0.001,2022-01-14,110974.8678,0.0,0.0,3.015,0.0,110974.8678,0.0,1756.3322,0.0,0
sz159915-simple_60_close_breakout-fee0.001,2022-01-15,110974.8678,0.0,0.0,3.015,0.0,110974.8678,0.0,1756.3322,0.0,1
sz159915-simple_60_close_breakout-fee0.001,2022-01-16,110974.8678,0.0,0.0,3.015,0.0,110974.8678,0.0,1756.3322,0.0,2
sz159915-simple_60_close_breakout-fee0.001,2022-01-17,110974.8678,0.0,0.0,3.068,0.0,110974.8678,0.0,1756.3322,0.0,0
sz159915-simple_60_close_breakout-fee0.001,2022-01-18,110974.8678,0.0,0.0,3.047,0.0,110974.8678,0.0,1756.3322,0.0,0
sz159915-simple_60_close_breakout-fee0.001,2022-01-19,110974.8678,0.0,0.0,2.985,0.0,110974.8678,0.0,1756.3322,0.0,0
sz159915-simple_60_close_breakout-fee0.001,2022-01-20,110974.8678,0.0,0.0,2.975,0.0,110974.8678,0.0,1756.3322,0.0,0
sz159915-simple_60_close_breakout-fee0.001,2022-01-21,110974.8678,0.0,0.0,2.941,0.0,110974.8678,0.0,1756.3322,0.0,0
sz159915-simple_60_close_breakout-fee0.001,2022-01-22,110974.8678,0.0,0.0,2.941,0.0,110974.8678,0.0,1756.3322,0.0,1
sz159915-simple_60_close_breakout-fee0.001,2022-01-23,110974.8678,0.0,0.0,2.941,0.0,110974.8678,0.0,1756.3322,0.0,2
sz159915-simple_60_close_breakout-fee0.001,2022-01-24,110974.8678,0.0,0.0,2.962,0.0,110974.8678,0.0,1756.3322,0.0,0
sz159915-simple_60_close_breakout-fee0.001,2022-01-25,110974.8678,0.0,0.0,2.881,0.0,110974.8678,0.0,1756.3322,0.0,0
sz159915-simple_60_close_breakout-fee0.001,2022-01-26,110974.8678,0.0,0.0,2.906,0.0,110974.8678,0.0,1756.3322,0.0,0
sz159915-simple_60_close_breakout-fee0.001,2022-01-27,110974.8678,0.0,0.0,2.815,0.0,110974.8678,0.0,1756.3322,0.0,0
sz159915-simple_60_close_breakout-fee0.001,2022-01-28,110974.8678,0.0,0.0,2.819,0.0,110974.8678,0.0,1756.3322,0.0,0
sz159915-simple_60_close_breakout-fee0.001,2022-01-29,110974.8678,0.0,0.0,2.819,0.0,110974.8678,0.0,1756.3322,0.0,1
sz159915-simple_60_close_breakout-fee0.001,2022-01-30,110974.8678,0.0,0.0,2.819,0.0,110974.8678,0.0,1756.3322,0.0,2
sz159915-simple_60_close_breakout-fee0.001,2022-01-31,110974.8678,0.0,0.0,2.819,0.0,110974.8678,0.0,1756.3322,0.0,3
sz159915-simple_60_close_breakout-fee0.001,2022-02-01,110974.8678,0.0,0.0,2.819,0.0,110974.8678,0.0,1756.3322,0.0,4
sz159915-simple_60_close_breakout-fee0.001,2022-02-02,110974.8678,0.0,0.0,2.819,0.0,110974.8678,0.0,1756.3322,0.0,5
sz159915-simple_60_close_breakout-fee0.001,2022-02-03,110974.8678,0.0,0.0,2.819,0.0,110974.8678,0.0,1756.3322,0.0,6
sz159915-simple_60_close_breakout-fee0.001,2022-02-04,110974.8678,0.0,0.0,2.819,0.0,110974.8678,0.0,1756.3322,0.0,7
sz159915-simple_60_close_breakout-fee0.001,2022-02-05,110974.8678,0.0,0.0,2.819,0.0,110974.8678,0.0,1756.3322,0.0,8
sz159915-simple_60_close_breakout-fee0.001,2022-02-06,110974.8678,0.0,0.0,2.819,0.0,110974.8678,0.0,1756.3322,0.0,9
sz159915-simple_60_close_breakout-fee0.001,2022-02-07,110974.8678,0.0,0.0,2.83,0.0,110974.8678,0.0,1756.3322,0.0,0
sz159915-simple_60_close_breakout-fee0.001,2022-02-08,110974.8678,0.0,0.0,2.758,0.0,110974.8678,0.0,1756.3322,0.0,0
sz159915-simple_60_close_breakout-fee0.001,2022-02-09,110974.8678,0.0,0.0,2.791,0.0,110974.8678,0.0,1756.3322,0.0,0
sz159915-simple_60_close_breakout-fee0.001,2022-02-10,110974.8678,0.0,0.0,2.74,0.0,110974.8678,0.0,1756.3322,0.0,0
sz159915-simple_60_close_breakout-fee0.001,2022-02-11,110974.8678,0.0,0.0,2.66,0.0,110974.8678,0.0,1756.3322,0.0,0
sz159915-simple_60_close_breakout-fee0.001,2022-02-12,110974.8678,0.0,0.0,2.66,0.0,110974.8678,0.0,1756.3322,0.0,1
sz159915-simple_60_close_breakout-fee0.001,2022-02-13,110974.8678,0.0,0.0,2.66,0.0,110974.8678,0.0,1756.3322,0.0,2
sz159915-simple_60_close_breakout-fee0.001,2022-02-14,110974.8678,0.0,0.0,2.646,0.0,110974.8678,0.0,1756.3322,0.0,0
sz159915-simple_60_close_breakout-fee0.001,2022-02-15,110974.8678,0.0,0.0,2.726,0.0,110974.8678,0.0,1756.3322,0.0,0
sz159915-simple_60_close_breakout-fee0.001,2022-02-16,110974.8678,0.0,0.0,2.725,0.0,110974.8678,0.0,1756.3322,0.0,0
sz159915-simple_60_close_breakout-fee0.001,2022-02-17,110974.8678,0.0,0.0,2.744,0.0,110974.8678,0.0,1756.3322,0.0,0
sz159915-simple_60_close_breakout-fee0.001,2022-02-18,110974.8678,0.0,0.0,2.739,0.0,110974.8678,0.0,1756.3322,0.0,0
sz159915-simple_60_close_breakout-fee0.001,2022-02-19,110974.8678,0.0,0.0,2.739,0.0,110974.8678,0.0,1756.3322,0.0,1
sz159915-simple_60_close_breakout-fee0.001,2022-02-20,110974.8678,0.0,0.0,2.739,0.0,110974.8678,0.0,1756.3322,0.0,2
sz159915-simple_60_close_breakout-fee0.001,2022-02-21,110974.8678,0.0,0.0,2.713,0.0,110974.8678,0.0,1756.3322,0.0,0
sz159915-simple_60_close_breakout-fee0.001,2022-02-22,110974.8678,0.0,0.0,2.678,0.0,110974.8678,0.0,1756.3322,0.0,0
sz159915-simple_60_close_breakout-fee0.001,2022-02-23,110974.8678,0.0,0.0,2.754,0.0,110974.8678,0.0,1756.3322,0.0,0
sz159915-simple_60_close_breakout-fee0.001,2022-02-24,110974.8678,0.0,0.0,2.693,0.0,110974.8678,0.0,1756.3322,0.0,0
sz159915-simple_60_close_breakout-fee0.001,2022-02-25,110974.8678,0.0,0.0,2.763,0.0,110974.8678,0.0,1756.3322,0.0,0
sz159915-simple_60_close_breakout-fee0.001,2022-02-26,110974.8678,0.0,0.0,2.763,0.0,110974.8678,0.0,1756.3322,0.0,1
sz159915-simple_60_close_breakout-fee0.001,2022-02-27,110974.8678,0.0,0.0,2.763,0.0,110974.8678,0.0,1756.3322,0.0,2
sz159915-simple_60_close_breakout-fee0.001,2022-02-28,110974.8678,0.0,0.0,2.786,0.0,110974.8678,0.0,1756.3322,0.0,0
sz159915-simple_60_close_breakout-fee0.001,2022-03-01,110974.8678,0.0,0.0,2.795,0.0,110974.8678,0.0,1756.3322,0.0,0
sz159915-simple_60_close_breakout-fee0.001,2022-03-02,110974.8678,0.0,0.0,2.741,0.0,110974.8678,0.0,1756.3322,0.0,0
sz159915-simple_60_close_breakout-fee0.001,2022-03-03,110974.8678,0.0,0.0,2.704,0.0,110974.8678,0.0,1756.3322,0.0,0
sz159915-simple_60_close_breakout-fee0.001,2022-03-04,110974.8678,0.0,0.0,2.662,0.0,110974.8678,0.0,1756.3322,0.0,0
sz159915-simple_60_close_breakout-fee0.001,2022-03-05,110974.8678,0.0,0.0,2.662,0.0,110974.8678,0.0,1756.3322,0.0,1
sz159915-simple_60_close_breakout-fee0.001,2022-03-06,110974.8678,0.0,0.0,2.662,0.0,110974.8678,0.0,1756.3322,0.0,2
sz159915-simple_60_close_breakout-fee0.001,2022-03-07,110974.8678,0.0,0.0,2.543,0.0,110974.8678,0.0,1756.3322,0.0,0
sz159915-simple_60_close_breakout-fee0.001,2022-03-08,110974.8678,0.0,0.0,2.507,0.0,110974.8678,0.0,1756.3322,0.0,0
sz159915-simple_60_close_breakout-fee0.001,2022-03-09,110974.8678,0.0,0.0,2.483,0.0,110974.8678,0.0,1756.3322,0.0,0
sz159915-simple_60_close_breakout-fee0.001,2022-03-10,110974.8678,0.0,0.0,2.547,0.0,110974.8678,0.0,1756.3322,0.0,0
sz159915-simple_60_close_breakout-fee0.001,2022-03-11,110974.8678,0.0,0.0,2.583,0.0,110974.8678,0.0,1756.3322,0.0,0
sz159915-simple_60_close_breakout-fee0.001,2022-03-12,110974.8678,0.0,0.0,2.583,0.0,110974.8678,0.0,1756.3322,0.0,1
sz159915-simple_60_close_breakout-fee0.001,2022-03-13,110974.8678,0.0,0.0,2.583,0.0,110974.8678,0.0,1756.3322,0.0,2
sz159915-simple_60_close_breakout-fee0.001,2022-03-14,110974.8678,0.0,0.0,2.49,0.0,110974.8678,0.0,1756.3322,0.0,0
sz159915-simple_60_close_breakout-fee0.001,2022-03-15,110974.8678,0.0,0.0,2.421,0.0,110974.8678,0.0,1756.3322,0.0,0
sz159915-simple_60_close_breakout-fee0.001,2022-03-16,110974.8678,0.0,0.0,2.552,0.0,110974.8678,0.0,1756.3322,0.0,0
sz159915-simple_60_close_breakout-fee0.001,2022-03-17,110974.8678,0.0,0.0,2.624,0.0,110974.8678,0.0,1756.3322,0.0,0
sz159915-simple_60_close_breakout-fee0.001,2022-03-18,110974.8678,0.0,0.0,2.635,0.0,110974.8678,0.0,1756.3322,0.0,0
sz159915-simple_60_close_breakout-fee0.001,2022-03-19,110974.8678,0.0,0.0,2.635,0.0,110974.8678,0.0,1756.3322,0.0,1
sz159915-simple_60_close_breakout-fee0.001,2022-03-20,110974.8678,0.0,0.0,2.635,0.0,110974.8678,0.0,1756.3322,0.0,2
sz159915-simple_60_close_breakout-fee0.001,2022-03-21,110974.8678,0.0,0.0,2.636,0.0,110974.8678,0.0,1756.3322,0.0,0
sz159915-simple_60_close_breakout-fee0.001,2022-03-22,110974.8678,0.0,0.0,2.602,0.0,110974.8678,0.0,1756.3322,0.0,0
sz159915-simple_60_close_breakout-fee0.001,2022-03-23,110974.8678,0.0,0.0,2.629,0.0,110974.8678,0.0,1756.3322,0.0,0
sz159915-simple_60_close_breakout-fee0.001,2022-03-24,110974.8678,0.0,0.0,2.62,0.0,110974.8678,0.0,1756.3322,0.0,0
sz159915-simple_60_close_breakout-fee0.001,2022-03-25,110974.8678,0.0,0.0,2.565,0.0,110974.8678,0.0,1756.3322,0.0,0
sz159915-simple_60_close_breakout-fee0.001,2022-03-26,110974.8678,0.0,0.0,2.565,0.0,110974.8678,0.0,1756.3322,0.0,1
sz159915-simple_60_close_breakout-fee0.001,2022-03-27,110974.8678,0.0,0.0,2.565,0.0,110974.8678,0.0,1756.3322,0.0,2
sz159915-simple_60_close_breakout-fee0.001,2022-03-28,110974.8678,0.0,0.0,2.512,0.0,110974.8678,0.0,1756.3322,0.0,0
sz159915-simple_60_close_breakout-fee0.001,2022-03-29,110974.8678,0.0,0.0,2.511,0.0,110974.8678,0.0,1756.3322,0.0,0
sz159915-simple_60_close_breakout-fee0.001,2022-03-30,110974.8678,0.0,0.0,2.61,0.0,110974.8678,0.0,1756.3322,0.0,0
sz159915-simple_60_close_breakout-fee0.001,2022-03-31,110974.8678,0.0,0.0,2.574,0.0,110974.8678,0.0,1756.3322,0.0,0
sz159915-simple_60_close_breakout-fee0.001,2022-04-01,110974.8678,0.0,0.0,2.58,0.0,110974.8678,0.0,1756.3322,0.0,0
sz159915-simple_60_close_breakout-fee0.001,2022-04-02,110974.8678,0.0,0.0,2.58,0.0,110974.8678,0.0,1756.3322,0.0,1
sz159915-simple_60_close_breakout-fee0.001,2022-04-03,110974.8678,0.0,0.0,2.58,0.0,110974.8678,0.0,1756.3322,0.0,2
sz159915-simple_60_close_breakout-fee0.001,2022-04-04,110974.8678,0.0,0.0,2.58,0.0,110974.8678,0.0,1756.3322,0.0,3
sz159915-simple_60_close_breakout-fee0.001,2022-04-05,110974.8678,0.0,0.0,2.58,0.0,110974.8678,0.0,1756.3322,0.0,4
sz159915-simple_60_close_breakout-fee0.001,2022-04-06,110974.8678,0.0,0.0,2.55,0.0,110974.8678,0.0,1756.3322,0.0,0
sz159915-simple_60_close_breakout-fee0.001,2022-04-07,110974.8678,0.0,0.0,2.496,0.0,110974.8678,0.0,1756.3322,0.0,0
sz159915-simple_60_close_breakout-fee0.001,2022-04-08,110974.8678,0.0,0.0,2.491,0.0,110974.8678,0.0,1756.3322,0.0,0
sz159915-simple_60_close_breakout-fee0.001,2022-04-09,110974.8678,0.0,0.0,2.491,0.0,110974.8678,0.0,1756.3322,0.0,1
sz159915-simple_60_close_breakout-fee0.001,2022-04-10,110974.8678,0.0,0.0,2.491,0.0,110974.8678,0.0,1756.3322,0.0,2
sz159915-simple_60_close_breakout-fee0.001,2022-04-11,110974.8678,0.0,0.0,2.386,0.0,110974.8678,0.0,1756.3322,0.0,0
sz159915-simple_60_close_breakout-fee0.001,2022-04-12,110974.8678,0.0,0.0,2.44,0.0,110974.8678,0.0,1756.3322,0.0,0
sz159915-simple_60_close_breakout-fee0.001,2022-04-13,110974.8678,0.0,0.0,2.394,0.0,110974.8678,0.0,1756.3322,0.0,0
sz159915-simple_60_close_breakout-fee0.001,2022-04-14,110974.8678,0.0,0.0,2.389,0.0,110974.8678,0.0,1756.3322,0.0,0
sz159915-simple_60_close_breakout-fee0.001,2022-04-15,110974.8678,0.0,0.0,2.385,0.0,110974.8678,0.0,1756.3322,0.0,0
sz159915-simple_60_close_breakout-fee0.001,2022-04-16,110974.8678,0.0,0.0,2.385,0.0,110974.8678,0.0,1756.3322,0.0,1
sz159915-simple_60_close_breakout-fee0.001,2022-04-17,110974.8678,0.0,0.0,2.385,0.0,110974.8678,0.0,1756.3322,0.0,2
sz159915-simple_60_close_breakout-fee0.001,2022-04-18,110974.8678,0.0,0.0,2.412,0.0,110974.8678,0.0,1756.3322,0.0,0
sz159915-simple_60_close_breakout-fee0.001,2022-04-19,110974.8678,0.0,0.0,2.377,0.0,110974.8678,0.0,1756.3322,0.0,0
sz159915-simple_60_close_breakout-fee0.001,2022-04-20,110974.8678,0.0,0.0,2.288,0.0,110974.8678,0.0,1756.3322,0.0,0
sz159915-simple_60_close_breakout-fee0.001,2022-04-21,110974.8678,0.0,0.0,2.24,0.0,110974.8678,0.0,1756.3322,0.0,0
sz159915-simple_60_close_breakout-fee0.001,2022-04-22,110974.8678,0.0,0.0,2.225,0.0,110974.8678,0.0,1756.3322,0.0,0
sz159915-simple_60_close_breakout-fee0.001,2022-04-23,110974.8678,0.0,0.0,2.225,0.0,110974.8678,0.0,1756.3322,0.0,1
sz159915-simple_60_close_breakout-fee0.001,2022-04-24,110974.8678,0.0,0.0,2.225,0.0,110974.8678,0.0,1756.3322,0.0,2
sz159915-simple_60_close_breakout-fee0.001,2022-04-25,110974.8678,0.0,0.0,2.103,0.0,110974.8678,0.0,1756.3322,0.0,0
sz159915-simple_60_close_breakout-fee0.001,2022-04-26,110974.8678,0.0,0.0,2.086,0.0,110974.8678,0.0,1756.3322,0.0,0
sz159915-simple_60_close_breakout-fee0.001,2022-04-27,110974.8678,0.0,0.0,2.2,0.0,110974.8678,0.0,1756.3322,0.0,0
sz159915-simple_60_close_breakout-fee0.001,2022-04-28,110974.8678,0.0,0.0,2.158,0.0,110974.8678,0.0,1756.3322,0.0,0
sz159915-simple_60_close_breakout-fee0.001,2022-04-29,110974.8678,0.0,0.0,2.244,0.0,110974.8678,0.0,1756.3322,0.0,0
sz159915-simple_60_close_breakout-fee0.001,2022-04-30,110974.8678,0.0,0.0,2.244,0.0,110974.8678,0.0,1756.3322,0.0,1
sz159915-simple_60_close_breakout-fee0.001,2022-05-01,110974.8678,0.0,0.0,2.244,0.0,110974.8678,0.0,1756.3322,0.0,2
sz159915-simple_60_close_breakout-fee0.001,2022-05-02,110974.8678,0.0,0.0,2.244,0.0,110974.8678,0.0,1756.3322,0.0,3
sz159915-simple_60_close_breakout-fee0.001,2022-05-03,110974.8678,0.0,0.0,2.244,0.0,110974.8678,0.0,1756.3322,0.0,4
sz159915-simple_60_close_breakout-fee0.001,2022-05-04,110974.8678,0.0,0.0,2.244,0.0,110974.8678,0.0,1756.3322,0.0,5
sz159915-simple_60_close_breakout-fee0.001,2022-05-05,110974.8678,0.0,0.0,2.212,0.0,110974.8678,0.0,1756.3322,0.0,0
sz159915-simple_60_close_breakout-fee0.001,2022-05-06,110974.8678,0.0,0.0,2.177,0.0,110974.8678,0.0,1756.3322,0.0,0
sz159915-simple_60_close_breakout-fee0.001,2022-05-07,110974.8678,0.0,0.0,2.177,0.0,110974.8678,0.0,1756.3322,0.0,1
sz159915-simple_60_close_breakout-fee0.001,2022-05-08,110974.8678,0.0,0.0,2.177,0.0,110974.8678,0.0,1756.3322,0.0,2
sz159915-simple_60_close_breakout-fee0.001,2022-05-09,110974.8678,0.0,0.0,2.162,0.0,110974.8678,0.0,1756.3322,0.0,0
sz159915-simple_60_close_breakout-fee0.001,2022-05-10,110974.8678,0.0,0.0,2.204,0.0,110974.8678,0.0,1756.3322,0.0,0
sz159915-simple_60_close_breakout-fee0.001,2022-05-11,110974.8678,0.0,0.0,2.272,0.0,110974.8678,0.0,1756.3322,0.0,0
sz159915-simple_60_close_breakout-fee0.001,2022-05-12,110974.8678,0.0,0.0,2.277,0.0,110974.8678,0.0,1756.3322,0.0,0
sz159915-simple_60_close_breakout-fee0.001,2022-05-13,110974.8678,0.0,0.0,2.285,0.0,110974.8678,0.0,1756.3322,0.0,0
sz159915-simple_60_close_breakout-fee0.001,2022-05-14,110974.8678,0.0,0.0,2.285,0.0,110974.8678,0.0,1756.3322,0.0,1
sz159915-simple_60_close_breakout-fee0.001,2022-05-15,110974.8678,0.0,0.0,2.285,0.0,110974.8678,0.0,1756.3322,0.0,2
sz159915-simple_60_close_breakout-fee0.001,2022-05-16,110974.8678,0.0,0.0,2.257,0.0,110974.8678,0.0,1756.3322,0.0,0
sz159915-simple_60_close_breakout-fee0.001,2022-05-17,110974.8678,0.0,0.0,2.293,0.0,110974.8678,0.0,1756.3322,0.0,0
sz159915-simple_60_close_breakout-fee0.001,2022-05-18,110974.8678,0.0,0.0,2.29,0.0,110974.8678,0.0,1756.3322,0.0,0
sz159915-simple_60_close_breakout-fee0.001,2022-05-19,110974.8678,0.0,0.0,2.306,0.0,110974.8678,0.0,1756.3322,0.0,0
sz159915-simple_60_close_breakout-fee0.001,2022-05-20,110974.8678,0.0,0.0,2.347,0.0,110974.8678,0.0,1756.3322,0.0,0
sz159915-simple_60_close_breakout-fee0.001,2022-05-21,110974.8678,0.0,0.0,2.347,0.0,110974.8678,0.0,1756.3322,0.0,1
sz159915-simple_60_close_breakout-fee0.001,2022-05-22,110974.8678,0.0,0.0,2.347,0.0,110974.8678,0.0,1756.3322,0.0,2
sz159915-simple_60_close_breakout-fee0.001,2022-05-23,110974.8678,0.0,0.0,2.332,0.0,110974.8678,0.0,1756.3322,0.0,0
sz159915-simple_60_close_breakout-fee0.001,2022-05-24,110974.8678,0.0,0.0,2.246,0.0,110974.8678,0.0,1756.3322,0.0,0
sz159915-simple_60_close_breakout-fee0.001,2022-05-25,110974.8678,0.0,0.0,2.253,0.0,110974.8678,0.0,1756.3322,0.0,0
sz159915-simple_60_close_breakout-fee0.001,2022-05-26,110974.8678,0.0,0.0,2.249,0.0,110974.8678,0.0,1756.3322,0.0,0
sz159915-simple_60_close_breakout-fee0.001,2022-05-27,110974.8678,0.0,0.0,2.251,0.0,110974.8678,0.0,1756.3322,0.0,0
sz159915-simple_60_close_breakout-fee0.001,2022-05-28,110974.8678,0.0,0.0,2.251,0.0,110974.8678,0.0,1756.3322,0.0,1
sz159915-simple_60_close_breakout-fee0.001,2022-05-29,110974.8678,0.0,0.0,2.251,0.0,110974.8678,0.0,1756.3322,0.0,2
sz159915-simple_60_close_breakout-fee0.001,2022-05-30,110974.8678,0.0,0.0,2.276,0.0,110974.8678,0.0,1756.3322,0.0,0
sz159915-simple_60_close_breakout-fee0.001,2022-05-31,110974.8678,0.0,0.0,2.334,0.0,110974.8678,0.0,1756.3322,0.0,0
sz159915-simple_60_close_breakout-fee0.001,2022-06-01,110974.8678,0.0,0.0,2.354,0.0,110974.8678,0.0,1756.3322,0.0,0
sz159915-simple_60_close_breakout-fee0.001,2022-06-02,110974.8678,0.0,0.0,2.386,0.0,110974.8678,0.0,1756.3322,0.0,0
sz159915-simple_60_close_breakout-fee0.001,2022-06-03,110974.8678,0.0,0.0,2.386,0.0,110974.8678,0.0,1756.3322,0.0,1
sz159915-simple_60_close_breakout-fee0.001,2022-06-04,110974.8678,0.0,0.0,2.386,0.0,110974.8678,0.0,1756.3322,0.0,2
sz159915-simple_60_close_breakout-fee0.001,2022-06-05,110974.8678,0.0,0.0,2.386,0.0,110974.8678,0.0,1756.3322,0.0,3
sz159915-simple_60_close_breakout-fee0.001,2022-06-06,110974.8678,0.0,0.0,2.477,0.0,110974.8678,0.0,1756.3322,0.0,0
sz159915-simple_60_close_breakout-fee0.001,2022-06-07,110974.8678,0.0,0.0,2.478,0.0,110974.8678,0.0,1756.3322,0.0,0
sz159915-simple_60_close_breakout-fee0.001,2022-06-08,110974.8678,0.0,0.0,2.494,0.0,110974.8678,0.0,1756.3322,0.0,0
sz159915-simple_60_close_breakout-fee0.001,2022-06-09,110974.8678,0.0,0.0,2.423,0.0,110974.8678,0.0,1756.3322,0.0,0
sz159915-simple_60_close_breakout-fee0.001,2022-06-10,110974.8678,0.0,0.0,2.48,0.0,110974.8678,0.0,1756.3322,0.0,0
sz159915-simple_60_close_breakout-fee0.001,2022-06-11,110974.8678,0.0,0.0,2.48,0.0,110974.8678,0.0,1756.3322,0.0,1
sz159915-simple_60_close_breakout-fee0.001,2022-06-12,110974.8678,0.0,0.0,2.48,0.0,110974.8678,0.0,1756.3322,0.0,2
sz159915-simple_60_close_breakout-fee0.001,2022-06-13,110974.8678,0.0,0.0,2.469,0.0,110974.8678,0.0,1756.3322,0.0,0
sz159915-simple_60_close_breakout-fee0.001,2022-06-14,110974.8678,0.0,0.0,2.475,0.0,110974.8678,0.0,1756.3322,0.0,0
sz159915-simple_60_close_breakout-fee0.001,2022-06-15,110974.8678,0.0,0.0,2.497,0.0,110974.8678,0.0,1756.3322,0.0,0
sz159915-simple_60_close_breakout-fee0.001,2022-06-16,110974.8678,0.0,0.0,2.507,0.0,110974.8678,0.0,1756.3322,0.0,0
sz159915-simple_60_close_breakout-fee0.001,2022-06-17,110974.8678,0.0,0.0,2.584,0.0,110974.8678,0.0,1756.3322,0.0,0
sz159915-simple_60_close_breakout-fee0.001,2022-06-18,110974.8678,0.0,0.0,2.584,0.0,110974.8678,0.0,1756.3322,0.0,1
sz159915-simple_60_close_breakout-fee0.001,2022-06-19,110974.8678,0.0,0.0,2.584,0.0,110974.8678,0.0,1756.3322,0.0,2
sz159915-simple_60_close_breakout-fee0.001,2022-06-20,110974.8678,0.0,0.0,2.626,0.0,110974.8678,0.0,1756.3322,0.0,0
sz159915-simple_60_close_breakout-fee0.001,2022-06-21,110974.8678,0.0,0.0,2.615,0.0,110974.8678,0.0,1756.3322,0.0,0
sz159915-simple_60_close_breakout-fee0.001,2022-06-22,110974.8678,0.0,0.0,2.596,0.0,110974.8678,0.0,1756.3322,0.0,0
sz159915-simple_60_close_breakout-fee0.001,2022-06-23,110974.8678,0.0,0.0,2.68,0.0,110974.8678,0.0,1756.3322,0.0,0
sz159915-simple_60_close_breakout-fee0.001,2022-06-24,17.3211,0.0,41100.0,2.738,112531.8,112549.1211,0.9998461018635177,1867.1789,0.0,0
sz159915-simple_60_close_breakout-fee0.001,2022-06-25,17.3211,0.0,41100.0,2.738,112531.8,112549.1211,0.9998461018635177,1867.1789,0.0,1
sz159915-simple_60_close_breakout-fee0.001,2022-06-26,17.3211,0.0,41100.0,2.738,112531.8,112549.1211,0.9998461018635177,1867.1789,0.0,2
sz159915-simple_60_close_breakout-fee0.001,2022-06-27,17.3211,0.0,41100.0,2.741,112655.1,112672.4211,0.9998462702777583,1867.1789,0.0,0
sz159915-simple_60_close_breakout-fee0.001,2022-06-28,17.3211,0.0,41100.0,2.754,113189.4,113206.7211,0.9998469958335362,1867.1789,0.0,0
sz159915-simple_60_close_breakout-fee0.001,2022-06-29,17.3211,0.0,41100.0,2.683,110271.3,110288.6211,0.9998429475332338,1867.1789,0.0,0
sz159915-simple_60_close_breakout-fee0.001,2022-06-30,17.3211,0.0,41100.0,2.73,112203.0,112220.3211,0.9998456509495766,1867.1789,0.0,0
sz159915-simple_60_close_breakout-fee0.001,2022-07-01,17.3211,0.0,41100.0,2.699,110928.9,110946.2211,0.9998438784139896,1867.1789,0.0,0
sz159915-simple_60_close_breakout-fee0.001,2022-07-02,17.3211,0.0,41100.0,2.699,110928.9,110946.2211,0.9998438784139896,1867.1789,0.0,1
sz159915-simple_60_close_breakout-fee0.001,2022-07-03,17.3211,0.0,41100.0,2.699,110928.9,110946.2211,0.9998438784139896,1867.1789,0.0,2
sz159915-simple_60_close_breakout-fee0.001,2022-07-04,17.3211,0.0,41100.0,2.75,113025.0,113042.3211,0.9998467733161223,1867.1789,0.0,0
sz159915-simple_60_close_breakout-fee0.001,2022-07-05,17.3211,0.0,41100.0,2.739,112572.9,112590.2211,0.9998461580425834,1867.1789,0.0,0
sz159915-simple_60_close_breakout-fee0.001,2022-07-06,17.3211,0.0,41100.0,2.725,111997.5,112014.8211,0.999845367784103,1867.1789,0.0,0
sz159915-simple_60_close_breakout-fee0.001,2022-07-07,17.3211,0.0,41100.0,2.769,113805.9,113823.2211,0.9998478245490454,1867.1789,0.0,0
sz159915-simple_60_close_breakout-fee0.001,2022-07-08,17.3211,0.0,41100.0,2.731,112244.1,112261.4211,0.9998457074582677,1867.1789,0.0,0
sz159915-simple_60_close_breakout-fee0.001,2022-07-09,17.3211,0.0,41100.0,2.731,112244.1,112261.4211,0.9998457074582677,1867.1789,0.0,1
sz159915-simple_60_close_breakout-fee0.001,2022-07-10,17.3211,0.0,41100.0,2.731,112244.1,112261.4211,0.9998457074582677,1867.1789,0.0,2
sz159915-simple_60_close_breakout-fee0.001,2022-07-11,17.3211,0.0,41100.0,2.69,110559.0,110576.3211,0.999843356155932,1867.1789,0.0,0
sz159915-simple_60_close_breakout-fee0.001,2022-07-12,17.3211,0.0,41100.0,2.622,107764.2,107781.5211,0.9998392943444923,1867.1789,0.0,0
sz159915-simple_60_close_breakout-fee0.001,2022-07-13,17.3211,0.0,41100.0,2.665,109531.5,109548.8211,0.9998418869338248,1867.1789,0.0,0
sz159915-simple_60_close_breakout-fee0.001,2022-07-14,17.3211,0.0,41100.0,2.735,112408.5,112425.8211,0.9998459330798697,1867.1789,0.0,0
sz159915-simple_60_close_breakout-fee0.001,2022-07-15,17.3211,0.0,41100.0,2.68,110148.0,110165.3211,0.9998427717558752,1867.1789,0.0,0
sz159915-simple_60_close_breakout-fee0.001,2022-07-16,17.3211,0.0,41100.0,2.68,110148.0,110165.3211,0.9998427717558752,1867.1789,0.0,1
sz159915-simple_60_close_breakout-fee0.001,2022-07-17,17.3211,0.0,41100.0,2.68,110148.0,110165.3211,0.9998427717558752,1867.1789,0.0,2
sz159915-simple_60_close_breakout-fee0.001,2022-07-18,17.3211,0.0,41100.0,2.717,111668.7,111686.0211,0.9998449125519075,1867.1789,0.0,0
sz159915-simple_60_close_breakout-fee0.001,2022-07-19,17.3211,0.0,41100.0,2.67,109737.0,109754.3211,0.9998421829789806,1867.1789,0.0,0
sz159915-simple_60_close_breakout-fee0.001,2022-07-20,17.3211,0.0,41100.0,2.68,110148.0,110165.3211,0.9998427717558752,1867.1789,0.0,0
sz159915-simple_60_close_breakout-fee0.001,2022-07-21,17.3211,0.0,41100.0,2.67,109737.0,109754.3211,0.9998421829789806,1867.1789,0.0,0
sz159915-simple_60_close_breakout-fee0.001,2022-07-22,17.3211,0.0,41100.0,2.651,108956.1,108973.4211,0.9998410520673283,1867.1789,0.0,0
sz159915-simple_60_close_breakout-fee0.001,2022-07-23,17.3211,0.0,41100.0,2.651,108956.1,108973.4211,0.9998410520673283,1867.1789,0.0,1
sz159915-simple_60_close_breakout-fee0.001,2022-07-24,17.3211,0.0,41100.0,2.651,108956.1,108973.4211,0.9998410520673283,1867.1789,0.0,2
sz159915-simple_60_close_breakout-fee0.001,2022-07-25,17.3211,0.0,41100.0,2.629,108051.9,108069.2211,0.999839722172292,1867.1789,0.0,0
sz159915-simple_60_close_breakout-fee0.001,2022-07-26,17.3211,0.0,41100.0,2.634,108257.4,108274.7211,0.9998400263715849,1867.1789,0.0,0
sz159915-simple_60_close_breakout-fee0.001,2022-07-27,17.3211,0.0,41100.0,2.637,108380.7,108398.0211,0.9998402083375303,1867.1789,0.0,0
sz159915-simple_60_close_breakout-fee0.001,2022-07-28,17.3211,0.0,41100.0,2.629,108051.9,108069.2211,0.999839722172292,1867.1789,0.0,0
sz159915-simple_60_close_breakout-fee0.001,2022-07-29,17.3211,0.0,41100.0,2.594,106613.4,106630.7211,0.9998375599468773,1867.1789,0.0,0
sz159915-simple_60_close_breakout-fee0.001,2022-07-30,17.3211,0.0,41100.0,2.594,106613.4,106630.7211,0.9998375599468773,1867.1789,0.0,1
sz159915-simple_60_close_breakout-fee0.001,2022-07-31,17.3211,0.0,41100.0,2.594,106613.4,106630.7211,0.9998375599468773,1867.1789,0.0,2
sz159915-simple_60_close_breakout-fee0.001,2022-08-01,17.3211,0.0,41100.0,2.657,109202.7,109220.0211,0.9998414109443896,1867.1789,0.0,0
sz159915-simple_60_close_breakout-fee0.001,2022-08-02,17.3211,0.0,41100.0,2.605,107065.5,107082.8211,0.9998382457632132,1867.1789,0.0,0
sz159915-simple_60_close_breakout-fee0.001,2022-08-03,17.3211,0.0,41100.0,2.553,104928.3,104945.6211,0.9998349516652677,1867.1789,0.0,0
sz159915-simple_60_close_breakout-fee0.001,2022-08-04,17.3211,0.0,41100.0,2.565,105421.5,105438.8211,0.9998357236943728,1867.1789,0.0,0
sz159915-simple_60_close_breakout-fee0.001,2022-08-05,17.3211,0.0,41100.0,2.606,107106.6,107123.9211,0.9998383078231068,1867.1789,0.0,0
sz159915-simple_60_close_breakout-fee0.001,2022-08-06,17.3211,0.0,41100.0,2.606,107106.6,107123.9211,0.9998383078231068,1867.1789,0.0,1
sz159915-simple_60_close_breakout-fee0.001,2022-08-07,17.3211,0.0,41100.0,2.606,107106.6,107123.9211,0.9998383078231068,1867.1789,0.0,2
sz159915-simple_60_close_breakout-fee0.001,2022-08-08,17.3211,0.0,41100.0,2.596,106695.6,106712.9211,0.9998376850729841,1867.1789,0.0,0
sz159915-simple_60_close_breakout-fee0.001,2022-08-09,17.3211,0.0,41100.0,2.614,107435.4,107452.7211,0.9998388025931527,1867.1789,0.0,0
sz159915-simple_60_close_breakout-fee0.001,2022-08-10,17.3211,0.0,41100.0,2.579,105996.9,106014.2211,0.9998366153161314,1867.1789,0.0,0
sz159915-simple_60_close_breakout-fee0.001,2022-08-11,17.3211,0.0,41100.0,2.647,108791.7,108809.0211,0.9998408119122395,1867.1789,0.0,0
sz159915-simple_60_close_breakout-fee0.001,2022-08-12,17.3211,0.0,41100.0,2.613,107394.3,107411.6211,0.999838740912551,1867.1789,0.0,0
sz159915-simple_60_close_breakout-fee0.001,2022-08-13,17.3211,0.0,41100.0,2.613,107394.3,107411.6211,0.999838740912551,1867.1789,0.0,1
sz159915-simple_60_close_breakout-fee0.001,2022-08-14,17.3211,0.0,41100.0,2.613,107394.3,107411.6211,0.999838740912551,1867.1789,0.0,2
sz159915-simple_60_close_breakout-fee0.001,2022-08-15,17.3211,0.0,41100.0,2.638,108421.8,108439.1211,0.9998402689008884,1867.1789,0.0,0
sz159915-simple_60_close_breakout-fee0.001,2022-08-16,17.3211,0.0,41100.0,2.652,108997.2,109014.5211,0.9998411119929232,1867.1789,0.0,0
sz159915-simple_60_close_breakout-fee0.001,2022-08-17,17.3211,0.0,41100.0,2.695,110764.5,110781.8211,0.9998436467298695,1867.1789,0.0,0
sz159915-simple_60_close_breakout-fee0.001,2022-08-18,17.3211,0.0,41100.0,2.693,110682.3,110699.6211,0.9998435306297538,1867.1789,0.0,0
sz159915-simple_60_close_breakout-fee0.001,2022-08-19,17.3211,0.0,41100.0,2.653,109038.3,109055.6211,0.9998411718733496,1867.1789,0.0,0
sz159915-simple_60_close_breakout-fee0.001,2022-08-20,17.3211,0.0,41100.0,2.653,109038.3,109055.6211,0.9998411718733496,1867.1789,0.0,1
sz159915-simple_60_close_breakout-fee0.001,2022-08-21,17.3211,0.0,41100.0,2.653,109038.3,109055.6211,0.9998411718733496,1867.1789,0.0,2
sz159915-simple_60_close_breakout-fee0.001,2022-08-22,17.3211,0.0,41100.0,2.699,110928.9,110946.2211,0.9998438784139896,1867.1789,0.0,0
sz159915-simple_60_close_breakout-fee0.001,2022-08-23,17.3211,0.0,41100.0,2.697,110846.7,110864.0211,0.9998437626578205,1867.1789,0.0,0
sz159915-simple_60_close_breakout-fee0.001,2022-08-24,17.3211,0.0,41100.0,2.6,106860.0,106877.3211,0.9998379347477863,1867.1789,0.0,0
sz159915-simple_60_close_breakout-fee0.001,2022-08-25,17.3211,0.0,41100.0,2.59,106449.0,106466.3211,0.999837309115023,1867.1789,0.0,0
sz159915-simple_60_close_breakout-fee0.001,2022-08-26,17.3211,0.0,41100.0,2.566,105462.6,105479.9211,0.999835787704244,1867.1789,0.0,0
sz159915-simple_60_close_breakout-fee0.001,2022-08-27,17.3211,0.0,41100.0,2.566,105462.6,105479.9211,0.999835787704244,1867.1789,0.0,1
sz159915-simple_60_close_breakout-fee0.001,2022-08-28,17.3211,0.0,41100.0,2.566,105462.6,105479.9211,0.999835787704244,1867.1789,0.0,2
sz159915-simple_60_close_breakout-fee0.001,2022-08-29,17.3211,0.0,41100.0,2.553,104928.3,104945.6211,0.9998349516652677,1867.1789,0.0,0
sz159915-simple_60_close_breakout-fee0.001,2022-08-30,17.3211,0.0,41100.0,2.538,104311.8,104329.1211,0.9998339763642464,1867.1789,0.0,0
sz159915-simple_60_close_breakout-fee0.001,2022-08-31,17.3211,0.0,41100.0,2.491,102380.1,102397.4211,0.9998308443727008,1867.1789,0.0,0
sz159915-simple_60_close_breakout-fee0.001,2022-09-01,17.3211,0.0,41100.0,2.463,101229.3,101246.6211,0.9998289216982077,1867.1789,0.0,0
sz159915-simple_60_close_breakout-fee0.001,2022-09-02,17.3211,0.0,41100.0,2.461,101147.1,101164.4211,0.9998287826904789,1867.1789,0.0,0
sz159915-simple_60_close_breakout-fee0.001,2022-09-03,17.3211,0.0,41100.0,2.461,101147.1,101164.4211,0.9998287826904789,1867.1789,0.0,1
sz159915-simple_60_close_breakout-fee0.001,2022-09-04,17.3211,0.0,41100.0,2.461,101147.1,101164.4211,0.9998287826904789,1867.1789,0.0,2
sz159915-simple_60_close_breakout-fee0.001,2022-09-05,100775.8617,0.0,0.0,2.467,0.0,100775.8617,0.0,1968.0383,0.0,0
sz159915-simple_60_close_breakout-fee0.001,2022-09-06,100775.8617,0.0,0.0,2.468,0.0,100775.8617,0.0,1968.0383,0.0,0
sz159915-simple_60_close_breakout-fee0.001,2022-09-07,100775.8617,0.0,0.0,2.493,0.0,100775.8617,0.0,1968.0383,0.0,0
sz159915-simple_60_close_breakout-fee0.001,2022-09-08,100775.8617,0.0,0.0,2.448,0.0,100775.8617,0.0,1968.0383,0.0,0
sz159915-simple_60_close_breakout-fee0.001,2022-09-09,100775.8617,0.0,0.0,2.476,0.0,100775.8617,0.0,1968.0383,0.0,0
sz159915-simple_60_close_breakout-fee0.001,2022-09-10,100775.8617,0.0,0.0,2.476,0.0,100775.8617,0.0,1968.0383,0.0,1
sz159915-simple_60_close_breakout-fee0.001,2022-09-11,100775.8617,0.0,0.0,2.476,0.0,100775.8617,0.0,1968.0383,0.0,2
sz159915-simple_60_close_breakout-fee0.001,2022-09-12,100775.8617,0.0,0.0,2.476,0.0,100775.8617,0.0,1968.0383,0.0,3
sz159915-simple_60_close_breakout-fee0.001,2022-09-13,100775.8617,0.0,0.0,2.475,0.0,100775.8617,0.0,1968.0383,0.0,0
sz159915-simple_60_close_breakout-fee0.001,2022-09-14,100775.8617,0.0,0.0,2.431,0.0,100775.8617,0.0,1968.0383,0.0,0
sz159915-simple_60_close_breakout-fee0.001,2022-09-15,100775.8617,0.0,0.0,2.349,0.0,100775.8617,0.0,1968.0383,0.0,0
sz159915-simple_60_close_breakout-fee0.001,2022-09-16,100775.8617,0.0,0.0,2.297,0.0,100775.8617,0.0,1968.0383,0.0,0
sz159915-simple_60_close_breakout-fee0.001,2022-09-17,100775.8617,0.0,0.0,2.297,0.0,100775.8617,0.0,1968.0383,0.0,1
sz159915-simple_60_close_breakout-fee0.001,2022-09-18,100775.8617,0.0,0.0,2.297,0.0,100775.8617,0.0,1968.0383,0.0,2
sz159915-simple_60_close_breakout-fee0.001,2022-09-19,100775.8617,0.0,0.0,2.285,0.0,100775.8617,0.0,1968.0383,0.0,0
sz159915-simple_60_close_breakout-fee0.001,2022-09-20,100775.8617,0.0,0.0,2.297,0.0,100775.8617,0.0,1968.0383,0.0,0
sz159915-simple_60_close_breakout-fee0.001,2022-09-21,100775.8617,0.0,0.0,2.265,0.0,100775.8617,0.0,1968.0383,0.0,0
sz159915-simple_60_close_breakout-fee0.001,2022-09-22,100775.8617,0.0,0.0,2.252,0.0,100775.8617,0.0,1968.0383,0.0,0
sz159915-simple_60_close_breakout-fee0.001,2022-09-23,100775.8617,0.0,0.0,2.239,0.0,100775.8617,0.0,1968.0383,0.0,0
sz159915-simple_60_close_breakout-fee0.001,2022-09-24,100775.8617,0.0,0.0,2.239,0.0,100775.8617,0.0,1968.0383,0.0,1
sz159915-simple_60_close_breakout-fee0.001,2022-09-25,100775.8617,0.0,0.0,2.239,0.0,100775.8617,0.0,1968.0383,0.0,2
sz159915-simple_60_close_breakout-fee0.001,2022-09-26,100775.8617,0.0,0.0,2.253,0.0,100775.8617,0.0,1968.0383,0.0,0
sz159915-simple_60_close_breakout-fee0.001,2022-09-27,100775.8617,0.0,0.0,2.306,0.0,100775.8617,0.0,1968.0383,0.0,0
sz159915-simple_60_close_breakout-fee0.001,2022-09-28,100775.8617,0.0,0.0,2.249,0.0,100775.8617,0.0,1968.0383,0.0,0
sz159915-simple_60_close_breakout-fee0.001,2022-09-29,100775.8617,0.0,0.0,2.267,0.0,100775.8617,0.0,1968.0383,0.0,0
sz159915-simple_60_close_breakout-fee0.001,2022-09-30,100775.8617,0.0,0.0,2.221,0.0,100775.8617,0.0,1968.0383,0.0,0
sz159915-simple_60_close_breakout-fee0.001,2022-10-01,100775.8617,0.0,0.0,2.221,0.0,100775.8617,0.0,1968.0383,0.0,1
sz159915-simple_60_close_breakout-fee0.001,2022-10-02,100775.8617,0.0,0.0,2.221,0.0,100775.8617,0.0,1968.0383,0.0,2
sz159915-simple_60_close_breakout-fee0.001,2022-10-03,100775.8617,0.0,0.0,2.221,0.0,100775.8617,0.0,1968.0383,0.0,3
sz159915-simple_60_close_breakout-fee0.001,2022-10-04,100775.8617,0.0,0.0,2.221,0.0,100775.8617,0.0,1968.0383,0.0,4
sz159915-simple_60_close_breakout-fee0.001,2022-10-05,100775.8617,0.0,0.0,2.221,0.0,100775.8617,0.0,1968.0383,0.0,5
sz159915-simple_60_close_breakout-fee0.001,2022-10-06,100775.8617,0.0,0.0,2.221,0.0,100775.8617,0.0,1968.0383,0.0,6
sz159915-simple_60_close_breakout-fee0.001,2022-10-07,100775.8617,0.0,0.0,2.221,0.0,100775.8617,0.0,1968.0383,0.0,7
sz159915-simple_60_close_breakout-fee0.001,2022-10-08,100775.8617,0.0,0.0,2.221,0.0,100775.8617,0.0,1968.0383,0.0,8
sz159915-simple_60_close_breakout-fee0.001,2022-10-09,100775.8617,0.0,0.0,2.221,0.0,100775.8617,0.0,1968.0383,0.0,9
sz159915-simple_60_close_breakout-fee0.001,2022-10-10,100775.8617,0.0,0.0,2.166,0.0,100775.8617,0.0,1968.0383,0.0,0
sz159915-simple_60_close_breakout-fee0.001,2022-10-11,100775.8617,0.0,0.0,2.192,0.0,100775.8617,0.0,1968.0383,0.0,0
sz159915-simple_60_close_breakout-fee0.001,2022-10-12,100775.8617,0.0,0.0,2.274,0.0,100775.8617,0.0,1968.0383,0.0,0
sz159915-simple_60_close_breakout-fee0.001,2022-10-13,100775.8617,0.0,0.0,2.282,0.0,100775.8617,0.0,1968.0383,0.0,0
sz159915-simple_60_close_breakout-fee0.001,2022-10-14,100775.8617,0.0,0.0,2.365,0.0,100775.8617,0.0,1968.0383,0.0,0
sz159915-simple_60_close_breakout-fee0.001,2022-10-15,100775.8617,0.0,0.0,2.365,0.0,100775.8617,0.0,1968.0383,0.0,1
sz159915-simple_60_close_breakout-fee0.001,2022-10-16,100775.8617,0.0,0.0,2.365,0.0,100775.8617,0.0,1968.0383,0.0,2
sz159915-simple_60_close_breakout-fee0.001,2022-10-17,100775.8617,0.0,0.0,2.362,0.0,100775.8617,0.0,1968.0383,0.0,0
sz159915-simple_60_close_breakout-fee0.001,2022-10-18,100775.8617,0.0,0.0,2.373,0.0,100775.8617,0.0,1968.0383,0.0,0
sz159915-simple_60_close_breakout-fee0.001,2022-10-19,100775.8617,0.0,0.0,2.355,0.0,100775.8617,0.0,1968.0383,0.0,0
sz159915-simple_60_close_breakout-fee0.001,2022-10-20,100775.8617,0.0,0.0,2.337,0.0,100775.8617,0.0,1968.0383,0.0,0
sz159915-simple_60_close_breakout-fee0.001,2022-10-21,100775.8617,0.0,0.0,2.321,0.0,100775.8617,0.0,1968.0383,0.0,0
sz159915-simple_60_close_breakout-fee0.001,2022-10-22,100775.8617,0.0,0.0,2.321,0.0,100775.8617,0.0,1968.0383,0.0,1
sz159915-simple_60_close_breakout-fee0.001,2022-10-23,100775.8617,0.0,0.0,2.321,0.0,100775.8617,0.0,1968.0383,0.0,2
sz159915-simple_60_close_breakout-fee0.001,2022-10-24,100775.8617,0.0,0.0,2.266,0.0,100775.8617,0.0,1968.0383,0.0,0
sz159915-simple_60_close_breakout-fee0.001,2022-10-25,100775.8617,0.0,0.0,2.241,0.0,100775.8617,0.0,1968.0383,0.0,0
sz159915-simple_60_close_breakout-fee0.001,2022-10-26,100775.8617,0.0,0.0,2.302,0.0,100775.8617,0.0,1968.0383,0.0,0
sz159915-simple_60_close_breakout-fee0.001,2022-10-27,100775.8617,0.0,0.0,2.265,0.0,100775.8617,0.0,1968.0383,0.0,0
sz159915-simple_60_close_breakout-fee0.001,2022-10-28,100775.8617,0.0,0.0,2.187,0.0,100775.8617,0.0,1968.0383,0.0,0
sz159915-simple_60_close_breakout-fee0.001,2022-10-29,100775.8617,0.0,0.0,2.187,0.0,100775.8617,0.0,1968.0383,0.0,1
sz159915-simple_60_close_breakout-fee0.001,2022-10-30,100775.8617,0.0,0.0,2.187,0.0,100775.8617,0.0,1968.0383,0.0,2
sz159915-simple_60_close_breakout-fee0.001,2022-10-31,100775.8617,0.0,0.0,2.202,0.0,100775.8617,0.0,1968.0383,0.0,0
sz159915-simple_60_close_breakout-fee0.001,2022-11-01,100775.8617,0.0,0.0,2.275,0.0,100775.8617,0.0,1968.0383,0.0,0
sz159915-simple_60_close_breakout-fee0.001,2022-11-02,100775.8617,0.0,0.0,2.305,0.0,100775.8617,0.0,1968.0383,0.0,0
sz159915-simple_60_close_breakout-fee0.001,2022-11-03,100775.8617,0.0,0.0,2.309,0.0,100775.8617,0.0,1968.0383,0.0,0
sz159915-simple_60_close_breakout-fee0.001,2022-11-04,100775.8617,0.0,0.0,2.383,0.0,100775.8617,0.0,1968.0383,0.0,0
sz159915-simple_60_close_breakout-fee0.001,2022-11-05,100775.8617,0.0,0.0,2.383,0.0,100775.8617,0.0,1968.0383,0.0,1
sz159915-simple_60_close_breakout-fee0.001,2022-11-06,100775.8617,0.0,0.0,2.383,0.0,100775.8617,0.0,1968.0383,0.0,2
sz159915-simple_60_close_breakout-fee0.001,2022-11-07,100775.8617,0.0,0.0,2.379,0.0,100775.8617,0.0,1968.0383,0.0,0
sz159915-simple_60_close_breakout-fee0.001,2022-11-08,100775.8617,0.0,0.0,2.363,0.0,100775.8617,0.0,1968.0383,0.0,0
sz159915-simple_60_close_breakout-fee0.001,2022-11-09,100775.8617,0.0,0.0,2.326,0.0,100775.8617,0.0,1968.0383,0.0,0
sz159915-simple_60_close_breakout-fee0.001,2022-11-10,100775.8617,0.0,0.0,2.288,0.0,100775.8617,0.0,1968.0383,0.0,0
sz159915-simple_60_close_breakout-fee0.001,2022-11-11,100775.8617,0.0,0.0,2.33,0.0,100775.8617,0.0,1968.0383,0.0,0
sz159915-simple_60_close_breakout-fee0.001,2022-11-12,100775.8617,0.0,0.0,2.33,0.0,100775.8617,0.0,1968.0383,0.0,1
sz159915-simple_60_close_breakout-fee0.001,2022-11-13,100775.8617,0.0,0.0,2.33,0.0,100775.8617,0.0,1968.0383,0.0,2
sz159915-simple_60_close_breakout-fee0.001,2022-11-14,100775.8617,0.0,0.0,2.302,0.0,100775.8617,0.0,1968.0383,0.0,0
sz159915-simple_60_close_breakout-fee0.001,2022-11-15,100775.8617,0.0,0.0,2.361,0.0,100775.8617,0.0,1968.0383,0.0,0
sz159915-simple_60_close_breakout-fee0.001,2022-11-16,100775.8617,0.0,0.0,2.33,0.0,100775.8617,0.0,1968.0383,0.0,0
sz159915-simple_60_close_breakout-fee0.001,2022-11-17,100775.8617,0.0,0.0,2.316,0.0,100775.8617,0.0,1968.0383,0.0,0
sz159915-simple_60_close_breakout-fee0.001,2022-11-18,100775.8617,0.0,0.0,2.315,0.0,100775.8617,0.0,1968.0383,0.0,0
sz159915-simple_60_close_breakout-fee0.001,2022-11-19,100775.8617,0.0,0.0,2.315,0.0,100775.8617,0.0,1968.0383,0.0,1
sz159915-simple_60_close_breakout-fee0.001,2022-11-20,100775.8617,0.0,0.0,2.315,0.0,100775.8617,0.0,1968.0383,0.0,2
sz159915-simple_60_close_breakout-fee0.001,2022-11-21,100775.8617,0.0,0.0,2.319,0.0,100775.8617,0.0,1968.0383,0.0,0
sz159915-simple_60_close_breakout-fee0.001,2022-11-22,100775.8617,0.0,0.0,2.273,0.0,100775.8617,0.0,1968.0383,0.0,0
sz159915-simple_60_close_breakout-fee0.001,2022-11-23,100775.8617,0.0,0.0,2.269,0.0,100775.8617,0.0,1968.0383,0.0,0
sz159915-simple_60_close_breakout-fee0.001,2022-11-24,100775.8617,0.0,0.0,2.264,0.0,100775.8617,0.0,1968.0383,0.0,0
sz159915-simple_60_close_breakout-fee0.001,2022-11-25,100775.8617,0.0,0.0,2.242,0.0,100775.8617,0.0,1968.0383,0.0,0
sz159915-simple_60_close_breakout-fee0.001,2022-11-26,100775.8617,0.0,0.0,2.242,0.0,100775.8617,0.0,1968.0383,0.0,1
sz159915-simple_60_close_breakout-fee0.001,2022-11-27,100775.8617,0.0,0.0,2.242,0.0,100775.8617,0.0,1968.0383,0.0,2
sz159915-simple_60_close_breakout-fee0.001,2022-11-28,100775.8617,0.0,0.0,2.233,0.0,100775.8617,0.0,1968.0383,0.0,0
sz159915-simple_60_close_breakout-fee0.001,2022-11-29,100775.8617,0.0,0.0,2.268,0.0,100775.8617,0.0,1968.0383,0.0,0
sz159915-simple_60_close_breakout-fee0.001,2022-11-30,100775.8617,0.0,0.0,2.265,0.0,100775.8617,0.0,1968.0383,0.0,0
sz159915-simple_60_close_breakout-fee0.001,2022-12-01,100775.8617,0.0,0.0,2.311,0.0,100775.8617,0.0,1968.0383,0.0,0
sz159915-simple_60_close_breakout-fee0.001,2022-12-02,100775.8617,0.0,0.0,2.316,0.0,100775.8617,0.0,1968.0383,0.0,0
sz159915-simple_60_close_breakout-fee0.001,2022-12-03,100775.8617,0.0,0.0,2.316,0.0,100775.8617,0.0,1968.0383,0.0,1
sz159915-simple_60_close_breakout-fee0.001,2022-12-04,100775.8617,0.0,0.0,2.316,0.0,100775.8617,0.0,1968.0383,0.0,2
sz159915-simple_60_close_breakout-fee0.001,2022-12-05,100775.8617,0.0,0.0,2.313,0.0,100775.8617,0.0,1968.0383,0.0,0
sz159915-simple_60_close_breakout-fee0.001,2022-12-06,100775.8617,0.0,0.0,2.319,0.0,100775.8617,0.0,1968.0383,0.0,0
sz159915-simple_60_close_breakout-fee0.001,2022-12-07,100775.8617,0.0,0.0,2.343,0.0,100775.8617,0.0,1968.0383,0.0,0
sz159915-simple_60_close_breakout-fee0.001,2022-12-08,100775.8617,0.0,0.0,2.338,0.0,100775.8617,0.0,1968.0383,0.0,0
sz159915-simple_60_close_breakout-fee0.001,2022-12-09,100775.8617,0.0,0.0,2.348,0.0,100775.8617,0.0,1968.0383,0.0,0
sz159915-simple_60_close_breakout-fee0.001,2022-12-10,100775.8617,0.0,0.0,2.348,0.0,100775.8617,0.0,1968.0383,0.0,1
sz159915-simple_60_close_breakout-fee0.001,2022-12-11,100775.8617,0.0,0.0,2.348,0.0,100775.8617,0.0,1968.0383,0.0,2
sz159915-simple_60_close_breakout-fee0.001,2022-12-12,100775.8617,0.0,0.0,2.333,0.0,100775.8617,0.0,1968.0383,0.0,0
sz159915-simple_60_close_breakout-fee0.001,2022-12-13,100775.8617,0.0,0.0,2.305,0.0,100775.8617,0.0,1968.0383,0.0,0
sz159915-simple_60_close_breakout-fee0.001,2022-12-14,100775.8617,0.0,0.0,2.299,0.0,100775.8617,0.0,1968.0383,0.0,0
sz159915-simple_60_close_breakout-fee0.001,2022-12-15,100775.8617,0.0,0.0,2.326,0.0,100775.8617,0.0,1968.0383,0.0,0
sz159915-simple_60_close_breakout-fee0.001,2022-12-16,100775.8617,0.0,0.0,2.298,0.0,100775.8617,0.0,1968.0383,0.0,0
sz159915-simple_60_close_breakout-fee0.001,2022-12-17,100775.8617,0.0,0.0,2.298,0.0,100775.8617,0.0,1968.0383,0.0,1
sz159915-simple_60_close_breakout-fee0.001,2022-12-18,100775.8617,0.0,0.0,2.298,0.0,100775.8617,0.0,1968.0383,0.0,2
sz159915-simple_60_close_breakout-fee0.001,2022-12-19,100775.8617,0.0,0.0,2.274,0.0,100775.8617,0.0,1968.0383,0.0,0
sz159915-simple_60_close_breakout-fee0.001,2022-12-20,100775.8617,0.0,0.0,2.243,0.0,100775.8617,0.0,1968.0383,0.0,0
sz159915-simple_60_close_breakout-fee0.001,2022-12-21,100775.8617,0.0,0.0,2.24,0.0,100775.8617,0.0,1968.0383,0.0,0
sz159915-simple_60_close_breakout-fee0.001,2022-12-22,100775.8617,0.0,0.0,2.235,0.0,100775.8617,0.0,1968.0383,0.0,0
sz159915-simple_60_close_breakout-fee0.001,2022-12-23,100775.8617,0.0,0.0,2.222,0.0,100775.8617,0.0,1968.0383,0.0,0
sz159915-simple_60_close_breakout-fee0.001,2022-12-24,100775.8617,0.0,0.0,2.222,0.0,100775.8617,0.0,1968.0383,0.0,1
sz159915-simple_60_close_breakout-fee0.001,2022-12-25,100775.8617,0.0,0.0,2.222,0.0,100775.8617,0.0,1968.0383,0.0,2
sz159915-simple_60_close_breakout-fee0.001,2022-12-26,100775.8617,0.0,0.0,2.262,0.0,100775.8617,0.0,1968.0383,0.0,0
sz159915-simple_60_close_breakout-fee0.001,2022-12-27,100775.8617,0.0,0.0,2.293,0.0,100775.8617,0.0,1968.0383,0.0,0
sz159915-simple_60_close_breakout-fee0.001,2022-12-28,100775.8617,0.0,0.0,2.267,0.0,100775.8617,0.0,1968.0383,0.0,0
sz159915-simple_60_close_breakout-fee0.001,2022-12-29,100775.8617,0.0,0.0,2.277,0.0,100775.8617,0.0,1968.0383,0.0,0
sz159915-simple_60_close_breakout-fee0.001,2022-12-30,100775.8617,0.0,0.0,2.279,0.0,100775.8617,0.0,1968.0383,0.0,0
sz159915-simple_60_close_breakout-fee0.001,2022-12-31,100775.8617,0.0,0.0,2.279,0.0,100775.8617,0.0,1968.0383,0.0,1
sz159915-simple_60_close_breakout-fee0.001,2023-01-01,100775.8617,0.0,0.0,2.279,0.0,100775.8617,0.0,1968.0383,0.0,2
sz159915-simple_60_close_breakout-fee0.001,2023-01-02,100775.8617,0.0,0.0,2.279,0.0,100775.8617,0.0,1968.0383,0.0,3
sz159915-simple_60_close_breakout-fee0.001,2023-01-03,100775.8617,0.0,0.0,2.289,0.0,100775.8617,0.0,1968.0383,0.0,0
sz159915-simple_60_close_breakout-fee0.001,2023-01-04,100775.8617,0.0,0.0,2.267,0.0,100775.8617,0.0,1968.0383,0.0,0
sz159915-simple_60_close_breakout-fee0.001,2023-01-05,100775.8617,0.0,0.0,2.33,0.0,100775.8617,0.0,1968.0383,0.0,0
sz159915-simple_60_close_breakout-fee0.001,2023-01-06,100775.8617,0.0,0.0,2.35,0.0,100775.8617,0.0,1968.0383,0.0,0
sz159915-simple_60_close_breakout-fee0.001,2023-01-07,100775.8617,0.0,0.0,2.35,0.0,100775.8617,0.0,1968.0383,0.0,1
sz159915-simple_60_close_breakout-fee0.001,2023-01-08,100775.8617,0.0,0.0,2.35,0.0,100775.8617,0.0,1968.0383,0.0,2
sz159915-simple_60_close_breakout-fee0.001,2023-01-09,100775.8617,0.0,0.0,2.365,0.0,100775.8617,0.0,1968.0383,0.0,0
sz159915-simple_60_close_breakout-fee0.001,2023-01-10,100775.8617,0.0,0.0,2.401,0.0,100775.8617,0.0,1968.0383,0.0,0
sz159915-simple_60_close_breakout-fee0.001,2023-01-11,73.3598,0.0,41900.0,2.374,99470.6,99543.9598,0.9992630411714846,2068.6402,0.0,0
sz159915-simple_60_close_breakout-fee0.001,2023-01-12,73.3598,0.0,41900.0,2.382,99805.8,99879.1598,0.9992655144461878,2068.6402,0.0,0
sz159915-simple_60_close_breakout-fee0.001,2023-01-13,73.3598,0.0,41900.0,2.417,101272.3,101345.6598,0.9992761426572705,2068.6402,0.0,0
sz159915-simple_60_close_breakout-fee0.001,2023-01-14,73.3598,0.0,41900.0,2.417,101272.3,101345.6598,0.9992761426572705,2068.6402,0.0,1
sz159915-simple_60_close_breakout-fee0.001,2023-01-15,73.3598,0.0,41900.0,2.417,101272.3,101345.6598,0.9992761426572705,2068.6402,0.0,2
sz159915-simple_60_close_breakout-fee0.001,2023-01-16,73.3598,0.0,41900.0,2.462,103157.8,103231.1598,0.9992893637914935,2068.6402,0.0,0
sz159915-simple_60_close_breakout-fee0.001,2023-01-17,73.3598,0.0,41900.0,2.47,103493.0,103566.3598,0.9992916638168835,2068.6402,0.0,0
sz159915-simple_60_close_breakout-fee0.001,2023-01-18,73.3598,0.0,41900.0,2.468,103409.2,103482.5598,0.9992910902074534,2068.6402,0.0,0
sz159915-simple_60_close_breakout-fee0.001,2023-01-19,73.3598,0.0,41900.0,2.496,104582.4,104655.7598,0.9992990371467352,2068.6402,0.0,0
sz159915-simple_60_close_breakout-fee0.001,2023-01-20,73.3598,0.0,41900.0,2.507,105043.3,105116.6598,0.9993021106250942,2068.6402,0.0,0
sz159915-simple_60_close_breakout-fee0.001,2023-01-21,73.3598,0.0,41900.0,2.507,105043.3,105116.6598,0.9993021106250942,2068.6402,0.0,1
sz159915-simple_60_close_breakout-fee0.001,2023-01-22,73.3598,0.0,41900.0,2.507,105043.3,105116.6598,0.9993021106250942,2068.6402,0.0,2
sz159915-simple_60_close_breakout-fee0.001,2023-01-23,73.3598,0.0,41900.0,2.507,105043.3,105116.6598,0.9993021106250942,2068.6402,0.0,3
sz159915-simple_60_close_breakout-fee0.001,2023-01-24,73.3598,0.0,41900.0,2.507,105043.3,105116.6598,0.9993021106250942,2068.6402,0.0,4
sz159915-simple_60_close_breakout-fee0.001,2023-01-25,73.3598,0.0,41900.0,2.507,105043.3,105116.6598,0.9993021106250942,2068.6402,0.0,5
sz159915-simple_60_close_breakout-fee0.001,2023-01-26,73.3598,0.0,41900.0,2.507,105043.3,105116.6598,0.9993021106250942,2068.6402,0.0,6
sz159915-simple_60_close_breakout-fee0.001,2023-01-27,73.3598,0.0,41900.0,2.507,105043.3,105116.6598,0.9993021106250942,2068.6402,0.0,7
sz159915-simple_60_close_breakout-fee0.001,2023-01-28,73.3598,0.0,41900.0,2.507,105043.3,105116.6598,0.9993021106250942,2068.6402,0.0,8
sz159915-simple_60_close_breakout-fee0.001,2023-01-29,73.3598,0.0,41900.0,2.507,105043.3,105116.6598,0.9993021106250942,2068.6402,0.0,9
sz159915-simple_60_close_breakout-fee0.001,2023-01-30,73.3598,0.0,41900.0,2.533,106132.7,106206.0598,0.9993092691684623,2068.6402,0.0,0
sz159915-simple_60_close_breakout-fee0.001,2023-01-31,73.3598,0.0,41900.0,2.507,105043.3,105116.6598,0.9993021106250942,2068.6402,0.0,0
sz159915-simple_60_close_breakout-fee0.001,2023-02-01,73.3598,0.0,41900.0,2.537,106300.3,106373.6598,0.9993103574687763,2068.6402,0.0,0
sz159915-simple_60_close_breakout-fee0.001,2023-02-02,73.3598,0.0,41900.0,2.524,105755.6,105828.9598,0.9993068078894601,2068.6402,0.0,0
sz159915-simple_60_close_breakout-fee0.001,2023-02-03,73.3598,0.0,41900.0,2.5,104750.0,104823.3598,0.9993001579023991,2068.6402,0.0,0
sz159915-simple_60_close_breakout-fee0.001,2023-02-04,73.3598,0.0,41900.0,2.5,104750.0,104823.3598,0.9993001579023991,2068.6402,0.0,1
sz159915-simple_60_close_breakout-fee0.001,2023-02-05,73.3598,0.0,41900.0,2.5,104750.0,104823.3598,0.9993001579023991,2068.6402,0.0,2
sz159915-simple_60_close_breakout-fee0.001,2023-02-06,73.3598,0.0,41900.0,2.468,103409.2,103482.5598,0.9992910902074534,2068.6402,0.0,0
sz159915-simple_60_close_breakout-fee0.001,2023-02-07,73.3598,0.0,41900.0,2.461,103115.9,103189.2598,0.9992890752376538,2068.6402,0.0,0
sz159915-simple_60_close_breakout-fee0.001,2023-02-08,73.3598,0.0,41900.0,2.447,102529.3,102602.6598,0.999285010738094,2068.6402,0.0,0
sz159915-simple_60_close_breakout-fee0.001,2023-02-09,73.3598,0.0,41900.0,2.493,104456.7,104530.0598,0.9992981942214483,2068.6402,0.0,0
sz159915-simple_60_close_breakout-fee0.001,2023-02-10,73.3598,0.0,41900.0,2.465,103283.5,103356.8598,0.9992902280492852,2068.6402,0.0,0
sz159915-simple_60_close_breakout-fee0.001,2023-02-11,73.3598,0.0,41900.0,2.465,103283.5,103356.8598,0.9992902280492852,2068.6402,0.0,1
sz159915-simple_60_close_breakout-fee0.001,2023-02-12,73.3598,0.0,41900.0,2.465,103283.5,103356.8598,0.9992902280492852,2068.6402,0.0,2
sz159915-simple_60_close_breakout-fee0.001,2023-02-13,73.3598,0.0,41900.0,2.495,104540.5,104613.8598,0.9992987563967122,2068.6402,0.0,0
sz159915-simple_60_close_breakout-fee0.001,2023-02-14,73.3598,0.0,41900.0,2.49,104331.0,104404.3598,0.9992973492664432,2068.6402,0.0,0
sz159915-simple_60_close_breakout-fee0.001,2023-02-15,73.3598,0.0,41900.0,2.468,103409.2,103482.5598,0.9992910902074534,2068.6402,0.0,0
sz159915-simple_60_close_breakout-fee0.001,2023-02-16,73.3598,0.0,41900.0,2.436,102068.4,102141.7598,0.9992817844518869,2068.6402,0.0,0
sz159915-simple_60_close_breakout-fee0.001,2023-02-17,73.3598,0.0,41900.0,2.378,99638.2,99711.5598,0.9992642798874358,2068.6402,0.0,0
sz159915-simple_60_close_breakout-fee0.001,2023-02-18,73.3598,0.0,41900.0,2.378,99638.2,99711.5598,0.9992642798874358,2068.6402,0.0,1
sz159915-simple_60_close_breakout-fee0.001,2023-02-19,73.3598,0.0,41900.0,2.378,99638.2,99711.5598,0.9992642798874358,2068.6402,0.0,2
sz159915-simple_60_close_breakout-fee0.001,2023-02-20,73.3598,0.0,41900.0,2.403,100685.7,100759.0598,0.9992719284980863,2068.6402,0.0,0
sz159915-simple_60_close_breakout-fee0.001,2023-02-21,73.3598,0.0,41900.0,2.395,100350.5,100423.8598,0.9992694983030318,2068.6402,0.0,0
sz159915-simple_60_close_breakout-fee0.001,2023-02-22,73.3598,0.0,41900.0,2.377,99596.3,99669.6598,0.9992639705990047,2068.6402,0.0,0
sz159915-simple_60_close_breakout-fee0.001,2023-02-23,73.3598,0.0,41900.0,2.385,99931.5,100004.8598,0.999266437649663,2068.6402,0.0,0
sz159915-simple_60_close_breakout-fee0.001,2023-02-24,73.3598,0.0,41900.0,2.357,98758.3,98831.6598,0.9992577297583745,2068.6402,0.0,0
sz159915-simple_60_close_breakout-fee0.001,2023-02-25,73.3598,0.0,41900.0,2.357,98758.3,98831.6598,0.9992577297583745,2068.6402,0.0,1
sz159915-simple_60_close_breakout-fee0.001,2023-02-26,73.3598,0.0,41900.0,2.357,98758.3,98831.6598,0.9992577297583745,2068.6402,0.0,2
sz159915-simple_60_close_breakout-fee0.001,2023-02-27,73.3598,0.0,41900.0,2.34,98046.0,98119.3598,0.999252341228586,2068.6402,0.0,0
sz159915-simple_60_close_breakout-fee0.001,2023-02-28,73.3598,0.0,41900.0,2.359,98842.1,98915.4598,0.9992583586008867,2068.6402,0.0,0
sz159915-simple_60_close_breakout-fee0.001,2023-03-01,73.3598,0.0,41900.0,2.372,99386.8,99460.1598,0.9992624202479916,2068.6402,0.0,0
sz159915-simple_60_close_breakout-fee0.001,2023-03-02,73.3598,0.0,41900.0,2.347,98339.3,98412.6598,0.9992545694817203,2068.6402,0.0,0
sz159915-simple_60_close_breakout-fee0.001,2023-03-03,73.3598,0.0,41900.0,2.352,98548.8,98622.1598,0.9992561529766862,2068.6402,0.0,0
sz159915-simple_60_close_breakout-fee0.001,2023-03-04,73.3598,0.0,41900.0,2.352,98548.8,98622.1598,0.9992561529766862,2068.6402,0.0,1
sz159915-simple_60_close_breakout-fee0.001,2023-03-05,73.3598,0.0,41900.0,2.352,98548.8,98622.1598,0.9992561529766862,2068.6402,0.0,2
sz159915-simple_60_close_breakout-fee0.001,2023-03-06,73.3598,0.0,41900.0,2.361,98925.9,98999.2598,0.9992589863788053,2068.6402,0.0,0
sz159915-simple_60_close_breakout-fee0.001,2023-03-07,73.3598,0.0,41900.0,2.312,96872.8,96946.1598,0.9992432933893273,2068.6402,0.0,0
sz159915-simple_60_close_breakout-fee0.001,2023-03-08,73.3598,0.0,41900.0,2.308,96705.2,96778.5598,0.9992419829334968,2068.6402,0.0,0
sz159915-simple_60_close_breakout-fee0.001,2023-03-09,73.3598,0.0,41900.0,2.303,96495.7,96569.0598,0.9992403384670833,2068.6402,0.0,0
sz159915-simple_60_close_breakout-fee0.001,2023-03-10,73.3598,0.0,41900.0,2.3,96370.0,96443.3598,0.9992393483579156,2068.6402,0.0,0
sz159915-simple_60_close_breakout-fee0.001,2023-03-11,73.3598,0.0,41900.0,2.3,96370.0,96443.3598,0.9992393483579156,2068.6402,0.0,1
sz159915-simple_60_close_breakout-fee0.001,2023-03-12,73.3598,0.0,41900.0,2.3,96370.0,96443.3598,0.9992393483579156,2068.6402,0.0,2
sz159915-simple_60_close_breakout-fee0.001,2023-03-13,73.3598,0.0,41900.0,2.287,95825.3,95898.6598,0.9992350278913908,2068.6402,0.0,0
sz159915-simple_60_close_breakout-fee0.001,2023-03-14,73.3598,0.0,41900.0,2.276,95364.4,95437.7598,0.9992313335921366,2068.6402,0.0,0
sz159915-simple_60_close_breakout-fee0.001,2023-03-15,73.3598,0.0,41900.0,2.268,95029.2,95102.5598,0.9992286243382483,2068.6402,0.0,0
sz159915-simple_60_close_breakout-fee0.001,2023-03-16,73.3598,0.0,41900.0,2.233,93562.7,93636.0598,0.9992165432830398,2068.6402,0.0,0
sz159915-simple_60_close_breakout-fee0.001,2023-03-17,73.3598,0.0,41900.0,2.228,93353.2,93426.5598,0.9992147864573303,2068.6402,0.0,0
sz159915-simple_60_close_breakout-fee0.001,2023-03-18,73.3598,0.0,41900.0,2.228,93353.2,93426.5598,0.9992147864573303,2068.6402,0.0,1
sz159915-simple_60_close_breakout-fee0.001,2023-03-19,73.3598,0.0,41900.0,2.228,93353.2,93426.5598,0.9992147864573303,2068.6402,0.0,2
sz159915-simple_60_close_breakout-fee0.001,2023-03-20,73.3598,0.0,41900.0,2.226,93269.4,93342.7598,0.9992140815189396,2068.6402,0.0,0
sz159915-simple_60_close_breakout-fee0.001,2023-03-21,73.3598,0.0,41900.0,2.265,94903.5,94976.8598,0.9992276034377797,2068.6402,0.0,0
sz159915-simple_60_close_breakout-fee0.001,2023-03-22,73.3598,0.0,41900.0,2.27,95113.0,95186.3598,0.9992293034405966,2068.6402,0.0,0
sz159915-simple_60_close_breakout-fee0.001,2023-03-23,73.3598,0.0,41900.0,2.288,95867.2,95940.5598,0.9992353619766976,2068.6402,0.0,0
sz159915-simple_60_close_breakout-fee0.001,2023-03-24,73.3598,0.0,41900.0,2.297,96244.3,96317.6598,0.9992383556644511,2068.6402,0.0,0
sz159915-simple_60_close_breakout-fee0.001,2023-03-25,73.3598,0.0,41900.0,2.297,96244.3,96317.6598,0.9992383556644511,2068.6402,0.0,1
sz159915-simple_60_close_breakout-fee0.001,2023-03-26,73.3598,0.0,41900.0,2.297,96244.3,96317.6598,0.9992383556644511,2068.6402,0.0,2
sz159915-simple_60_close_breakout-fee0.001,2023-03-27,73.3598,0.0,41900.0,2.323,97333.7,97407.0598,0.999246873890346,2068.6402,0.0,0
sz159915-simple_60_close_breakout-fee0.001,2023-03-28,73.3598,0.0,41900.0,2.298,96286.2,96359.5598,0.999238686850041,2068.6402,0.0,0
sz159915-simple_60_close_breakout-fee0.001,2023-03-29,73.3598,0.0,41900.0,2.297,96244.3,96317.6598,0.9992383556644511,2068.6402,0.0,0
sz159915-simple_60_close_breakout-fee0.001,2023-03-30,73.3598,0.0,41900.0,2.313,96914.7,96988.0598,0.9992436202956191,2068.6402,0.0,0
sz159915-simple_60_close_breakout-fee0.001,2023-03-31,73.3598,0.0,41900.0,2.327,97501.3,97574.6598,0.9992481675042437,2068.6402,0.0,0
sz159915-simple_60_close_breakout-fee0.001,2023-04-01,73.3598,0.0,41900.0,2.327,97501.3,97574.6598,0.9992481675042437,2068.6402,0.0,1
sz159915-simple_60_close_breakout-fee0.001,2023-04-02,73.3598,0.0,41900.0,2.327,97501.3,97574.6598,0.9992481675042437,2068.6402,0.0,2
sz159915-simple_60_close_breakout-fee0.001,2023-04-03,73.3598,0.0,41900.0,2.366,99135.4,99208.7598,0.999260551183707,2068.6402,0.0,0
sz159915-simple_60_close_breakout-fee0.001,2023-04-04,73.3598,0.0,41900.0,2.35,98465.0,98538.3598,0.9992555203866911,2068.6402,0.0,0
sz159915-simple_60_close_breakout-fee0.001,2023-04-05,73.3598,0.0,41900.0,2.35,98465.0,98538.3598,0.9992555203866911,2068.6402,0.0,1
sz159915-simple_60_close_breakout-fee0.001,2023-04-06,73.3598,0.0,41900.0,2.354,98632.6,98705.9598,0.9992567844925611,2068.6402,0.0,0
sz159915-simple_60_close_breakout-fee0.001,2023-04-07,73.3598,0.0,41900.0,2.369,99261.1,99334.4598,0.9992614868984268,2068.6402,0.0,0
sz159915-simple_60_close_breakout-fee0.001,2023-04-08,73.3598,0.0,41900.0,2.369,99261.1,99334.4598,0.9992614868984268,2068.6402,0.0,1
sz159915-simple_60_close_breakout-fee0.001,2023-04-09,73.3598,0.0,41900.0,2.369,99261.1,99334.4598,0.9992614868984268,2068.6402,0.0,2
sz159915-simple_60_close_breakout-fee0.001,2023-04-10,73.3598,0.0,41900.0,2.368,99219.2,99292.5598,0.9992611752567587,2068.6402,0.0,0
sz159915-simple_60_close_breakout-fee0.001,2023-04-11,73.3598,0.0,41900.0,2.362,98967.8,99041.1598,0.9992592998693862,2068.6402,0.0,0
sz159915-simple_60_close_breakout-fee0.001,2023-04-12,73.3598,0.0,41900.0,2.353,98590.7,98664.0598,0.9992564688687177,2068.6402,0.0,0
sz159915-simple_60_close_breakout-fee0.001,2023-04-13,73.3598,0.0,41900.0,2.332,97710.8,97784.1598,0.9992497782856646,2068.6402,0.0,0
sz159915-simple_60_close_breakout-fee0.001,2023-04-14,73.3598,0.0,41900.0,2.355,98674.5,98747.8598,0.9992570998485579,2068.6402,0.0,0
sz159915-simple_60_close_breakout-fee0.001,2023-04-15,73.3598,0.0,41900.0,2.355,98674.5,98747.8598,0.9992570998485579,2068.6402,0.0,1
sz159915-simple_60_close_breakout-fee0.001,2023-04-16,73.3598,0.0,41900.0,2.355,98674.5,98747.8598,0.9992570998485579,2068.6402,0.0,2
sz159915-simple_60_close_breakout-fee0.001,2023-04-17,73.3598,0.0,41900.0,2.364,99051.6,99124.9598,0.9992599260554756,2068.6402,0.0,0
sz159915-simple_60_close_breakout-fee0.001,2023-04-18,73.3598,0.0,41900.0,2.354,98632.6,98705.9598,0.9992567844925611,2068.6402,0.0,0
sz159915-simple_60_close_breakout-fee0.001,2023-04-19,73.3598,0.0,41900.0,2.339,98004.1,98077.4598,0.9992520218187788,2068.6402,0.0,0
sz159915-simple_60_close_breakout-fee0.001,2023-04-20,73.3598,0.0,41900.0,2.314,96956.6,97029.9598,0.9992439469195782,2068.6402,0.0,0
sz159915-simple_60_close_breakout-fee0.001,2023-04-21,73.3598,0.0,41900.0,2.269,95071.1,95144.4598,0.999228964038955,2068.6402,0.0,0
sz159915-simple_60_close_breakout-fee0.001,2023-04-22,73.3598,0.0,41900.0,2.269,95071.1,95144.4598,0.999228964038955,2068.6402,0.0,1
sz159915-simple_60_close_breakout-fee0.001,2023-04-23,73.3598,0.0,41900.0,2.269,95071.1,95144.4598,0.999228964038955,2068.6402,0.0,2
sz159915-simple_60_close_breakout-fee0.001,2023-04-24,73.3598,0.0,41900.0,2.234,93604.6,93677.9598,0.9992168937052364,2068.6402,0.0,0
sz159915-simple_60_close_breakout-fee0.001,2023-04-25,73.3598,0.0,41900.0,2.193,91886.7,91960.0598,0.9992022645465918,2068.6402,0.0,0
sz159915-simple_60_close_breakout-fee0.001,2023-04-26,91617.0245,0.0,0.0,2.226,0.0,91617.0245,0.0,2160.2755,0.0,0
sz159915-simple_60_close_breakout-fee0.001,2023-04-27,91617.0245,0.0,0.0,2.24,0.0,91617.0245,0.0,2160.2755,0.0,0
sz159915-simple_60_close_breakout-fee0.001,2023-04-28,91617.0245,0.0,0.0,2.255,0.0,91617.0245,0.0,2160.2755,0.0,0
sz159915-simple_60_close_breakout-fee0.001,2023-04-29,91617.0245,0.0,0.0,2.255,0.0,91617.0245,0.0,2160.2755,0.0,1
sz159915-simple_60_close_breakout-fee0.001,2023-04-30,91617.0245,0.0,0.0,2.255,0.0,91617.0245,0.0,2160.2755,0.0,2
sz159915-simple_60_close_breakout-fee0.001,2023-05-01,91617.0245,0.0,0.0,2.255,0.0,91617.0245,0.0,2160.2755,0.0,3
sz159915-simple_60_close_breakout-fee0.001,2023-05-02,91617.0245,0.0,0.0,2.255,0.0,91617.0245,0.0,2160.2755,0.0,4
sz159915-simple_60_close_breakout-fee0.001,2023-05-03,91617.0245,0.0,0.0,2.255,0.0,91617.0245,0.0,2160.2755,0.0,5
sz159915-simple_60_close_breakout-fee0.001,2023-05-04,91617.0245,0.0,0.0,2.23,0.0,91617.0245,0.0,2160.2755,0.0,0
sz159915-simple_60_close_breakout-fee0.001,2023-05-05,91617.0245,0.0,0.0,2.202,0.0,91617.0245,0.0,2160.2755,0.0,0
sz159915-simple_60_close_breakout-fee0.001,2023-05-06,91617.0245,0.0,0.0,2.202,0.0,91617.0245,0.0,2160.2755,0.0,1
sz159915-simple_60_close_breakout-fee0.001,2023-05-07,91617.0245,0.0,0.0,2.202,0.0,91617.0245,0.0,2160.2755,0.0,2
sz159915-simple_60_close_breakout-fee0.001,2023-05-08,91617.0245,0.0,0.0,2.213,0.0,91617.0245,0.0,2160.2755,0.0,0
sz159915-simple_60_close_breakout-fee0.001,2023-05-09,91617.0245,0.0,0.0,2.18,0.0,91617.0245,0.0,2160.2755,0.0,0
sz159915-simple_60_close_breakout-fee0.001,2023-05-10,91617.0245,0.0,0.0,2.199,0.0,91617.0245,0.0,2160.2755,0.0,0
sz159915-simple_60_close_breakout-fee0.001,2023-05-11,91617.0245,0.0,0.0,2.211,0.0,91617.0245,0.0,2160.2755,0.0,0
sz159915-simple_60_close_breakout-fee0.001,2023-05-12,91617.0245,0.0,0.0,2.185,0.0,91617.0245,0.0,2160.2755,0.0,0
sz159915-simple_60_close_breakout-fee0.001,2023-05-13,91617.0245,0.0,0.0,2.185,0.0,91617.0245,0.0,2160.2755,0.0,1
sz159915-simple_60_close_breakout-fee0.001,2023-05-14,91617.0245,0.0,0.0,2.185,0.0,91617.0245,0.0,2160.2755,0.0,2
sz159915-simple_60_close_breakout-fee0.001,2023-05-15,91617.0245,0.0,0.0,2.234,0.0,91617.0245,0.0,2160.2755,0.0,0
sz159915-simple_60_close_breakout-fee0.001,2023-05-16,91617.0245,0.0,0.0,2.228,0.0,91617.0245,0.0,2160.2755,0.0,0
sz159915-simple_60_close_breakout-fee0.001,2023-05-17,91617.0245,0.0,0.0,2.229,0.0,91617.0245,0.0,2160.2755,0.0,0
sz159915-simple_60_close_breakout-fee0.001,2023-05-18,91617.0245,0.0,0.0,2.215,0.0,91617.0245,0.0,2160.2755,0.0,0
sz159915-simple_60_close_breakout-fee0.001,2023-05-19,91617.0245,0.0,0.0,2.215,0.0,91617.0245,0.0,2160.2755,0.0,0
sz159915-simple_60_close_breakout-fee0.001,2023-05-20,91617.0245,0.0,0.0,2.215,0.0,91617.0245,0.0,2160.2755,0.0,1
sz159915-simple_60_close_breakout-fee0.001,2023-05-21,91617.0245,0.0,0.0,2.215,0.0,91617.0245,0.0,2160.2755,0.0,2
sz159915-simple_60_close_breakout-fee0.001,2023-05-22,91617.0245,0.0,0.0,2.214,0.0,91617.0245,0.0,2160.2755,0.0,0
sz159915-simple_60_close_breakout-fee0.001,2023-05-23,91617.0245,0.0,0.0,2.187,0.0,91617.0245,0.0,2160.2755,0.0,0
sz159915-simple_60_close_breakout-fee0.001,2023-05-24,91617.0245,0.0,0.0,2.183,0.0,91617.0245,0.0,2160.2755,0.0,0
sz159915-simple_60_close_breakout-fee0.001,2023-05-25,91617.0245,0.0,0.0,2.184,0.0,91617.0245,0.0,2160.2755,0.0,0
sz159915-simple_60_close_breakout-fee0.001,2023-05-26,91617.0245,0.0,0.0,2.167,0.0,91617.0245,0.0,2160.2755,0.0,0
sz159915-simple_60_close_breakout-fee0.001,2023-05-27,91617.0245,0.0,0.0,2.167,0.0,91617.0245,0.0,2160.2755,0.0,1
sz159915-simple_60_close_breakout-fee0.001,2023-05-28,91617.0245,0.0,0.0,2.167,0.0,91617.0245,0.0,2160.2755,0.0,2
sz159915-simple_60_close_breakout-fee0.001,2023-05-29,91617.0245,0.0,0.0,2.143,0.0,91617.0245,0.0,2160.2755,0.0,0
sz159915-simple_60_close_breakout-fee0.001,2023-05-30,91617.0245,0.0,0.0,2.155,0.0,91617.0245,0.0,2160.2755,0.0,0
sz159915-simple_60_close_breakout-fee0.001,2023-05-31,91617.0245,0.0,0.0,2.131,0.0,91617.0245,0.0,2160.2755,0.0,0
sz159915-simple_60_close_breakout-fee0.001,2023-06-01,91617.0245,0.0,0.0,2.148,0.0,91617.0245,0.0,2160.2755,0.0,0
sz159915-simple_60_close_breakout-fee0.001,2023-06-02,91617.0245,0.0,0.0,2.175,0.0,91617.0245,0.0,2160.2755,0.0,0
sz159915-simple_60_close_breakout-fee0.001,2023-06-03,91617.0245,0.0,0.0,2.175,0.0,91617.0245,0.0,2160.2755,0.0,1
sz159915-simple_60_close_breakout-fee0.001,2023-06-04,91617.0245,0.0,0.0,2.175,0.0,91617.0245,0.0,2160.2755,0.0,2
sz159915-simple_60_close_breakout-fee0.001,2023-06-05,91617.0245,0.0,0.0,2.143,0.0,91617.0245,0.0,2160.2755,0.0,0
sz159915-simple_60_close_breakout-fee0.001,2023-06-06,91617.0245,0.0,0.0,2.106,0.0,91617.0245,0.0,2160.2755,0.0,0
sz159915-simple_60_close_breakout-fee0.001,2023-06-07,91617.0245,0.0,0.0,2.075,0.0,91617.0245,0.0,2160.2755,0.0,0
sz159915-simple_60_close_breakout-fee0.001,2023-06-08,91617.0245,0.0,0.0,2.071,0.0,91617.0245,0.0,2160.2755,0.0,0
sz159915-simple_60_close_breakout-fee0.001,2023-06-09,91617.0245,0.0,0.0,2.086,0.0,91617.0245,0.0,2160.2755,0.0,0
sz159915-simple_60_close_breakout-fee0.001,2023-06-10,91617.0245,0.0,0.0,2.086,0.0,91617.0245,0.0,2160.2755,0.0,1
sz159915-simple_60_close_breakout-fee0.001,2023-06-11,91617.0245,0.0,0.0,2.086,0.0,91617.0245,0.0,2160.2755,0.0,2
sz159915-simple_60_close_breakout-fee0.001,2023-06-12,91617.0245,0.0,0.0,2.095,0.0,91617.0245,0.0,2160.2755,0.0,0
sz159915-simple_60_close_breakout-fee0.001,2023-06-13,91617.0245,0.0,0.0,2.111,0.0,91617.0245,0.0,2160.2755,0.0,0
sz159915-simple_60_close_breakout-fee0.001,2023-06-14,91617.0245,0.0,0.0,2.106,0.0,91617.0245,0.0,2160.2755,0.0,0
sz159915-simple_60_close_breakout-fee0.001,2023-06-15,91617.0245,0.0,0.0,2.179,0.0,91617.0245,0.0,2160.2755,0.0,0
sz159915-simple_60_close_breakout-fee0.001,2023-06-16,91617.0245,0.0,0.0,2.208,0.0,91617.0245,0.0,2160.2755,0.0,0
sz159915-simple_60_close_breakout-fee0.001,2023-06-17,91617.0245,0.0,0.0,2.208,0.0,91617.0245,0.0,2160.2755,0.0,1
sz159915-simple_60_close_breakout-fee0.001,2023-06-18,91617.0245,0.0,0.0,2.208,0.0,91617.0245,0.0,2160.2755,0.0,2
sz159915-simple_60_close_breakout-fee0.001,2023-06-19,91617.0245,0.0,0.0,2.207,0.0,91617.0245,0.0,2160.2755,0.0,0
sz159915-simple_60_close_breakout-fee0.001,2023-06-20,91617.0245,0.0,0.0,2.21,0.0,91617.0245,0.0,2160.2755,0.0,0
sz159915-simple_60_close_breakout-fee0.001,2023-06-21,91617.0245,0.0,0.0,2.156,0.0,91617.0245,0.0,2160.2755,0.0,0
sz159915-simple_60_close_breakout-fee0.001,2023-06-22,91617.0245,0.0,0.0,2.156,0.0,91617.0245,0.0,2160.2755,0.0,1
sz159915-simple_60_close_breakout-fee0.001,2023-06-23,91617.0245,0.0,0.0,2.156,0.0,91617.0245,0.0,2160.2755,0.0,2
sz159915-simple_60_close_breakout-fee0.001,2023-06-24,91617.0245,0.0,0.0,2.156,0.0,91617.0245,0.0,2160.2755,0.0,3
sz159915-simple_60_close_breakout-fee0.001,2023-06-25,91617.0245,0.0,0.0,2.156,0.0,91617.0245,0.0,2160.2755,0.0,4
sz159915-simple_60_close_breakout-fee0.001,2023-06-26,91617.0245,0.0,0.0,2.133,0.0,91617.0245,0.0,2160.2755,0.0,0
sz159915-simple_60_close_breakout-fee0.001,2023-06-27,91617.0245,0.0,0.0,2.138,0.0,91617.0245,0.0,2160.2755,0.0,0
sz159915-simple_60_close_breakout-fee0.001,2023-06-28,91617.0245,0.0,0.0,2.126,0.0,91617.0245,0.0,2160.2755,0.0,0
sz159915-simple_60_close_breakout-fee0.001,2023-06-29,91617.0245,0.0,0.0,2.129,0.0,91617.0245,0.0,2160.2755,0.0,0
sz159915-simple_60_close_breakout-fee0.001,2023-06-30,91617.0245,0.0,0.0,2.164,0.0,91617.0245,0.0,2160.2755,0.0,0
sz159915-simple_60_close_breakout-fee0.001,2023-07-01,91617.0245,0.0,0.0,2.164,0.0,91617.0245,0.0,2160.2755,0.0,1
sz159915-simple_60_close_breakout-fee0.001,2023-07-02,91617.0245,0.0,0.0,2.164,0.0,91617.0245,0.0,2160.2755,0.0,2
sz159915-simple_60_close_breakout-fee0.001,2023-07-03,91617.0245,0.0,0.0,2.171,0.0,91617.0245,0.0,2160.2755,0.0,0
sz159915-simple_60_close_breakout-fee0.001,2023-07-04,91617.0245,0.0,0.0,2.174,0.0,91617.0245,0.0,2160.2755,0.0,0
sz159915-simple_60_close_breakout-fee0.001,2023-07-05,91617.0245,0.0,0.0,2.156,0.0,91617.0245,0.0,2160.2755,0.0,0
sz159915-simple_60_close_breakout-fee0.001,2023-07-06,91617.0245,0.0,0.0,2.137,0.0,91617.0245,0.0,2160.2755,0.0,0
sz159915-simple_60_close_breakout-fee0.001,2023-07-07,91617.0245,0.0,0.0,2.118,0.0,91617.0245,0.0,2160.2755,0.0,0
sz159915-simple_60_close_breakout-fee0.001,2023-07-08,91617.0245,0.0,0.0,2.118,0.0,91617.0245,0.0,2160.2755,0.0,1
sz159915-simple_60_close_breakout-fee0.001,2023-07-09,91617.0245,0.0,0.0,2.118,0.0,91617.0245,0.0,2160.2755,0.0,2
sz159915-simple_60_close_breakout-fee0.001,2023-07-10,91617.0245,0.0,0.0,2.145,0.0,91617.0245,0.0,2160.2755,0.0,0
sz159915-simple_60_close_breakout-fee0.001,2023-07-11,91617.0245,0.0,0.0,2.161,0.0,91617.0245,0.0,2160.2755,0.0,0
sz159915-simple_60_close_breakout-fee0.001,2023-07-12,91617.0245,0.0,0.0,2.139,0.0,91617.0245,0.0,2160.2755,0.0,0
sz159915-simple_60_close_breakout-fee0.001,2023-07-13,91617.0245,0.0,0.0,2.182,0.0,91617.0245,0.0,2160.2755,0.0,0
sz159915-simple_60_close_breakout-fee0.001,2023-07-14,91617.0245,0.0,0.0,2.169,0.0,91617.0245,0.0,2160.2755,0.0,0
sz159915-simple_60_close_breakout-fee0.001,2023-07-15,91617.0245,0.0,0.0,2.169,0.0,91617.0245,0.0,2160.2755,0.0,1
sz159915-simple_60_close_breakout-fee0.001,2023-07-16,91617.0245,0.0,0.0,2.169,0.0,91617.0245,0.0,2160.2755,0.0,2
sz159915-simple_60_close_breakout-fee0.001,2023-07-17,91617.0245,0.0,0.0,2.152,0.0,91617.0245,0.0,2160.2755,0.0,0
sz159915-simple_60_close_breakout-fee0.001,2023-07-18,91617.0245,0.0,0.0,2.147,0.0,91617.0245,0.0,2160.2755,0.0,0
sz159915-simple_60_close_breakout-fee0.001,2023-07-19,91617.0245,0.0,0.0,2.125,0.0,91617.0245,0.0,2160.2755,0.0,0
sz159915-simple_60_close_breakout-fee0.001,2023-07-20,91617.0245,0.0,0.0,2.103,0.0,91617.0245,0.0,2160.2755,0.0,0
sz159915-simple_60_close_breakout-fee0.001,2023-07-21,91617.0245,0.0,0.0,2.11,0.0,91617.0245,0.0,2160.2755,0.0,0
sz159915-simple_60_close_breakout-fee0.001,2023-07-22,91617.0245,0.0,0.0,2.11,0.0,91617.0245,0.0,2160.2755,0.0,1
sz159915-simple_60_close_breakout-fee0.001,2023-07-23,91617.0245,0.0,0.0,2.11,0.0,91617.0245,0.0,2160.2755,0.0,2
sz159915-simple_60_close_breakout-fee0.001,2023-07-24,91617.0245,0.0,0.0,2.09,0.0,91617.0245,0.0,2160.2755,0.0,0
sz159915-simple_60_close_breakout-fee0.001,2023-07-25,91617.0245,0.0,0.0,2.136,0.0,91617.0245,0.0,2160.2755,0.0,0
sz159915-simple_60_close_breakout-fee0.001,2023-07-26,91617.0245,0.0,0.0,2.135,0.0,91617.0245,0.0,2160.2755,0.0,0
sz159915-simple_60_close_breakout-fee0.001,2023-07-27,91617.0245,0.0,0.0,2.129,0.0,91617.0245,0.0,2160.2755,0.0,0
sz159915-simple_60_close_breakout-fee0.001,2023-07-28,91617.0245,0.0,0.0,2.163,0.0,91617.0245,0.0,2160.2755,0.0,0
sz159915-simple_60_close_breakout-fee0.001,2023-07-29,91617.0245,0.0,0.0,2.163,0.0,91617.0245,0.0,2160.2755,0.0,1
sz159915-simple_60_close_breakout-fee0.001,2023-07-30,91617.0245,0.0,0.0,2.163,0.0,91617.0245,0.0,2160.2755,0.0,2
sz159915-simple_60_close_breakout-fee0.001,2023-07-31,91617.0245,0.0,0.0,2.182,0.0,91617.0245,0.0,2160.2755,0.0,0
sz159915-simple_60_close_breakout-fee0.001,2023-08-01,91617.0245,0.0,0.0,2.168,0.0,91617.0245,0.0,2160.2755,0.0,0
sz159915-simple_60_close_breakout-fee0.001,2023-08-02,91617.0245,0.0,0.0,2.164,0.0,91617.0245,0.0,2160.2755,0.0,0
sz159915-simple_60_close_breakout-fee0.001,2023-08-03,91617.0245,0.0,0.0,2.187,0.0,91617.0245,0.0,2160.2755,0.0,0
sz159915-simple_60_close_breakout-fee0.001,2023-08-04,91617.0245,0.0,0.0,2.204,0.0,91617.0245,0.0,2160.2755,0.0,0
sz159915-simple_60_close_breakout-fee0.001,2023-08-05,91617.0245,0.0,0.0,2.204,0.0,91617.0245,0.0,2160.2755,0.0,1
sz159915-simple_60_close_breakout-fee0.001,2023-08-06,91617.0245,0.0,0.0,2.204,0.0,91617.0245,0.0,2160.2755,0.0,2
sz159915-simple_60_close_breakout-fee0.001,2023-08-07,91617.0245,0.0,0.0,2.185,0.0,91617.0245,0.0,2160.2755,0.0,0
sz159915-simple_60_close_breakout-fee0.001,2023-08-08,91617.0245,0.0,0.0,2.177,0.0,91617.0245,0.0,2160.2755,0.0,0
sz159915-simple_60_close_breakout-fee0.001,2023-08-09,91617.0245,0.0,0.0,2.174,0.0,91617.0245,0.0,2160.2755,0.0,0
sz159915-simple_60_close_breakout-fee0.001,2023-08-10,91617.0245,0.0,0.0,2.184,0.0,91617.0245,0.0,2160.2755,0.0,0
sz159915-simple_60_close_breakout-fee0.001,2023-08-11,91617.0245,0.0,0.0,2.129,0.0,91617.0245,0.0,2160.2755,0.0,0
sz159915-simple_60_close_breakout-fee0.001,2023-08-12,91617.0245,0.0,0.0,2.129,0.0,91617.0245,0.0,2160.2755,0.0,1
sz159915-simple_60_close_breakout-fee0.001,2023-08-13,91617.0245,0.0,0.0,2.129,0.0,91617.0245,0.0,2160.2755,0.0,2
sz159915-simple_60_close_breakout-fee0.001,2023-08-14,91617.0245,0.0,0.0,2.113,0.0,91617.0245,0.0,2160.2755,0.0,0
sz159915-simple_60_close_breakout-fee0.001,2023-08-15,91617.0245,0.0,0.0,2.096,0.0,91617.0245,0.0,2160.2755,0.0,0
sz159915-simple_60_close_breakout-fee0.001,2023-08-16,91617.0245,0.0,0.0,2.082,0.0,91617.0245,0.0,2160.2755,0.0,0
sz159915-simple_60_close_breakout-fee0.001,2023-08-17,91617.0245,0.0,0.0,2.094,0.0,91617.0245,0.0,2160.2755,0.0,0
sz159915-simple_60_close_breakout-fee0.001,2023-08-18,91617.0245,0.0,0.0,2.065,0.0,91617.0245,0.0,2160.2755,0.0,0
sz159915-simple_60_close_breakout-fee0.001,2023-08-19,91617.0245,0.0,0.0,2.065,0.0,91617.0245,0.0,2160.2755,0.0,1
sz159915-simple_60_close_breakout-fee0.001,2023-08-20,91617.0245,0.0,0.0,2.065,0.0,91617.0245,0.0,2160.2755,0.0,2
sz159915-simple_60_close_breakout-fee0.001,2023-08-21,91617.0245,0.0,0.0,2.035,0.0,91617.0245,0.0,2160.2755,0.0,0
sz159915-simple_60_close_breakout-fee0.001,2023-08-22,91617.0245,0.0,0.0,2.038,0.0,91617.0245,0.0,2160.2755,0.0,0
sz159915-simple_60_close_breakout-fee0.001,2023-08-23,91617.0245,0.0,0.0,1.987,0.0,91617.0245,0.0,2160.2755,0.0,0
sz159915-simple_60_close_breakout-fee0.001,2023-08-24,91617.0245,0.0,0.0,2.014,0.0,91617.0245,0.0,2160.2755,0.0,0
sz159915-simple_60_close_breakout-fee0.001,2023-08-25,91617.0245,0.0,0.0,1.991,0.0,91617.0245,0.0,2160.2755,0.0,0
sz159915-simple_60_close_breakout-fee0.001,2023-08-26,91617.0245,0.0,0.0,1.991,0.0,91617.0245,0.0,2160.2755,0.0,1
sz159915-simple_60_close_breakout-fee0.001,2023-08-27,91617.0245,0.0,0.0,1.991,0.0,91617.0245,0.0,2160.2755,0.0,2
sz159915-simple_60_close_breakout-fee0.001,2023-08-28,91617.0245,0.0,0.0,2.01,0.0,91617.0245,0.0,2160.2755,0.0,0
sz159915-simple_60_close_breakout-fee0.001,2023-08-29,91617.0245,0.0,0.0,2.067,0.0,91617.0245,0.0,2160.2755,0.0,0
sz159915-simple_60_close_breakout-fee0.001,2023-08-30,91617.0245,0.0,0.0,2.066,0.0,91617.0245,0.0,2160.2755,0.0,0
sz159915-simple_60_close_breakout-fee0.001,2023-08-31,91617.0245,0.0,0.0,2.052,0.0,91617.0245,0.0,2160.2755,0.0,0
sz159915-simple_60_close_breakout-fee0.001,2023-09-01,91617.0245,0.0,0.0,2.049,0.0,91617.0245,0.0,2160.2755,0.0,0
sz159915-simple_60_close_breakout-fee0.001,2023-09-02,91617.0245,0.0,0.0,2.049,0.0,91617.0245,0.0,2160.2755,0.0,1
sz159915-simple_60_close_breakout-fee0.001,2023-09-03,91617.0245,0.0,0.0,2.049,0.0,91617.0245,0.0,2160.2755,0.0,2
sz159915-simple_60_close_breakout-fee0.001,2023-09-04,91617.0245,0.0,0.0,2.067,0.0,91617.0245,0.0,2160.2755,0.0,0
sz159915-simple_60_close_breakout-fee0.001,2023-09-05,91617.0245,0.0,0.0,2.057,0.0,91617.0245,0.0,2160.2755,0.0,0
sz159915-simple_60_close_breakout-fee0.001,2023-09-06,91617.0245,0.0,0.0,2.049,0.0,91617.0245,0.0,2160.2755,0.0,0
sz159915-simple_60_close_breakout-fee0.001,2023-09-07,91617.0245,0.0,0.0,2.003,0.0,91617.0245,0.0,2160.2755,0.0,0
sz159915-simple_60_close_breakout-fee0.001,2023-09-08,91617.0245,0.0,0.0,1.998,0.0,91617.0245,0.0,2160.2755,0.0,0
sz159915-simple_60_close_breakout-fee0.001,2023-09-09,91617.0245,0.0,0.0,1.998,0.0,91617.0245,0.0,2160.2755,0.0,1
sz159915-simple_60_close_breakout-fee0.001,2023-09-10,91617.0245,0.0,0.0,1.998,0.0,91617.0245,0.0,2160.2755,0.0,2
sz159915-simple_60_close_breakout-fee0.001,2023-09-11,91617.0245,0.0,0.0,2.011,0.0,91617.0245,0.0,2160.2755,0.0,0
sz159915-simple_60_close_breakout-fee0.001,2023-09-12,91617.0245,0.0,0.0,1.998,0.0,91617.0245,0.0,2160.2755,0.0,0
sz159915-simple_60_close_breakout-fee0.001,2023-09-13,91617.0245,0.0,0.0,1.974,0.0,91617.0245,0.0,2160.2755,0.0,0
sz159915-simple_60_close_breakout-fee0.001,2023-09-14,91617.0245,0.0,0.0,1.96,0.0,91617.0245,0.0,2160.2755,0.0,0
sz159915-simple_60_close_breakout-fee0.001,2023-09-15,91617.0245,0.0,0.0,1.954,0.0,91617.0245,0.0,2160.2755,0.0,0
sz159915-simple_60_close_breakout-fee0.001,2023-09-16,91617.0245,0.0,0.0,1.954,0.0,91617.0245,0.0,2160.2755,0.0,1
sz159915-simple_60_close_breakout-fee0.001,2023-09-17,91617.0245,0.0,0.0,1.954,0.0,91617.0245,0.0,2160.2755,0.0,2
sz159915-simple_60_close_breakout-fee0.001,2023-09-18,91617.0245,0.0,0.0,1.968,0.0,91617.0245,0.0,2160.2755,0.0,0
sz159915-simple_60_close_breakout-fee0.001,2023-09-19,91617.0245,0.0,0.0,1.952,0.0,91617.0245,0.0,2160.2755,0.0,0
sz159915-simple_60_close_breakout-fee0.001,2023-09-20,91617.0245,0.0,0.0,1.936,0.0,91617.0245,0.0,2160.2755,0.0,0
sz159915-simple_60_close_breakout-fee0.001,2023-09-21,91617.0245,0.0,0.0,1.917,0.0,91617.0245,0.0,2160.2755,0.0,0
sz159915-simple_60_close_breakout-fee0.001,2023-09-22,91617.0245,0.0,0.0,1.964,0.0,91617.0245,0.0,2160.2755,0.0,0
sz159915-simple_60_close_breakout-fee0.001,2023-09-23,91617.0245,0.0,0.0,1.964,0.0,91617.0245,0.0,2160.2755,0.0,1
sz159915-simple_60_close_breakout-fee0.001,2023-09-24,91617.0245,0.0,0.0,1.964,0.0,91617.0245,0.0,2160.2755,0.0,2
sz159915-simple_60_close_breakout-fee0.001,2023-09-25,91617.0245,0.0,0.0,1.953,0.0,91617.0245,0.0,2160.2755,0.0,0
sz159915-simple_60_close_breakout-fee0.001,2023-09-26,91617.0245,0.0,0.0,1.938,0.0,91617.0245,0.0,2160.2755,0.0,0
sz159915-simple_60_close_breakout-fee0.001,2023-09-27,91617.0245,0.0,0.0,1.956,0.0,91617.0245,0.0,2160.2755,0.0,0
sz159915-simple_60_close_breakout-fee0.001,2023-09-28,91617.0245,0.0,0.0,1.953,0.0,91617.0245,0.0,2160.2755,0.0,0
sz159915-simple_60_close_breakout-fee0.001,2023-09-29,91617.0245,0.0,0.0,1.953,0.0,91617.0245,0.0,2160.2755,0.0,1
sz159915-simple_60_close_breakout-fee0.001,2023-09-30,91617.0245,0.0,0.0,1.953,0.0,91617.0245,0.0,2160.2755,0.0,2
sz159915-simple_60_close_breakout-fee0.001,2023-10-01,91617.0245,0.0,0.0,1.953,0.0,91617.0245,0.0,2160.2755,0.0,3
sz159915-simple_60_close_breakout-fee0.001,2023-10-02,91617.0245,0.0,0.0,1.953,0.0,91617.0245,0.0,2160.2755,0.0,4
sz159915-simple_60_close_breakout-fee0.001,2023-10-03,91617.0245,0.0,0.0,1.953,0.0,91617.0245,0.0,2160.2755,0.0,5
sz159915-simple_60_close_breakout-fee0.001,2023-10-04,91617.0245,0.0,0.0,1.953,0.0,91617.0245,0.0,2160.2755,0.0,6
sz159915-simple_60_close_breakout-fee0.001,2023-10-05,91617.0245,0.0,0.0,1.953,0.0,91617.0245,0.0,2160.2755,0.0,7
sz159915-simple_60_close_breakout-fee0.001,2023-10-06,91617.0245,0.0,0.0,1.953,0.0,91617.0245,0.0,2160.2755,0.0,8
sz159915-simple_60_close_breakout-fee0.001,2023-10-07,91617.0245,0.0,0.0,1.953,0.0,91617.0245,0.0,2160.2755,0.0,9
sz159915-simple_60_close_breakout-fee0.001,2023-10-08,91617.0245,0.0,0.0,1.953,0.0,91617.0245,0.0,2160.2755,0.0,10
sz159915-simple_60_close_breakout-fee0.001,2023-10-09,91617.0245,0.0,0.0,1.947,0.0,91617.0245,0.0,2160.2755,0.0,0
sz159915-simple_60_close_breakout-fee0.001,2023-10-10,91617.0245,0.0,0.0,1.938,0.0,91617.0245,0.0,2160.2755,0.0,0
sz159915-simple_60_close_breakout-fee0.001,2023-10-11,91617.0245,0.0,0.0,1.954,0.0,91617.0245,0.0,2160.2755,0.0,0
sz159915-simple_60_close_breakout-fee0.001,2023-10-12,91617.0245,0.0,0.0,1.968,0.0,91617.0245,0.0,2160.2755,0.0,0
sz159915-simple_60_close_breakout-fee0.001,2023-10-13,91617.0245,0.0,0.0,1.945,0.0,91617.0245,0.0,2160.2755,0.0,0
sz159915-simple_60_close_breakout-fee0.001,2023-10-14,91617.0245,0.0,0.0,1.945,0.0,91617.0245,0.0,2160.2755,0.0,1
sz159915-simple_60_close_breakout-fee0.001,2023-10-15,91617.0245,0.0,0.0,1.945,0.0,91617.0245,0.0,2160.2755,0.0,2
sz159915-simple_60_close_breakout-fee0.001,2023-10-16,91617.0245,0.0,0.0,1.906,0.0,91617.0245,0.0,2160.2755,0.0,0
sz159915-simple_60_close_breakout-fee0.001,2023-10-17,91617.0245,0.0,0.0,1.912,0.0,91617.0245,0.0,2160.2755,0.0,0
sz159915-simple_60_close_breakout-fee0.001,2023-10-18,91617.0245,0.0,0.0,1.887,0.0,91617.0245,0.0,2160.2755,0.0,0
sz159915-simple_60_close_breakout-fee0.001,2023-10-19,91617.0245,0.0,0.0,1.867,0.0,91617.0245,0.0,2160.2755,0.0,0
sz159915-simple_60_close_breakout-fee0.001,2023-10-20,91617.0245,0.0,0.0,1.85,0.0,91617.0245,0.0,2160.2755,0.0,0
sz159915-simple_60_close_breakout-fee0.001,2023-10-21,91617.0245,0.0,0.0,1.85,0.0,91617.0245,0.0,2160.2755,0.0,1
sz159915-simple_60_close_breakout-fee0.001,2023-10-22,91617.0245,0.0,0.0,1.85,0.0,91617.0245,0.0,2160.2755,0.0,2
sz159915-simple_60_close_breakout-fee0.001,2023-10-23,91617.0245,0.0,0.0,1.815,0.0,91617.0245,0.0,2160.2755,0.0,0
sz159915-simple_60_close_breakout-fee0.001,2023-10-24,91617.0245,0.0,0.0,1.832,0.0,91617.0245,0.0,2160.2755,0.0,0
sz159915-simple_60_close_breakout-fee0.001,2023-10-25,91617.0245,0.0,0.0,1.815,0.0,91617.0245,0.0,2160.2755,0.0,0
sz159915-simple_60_close_breakout-fee0.001,2023-10-26,91617.0245,0.0,0.0,1.829,0.0,91617.0245,0.0,2160.2755,0.0,0
sz159915-simple_60_close_breakout-fee0.001,2023-10-27,91617.0245,0.0,0.0,1.881,0.0,91617.0245,0.0,2160.2755,0.0,0
sz159915-simple_60_close_breakout-fee0.001,2023-10-28,91617.0245,0.0,0.0,1.881,0.0,91617.0245,0.0,2160.2755,0.0,1
sz159915-simple_60_close_breakout-fee0.001,2023-10-29,91617.0245,0.0,0.0,1.881,0.0,91617.0245,0.0,2160.2755,0.0,2
sz159915-simple_60_close_breakout-fee0.001,2023-10-30,91617.0245,0.0,0.0,1.926,0.0,91617.0245,0.0,2160.2755,0.0,0
sz159915-simple_60_close_breakout-fee0.001,2023-10-31,91617.0245,0.0,0.0,1.916,0.0,91617.0245,0.0,2160.2755,0.0,0
sz159915-simple_60_close_breakout-fee0.001,2023-11-01,91617.0245,0.0,0.0,1.908,0.0,91617.0245,0.0,2160.2755,0.0,0
sz159915-simple_60_close_breakout-fee0.001,2023-11-02,91617.0245,0.0,0.0,1.89,0.0,91617.0245,0.0,2160.2755,0.0,0
sz159915-simple_60_close_breakout-fee0.001,2023-11-03,91617.0245,0.0,0.0,1.918,0.0,91617.0245,0.0,2160.2755,0.0,0
sz159915-simple_60_close_breakout-fee0.001,2023-11-04,91617.0245,0.0,0.0,1.918,0.0,91617.0245,0.0,2160.2755,0.0,1
sz159915-simple_60_close_breakout-fee0.001,2023-11-05,91617.0245,0.0,0.0,1.918,0.0,91617.0245,0.0,2160.2755,0.0,2
sz159915-simple_60_close_breakout-fee0.001,2023-11-06,91617.0245,0.0,0.0,1.981,0.0,91617.0245,0.0,2160.2755,0.0,0
sz159915-simple_60_close_breakout-fee0.001,2023-11-07,91617.0245,0.0,0.0,1.967,0.0,91617.0245,0.0,2160.2755,0.0,0
sz159915-simple_60_close_breakout-fee0.001,2023-11-08,91617.0245,0.0,0.0,1.971,0.0,91617.0245,0.0,2160.2755,0.0,0
sz159915-simple_60_close_breakout-fee0.001,2023-11-09,91617.0245,0.0,0.0,1.967,0.0,91617.0245,0.0,2160.2755,0.0,0
sz159915-simple_60_close_breakout-fee0.001,2023-11-10,91617.0245,0.0,0.0,1.955,0.0,91617.0245,0.0,2160.2755,0.0,0
sz159915-simple_60_close_breakout-fee0.001,2023-11-11,91617.0245,0.0,0.0,1.955,0.0,91617.0245,0.0,2160.2755,0.0,1
sz159915-simple_60_close_breakout-fee0.001,2023-11-12,91617.0245,0.0,0.0,1.955,0.0,91617.0245,0.0,2160.2755,0.0,2
sz159915-simple_60_close_breakout-fee0.001,2023-11-13,91617.0245,0.0,0.0,1.958,0.0,91617.0245,0.0,2160.2755,0.0,0
sz159915-simple_60_close_breakout-fee0.001,2023-11-14,91617.0245,0.0,0.0,1.953,0.0,91617.0245,0.0,2160.2755,0.0,0
sz159915-simple_60_close_breakout-fee0.001,2023-11-15,91617.0245,0.0,0.0,1.963,0.0,91617.0245,0.0,2160.2755,0.0,0
sz159915-simple_60_close_breakout-fee0.001,2023-11-16,91617.0245,0.0,0.0,1.925,0.0,91617.0245,0.0,2160.2755,0.0,0
sz159915-simple_60_close_breakout-fee0.001,2023-11-17,91617.0245,0.0,0.0,1.934,0.0,91617.0245,0.0,2160.2755,0.0,0
sz159915-simple_60_close_breakout-fee0.001,2023-11-18,91617.0245,0.0,0.0,1.934,0.0,91617.0245,0.0,2160.2755,0.0,1
sz159915-simple_60_close_breakout-fee0.001,2023-11-19,91617.0245,0.0,0.0,1.934,0.0,91617.0245,0.0,2160.2755,0.0,2
sz159915-simple_60_close_breakout-fee0.001,2023-11-20,91617.0245,0.0,0.0,1.942,0.0,91617.0245,0.0,2160.2755,0.0,0
sz159915-simple_60_close_breakout-fee0.001,2023-11-21,91617.0245,0.0,0.0,1.931,0.0,91617.0245,0.0,2160.2755,0.0,0
sz159915-simple_60_close_breakout-fee0.001,2023-11-22,91617.0245,0.0,0.0,1.899,0.0,91617.0245,0.0,2160.2755,0.0,0
sz159915-simple_60_close_breakout-fee0.001,2023-11-23,91617.0245,0.0,0.0,1.911,0.0,91617.0245,0.0,2160.2755,0.0,0
sz159915-simple_60_close_breakout-fee0.001,2023-11-24,91617.0245,0.0,0.0,1.888,0.0,91617.0245,0.0,2160.2755,0.0,0
sz159915-simple_60_close_breakout-fee0.001,2023-11-25,91617.0245,0.0,0.0,1.888,0.0,91617.0245,0.0,2160.2755,0.0,1
sz159915-simple_60_close_breakout-fee0.001,2023-11-26,91617.0245,0.0,0.0,1.888,0.0,91617.0245,0.0,2160.2755,0.0,2
sz159915-simple_60_close_breakout-fee0.001,2023-11-27,91617.0245,0.0,0.0,1.878,0.0,91617.0245,0.0,2160.2755,0.0,0
sz159915-simple_60_close_breakout-fee0.001,2023-11-28,91617.0245,0.0,0.0,1.89,0.0,91617.0245,0.0,2160.2755,0.0,0
sz159915-simple_60_close_breakout-fee0.001,2023-11-29,91617.0245,0.0,0.0,1.867,0.0,91617.0245,0.0,2160.2755,0.0,0
sz159915-simple_60_close_breakout-fee0.001,2023-11-30,91617.0245,0.0,0.0,1.874,0.0,91617.0245,0.0,2160.2755,0.0,0
sz159915-simple_60_close_breakout-fee0.001,2023-12-01,91617.0245,0.0,0.0,1.881,0.0,91617.0245,0.0,2160.2755,0.0,0
sz159915-simple_60_close_breakout-fee0.001,2023-12-02,91617.0245,0.0,0.0,1.881,0.0,91617.0245,0.0,2160.2755,0.0,1
sz159915-simple_60_close_breakout-fee0.001,2023-12-03,91617.0245,0.0,0.0,1.881,0.0,91617.0245,0.0,2160.2755,0.0,2
sz159915-simple_60_close_breakout-fee0.001,2023-12-04,91617.0245,0.0,0.0,1.858,0.0,91617.0245,0.0,2160.2755,0.0,0
sz159915-simple_60_close_breakout-fee0.001,2023-12-05,91617.0245,0.0,0.0,1.823,0.0,91617.0245,0.0,2160.2755,0.0,0
sz159915-simple_60_close_breakout-fee0.001,2023-12-06,91617.0245,0.0,0.0,1.834,0.0,91617.0245,0.0,2160.2755,0.0,0
sz159915-simple_60_close_breakout-fee0.001,2023-12-07,91617.0245,0.0,0.0,1.829,0.0,91617.0245,0.0,2160.2755,0.0,0
sz159915-simple_60_close_breakout-fee0.001,2023-12-08,91617.0245,0.0,0.0,1.843,0.0,91617.0245,0.0,2160.2755,0.0,0
sz159915-simple_60_close_breakout-fee0.001,2023-12-09,91617.0245,0.0,0.0,1.843,0.0,91617.0245,0.0,2160.2755,0.0,1
sz159915-simple_60_close_breakout-fee0.001,2023-12-10,91617.0245,0.0,0.0,1.843,0.0,91617.0245,0.0,2160.2755,0.0,2
sz159915-simple_60_close_breakout-fee0.001,2023-12-11,91617.0245,0.0,0.0,1.868,0.0,91617.0245,0.0,2160.2755,0.0,0
sz159915-simple_60_close_breakout-fee0.001,2023-12-12,91617.0245,0.0,0.0,1.856,0.0,91617.0245,0.0,2160.2755,0.0,0
sz159915-simple_60_close_breakout-fee0.001,2023-12-13,91617.0245,0.0,0.0,1.822,0.0,91617.0245,0.0,2160.2755,0.0,0
sz159915-simple_60_close_breakout-fee0.001,2023-12-14,91617.0245,0.0,0.0,1.812,0.0,91617.0245,0.0,2160.2755,0.0,0
sz159915-simple_60_close_breakout-fee0.001,2023-12-15,91617.0245,0.0,0.0,1.802,0.0,91617.0245,0.0,2160.2755,0.0,0
sz159915-simple_60_close_breakout-fee0.001,2023-12-16,91617.0245,0.0,0.0,1.802,0.0,91617.0245,0.0,2160.2755,0.0,1
sz159915-simple_60_close_breakout-fee0.001,2023-12-17,91617.0245,0.0,0.0,1.802,0.0,91617.0245,0.0,2160.2755,0.0,2
sz159915-simple_60_close_breakout-fee0.001,2023-12-18,91617.0245,0.0,0.0,1.773,0.0,91617.0245,0.0,2160.2755,0.0,0
sz159915-simple_60_close_breakout-fee0.001,2023-12-19,91617.0245,0.0,0.0,1.781,0.0,91617.0245,0.0,2160.2755,0.0,0
sz159915-simple_60_close_breakout-fee0.001,2023-12-20,91617.0245,0.0,0.0,1.755,0.0,91617.0245,0.0,2160.2755,0.0,0
sz159915-simple_60_close_breakout-fee0.001,2023-12-21,91617.0245,0.0,0.0,1.787,0.0,91617.0245,0.0,2160.2755,0.0,0
sz159915-simple_60_close_breakout-fee0.001,2023-12-22,91617.0245,0.0,0.0,1.78,0.0,91617.0245,0.0,2160.2755,0.0,0
sz159915-simple_60_close_breakout-fee0.001,2023-12-23,91617.0245,0.0,0.0,1.78,0.0,91617.0245,0.0,2160.2755,0.0,1
sz159915-simple_60_close_breakout-fee0.001,2023-12-24,91617.0245,0.0,0.0,1.78,0.0,91617.0245,0.0,2160.2755,0.0,2
sz159915-simple_60_close_breakout-fee0.001,2023-12-25,91617.0245,0.0,0.0,1.783,0.0,91617.0245,0.0,2160.2755,0.0,0
sz159915-simple_60_close_breakout-fee0.001,2023-12-26,91617.0245,0.0,0.0,1.761,0.0,91617.0245,0.0,2160.2755,0.0,0
sz159915-simple_60_close_breakout-fee0.001,2023-12-27,91617.0245,0.0,0.0,1.763,0.0,91617.0245,0.0,2160.2755,0.0,0
sz159915-simple_60_close_breakout-fee0.001,2023-12-28,91617.0245,0.0,0.0,1.833,0.0,91617.0245,0.0,2160.2755,0.0,0
sz159915-simple_60_close_breakout-fee0.001,2023-12-29,91617.0245,0.0,0.0,1.842,0.0,91617.0245,0.0,2160.2755,0.0,0
sz159915-simple_60_close_breakout-fee0.001,2023-12-30,91617.0245,0.0,0.0,1.842,0.0,91617.0245,0.0,2160.2755,0.0,1
sz159915-simple_60_close_breakout-fee0.001,2023-12-31,91617.0245,0.0,0.0,1.842,0.0,91617.0245,0.0,2160.2755,0.0,2
sz159915-simple_60_close_breakout-fee0.001,2024-01-01,91617.0245,0.0,0.0,1.842,0.0,91617.0245,0.0,2160.2755,0.0,3
sz159915-simple_60_close_breakout-fee0.001,2024-01-02,91617.0245,0.0,0.0,1.806,0.0,91617.0245,0.0,2160.2755,0.0,0
sz159915-simple_60_close_breakout-fee0.001,2024-01-03,91617.0245,0.0,0.0,1.787,0.0,91617.0245,0.0,2160.2755,0.0,0
sz159915-simple_60_close_breakout-fee0.001,2024-01-04,91617.0245,0.0,0.0,1.754,0.0,91617.0245,0.0,2160.2755,0.0,0
sz159915-simple_60_close_breakout-fee0.001,2024-01-05,91617.0245,0.0,0.0,1.728,0.0,91617.0245,0.0,2160.2755,0.0,0
sz159915-simple_60_close_breakout-fee0.001,2024-01-06,91617.0245,0.0,0.0,1.728,0.0,91617.0245,0.0,2160.2755,0.0,1
sz159915-simple_60_close_breakout-fee0.001,2024-01-07,91617.0245,0.0,0.0,1.728,0.0,91617.0245,0.0,2160.2755,0.0,2
sz159915-simple_60_close_breakout-fee0.001,2024-01-08,91617.0245,0.0,0.0,1.699,0.0,91617.0245,0.0,2160.2755,0.0,0
sz159915-simple_60_close_breakout-fee0.001,2024-01-09,91617.0245,0.0,0.0,1.706,0.0,91617.0245,0.0,2160.2755,0.0,0
sz159915-simple_60_close_breakout-fee0.001,2024-01-10,91617.0245,0.0,0.0,1.698,0.0,91617.0245,0.0,2160.2755,0.0,0
sz159915-simple_60_close_breakout-fee0.001,2024-01-11,91617.0245,0.0,0.0,1.732,0.0,91617.0245,0.0,2160.2755,0.0,0
sz159915-simple_60_close_breakout-fee0.001,2024-01-12,91617.0245,0.0,0.0,1.714,0.0,91617.0245,0.0,2160.2755,0.0,0
sz159915-simple_60_close_breakout-fee0.001,2024-01-13,91617.0245,0.0,0.0,1.714,0.0,91617.0245,0.0,2160.2755,0.0,1
sz159915-simple_60_close_breakout-fee0.001,2024-01-14,91617.0245,0.0,0.0,1.714,0.0,91617.0245,0.0,2160.2755,0.0,2
sz159915-simple_60_close_breakout-fee0.001,2024-01-15,91617.0245,0.0,0.0,1.698,0.0,91617.0245,0.0,2160.2755,0.0,0
sz159915-simple_60_close_breakout-fee0.001,2024-01-16,91617.0245,0.0,0.0,1.708,0.0,91617.0245,0.0,2160.2755,0.0,0
sz159915-simple_60_close_breakout-fee0.001,2024-01-17,91617.0245,0.0,0.0,1.656,0.0,91617.0245,0.0,2160.2755,0.0,0
sz159915-simple_60_close_breakout-fee0.001,2024-01-18,91617.0245,0.0,0.0,1.683,0.0,91617.0245,0.0,2160.2755,0.0,0
sz159915-simple_60_close_breakout-fee0.001,2024-01-19,91617.0245,0.0,0.0,1.669,0.0,91617.0245,0.0,2160.2755,0.0,0
sz159915-simple_60_close_breakout-fee0.001,2024-01-20,91617.0245,0.0,0.0,1.669,0.0,91617.0245,0.0,2160.2755,0.0,1
sz159915-simple_60_close_breakout-fee0.001,2024-01-21,91617.0245,0.0,0.0,1.669,0.0,91617.0245,0.0,2160.2755,0.0,2
sz159915-simple_60_close_breakout-fee0.001,2024-01-22,91617.0245,0.0,0.0,1.623,0.0,91617.0245,0.0,2160.2755,0.0,0
sz159915-simple_60_close_breakout-fee0.001,2024-01-23,91617.0245,0.0,0.0,1.642,0.0,91617.0245,0.0,2160.2755,0.0,0
sz159915-simple_60_close_breakout-fee0.001,2024-01-24,91617.0245,0.0,0.0,1.65,0.0,91617.0245,0.0,2160.2755,0.0,0
sz159915-simple_60_close_breakout-fee0.001,2024-01-25,91617.0245,0.0,0.0,1.675,0.0,91617.0245,0.0,2160.2755,0.0,0
sz159915-simple_60_close_breakout-fee0.001,2024-01-26,91617.0245,0.0,0.0,1.637,0.0,91617.0245,0.0,2160.2755,0.0,0
sz159915-simple_60_close_breakout-fee0.001,2024-01-27,91617.0245,0.0,0.0,1.637,0.0,91617.0245,0.0,2160.2755,0.0,1
sz159915-simple_60_close_breakout-fee0.001,2024-01-28,91617.0245,0.0,0.0,1.637,0.0,91617.0245,0.0,2160.2755,0.0,2
sz159915-simple_60_close_breakout-fee0.001,2024-01-29,91617.0245,0.0,0.0,1.58,0.0,91617.0245,0.0,2160.2755,0.0,0
sz159915-simple_60_close_breakout-fee0.001,2024-01-30,91617.0245,0.0,0.0,1.544,0.0,91617.0245,0.0,2160.2755,0.0,0
sz159915-simple_60_close_breakout-fee0.001,2024-01-31,91617.0245,0.0,0.0,1.533,0.0,91617.0245,0.0,2160.2755,0.0,0
sz159915-simple_60_close_breakout-fee0.001,2024-02-01,91617.0245,0.0,0.0,1.548,0.0,91617.0245,0.0,2160.2755,0.0,0
sz159915-simple_60_close_breakout-fee0.001,2024-02-02,91617.0245,0.0,0.0,1.508,0.0,91617.0245,0.0,2160.2755,0.0,0
sz159915-simple_60_close_breakout-fee0.001,2024-02-03,91617.0245,0.0,0.0,1.508,0.0,91617.0245,0.0,2160.2755,0.0,1
sz159915-simple_60_close_breakout-fee0.001,2024-02-04,91617.0245,0.0,0.0,1.508,0.0,91617.0245,0.0,2160.2755,0.0,2
sz159915-simple_60_close_breakout-fee0.001,2024-02-05,91617.0245,0.0,0.0,1.527,0.0,91617.0245,0.0,2160.2755,0.0,0
sz159915-simple_60_close_breakout-fee0.001,2024-02-06,91617.0245,0.0,0.0,1.623,0.0,91617.0245,0.0,2160.2755,0.0,0
sz159915-simple_60_close_breakout-fee0.001,2024-02-07,91617.0245,0.0,0.0,1.66,0.0,91617.0245,0.0,2160.2755,0.0,0
sz159915-simple_60_close_breakout-fee0.001,2024-02-08,91617.0245,0.0,0.0,1.681,0.0,91617.0245,0.0,2160.2755,0.0,0
sz159915-simple_60_close_breakout-fee0.001,2024-02-09,91617.0245,0.0,0.0,1.681,0.0,91617.0245,0.0,2160.2755,0.0,1
sz159915-simple_60_close_breakout-fee0.001,2024-02-10,91617.0245,0.0,0.0,1.681,0.0,91617.0245,0.0,2160.2755,0.0,2
sz159915-simple_60_close_breakout-fee0.001,2024-02-11,91617.0245,0.0,0.0,1.681,0.0,91617.0245,0.0,2160.2755,0.0,3
sz159915-simple_60_close_breakout-fee0.001,2024-02-12,91617.0245,0.0,0.0,1.681,0.0,91617.0245,0.0,2160.2755,0.0,4
sz159915-simple_60_close_breakout-fee0.001,2024-02-13,91617.0245,0.0,0.0,1.681,0.0,91617.0245,0.0,2160.2755,0.0,5
sz159915-simple_60_close_breakout-fee0.001,2024-02-14,91617.0245,0.0,0.0,1.681,0.0,91617.0245,0.0,2160.2755,0.0,6
sz159915-simple_60_close_breakout-fee0.001,2024-02-15,91617.0245,0.0,0.0,1.681,0.0,91617.0245,0.0,2160.2755,0.0,7
sz159915-simple_60_close_breakout-fee0.001,2024-02-16,91617.0245,0.0,0.0,1.681,0.0,91617.0245,0.0,2160.2755,0.0,8
sz159915-simple_60_close_breakout-fee0.001,2024-02-17,91617.0245,0.0,0.0,1.681,0.0,91617.0245,0.0,2160.2755,0.0,9
sz159915-simple_60_close_breakout-fee0.001,2024-02-18,91617.0245,0.0,0.0,1.681,0.0,91617.0245,0.0,2160.2755,0.0,10
sz159915-simple_60_close_breakout-fee0.001,2024-02-19,91617.0245,0.0,0.0,1.697,0.0,91617.0245,0.0,2160.2755,0.0,0
sz159915-simple_60_close_breakout-fee0.001,2024-02-20,91617.0245,0.0,0.0,1.696,0.0,91617.0245,0.0,2160.2755,0.0,0
sz159915-simple_60_close_breakout-fee0.001,2024-02-21,91617.0245,0.0,0.0,1.703,0.0,91617.0245,0.0,2160.2755,0.0,0
sz159915-simple_60_close_breakout-fee0.001,2024-02-22,91617.0245,0.0,0.0,1.71,0.0,91617.0245,0.0,2160.2755,0.0,0
sz159915-simple_60_close_breakout-fee0.001,2024-02-23,91617.0245,0.0,0.0,1.709,0.0,91617.0245,0.0,2160.2755,0.0,0
sz159915-simple_60_close_breakout-fee0.001,2024-02-24,91617.0245,0.0,0.0,1.709,0.0,91617.0245,0.0,2160.2755,0.0,1
sz159915-simple_60_close_breakout-fee0.001,2024-02-25,91617.0245,0.0,0.0,1.709,0.0,91617.0245,0.0,2160.2755,0.0,2
sz159915-simple_60_close_breakout-fee0.001,2024-02-26,91617.0245,0.0,0.0,1.704,0.0,91617.0245,0.0,2160.2755,0.0,0
sz159915-simple_60_close_breakout-fee0.001,2024-02-27,91617.0245,0.0,0.0,1.746,0.0,91617.0245,0.0,2160.2755,0.0,0
sz159915-simple_60_close_breakout-fee0.001,2024-02-28,91617.0245,0.0,0.0,1.701,0.0,91617.0245,0.0,2160.2755,0.0,0
sz159915-simple_60_close_breakout-fee0.001,2024-02-29,91617.0245,0.0,0.0,1.761,0.0,91617.0245,0.0,2160.2755,0.0,0
sz159915-simple_60_close_breakout-fee0.001,2024-03-01,91617.0245,0.0,0.0,1.775,0.0,91617.0245,0.0,2160.2755,0.0,0
sz159915-simple_60_close_breakout-fee0.001,2024-03-02,91617.0245,0.0,0.0,1.775,0.0,91617.0245,0.0,2160.2755,0.0,1
sz159915-simple_60_close_breakout-fee0.001,2024-03-03,91617.0245,0.0,0.0,1.775,0.0,91617.0245,0.0,2160.2755,0.0,2
sz159915-simple_60_close_breakout-fee0.001,2024-03-04,91617.0245,0.0,0.0,1.783,0.0,91617.0245,0.0,2160.2755,0.0,0
sz159915-simple_60_close_breakout-fee0.001,2024-03-05,91617.0245,0.0,0.0,1.78,0.0,91617.0245,0.0,2160.2755,0.0,0
sz159915-simple_60_close_breakout-fee0.001,2024-03-06,91617.0245,0.0,0.0,1.782,0.0,91617.0245,0.0,2160.2755,0.0,0
sz159915-simple_60_close_breakout-fee0.001,2024-03-07,91617.0245,0.0,0.0,1.742,0.0,91617.0245,0.0,2160.2755,0.0,0
sz159915-simple_60_close_breakout-fee0.001,2024-03-08,91617.0245,0.0,0.0,1.756,0.0,91617.0245,0.0,2160.2755,0.0,0
sz159915-simple_60_close_breakout-fee0.001,2024-03-09,91617.0245,0.0,0.0,1.756,0.0,91617.0245,0.0,2160.2755,0.0,1
sz159915-simple_60_close_breakout-fee0.001,2024-03-10,91617.0245,0.0,0.0,1.756,0.0,91617.0245,0.0,2160.2755,0.0,2
sz159915-simple_60_close_breakout-fee0.001,2024-03-11,91617.0245,0.0,0.0,1.84,0.0,91617.0245,0.0,2160.2755,0.0,0
sz159915-simple_60_close_breakout-fee0.001,2024-03-12,91617.0245,0.0,0.0,1.851,0.0,91617.0245,0.0,2160.2755,0.0,0
sz159915-simple_60_close_breakout-fee0.001,2024-03-13,91617.0245,0.0,0.0,1.841,0.0,91617.0245,0.0,2160.2755,0.0,0
sz159915-simple_60_close_breakout-fee0.001,2024-03-14,91617.0245,0.0,0.0,1.832,0.0,91617.0245,0.0,2160.2755,0.0,0
sz159915-simple_60_close_breakout-fee0.001,2024-03-15,91617.0245,0.0,0.0,1.833,0.0,91617.0245,0.0,2160.2755,0.0,0
sz159915-simple_60_close_breakout-fee0.001,2024-03-16,91617.0245,0.0,0.0,1.833,0.0,91617.0245,0.0,2160.2755,0.0,1
sz159915-simple_60_close_breakout-fee0.001,2024-03-17,91617.0245,0.0,0.0,1.833,0.0,91617.0245,0.0,2160.2755,0.0,2
sz159915-simple_60_close_breakout-fee0.001,2024-03-18,91617.0245,0.0,0.0,1.875,0.0,91617.0245,0.0,2160.2755,0.0,0
sz159915-simple_60_close_breakout-fee0.001,2024-03-19,82.5815,0.0,48900.0,1.853,90611.7,90694.2815,0.9990894519628561,2251.7185,0.0,0
sz159915-simple_60_close_breakout-fee0.001,2024-03-20,82.5815,0.0,48900.0,1.856,90758.4,90840.9815,0.9990909224158923,2251.7185,0.0,0
sz159915-simple_60_close_breakout-fee0.001,2024-03-21,82.5815,0.0,48900.0,1.846,90269.4,90351.9815,0.9990860023363184,2251.7185,0.0,0
sz159915-simple_60_close_breakout-fee0.001,2024-03-22,82.5815,0.0,48900.0,1.817,88851.3,88933.8815,0.999071428137318,2251.7185,0.0,0
sz159915-simple_60_close_breakout-fee0.001,2024-03-23,82.5815,0.0,48900.0,1.817,88851.3,88933.8815,0.999071428137318,2251.7185,0.0,1
sz159915-simple_60_close_breakout-fee0.001,2024-03-24,82.5815,0.0,48900.0,1.817,88851.3,88933.8815,0.999071428137318,2251.7185,0.0,2
sz159915-simple_60_close_breakout-fee0.001,2024-03-25,82.5815,0.0,48900.0,1.781,87090.9,87173.4815,0.9990526763577752,2251.7185,0.0,0
sz159915-simple_60_close_breakout-fee0.001,2024-03-26,82.5815,0.0,48900.0,1.792,87628.8,87711.3815,0.9990584859275076,2251.7185,0.0,0
sz159915-simple_60_close_breakout-fee0.001,2024-03-27,82.5815,0.0,48900.0,1.742,85183.8,85266.3815,0.9990314881604305,2251.7185,0.0,0
sz159915-simple_60_close_breakout-fee0.001,2024-03-28,82.5815,0.0,48900.0,1.758,85966.2,86048.7815,0.9990402943706995,2251.7185,0.0,0
sz159915-simple_60_close_breakout-fee0.001,2024-03-29,82.5815,0.0,48900.0,1.768,86455.2,86537.7815,0.9990457173899241,2251.7185,0.0,0
sz159915-simple_60_close_breakout-fee0.001,2024-03-30,82.5815,0.0,48900.0,1.768,86455.2,86537.7815,0.9990457173899241,2251.7185,0.0,1
sz159915-simple_60_close_breakout-fee0.001,2024-03-31,82.5815,0.0,48900.0,1.768,86455.2,86537.7815,0.9990457173899241,2251.7185,0.0,2
sz159915-simple_60_close_breakout-fee0.001,2024-04-01,82.5815,0.0,48900.0,1.822,89095.8,89178.3815,0.9990739739989563,2251.7185,0.0,0
sz159915-simple_60_close_breakout-fee0.001,2024-04-02,82.5815,0.0,48900.0,1.808,88411.2,88493.7815,0.999066810135128,2251.7185,0.0,0
sz159915-simple_60_close_breakout-fee0.001,2024-04-03,82.5815,0.0,48900.0,1.79,87531.0,87613.5815,0.999057434948028,2251.7185,0.0,0
sz159915-simple_60_close_breakout-fee0.001,2024-04-04,82.5815,0.0,48900.0,1.79,87531.0,87613.5815,0.999057434948028,2251.7185,0.0,1
sz159915-simple_60_close_breakout-fee0.001,2024-04-05,82.5815,0.0,48900.0,1.79,87531.0,87613.5815,0.999057434948028,2251.7185,0.0,2
sz159915-simple_60_close_breakout-fee0.001,2024-04-06,82.5815,0.0,48900.0,1.79,87531.0,87613.5815,0.999057434948028,2251.7185,0.0,3
sz159915-simple_60_close_breakout-fee0.001,2024-04-07,82.5815,0.0,48900.0,1.79,87531.0,87613.5815,0.999057434948028,2251.7185,0.0,4
sz159915-simple_60_close_breakout-fee0.001,2024-04-08,82.5815,0.0,48900.0,1.758,85966.2,86048.7815,0.9990402943706995,2251.7185,0.0,0
sz159915-simple_60_close_breakout-fee0.001,2024-04-09,82.5815,0.0,48900.0,1.777,86895.3,86977.8815,0.9990505459712766,2251.7185,0.0,0
sz159915-simple_60_close_breakout-fee0.001,2024-04-10,82.5815,0.0,48900.0,1.739,85037.1,85119.6815,0.9990298189731831,2251.7185,0.0,0
sz159915-simple_60_close_breakout-fee0.001,2024-04-11,82.5815,0.0,48900.0,1.731,84645.9,84728.4815,0.9990253395488977,2251.7185,0.0,0
sz159915-simple_60_close_breakout-fee0.001,2024-04-12,82.5815,0.0,48900.0,1.713,83765.7,83848.2815,0.9990151080198346,2251.7185,0.0,0
sz159915-simple_60_close_breakout-fee0.001,2024-04-13,82.5815,0.0,48900.0,1.713,83765.7,83848.2815,0.9990151080198346,2251.7185,0.0,1
sz159915-simple_60_close_breakout-fee0.001,2024-04-14,82.5815,0.0,48900.0,1.713,83765.7,83848.2815,0.9990151080198346,2251.7185,0.0,2
sz159915-simple_60_close_breakout-fee0.001,2024-04-15,82.5815,0.0,48900.0,1.746,85379.4,85461.9815,0.9990337048293223,2251.7185,0.0,0
sz159915-simple_60_close_breakout-fee0.001,2024-04-16,82.5815,0.0,48900.0,1.713,83765.7,83848.2815,0.9990151080198346,2251.7185,0.0,0
sz159915-simple_60_close_breakout-fee0.001,2024-04-17,82.5815,0.0,48900.0,1.747,85428.3,85510.8815,0.999034257412023,2251.7185,0.0,0
sz159915-simple_60_close_breakout-fee0.001,2024-04-18,82.5815,0.0,48900.0,1.738,84988.2,85070.7815,0.9990292612981344,2251.7185,0.0,0
sz159915-simple_60_close_breakout-fee0.001,2024-04-19,82.5815,0.0,48900.0,1.705,83374.5,83457.0815,0.9990104913985041,2251.7185,0.0,0
sz159915-simple_60_close_breakout-fee0.001,2024-04-20,82.5815,0.0,48900.0,1.705,83374.5,83457.0815,0.9990104913985041,2251.7185,0.0,1
sz159915-simple_60_close_breakout-fee0.001,2024-04-21,82.5815,0.0,48900.0,1.705,83374.5,83457.0815,0.9990104913985041,2251.7185,0.0,2
sz159915-simple_60_close_breakout-fee0.001,2024-04-22,82.5815,0.0,48900.0,1.703,83276.7,83359.2815,0.999009330472696,2251.7185,0.0,0
sz159915-simple_60_close_breakout-fee0.001,2024-04-23,82.5815,0.0,48900.0,1.705,83374.5,83457.0815,0.9990104913985041,2251.7185,0.0,0
sz159915-simple_60_close_breakout-fee0.001,2024-04-24,82.5815,0.0,48900.0,1.719,84059.1,84141.6815,0.9990185423142512,2251.7185,0.0,0
sz159915-simple_60_close_breakout-fee0.001,2024-04-25,82.5815,0.0,48900.0,1.716,83912.4,83994.9815,0.999016828166097,2251.7185,0.0,0
sz159915-simple_60_close_breakout-fee0.001,2024-04-26,82.5815,0.0,48900.0,1.774,86748.6,86831.1815,0.9990489418827038,2251.7185,0.0,0
sz159915-simple_60_close_breakout-fee0.001,2024-04-27,82.5815,0.0,48900.0,1.774,86748.6,86831.1815,0.9990489418827038,2251.7185,0.0,1
sz159915-simple_60_close_breakout-fee0.001,2024-04-28,82.5815,0.0,48900.0,1.774,86748.6,86831.1815,0.9990489418827038,2251.7185,0.0,2
sz159915-simple_60_close_breakout-fee0.001,2024-04-29,82.5815,0.0,48900.0,1.837,89829.3,89911.8815,0.999081528507442,2251.7185,0.0,0
sz159915-simple_60_close_breakout-fee0.001,2024-04-30,82.5815,0.0,48900.0,1.816,88802.4,88884.9815,0.9990709172842659,2251.7185,0.0,0
sz159915-simple_60_close_breakout-fee0.001,2024-05-01,82.5815,0.0,48900.0,1.816,88802.4,88884.9815,0.9990709172842659,2251.7185,0.0,1
sz159915-simple_60_close_breakout-fee0.001,2024-05-02,82.5815,0.0,48900.0,1.816,88802.4,88884.9815,0.9990709172842659,2251.7185,0.0,2
sz159915-simple_60_close_breakout-fee0.001,2024-05-03,82.5815,0.0,48900.0,1.816,88802.4,88884.9815,0.9990709172842659,2251.7185,0.0,3
sz159915-simple_60_close_breakout-fee0.001,2024-05-04,82.5815,0.0,48900.0,1.816,88802.4,88884.9815,0.9990709172842659,2251.7185,0.0,4
sz159915-simple_60_close_breakout-fee0.001,2024-05-05,82.5815,0.0,48900.0,1.816,88802.4,88884.9815,0.9990709172842659,2251.7185,0.0,5
sz159915-simple_60_close_breakout-fee0.001,2024-05-06,82.5815,0.0,48900.0,1.853,90611.7,90694.2815,0.9990894519628561,2251.7185,0.0,0
sz159915-simple_60_close_breakout-fee0.001,2024-05-07,82.5815,0.0,48900.0,1.85,90465.0,90547.5815,0.9990879767451326,2251.7185,0.0,0
sz159915-simple_60_close_breakout-fee0.001,2024-05-08,82.5815,0.0,48900.0,1.821,89046.9,89129.4815,0.9990734659440378,2251.7185,0.0,0
sz159915-simple_60_close_breakout-fee0.001,2024-05-09,82.5815,0.0,48900.0,1.856,90758.4,90840.9815,0.9990909224158923,2251.7185,0.0,0
sz159915-simple_60_close_breakout-fee0.001,2024-05-10,82.5815,0.0,48900.0,1.84,89976.0,90058.5815,0.9990830246421325,2251.7185,0.0,0
sz159915-simple_60_close_breakout-fee0.001,2024-05-11,82.5815,0.0,48900.0,1.84,89976.0,90058.5815,0.9990830246421325,2251.7185,0.0,1
sz159915-simple_60_close_breakout-fee0.001,2024-05-12,82.5815,0.0,48900.0,1.84,89976.0,90058.5815,0.9990830246421325,2251.7185,0.0,2
sz159915-simple_60_close_breakout-fee0.001,2024-05-13,82.5815,0.0,48900.0,1.817,88851.3,88933.8815,0.999071428137318,2251.7185,0.0,0
sz159915-simple_60_close_breakout-fee0.001,2024-05-14,82.5815,0.0,48900.0,1.813,88655.7,88738.2815,0.9990693813469894,2251.7185,0.0,0
sz159915-simple_60_close_breakout-fee0.001,2024-05-15,82.5815,0.0,48900.0,1.797,87873.3,87955.8815,0.9990611031509019,2251.7185,0.0,0
sz159915-simple_60_close_breakout-fee0.001,2024-05-16,82.5815,0.0,48900.0,1.801,88068.9,88151.4815,0.9990631864763384,2251.7185,0.0,0
sz159915-simple_60_close_breakout-fee0.001,2024-05-17,82.5815,0.0,48900.0,1.824,89193.6,89276.1815,0.9990749884391057,2251.7185,0.0,0
sz159915-simple_60_close_breakout-fee0.001,2024-05-18,82.5815,0.0,48900.0,1.824,89193.6,89276.1815,0.9990749884391057,2251.7185,0.0,1
sz159915-simple_60_close_breakout-fee0.001,2024-05-19,82.5815,0.0,48900.0,1.824,89193.6,89276.1815,0.9990749884391057,2251.7185,0.0,2
sz159915-simple_60_close_breakout-fee0.001,2024-05-20,82.5815,0.0,48900.0,1.831,89535.9,89618.4815,0.9990785215435725,2251.7185,0.0,0
sz159915-simple_60_close_breakout-fee0.001,2024-05-21,82.5815,0.0,48900.0,1.818,88900.2,88982.7815,0.9990719384288971,2251.7185,0.0,0
sz159915-simple_60_close_breakout-fee0.001,2024-05-22,82.5815,0.0,48900.0,1.839,89927.1,90009.6815,0.999082526472444,2251.7185,0.0,0
sz159915-simple_60_close_breakout-fee0.001,2024-05-23,82.5815,0.0,48900.0,1.811,88557.9,88640.4815,0.9990683545643871,2251.7185,0.0,0
sz159915-simple_60_close_breakout-fee0.001,2024-05-24,82.5815,0.0,48900.0,1.781,87090.9,87173.4815,0.9990526763577752,2251.7185,0.0,0
sz159915-simple_60_close_breakout-fee0.001,2024-05-25,82.5815,0.0,48900.0,1.781,87090.9,87173.4815,0.9990526763577752,2251.7185,0.0,1
sz159915-simple_60_close_breakout-fee0.001,2024-05-26,82.5815,0.0,48900.0,1.781,87090.9,87173.4815,0.9990526763577752,2251.7185,0.0,2
sz159915-simple_60_close_breakout-fee0.001,2024-05-27,82.5815,0.0,48900.0,1.792,87628.8,87711.3815,0.9990584859275076,2251.7185,0.0,0
sz159915-simple_60_close_breakout-fee0.001,2024-05-28,82.5815,0.0,48900.0,1.769,86504.1,86586.6815,0.9990462563229195,2251.7185,0.0,0
sz159915-simple_60_close_breakout-fee0.001,2024-05-29,82.5815,0.0,48900.0,1.772,86650.8,86733.3815,0.999047869475722,2251.7185,0.0,0
sz159915-simple_60_close_breakout-fee0.001,2024-05-30,82.5815,0.0,48900.0,1.777,86895.3,86977.8815,0.9990505459712766,2251.7185,0.0,0
sz159915-simple_60_close_breakout-fee0.001,2024-05-31,82.5815,0.0,48900.0,1.772,86650.8,86733.3815,0.999047869475722,2251.7185,0.0,0
sz159915-simple_60_close_breakout-fee0.001,2024-06-01,82.5815,0.0,48900.0,1.772,86650.8,86733.3815,0.999047869475722,2251.7185,0.0,1
sz159915-simple_60_close_breakout-fee0.001,2024-06-02,82.5815,0.0,48900.0,1.772,86650.8,86733.3815,0.999047869475722,2251.7185,0.0,2
sz159915-simple_60_close_breakout-fee0.001,2024-06-03,82.5815,0.0,48900.0,1.782,87139.8,87222.3815,0.9990532074614358,2251.7185,0.0,0
sz159915-simple_60_close_breakout-fee0.001,2024-06-04,82.5815,0.0,48900.0,1.806,88313.4,88395.9815,0.9990657776677325,2251.7185,0.0,0
sz159915-simple_60_close_breakout-fee0.001,2024-06-05,82.5815,0.0,48900.0,1.796,87824.4,87906.9815,0.9990605808709289,2251.7185,0.0,0
sz159915-simple_60_close_breakout-fee0.001,2024-06-06,82.5815,0.0,48900.0,1.785,87286.5,87369.0815,0.9990547972053477,2251.7185,0.0,0
sz159915-simple_60_close_breakout-fee0.001,2024-06-07,82.5815,0.0,48900.0,1.748,85477.2,85559.7815,0.9990348093630884,2251.7185,0.0,0
sz159915-simple_60_close_breakout-fee0.001,2024-06-08,82.5815,0.0,48900.0,1.748,85477.2,85559.7815,0.9990348093630884,2251.7185,0.0,1
sz159915-simple_60_close_breakout-fee0.001,2024-06-09,82.5815,0.0,48900.0,1.748,85477.2,85559.7815,0.9990348093630884,2251.7185,0.0,2
sz159915-simple_60_close_breakout-fee0.001,2024-06-10,82.5815,0.0,48900.0,1.748,85477.2,85559.7815,0.9990348093630884,2251.7185,0.0,3
sz159915-simple_60_close_breakout-fee0.001,2024-06-11,82.5815,0.0,48900.0,1.752,85672.8,85755.3815,0.9990370108726063,2251.7185,0.0,0
sz159915-simple_60_close_breakout-fee0.001,2024-06-12,82.5815,0.0,48900.0,1.743,85232.7,85315.2815,0.9990320432805464,2251.7185,0.0,0
sz159915-simple_60_close_breakout-fee0.001,2024-06-13,82.5815,0.0,48900.0,1.742,85183.8,85266.3815,0.9990314881604305,2251.7185,0.0,0
sz159915-simple_60_close_breakout-fee0.001,2024-06-14,82.5815,0.0,48900.0,1.756,85868.4,85950.9815,0.9990392023621045,2251.7185,0.0,0
sz159915-simple_60_close_breakout-fee0.001,2024-06-15,82.5815,0.0,48900.0,1.756,85868.4,85950.9815,0.9990392023621045,2251.7185,0.0,1
sz159915-simple_60_close_breakout-fee0.001,2024-06-16,82.5815,0.0,48900.0,1.756,85868.4,85950.9815,0.9990392023621045,2251.7185,0.0,2
sz159915-simple_60_close_breakout-fee0.001,2024-06-17,82.5815,0.0,48900.0,1.768,86455.2,86537.7815,0.9990457173899241,2251.7185,0.0,0
sz159915-simple_60_close_breakout-fee0.001,2024-06-18,82.5815,0.0,48900.0,1.776,86846.4,86928.9815,0.999050011876649,2251.7185,0.0,0
sz159915-simple_60_close_breakout-fee0.001,2024-06-19,82.5815,0.0,48900.0,1.753,85721.7,85804.2815,0.999037559681681,2251.7185,0.0,0
sz159915-simple_60_close_breakout-fee0.001,2024-06-20,82.5815,0.0,48900.0,1.728,84499.2,84581.7815,0.9990236490821608,2251.7185,0.0,0
sz159915-simple_60_close_breakout-fee0.001,2024-06-21,82.5815,0.0,48900.0,1.723,84254.7,84337.2815,0.9990208185688318,2251.7185,0.0,0
sz159915-simple_60_close_breakout-fee0.001,2024-06-22,82.5815,0.0,48900.0,1.723,84254.7,84337.2815,0.9990208185688318,2251.7185,0.0,1
sz159915-simple_60_close_breakout-fee0.001,2024-06-23,82.5815,0.0,48900.0,1.723,84254.7,84337.2815,0.9990208185688318,2251.7185,0.0,2
sz159915-simple_60_close_breakout-fee0.001,2024-06-24,82.5815,0.0,48900.0,1.696,82934.4,83016.9815,0.9990052456918107,2251.7185,0.0,0
sz159915-simple_60_close_breakout-fee0.001,2024-06-25,82836.3449,0.0,0.0,1.666,0.0,82836.3449,0.0,2334.5551,0.0,0
sz159915-simple_60_close_breakout-fee0.001,2024-06-26,82836.3449,0.0,0.0,1.699,0.0,82836.3449,0.0,2334.5551,0.0,0
sz159915-simple_60_close_breakout-fee0.001,2024-06-27,82836.3449,0.0,0.0,1.67,0.0,82836.3449,0.0,2334.5551,0.0,0
sz159915-simple_60_close_breakout-fee0.001,2024-06-28,82836.3449,0.0,0.0,1.652,0.0,82836.3449,0.0,2334.5551,0.0,0
sz159915-simple_60_close_breakout-fee0.001,2024-06-29,82836.3449,0.0,0.0,1.652,0.0,82836.3449,0.0,2334.5551,0.0,1
sz159915-simple_60_close_breakout-fee0.001,2024-06-30,82836.3449,0.0,0.0,1.652,0.0,82836.3449,0.0,2334.5551,0.0,2
sz159915-simple_60_close_breakout-fee0.001,2024-07-01,82836.3449,0.0,0.0,1.65,0.0,82836.3449,0.0,2334.5551,0.0,0
sz159915-simple_60_close_breakout-fee0.001,2024-07-02,82836.3449,0.0,0.0,1.633,0.0,82836.3449,0.0,2334.5551,0.0,0
sz159915-simple_60_close_breakout-fee0.001,2024-07-03,82836.3449,0.0,0.0,1.629,0.0,82836.3449,0.0,2334.5551,0.0,0
sz159915-simple_60_close_breakout-fee0.001,2024-07-04,82836.3449,0.0,0.0,1.616,0.0,82836.3449,0.0,2334.5551,0.0,0
sz159915-simple_60_close_breakout-fee0.001,2024-07-05,82836.3449,0.0,0.0,1.623,0.0,82836.3449,0.0,2334.5551,0.0,0
sz159915-simple_60_close_breakout-fee0.001,2024-07-06,82836.3449,0.0,0.0,1.623,0.0,82836.3449,0.0,2334.5551,0.0,1
sz159915-simple_60_close_breakout-fee0.001,2024-07-07,82836.3449,0.0,0.0,1.623,0.0,82836.3449,0.0,2334.5551,0.0,2
sz159915-simple_60_close_breakout-fee0.001,2024-07-08,82836.3449,0.0,0.0,1.596,0.0,82836.3449,0.0,2334.5551,0.0,0
sz159915-simple_60_close_breakout-fee0.001,2024-07-09,82836.3449,0.0,0.0,1.62,0.0,82836.3449,0.0,2334.5551,0.0,0
sz159915-simple_60_close_breakout-fee0.001,2024-07-10,82836.3449,0.0,0.0,1.618,0.0,82836.3449,0.0,2334.5551,0.0,0
sz159915-simple_60_close_breakout-fee0.001,2024-07-11,82836.3449,0.0,0.0,1.654,0.0,82836.3449,0.0,2334.5551,0.0,0
sz159915-simple_60_close_breakout-fee0.001,2024-07-12,82836.3449,0.0,0.0,1.653,0.0,82836.3449,0.0,2334.5551,0.0,0
sz159915-simple_60_close_breakout-fee0.001,2024-07-13,82836.3449,0.0,0.0,1.653,0.0,82836.3449,0.0,2334.5551,0.0,1
sz159915-simple_60_close_breakout-fee0.001,2024-07-14,82836.3449,0.0,0.0,1.653,0.0,82836.3449,0.0,2334.5551,0.0,2
sz159915-simple_60_close_breakout-fee0.001,2024-07-15,82836.3449,0.0,0.0,1.64,0.0,82836.3449,0.0,2334.5551,0.0,0
sz159915-simple_60_close_breakout-fee0.001,2024-07-16,82836.3449,0.0,0.0,1.664,0.0,82836.3449,0.0,2334.5551,0.0,0
sz159915-simple_60_close_breakout-fee0.001,2024-07-17,82836.3449,0.0,0.0,1.663,0.0,82836.3449,0.0,2334.5551,0.0,0
sz159915-simple_60_close_breakout-fee0.001,2024-07-18,82836.3449,0.0,0.0,1.686,0.0,82836.3449,0.0,2334.5551,0.0,0
sz159915-simple_60_close_breakout-fee0.001,2024-07-19,82836.3449,0.0,0.0,1.692,0.0,82836.3449,0.0,2334.5551,0.0,0
sz159915-simple_60_close_breakout-fee0.001,2024-07-20,82836.3449,0.0,0.0,1.692,0.0,82836.3449,0.0,2334.5551,0.0,1
sz159915-simple_60_close_breakout-fee0.001,2024-07-21,82836.3449,0.0,0.0,1.692,0.0,82836.3449,0.0,2334.5551,0.0,2
sz159915-simple_60_close_breakout-fee0.001,2024-07-22,82836.3449,0.0,0.0,1.693,0.0,82836.3449,0.0,2334.5551,0.0,0
sz159915-simple_60_close_breakout-fee0.001,2024-07-23,82836.3449,0.0,0.0,1.64,0.0,82836.3449,0.0,2334.5551,0.0,0
sz159915-simple_60_close_breakout-fee0.001,2024-07-24,82836.3449,0.0,0.0,1.619,0.0,82836.3449,0.0,2334.5551,0.0,0
sz159915-simple_60_close_breakout-fee0.001,2024-07-25,82836.3449,0.0,0.0,1.614,0.0,82836.3449,0.0,2334.5551,0.0,0
sz159915-simple_60_close_breakout-fee0.001,2024-07-26,82836.3449,0.0,0.0,1.627,0.0,82836.3449,0.0,2334.5551,0.0,0
sz159915-simple_60_close_breakout-fee0.001,2024-07-27,82836.3449,0.0,0.0,1.627,0.0,82836.3449,0.0,2334.5551,0.0,1
sz159915-simple_60_close_breakout-fee0.001,2024-07-28,82836.3449,0.0,0.0,1.627,0.0,82836.3449,0.0,2334.5551,0.0,2
sz159915-simple_60_close_breakout-fee0.001,2024-07-29,82836.3449,0.0,0.0,1.604,0.0,82836.3449,0.0,2334.5551,0.0,0
sz159915-simple_60_close_breakout-fee0.001,2024-07-30,82836.3449,0.0,0.0,1.601,0.0,82836.3449,0.0,2334.5551,0.0,0
sz159915-simple_60_close_breakout-fee0.001,2024-07-31,82836.3449,0.0,0.0,1.658,0.0,82836.3449,0.0,2334.5551,0.0,0
sz159915-simple_60_close_breakout-fee0.001,2024-08-01,82836.3449,0.0,0.0,1.636,0.0,82836.3449,0.0,2334.5551,0.0,0
sz159915-simple_60_close_breakout-fee0.001,2024-08-02,82836.3449,0.0,0.0,1.609,0.0,82836.3449,0.0,2334.5551,0.0,0
sz159915-simple_60_close_breakout-fee0.001,2024-08-03,82836.3449,0.0,0.0,1.609,0.0,82836.3449,0.0,2334.5551,0.0,1
sz159915-simple_60_close_breakout-fee0.001,2024-08-04,82836.3449,0.0,0.0,1.609,0.0,82836.3449,0.0,2334.5551,0.0,2
sz159915-simple_60_close_breakout-fee0.001,2024-08-05,82836.3449,0.0,0.0,1.576,0.0,82836.3449,0.0,2334.5551,0.0,0
sz159915-simple_60_close_breakout-fee0.001,2024-08-06,82836.3449,0.0,0.0,1.597,0.0,82836.3449,0.0,2334.5551,0.0,0
sz159915-simple_60_close_breakout-fee0.001,2024-08-07,82836.3449,0.0,0.0,1.589,0.0,82836.3449,0.0,2334.5551,0.0,0
sz159915-simple_60_close_breakout-fee0.001,2024-08-08,82836.3449,0.0,0.0,1.582,0.0,82836.3449,0.0,2334.5551,0.0,0
sz159915-simple_60_close_breakout-fee0.001,2024-08-09,82836.3449,0.0,0.0,1.566,0.0,82836.3449,0.0,2334.5551,0.0,0
sz159915-simple_60_close_breakout-fee0.001,2024-08-10,82836.3449,0.0,0.0,1.566,0.0,82836.3449,0.0,2334.5551,0.0,1
sz159915-simple_60_close_breakout-fee0.001,2024-08-11,82836.3449,0.0,0.0,1.566,0.0,82836.3449,0.0,2334.5551,0.0,2
sz159915-simple_60_close_breakout-fee0.001,2024-08-12,82836.3449,0.0,0.0,1.563,0.0,82836.3449,0.0,2334.5551,0.0,0
sz159915-simple_60_close_breakout-fee0.001,2024-08-13,82836.3449,0.0,0.0,1.578,0.0,82836.3449,0.0,2334.5551,0.0,0
sz159915-simple_60_close_breakout-fee0.001,2024-08-14,82836.3449,0.0,0.0,1.555,0.0,82836.3449,0.0,2334.5551,0.0,0
sz159915-simple_60_close_breakout-fee0.001,2024-08-15,82836.3449,0.0,0.0,1.565,0.0,82836.3449,0.0,2334.5551,0.0,0
sz159915-simple_60_close_breakout-fee0.001,2024-08-16,82836.3449,0.0,0.0,1.561,0.0,82836.3449,0.0,2334.5551,0.0,0
sz159915-simple_60_close_breakout-fee0.001,2024-08-17,82836.3449,0.0,0.0,1.561,0.0,82836.3449,0.0,2334.5551,0.0,1
sz159915-simple_60_close_breakout-fee0.001,2024-08-18,82836.3449,0.0,0.0,1.561,0.0,82836.3449,0.0,2334.5551,0.0,2
sz159915-simple_60_close_breakout-fee0.001,2024-08-19,82836.3449,0.0,0.0,1.559,0.0,82836.3449,0.0,2334.5551,0.0,0
sz159915-simple_60_close_breakout-fee0.001,2024-08-20,82836.3449,0.0,0.0,1.539,0.0,82836.3449,0.0,2334.5551,0.0,0
sz159915-simple_60_close_breakout-fee0.001,2024-08-21,82836.3449,0.0,0.0,1.529,0.0,82836.3449,0.0,2334.5551,0.0,0
sz159915-simple_60_close_breakout-fee0.001,2024-08-22,82836.3449,0.0,0.0,1.516,0.0,82836.3449,0.0,2334.5551,0.0,0
sz159915-simple_60_close_breakout-fee0.001,2024-08-23,82836.3449,0.0,0.0,1.517,0.0,82836.3449,0.0,2334.5551,0.0,0
sz159915-simple_60_close_breakout-fee0.001,2024-08-24,82836.3449,0.0,0.0,1.517,0.0,82836.3449,0.0,2334.5551,0.0,1
sz159915-simple_60_close_breakout-fee0.001,2024-08-25,82836.3449,0.0,0.0,1.517,0.0,82836.3449,0.0,2334.5551,0.0,2
sz159915-simple_60_close_breakout-fee0.001,2024-08-26,82836.3449,0.0,0.0,1.515,0.0,82836.3449,0.0,2334.5551,0.0,0
sz159915-simple_60_close_breakout-fee0.001,2024-08-27,82836.3449,0.0,0.0,1.5,0.0,82836.3449,0.0,2334.5551,0.0,0
sz159915-simple_60_close_breakout-fee0.001,2024-08-28,82836.3449,0.0,0.0,1.501,0.0,82836.3449,0.0,2334.5551,0.0,0
sz159915-simple_60_close_breakout-fee0.001,2024-08-29,82836.3449,0.0,0.0,1.513,0.0,82836.3449,0.0,2334.5551,0.0,0
sz159915-simple_60_close_breakout-fee0.001,2024-08-30,82836.3449,0.0,0.0,1.552,0.0,82836.3449,0.0,2334.5551,0.0,0
sz159915-simple_60_close_breakout-fee0.001,2024-08-31,82836.3449,0.0,0.0,1.552,0.0,82836.3449,0.0,2334.5551,0.0,1
sz159915-simple_60_close_breakout-fee0.001,2024-09-01,82836.3449,0.0,0.0,1.552,0.0,82836.3449,0.0,2334.5551,0.0,2
sz159915-simple_60_close_breakout-fee0.001,2024-09-02,82836.3449,0.0,0.0,1.507,0.0,82836.3449,0.0,2334.5551,0.0,0
sz159915-simple_60_close_breakout-fee0.001,2024-09-03,82836.3449,0.0,0.0,1.525,0.0,82836.3449,0.0,2334.5551,0.0,0
sz159915-simple_60_close_breakout-fee0.001,2024-09-04,82836.3449,0.0,0.0,1.525,0.0,82836.3449,0.0,2334.5551,0.0,0
sz159915-simple_60_close_breakout-fee0.001,2024-09-05,82836.3449,0.0,0.0,1.536,0.0,82836.3449,0.0,2334.5551,0.0,0
sz159915-simple_60_close_breakout-fee0.001,2024-09-06,82836.3449,0.0,0.0,1.508,0.0,82836.3449,0.0,2334.5551,0.0,0
sz159915-simple_60_close_breakout-fee0.001,2024-09-07,82836.3449,0.0,0.0,1.508,0.0,82836.3449,0.0,2334.5551,0.0,1
sz159915-simple_60_close_breakout-fee0.001,2024-09-08,82836.3449,0.0,0.0,1.508,0.0,82836.3449,0.0,2334.5551,0.0,2
sz159915-simple_60_close_breakout-fee0.001,2024-09-09,82836.3449,0.0,0.0,1.513,0.0,82836.3449,0.0,2334.5551,0.0,0
sz159915-simple_60_close_breakout-fee0.001,2024-09-10,82836.3449,0.0,0.0,1.512,0.0,82836.3449,0.0,2334.5551,0.0,0
sz159915-simple_60_close_breakout-fee0.001,2024-09-11,82836.3449,0.0,0.0,1.528,0.0,82836.3449,0.0,2334.5551,0.0,0
sz159915-simple_60_close_breakout-fee0.001,2024-09-12,82836.3449,0.0,0.0,1.525,0.0,82836.3449,0.0,2334.5551,0.0,0
sz159915-simple_60_close_breakout-fee0.001,2024-09-13,82836.3449,0.0,0.0,1.509,0.0,82836.3449,0.0,2334.5551,0.0,0
sz159915-simple_60_close_breakout-fee0.001,2024-09-14,82836.3449,0.0,0.0,1.509,0.0,82836.3449,0.0,2334.5551,0.0,1
sz159915-simple_60_close_breakout-fee0.001,2024-09-15,82836.3449,0.0,0.0,1.509,0.0,82836.3449,0.0,2334.5551,0.0,2
sz159915-simple_60_close_breakout-fee0.001,2024-09-16,82836.3449,0.0,0.0,1.509,0.0,82836.3449,0.0,2334.5551,0.0,3
sz159915-simple_60_close_breakout-fee0.001,2024-09-17,82836.3449,0.0,0.0,1.509,0.0,82836.3449,0.0,2334.5551,0.0,4
sz159915-simple_60_close_breakout-fee0.001,2024-09-18,82836.3449,0.0,0.0,1.504,0.0,82836.3449,0.0,2334.5551,0.0,0
sz159915-simple_60_close_breakout-fee0.001,2024-09-19,82836.3449,0.0,0.0,1.519,0.0,82836.3449,0.0,2334.5551,0.0,0
sz159915-simple_60_close_breakout-fee0.001,2024-09-20,82836.3449,0.0,0.0,1.508,0.0,82836.3449,0.0,2334.5551,0.0,0
sz159915-simple_60_close_breakout-fee0.001,2024-09-21,82836.3449,0.0,0.0,1.508,0.0,82836.3449,0.0,2334.5551,0.0,1
sz159915-simple_60_close_breakout-fee0.001,2024-09-22,82836.3449,0.0,0.0,1.508,0.0,82836.3449,0.0,2334.5551,0.0,2
sz159915-simple_60_close_breakout-fee0.001,2024-09-23,82836.3449,0.0,0.0,1.501,0.0,82836.3449,0.0,2334.5551,0.0,0
sz159915-simple_60_close_breakout-fee0.001,2024-09-24,82836.3449,0.0,0.0,1.587,0.0,82836.3449,0.0,2334.5551,0.0,0
sz159915-simple_60_close_breakout-fee0.001,2024-09-25,82836.3449,0.0,0.0,1.61,0.0,82836.3449,0.0,2334.5551,0.0,0
sz159915-simple_60_close_breakout-fee0.001,2024-09-26,82836.3449,0.0,0.0,1.686,0.0,82836.3449,0.0,2334.5551,0.0,0
sz159915-simple_60_close_breakout-fee0.001,2024-09-27,82836.3449,0.0,0.0,1.86,0.0,82836.3449,0.0,2334.5551,0.0,0
sz159915-simple_60_close_breakout-fee0.001,2024-09-28,82836.3449,0.0,0.0,1.86,0.0,82836.3449,0.0,2334.5551,0.0,1
sz159915-simple_60_close_breakout-fee0.001,2024-09-29,82836.3449,0.0,0.0,1.86,0.0,82836.3449,0.0,2334.5551,0.0,2
sz159915-simple_60_close_breakout-fee0.001,2024-09-30,153.7449,0.0,41300.0,2.232,92181.6,92335.3449,0.9983349290548867,2417.1551,0.0,0
sz159915-simple_60_close_breakout-fee0.001,2024-10-01,153.7449,0.0,41300.0,2.232,92181.6,92335.3449,0.9983349290548867,2417.1551,0.0,1
sz159915-simple_60_close_breakout-fee0.001,2024-10-02,153.7449,0.0,41300.0,2.232,92181.6,92335.3449,0.9983349290548867,2417.1551,0.0,2
sz159915-simple_60_close_breakout-fee0.001,2024-10-03,153.7449,0.0,41300.0,2.232,92181.6,92335.3449,0.9983349290548867,2417.1551,0.0,3
sz159915-simple_60_close_breakout-fee0.001,2024-10-04,153.7449,0.0,41300.0,2.232,92181.6,92335.3449,0.9983349290548867,2417.1551,0.0,4
sz159915-simple_60_close_breakout-fee0.001,2024-10-05,153.7449,0.0,41300.0,2.232,92181.6,92335.3449,0.9983349290548867,2417.1551,0.0,5
sz159915-simple_60_close_breakout-fee0.001,2024-10-06,153.7449,0.0,41300.0,2.232,92181.6,92335.3449,0.9983349290548867,2417.1551,0.0,6
sz159915-simple_60_close_breakout-fee0.001,2024-10-07,153.7449,0.0,41300.0,2.232,92181.6,92335.3449,0.9983349290548867,2417.1551,0.0,7
sz159915-simple_60_close_breakout-fee0.001,2024-10-08,153.7449,0.0,41300.0,2.678,110601.4,110755.1449,0.9986118486853246,2417.1551,0.0,0
sz159915-simple_60_close_breakout-fee0.001,2024-10-09,153.7449,0.0,41300.0,2.242,92594.6,92748.3449,0.9983423434653657,2417.1551,0.0,0
sz159915-simple_60_close_breakout-fee0.001,2024-10-10,153.7449,0.0,41300.0,2.174,89786.2,89939.9449,0.9982905826752402,2417.1551,0.0,0
sz159915-simple_60_close_breakout-fee0.001,2024-10-11,153.7449,0.0,41300.0,2.06,85078.0,85231.7449,0.9981961544940752,2417.1551,0.0,0
sz159915-simple_60_close_breakout-fee0.001,2024-10-12,153.7449,0.0,41300.0,2.06,85078.0,85231.7449,0.9981961544940752,2417.1551,0.0,1
sz159915-simple_60_close_breakout-fee0.001,2024-10-13,153.7449,0.0,41300.0,2.06,85078.0,85231.7449,0.9981961544940752,2417.1551,0.0,2
sz159915-simple_60_close_breakout-fee0.001,2024-10-14,153.7449,0.0,41300.0,2.116,87390.8,87544.5449,0.9982438094780707,2417.1551,0.0,0
sz159915-simple_60_close_breakout-fee0.001,2024-10-15,153.7449,0.0,41300.0,2.045,84458.5,84612.2449,0.9981829473951235,2417.1551,0.0,0
sz159915-simple_60_close_breakout-fee0.001,2024-10-16,153.7449,0.0,41300.0,2.0,82600.0,82753.7449,0.9981421396676877,2417.1551,0.0,0
sz159915-simple_60_close_breakout-fee0.001,2024-10-17,153.7449,0.0,41300.0,1.995,82393.5,82547.2449,0.9981374920485081,2417.1551,0.0,0
sz159915-simple_60_close_breakout-fee0.001,2024-10-18,153.7449,0.0,41300.0,2.156,89042.8,89196.5449,0.9982763357014292,2417.1551,0.0,0
sz159915-simple_60_close_breakout-fee0.001,2024-10-19,153.7449,0.0,41300.0,2.156,89042.8,89196.5449,0.9982763357014292,2417.1551,0.0,1
sz159915-simple_60_close_breakout-fee0.001,2024-10-20,153.7449,0.0,41300.0,2.156,89042.8,89196.5449,0.9982763357014292,2417.1551,0.0,2
sz159915-simple_60_close_breakout-fee0.001,2024-10-21,153.7449,0.0,41300.0,2.167,89497.1,89650.8449,0.9982850702615074,2417.1551,0.0,0
sz159915-simple_60_close_breakout-fee0.001,2024-10-22,153.7449,0.0,41300.0,2.175,89827.5,89981.2449,0.998291367271359,2417.1551,0.0,0
sz159915-simple_60_close_breakout-fee0.001,2024-10-23,153.7449,0.0,41300.0,2.162,89290.6,89444.3449,0.99828111100627,2417.1551,0.0,0
sz159915-simple_60_close_breakout-fee0.001,2024-10-24,153.7449,0.0,41300.0,2.132,88051.6,88205.3449,0.9982569661716725,2417.1551,0.0,0
sz159915-simple_60_close_breakout-fee0.001,2024-10-25,153.7449,0.0,41300.0,2.196,90694.8,90848.5449,0.9983076790038934,2417.1551,0.0,0
sz159915-simple_60_close_breakout-fee0.001,2024-10-26,153.7449,0.0,41300.0,2.196,90694.8,90848.5449,0.9983076790038934,2417.1551,0.0,1
sz159915-simple_60_close_breakout-fee0.001,2024-10-27,153.7449,0.0,41300.0,2.196,90694.8,90848.5449,0.9983076790038934,2417.1551,0.0,2
sz159915-simple_60_close_breakout-fee0.001,2024-10-28,153.7449,0.0,41300.0,2.188,90364.4,90518.1449,0.9983015018682735,2417.1551,0.0,0
sz159915-simple_60_close_breakout-fee0.001,2024-10-29,153.7449,0.0,41300.0,2.135,88175.5,88329.2449,0.9982594111364356,2417.1551,0.0,0
sz159915-simple_60_close_breakout-fee0.001,2024-10-30,153.7449,0.0,41300.0,2.111,87184.3,87338.0449,0.9982396571828916,2417.1551,0.0,0
sz159915-simple_60_close_breakout-fee0.001,2024-10-31,153.7449,0.0,41300.0,2.122,87638.6,87792.3449,0.9982487664479731,2417.1551,0.0,0
sz159915-simple_60_close_breakout-fee0.001,2024-11-01,153.7449,0.0,41300.0,2.084,86069.2,86222.9449,0.9982168911050497,2417.1551,0.0,0
sz159915-simple_60_close_breakout-fee0.001,2024-11-02,153.7449,0.0,41300.0,2.084,86069.2,86222.9449,0.9982168911050497,2417.1551,0.0,1
sz159915-simple_60_close_breakout-fee0.001,2024-11-03,153.7449,0.0,41300.0,2.084,86069.2,86222.9449,0.9982168911050497,2417.1551,0.0,2
sz159915-simple_60_close_breakout-fee0.001,2024-11-04,153.7449,0.0,41300.0,2.145,88588.5,88742.2449,0.9982675117113248,2417.1551,0.0,0
sz159915-simple_60_close_breakout-fee0.001,2024-11-05,153.7449,0.0,41300.0,2.249,92883.7,93037.4449,0.9983474943861017,2417.1551,0.0,0
sz159915-simple_60_close_breakout-fee0.001,2024-11-06,153.7449,0.0,41300.0,2.223,91809.9,91963.6449,0.9983281991468783,2417.1551,0.0,0
sz159915-simple_60_close_breakout-fee0.001,2024-11-07,153.7449,0.0,41300.0,2.306,95237.8,95391.5449,0.9983882753952547,2417.1551,0.0,0
sz159915-simple_60_close_breakout-fee0.001,2024-11-08,153.7449,0.0,41300.0,2.282,94246.6,94400.3449,0.9983713523487349,2417.1551,0.0,0
sz159915-simple_60_close_breakout-fee0.001,2024-11-09,153.7449,0.0,41300.0,2.282,94246.6,94400.3449,0.9983713523487349,2417.1551,0.0,1
sz159915-simple_60_close_breakout-fee0.001,2024-11-10,153.7449,0.0,41300.0,2.282,94246.6,94400.3449,0.9983713523487349,2417.1551,0.0,2
sz159915-simple_60_close_breakout-fee0.001,2024-11-11,153.7449,0.0,41300.0,2.349,97013.7,97167.4449,0.998417732398354,2417.1551,0.0,0
sz159915-simple_60_close_breakout-fee0.001,2024-11-12,153.7449,0.0,41300.0,2.345,96848.5,97002.2449,0.9984150377121839,2417.1551,0.0,0
sz159915-simple_60_close_breakout-fee0.001,2024-11-13,153.7449,0.0,41300.0,2.372,97963.6,98117.3449,0.9984330507500311,2417.1551,0.0,0
sz159915-simple_60_close_breakout-fee0.001,2024-11-14,153.7449,0.0,41300.0,2.288,94494.4,94648.1449,0.9983756163402628,2417.1551,0.0,0
sz159915-simple_60_close_breakout-fee0.001,2024-11-15,153.7449,0.0,41300.0,2.204,91025.2,91178.9449,0.9983138113720375,2417.1551,0.0,0
sz159915-simple_60_close_breakout-fee0.001,2024-11-16,153.7449,0.0,41300.0,2.204,91025.2,91178.9449,0.9983138113720375,2417.1551,0.0,1
sz159915-simple_60_close_breakout-fee0.001,2024-11-17,153.7449,0.0,41300.0,2.204,91025.2,91178.9449,0.9983138113720375,2417.1551,0.0,2
sz159915-simple_60_close_breakout-fee0.001,2024-11-18,153.7449,0.0,41300.0,2.149,88753.7,88907.4449,0.9982707308687937,2417.1551,0.0,0
sz159915-simple_60_close_breakout-fee0.001,2024-11-19,153.7449,0.0,41300.0,2.215,91479.5,91633.2449,0.9983221711708694,2417.1551,0.0,0
sz159915-simple_60_close_breakout-fee0.001,2024-11-20,153.7449,0.0,41300.0,2.223,91809.9,91963.6449,0.9983281991468783,2417.1551,0.0,0
sz159915-simple_60_close_breakout-fee0.001,2024-11-21,153.7449,0.0,41300.0,2.223,91809.9,91963.6449,0.9983281991468783,2417.1551,0.0,0
sz159915-simple_60_close_breakout-fee0.001,2024-11-22,153.7449,0.0,41300.0,2.136,88216.8,88370.5449,0.9982602246011498,2417.1551,0.0,0
sz159915-simple_60_close_breakout-fee0.001,2024-11-23,153.7449,0.0,41300.0,2.136,88216.8,88370.5449,0.9982602246011498,2417.1551,0.0,1
sz159915-simple_60_close_breakout-fee0.001,2024-11-24,153.7449,0.0,41300.0,2.136,88216.8,88370.5449,0.9982602246011498,2417.1551,0.0,2
sz159915-simple_60_close_breakout-fee0.001,2024-11-25,153.7449,0.0,41300.0,2.132,88051.6,88205.3449,0.9982569661716725,2417.1551,0.0,0
sz159915-simple_60_close_breakout-fee0.001,2024-11-26,153.7449,0.0,41300.0,2.109,87101.7,87255.4449,0.9982379907617662,2417.1551,0.0,0
sz159915-simple_60_close_breakout-fee0.001,2024-11-27,153.7449,0.0,41300.0,2.165,89414.5,89568.2449,0.9982834887501519,2417.1551,0.0,0
sz159915-simple_60_close_breakout-fee0.001,2024-11-28,153.7449,0.0,41300.0,2.128,87886.4,88040.1449,0.9982536955138519,2417.1551,0.0,0
sz159915-simple_60_close_breakout-fee0.001,2024-11-29,153.7449,0.0,41300.0,2.179,89992.7,90146.4449,0.9982944984666833,2417.1551,0.0,0
sz159915-simple_60_close_breakout-fee0.001,2024-11-30,153.7449,0.0,41300.0,2.179,89992.7,90146.4449,0.9982944984666833,2417.1551,0.0,1
sz159915-simple_60_close_breakout-fee0.001,2024-12-01,153.7449,0.0,41300.0,2.179,89992.7,90146.4449,0.9982944984666833,2417.1551,0.0,2
sz159915-simple_60_close_breakout-fee0.001,2024-12-02,153.7449,0.0,41300.0,2.211,91314.3,91468.0449,0.998319140852217,2417.1551,0.0,0
sz159915-simple_60_close_breakout-fee0.001,2024-12-03,153.7449,0.0,41300.0,2.198,90777.4,90931.1449,0.9983092162738182,2417.1551,0.0,0
sz159915-simple_60_close_breakout-fee0.001,2024-12-04,153.7449,0.0,41300.0,2.17,89621.0,89774.7449,0.9982874370718485,2417.1551,0.0,0
sz159915-simple_60_close_breakout-fee0.001,2024-12-05,153.7449,0.0,41300.0,2.177,89910.1,90063.8449,0.9982929343048733,2417.1551,0.0,0
sz159915-simple_60_close_breakout-fee0.001,2024-12-06,153.7449,0.0,41300.0,2.224,91851.2,92004.9449,0.9983289495997514,2417.1551,0.0,0
sz159915-simple_60_close_breakout-fee0.001,2024-12-07,153.7449,0.0,41300.0,2.224,91851.2,92004.9449,0.9983289495997514,2417.1551,0.0,1
sz159915-simple_60_close_breakout-fee0.001,2024-12-08,153.7449,0.0,41300.0,2.224,91851.2,92004.9449,0.9983289495997514,2417.1551,0.0,2
sz159915-simple_60_close_breakout-fee0.001,2024-12-09,153.7449,0.0,41300.0,2.206,91107.8,91261.5449,0.9983153375261348,2417.1551,0.0,0
sz159915-simple_60_close_breakout-fee0.001,2024-12-10,153.7449,0.0,41300.0,2.221,91727.3,91881.0449,0.9983266962171868,2417.1551,0.0,0
sz159915-simple_60_close_breakout-fee0.001,2024-12-11,153.7449,0.0,41300.0,2.218,91603.4,91757.1449,0.9983244367491212,2417.1551,0.0,0
sz159915-simple_60_close_breakout-fee0.001,2024-12-12,153.7449,0.0,41300.0,2.248,92842.4,92996.1449,0.9983467605010367,2417.1551,0.0,0
sz159915-simple_60_close_breakout-fee0.001,2024-12-13,153.7449,0.0,41300.0,2.193,90570.9,90724.6449,0.9983053678504946,2417.1551,0.0,0
sz159915-simple_60_close_breakout-fee0.001,2024-12-14,153.7449,0.0,41300.0,2.193,90570.9,90724.6449,0.9983053678504946,2417.1551,0.0,1
sz159915-simple_60_close_breakout-fee0.001,2024-12-15,153.7449,0.0,41300.0,2.193,90570.9,90724.6449,0.9983053678504946,2417.1551,0.0,2
sz159915-simple_60_close_breakout-fee0.001,2024-12-16,153.7449,0.0,41300.0,2.158,89125.4,89279.1449,0.9982779304150795,2417.1551,0.0,0
sz159915-simple_60_close_breakout-fee0.001,2024-12-17,153.7449,0.0,41300.0,2.159,89166.7,89320.4449,0.9982787266658588,2417.1551,0.0,0
sz159915-simple_60_close_breakout-fee0.001,2024-12-18,153.7449,0.0,41300.0,2.158,89125.4,89279.1449,0.9982779304150795,2417.1551,0.0,0
sz159915-simple_60_close_breakout-fee0.001,2024-12-19,153.7449,0.0,41300.0,2.171,89662.3,89816.0449,0.9982882245575255,2417.1551,0.0,0
sz159915-simple_60_close_breakout-fee0.001,2024-12-20,153.7449,0.0,41300.0,2.169,89579.7,89733.4449,0.9982866488612876,2417.1551,0.0,0
sz159915-simple_60_close_breakout-fee0.001,2024-12-21,153.7449,0.0,41300.0,2.169,89579.7,89733.4449,0.9982866488612876,2417.1551,0.0,1
sz159915-simple_60_close_breakout-fee0.001,2024-12-22,153.7449,0.0,41300.0,2.169,89579.7,89733.4449,0.9982866488612876,2417.1551,0.0,2
sz159915-simple_60_close_breakout-fee0.001,2024-12-23,153.7449,0.0,41300.0,2.147,88671.1,88824.8449,0.9982691227868387,2417.1551,0.0,0
sz159915-simple_60_close_breakout-fee0.001,2024-12-24,153.7449,0.0,41300.0,2.17,89621.0,89774.7449,0.9982874370718485,2417.1551,0.0,0
sz159915-simple_60_close_breakout-fee0.001,2024-12-25,153.7449,0.0,41300.0,2.156,89042.8,89196.5449,0.9982763357014292,2417.1551,0.0,0
sz159915-simple_60_close_breakout-fee0.001,2024-12-26,153.7449,0.0,41300.0,2.166,89455.8,89609.5449,0.9982842798702798,2417.1551,0.0,0
sz159915-simple_60_close_breakout-fee0.001,2024-12-27,153.7449,0.0,41300.0,2.163,89331.9,89485.6449,0.9982819043191585,2417.1551,0.0,0
sz159915-simple_60_close_breakout-fee0.001,2024-12-28,153.7449,0.0,41300.0,2.163,89331.9,89485.6449,0.9982819043191585,2417.1551,0.0,1
sz159915-simple_60_close_breakout-fee0.001,2024-12-29,153.7449,0.0,41300.0,2.163,89331.9,89485.6449,0.9982819043191585,2417.1551,0.0,2
sz159915-simple_60_close_breakout-fee0.001,2024-12-30,153.7449,0.0,41300.0,2.165,89414.5,89568.2449,0.9982834887501519,2417.1551,0.0,0
sz159915-simple_60_close_breakout-fee0.001,2024-12-31,153.7449,0.0,41300.0,2.102,86812.6,86966.3449,0.9982321333594417,2417.1551,0.0,0
sz159915-simple_60_close_breakout-fee0.001,2025-01-01,153.7449,0.0,41300.0,2.102,86812.6,86966.3449,0.9982321333594417,2417.1551,0.0,1
sz159915-simple_60_close_breakout-fee0.001,2025-01-02,153.7449,0.0,41300.0,2.019,83384.7,83538.4449,0.9981595910699075,2417.1551,0.0,0
sz159915-simple_60_close_breakout-fee0.001,2025-01-03,153.7449,0.0,41300.0,1.978,81691.4,81845.1449,0.9981215147191951,2417.1551,0.0,0
sz159915-simple_60_close_breakout-fee0.001,2025-01-04,153.7449,0.0,41300.0,1.978,81691.4,81845.1449,0.9981215147191951,2417.1551,0.0,1
sz159915-simple_60_close_breakout-fee0.001,2025-01-05,153.7449,0.0,41300.0,1.978,81691.4,81845.1449,0.9981215147191951,2417.1551,0.0,2
sz159915-simple_60_close_breakout-fee0.001,2025-01-06,81763.4535,0.0,0.0,1.976,0.0,81763.4535,0.0,2498.8465,0.0,0
sz159915-simple_60_close_breakout-fee0.001,2025-01-07,81763.4535,0.0,0.0,1.99,0.0,81763.4535,0.0,2498.8465,0.0,0
sz159915-simple_60_close_breakout-fee0.001,2025-01-08,81763.4535,0.0,0.0,1.968,0.0,81763.4535,0.0,2498.8465,0.0,0
sz159915-simple_60_close_breakout-fee0.001,2025-01-09,81763.4535,0.0,0.0,1.971,0.0,81763.4535,0.0,2498.8465,0.0,0
sz159915-simple_60_close_breakout-fee0.001,2025-01-10,81763.4535,0.0,0.0,1.938,0.0,81763.4535,0.0,2498.8465,0.0,0
sz159915-simple_60_close_breakout-fee0.001,2025-01-11,81763.4535,0.0,0.0,1.938,0.0,81763.4535,0.0,2498.8465,0.0,1
sz159915-simple_60_close_breakout-fee0.001,2025-01-12,81763.4535,0.0,0.0,1.938,0.0,81763.4535,0.0,2498.8465,0.0,2
sz159915-simple_60_close_breakout-fee0.001,2025-01-13,81763.4535,0.0,0.0,1.942,0.0,81763.4535,0.0,2498.8465,0.0,0
sz159915-simple_60_close_breakout-fee0.001,2025-01-14,81763.4535,0.0,0.0,2.036,0.0,81763.4535,0.0,2498.8465,0.0,0
sz159915-simple_60_close_breakout-fee0.001,2025-01-15,81763.4535,0.0,0.0,1.999,0.0,81763.4535,0.0,2498.8465,0.0,0
sz159915-simple_60_close_breakout-fee0.001,2025-01-16,81763.4535,0.0,0.0,2.01,0.0,81763.4535,0.0,2498.8465,0.0,0
sz159915-simple_60_close_breakout-fee0.001,2025-01-17,81763.4535,0.0,0.0,2.026,0.0,81763.4535,0.0,2498.8465,0.0,0
sz159915-simple_60_close_breakout-fee0.001,2025-01-18,81763.4535,0.0,0.0,2.026,0.0,81763.4535,0.0,2498.8465,0.0,1
sz159915-simple_60_close_breakout-fee0.001,2025-01-19,81763.4535,0.0,0.0,2.026,0.0,81763.4535,0.0,2498.8465,0.0,2
sz159915-simple_60_close_breakout-fee0.001,2025-01-20,81763.4535,0.0,0.0,2.062,0.0,81763.4535,0.0,2498.8465,0.0,0
sz159915-simple_60_close_breakout-fee0.001,2025-01-21,81763.4535,0.0,0.0,2.07,0.0,81763.4535,0.0,2498.8465,0.0,0
sz159915-simple_60_close_breakout-fee0.001,2025-01-22,81763.4535,0.0,0.0,2.059,0.0,81763.4535,0.0,2498.8465,0.0,0
sz159915-simple_60_close_breakout-fee0.001,2025-01-23,81763.4535,0.0,0.0,2.052,0.0,81763.4535,0.0,2498.8465,0.0,0
sz159915-simple_60_close_breakout-fee0.001,2025-01-24,81763.4535,0.0,0.0,2.084,0.0,81763.4535,0.0,2498.8465,0.0,0
sz159915-simple_60_close_breakout-fee0.001,2025-01-25,81763.4535,0.0,0.0,2.084,0.0,81763.4535,0.0,2498.8465,0.0,1
sz159915-simple_60_close_breakout-fee0.001,2025-01-26,81763.4535,0.0,0.0,2.084,0.0,81763.4535,0.0,2498.8465,0.0,2
sz159915-simple_60_close_breakout-fee0.001,2025-01-27,81763.4535,0.0,0.0,2.028,0.0,81763.4535,0.0,2498.8465,0.0,0
sz159915-simple_60_close_breakout-fee0.001,2025-01-28,81763.4535,0.0,0.0,2.028,0.0,81763.4535,0.0,2498.8465,0.0,1
sz159915-simple_60_close_breakout-fee0.001,2025-01-29,81763.4535,0.0,0.0,2.028,0.0,81763.4535,0.0,2498.8465,0.0,2
sz159915-simple_60_close_breakout-fee0.001,2025-01-30,81763.4535,0.0,0.0,2.028,0.0,81763.4535,0.0,2498.8465,0.0,3
sz159915-simple_60_close_breakout-fee0.001,2025-01-31,81763.4535,0.0,0.0,2.028,0.0,81763.4535,0.0,2498.8465,0.0,4
sz159915-simple_60_close_breakout-fee0.001,2025-02-01,81763.4535,0.0,0.0,2.028,0.0,81763.4535,0.0,2498.8465,0.0,5
sz159915-simple_60_close_breakout-fee0.001,2025-02-02,81763.4535,0.0,0.0,2.028,0.0,81763.4535,0.0,2498.8465,0.0,6
sz159915-simple_60_close_breakout-fee0.001,2025-02-03,81763.4535,0.0,0.0,2.028,0.0,81763.4535,0.0,2498.8465,0.0,7
sz159915-simple_60_close_breakout-fee0.001,2025-02-04,81763.4535,0.0,0.0,2.028,0.0,81763.4535,0.0,2498.8465,0.0,8
sz159915-simple_60_close_breakout-fee0.001,2025-02-05,81763.4535,0.0,0.0,2.024,0.0,81763.4535,0.0,2498.8465,0.0,0
sz159915-simple_60_close_breakout-fee0.001,2025-02-06,81763.4535,0.0,0.0,2.08,0.0,81763.4535,0.0,2498.8465,0.0,0
sz159915-simple_60_close_breakout-fee0.001,2025-02-07,81763.4535,0.0,0.0,2.131,0.0,81763.4535,0.0,2498.8465,0.0,0
sz159915-simple_60_close_breakout-fee0.001,2025-02-08,81763.4535,0.0,0.0,2.131,0.0,81763.4535,0.0,2498.8465,0.0,1
sz159915-simple_60_close_breakout-fee0.001,2025-02-09,81763.4535,0.0,0.0,2.131,0.0,81763.4535,0.0,2498.8465,0.0,2
sz159915-simple_60_close_breakout-fee0.001,2025-02-10,81763.4535,0.0,0.0,2.142,0.0,81763.4535,0.0,2498.8465,0.0,0
sz159915-simple_60_close_breakout-fee0.001,2025-02-11,81763.4535,0.0,0.0,2.113,0.0,81763.4535,0.0,2498.8465,0.0,0
sz159915-simple_60_close_breakout-fee0.001,2025-02-12,81763.4535,0.0,0.0,2.15,0.0,81763.4535,0.0,2498.8465,0.0,0
sz159915-simple_60_close_breakout-fee0.001,2025-02-13,81763.4535,0.0,0.0,2.135,0.0,81763.4535,0.0,2498.8465,0.0,0
sz159915-simple_60_close_breakout-fee0.001,2025-02-14,81763.4535,0.0,0.0,2.174,0.0,81763.4535,0.0,2498.8465,0.0,0
sz159915-simple_60_close_breakout-fee0.001,2025-02-15,81763.4535,0.0,0.0,2.174,0.0,81763.4535,0.0,2498.8465,0.0,1
sz159915-simple_60_close_breakout-fee0.001,2025-02-16,81763.4535,0.0,0.0,2.174,0.0,81763.4535,0.0,2498.8465,0.0,2
sz159915-simple_60_close_breakout-fee0.001,2025-02-17,81763.4535,0.0,0.0,2.182,0.0,81763.4535,0.0,2498.8465,0.0,0
sz159915-simple_60_close_breakout-fee0.001,2025-02-18,81763.4535,0.0,0.0,2.14,0.0,81763.4535,0.0,2498.8465,0.0,0
sz159915-simple_60_close_breakout-fee0.001,2025-02-19,81763.4535,0.0,0.0,2.185,0.0,81763.4535,0.0,2498.8465,0.0,0
sz159915-simple_60_close_breakout-fee0.001,2025-02-20,81763.4535,0.0,0.0,2.184,0.0,81763.4535,0.0,2498.8465,0.0,0
sz159915-simple_60_close_breakout-fee0.001,2025-02-21,81763.4535,0.0,0.0,2.239,0.0,81763.4535,0.0,2498.8465,0.0,0
sz159915-simple_60_close_breakout-fee0.001,2025-02-22,81763.4535,0.0,0.0,2.239,0.0,81763.4535,0.0,2498.8465,0.0,1
sz159915-simple_60_close_breakout-fee0.001,2025-02-23,81763.4535,0.0,0.0,2.239,0.0,81763.4535,0.0,2498.8465,0.0,2
sz159915-simple_60_close_breakout-fee0.001,2025-02-24,81763.4535,0.0,0.0,2.221,0.0,81763.4535,0.0,2498.8465,0.0,0
sz159915-simple_60_close_breakout-fee0.001,2025-02-25,81763.4535,0.0,0.0,2.197,0.0,81763.4535,0.0,2498.8465,0.0,0
sz159915-simple_60_close_breakout-fee0.001,2025-02-26,81763.4535,0.0,0.0,2.223,0.0,81763.4535,0.0,2498.8465,0.0,0
sz159915-simple_60_close_breakout-fee0.001,2025-02-27,81763.4535,0.0,0.0,2.212,0.0,81763.4535,0.0,2498.8465,0.0,0
sz159915-simple_60_close_breakout-fee0.001,2025-02-28,81763.4535,0.0,0.0,2.128,0.0,81763.4535,0.0,2498.8465,0.0,0
sz159915-simple_60_close_breakout-fee0.001,2025-03-01,81763.4535,0.0,0.0,2.128,0.0,81763.4535,0.0,2498.8465,0.0,1
sz159915-simple_60_close_breakout-fee0.001,2025-03-02,81763.4535,0.0,0.0,2.128,0.0,81763.4535,0.0,2498.8465,0.0,2
sz159915-simple_60_close_breakout-fee0.001,2025-03-03,81763.4535,0.0,0.0,2.154,0.0,81763.4535,0.0,2498.8465,0.0,0
sz159915-simple_60_close_breakout-fee0.001,2025-03-04,81763.4535,0.0,0.0,2.149,0.0,81763.4535,0.0,2498.8465,0.0,0
sz159915-simple_60_close_breakout-fee0.001,2025-03-05,81763.4535,0.0,0.0,2.149,0.0,81763.4535,0.0,2498.8465,0.0,0
sz159915-simple_60_close_breakout-fee0.001,2025-03-06,81763.4535,0.0,0.0,2.191,0.0,81763.4535,0.0,2498.8465,0.0,0
sz159915-simple_60_close_breakout-fee0.001,2025-03-07,81763.4535,0.0,0.0,2.16,0.0,81763.4535,0.0,2498.8465,0.0,0
sz159915-simple_60_close_breakout-fee0.001,2025-03-08,81763.4535,0.0,0.0,2.16,0.0,81763.4535,0.0,2498.8465,0.0,1
sz159915-simple_60_close_breakout-fee0.001,2025-03-09,81763.4535,0.0,0.0,2.16,0.0,81763.4535,0.0,2498.8465,0.0,2
sz159915-simple_60_close_breakout-fee0.001,2025-03-10,81763.4535,0.0,0.0,2.159,0.0,81763.4535,0.0,2498.8465,0.0,0
sz159915-simple_60_close_breakout-fee0.001,2025-03-11,81763.4535,0.0,0.0,2.159,0.0,81763.4535,0.0,2498.8465,0.0,0
sz159915-simple_60_close_breakout-fee0.001,2025-03-12,81763.4535,0.0,0.0,2.149,0.0,81763.4535,0.0,2498.8465,0.0,0
sz159915-simple_60_close_breakout-fee0.001,2025-03-13,81763.4535,0.0,0.0,2.125,0.0,81763.4535,0.0,2498.8465,0.0,0
sz159915-simple_60_close_breakout-fee0.001,2025-03-14,81763.4535,0.0,0.0,2.186,0.0,81763.4535,0.0,2498.8465,0.0,0
sz159915-simple_60_close_breakout-fee0.001,2025-03-15,81763.4535,0.0,0.0,2.186,0.0,81763.4535,0.0,2498.8465,0.0,1
sz159915-simple_60_close_breakout-fee0.001,2025-03-16,81763.4535,0.0,0.0,2.186,0.0,81763.4535,0.0,2498.8465,0.0,2
sz159915-simple_60_close_breakout-fee0.001,2025-03-17,81763.4535,0.0,0.0,2.173,0.0,81763.4535,0.0,2498.8465,0.0,0
sz159915-simple_60_close_breakout-fee0.001,2025-03-18,81763.4535,0.0,0.0,2.185,0.0,81763.4535,0.0,2498.8465,0.0,0
sz159915-simple_60_close_breakout-fee0.001,2025-03-19,81763.4535,0.0,0.0,2.178,0.0,81763.4535,0.0,2498.8465,0.0,0
sz159915-simple_60_close_breakout-fee0.001,2025-03-20,81763.4535,0.0,0.0,2.158,0.0,81763.4535,0.0,2498.8465,0.0,0
sz159915-simple_60_close_breakout-fee0.001,2025-03-21,81763.4535,0.0,0.0,2.112,0.0,81763.4535,0.0,2498.8465,0.0,0
sz159915-simple_60_close_breakout-fee0.001,2025-03-22,81763.4535,0.0,0.0,2.112,0.0,81763.4535,0.0,2498.8465,0.0,1
sz159915-simple_60_close_breakout-fee0.001,2025-03-23,81763.4535,0.0,0.0,2.112,0.0,81763.4535,0.0,2498.8465,0.0,2
sz159915-simple_60_close_breakout-fee0.001,2025-03-24,81763.4535,0.0,0.0,2.112,0.0,81763.4535,0.0,2498.8465,0.0,0
sz159915-simple_60_close_breakout-fee0.001,2025-03-25,81763.4535,0.0,0.0,2.105,0.0,81763.4535,0.0,2498.8465,0.0,0
sz159915-simple_60_close_breakout-fee0.001,2025-03-26,81763.4535,0.0,0.0,2.098,0.0,81763.4535,0.0,2498.8465,0.0,0
sz159915-simple_60_close_breakout-fee0.001,2025-03-27,81763.4535,0.0,0.0,2.103,0.0,81763.4535,0.0,2498.8465,0.0,0
sz159915-simple_60_close_breakout-fee0.001,2025-03-28,81763.4535,0.0,0.0,2.089,0.0,81763.4535,0.0,2498.8465,0.0,0
sz159915-simple_60_close_breakout-fee0.001,2025-03-29,81763.4535,0.0,0.0,2.089,0.0,81763.4535,0.0,2498.8465,0.0,1
sz159915-simple_60_close_breakout-fee0.001,2025-03-30,81763.4535,0.0,0.0,2.089,0.0,81763.4535,0.0,2498.8465,0.0,2
sz159915-simple_60_close_breakout-fee0.001,2025-03-31,81763.4535,0.0,0.0,2.064,0.0,81763.4535,0.0,2498.8465,0.0,0
sz159915-simple_60_close_breakout-fee0.001,2025-04-01,81763.4535,0.0,0.0,2.062,0.0,81763.4535,0.0,2498.8465,0.0,0
sz159915-simple_60_close_breakout-fee0.001,2025-04-02,81763.4535,0.0,0.0,2.064,0.0,81763.4535,0.0,2498.8465,0.0,0
sz159915-simple_60_close_breakout-fee0.001,2025-04-03,81763.4535,0.0,0.0,2.027,0.0,81763.4535,0.0,2498.8465,0.0,0
sz159915-simple_60_close_breakout-fee0.001,2025-04-04,81763.4535,0.0,0.0,2.027,0.0,81763.4535,0.0,2498.8465,0.0,1
sz159915-simple_60_close_breakout-fee0.001,2025-04-05,81763.4535,0.0,0.0,2.027,0.0,81763.4535,0.0,2498.8465,0.0,2
sz159915-simple_60_close_breakout-fee0.001,2025-04-06,81763.4535,0.0,0.0,2.027,0.0,81763.4535,0.0,2498.8465,0.0,3
sz159915-simple_60_close_breakout-fee0.001,2025-04-07,81763.4535,0.0,0.0,1.775,0.0,81763.4535,0.0,2498.8465,0.0,0
sz159915-simple_60_close_breakout-fee0.001,2025-04-08,81763.4535,0.0,0.0,1.804,0.0,81763.4535,0.0,2498.8465,0.0,0
sz159915-simple_60_close_breakout-fee0.001,2025-04-09,81763.4535,0.0,0.0,1.823,0.0,81763.4535,0.0,2498.8465,0.0,0
sz159915-simple_60_close_breakout-fee0.001,2025-04-10,81763.4535,0.0,0.0,1.863,0.0,81763.4535,0.0,2498.8465,0.0,0
sz159915-simple_60_close_breakout-fee0.001,2025-04-11,81763.4535,0.0,0.0,1.892,0.0,81763.4535,0.0,2498.8465,0.0,0
sz159915-simple_60_close_breakout-fee0.001,2025-04-12,81763.4535,0.0,0.0,1.892,0.0,81763.4535,0.0,2498.8465,0.0,1
sz159915-simple_60_close_breakout-fee0.001,2025-04-13,81763.4535,0.0,0.0,1.892,0.0,81763.4535,0.0,2498.8465,0.0,2
sz159915-simple_60_close_breakout-fee0.001,2025-04-14,81763.4535,0.0,0.0,1.895,0.0,81763.4535,0.0,2498.8465,0.0,0
sz159915-simple_60_close_breakout-fee0.001,2025-04-15,81763.4535,0.0,0.0,1.893,0.0,81763.4535,0.0,2498.8465,0.0,0
sz159915-simple_60_close_breakout-fee0.001,2025-04-16,81763.4535,0.0,0.0,1.87,0.0,81763.4535,0.0,2498.8465,0.0,0
sz159915-simple_60_close_breakout-fee0.001,2025-04-17,81763.4535,0.0,0.0,1.873,0.0,81763.4535,0.0,2498.8465,0.0,0
sz159915-simple_60_close_breakout-fee0.001,2025-04-18,81763.4535,0.0,0.0,1.878,0.0,81763.4535,0.0,2498.8465,0.0,0
sz159915-simple_60_close_breakout-fee0.001,2025-04-19,81763.4535,0.0,0.0,1.878,0.0,81763.4535,0.0,2498.8465,0.0,1
sz159915-simple_60_close_breakout-fee0.001,2025-04-20,81763.4535,0.0,0.0,1.878,0.0,81763.4535,0.0,2498.8465,0.0,2
sz159915-simple_60_close_breakout-fee0.001,2025-04-21,81763.4535,0.0,0.0,1.908,0.0,81763.4535,0.0,2498.8465,0.0,0
sz159915-simple_60_close_breakout-fee0.001,2025-04-22,81763.4535,0.0,0.0,1.899,0.0,81763.4535,0.0,2498.8465,0.0,0
sz159915-simple_60_close_breakout-fee0.001,2025-04-23,81763.4535,0.0,0.0,1.919,0.0,81763.4535,0.0,2498.8465,0.0,0
sz159915-simple_60_close_breakout-fee0.001,2025-04-24,81763.4535,0.0,0.0,1.907,0.0,81763.4535,0.0,2498.8465,0.0,0
sz159915-simple_60_close_breakout-fee0.001,2025-04-25,81763.4535,0.0,0.0,1.92,0.0,81763.4535,0.0,2498.8465,0.0,0
sz159915-simple_60_close_breakout-fee0.001,2025-04-26,81763.4535,0.0,0.0,1.92,0.0,81763.4535,0.0,2498.8465,0.0,1
sz159915-simple_60_close_breakout-fee0.001,2025-04-27,81763.4535,0.0,0.0,1.92,0.0,81763.4535,0.0,2498.8465,0.0,2
sz159915-simple_60_close_breakout-fee0.001,2025-04-28,81763.4535,0.0,0.0,1.906,0.0,81763.4535,0.0,2498.8465,0.0,0
sz159915-simple_60_close_breakout-fee0.001,2025-04-29,81763.4535,0.0,0.0,1.903,0.0,81763.4535,0.0,2498.8465,0.0,0
sz159915-simple_60_close_breakout-fee0.001,2025-04-30,81763.4535,0.0,0.0,1.921,0.0,81763.4535,0.0,2498.8465,0.0,0
sz159915-simple_60_close_breakout-fee0.001,2025-05-01,81763.4535,0.0,0.0,1.921,0.0,81763.4535,0.0,2498.8465,0.0,1
sz159915-simple_60_close_breakout-fee0.001,2025-05-02,81763.4535,0.0,0.0,1.921,0.0,81763.4535,0.0,2498.8465,0.0,2
sz159915-simple_60_close_breakout-fee0.001,2025-05-03,81763.4535,0.0,0.0,1.921,0.0,81763.4535,0.0,2498.8465,0.0,3
sz159915-simple_60_close_breakout-fee0.001,2025-05-04,81763.4535,0.0,0.0,1.921,0.0,81763.4535,0.0,2498.8465,0.0,4
sz159915-simple_60_close_breakout-fee0.001,2025-05-05,81763.4535,0.0,0.0,1.921,0.0,81763.4535,0.0,2498.8465,0.0,5
sz159915-simple_60_close_breakout-fee0.001,2025-05-06,81763.4535,0.0,0.0,1.958,0.0,81763.4535,0.0,2498.8465,0.0,0
sz159915-simple_60_close_breakout-fee0.001,2025-05-07,81763.4535,0.0,0.0,1.967,0.0,81763.4535,0.0,2498.8465,0.0,0
sz159915-simple_60_close_breakout-fee0.001,2025-05-08,81763.4535,0.0,0.0,2.001,0.0,81763.4535,0.0,2498.8465,0.0,0
sz159915-simple_60_close_breakout-fee0.001,2025-05-09,81763.4535,0.0,0.0,1.984,0.0,81763.4535,0.0,2498.8465,0.0,0
sz159915-simple_60_close_breakout-fee0.001,2025-05-10,81763.4535,0.0,0.0,1.984,0.0,81763.4535,0.0,2498.8465,0.0,1
sz159915-simple_60_close_breakout-fee0.001,2025-05-11,81763.4535,0.0,0.0,1.984,0.0,81763.4535,0.0,2498.8465,0.0,2
sz159915-simple_60_close_breakout-fee0.001,2025-05-12,81763.4535,0.0,0.0,2.037,0.0,81763.4535,0.0,2498.8465,0.0,0
sz159915-simple_60_close_breakout-fee0.001,2025-05-13,81763.4535,0.0,0.0,2.03,0.0,81763.4535,0.0,2498.8465,0.0,0
sz159915-simple_60_close_breakout-fee0.001,2025-05-14,81763.4535,0.0,0.0,2.054,0.0,81763.4535,0.0,2498.8465,0.0,0
sz159915-simple_60_close_breakout-fee0.001,2025-05-15,81763.4535,0.0,0.0,2.012,0.0,81763.4535,0.0,2498.8465,0.0,0
sz159915-simple_60_close_breakout-fee0.001,2025-05-16,81763.4535,0.0,0.0,2.008,0.0,81763.4535,0.0,2498.8465,0.0,0
sz159915-simple_60_close_breakout-fee0.001,2025-05-17,81763.4535,0.0,0.0,2.008,0.0,81763.4535,0.0,2498.8465,0.0,1
sz159915-simple_60_close_breakout-fee0.001,2025-05-18,81763.4535,0.0,0.0,2.008,0.0,81763.4535,0.0,2498.8465,0.0,2
sz159915-simple_60_close_breakout-fee0.001,2025-05-19,81763.4535,0.0,0.0,2.002,0.0,81763.4535,0.0,2498.8465,0.0,0
sz159915-simple_60_close_breakout-fee0.001,2025-05-20,81763.4535,0.0,0.0,2.018,0.0,81763.4535,0.0,2498.8465,0.0,0
sz159915-simple_60_close_breakout-fee0.001,2025-05-21,81763.4535,0.0,0.0,2.034,0.0,81763.4535,0.0,2498.8465,0.0,0
sz159915-simple_60_close_breakout-fee0.001,2025-05-22,81763.4535,0.0,0.0,2.016,0.0,81763.4535,0.0,2498.8465,0.0,0
sz159915-simple_60_close_breakout-fee0.001,2025-05-23,81763.4535,0.0,0.0,1.994,0.0,81763.4535,0.0,2498.8465,0.0,0
sz159915-simple_60_close_breakout-fee0.001,2025-05-24,81763.4535,0.0,0.0,1.994,0.0,81763.4535,0.0,2498.8465,0.0,1
sz159915-simple_60_close_breakout-fee0.001,2025-05-25,81763.4535,0.0,0.0,1.994,0.0,81763.4535,0.0,2498.8465,0.0,2
sz159915-simple_60_close_breakout-fee0.001,2025-05-26,81763.4535,0.0,0.0,1.977,0.0,81763.4535,0.0,2498.8465,0.0,0
sz159915-simple_60_close_breakout-fee0.001,2025-05-27,81763.4535,0.0,0.0,1.967,0.0,81763.4535,0.0,2498.8465,0.0,0
sz159915-simple_60_close_breakout-fee0.001,2025-05-28,81763.4535,0.0,0.0,1.959,0.0,81763.4535,0.0,2498.8465,0.0,0
sz159915-simple_60_close_breakout-fee0.001,2025-05-29,81763.4535,0.0,0.0,1.989,0.0,81763.4535,0.0,2498.8465,0.0,0
sz159915-simple_60_close_breakout-fee0.001,2025-05-30,81763.4535,0.0,0.0,1.972,0.0,81763.4535,0.0,2498.8465,0.0,0
sz159915-simple_60_close_breakout-fee0.001,2025-05-31,81763.4535,0.0,0.0,1.972,0.0,81763.4535,0.0,2498.8465,0.0,1
sz159915-simple_60_close_breakout-fee0.001,2025-06-01,81763.4535,0.0,0.0,1.972,0.0,81763.4535,0.0,2498.8465,0.0,2
sz159915-simple_60_close_breakout-fee0.001,2025-06-02,81763.4535,0.0,0.0,1.972,0.0,81763.4535,0.0,2498.8465,0.0,3
sz159915-simple_60_close_breakout-fee0.001,2025-06-03,81763.4535,0.0,0.0,1.977,0.0,81763.4535,0.0,2498.8465,0.0,0
sz159915-simple_60_close_breakout-fee0.001,2025-06-04,81763.4535,0.0,0.0,2.0,0.0,81763.4535,0.0,2498.8465,0.0,0
sz159915-simple_60_close_breakout-fee0.001,2025-06-05,81763.4535,0.0,0.0,2.023,0.0,81763.4535,0.0,2498.8465,0.0,0
sz159915-simple_60_close_breakout-fee0.001,2025-06-06,81763.4535,0.0,0.0,2.017,0.0,81763.4535,0.0,2498.8465,0.0,0
sz159915-simple_60_close_breakout-fee0.001,2025-06-07,81763.4535,0.0,0.0,2.017,0.0,81763.4535,0.0,2498.8465,0.0,1
sz159915-simple_60_close_breakout-fee0.001,2025-06-08,81763.4535,0.0,0.0,2.017,0.0,81763.4535,0.0,2498.8465,0.0,2
sz159915-simple_60_close_breakout-fee0.001,2025-06-09,81763.4535,0.0,0.0,2.034,0.0,81763.4535,0.0,2498.8465,0.0,0
sz159915-simple_60_close_breakout-fee0.001,2025-06-10,81763.4535,0.0,0.0,2.012,0.0,81763.4535,0.0,2498.8465,0.0,0
sz159915-simple_60_close_breakout-fee0.001,2025-06-11,81763.4535,0.0,0.0,2.038,0.0,81763.4535,0.0,2498.8465,0.0,0
sz159915-simple_60_close_breakout-fee0.001,2025-06-12,81763.4535,0.0,0.0,2.04,0.0,81763.4535,0.0,2498.8465,0.0,0
sz159915-simple_60_close_breakout-fee0.001,2025-06-13,81763.4535,0.0,0.0,2.02,0.0,81763.4535,0.0,2498.8465,0.0,0
sz159915-simple_60_close_breakout-fee0.001,2025-06-14,81763.4535,0.0,0.0,2.02,0.0,81763.4535,0.0,2498.8465,0.0,1
sz159915-simple_60_close_breakout-fee0.001,2025-06-15,81763.4535,0.0,0.0,2.02,0.0,81763.4535,0.0,2498.8465,0.0,2
sz159915-simple_60_close_breakout-fee0.001,2025-06-16,81763.4535,0.0,0.0,2.037,0.0,81763.4535,0.0,2498.8465,0.0,0
sz159915-simple_60_close_breakout-fee0.001,2025-06-17,81763.4535,0.0,0.0,2.028,0.0,81763.4535,0.0,2498.8465,0.0,0
sz159915-simple_60_close_breakout-fee0.001,2025-06-18,81763.4535,0.0,0.0,2.034,0.0,81763.4535,0.0,2498.8465,0.0,0
sz159915-simple_60_close_breakout-fee0.001,2025-06-19,81763.4535,0.0,0.0,2.005,0.0,81763.4535,0.0,2498.8465,0.0,0
sz159915-simple_60_close_breakout-fee0.001,2025-06-20,81763.4535,0.0,0.0,1.988,0.0,81763.4535,0.0,2498.8465,0.0,0
sz159915-simple_60_close_breakout-fee0.001,2025-06-21,81763.4535,0.0,0.0,1.988,0.0,81763.4535,0.0,2498.8465,0.0,1
sz159915-simple_60_close_breakout-fee0.001,2025-06-22,81763.4535,0.0,0.0,1.988,0.0,81763.4535,0.0,2498.8465,0.0,2
sz159915-simple_60_close_breakout-fee0.001,2025-06-23,81763.4535,0.0,0.0,1.998,0.0,81763.4535,0.0,2498.8465,0.0,0
sz159915-simple_60_close_breakout-fee0.001,2025-06-24,81763.4535,0.0,0.0,2.044,0.0,81763.4535,0.0,2498.8465,0.0,0
sz159915-simple_60_close_breakout-fee0.001,2025-06-25,81763.4535,0.0,0.0,2.109,0.0,81763.4535,0.0,2498.8465,0.0,0
sz159915-simple_60_close_breakout-fee0.001,2025-06-26,63.5352,0.0,38700.0,2.093,80999.1,81062.6352,0.9992162208908797,2580.4648,0.0,0
sz159915-simple_60_close_breakout-fee0.001,2025-06-27,63.5352,0.0,38700.0,2.101,81308.7,81372.2352,0.9992192029646987,2580.4648,0.0,0
sz159915-simple_60_close_breakout-fee0.001,2025-06-28,63.5352,0.0,38700.0,2.101,81308.7,81372.2352,0.9992192029646987,2580.4648,0.0,1
sz159915-simple_60_close_breakout-fee0.001,2025-06-29,63.5352,0.0,38700.0,2.101,81308.7,81372.2352,0.9992192029646987,2580.4648,0.0,2
sz159915-simple_60_close_breakout-fee0.001,2025-06-30,63.5352,0.0,38700.0,2.133,82547.1,82610.6352,0.9992309077415252,2580.4648,0.0,0
sz159915-simple_60_close_breakout-fee0.001,2025-07-01,63.5352,0.0,38700.0,2.126,82276.2,82339.7352,0.9992283774067808,2580.4648,0.0,0
sz159915-simple_60_close_breakout-fee0.001,2025-07-02,63.5352,0.0,38700.0,2.104,81424.8,81488.3352,0.9992203154004304,2580.4648,0.0,0
sz159915-simple_60_close_breakout-fee0.001,2025-07-03,63.5352,0.0,38700.0,2.141,82856.7,82920.2352,0.9992337793079487,2580.4648,0.0,0
sz159915-simple_60_close_breakout-fee0.001,2025-07-04,63.5352,0.0,38700.0,2.133,82547.1,82610.6352,0.9992309077415252,2580.4648,0.0,0
sz159915-simple_60_close_breakout-fee0.001,2025-07-05,63.5352,0.0,38700.0,2.133,82547.1,82610.6352,0.9992309077415252,2580.4648,0.0,1
sz159915-simple_60_close_breakout-fee0.001,2025-07-06,63.5352,0.0,38700.0,2.133,82547.1,82610.6352,0.9992309077415252,2580.4648,0.0,2
sz159915-simple_60_close_breakout-fee0.001,2025-07-07,63.5352,0.0,38700.0,2.11,81657.0,81720.5352,0.9992225307892991,2580.4648,0.0,0
sz159915-simple_60_close_breakout-fee0.001,2025-07-08,63.5352,0.0,38700.0,2.159,83553.3,83616.8352,0.9992401625839099,2580.4648,0.0,0
sz159915-simple_60_close_breakout-fee0.001,2025-07-09,63.5352,0.0,38700.0,2.163,83708.1,83771.6352,0.9992415666729161,2580.4648,0.0,0
sz159915-simple_60_close_breakout-fee0.001,2025-07-10,63.5352,0.0,38700.0,2.169,83940.3,84003.8352,0.9992436631036103,2580.4648,0.0,0
sz159915-simple_60_close_breakout-fee0.001,2025-07-11,63.5352,0.0,38700.0,2.185,84559.5,84623.0352,0.9992491973391189,2580.4648,0.0,0
sz159915-simple_60_close_breakout-fee0.001,2025-07-12,63.5352,0.0,38700.0,2.185,84559.5,84623.0352,0.9992491973391189,2580.4648,0.0,1
sz159915-simple_60_close_breakout-fee0.001,2025-07-13,63.5352,0.0,38700.0,2.185,84559.5,84623.0352,0.9992491973391189,2580.4648,0.0,2
sz159915-simple_60_close_breakout-fee0.001,2025-07-14,63.5352,0.0,38700.0,2.177,84249.9,84313.4352,0.999246440382256,2580.4648,0.0,0
sz159915-simple_60_close_breakout-fee0.001,2025-07-15,63.5352,0.0,38700.0,2.212,85604.4,85667.9352,0.9992583549509899,2580.4648,0.0,0
sz159915-simple_60_close_breakout-fee0.001,2025-07-16,63.5352,0.0,38700.0,2.206,85372.2,85435.7352,0.9992563392841266,2580.4648,0.0,0
sz159915-simple_60_close_breakout-fee0.001,2025-07-17,63.5352,0.0,38700.0,2.247,86958.9,87022.4352,0.9992698986203503,2580.4648,0.0,0
sz159915-simple_60_close_breakout-fee0.001,2025-07-18,63.5352,0.0,38700.0,2.252,87152.4,87215.9352,0.9992715184460924,2580.4648,0.0,0
sz159915-simple_60_close_breakout-fee0.001,2025-07-19,63.5352,0.0,38700.0,2.252,87152.4,87215.9352,0.9992715184460924,2580.4648,0.0,1
sz159915-simple_60_close_breakout-fee0.001,2025-07-20,63.5352,0.0,38700.0,2.252,87152.4,87215.9352,0.9992715184460924,2580.4648,0.0,2
sz159915-simple_60_close_breakout-fee0.001,2025-07-21,63.5352,0.0,38700.0,2.275,88042.5,88106.0352,0.9992788780035808,2580.4648,0.0,0
sz159915-simple_60_close_breakout-fee0.001,2025-07-22,63.5352,0.0,38700.0,2.289,88584.3,88647.8352,0.9992832853745762,2580.4648,0.0,0
sz159915-simple_60_close_breakout-fee0.001,2025-07-23,63.5352,0.0,38700.0,2.287,88506.9,88570.4352,0.9992826590514483,2580.4648,0.0,0
sz159915-simple_60_close_breakout-fee0.001,2025-07-24,63.5352,0.0,38700.0,2.325,89977.5,90041.0352,0.9992943750606723,2580.4648,0.0,0
sz159915-simple_60_close_breakout-fee0.001,2025-07-25,63.5352,0.0,38700.0,2.318,89706.6,89770.1352,0.9992922456910814,2580.4648,0.0,0
sz159915-simple_60_close_breakout-fee0.001,2025-07-26,63.5352,0.0,38700.0,2.318,89706.6,89770.1352,0.9992922456910814,2580.4648,0.0,1
sz159915-simple_60_close_breakout-fee0.001,2025-07-27,63.5352,0.0,38700.0,2.318,89706.6,89770.1352,0.9992922456910814,2580.4648,0.0,2
sz159915-simple_60_close_breakout-fee0.001,2025-07-28,63.5352,0.0,38700.0,2.342,90635.4,90698.9352,0.9992994934299957,2580.4648,0.0,0
sz159915-simple_60_close_breakout-fee0.001,2025-07-29,63.5352,0.0,38700.0,2.383,92222.1,92285.6352,0.9993115374905064,2580.4648,0.0,0
sz159915-simple_60_close_breakout-fee0.001,2025-07-30,63.5352,0.0,38700.0,2.345,90751.5,90815.0352,0.999300388973477,2580.4648,0.0,0
sz159915-simple_60_close_breakout-fee0.001,2025-07-31,63.5352,0.0,38700.0,2.301,89048.7,89112.2352,0.9992870204651763,2580.4648,0.0,0
sz159915-simple_60_close_breakout-fee0.001,2025-08-01,63.5352,0.0,38700.0,2.303,89126.1,89189.6352,0.9992876391986857,2580.4648,0.0,0
sz159915-simple_60_close_breakout-fee0.001,2025-08-02,63.5352,0.0,38700.0,2.303,89126.1,89189.6352,0.9992876391986857,2580.4648,0.0,1
sz159915-simple_60_close_breakout-fee0.001,2025-08-03,63.5352,0.0,38700.0,2.303,89126.1,89189.6352,0.9992876391986857,2580.4648,0.0,2
sz159915-simple_60_close_breakout-fee0.001,2025-08-04,63.5352,0.0,38700.0,2.313,89513.1,89576.6352,0.9992907168274613,2580.4648,0.0,0
sz159915-simple_60_close_breakout-fee0.001,2025-08-05,63.5352,0.0,38700.0,2.32,89784.0,89847.5352,0.9992928553926541,2580.4648,0.0,0
sz159915-simple_60_close_breakout-fee0.001,2025-08-06,63.5352,0.0,38700.0,2.336,90403.2,90466.7352,0.9992976954472874,2580.4648,0.0,0
sz159915-simple_60_close_breakout-fee0.001,2025-08-07,63.5352,0.0,38700.0,2.32,89784.0,89847.5352,0.9992928553926541,2580.4648,0.0,0
sz159915-simple_60_close_breakout-fee0.001,2025-08-08,63.5352,0.0,38700.0,2.312,89474.4,89537.9352,0.9992904102617725,2580.4648,0.0,0
sz159915-simple_60_close_breakout-fee0.001,2025-08-09,63.5352,0.0,38700.0,2.312,89474.4,89537.9352,0.9992904102617725,2580.4648,0.0,1
sz159915-simple_60_close_breakout-fee0.001,2025-08-10,63.5352,0.0,38700.0,2.312,89474.4,89537.9352,0.9992904102617725,2580.4648,0.0,2
sz159915-simple_60_close_breakout-fee0.001,2025-08-11,63.5352,0.0,38700.0,2.357,91215.9,91279.4352,0.9993039483662361,2580.4648,0.0,0
sz159915-simple_60_close_breakout-fee0.001,2025-08-12,63.5352,0.0,38700.0,2.385,92299.5,92363.0352,0.9993121144204234,2580.4648,0.0,0
sz159915-simple_60_close_breakout-fee0.001,2025-08-13,63.5352,0.0,38700.0,2.473,95705.1,95768.6352,0.9993365761152666,2580.4648,0.0,0
sz159915-simple_60_close_breakout-fee0.001,2025-08-14,63.5352,0.0,38700.0,2.446,94660.2,94723.7352,0.9993292578690457,2580.4648,0.0,0
sz159915-simple_60_close_breakout-fee0.001,2025-08-15,63.5352,0.0,38700.0,2.509,97098.3,97161.8352,0.9993460889260766,2580.4648,0.0,0
sz159915-simple_60_close_breakout-fee0.001,2025-08-16,63.5352,0.0,38700.0,2.509,97098.3,97161.8352,0.9993460889260766,2580.4648,0.0,1
sz159915-simple_60_close_breakout-fee0.001,2025-08-17,63.5352,0.0,38700.0,2.509,97098.3,97161.8352,0.9993460889260766,2580.4648,0.0,2
sz159915-simple_60_close_breakout-fee0.001,2025-08-18,63.5352,0.0,38700.0,2.582,99923.4,99986.9352,0.9993645649816857,2580.4648,0.0,0
sz159915-simple_60_close_breakout-fee0.001,2025-08-19,63.5352,0.0,38700.0,2.575,99652.5,99716.0352,0.9993628386861495,2580.4648,0.0,0
sz159915-simple_60_close_breakout-fee0.001,2025-08-20,63.5352,0.0,38700.0,2.588,100155.6,100219.1352,0.9993660372355717,2580.4648,0.0,0
sz159915-simple_60_close_breakout-fee0.001,2025-08-21,63.5352,0.0,38700.0,2.572,99536.4,99599.9352,0.9993620959705203,2580.4648,0.0,0
sz159915-simple_60_close_breakout-fee0.001,2025-08-22,63.5352,0.0,38700.0,2.662,103019.4,103082.9352,0.9993836496809415,2580.4648,0.0,0
sz159915-simple_60_close_breakout-fee0.001,2025-08-23,63.5352,0.0,38700.0,2.662,103019.4,103082.9352,0.9993836496809415,2580.4648,0.0,1
sz159915-simple_60_close_breakout-fee0.001,2025-08-24,63.5352,0.0,38700.0,2.662,103019.4,103082.9352,0.9993836496809415,2580.4648,0.0,2
sz159915-simple_60_close_breakout-fee0.001,2025-08-25,63.5352,0.0,38700.0,2.737,105921.9,105985.4352,0.9994005289511705,2580.4648,0.0,0
sz159915-simple_60_close_breakout-fee0.001,2025-08-26,63.5352,0.0,38700.0,2.716,105109.2,105172.7352,0.999395896665812,2580.4648,0.0,0
sz159915-simple_60_close_breakout-fee0.001,2025-08-27,63.5352,0.0,38700.0,2.696,104335.2,104398.7352,0.9993914179144193,2580.4648,0.0,0
sz159915-simple_60_close_breakout-fee0.001,2025-08-28,63.5352,0.0,38700.0,2.806,108592.2,108655.7352,0.9994152614228503,2580.4648,0.0,0
sz159915-simple_60_close_breakout-fee0.001,2025-08-29,63.5352,0.0,38700.0,2.865,110875.5,110939.0352,0.9994272962633445,2580.4648,0.0,0
sz159915-simple_60_close_breakout-fee0.001,2025-08-30,63.5352,0.0,38700.0,2.865,110875.5,110939.0352,0.9994272962633445,2580.4648,0.0,1
sz159915-simple_60_close_breakout-fee0.001,2025-08-31,63.5352,0.0,38700.0,2.865,110875.5,110939.0352,0.9994272962633445,2580.4648,0.0,2
sz159915-simple_60_close_breakout-fee0.001,2025-09-01,63.5352,0.0,38700.0,2.927,113274.9,113338.4352,0.9994394205294269,2580.4648,0.0,0
sz159915-simple_60_close_breakout-fee0.001,2025-09-02,63.5352,0.0,38700.0,2.848,110217.6,110281.1352,0.999423879706309,2580.4648,0.0,0
sz159915-simple_60_close_breakout-fee0.001,2025-09-03,63.5352,0.0,38700.0,2.87,111069.0,111132.5352,0.9994282934346305,2580.4648,0.0,0
sz159915-simple_60_close_breakout-fee0.001,2025-09-04,63.5352,0.0,38700.0,2.751,106463.7,106527.2352,0.9994035778748908,2580.4648,0.0,0
sz159915-simple_60_close_breakout-fee0.001,2025-09-05,63.5352,0.0,38700.0,2.944,113932.8,113996.3352,0.9994426557670602,2580.4648,0.0,0
sz159915-simple_60_close_breakout-fee0.001,2025-09-06,63.5352,0.0,38700.0,2.944,113932.8,113996.3352,0.9994426557670602,2580.4648,0.0,1
sz159915-simple_60_close_breakout-fee0.001,2025-09-07,63.5352,0.0,38700.0,2.944,113932.8,113996.3352,0.9994426557670602,2580.4648,0.0,2
sz159915-simple_60_close_breakout-fee0.001,2025-09-08,63.5352,0.0,38700.0,2.908,112539.6,112603.1352,0.9994357599378814,2580.4648,0.0,0
sz159915-simple_60_close_breakout-fee0.001,2025-09-09,63.5352,0.0,38700.0,2.845,110101.5,110165.0352,0.9994232725484574,2580.4648,0.0,0
sz159915-simple_60_close_breakout-fee0.001,2025-09-10,63.5352,0.0,38700.0,2.875,111262.5,111326.0352,0.9994292871394741,2580.4648,0.0,0
sz159915-simple_60_close_breakout-fee0.001,2025-09-11,63.5352,0.0,38700.0,3.025,117067.5,117131.0352,0.9994575716001185,2580.4648,0.0,0
sz159915-simple_60_close_breakout-fee0.001,2025-09-12,63.5352,0.0,38700.0,2.995,115906.5,115970.0352,0.9994521412372565,2580.4648,0.0,0
sz159915-simple_60_close_breakout-fee0.001,2025-09-13,63.5352,0.0,38700.0,2.995,115906.5,115970.0352,0.9994521412372565,2580.4648,0.0,1
sz159915-simple_60_close_breakout-fee0.001,2025-09-14,63.5352,0.0,38700.0,2.995,115906.5,115970.0352,0.9994521412372565,2580.4648,0.0,2
sz159915-simple_60_close_breakout-fee0.001,2025-09-15,63.5352,0.0,38700.0,3.037,117531.9,117595.4352,0.999459713721949,2580.4648,0.0,0
sz159915-simple_60_close_breakout-fee0.001,2025-09-16,63.5352,0.0,38700.0,3.059,118383.3,118446.8352,0.999463597318639,2580.4648,0.0,0
sz159915-simple_60_close_breakout-fee0.001,2025-09-17,63.5352,0.0,38700.0,3.119,120705.3,120768.8352,0.9994739106335274,2580.4648,0.0,0
sz159915-simple_60_close_breakout-fee0.001,2025-09-18,63.5352,0.0,38700.0,3.067,118692.9,118756.4352,0.999464995729343,2580.4648,0.0,0
sz159915-simple_60_close_breakout-fee0.001,2025-09-19,63.5352,0.0,38700.0,3.062,118499.4,118562.9352,0.9994641225785038,2580.4648,0.0,0
sz159915-simple_60_close_breakout-fee0.001,2025-09-20,63.5352,0.0,38700.0,3.062,118499.4,118562.9352,0.9994641225785038,2580.4648,0.0,1
sz159915-simple_60_close_breakout-fee0.001,2025-09-21,63.5352,0.0,38700.0,3.062,118499.4,118562.9352,0.9994641225785038,2580.4648,0.0,2
sz159915-simple_60_close_breakout-fee0.001,2025-09-22,63.5352,0.0,38700.0,3.082,119273.4,119336.9352,0.9994675981925166,2580.4648,0.0,0
sz159915-simple_60_close_breakout-fee0.001,2025-09-23,63.5352,0.0,38700.0,3.093,119699.1,119762.6352,0.9994694906312482,2580.4648,0.0,0
sz159915-simple_60_close_breakout-fee0.001,2025-09-24,63.5352,0.0,38700.0,3.16,122292.0,122355.5352,0.9994807329321379,2580.4648,0.0,0
sz159915-simple_60_close_breakout-fee0.001,2025-09-25,63.5352,0.0,38700.0,3.211,124265.7,124329.2352,0.9994889761857073,2580.4648,0.0,0
sz159915-simple_60_close_breakout-fee0.001,2025-09-26,63.5352,0.0,38700.0,3.129,121092.3,121155.8352,0.9994755910856863,2580.4648,0.0,0
sz159915-simple_60_close_breakout-fee0.001,2025-09-27,63.5352,0.0,38700.0,3.129,121092.3,121155.8352,0.9994755910856863,2580.4648,0.0,1
sz159915-simple_60_close_breakout-fee0.001,2025-09-28,63.5352,0.0,38700.0,3.129,121092.3,121155.8352,0.9994755910856863,2580.4648,0.0,2
sz159915-simple_60_close_breakout-fee0.001,2025-09-29,63.5352,0.0,38700.0,3.213,124343.1,124406.6352,0.9994892941208654,2580.4648,0.0,0
sz159915-simple_60_close_breakout-fee0.001,2025-09-30,63.5352,0.0,38700.0,3.217,124497.9,124561.4352,0.99948992880583,2580.4648,0.0,0
sz159915-simple_60_close_breakout-fee0.001,2025-10-01,63.5352,0.0,38700.0,3.217,124497.9,124561.4352,0.99948992880583,2580.4648,0.0,1
sz159915-simple_60_close_breakout-fee0.001,2025-10-02,63.5352,0.0,38700.0,3.217,124497.9,124561.4352,0.99948992880583,2580.4648,0.0,2
sz159915-simple_60_close_breakout-fee0.001,2025-10-03,63.5352,0.0,38700.0,3.217,124497.9,124561.4352,0.99948992880583,2580.4648,0.0,3
sz159915-simple_60_close_breakout-fee0.001,2025-10-04,63.5352,0.0,38700.0,3.217,124497.9,124561.4352,0.99948992880583,2580.4648,0.0,4
sz159915-simple_60_close_breakout-fee0.001,2025-10-05,63.5352,0.0,38700.0,3.217,124497.9,124561.4352,0.99948992880583,2580.4648,0.0,5
sz159915-simple_60_close_breakout-fee0.001,2025-10-06,63.5352,0.0,38700.0,3.217,124497.9,124561.4352,0.99948992880583,2580.4648,0.0,6
sz159915-simple_60_close_breakout-fee0.001,2025-10-07,63.5352,0.0,38700.0,3.217,124497.9,124561.4352,0.99948992880583,2580.4648,0.0,7
sz159915-simple_60_close_breakout-fee0.001,2025-10-08,63.5352,0.0,38700.0,3.217,124497.9,124561.4352,0.99948992880583,2580.4648,0.0,8
sz159915-simple_60_close_breakout-fee0.001,2025-10-09,63.5352,0.0,38700.0,3.235,125194.5,125258.0352,0.9994927654748971,2580.4648,0.0,0
sz159915-simple_60_close_breakout-fee0.001,2025-10-10,63.5352,0.0,38700.0,3.095,119776.5,119840.0352,0.9994698332665376,2580.4648,0.0,0
sz159915-simple_60_close_breakout-fee0.001,2025-10-11,63.5352,0.0,38700.0,3.095,119776.5,119840.0352,0.9994698332665376,2580.4648,0.0,1
sz159915-simple_60_close_breakout-fee0.001,2025-10-12,63.5352,0.0,38700.0,3.095,119776.5,119840.0352,0.9994698332665376,2580.4648,0.0,2
sz159915-simple_60_close_breakout-fee0.001,2025-10-13,63.5352,0.0,38700.0,3.054,118189.8,118253.3352,0.9994627195935527,2580.4648,0.0,0
sz159915-simple_60_close_breakout-fee0.001,2025-10-14,63.5352,0.0,38700.0,2.934,113545.8,113609.3352,0.9994407572239715,2580.4648,0.0,0
sz159915-simple_60_close_breakout-fee0.001,2025-10-15,63.5352,0.0,38700.0,3.003,116216.1,116279.6352,0.9994535999369906,2580.4648,0.0,0
sz159915-simple_60_close_breakout-fee0.001,2025-10-16,63.5352,0.0,38700.0,3.014,116641.8,116705.3352,0.9994555930121694,2580.4648,0.0,0
sz159915-simple_60_close_breakout-fee0.001,2025-10-17,63.5352,0.0,38700.0,2.915,112810.5,112874.0352,0.9994371141256054,2580.4648,0.0,0
sz159915-simple_60_close_breakout-fee0.001,2025-10-18,63.5352,0.0,38700.0,2.915,112810.5,112874.0352,0.9994371141256054,2580.4648,0.0,1
sz159915-simple_60_close_breakout-fee0.001,2025-10-19,63.5352,0.0,38700.0,2.915,112810.5,112874.0352,0.9994371141256054,2580.4648,0.0,2
sz159915-simple_60_close_breakout-fee0.001,2025-10-20,63.5352,0.0,38700.0,2.971,114977.7,115041.2352,0.999447718030065,2580.4648,0.0,0
sz159915-simple_60_close_breakout-fee0.001,2025-10-21,63.5352,0.0,38700.0,3.062,118499.4,118562.9352,0.9994641225785038,2580.4648,0.0,0
sz159915-simple_60_close_breakout-fee0.001,2025-10-22,63.5352,0.0,38700.0,3.039,117609.3,117672.8352,0.9994600690984285,2580.4648,0.0,0
sz159915-simple_60_close_breakout-fee0.001,2025-10-23,63.5352,0.0,38700.0,3.038,117570.6,117634.1352,0.9994598914686458,2580.4648,0.0,0
sz159915-simple_60_close_breakout-fee0.001,2025-10-24,63.5352,0.0,38700.0,3.147,121788.9,121852.4352,0.9994785890007392,2580.4648,0.0,0
sz159915-simple_60_close_breakout-fee0.001,2025-10-25,63.5352,0.0,38700.0,3.147,121788.9,121852.4352,0.9994785890007392,2580.4648,0.0,1
sz159915-simple_60_close_breakout-fee0.001,2025-10-26,63.5352,0.0,38700.0,3.147,121788.9,121852.4352,0.9994785890007392,2580.4648,0.0,2
sz159915-simple_60_close_breakout-fee0.001,2025-10-27,63.5352,0.0,38700.0,3.209,124188.3,124251.8352,0.9994886578544475,2580.4648,0.0,0
sz159915-simple_60_close_breakout-fee0.001,2025-10-28,63.5352,0.0,38700.0,3.205,124033.5,124097.0352,0.9994880200006583,2580.4648,0.0,0
sz159915-simple_60_close_breakout-fee0.001,2025-10-29,63.5352,0.0,38700.0,3.3,127710.0,127773.5352,0.9995027514899658,2580.4648,0.0,0
sz159915-simple_60_close_breakout-fee0.001,2025-10-30,63.5352,0.0,38700.0,3.239,125349.3,125412.8352,0.9994933915663522,2580.4648,0.0,0
sz159915-simple_60_close_breakout-fee0.001,2025-10-31,63.5352,0.0,38700.0,3.166,122524.2,122587.7352,0.9994817165037241,2580.4648,0.0,0
sz159915-simple_60_close_breakout-fee0.001,2025-11-01,63.5352,0.0,38700.0,3.166,122524.2,122587.7352,0.9994817165037241,2580.4648,0.0,1
sz159915-simple_60_close_breakout-fee0.001,2025-11-02,63.5352,0.0,38700.0,3.166,122524.2,122587.7352,0.9994817165037241,2580.4648,0.0,2
sz159915-simple_60_close_breakout-fee0.001,2025-11-03,63.5352,0.0,38700.0,3.176,122911.2,122974.7352,0.9994833475356001,2580.4648,0.0,0
sz159915-simple_60_close_breakout-fee0.001,2025-11-04,63.5352,0.0,38700.0,3.112,120434.4,120497.9352,0.9994727278945108,2580.4648,0.0,0
sz159915-simple_60_close_breakout-fee0.001,2025-11-05,63.5352,0.0,38700.0,3.142,121595.4,121658.9352,0.9994777596902722,2580.4648,0.0,0
sz159915-simple_60_close_breakout-fee0.001,2025-11-06,63.5352,0.0,38700.0,3.201,123878.7,123942.2352,0.99948738055355,2580.4648,0.0,0
sz159915-simple_60_close_breakout-fee0.001,2025-11-07,63.5352,0.0,38700.0,3.185,123259.5,123323.0352,0.9994848067119256,2580.4648,0.0,0
sz159915-simple_60_close_breakout-fee0.001,2025-11-08,63.5352,0.0,38700.0,3.185,123259.5,123323.0352,0.9994848067119256,2580.4648,0.0,1
sz159915-simple_60_close_breakout-fee0.001,2025-11-09,63.5352,0.0,38700.0,3.185,123259.5,123323.0352,0.9994848067119256,2580.4648,0.0,2
sz159915-simple_60_close_breakout-fee0.001,2025-11-10,63.5352,0.0,38700.0,3.158,122214.6,122278.1352,0.9994804042448302,2580.4648,0.0,0
sz159915-simple_60_close_breakout-fee0.001,2025-11-11,63.5352,0.0,38700.0,3.113,120473.1,120536.6352,0.9994728971827148,2580.4648,0.0,0
sz159915-simple_60_close_breakout-fee0.001,2025-11-12,63.5352,0.0,38700.0,3.108,120279.6,120343.1352,0.9994720496528995,2580.4648,0.0,0
sz159915-simple_60_close_breakout-fee0.001,2025-11-13,63.5352,0.0,38700.0,3.182,123143.4,123206.9352,0.9994843212364883,2580.4648,0.0,0
sz159915-simple_60_close_breakout-fee0.001,2025-11-14,63.5352,0.0,38700.0,3.093,119699.1,119762.6352,0.9994694906312482,2580.4648,0.0,0
sz159915-simple_60_close_breakout-fee0.001,2025-11-15,63.5352,0.0,38700.0,3.093,119699.1,119762.6352,0.9994694906312482,2580.4648,0.0,1
sz159915-simple_60_close_breakout-fee0.001,2025-11-16,63.5352,0.0,38700.0,3.093,119699.1,119762.6352,0.9994694906312482,2580.4648,0.0,2
sz159915-simple_60_close_breakout-fee0.001,2025-11-17,63.5352,0.0,38700.0,3.084,119350.8,119414.3352,0.9994679432758756,2580.4648,0.0,0
sz159915-simple_60_close_breakout-fee0.001,2025-11-18,63.5352,0.0,38700.0,3.051,118073.7,118137.2352,0.9994621915783585,2580.4648,0.0,0
sz159915-simple_60_close_breakout-fee0.001,2025-11-19,63.5352,0.0,38700.0,3.057,118305.9,118369.4352,0.9994632465729633,2580.4648,0.0,0
sz159915-simple_60_close_breakout-fee0.001,2025-11-20,63.5352,0.0,38700.0,3.026,117106.2,117169.7352,0.9994577507588325,2580.4648,0.0,0
sz159915-simple_60_close_breakout-fee0.001,2025-11-21,63.5352,0.0,38700.0,2.904,112384.8,112448.3352,0.9994349831868387,2580.4648,0.0,0
sz159915-simple_60_close_breakout-fee0.001,2025-11-22,63.5352,0.0,38700.0,2.904,112384.8,112448.3352,0.9994349831868387,2580.4648,0.0,1
sz159915-simple_60_close_breakout-fee0.001,2025-11-23,63.5352,0.0,38700.0,2.904,112384.8,112448.3352,0.9994349831868387,2580.4648,0.0,2
sz159915-simple_60_close_breakout-fee0.001,2025-11-24,63.5352,0.0,38700.0,2.908,112539.6,112603.1352,0.9994357599378814,2580.4648,0.0,0
sz159915-simple_60_close_breakout-fee0.001,2025-11-25,63.5352,0.0,38700.0,2.961,114590.7,114654.2352,0.9994458538763163,2580.4648,0.0,0
sz159915-simple_60_close_breakout-fee0.001,2025-11-26,63.5352,0.0,38700.0,3.027,117144.9,117208.4352,0.9994579297992369,2580.4648,0.0,0
sz159915-simple_60_close_breakout-fee0.001,2025-11-27,63.5352,0.0,38700.0,3.012,116564.4,116627.9352,0.999455231717075,2580.4648,0.0,0
sz159915-simple_60_close_breakout-fee0.001,2025-11-28,63.5352,0.0,38700.0,3.035,117454.5,117518.0352,0.9994593578773516,2580.4648,0.0,0
sz159915-simple_60_close_breakout-fee0.001,2025-11-29,63.5352,0.0,38700.0,3.035,117454.5,117518.0352,0.9994593578773516,2580.4648,0.0,1
sz159915-simple_60_close_breakout-fee0.001,2025-11-30,63.5352,0.0,38700.0,3.035,117454.5,117518.0352,0.9994593578773516,2580.4648,0.0,2
sz159915-simple_60_close_breakout-fee0.001,2025-12-01,63.5352,0.0,38700.0,3.073,118925.1,118988.6352,0.9994660397617536,2580.4648,0.0,0
sz159915-simple_60_close_breakout-fee0.001,2025-12-02,63.5352,0.0,38700.0,3.052,118112.4,118175.9352,0.9994623676986988,2580.4648,0.0,0
sz159915-simple_60_close_breakout-fee0.001,2025-12-03,63.5352,0.0,38700.0,3.019,116835.3,116898.8352,0.9994564941567528,2580.4648,0.0,0
sz159915-simple_60_close_breakout-fee0.001,2025-12-04,63.5352,0.0,38700.0,3.051,118073.7,118137.2352,0.9994621915783585,2580.4648,0.0,0
sz159915-simple_60_close_breakout-fee0.001,2025-12-05,63.5352,0.0,38700.0,3.089,119544.3,119607.8352,0.9994688040303232,2580.4648,0.0,0
sz159915-simple_60_close_breakout-fee0.001,2025-12-06,63.5352,0.0,38700.0,3.089,119544.3,119607.8352,0.9994688040303232,2580.4648,0.0,1
sz159915-simple_60_close_breakout-fee0.001,2025-12-07,63.5352,0.0,38700.0,3.089,119544.3,119607.8352,0.9994688040303232,2580.4648,0.0,2
sz159915-simple_60_close_breakout-fee0.001,2025-12-08,63.5352,0.0,38700.0,3.171,122717.7,122781.2352,0.9994825333048938,2580.4648,0.0,0
sz159915-simple_60_close_breakout-fee0.001,2025-12-09,63.5352,0.0,38700.0,3.188,123375.6,123439.1352,0.9994852912741404,2580.4648,0.0,0
sz159915-simple_60_close_breakout-fee0.001,2025-12-10,63.5352,0.0,38700.0,3.192,123530.4,123593.9352,0.9994859359409732,2580.4648,0.0,0
sz159915-simple_60_close_breakout-fee0.001,2025-12-11,63.5352,0.0,38700.0,3.146,121750.2,121813.7352,0.999478423349422,2580.4648,0.0,0
sz159915-simple_60_close_breakout-fee0.001,2025-12-12,63.5352,0.0,38700.0,3.174,122833.8,122897.3352,0.9994830221509962,2580.4648,0.0,0
sz159915-simple_60_close_breakout-fee0.001,2025-12-13,63.5352,0.0,38700.0,3.174,122833.8,122897.3352,0.9994830221509962,2580.4648,0.0,1
sz159915-simple_60_close_breakout-fee0.001,2025-12-14,63.5352,0.0,38700.0,3.174,122833.8,122897.3352,0.9994830221509962,2580.4648,0.0,2
sz159915-simple_60_close_breakout-fee0.001,2025-12-15,63.5352,0.0,38700.0,3.12,120744.0,120807.5352,0.9994740791632342,2580.4648,0.0,0
sz159915-simple_60_close_breakout-fee0.001,2025-12-16,63.5352,0.0,38700.0,3.06,118422.0,118485.5352,0.9994637725196349,2580.4648,0.0,0
sz159915-simple_60_close_breakout-fee0.001,2025-12-17,63.5352,0.0,38700.0,3.164,122446.8,122510.3352,0.9994813890607982,2580.4648,0.0,0
sz159915-simple_60_close_breakout-fee0.001,2025-12-18,63.5352,0.0,38700.0,3.092,119660.4,119723.9352,0.9994693191474715,2580.4648,0.0,0
sz159915-simple_60_close_breakout-fee0.001,2025-12-19,63.5352,0.0,38700.0,3.107,120240.9,120304.4352,0.9994718798197725,2580.4648,0.0,0
sz159915-simple_60_close_breakout-fee0.001,2025-12-20,63.5352,0.0,38700.0,3.107,120240.9,120304.4352,0.9994718798197725,2580.4648,0.0,1
sz159915-simple_60_close_breakout-fee0.001,2025-12-21,63.5352,0.0,38700.0,3.107,120240.9,120304.4352,0.9994718798197725,2580.4648,0.0,2
sz159915-simple_60_close_breakout-fee0.001,2025-12-22,63.5352,0.0,38700.0,3.175,122872.5,122936.0352,0.9994831848945134,2580.4648,0.0,0
sz159915-simple_60_close_breakout-fee0.001,2025-12-23,63.5352,0.0,38700.0,3.185,123259.5,123323.0352,0.9994848067119256,2580.4648,0.0,0
sz159915-simple_60_close_breakout-fee0.001,2025-12-24,63.5352,0.0,38700.0,3.212,124304.4,124367.9352,0.9994891352027528,2580.4648,0.0,0
sz159915-simple_60_close_breakout-fee0.001,2025-12-25,63.5352,0.0,38700.0,3.222,124691.4,124754.9352,0.9994907199470855,2580.4648,0.0,0
sz159915-simple_60_close_breakout-fee0.001,2025-12-26,63.5352,0.0,38700.0,3.226,124846.2,124909.7352,0.9994913510952668,2580.4648,0.0,0
sz159915-simple_60_close_breakout-fee0.001,2025-12-27,63.5352,0.0,38700.0,3.226,124846.2,124909.7352,0.9994913510952668,2580.4648,0.0,1
sz159915-simple_60_close_breakout-fee0.001,2025-12-28,63.5352,0.0,38700.0,3.226,124846.2,124909.7352,0.9994913510952668,2580.4648,0.0,2
sz159915-simple_60_close_breakout-fee0.001,2025-12-29,63.5352,0.0,38700.0,3.205,124033.5,124097.0352,0.9994880200006583,2580.4648,0.0,0
sz159915-simple_60_close_breakout-fee0.001,2025-12-30,63.5352,0.0,38700.0,3.229,124962.3,125025.8352,0.9994918234307464,2580.4648,0.0,0
sz159915-simple_60_close_breakout-fee0.001,2025-12-31,63.5352,0.0,38700.0,3.186,123298.2,123361.7352,0.9994849683340057,2580.4648,0.0,0
sz159915-simple_60_close_breakout-fee0.001,2026-01-01,63.5352,0.0,38700.0,3.186,123298.2,123361.7352,0.9994849683340057,2580.4648,0.0,1
sz159915-simple_60_close_breakout-fee0.001,2026-01-02,63.5352,0.0,38700.0,3.186,123298.2,123361.7352,0.9994849683340057,2580.4648,0.0,2
sz159915-simple_60_close_breakout-fee0.001,2026-01-03,63.5352,0.0,38700.0,3.186,123298.2,123361.7352,0.9994849683340057,2580.4648,0.0,3
sz159915-simple_60_close_breakout-fee0.001,2026-01-04,63.5352,0.0,38700.0,3.186,123298.2,123361.7352,0.9994849683340057,2580.4648,0.0,4
sz159915-simple_60_close_breakout-fee0.001,2026-01-05,63.5352,0.0,38700.0,3.281,126974.7,127038.2352,0.9994998734050424,2580.4648,0.0,0
sz159915-simple_60_close_breakout-fee0.001,2026-01-06,63.5352,0.0,38700.0,3.303,127826.1,127889.6352,0.9995032028991196,2580.4648,0.0,0
sz159915-simple_60_close_breakout-fee0.001,2026-01-07,63.5352,0.0,38700.0,3.311,128135.7,128199.2352,0.9995044026596502,2580.4648,0.0,0
sz159915-simple_60_close_breakout-fee0.001,2026-01-08,63.5352,0.0,38700.0,3.287,127206.9,127270.4352,0.9995007858667242,2580.4648,0.0,0
sz159915-simple_60_close_breakout-fee0.001,2026-01-09,63.5352,0.0,38700.0,3.314,128251.8,128315.3352,0.9995048510772234,2580.4648,0.0,0
sz159915-simple_60_close_breakout-fee0.001,2026-01-10,63.5352,0.0,38700.0,3.314,128251.8,128315.3352,0.9995048510772234,2580.4648,0.0,1
sz159915-simple_60_close_breakout-fee0.001,2026-01-11,63.5352,0.0,38700.0,3.314,128251.8,128315.3352,0.9995048510772234,2580.4648,0.0,2
sz159915-simple_60_close_breakout-fee0.001,2026-01-12,63.5352,0.0,38700.0,3.371,130457.7,130521.2352,0.999513219439713,2580.4648,0.0,0
sz159915-simple_60_close_breakout-fee0.001,2026-01-13,63.5352,0.0,38700.0,3.306,127942.2,128005.7352,0.9995036534894258,2580.4648,0.0,0
sz159915-simple_60_close_breakout-fee0.001,2026-01-14,63.5352,0.0,38700.0,3.332,128948.4,129011.9352,0.9995075246340465,2580.4648,0.0,0
sz159915-simple_60_close_breakout-fee0.001,2026-01-15,63.5352,0.0,38700.0,3.352,129722.4,129785.9352,0.9995104615927597,2580.4648,0.0,0
sz159915-simple_60_close_breakout-fee0.001,2026-01-16,63.5352,0.0,38700.0,3.346,129490.2,129553.7352,0.9995095841898968,2580.4648,0.0,0
sz159915-simple_60_close_breakout-fee0.001,2026-01-17,63.5352,0.0,38700.0,3.346,129490.2,129553.7352,0.9995095841898968,2580.4648,0.0,1
sz159915-simple_60_close_breakout-fee0.001,2026-01-18,63.5352,0.0,38700.0,3.346,129490.2,129553.7352,0.9995095841898968,2580.4648,0.0,2
sz159915-simple_60_close_breakout-fee0.001,2026-01-19,63.5352,0.0,38700.0,3.318,128406.6,128470.1352,0.9995054477065732,2580.4648,0.0,0
sz159915-simple_60_close_breakout-fee0.001,2026-01-20,63.5352,0.0,38700.0,3.263,126278.1,126341.6352,0.9994971158961222,2580.4648,0.0,0
sz159915-simple_60_close_breakout-fee0.001,2026-01-21,63.5352,0.0,38700.0,3.281,126974.7,127038.2352,0.9994998734050424,2580.4648,0.0,0
sz159915-simple_60_close_breakout-fee0.001,2026-01-22,63.5352,0.0,38700.0,3.315,128290.5,128354.0352,0.9995050003694781,2580.4648,0.0,0
sz159915-simple_60_close_breakout-fee0.001,2026-01-23,63.5352,0.0,38700.0,3.337,129141.9,129205.4352,0.9995082621725498,2580.4648,0.0,0
sz159915-simple_60_close_breakout-fee0.001,2026-01-24,63.5352,0.0,38700.0,3.337,129141.9,129205.4352,0.9995082621725498,2580.4648,0.0,1
sz159915-simple_60_close_breakout-fee0.001,2026-01-25,63.5352,0.0,38700.0,3.337,129141.9,129205.4352,0.9995082621725498,2580.4648,0.0,2
sz159915-simple_60_close_breakout-fee0.001,2026-01-26,63.5352,0.0,38700.0,3.305,127903.5,127967.0352,0.9995035033835026,2580.4648,0.0,0
sz159915-simple_60_close_breakout-fee0.001,2026-01-27,63.5352,0.0,38700.0,3.327,128754.9,128818.4352,0.9995067848798089,2580.4648,0.0,0
sz159915-simple_60_close_breakout-fee0.001,2026-01-28,63.5352,0.0,38700.0,3.307,127980.9,128044.4352,0.9995038035046133,2580.4648,0.0,0
sz159915-simple_60_close_breakout-fee0.001,2026-01-29,63.5352,0.0,38700.0,3.292,127400.4,127463.9352,0.9995015437119503,2580.4648,0.0,0
sz159915-simple_60_close_breakout-fee0.001,2026-01-30,63.5352,0.0,38700.0,3.335,129064.5,129128.0352,0.9995079674223991,2580.4648,0.0,0
sz159915-simple_60_close_breakout-fee0.001,2026-01-31,63.5352,0.0,38700.0,3.335,129064.5,129128.0352,0.9995079674223991,2580.4648,0.0,1
sz159915-simple_60_close_breakout-fee0.001,2026-02-01,63.5352,0.0,38700.0,3.335,129064.5,129128.0352,0.9995079674223991,2580.4648,0.0,2
sz159915-simple_60_close_breakout-fee0.001,2026-02-02,63.5352,0.0,38700.0,3.252,125852.4,125915.9352,0.9994954157319399,2580.4648,0.0,0
sz159915-simple_60_close_breakout-fee0.001,2026-02-03,63.5352,0.0,38700.0,3.313,128213.1,128276.6352,0.9995047016948883,2580.4648,0.0,0
sz159915-simple_60_close_breakout-fee0.001,2026-02-04,63.5352,0.0,38700.0,3.297,127593.9,127657.4352,0.9995022992597301,2580.4648,0.0,0
sz159915-simple_60_close_breakout-fee0.001,2026-02-05,63.5352,0.0,38700.0,3.238,125310.6,125374.1352,0.999493235188433,2580.4648,0.0,0
sz159915-simple_60_close_breakout-fee0.001,2026-02-06,63.5352,0.0,38700.0,3.229,124962.3,125025.8352,0.9994918234307464,2580.4648,0.0,0
sz159915-simple_60_close_breakout-fee0.001,2026-02-07,63.5352,0.0,38700.0,3.229,124962.3,125025.8352,0.9994918234307464,2580.4648,0.0,1
sz159915-simple_60_close_breakout-fee0.001,2026-02-08,63.5352,0.0,38700.0,3.229,124962.3,125025.8352,0.9994918234307464,2580.4648,0.0,2
sz159915-simple_60_close_breakout-fee0.001,2026-02-09,63.5352,0.0,38700.0,3.321,128522.7,128586.2352,0.9995058942358708,2580.4648,0.0,0
sz159915-simple_60_close_breakout-fee0.001,2026-02-10,63.5352,0.0,38700.0,3.311,128135.7,128199.2352,0.9995044026596502,2580.4648,0.0,0
sz159915-simple_60_close_breakout-fee0.001,2026-02-11,63.5352,0.0,38700.0,3.273,126665.1,126728.6352,0.9994986515880983,2580.4648,0.0,0
sz159915-simple_60_close_breakout-fee0.001,2026-02-12,63.5352,0.0,38700.0,3.319,128445.3,128508.8352,0.9995055966393196,2580.4648,0.0,0
sz159915-simple_60_close_breakout-fee0.001,2026-02-13,63.5352,0.0,38700.0,3.265,126355.5,126419.0352,0.9994974237866988,2580.4648,0.0,0
sz159915-simple_60_close_breakout-fee0.001,2026-02-14,63.5352,0.0,38700.0,3.265,126355.5,126419.0352,0.9994974237866988,2580.4648,0.0,1
sz159915-simple_60_close_breakout-fee0.001,2026-02-15,63.5352,0.0,38700.0,3.265,126355.5,126419.0352,0.9994974237866988,2580.4648,0.0,2
sz159915-simple_60_close_breakout-fee0.001,2026-02-16,63.5352,0.0,38700.0,3.265,126355.5,126419.0352,0.9994974237866988,2580.4648,0.0,3
sz159915-simple_60_close_breakout-fee0.001,2026-02-17,63.5352,0.0,38700.0,3.265,126355.5,126419.0352,0.9994974237866988,2580.4648,0.0,4
sz159915-simple_60_close_breakout-fee0.001,2026-02-18,63.5352,0.0,38700.0,3.265,126355.5,126419.0352,0.9994974237866988,2580.4648,0.0,5
sz159915-simple_60_close_breakout-fee0.001,2026-02-19,63.5352,0.0,38700.0,3.265,126355.5,126419.0352,0.9994974237866988,2580.4648,0.0,6
sz159915-simple_60_close_breakout-fee0.001,2026-02-20,63.5352,0.0,38700.0,3.265,126355.5,126419.0352,0.9994974237866988,2580.4648,0.0,7
sz159915-simple_60_close_breakout-fee0.001,2026-02-21,63.5352,0.0,38700.0,3.265,126355.5,126419.0352,0.9994974237866988,2580.4648,0.0,8
sz159915-simple_60_close_breakout-fee0.001,2026-02-22,63.5352,0.0,38700.0,3.265,126355.5,126419.0352,0.9994974237866988,2580.4648,0.0,9
sz159915-simple_60_close_breakout-fee0.001,2026-02-23,63.5352,0.0,38700.0,3.265,126355.5,126419.0352,0.9994974237866988,2580.4648,0.0,10
sz159915-simple_60_close_breakout-fee0.001,2026-02-24,63.5352,0.0,38700.0,3.295,127516.5,127580.0352,0.9995019973156427,2580.4648,0.0,0
sz159915-simple_60_close_breakout-fee0.001,2026-02-25,63.5352,0.0,38700.0,3.344,129412.8,129476.3352,0.999509291022936,2580.4648,0.0,0
sz159915-simple_60_close_breakout-fee0.001,2026-02-26,63.5352,0.0,38700.0,3.336,129103.2,129166.7352,0.9995081148416299,2580.4648,0.0,0
sz159915-simple_60_close_breakout-fee0.001,2026-02-27,63.5352,0.0,38700.0,3.301,127748.7,127812.2352,0.9995029020508046,2580.4648,0.0,0
sz159915-simple_60_close_breakout-fee0.001,2026-02-28,63.5352,0.0,38700.0,3.301,127748.7,127812.2352,0.9995029020508046,2580.4648,0.0,1
sz159915-simple_60_close_breakout-fee0.001,2026-03-01,63.5352,0.0,38700.0,3.301,127748.7,127812.2352,0.9995029020508046,2580.4648,0.0,2
sz159915-simple_60_close_breakout-fee0.001,2026-03-02,63.5352,0.0,38700.0,3.282,127013.4,127076.9352,0.9995000257135569,2580.4648,0.0,0
sz159915-simple_60_close_breakout-fee0.001,2026-03-03,63.5352,0.0,38700.0,3.205,124033.5,124097.0352,0.9994880200006583,2580.4648,0.0,0
sz159915-simple_60_close_breakout-fee0.001,2026-03-04,63.5352,0.0,38700.0,3.154,122059.8,122123.3352,0.9994797456203113,2580.4648,0.0,0
sz159915-simple_60_close_breakout-fee0.001,2026-03-05,63.5352,0.0,38700.0,3.206,124072.2,124135.7352,0.9994881796132464,2580.4648,0.0,0
sz159915-simple_60_close_breakout-fee0.001,2026-03-06,63.5352,0.0,38700.0,3.225,124807.5,124871.0352,0.9994911934549254,2580.4648,0.0,0
sz159915-simple_60_close_breakout-fee0.001,2026-03-07,63.5352,0.0,38700.0,3.225,124807.5,124871.0352,0.9994911934549254,2580.4648,0.0,1
sz159915-simple_60_close_breakout-fee0.001,2026-03-08,63.5352,0.0,38700.0,3.225,124807.5,124871.0352,0.9994911934549254,2580.4648,0.0,2
sz159915-simple_60_close_breakout-fee0.001,2026-03-09,63.5352,0.0,38700.0,3.201,123878.7,123942.2352,0.99948738055355,2580.4648,0.0,0
sz159915-simple_60_close_breakout-fee0.001,2026-03-10,63.5352,0.0,38700.0,3.296,127555.2,127618.7352,0.9995021483334682,2580.4648,0.0,0
sz159915-simple_60_close_breakout-fee0.001,2026-03-11,63.5352,0.0,38700.0,3.335,129064.5,129128.0352,0.9995079674223991,2580.4648,0.0,0
sz159915-simple_60_close_breakout-fee0.001,2026-03-12,63.5352,0.0,38700.0,3.308,128019.6,128083.1352,0.9995039534291474,2580.4648,0.0,0
sz159915-simple_60_close_breakout-fee0.001,2026-03-13,63.5352,0.0,38700.0,3.3,127710.0,127773.5352,0.9995027514899658,2580.4648,0.0,0
sz159915-simple_60_close_breakout-fee0.001,2026-03-14,63.5352,0.0,38700.0,3.3,127710.0,127773.5352,0.9995027514899658,2580.4648,0.0,1
sz159915-simple_60_close_breakout-fee0.001,2026-03-15,63.5352,0.0,38700.0,3.3,127710.0,127773.5352,0.9995027514899658,2580.4648,0.0,2
sz159915-simple_60_close_breakout-fee0.001,2026-03-16,63.5352,0.0,38700.0,3.349,129606.3,129669.8352,0.99951002328412,2580.4648,0.0,0
sz159915-simple_60_close_breakout-fee0.001,2026-03-17,63.5352,0.0,38700.0,3.273,126665.1,126728.6352,0.9994986515880983,2580.4648,0.0,0
sz159915-simple_60_close_breakout-fee0.001,2026-03-18,63.5352,0.0,38700.0,3.338,129180.6,129244.1352,0.9995084094152382,2580.4648,0.0,0
sz159915-simple_60_close_breakout-fee0.001,2026-03-19,63.5352,0.0,38700.0,3.303,127826.1,127889.6352,0.9995032028991196,2580.4648,0.0,0
sz159915-simple_60_close_breakout-fee0.001,2026-03-20,63.5352,0.0,38700.0,3.341,129296.7,129360.2352,0.9995088506147057,2580.4648,0.0,0
sz159915-simple_60_close_breakout-fee0.001,2026-03-21,63.5352,0.0,38700.0,3.341,129296.7,129360.2352,0.9995088506147057,2580.4648,0.0,1
sz159915-simple_60_close_breakout-fee0.001,2026-03-22,63.5352,0.0,38700.0,3.341,129296.7,129360.2352,0.9995088506147057,2580.4648,0.0,2
sz159915-simple_60_close_breakout-fee0.001,2026-03-23,63.5352,0.0,38700.0,3.228,124923.6,124987.1352,0.9994916660830866,2580.4648,0.0,0
sz159915-simple_60_close_breakout-fee0.001,2026-03-24,63.5352,0.0,38700.0,3.237,125271.9,125335.4352,0.9994930787139438,2580.4648,0.0,0
sz159915-simple_60_close_breakout-fee0.001,2026-03-25,63.5352,0.0,38700.0,3.307,127980.9,128044.4352,0.9995038035046133,2580.4648,0.0,0
sz159915-simple_60_close_breakout-fee0.001,2026-03-26,63.5352,0.0,38700.0,3.263,126278.1,126341.6352,0.9994971158961222,2580.4648,0.0,0
sz159915-simple_60_close_breakout-fee0.001,2026-03-27,63.5352,0.0,38700.0,3.293,127439.1,127502.6352,0.9995016950049672,2580.4648,0.0,0
sz159915-simple_60_close_breakout-fee0.001,2026-03-28,63.5352,0.0,38700.0,3.293,127439.1,127502.6352,0.9995016950049672,2580.4648,0.0,1
sz159915-simple_60_close_breakout-fee0.001,2026-03-29,63.5352,0.0,38700.0,3.293,127439.1,127502.6352,0.9995016950049672,2580.4648,0.0,2
sz159915-simple_60_close_breakout-fee0.001,2026-03-30,63.5352,0.0,38700.0,3.264,126316.8,126380.3352,0.9994972698885515,2580.4648,0.0,0
sz159915-simple_60_close_breakout-fee0.001,2026-03-31,63.5352,0.0,38700.0,3.182,123143.4,123206.9352,0.9994843212364883,2580.4648,0.0,0
sz159915-simple_60_close_breakout-fee0.001,2026-04-01,63.5352,0.0,38700.0,3.232,125078.4,125141.9352,0.9994922948898108,2580.4648,0.0,0
sz159915-simple_60_close_breakout-fee0.001,2026-04-02,63.5352,0.0,38700.0,3.164,122446.8,122510.3352,0.9994813890607982,2580.4648,0.0,0
sz159915-simple_60_close_breakout-fee0.001,2026-04-03,63.5352,0.0,38700.0,3.141,121556.7,121620.2352,0.9994775935115113,2580.4648,0.0,0
sz159915-simple_60_close_breakout-fee0.001,2026-04-04,63.5352,0.0,38700.0,3.141,121556.7,121620.2352,0.9994775935115113,2580.4648,0.0,1
sz159915-simple_60_close_breakout-fee0.001,2026-04-05,63.5352,0.0,38700.0,3.141,121556.7,121620.2352,0.9994775935115113,2580.4648,0.0,2
sz159915-simple_60_close_breakout-fee0.001,2026-04-06,63.5352,0.0,38700.0,3.141,121556.7,121620.2352,0.9994775935115113,2580.4648,0.0,3
sz159915-simple_60_close_breakout-fee0.001,2026-04-07,121962.6141,0.0,0.0,3.151,0.0,121962.6141,0.0,2702.4859,0.0,0
sz159915-simple_60_close_breakout-fee0.001,2026-04-08,121962.6141,0.0,0.0,3.345,0.0,121962.6141,0.0,2702.4859,0.0,0
sz159915-simple_60_close_breakout-fee0.001,2026-04-09,121962.6141,0.0,0.0,3.32,0.0,121962.6141,0.0,2702.4859,0.0,0
sz159915-simple_60_close_breakout-fee0.001,2026-04-10,121962.6141,0.0,0.0,3.437,0.0,121962.6141,0.0,2702.4859,0.0,0
sz159915-simple_60_close_breakout-fee0.001,2026-04-11,121962.6141,0.0,0.0,3.437,0.0,121962.6141,0.0,2702.4859,0.0,1
sz159915-simple_60_close_breakout-fee0.001,2026-04-12,121962.6141,0.0,0.0,3.437,0.0,121962.6141,0.0,2702.4859,0.0,2
sz159915-simple_60_close_breakout-fee0.001,2026-04-13,75.8491,0.0,35500.0,3.468,123114.0,123189.8491,0.9993842909902549,2824.2509,0.0,0
sz159915-simple_60_close_breakout-fee0.001,2026-04-14,75.8491,0.0,35500.0,3.55,126025.0,126100.8491,0.999398504446708,2824.2509,0.0,0
sz159915-simple_60_close_breakout-fee0.001,2026-04-15,75.8491,0.0,35500.0,3.511,124640.5,124716.3491,0.999391827129744,2824.2509,0.0,0
sz159915-simple_60_close_breakout-fee0.001,2026-04-16,75.8491,0.0,35500.0,3.624,128652.0,128727.8491,0.9994107794037553,2824.2509,0.0,0
sz159915-simple_60_close_breakout-fee0.001,2026-04-17,75.8491,0.0,35500.0,3.67,130285.0,130360.8491,0.9994181604329547,2824.2509,0.0,0
sz159915-simple_60_close_breakout-fee0.001,2026-04-18,75.8491,0.0,35500.0,3.67,130285.0,130360.8491,0.9994181604329547,2824.2509,0.0,1
sz159915-simple_60_close_breakout-fee0.001,2026-04-19,75.8491,0.0,35500.0,3.67,130285.0,130360.8491,0.9994181604329547,2824.2509,0.0,2
sz159915-simple_60_close_breakout-fee0.001,2026-04-20,75.8491,0.0,35500.0,3.672,130356.0,130431.8491,0.9994184771547489,2824.2509,0.0,0
sz159915-simple_60_close_breakout-fee0.001,2026-04-21,75.8491,0.0,35500.0,3.681,130675.5,130751.3491,0.9994198981461981,2824.2509,0.0,0
sz159915-simple_60_close_breakout-fee0.001,2026-04-22,75.8491,0.0,35500.0,3.758,133409.0,133484.8491,0.9994317774600533,2824.2509,0.0,0
sz159915-simple_60_close_breakout-fee0.001,2026-04-23,75.8491,0.0,35500.0,3.728,132344.0,132419.8491,0.9994272074729317,2824.2509,0.0,0
sz159915-simple_60_close_breakout-fee0.001,2026-04-24,75.8491,0.0,35500.0,3.674,130427.0,130502.8491,0.9994187935319184,2824.2509,0.0,0
sz159915-simple_60_close_breakout-fee0.001,2026-04-25,75.8491,0.0,35500.0,3.674,130427.0,130502.8491,0.9994187935319184,2824.2509,0.0,1
sz159915-simple_60_close_breakout-fee0.001,2026-04-26,75.8491,0.0,35500.0,3.674,130427.0,130502.8491,0.9994187935319184,2824.2509,0.0,2
sz159915-simple_60_close_breakout-fee0.001,2026-04-27,75.8491,0.0,35500.0,3.652,129646.0,129721.8491,0.9994152943353318,2824.2509,0.0,0
sz159915-simple_60_close_breakout-fee0.001,2026-04-28,75.8491,0.0,35500.0,3.602,127871.0,127946.8491,0.999407182743979,2824.2509,0.0,0
sz159915-simple_60_close_breakout-fee0.001,2026-04-29,75.8491,0.0,35500.0,3.694,131137.0,131212.8491,0.9994219384723352,2824.2509,0.0,0
sz159915-simple_60_close_breakout-fee0.001,2026-04-30,75.8491,0.0,35500.0,3.689,130959.5,131035.3491,0.9994211554323245,2824.2509,0.0,0
sz159915-simple_60_close_breakout-fee0.001,2026-05-01,75.8491,0.0,35500.0,3.689,130959.5,131035.3491,0.9994211554323245,2824.2509,0.0,1
sz159915-simple_60_close_breakout-fee0.001,2026-05-02,75.8491,0.0,35500.0,3.689,130959.5,131035.3491,0.9994211554323245,2824.2509,0.0,2
sz159915-simple_60_close_breakout-fee0.001,2026-05-03,75.8491,0.0,35500.0,3.689,130959.5,131035.3491,0.9994211554323245,2824.2509,0.0,3
sz159915-simple_60_close_breakout-fee0.001,2026-05-04,75.8491,0.0,35500.0,3.689,130959.5,131035.3491,0.9994211554323245,2824.2509,0.0,4
sz159915-simple_60_close_breakout-fee0.001,2026-05-05,75.8491,0.0,35500.0,3.689,130959.5,131035.3491,0.9994211554323245,2824.2509,0.0,5
sz159915-simple_60_close_breakout-fee0.001,2026-05-06,75.8491,0.0,35500.0,3.786,134403.0,134478.8491,0.9994359774752117,2824.2509,0.0,0
sz159915-simple_60_close_breakout-fee0.001,2026-05-07,75.8491,0.0,35500.0,3.845,136497.5,136573.3491,0.999444627370568,2824.2509,0.0,0
sz159915-simple_60_close_breakout-fee0.001,2026-05-08,75.8491,0.0,35500.0,3.806,135113.0,135188.8491,0.999438939672133,2824.2509,0.0,0
sz159915-simple_60_close_breakout-fee0.001,2026-05-09,75.8491,0.0,35500.0,3.806,135113.0,135188.8491,0.999438939672133,2824.2509,0.0,1
sz159915-simple_60_close_breakout-fee0.001,2026-05-10,75.8491,0.0,35500.0,3.806,135113.0,135188.8491,0.999438939672133,2824.2509,0.0,2
sz159915-simple_60_close_breakout-fee0.001,2026-05-11,75.8491,0.0,35500.0,3.947,140118.5,140194.3491,0.9994589717739201,2824.2509,0.0,0
sz159915-simple_60_close_breakout-fee0.001,2026-05-12,75.8491,0.0,35500.0,3.94,139870.0,139945.8491,0.9994580110772289,2824.2509,0.0,0
sz159915-simple_60_close_breakout-fee0.001,2026-05-13,75.8491,0.0,35500.0,4.048,143704.0,143779.8491,0.9994724636277282,2824.2509,0.0,0
sz159915-simple_60_close_breakout-fee0.001,2026-05-14,75.8491,0.0,35500.0,3.961,140615.5,140691.3491,0.9994608829861594,2824.2509,0.0,0
sz159915-simple_60_close_breakout-fee0.001,2026-05-15,75.8491,0.0,35500.0,3.97,140935.0,141010.8491,0.9994621045083828,2824.2509,0.0,0
sz159915-simple_60_close_breakout-fee0.001,2026-05-16,75.8491,0.0,35500.0,3.97,140935.0,141010.8491,0.9994621045083828,2824.2509,0.0,1
sz159915-simple_60_close_breakout-fee0.001,2026-05-17,75.8491,0.0,35500.0,3.97,140935.0,141010.8491,0.9994621045083828,2824.2509,0.0,2
sz159915-simple_60_close_breakout-fee0.001,2026-05-18,75.8491,0.0,35500.0,3.923,139266.5,139342.3491,0.9994556636909747,2824.2509,0.0,0
sz159915-simple_60_close_breakout-fee0.001,2026-05-19,75.8491,0.0,35500.0,3.922,139231.0,139306.8491,0.9994555249760508,2824.2509,0.0,0
sz159915-simple_60_close_breakout-fee0.001,2026-05-20,75.8491,0.0,35500.0,3.932,139586.0,139661.8491,0.9994569089519523,2824.2509,0.0,0
sz159915-simple_60_close_breakout-fee0.001,2026-05-21,75.8491,0.0,35500.0,3.846,136533.0,136608.8491,0.9994447716930513,2824.2509,0.0,0
sz159915-simple_60_close_breakout-fee0.001,2026-05-22,75.8491,0.0,35500.0,3.946,140083.0,140158.8491,0.9994588347401034,2824.2509,0.0,0
sz159915-simple_60_close_breakout-fee0.001,2026-05-23,75.8491,0.0,35500.0,3.946,140083.0,140158.8491,0.9994588347401034,2824.2509,0.0,1
sz159915-simple_60_close_breakout-fee0.001,2026-05-24,75.8491,0.0,35500.0,3.946,140083.0,140158.8491,0.9994588347401034,2824.2509,0.0,2
sz159915-simple_60_close_breakout-fee0.001,2026-05-25,75.8491,0.0,35500.0,4.034,143207.0,143282.8491,0.9994706337815278,2824.2509,0.0,0
sz159915-simple_60_close_breakout-fee0.001,2026-05-26,75.8491,0.0,35500.0,4.055,143952.5,144028.3491,0.9994733738151276,2824.2509,0.0,0
sz159915-simple_60_close_breakout-fee0.001,2026-05-27,75.8491,0.0,35500.0,4.056,143988.0,144063.8491,0.999473503585571,2824.2509,0.0,0
sz159915-simple_60_close_breakout-fee0.001,2026-05-28,75.8491,0.0,35500.0,4.138,146899.0,146974.8491,0.9994839314313676,2824.2509,0.0,0
sz159915-simple_60_close_breakout-fee0.001,2026-05-29,75.8491,0.0,35500.0,4.053,143881.5,143957.3491,0.999473114082232,2824.2509,0.0,0
sz159915-simple_60_close_breakout-fee0.001,2026-05-30,75.8491,0.0,35500.0,4.053,143881.5,143957.3491,0.999473114082232,2824.2509,0.0,1
sz159915-simple_60_close_breakout-fee0.001,2026-05-31,75.8491,0.0,35500.0,4.053,143881.5,143957.3491,0.999473114082232,2824.2509,0.0,2
sz159915-simple_60_close_breakout-fee0.001,2026-06-01,75.8491,0.0,35500.0,3.964,140722.0,140797.8491,0.9994612907762097,2824.2509,0.0,0
sz159915-simple_60_close_breakout-fee0.001,2026-06-02,75.8491,0.0,35500.0,4.071,144520.5,144596.3491,0.9994754424958022,2824.2509,0.0,0
sz159915-simple_60_close_breakout-fee0.001,2026-06-03,75.8491,0.0,35500.0,4.145,147147.5,147223.3491,0.9994848025094955,2824.2509,0.0,0
sz159915-simple_60_close_breakout-fee0.001,2026-06-04,75.8491,0.0,35500.0,4.1,145550.0,145625.8491,0.9994791508480894,2824.2509,0.0,0
sz159915-simple_60_close_breakout-fee0.001,2026-06-05,75.8491,0.0,35500.0,3.977,141183.5,141259.3491,0.9994630507610063,2824.2509,0.0,0
sz159915-simple_60_close_breakout-fee0.001,2026-06-06,75.8491,0.0,35500.0,3.977,141183.5,141259.3491,0.9994630507610063,2824.2509,0.0,1
sz159915-simple_60_close_breakout-fee0.001,2026-06-07,75.8491,0.0,35500.0,3.977,141183.5,141259.3491,0.9994630507610063,2824.2509,0.0,2
sz159915-simple_60_close_breakout-fee0.001,2026-06-08,75.8491,0.0,35500.0,3.827,135858.5,135934.3491,0.9994420166756807,2824.2509,0.0,0
sz159915-simple_60_close_breakout-fee0.001,2026-06-09,75.8491,0.0,35500.0,3.972,141006.0,141081.8491,0.9994623752064219,2824.2509,0.0,0
sz159915-simple_60_close_breakout-fee0.001,2026-06-10,75.8491,0.0,35500.0,3.87,137385.0,137460.8491,0.9994482130694187,2824.2509,0.0,0
sz159915-simple_60_close_breakout-fee0.001,2026-06-11,75.8491,0.0,35500.0,3.83,135965.0,136040.8491,0.9994424534946541,2824.2509,0.0,0
sz159915-simple_60_close_breakout-fee0.001,2026-06-12,75.8491,0.0,35500.0,3.846,136533.0,136608.8491,0.9994447716930513,2824.2509,0.0,0
sz159915-simple_60_close_breakout-fee0.001,2026-06-13,75.8491,0.0,35500.0,3.846,136533.0,136608.8491,0.9994447716930513,2824.2509,0.0,1
sz159915-simple_60_close_breakout-fee0.001,2026-06-14,75.8491,0.0,35500.0,3.846,136533.0,136608.8491,0.9994447716930513,2824.2509,0.0,2
sz159915-simple_60_close_breakout-fee0.001,2026-06-15,75.8491,0.0,35500.0,4.045,143597.5,143673.3491,0.9994720725835714,2824.2509,0.0,0
sz159915-simple_60_close_breakout-fee0.001,2026-06-16,75.8491,0.0,35500.0,4.111,145940.5,146016.3491,0.9994805437852164,2824.2509,0.0,0
sz159915-simple_60_close_breakout-fee0.001,2026-06-17,75.8491,0.0,35500.0,4.183,148496.5,148572.3491,0.9994894803746494,2824.2509,0.0,0
sz159915-simple_60_close_breakout-fee0.001,2026-06-18,75.8491,0.0,35500.0,4.269,151549.5,151625.3491,0.9994997597667526,2824.2509,0.0,0
sz159915-simple_60_close_breakout-fee0.001,2026-06-19,75.8491,0.0,35500.0,4.269,151549.5,151625.3491,0.9994997597667526,2824.2509,0.0,1
sz159915-simple_60_close_breakout-fee0.001,2026-06-20,75.8491,0.0,35500.0,4.269,151549.5,151625.3491,0.9994997597667526,2824.2509,0.0,2
sz159915-simple_60_close_breakout-fee0.001,2026-06-21,75.8491,0.0,35500.0,4.269,151549.5,151625.3491,0.9994997597667526,2824.2509,0.0,3
sz159915-simple_60_close_breakout-fee0.001,2026-06-22,75.8491,0.0,35500.0,4.379,155454.5,155530.3491,0.9995123196183966,2824.2509,0.0,0
sz159915-simple_60_close_breakout-fee0.001,2026-06-23,75.8491,0.0,35500.0,4.21,149455.0,149530.8491,0.9994927528302252,2824.2509,0.0,0
sz159915-simple_60_close_breakout-fee0.001,2026-06-24,75.8491,0.0,35500.0,4.258,151159.0,151234.8491,0.9994984681080361,2824.2509,0.0,0
sz159915-simple_60_close_breakout-fee0.001,2026-06-25,75.8491,0.0,35500.0,4.395,156022.5,156098.3491,0.9995140941564257,2824.2509,0.0,0
sz159915-simple_60_close_breakout-fee0.001,2026-06-26,75.8491,0.0,35500.0,4.215,149632.5,149708.3491,0.9994933542420581,2824.2509,0.0,0
sz159915-simple_60_close_breakout-fee0.001,2026-06-27,75.8491,0.0,35500.0,4.215,149632.5,149708.3491,0.9994933542420581,2824.2509,0.0,1
sz159915-simple_60_close_breakout-fee0.001,2026-06-28,75.8491,0.0,35500.0,4.215,149632.5,149708.3491,0.9994933542420581,2824.2509,0.0,2
sz159915-simple_60_close_breakout-fee0.001,2026-06-29,75.8491,0.0,35500.0,4.236,150378.0,150453.8491,0.9994958646757546,2824.2509,0.0,0
sz159915-simple_60_close_breakout-fee0.001,2026-06-30,75.8491,0.0,35500.0,4.364,154922.0,154997.8491,0.9995106441770617,2824.2509,0.0,0
