account_id,date,cash,receivable,units,mark,market_value,equity,invested_weight,fees,dividends_received,mark_age_days
sz159915-H1_weekly_binary_hysteresis-fee0.001,2015-01-01,100000.0,0.0,0.0,1.43,0.0,100000.0,0.0,0.0,0.0,1
sz159915-H1_weekly_binary_hysteresis-fee0.001,2015-01-02,100000.0,0.0,0.0,1.43,0.0,100000.0,0.0,0.0,0.0,2
sz159915-H1_weekly_binary_hysteresis-fee0.001,2015-01-03,100000.0,0.0,0.0,1.43,0.0,100000.0,0.0,0.0,0.0,3
sz159915-H1_weekly_binary_hysteresis-fee0.001,2015-01-04,100000.0,0.0,0.0,1.43,0.0,100000.0,0.0,0.0,0.0,4
sz159915-H1_weekly_binary_hysteresis-fee0.001,2015-01-05,100000.0,0.0,0.0,1.424,0.0,100000.0,0.0,0.0,0.0,0
sz159915-H1_weekly_binary_hysteresis-fee0.001,2015-01-06,100000.0,0.0,0.0,1.502,0.0,100000.0,0.0,0.0,0.0,0
sz159915-H1_weekly_binary_hysteresis-fee0.001,2015-01-07,100000.0,0.0,0.0,1.474,0.0,100000.0,0.0,0.0,0.0,0
sz159915-H1_weekly_binary_hysteresis-fee0.001,2015-01-08,100000.0,0.0,0.0,1.493,0.0,100000.0,0.0,0.0,0.0,0
sz159915-H1_weekly_binary_hysteresis-fee0.001,2015-01-09,100000.0,0.0,0.0,1.503,0.0,100000.0,0.0,0.0,0.0,0
sz159915-H1_weekly_binary_hysteresis-fee0.001,2015-01-10,100000.0,0.0,0.0,1.503,0.0,100000.0,0.0,0.0,0.0,1
sz159915-H1_weekly_binary_hysteresis-fee0.001,2015-01-11,100000.0,0.0,0.0,1.503,0.0,100000.0,0.0,0.0,0.0,2
sz159915-H1_weekly_binary_hysteresis-fee0.001,2015-01-12,100000.0,0.0,0.0,1.54,0.0,100000.0,0.0,0.0,0.0,0
sz159915-H1_weekly_binary_hysteresis-fee0.001,2015-01-13,100000.0,0.0,0.0,1.551,0.0,100000.0,0.0,0.0,0.0,0
sz159915-H1_weekly_binary_hysteresis-fee0.001,2015-01-14,100000.0,0.0,0.0,1.536,0.0,100000.0,0.0,0.0,0.0,0
sz159915-H1_weekly_binary_hysteresis-fee0.001,2015-01-15,100000.0,0.0,0.0,1.534,0.0,100000.0,0.0,0.0,0.0,0
sz159915-H1_weekly_binary_hysteresis-fee0.001,2015-01-16,100000.0,0.0,0.0,1.592,0.0,100000.0,0.0,0.0,0.0,0
sz159915-H1_weekly_binary_hysteresis-fee0.001,2015-01-17,100000.0,0.0,0.0,1.592,0.0,100000.0,0.0,0.0,0.0,1
sz159915-H1_weekly_binary_hysteresis-fee0.001,2015-01-18,100000.0,0.0,0.0,1.592,0.0,100000.0,0.0,0.0,0.0,2
sz159915-H1_weekly_binary_hysteresis-fee0.001,2015-01-19,100000.0,0.0,0.0,1.579,0.0,100000.0,0.0,0.0,0.0,0
sz159915-H1_weekly_binary_hysteresis-fee0.001,2015-01-20,100000.0,0.0,0.0,1.657,0.0,100000.0,0.0,0.0,0.0,0
sz159915-H1_weekly_binary_hysteresis-fee0.001,2015-01-21,100000.0,0.0,0.0,1.668,0.0,100000.0,0.0,0.0,0.0,0
sz159915-H1_weekly_binary_hysteresis-fee0.001,2015-01-22,100000.0,0.0,0.0,1.683,0.0,100000.0,0.0,0.0,0.0,0
sz159915-H1_weekly_binary_hysteresis-fee0.001,2015-01-23,100000.0,0.0,0.0,1.638,0.0,100000.0,0.0,0.0,0.0,0
sz159915-H1_weekly_binary_hysteresis-fee0.001,2015-01-24,100000.0,0.0,0.0,1.638,0.0,100000.0,0.0,0.0,0.0,1
sz159915-H1_weekly_binary_hysteresis-fee0.001,2015-01-25,100000.0,0.0,0.0,1.638,0.0,100000.0,0.0,0.0,0.0,2
sz159915-H1_weekly_binary_hysteresis-fee0.001,2015-01-26,100000.0,0.0,0.0,1.686,0.0,100000.0,0.0,0.0,0.0,0
sz159915-H1_weekly_binary_hysteresis-fee0.001,2015-01-27,100000.0,0.0,0.0,1.688,0.0,100000.0,0.0,0.0,0.0,0
sz159915-H1_weekly_binary_hysteresis-fee0.001,2015-01-28,100000.0,0.0,0.0,1.668,0.0,100000.0,0.0,0.0,0.0,0
sz159915-H1_weekly_binary_hysteresis-fee0.001,2015-01-29,100000.0,0.0,0.0,1.652,0.0,100000.0,0.0,0.0,0.0,0
sz159915-H1_weekly_binary_hysteresis-fee0.001,2015-01-30,100000.0,0.0,0.0,1.623,0.0,100000.0,0.0,0.0,0.0,0
sz159915-H1_weekly_binary_hysteresis-fee0.001,2015-01-31,100000.0,0.0,0.0,1.623,0.0,100000.0,0.0,0.0,0.0,1
sz159915-H1_weekly_binary_hysteresis-fee0.001,2015-02-01,100000.0,0.0,0.0,1.623,0.0,100000.0,0.0,0.0,0.0,2
sz159915-H1_weekly_binary_hysteresis-fee0.001,2015-02-02,100000.0,0.0,0.0,1.639,0.0,100000.0,0.0,0.0,0.0,0
sz159915-H1_weekly_binary_hysteresis-fee0.001,2015-02-03,100000.0,0.0,0.0,1.693,0.0,100000.0,0.0,0.0,0.0,0
sz159915-H1_weekly_binary_hysteresis-fee0.001,2015-02-04,100000.0,0.0,0.0,1.698,0.0,100000.0,0.0,0.0,0.0,0
sz159915-H1_weekly_binary_hysteresis-fee0.001,2015-02-05,100000.0,0.0,0.0,1.709,0.0,100000.0,0.0,0.0,0.0,0
sz159915-H1_weekly_binary_hysteresis-fee0.001,2015-02-06,100000.0,0.0,0.0,1.661,0.0,100000.0,0.0,0.0,0.0,0
sz159915-H1_weekly_binary_hysteresis-fee0.001,2015-02-07,100000.0,0.0,0.0,1.661,0.0,100000.0,0.0,0.0,0.0,1
sz159915-H1_weekly_binary_hysteresis-fee0.001,2015-02-08,100000.0,0.0,0.0,1.661,0.0,100000.0,0.0,0.0,0.0,2
sz159915-H1_weekly_binary_hysteresis-fee0.001,2015-02-09,100000.0,0.0,0.0,1.645,0.0,100000.0,0.0,0.0,0.0,0
sz159915-H1_weekly_binary_hysteresis-fee0.001,2015-02-10,100000.0,0.0,0.0,1.685,0.0,100000.0,0.0,0.0,0.0,0
sz159915-H1_weekly_binary_hysteresis-fee0.001,2015-02-11,100000.0,0.0,0.0,1.705,0.0,100000.0,0.0,0.0,0.0,0
sz159915-H1_weekly_binary_hysteresis-fee0.001,2015-02-12,100000.0,0.0,0.0,1.72,0.0,100000.0,0.0,0.0,0.0,0
sz159915-H1_weekly_binary_hysteresis-fee0.001,2015-02-13,100000.0,0.0,0.0,1.761,0.0,100000.0,0.0,0.0,0.0,0
sz159915-H1_weekly_binary_hysteresis-fee0.001,2015-02-14,100000.0,0.0,0.0,1.761,0.0,100000.0,0.0,0.0,0.0,1
sz159915-H1_weekly_binary_hysteresis-fee0.001,2015-02-15,100000.0,0.0,0.0,1.761,0.0,100000.0,0.0,0.0,0.0,2
sz159915-H1_weekly_binary_hysteresis-fee0.001,2015-02-16,100000.0,0.0,0.0,1.83,0.0,100000.0,0.0,0.0,0.0,0
sz159915-H1_weekly_binary_hysteresis-fee0.001,2015-02-17,100000.0,0.0,0.0,1.82,0.0,100000.0,0.0,0.0,0.0,0
sz159915-H1_weekly_binary_hysteresis-fee0.001,2015-02-18,100000.0,0.0,0.0,1.82,0.0,100000.0,0.0,0.0,0.0,1
sz159915-H1_weekly_binary_hysteresis-fee0.001,2015-02-19,100000.0,0.0,0.0,1.82,0.0,100000.0,0.0,0.0,0.0,2
sz159915-H1_weekly_binary_hysteresis-fee0.001,2015-02-20,100000.0,0.0,0.0,1.82,0.0,100000.0,0.0,0.0,0.0,3
sz159915-H1_weekly_binary_hysteresis-fee0.001,2015-02-21,100000.0,0.0,0.0,1.82,0.0,100000.0,0.0,0.0,0.0,4
sz159915-H1_weekly_binary_hysteresis-fee0.001,2015-02-22,100000.0,0.0,0.0,1.82,0.0,100000.0,0.0,0.0,0.0,5
sz159915-H1_weekly_binary_hysteresis-fee0.001,2015-02-23,100000.0,0.0,0.0,1.82,0.0,100000.0,0.0,0.0,0.0,6
sz159915-H1_weekly_binary_hysteresis-fee0.001,2015-02-24,100000.0,0.0,0.0,1.82,0.0,100000.0,0.0,0.0,0.0,7
sz159915-H1_weekly_binary_hysteresis-fee0.001,2015-02-25,100000.0,0.0,0.0,1.803,0.0,100000.0,0.0,0.0,0.0,0
sz159915-H1_weekly_binary_hysteresis-fee0.001,2015-02-26,100000.0,0.0,0.0,1.814,0.0,100000.0,0.0,0.0,0.0,0
sz159915-H1_weekly_binary_hysteresis-fee0.001,2015-02-27,100000.0,0.0,0.0,1.863,0.0,100000.0,0.0,0.0,0.0,0
sz159915-H1_weekly_binary_hysteresis-fee0.001,2015-02-28,100000.0,0.0,0.0,1.863,0.0,100000.0,0.0,0.0,0.0,1
sz159915-H1_weekly_binary_hysteresis-fee0.001,2015-03-01,100000.0,0.0,0.0,1.863,0.0,100000.0,0.0,0.0,0.0,2
sz159915-H1_weekly_binary_hysteresis-fee0.001,2015-03-02,100000.0,0.0,0.0,1.914,0.0,100000.0,0.0,0.0,0.0,0
sz159915-H1_weekly_binary_hysteresis-fee0.001,2015-03-03,100000.0,0.0,0.0,1.883,0.0,100000.0,0.0,0.0,0.0,0
sz159915-H1_weekly_binary_hysteresis-fee0.001,2015-03-04,100000.0,0.0,0.0,1.94,0.0,100000.0,0.0,0.0,0.0,0
sz159915-H1_weekly_binary_hysteresis-fee0.001,2015-03-05,100000.0,0.0,0.0,1.938,0.0,100000.0,0.0,0.0,0.0,0
sz159915-H1_weekly_binary_hysteresis-fee0.001,2015-03-06,100000.0,0.0,0.0,1.88,0.0,100000.0,0.0,0.0,0.0,0
sz159915-H1_weekly_binary_hysteresis-fee0.001,2015-03-07,100000.0,0.0,0.0,1.88,0.0,100000.0,0.0,0.0,0.0,1
sz159915-H1_weekly_binary_hysteresis-fee0.001,2015-03-08,100000.0,0.0,0.0,1.88,0.0,100000.0,0.0,0.0,0.0,2
sz159915-H1_weekly_binary_hysteresis-fee0.001,2015-03-09,100000.0,0.0,0.0,1.927,0.0,100000.0,0.0,0.0,0.0,0
sz159915-H1_weekly_binary_hysteresis-fee0.001,2015-03-10,100000.0,0.0,0.0,1.972,0.0,100000.0,0.0,0.0,0.0,0
sz159915-H1_weekly_binary_hysteresis-fee0.001,2015-03-11,100000.0,0.0,0.0,1.96,0.0,100000.0,0.0,0.0,0.0,0
sz159915-H1_weekly_binary_hysteresis-fee0.001,2015-03-12,100000.0,0.0,0.0,1.94,0.0,100000.0,0.0,0.0,0.0,0
sz159915-H1_weekly_binary_hysteresis-fee0.001,2015-03-13,100000.0,0.0,0.0,1.992,0.0,100000.0,0.0,0.0,0.0,0
sz159915-H1_weekly_binary_hysteresis-fee0.001,2015-03-14,100000.0,0.0,0.0,1.992,0.0,100000.0,0.0,0.0,0.0,1
sz159915-H1_weekly_binary_hysteresis-fee0.001,2015-03-15,100000.0,0.0,0.0,1.992,0.0,100000.0,0.0,0.0,0.0,2
sz159915-H1_weekly_binary_hysteresis-fee0.001,2015-03-16,100000.0,0.0,0.0,2.061,0.0,100000.0,0.0,0.0,0.0,0
sz159915-H1_weekly_binary_hysteresis-fee0.001,2015-03-17,100000.0,0.0,0.0,2.053,0.0,100000.0,0.0,0.0,0.0,0
sz159915-H1_weekly_binary_hysteresis-fee0.001,2015-03-18,100000.0,0.0,0.0,2.099,0.0,100000.0,0.0,0.0,0.0,0
sz159915-H1_weekly_binary_hysteresis-fee0.001,2015-03-19,100000.0,0.0,0.0,2.095,0.0,100000.0,0.0,0.0,0.0,0
sz159915-H1_weekly_binary_hysteresis-fee0.001,2015-03-20,100000.0,0.0,0.0,2.126,0.0,100000.0,0.0,0.0,0.0,0
sz159915-H1_weekly_binary_hysteresis-fee0.001,2015-03-21,100000.0,0.0,0.0,2.126,0.0,100000.0,0.0,0.0,0.0,1
sz159915-H1_weekly_binary_hysteresis-fee0.001,2015-03-22,100000.0,0.0,0.0,2.126,0.0,100000.0,0.0,0.0,0.0,2
sz159915-H1_weekly_binary_hysteresis-fee0.001,2015-03-23,100000.0,0.0,0.0,2.206,0.0,100000.0,0.0,0.0,0.0,0
sz159915-H1_weekly_binary_hysteresis-fee0.001,2015-03-24,100000.0,0.0,0.0,2.273,0.0,100000.0,0.0,0.0,0.0,0
sz159915-H1_weekly_binary_hysteresis-fee0.001,2015-03-25,100000.0,0.0,0.0,2.288,0.0,100000.0,0.0,0.0,0.0,0
sz159915-H1_weekly_binary_hysteresis-fee0.001,2015-03-26,100000.0,0.0,0.0,2.19,0.0,100000.0,0.0,0.0,0.0,0
sz159915-H1_weekly_binary_hysteresis-fee0.001,2015-03-27,100000.0,0.0,0.0,2.228,0.0,100000.0,0.0,0.0,0.0,0
sz159915-H1_weekly_binary_hysteresis-fee0.001,2015-03-28,100000.0,0.0,0.0,2.228,0.0,100000.0,0.0,0.0,0.0,1
sz159915-H1_weekly_binary_hysteresis-fee0.001,2015-03-29,100000.0,0.0,0.0,2.228,0.0,100000.0,0.0,0.0,0.0,2
sz159915-H1_weekly_binary_hysteresis-fee0.001,2015-03-30,100000.0,0.0,0.0,2.193,0.0,100000.0,0.0,0.0,0.0,0
sz159915-H1_weekly_binary_hysteresis-fee0.001,2015-03-31,100000.0,0.0,0.0,2.247,0.0,100000.0,0.0,0.0,0.0,0
sz159915-H1_weekly_binary_hysteresis-fee0.001,2015-04-01,100000.0,0.0,0.0,2.296,0.0,100000.0,0.0,0.0,0.0,0
sz159915-H1_weekly_binary_hysteresis-fee0.001,2015-04-02,100000.0,0.0,0.0,2.369,0.0,100000.0,0.0,0.0,0.0,0
sz159915-H1_weekly_binary_hysteresis-fee0.001,2015-04-03,100000.0,0.0,0.0,2.391,0.0,100000.0,0.0,0.0,0.0,0
sz159915-H1_weekly_binary_hysteresis-fee0.001,2015-04-04,100000.0,0.0,0.0,2.391,0.0,100000.0,0.0,0.0,0.0,1
sz159915-H1_weekly_binary_hysteresis-fee0.001,2015-04-05,100000.0,0.0,0.0,2.391,0.0,100000.0,0.0,0.0,0.0,2
sz159915-H1_weekly_binary_hysteresis-fee0.001,2015-04-06,100000.0,0.0,0.0,2.391,0.0,100000.0,0.0,0.0,0.0,3
sz159915-H1_weekly_binary_hysteresis-fee0.001,2015-04-07,100000.0,0.0,0.0,2.438,0.0,100000.0,0.0,0.0,0.0,0
sz159915-H1_weekly_binary_hysteresis-fee0.001,2015-04-08,100000.0,0.0,0.0,2.377,0.0,100000.0,0.0,0.0,0.0,0
sz159915-H1_weekly_binary_hysteresis-fee0.001,2015-04-09,100000.0,0.0,0.0,2.466,0.0,100000.0,0.0,0.0,0.0,0
sz159915-H1_weekly_binary_hysteresis-fee0.001,2015-04-10,100000.0,0.0,0.0,2.424,0.0,100000.0,0.0,0.0,0.0,0
sz159915-H1_weekly_binary_hysteresis-fee0.001,2015-04-11,100000.0,0.0,0.0,2.424,0.0,100000.0,0.0,0.0,0.0,1
sz159915-H1_weekly_binary_hysteresis-fee0.001,2015-04-12,100000.0,0.0,0.0,2.424,0.0,100000.0,0.0,0.0,0.0,2
sz159915-H1_weekly_binary_hysteresis-fee0.001,2015-04-13,100000.0,0.0,0.0,2.451,0.0,100000.0,0.0,0.0,0.0,0
sz159915-H1_weekly_binary_hysteresis-fee0.001,2015-04-14,100000.0,0.0,0.0,2.44,0.0,100000.0,0.0,0.0,0.0,0
sz159915-H1_weekly_binary_hysteresis-fee0.001,2015-04-15,100000.0,0.0,0.0,2.33,0.0,100000.0,0.0,0.0,0.0,0
sz159915-H1_weekly_binary_hysteresis-fee0.001,2015-04-16,100000.0,0.0,0.0,2.375,0.0,100000.0,0.0,0.0,0.0,0
sz159915-H1_weekly_binary_hysteresis-fee0.001,2015-04-17,100000.0,0.0,0.0,2.368,0.0,100000.0,0.0,0.0,0.0,0
sz159915-H1_weekly_binary_hysteresis-fee0.001,2015-04-18,100000.0,0.0,0.0,2.368,0.0,100000.0,0.0,0.0,0.0,1
sz159915-H1_weekly_binary_hysteresis-fee0.001,2015-04-19,100000.0,0.0,0.0,2.368,0.0,100000.0,0.0,0.0,0.0,2
sz159915-H1_weekly_binary_hysteresis-fee0.001,2015-04-20,100000.0,0.0,0.0,2.318,0.0,100000.0,0.0,0.0,0.0,0
sz159915-H1_weekly_binary_hysteresis-fee0.001,2015-04-21,100000.0,0.0,0.0,2.496,0.0,100000.0,0.0,0.0,0.0,0
sz159915-H1_weekly_binary_hysteresis-fee0.001,2015-04-22,100000.0,0.0,0.0,2.524,0.0,100000.0,0.0,0.0,0.0,0
sz159915-H1_weekly_binary_hysteresis-fee0.001,2015-04-23,100000.0,0.0,0.0,2.598,0.0,100000.0,0.0,0.0,0.0,0
sz159915-H1_weekly_binary_hysteresis-fee0.001,2015-04-24,100000.0,0.0,0.0,2.645,0.0,100000.0,0.0,0.0,0.0,0
sz159915-H1_weekly_binary_hysteresis-fee0.001,2015-04-25,100000.0,0.0,0.0,2.645,0.0,100000.0,0.0,0.0,0.0,1
sz159915-H1_weekly_binary_hysteresis-fee0.001,2015-04-26,100000.0,0.0,0.0,2.645,0.0,100000.0,0.0,0.0,0.0,2
sz159915-H1_weekly_binary_hysteresis-fee0.001,2015-04-27,100000.0,0.0,0.0,2.65,0.0,100000.0,0.0,0.0,0.0,0
sz159915-H1_weekly_binary_hysteresis-fee0.001,2015-04-28,100000.0,0.0,0.0,2.583,0.0,100000.0,0.0,0.0,0.0,0
sz159915-H1_weekly_binary_hysteresis-fee0.001,2015-04-29,100000.0,0.0,0.0,2.723,0.0,100000.0,0.0,0.0,0.0,0
sz159915-H1_weekly_binary_hysteresis-fee0.001,2015-04-30,100000.0,0.0,0.0,2.748,0.0,100000.0,0.0,0.0,0.0,0
sz159915-H1_weekly_binary_hysteresis-fee0.001,2015-05-01,100000.0,0.0,0.0,2.748,0.0,100000.0,0.0,0.0,0.0,1
sz159915-H1_weekly_binary_hysteresis-fee0.001,2015-05-02,100000.0,0.0,0.0,2.748,0.0,100000.0,0.0,0.0,0.0,2
sz159915-H1_weekly_binary_hysteresis-fee0.001,2015-05-03,100000.0,0.0,0.0,2.748,0.0,100000.0,0.0,0.0,0.0,3
sz159915-H1_weekly_binary_hysteresis-fee0.001,2015-05-04,100000.0,0.0,0.0,2.74,0.0,100000.0,0.0,0.0,0.0,0
sz159915-H1_weekly_binary_hysteresis-fee0.001,2015-05-05,100000.0,0.0,0.0,2.67,0.0,100000.0,0.0,0.0,0.0,0
sz159915-H1_weekly_binary_hysteresis-fee0.001,2015-05-06,100000.0,0.0,0.0,2.738,0.0,100000.0,0.0,0.0,0.0,0
sz159915-H1_weekly_binary_hysteresis-fee0.001,2015-05-07,100000.0,0.0,0.0,2.686,0.0,100000.0,0.0,0.0,0.0,0
sz159915-H1_weekly_binary_hysteresis-fee0.001,2015-05-08,100000.0,0.0,0.0,2.894,0.0,100000.0,0.0,0.0,0.0,0
sz159915-H1_weekly_binary_hysteresis-fee0.001,2015-05-09,100000.0,0.0,0.0,2.894,0.0,100000.0,0.0,0.0,0.0,1
sz159915-H1_weekly_binary_hysteresis-fee0.001,2015-05-10,100000.0,0.0,0.0,2.894,0.0,100000.0,0.0,0.0,0.0,2
sz159915-H1_weekly_binary_hysteresis-fee0.001,2015-05-11,100000.0,0.0,0.0,3.05,0.0,100000.0,0.0,0.0,0.0,0
sz159915-H1_weekly_binary_hysteresis-fee0.001,2015-05-12,100000.0,0.0,0.0,3.129,0.0,100000.0,0.0,0.0,0.0,0
sz159915-H1_weekly_binary_hysteresis-fee0.001,2015-05-13,100000.0,0.0,0.0,3.036,0.0,100000.0,0.0,0.0,0.0,0
sz159915-H1_weekly_binary_hysteresis-fee0.001,2015-05-14,100000.0,0.0,0.0,3.008,0.0,100000.0,0.0,0.0,0.0,0
sz159915-H1_weekly_binary_hysteresis-fee0.001,2015-05-15,100000.0,0.0,0.0,3.016,0.0,100000.0,0.0,0.0,0.0,0
sz159915-H1_weekly_binary_hysteresis-fee0.001,2015-05-16,100000.0,0.0,0.0,3.016,0.0,100000.0,0.0,0.0,0.0,1
sz159915-H1_weekly_binary_hysteresis-fee0.001,2015-05-17,100000.0,0.0,0.0,3.016,0.0,100000.0,0.0,0.0,0.0,2
sz159915-H1_weekly_binary_hysteresis-fee0.001,2015-05-18,100000.0,0.0,0.0,3.157,0.0,100000.0,0.0,0.0,0.0,0
sz159915-H1_weekly_binary_hysteresis-fee0.001,2015-05-19,100000.0,0.0,0.0,3.185,0.0,100000.0,0.0,0.0,0.0,0
sz159915-H1_weekly_binary_hysteresis-fee0.001,2015-05-20,100000.0,0.0,0.0,3.264,0.0,100000.0,0.0,0.0,0.0,0
sz159915-H1_weekly_binary_hysteresis-fee0.001,2015-05-21,100000.0,0.0,0.0,3.41,0.0,100000.0,0.0,0.0,0.0,0
sz159915-H1_weekly_binary_hysteresis-fee0.001,2015-05-22,100000.0,0.0,0.0,3.382,0.0,100000.0,0.0,0.0,0.0,0
sz159915-H1_weekly_binary_hysteresis-fee0.001,2015-05-23,100000.0,0.0,0.0,3.382,0.0,100000.0,0.0,0.0,0.0,1
sz159915-H1_weekly_binary_hysteresis-fee0.001,2015-05-24,100000.0,0.0,0.0,3.382,0.0,100000.0,0.0,0.0,0.0,2
sz159915-H1_weekly_binary_hysteresis-fee0.001,2015-05-25,100000.0,0.0,0.0,3.327,0.0,100000.0,0.0,0.0,0.0,0
sz159915-H1_weekly_binary_hysteresis-fee0.001,2015-05-26,100000.0,0.0,0.0,3.463,0.0,100000.0,0.0,0.0,0.0,0
sz159915-H1_weekly_binary_hysteresis-fee0.001,2015-05-27,100000.0,0.0,0.0,3.463,0.0,100000.0,0.0,0.0,0.0,0
sz159915-H1_weekly_binary_hysteresis-fee0.001,2015-05-28,100000.0,0.0,0.0,3.29,0.0,100000.0,0.0,0.0,0.0,0
sz159915-H1_weekly_binary_hysteresis-fee0.001,2015-05-29,100000.0,0.0,0.0,3.384,0.0,100000.0,0.0,0.0,0.0,0
sz159915-H1_weekly_binary_hysteresis-fee0.001,2015-05-30,100000.0,0.0,0.0,3.384,0.0,100000.0,0.0,0.0,0.0,1
sz159915-H1_weekly_binary_hysteresis-fee0.001,2015-05-31,100000.0,0.0,0.0,3.384,0.0,100000.0,0.0,0.0,0.0,2
sz159915-H1_weekly_binary_hysteresis-fee0.001,2015-06-01,100000.0,0.0,0.0,3.568,0.0,100000.0,0.0,0.0,0.0,0
sz159915-H1_weekly_binary_hysteresis-fee0.001,2015-06-02,100000.0,0.0,0.0,3.768,0.0,100000.0,0.0,0.0,0.0,0
sz159915-H1_weekly_binary_hysteresis-fee0.001,2015-06-03,100000.0,0.0,0.0,3.79,0.0,100000.0,0.0,0.0,0.0,0
sz159915-H1_weekly_binary_hysteresis-fee0.001,2015-06-04,100000.0,0.0,0.0,3.751,0.0,100000.0,0.0,0.0,0.0,0
sz159915-H1_weekly_binary_hysteresis-fee0.001,2015-06-05,100000.0,0.0,0.0,3.703,0.0,100000.0,0.0,0.0,0.0,0
sz159915-H1_weekly_binary_hysteresis-fee0.001,2015-06-06,100000.0,0.0,0.0,3.703,0.0,100000.0,0.0,0.0,0.0,1
sz159915-H1_weekly_binary_hysteresis-fee0.001,2015-06-07,100000.0,0.0,0.0,3.703,0.0,100000.0,0.0,0.0,0.0,2
sz159915-H1_weekly_binary_hysteresis-fee0.001,2015-06-08,100000.0,0.0,0.0,3.533,0.0,100000.0,0.0,0.0,0.0,0
sz159915-H1_weekly_binary_hysteresis-fee0.001,2015-06-09,100000.0,0.0,0.0,3.526,0.0,100000.0,0.0,0.0,0.0,0
sz159915-H1_weekly_binary_hysteresis-fee0.001,2015-06-10,100000.0,0.0,0.0,3.66,0.0,100000.0,0.0,0.0,0.0,0
sz159915-H1_weekly_binary_hysteresis-fee0.001,2015-06-11,100000.0,0.0,0.0,3.666,0.0,100000.0,0.0,0.0,0.0,0
sz159915-H1_weekly_binary_hysteresis-fee0.001,2015-06-12,100000.0,0.0,0.0,3.704,0.0,100000.0,0.0,0.0,0.0,0
sz159915-H1_weekly_binary_hysteresis-fee0.001,2015-06-13,100000.0,0.0,0.0,3.704,0.0,100000.0,0.0,0.0,0.0,1
sz159915-H1_weekly_binary_hysteresis-fee0.001,2015-06-14,100000.0,0.0,0.0,3.704,0.0,100000.0,0.0,0.0,0.0,2
sz159915-H1_weekly_binary_hysteresis-fee0.001,2015-06-15,100000.0,0.0,0.0,3.512,0.0,100000.0,0.0,0.0,0.0,0
sz159915-H1_weekly_binary_hysteresis-fee0.001,2015-06-16,100000.0,0.0,0.0,3.402,0.0,100000.0,0.0,0.0,0.0,0
sz159915-H1_weekly_binary_hysteresis-fee0.001,2015-06-17,100000.0,0.0,0.0,3.545,0.0,100000.0,0.0,0.0,0.0,0
sz159915-H1_weekly_binary_hysteresis-fee0.001,2015-06-18,100000.0,0.0,0.0,3.32,0.0,100000.0,0.0,0.0,0.0,0
sz159915-H1_weekly_binary_hysteresis-fee0.001,2015-06-19,100000.0,0.0,0.0,3.15,0.0,100000.0,0.0,0.0,0.0,0
sz159915-H1_weekly_binary_hysteresis-fee0.001,2015-06-20,100000.0,0.0,0.0,3.15,0.0,100000.0,0.0,0.0,0.0,1
sz159915-H1_weekly_binary_hysteresis-fee0.001,2015-06-21,100000.0,0.0,0.0,3.15,0.0,100000.0,0.0,0.0,0.0,2
sz159915-H1_weekly_binary_hysteresis-fee0.001,2015-06-22,100000.0,0.0,0.0,3.15,0.0,100000.0,0.0,0.0,0.0,3
sz159915-H1_weekly_binary_hysteresis-fee0.001,2015-06-23,100000.0,0.0,0.0,3.208,0.0,100000.0,0.0,0.0,0.0,0
sz159915-H1_weekly_binary_hysteresis-fee0.001,2015-06-24,100000.0,0.0,0.0,3.199,0.0,100000.0,0.0,0.0,0.0,0
sz159915-H1_weekly_binary_hysteresis-fee0.001,2015-06-25,100000.0,0.0,0.0,3.03,0.0,100000.0,0.0,0.0,0.0,0
sz159915-H1_weekly_binary_hysteresis-fee0.001,2015-06-26,100000.0,0.0,0.0,2.767,0.0,100000.0,0.0,0.0,0.0,0
sz159915-H1_weekly_binary_hysteresis-fee0.001,2015-06-27,100000.0,0.0,0.0,2.767,0.0,100000.0,0.0,0.0,0.0,1
sz159915-H1_weekly_binary_hysteresis-fee0.001,2015-06-28,100000.0,0.0,0.0,2.767,0.0,100000.0,0.0,0.0,0.0,2
sz159915-H1_weekly_binary_hysteresis-fee0.001,2015-06-29,100000.0,0.0,0.0,2.49,0.0,100000.0,0.0,0.0,0.0,0
sz159915-H1_weekly_binary_hysteresis-fee0.001,2015-06-30,100000.0,0.0,0.0,2.733,0.0,100000.0,0.0,0.0,0.0,0
sz159915-H1_weekly_binary_hysteresis-fee0.001,2015-07-01,100000.0,0.0,0.0,2.56,0.0,100000.0,0.0,0.0,0.0,0
sz159915-H1_weekly_binary_hysteresis-fee0.001,2015-07-02,100000.0,0.0,0.0,2.47,0.0,100000.0,0.0,0.0,0.0,0
sz159915-H1_weekly_binary_hysteresis-fee0.001,2015-07-03,100000.0,0.0,0.0,2.457,0.0,100000.0,0.0,0.0,0.0,0
sz159915-H1_weekly_binary_hysteresis-fee0.001,2015-07-04,100000.0,0.0,0.0,2.457,0.0,100000.0,0.0,0.0,0.0,1
sz159915-H1_weekly_binary_hysteresis-fee0.001,2015-07-05,100000.0,0.0,0.0,2.457,0.0,100000.0,0.0,0.0,0.0,2
sz159915-H1_weekly_binary_hysteresis-fee0.001,2015-07-06,100000.0,0.0,0.0,2.33,0.0,100000.0,0.0,0.0,0.0,0
sz159915-H1_weekly_binary_hysteresis-fee0.001,2015-07-07,100000.0,0.0,0.0,2.097,0.0,100000.0,0.0,0.0,0.0,0
sz159915-H1_weekly_binary_hysteresis-fee0.001,2015-07-08,100000.0,0.0,0.0,1.899,0.0,100000.0,0.0,0.0,0.0,0
sz159915-H1_weekly_binary_hysteresis-fee0.001,2015-07-09,100000.0,0.0,0.0,2.089,0.0,100000.0,0.0,0.0,0.0,0
sz159915-H1_weekly_binary_hysteresis-fee0.001,2015-07-10,100000.0,0.0,0.0,2.298,0.0,100000.0,0.0,0.0,0.0,0
sz159915-H1_weekly_binary_hysteresis-fee0.001,2015-07-11,100000.0,0.0,0.0,2.298,0.0,100000.0,0.0,0.0,0.0,1
sz159915-H1_weekly_binary_hysteresis-fee0.001,2015-07-12,100000.0,0.0,0.0,2.298,0.0,100000.0,0.0,0.0,0.0,2
sz159915-H1_weekly_binary_hysteresis-fee0.001,2015-07-13,202.302,0.0,39500.0,2.528,99856.0,100058.302,0.9979781587738716,99.698,0.0,0
sz159915-H1_weekly_binary_hysteresis-fee0.001,2015-07-14,202.302,0.0,39500.0,2.657,104951.5,105153.802,0.9980761323304316,99.698,0.0,0
sz159915-H1_weekly_binary_hysteresis-fee0.001,2015-07-15,202.302,0.0,39500.0,2.405,94997.5,95199.802,0.9978749745719009,99.698,0.0,0
sz159915-H1_weekly_binary_hysteresis-fee0.001,2015-07-16,202.302,0.0,39500.0,2.489,98315.5,98517.802,0.9979465437119679,99.698,0.0,0
sz159915-H1_weekly_binary_hysteresis-fee0.001,2015-07-17,202.302,0.0,39500.0,2.688,106176.0,106378.302,0.9980982775980012,99.698,0.0,0
sz159915-H1_weekly_binary_hysteresis-fee0.001,2015-07-18,202.302,0.0,39500.0,2.688,106176.0,106378.302,0.9980982775980012,99.698,0.0,1
sz159915-H1_weekly_binary_hysteresis-fee0.001,2015-07-19,202.302,0.0,39500.0,2.688,106176.0,106378.302,0.9980982775980012,99.698,0.0,2
sz159915-H1_weekly_binary_hysteresis-fee0.001,2015-07-20,105561.837,0.0,0.0,2.69,0.0,105561.837,0.0,205.163,0.0,0
sz159915-H1_weekly_binary_hysteresis-fee0.001,2015-07-21,105561.837,0.0,0.0,2.707,0.0,105561.837,0.0,205.163,0.0,0
sz159915-H1_weekly_binary_hysteresis-fee0.001,2015-07-22,105561.837,0.0,0.0,2.754,0.0,105561.837,0.0,205.163,0.0,0
sz159915-H1_weekly_binary_hysteresis-fee0.001,2015-07-23,105561.837,0.0,0.0,2.82,0.0,105561.837,0.0,205.163,0.0,0
sz159915-H1_weekly_binary_hysteresis-fee0.001,2015-07-24,105561.837,0.0,0.0,2.74,0.0,105561.837,0.0,205.163,0.0,0
sz159915-H1_weekly_binary_hysteresis-fee0.001,2015-07-25,105561.837,0.0,0.0,2.74,0.0,105561.837,0.0,205.163,0.0,1
sz159915-H1_weekly_binary_hysteresis-fee0.001,2015-07-26,105561.837,0.0,0.0,2.74,0.0,105561.837,0.0,205.163,0.0,2
sz159915-H1_weekly_binary_hysteresis-fee0.001,2015-07-27,105561.837,0.0,0.0,2.466,0.0,105561.837,0.0,205.163,0.0,0
sz159915-H1_weekly_binary_hysteresis-fee0.001,2015-07-28,105561.837,0.0,0.0,2.395,0.0,105561.837,0.0,205.163,0.0,0
sz159915-H1_weekly_binary_hysteresis-fee0.001,2015-07-29,105561.837,0.0,0.0,2.573,0.0,105561.837,0.0,205.163,0.0,0
sz159915-H1_weekly_binary_hysteresis-fee0.001,2015-07-30,105561.837,0.0,0.0,2.4,0.0,105561.837,0.0,205.163,0.0,0
sz159915-H1_weekly_binary_hysteresis-fee0.001,2015-07-31,105561.837,0.0,0.0,2.368,0.0,105561.837,0.0,205.163,0.0,0
sz159915-H1_weekly_binary_hysteresis-fee0.001,2015-08-01,105561.837,0.0,0.0,2.368,0.0,105561.837,0.0,205.163,0.0,1
sz159915-H1_weekly_binary_hysteresis-fee0.001,2015-08-02,105561.837,0.0,0.0,2.368,0.0,105561.837,0.0,205.163,0.0,2
sz159915-H1_weekly_binary_hysteresis-fee0.001,2015-08-03,105561.837,0.0,0.0,2.24,0.0,105561.837,0.0,205.163,0.0,0
sz159915-H1_weekly_binary_hysteresis-fee0.001,2015-08-04,105561.837,0.0,0.0,2.442,0.0,105561.837,0.0,205.163,0.0,0
sz159915-H1_weekly_binary_hysteresis-fee0.001,2015-08-05,105561.837,0.0,0.0,2.358,0.0,105561.837,0.0,205.163,0.0,0
sz159915-H1_weekly_binary_hysteresis-fee0.001,2015-08-06,105561.837,0.0,0.0,2.35,0.0,105561.837,0.0,205.163,0.0,0
sz159915-H1_weekly_binary_hysteresis-fee0.001,2015-08-07,105561.837,0.0,0.0,2.459,0.0,105561.837,0.0,205.163,0.0,0
sz159915-H1_weekly_binary_hysteresis-fee0.001,2015-08-08,105561.837,0.0,0.0,2.459,0.0,105561.837,0.0,205.163,0.0,1
sz159915-H1_weekly_binary_hysteresis-fee0.001,2015-08-09,105561.837,0.0,0.0,2.459,0.0,105561.837,0.0,205.163,0.0,2
sz159915-H1_weekly_binary_hysteresis-fee0.001,2015-08-10,105561.837,0.0,0.0,2.622,0.0,105561.837,0.0,205.163,0.0,0
sz159915-H1_weekly_binary_hysteresis-fee0.001,2015-08-11,105561.837,0.0,0.0,2.565,0.0,105561.837,0.0,205.163,0.0,0
sz159915-H1_weekly_binary_hysteresis-fee0.001,2015-08-12,105561.837,0.0,0.0,2.489,0.0,105561.837,0.0,205.163,0.0,0
sz159915-H1_weekly_binary_hysteresis-fee0.001,2015-08-13,105561.837,0.0,0.0,2.558,0.0,105561.837,0.0,205.163,0.0,0
sz159915-H1_weekly_binary_hysteresis-fee0.001,2015-08-14,105561.837,0.0,0.0,2.525,0.0,105561.837,0.0,205.163,0.0,0
sz159915-H1_weekly_binary_hysteresis-fee0.001,2015-08-15,105561.837,0.0,0.0,2.525,0.0,105561.837,0.0,205.163,0.0,1
sz159915-H1_weekly_binary_hysteresis-fee0.001,2015-08-16,105561.837,0.0,0.0,2.525,0.0,105561.837,0.0,205.163,0.0,2
sz159915-H1_weekly_binary_hysteresis-fee0.001,2015-08-17,105561.837,0.0,0.0,2.505,0.0,105561.837,0.0,205.163,0.0,0
sz159915-H1_weekly_binary_hysteresis-fee0.001,2015-08-18,105561.837,0.0,0.0,2.343,0.0,105561.837,0.0,205.163,0.0,0
sz159915-H1_weekly_binary_hysteresis-fee0.001,2015-08-19,105561.837,0.0,0.0,2.422,0.0,105561.837,0.0,205.163,0.0,0
sz159915-H1_weekly_binary_hysteresis-fee0.001,2015-08-20,105561.837,0.0,0.0,2.362,0.0,105561.837,0.0,205.163,0.0,0
sz159915-H1_weekly_binary_hysteresis-fee0.001,2015-08-21,105561.837,0.0,0.0,2.226,0.0,105561.837,0.0,205.163,0.0,0
sz159915-H1_weekly_binary_hysteresis-fee0.001,2015-08-22,105561.837,0.0,0.0,2.226,0.0,105561.837,0.0,205.163,0.0,1
sz159915-H1_weekly_binary_hysteresis-fee0.001,2015-08-23,105561.837,0.0,0.0,2.226,0.0,105561.837,0.0,205.163,0.0,2
sz159915-H1_weekly_binary_hysteresis-fee0.001,2015-08-24,105561.837,0.0,0.0,2.003,0.0,105561.837,0.0,205.163,0.0,0
sz159915-H1_weekly_binary_hysteresis-fee0.001,2015-08-25,105561.837,0.0,0.0,1.803,0.0,105561.837,0.0,205.163,0.0,0
sz159915-H1_weekly_binary_hysteresis-fee0.001,2015-08-26,105561.837,0.0,0.0,1.74,0.0,105561.837,0.0,205.163,0.0,0
sz159915-H1_weekly_binary_hysteresis-fee0.001,2015-08-27,105561.837,0.0,0.0,1.801,0.0,105561.837,0.0,205.163,0.0,0
sz159915-H1_weekly_binary_hysteresis-fee0.001,2015-08-28,105561.837,0.0,0.0,1.941,0.0,105561.837,0.0,205.163,0.0,0
sz159915-H1_weekly_binary_hysteresis-fee0.001,2015-08-29,105561.837,0.0,0.0,1.941,0.0,105561.837,0.0,205.163,0.0,1
sz159915-H1_weekly_binary_hysteresis-fee0.001,2015-08-30,105561.837,0.0,0.0,1.941,0.0,105561.837,0.0,205.163,0.0,2
sz159915-H1_weekly_binary_hysteresis-fee0.001,2015-08-31,141.1216,0.0,55400.0,1.83,101382.0,101523.1216,0.9986099560595071,310.4784,0.0,0
sz159915-H1_weekly_binary_hysteresis-fee0.001,2015-09-01,141.1216,0.0,55400.0,1.725,95565.0,95706.1216,0.9985254694512665,310.4784,0.0,0
sz159915-H1_weekly_binary_hysteresis-fee0.001,2015-09-02,141.1216,0.0,55400.0,1.69,93626.0,93767.1216,0.9984949777961404,310.4784,0.0,0
sz159915-H1_weekly_binary_hysteresis-fee0.001,2015-09-03,141.1216,0.0,55400.0,1.69,93626.0,93767.1216,0.9984949777961404,310.4784,0.0,1
sz159915-H1_weekly_binary_hysteresis-fee0.001,2015-09-04,141.1216,0.0,55400.0,1.69,93626.0,93767.1216,0.9984949777961404,310.4784,0.0,2
sz159915-H1_weekly_binary_hysteresis-fee0.001,2015-09-05,141.1216,0.0,55400.0,1.69,93626.0,93767.1216,0.9984949777961404,310.4784,0.0,3
sz159915-H1_weekly_binary_hysteresis-fee0.001,2015-09-06,141.1216,0.0,55400.0,1.69,93626.0,93767.1216,0.9984949777961404,310.4784,0.0,4
sz159915-H1_weekly_binary_hysteresis-fee0.001,2015-09-07,141.1216,0.0,55400.0,1.763,97670.2,97811.3216,0.9985572058766661,310.4784,0.0,0
sz159915-H1_weekly_binary_hysteresis-fee0.001,2015-09-08,141.1216,0.0,55400.0,1.888,104595.2,104736.3216,0.9986526011430976,310.4784,0.0,0
sz159915-H1_weekly_binary_hysteresis-fee0.001,2015-09-09,141.1216,0.0,55400.0,1.943,107642.2,107783.3216,0.9986906916774775,310.4784,0.0,0
sz159915-H1_weekly_binary_hysteresis-fee0.001,2015-09-10,141.1216,0.0,55400.0,1.899,105204.6,105345.7216,0.9986603955257354,310.4784,0.0,0
sz159915-H1_weekly_binary_hysteresis-fee0.001,2015-09-11,141.1216,0.0,55400.0,1.922,106478.8,106619.9216,0.9986764049543252,310.4784,0.0,0
sz159915-H1_weekly_binary_hysteresis-fee0.001,2015-09-12,141.1216,0.0,55400.0,1.922,106478.8,106619.9216,0.9986764049543252,310.4784,0.0,1
sz159915-H1_weekly_binary_hysteresis-fee0.001,2015-09-13,141.1216,0.0,55400.0,1.922,106478.8,106619.9216,0.9986764049543252,310.4784,0.0,2
sz159915-H1_weekly_binary_hysteresis-fee0.001,2015-09-14,141.1216,0.0,55400.0,1.73,95842.0,95983.1216,0.9985297248344547,310.4784,0.0,0
sz159915-H1_weekly_binary_hysteresis-fee0.001,2015-09-15,141.1216,0.0,55400.0,1.633,90468.2,90609.3216,0.9984425266903223,310.4784,0.0,0
sz159915-H1_weekly_binary_hysteresis-fee0.001,2015-09-16,141.1216,0.0,55400.0,1.796,99498.4,99639.5216,0.9985836784667983,310.4784,0.0,0
sz159915-H1_weekly_binary_hysteresis-fee0.001,2015-09-17,141.1216,0.0,55400.0,1.763,97670.2,97811.3216,0.9985572058766661,310.4784,0.0,0
sz159915-H1_weekly_binary_hysteresis-fee0.001,2015-09-18,141.1216,0.0,55400.0,1.825,101105.0,101246.1216,0.9986061530281867,310.4784,0.0,0
sz159915-H1_weekly_binary_hysteresis-fee0.001,2015-09-19,141.1216,0.0,55400.0,1.825,101105.0,101246.1216,0.9986061530281867,310.4784,0.0,1
sz159915-H1_weekly_binary_hysteresis-fee0.001,2015-09-20,141.1216,0.0,55400.0,1.825,101105.0,101246.1216,0.9986061530281867,310.4784,0.0,2
sz159915-H1_weekly_binary_hysteresis-fee0.001,2015-09-21,141.1216,0.0,55400.0,1.965,108861.0,109002.1216,0.9987053316217287,310.4784,0.0,0
sz159915-H1_weekly_binary_hysteresis-fee0.001,2015-09-22,141.1216,0.0,55400.0,1.939,107420.6,107561.7216,0.998687994224146,310.4784,0.0,0
sz159915-H1_weekly_binary_hysteresis-fee0.001,2015-09-23,141.1216,0.0,55400.0,1.915,106091.0,106232.1216,0.9986715731750951,310.4784,0.0,0
sz159915-H1_weekly_binary_hysteresis-fee0.001,2015-09-24,141.1216,0.0,55400.0,1.933,107088.2,107229.3216,0.9986839271395708,310.4784,0.0,0
sz159915-H1_weekly_binary_hysteresis-fee0.001,2015-09-25,141.1216,0.0,55400.0,1.845,102213.0,102354.1216,0.9986212416481722,310.4784,0.0,0
sz159915-H1_weekly_binary_hysteresis-fee0.001,2015-09-26,141.1216,0.0,55400.0,1.845,102213.0,102354.1216,0.9986212416481722,310.4784,0.0,1
sz159915-H1_weekly_binary_hysteresis-fee0.001,2015-09-27,141.1216,0.0,55400.0,1.845,102213.0,102354.1216,0.9986212416481722,310.4784,0.0,2
sz159915-H1_weekly_binary_hysteresis-fee0.001,2015-09-28,141.1216,0.0,55400.0,1.979,109636.6,109777.7216,0.9987144786943729,310.4784,0.0,0
sz159915-H1_weekly_binary_hysteresis-fee0.001,2015-09-29,141.1216,0.0,55400.0,1.952,108140.8,108281.9216,0.9986967205798092,310.4784,0.0,0
sz159915-H1_weekly_binary_hysteresis-fee0.001,2015-09-30,141.1216,0.0,55400.0,1.935,107199.0,107340.1216,0.9986852856332147,310.4784,0.0,0
sz159915-H1_weekly_binary_hysteresis-fee0.001,2015-10-01,141.1216,0.0,55400.0,1.935,107199.0,107340.1216,0.9986852856332147,310.4784,0.0,1
sz159915-H1_weekly_binary_hysteresis-fee0.001,2015-10-02,141.1216,0.0,55400.0,1.935,107199.0,107340.1216,0.9986852856332147,310.4784,0.0,2
sz159915-H1_weekly_binary_hysteresis-fee0.001,2015-10-03,141.1216,0.0,55400.0,1.935,107199.0,107340.1216,0.9986852856332147,310.4784,0.0,3
sz159915-H1_weekly_binary_hysteresis-fee0.001,2015-10-04,141.1216,0.0,55400.0,1.935,107199.0,107340.1216,0.9986852856332147,310.4784,0.0,4
sz159915-H1_weekly_binary_hysteresis-fee0.001,2015-10-05,141.1216,0.0,55400.0,1.935,107199.0,107340.1216,0.9986852856332147,310.4784,0.0,5
sz159915-H1_weekly_binary_hysteresis-fee0.001,2015-10-06,141.1216,0.0,55400.0,1.935,107199.0,107340.1216,0.9986852856332147,310.4784,0.0,6
sz159915-H1_weekly_binary_hysteresis-fee0.001,2015-10-07,141.1216,0.0,55400.0,1.935,107199.0,107340.1216,0.9986852856332147,310.4784,0.0,7
sz159915-H1_weekly_binary_hysteresis-fee0.001,2015-10-08,141.1216,0.0,55400.0,2.08,115232.0,115373.1216,0.9987768242893759,310.4784,0.0,0
sz159915-H1_weekly_binary_hysteresis-fee0.001,2015-10-09,141.1216,0.0,55400.0,2.103,116506.2,116647.3216,0.9987901856805257,310.4784,0.0,0
sz159915-H1_weekly_binary_hysteresis-fee0.001,2015-10-10,141.1216,0.0,55400.0,2.103,116506.2,116647.3216,0.9987901856805257,310.4784,0.0,1
sz159915-H1_weekly_binary_hysteresis-fee0.001,2015-10-11,141.1216,0.0,55400.0,2.103,116506.2,116647.3216,0.9987901856805257,310.4784,0.0,2
sz159915-H1_weekly_binary_hysteresis-fee0.001,2015-10-12,141.1216,0.0,55400.0,2.22,122988.0,123129.1216,0.9988538730873233,310.4784,0.0,0
sz159915-H1_weekly_binary_hysteresis-fee0.001,2015-10-13,141.1216,0.0,55400.0,2.226,123320.4,123461.5216,0.9988569588470064,310.4784,0.0,0
sz159915-H1_weekly_binary_hysteresis-fee0.001,2015-10-14,141.1216,0.0,55400.0,2.182,120882.8,121023.9216,0.9988339363149508,310.4784,0.0,0
sz159915-H1_weekly_binary_hysteresis-fee0.001,2015-10-15,141.1216,0.0,55400.0,2.298,127309.2,127450.3216,0.9988927324919359,310.4784,0.0,0
sz159915-H1_weekly_binary_hysteresis-fee0.001,2015-10-16,141.1216,0.0,55400.0,2.329,129026.6,129167.7216,0.9989074546004844,310.4784,0.0,0
sz159915-H1_weekly_binary_hysteresis-fee0.001,2015-10-17,141.1216,0.0,55400.0,2.329,129026.6,129167.7216,0.9989074546004844,310.4784,0.0,1
sz159915-H1_weekly_binary_hysteresis-fee0.001,2015-10-18,141.1216,0.0,55400.0,2.329,129026.6,129167.7216,0.9989074546004844,310.4784,0.0,2
sz159915-H1_weekly_binary_hysteresis-fee0.001,2015-10-19,141.1216,0.0,55400.0,2.294,127087.6,127228.7216,0.9988908039142005,310.4784,0.0,0
sz159915-H1_weekly_binary_hysteresis-fee0.001,2015-10-20,141.1216,0.0,55400.0,2.391,132461.4,132602.5216,0.9989357547782862,310.4784,0.0,0
sz159915-H1_weekly_binary_hysteresis-fee0.001,2015-10-21,141.1216,0.0,55400.0,2.22,122988.0,123129.1216,0.9988538730873233,310.4784,0.0,0
sz159915-H1_weekly_binary_hysteresis-fee0.001,2015-10-22,141.1216,0.0,55400.0,2.348,130079.2,130220.3216,0.9989162858894368,310.4784,0.0,0
sz159915-H1_weekly_binary_hysteresis-fee0.001,2015-10-23,141.1216,0.0,55400.0,2.427,134455.8,134596.9216,0.9989515243118309,310.4784,0.0,0
sz159915-H1_weekly_binary_hysteresis-fee0.001,2015-10-24,141.1216,0.0,55400.0,2.427,134455.8,134596.9216,0.9989515243118309,310.4784,0.0,1
sz159915-H1_weekly_binary_hysteresis-fee0.001,2015-10-25,141.1216,0.0,55400.0,2.427,134455.8,134596.9216,0.9989515243118309,310.4784,0.0,2
sz159915-H1_weekly_binary_hysteresis-fee0.001,2015-10-26,141.1216,0.0,55400.0,2.398,132849.2,132990.3216,0.998938858119131,310.4784,0.0,0
sz159915-H1_weekly_binary_hysteresis-fee0.001,2015-10-27,141.1216,0.0,55400.0,2.444,135397.6,135538.7216,0.9989588097162634,310.4784,0.0,0
sz159915-H1_weekly_binary_hysteresis-fee0.001,2015-10-28,141.1216,0.0,55400.0,2.36,130744.0,130885.1216,0.9989217903587905,310.4784,0.0,0
sz159915-H1_weekly_binary_hysteresis-fee0.001,2015-10-29,141.1216,0.0,55400.0,2.352,130300.8,130441.9216,0.9989181269466978,310.4784,0.0,0
sz159915-H1_weekly_binary_hysteresis-fee0.001,2015-10-30,141.1216,0.0,55400.0,2.349,130134.6,130275.7216,0.9989167467409369,310.4784,0.0,0
sz159915-H1_weekly_binary_hysteresis-fee0.001,2015-10-31,141.1216,0.0,55400.0,2.349,130134.6,130275.7216,0.9989167467409369,310.4784,0.0,1
sz159915-H1_weekly_binary_hysteresis-fee0.001,2015-11-01,141.1216,0.0,55400.0,2.349,130134.6,130275.7216,0.9989167467409369,310.4784,0.0,2
sz159915-H1_weekly_binary_hysteresis-fee0.001,2015-11-02,141.1216,0.0,55400.0,2.311,128029.4,128170.5216,0.9988989543130642,310.4784,0.0,0
sz159915-H1_weekly_binary_hysteresis-fee0.001,2015-11-03,141.1216,0.0,55400.0,2.305,127697.0,127838.1216,0.9988960914144095,310.4784,0.0,0
sz159915-H1_weekly_binary_hysteresis-fee0.001,2015-11-04,141.1216,0.0,55400.0,2.489,137890.6,138031.7216,0.9989776147224407,310.4784,0.0,0
sz159915-H1_weekly_binary_hysteresis-fee0.001,2015-11-05,141.1216,0.0,55400.0,2.443,135342.2,135483.3216,0.998958383966872,310.4784,0.0,0
sz159915-H1_weekly_binary_hysteresis-fee0.001,2015-11-06,141.1216,0.0,55400.0,2.548,141159.2,141300.3216,0.9990012648350547,310.4784,0.0,0
sz159915-H1_weekly_binary_hysteresis-fee0.001,2015-11-07,141.1216,0.0,55400.0,2.548,141159.2,141300.3216,0.9990012648350547,310.4784,0.0,1
sz159915-H1_weekly_binary_hysteresis-fee0.001,2015-11-08,141.1216,0.0,55400.0,2.548,141159.2,141300.3216,0.9990012648350547,310.4784,0.0,2
sz159915-H1_weekly_binary_hysteresis-fee0.001,2015-11-09,139664.8582,0.0,0.0,2.583,0.0,139664.8582,0.0,450.1418,0.0,0
sz159915-H1_weekly_binary_hysteresis-fee0.001,2015-11-10,139664.8582,0.0,0.0,2.609,0.0,139664.8582,0.0,450.1418,0.0,0
sz159915-H1_weekly_binary_hysteresis-fee0.001,2015-11-11,139664.8582,0.0,0.0,2.68,0.0,139664.8582,0.0,450.1418,0.0,0
sz159915-H1_weekly_binary_hysteresis-fee0.001,2015-11-12,139664.8582,0.0,0.0,2.648,0.0,139664.8582,0.0,450.1418,0.0,0
sz159915-H1_weekly_binary_hysteresis-fee0.001,2015-11-13,139664.8582,0.0,0.0,2.58,0.0,139664.8582,0.0,450.1418,0.0,0
sz159915-H1_weekly_binary_hysteresis-fee0.001,2015-11-14,139664.8582,0.0,0.0,2.58,0.0,139664.8582,0.0,450.1418,0.0,1
sz159915-H1_weekly_binary_hysteresis-fee0.001,2015-11-15,139664.8582,0.0,0.0,2.58,0.0,139664.8582,0.0,450.1418,0.0,2
sz159915-H1_weekly_binary_hysteresis-fee0.001,2015-11-16,139664.8582,0.0,0.0,2.67,0.0,139664.8582,0.0,450.1418,0.0,0
sz159915-H1_weekly_binary_hysteresis-fee0.001,2015-11-17,139664.8582,0.0,0.0,2.569,0.0,139664.8582,0.0,450.1418,0.0,0
sz159915-H1_weekly_binary_hysteresis-fee0.001,2015-11-18,139664.8582,0.0,0.0,2.516,0.0,139664.8582,0.0,450.1418,0.0,0
sz159915-H1_weekly_binary_hysteresis-fee0.001,2015-11-19,139664.8582,0.0,0.0,2.624,0.0,139664.8582,0.0,450.1418,0.0,0
sz159915-H1_weekly_binary_hysteresis-fee0.001,2015-11-20,139664.8582,0.0,0.0,2.645,0.0,139664.8582,0.0,450.1418,0.0,0
sz159915-H1_weekly_binary_hysteresis-fee0.001,2015-11-21,139664.8582,0.0,0.0,2.645,0.0,139664.8582,0.0,450.1418,0.0,1
sz159915-H1_weekly_binary_hysteresis-fee0.001,2015-11-22,139664.8582,0.0,0.0,2.645,0.0,139664.8582,0.0,450.1418,0.0,2
sz159915-H1_weekly_binary_hysteresis-fee0.001,2015-11-23,139664.8582,0.0,0.0,2.619,0.0,139664.8582,0.0,450.1418,0.0,0
sz159915-H1_weekly_binary_hysteresis-fee0.001,2015-11-24,139664.8582,0.0,0.0,2.663,0.0,139664.8582,0.0,450.1418,0.0,0
sz159915-H1_weekly_binary_hysteresis-fee0.001,2015-11-25,139664.8582,0.0,0.0,2.746,0.0,139664.8582,0.0,450.1418,0.0,0
sz159915-H1_weekly_binary_hysteresis-fee0.001,2015-11-26,139664.8582,0.0,0.0,2.674,0.0,139664.8582,0.0,450.1418,0.0,0
sz159915-H1_weekly_binary_hysteresis-fee0.001,2015-11-27,139664.8582,0.0,0.0,2.496,0.0,139664.8582,0.0,450.1418,0.0,0
sz159915-H1_weekly_binary_hysteresis-fee0.001,2015-11-28,139664.8582,0.0,0.0,2.496,0.0,139664.8582,0.0,450.1418,0.0,1
sz159915-H1_weekly_binary_hysteresis-fee0.001,2015-11-29,139664.8582,0.0,0.0,2.496,0.0,139664.8582,0.0,450.1418,0.0,2
sz159915-H1_weekly_binary_hysteresis-fee0.001,2015-11-30,139664.8582,0.0,0.0,2.52,0.0,139664.8582,0.0,450.1418,0.0,0
sz159915-H1_weekly_binary_hysteresis-fee0.001,2015-12-01,139664.8582,0.0,0.0,2.507,0.0,139664.8582,0.0,450.1418,0.0,0
sz159915-H1_weekly_binary_hysteresis-fee0.001,2015-12-02,139664.8582,0.0,0.0,2.454,0.0,139664.8582,0.0,450.1418,0.0,0
sz159915-H1_weekly_binary_hysteresis-fee0.001,2015-12-03,139664.8582,0.0,0.0,2.561,0.0,139664.8582,0.0,450.1418,0.0,0
sz159915-H1_weekly_binary_hysteresis-fee0.001,2015-12-04,139664.8582,0.0,0.0,2.53,0.0,139664.8582,0.0,450.1418,0.0,0
sz159915-H1_weekly_binary_hysteresis-fee0.001,2015-12-05,139664.8582,0.0,0.0,2.53,0.0,139664.8582,0.0,450.1418,0.0,1
sz159915-H1_weekly_binary_hysteresis-fee0.001,2015-12-06,139664.8582,0.0,0.0,2.53,0.0,139664.8582,0.0,450.1418,0.0,2
sz159915-H1_weekly_binary_hysteresis-fee0.001,2015-12-07,139664.8582,0.0,0.0,2.571,0.0,139664.8582,0.0,450.1418,0.0,0
sz159915-H1_weekly_binary_hysteresis-fee0.001,2015-12-08,139664.8582,0.0,0.0,2.531,0.0,139664.8582,0.0,450.1418,0.0,0
sz159915-H1_weekly_binary_hysteresis-fee0.001,2015-12-09,139664.8582,0.0,0.0,2.51,0.0,139664.8582,0.0,450.1418,0.0,0
sz159915-H1_weekly_binary_hysteresis-fee0.001,2015-12-10,139664.8582,0.0,0.0,2.526,0.0,139664.8582,0.0,450.1418,0.0,0
sz159915-H1_weekly_binary_hysteresis-fee0.001,2015-12-11,139664.8582,0.0,0.0,2.51,0.0,139664.8582,0.0,450.1418,0.0,0
sz159915-H1_weekly_binary_hysteresis-fee0.001,2015-12-12,139664.8582,0.0,0.0,2.51,0.0,139664.8582,0.0,450.1418,0.0,1
sz159915-H1_weekly_binary_hysteresis-fee0.001,2015-12-13,139664.8582,0.0,0.0,2.51,0.0,139664.8582,0.0,450.1418,0.0,2
sz159915-H1_weekly_binary_hysteresis-fee0.001,2015-12-14,139664.8582,0.0,0.0,2.555,0.0,139664.8582,0.0,450.1418,0.0,0
sz159915-H1_weekly_binary_hysteresis-fee0.001,2015-12-15,139664.8582,0.0,0.0,2.577,0.0,139664.8582,0.0,450.1418,0.0,0
sz159915-H1_weekly_binary_hysteresis-fee0.001,2015-12-16,139664.8582,0.0,0.0,2.593,0.0,139664.8582,0.0,450.1418,0.0,0
sz159915-H1_weekly_binary_hysteresis-fee0.001,2015-12-17,139664.8582,0.0,0.0,2.674,0.0,139664.8582,0.0,450.1418,0.0,0
sz159915-H1_weekly_binary_hysteresis-fee0.001,2015-12-18,139664.8582,0.0,0.0,2.668,0.0,139664.8582,0.0,450.1418,0.0,0
sz159915-H1_weekly_binary_hysteresis-fee0.001,2015-12-19,139664.8582,0.0,0.0,2.668,0.0,139664.8582,0.0,450.1418,0.0,1
sz159915-H1_weekly_binary_hysteresis-fee0.001,2015-12-20,139664.8582,0.0,0.0,2.668,0.0,139664.8582,0.0,450.1418,0.0,2
sz159915-H1_weekly_binary_hysteresis-fee0.001,2015-12-21,139664.8582,0.0,0.0,2.663,0.0,139664.8582,0.0,450.1418,0.0,0
sz159915-H1_weekly_binary_hysteresis-fee0.001,2015-12-22,139664.8582,0.0,0.0,2.656,0.0,139664.8582,0.0,450.1418,0.0,0
sz159915-H1_weekly_binary_hysteresis-fee0.001,2015-12-23,139664.8582,0.0,0.0,2.6,0.0,139664.8582,0.0,450.1418,0.0,0
sz159915-H1_weekly_binary_hysteresis-fee0.001,2015-12-24,139664.8582,0.0,0.0,2.624,0.0,139664.8582,0.0,450.1418,0.0,0
sz159915-H1_weekly_binary_hysteresis-fee0.001,2015-12-25,139664.8582,0.0,0.0,2.62,0.0,139664.8582,0.0,450.1418,0.0,0
sz159915-H1_weekly_binary_hysteresis-fee0.001,2015-12-26,139664.8582,0.0,0.0,2.62,0.0,139664.8582,0.0,450.1418,0.0,1
sz159915-H1_weekly_binary_hysteresis-fee0.001,2015-12-27,139664.8582,0.0,0.0,2.62,0.0,139664.8582,0.0,450.1418,0.0,2
sz159915-H1_weekly_binary_hysteresis-fee0.001,2015-12-28,139664.8582,0.0,0.0,2.551,0.0,139664.8582,0.0,450.1418,0.0,0
sz159915-H1_weekly_binary_hysteresis-fee0.001,2015-12-29,139664.8582,0.0,0.0,2.58,0.0,139664.8582,0.0,450.1418,0.0,0
sz159915-H1_weekly_binary_hysteresis-fee0.001,2015-12-30,139664.8582,0.0,0.0,2.605,0.0,139664.8582,0.0,450.1418,0.0,0
sz159915-H1_weekly_binary_hysteresis-fee0.001,2015-12-31,139664.8582,0.0,0.0,2.539,0.0,139664.8582,0.0,450.1418,0.0,0
sz159915-H1_weekly_binary_hysteresis-fee0.001,2016-01-01,139664.8582,0.0,0.0,2.539,0.0,139664.8582,0.0,450.1418,0.0,1
sz159915-H1_weekly_binary_hysteresis-fee0.001,2016-01-02,139664.8582,0.0,0.0,2.539,0.0,139664.8582,0.0,450.1418,0.0,2
sz159915-H1_weekly_binary_hysteresis-fee0.001,2016-01-03,139664.8582,0.0,0.0,2.539,0.0,139664.8582,0.0,450.1418,0.0,3
sz159915-H1_weekly_binary_hysteresis-fee0.001,2016-01-04,139664.8582,0.0,0.0,2.316,0.0,139664.8582,0.0,450.1418,0.0,0
sz159915-H1_weekly_binary_hysteresis-fee0.001,2016-01-05,139664.8582,0.0,0.0,2.275,0.0,139664.8582,0.0,450.1418,0.0,0
sz159915-H1_weekly_binary_hysteresis-fee0.001,2016-01-06,139664.8582,0.0,0.0,2.321,0.0,139664.8582,0.0,450.1418,0.0,0
sz159915-H1_weekly_binary_hysteresis-fee0.001,2016-01-07,139664.8582,0.0,0.0,2.096,0.0,139664.8582,0.0,450.1418,0.0,0
sz159915-H1_weekly_binary_hysteresis-fee0.001,2016-01-08,139664.8582,0.0,0.0,2.125,0.0,139664.8582,0.0,450.1418,0.0,0
sz159915-H1_weekly_binary_hysteresis-fee0.001,2016-01-09,139664.8582,0.0,0.0,2.125,0.0,139664.8582,0.0,450.1418,0.0,1
sz159915-H1_weekly_binary_hysteresis-fee0.001,2016-01-10,139664.8582,0.0,0.0,2.125,0.0,139664.8582,0.0,450.1418,0.0,2
sz159915-H1_weekly_binary_hysteresis-fee0.001,2016-01-11,2.8357,0.0,67500.0,1.999,134932.5,134935.3357,0.9999789847486183,589.6643,0.0,0
sz159915-H1_weekly_binary_hysteresis-fee0.001,2016-01-12,2.8357,0.0,67500.0,2.036,137430.0,137432.8357,0.9999793666485484,589.6643,0.0,0
sz159915-H1_weekly_binary_hysteresis-fee0.001,2016-01-13,2.8357,0.0,67500.0,1.964,132570.0,132572.8357,0.999978610248585,589.6643,0.0,0
sz159915-H1_weekly_binary_hysteresis-fee0.001,2016-01-14,2.8357,0.0,67500.0,2.072,139860.0,139862.8357,0.9999797251358031,589.6643,0.0,0
sz159915-H1_weekly_binary_hysteresis-fee0.001,2016-01-15,2.8357,0.0,67500.0,1.997,134797.5,134800.3357,0.9999789637022395,589.6643,0.0,0
sz159915-H1_weekly_binary_hysteresis-fee0.001,2016-01-16,2.8357,0.0,67500.0,1.997,134797.5,134800.3357,0.9999789637022395,589.6643,0.0,1
sz159915-H1_weekly_binary_hysteresis-fee0.001,2016-01-17,2.8357,0.0,67500.0,1.997,134797.5,134800.3357,0.9999789637022395,589.6643,0.0,2
sz159915-H1_weekly_binary_hysteresis-fee0.001,2016-01-18,2.8357,0.0,67500.0,2.07,139725.0,139727.8357,0.9999797055469599,589.6643,0.0,0
sz159915-H1_weekly_binary_hysteresis-fee0.001,2016-01-19,2.8357,0.0,67500.0,2.126,143505.0,143507.8357,0.9999802401033632,589.6643,0.0,0
sz159915-H1_weekly_binary_hysteresis-fee0.001,2016-01-20,2.8357,0.0,67500.0,2.085,140737.5,140740.3357,0.9999798515472775,589.6643,0.0,0
sz159915-H1_weekly_binary_hysteresis-fee0.001,2016-01-21,2.8357,0.0,67500.0,2.006,135405.0,135407.8357,0.9999790580804623,589.6643,0.0,0
sz159915-H1_weekly_binary_hysteresis-fee0.001,2016-01-22,2.8357,0.0,67500.0,2.042,137835.0,137837.8357,0.9999794272741908,589.6643,0.0,0
sz159915-H1_weekly_binary_hysteresis-fee0.001,2016-01-23,2.8357,0.0,67500.0,2.042,137835.0,137837.8357,0.9999794272741908,589.6643,0.0,1
sz159915-H1_weekly_binary_hysteresis-fee0.001,2016-01-24,2.8357,0.0,67500.0,2.042,137835.0,137837.8357,0.9999794272741908,589.6643,0.0,2
sz159915-H1_weekly_binary_hysteresis-fee0.001,2016-01-25,2.8357,0.0,67500.0,2.04,137700.0,137702.8357,0.999979407105267,589.6643,0.0,0
sz159915-H1_weekly_binary_hysteresis-fee0.001,2016-01-26,2.8357,0.0,67500.0,1.888,127440.0,127442.8357,0.9999777492396146,589.6643,0.0,0
sz159915-H1_weekly_binary_hysteresis-fee0.001,2016-01-27,2.8357,0.0,67500.0,1.887,127372.5,127375.3357,0.9999777374482711,589.6643,0.0,0
sz159915-H1_weekly_binary_hysteresis-fee0.001,2016-01-28,2.8357,0.0,67500.0,1.808,122040.0,122042.8357,0.9999767647155711,589.6643,0.0,0
sz159915-H1_weekly_binary_hysteresis-fee0.001,2016-01-29,2.8357,0.0,67500.0,1.879,126832.5,126835.3357,0.9999776426657102,589.6643,0.0,0
sz159915-H1_weekly_binary_hysteresis-fee0.001,2016-01-30,2.8357,0.0,67500.0,1.879,126832.5,126835.3357,0.9999776426657102,589.6643,0.0,1
sz159915-H1_weekly_binary_hysteresis-fee0.001,2016-01-31,2.8357,0.0,67500.0,1.879,126832.5,126835.3357,0.9999776426657102,589.6643,0.0,2
sz159915-H1_weekly_binary_hysteresis-fee0.001,2016-02-01,2.8357,0.0,67500.0,1.895,127912.5,127915.3357,0.999977831430575,589.6643,0.0,0
sz159915-H1_weekly_binary_hysteresis-fee0.001,2016-02-02,2.8357,0.0,67500.0,1.972,133110.0,133112.8357,0.999978697020576,589.6643,0.0,0
sz159915-H1_weekly_binary_hysteresis-fee0.001,2016-02-03,2.8357,0.0,67500.0,1.988,134190.0,134192.8357,0.9999788684695036,589.6643,0.0,0
sz159915-H1_weekly_binary_hysteresis-fee0.001,2016-02-04,2.8357,0.0,67500.0,2.024,136620.0,136622.8357,0.9999792443189641,589.6643,0.0,0
sz159915-H1_weekly_binary_hysteresis-fee0.001,2016-02-05,2.8357,0.0,67500.0,1.999,134932.5,134935.3357,0.9999789847486183,589.6643,0.0,0
sz159915-H1_weekly_binary_hysteresis-fee0.001,2016-02-06,2.8357,0.0,67500.0,1.999,134932.5,134935.3357,0.9999789847486183,589.6643,0.0,1
sz159915-H1_weekly_binary_hysteresis-fee0.001,2016-02-07,2.8357,0.0,67500.0,1.999,134932.5,134935.3357,0.9999789847486183,589.6643,0.0,2
sz159915-H1_weekly_binary_hysteresis-fee0.001,2016-02-08,2.8357,0.0,67500.0,1.999,134932.5,134935.3357,0.9999789847486183,589.6643,0.0,3
sz159915-H1_weekly_binary_hysteresis-fee0.001,2016-02-09,2.8357,0.0,67500.0,1.999,134932.5,134935.3357,0.9999789847486183,589.6643,0.0,4
sz159915-H1_weekly_binary_hysteresis-fee0.001,2016-02-10,2.8357,0.0,67500.0,1.999,134932.5,134935.3357,0.9999789847486183,589.6643,0.0,5
sz159915-H1_weekly_binary_hysteresis-fee0.001,2016-02-11,2.8357,0.0,67500.0,1.999,134932.5,134935.3357,0.9999789847486183,589.6643,0.0,6
sz159915-H1_weekly_binary_hysteresis-fee0.001,2016-02-12,2.8357,0.0,67500.0,1.999,134932.5,134935.3357,0.9999789847486183,589.6643,0.0,7
sz159915-H1_weekly_binary_hysteresis-fee0.001,2016-02-13,2.8357,0.0,67500.0,1.999,134932.5,134935.3357,0.9999789847486183,589.6643,0.0,8
sz159915-H1_weekly_binary_hysteresis-fee0.001,2016-02-14,2.8357,0.0,67500.0,1.999,134932.5,134935.3357,0.9999789847486183,589.6643,0.0,9
sz159915-H1_weekly_binary_hysteresis-fee0.001,2016-02-15,2.8357,0.0,67500.0,2.017,136147.5,136150.3357,0.9999791722878579,589.6643,0.0,0
sz159915-H1_weekly_binary_hysteresis-fee0.001,2016-02-16,2.8357,0.0,67500.0,2.099,141682.5,141685.3357,0.9999799859315999,589.6643,0.0,0
sz159915-H1_weekly_binary_hysteresis-fee0.001,2016-02-17,2.8357,0.0,67500.0,2.109,142357.5,142360.3357,0.9999800808280899,589.6643,0.0,0
sz159915-H1_weekly_binary_hysteresis-fee0.001,2016-02-18,2.8357,0.0,67500.0,2.09,141075.0,141077.8357,0.9999798997483487,589.6643,0.0,0
sz159915-H1_weekly_binary_hysteresis-fee0.001,2016-02-19,2.8357,0.0,67500.0,2.106,142155.0,142157.8357,0.9999800524537671,589.6643,0.0,0
sz159915-H1_weekly_binary_hysteresis-fee0.001,2016-02-20,2.8357,0.0,67500.0,2.106,142155.0,142157.8357,0.9999800524537671,589.6643,0.0,1
sz159915-H1_weekly_binary_hysteresis-fee0.001,2016-02-21,2.8357,0.0,67500.0,2.106,142155.0,142157.8357,0.9999800524537671,589.6643,0.0,2
sz159915-H1_weekly_binary_hysteresis-fee0.001,2016-02-22,2.8357,0.0,67500.0,2.142,144585.0,144587.8357,0.9999803877000698,589.6643,0.0,0
sz159915-H1_weekly_binary_hysteresis-fee0.001,2016-02-23,2.8357,0.0,67500.0,2.117,142897.5,142900.3357,0.9999801560998013,589.6643,0.0,0
sz159915-H1_weekly_binary_hysteresis-fee0.001,2016-02-24,2.8357,0.0,67500.0,2.097,141547.5,141550.3357,0.9999799668436957,589.6643,0.0,0
sz159915-H1_weekly_binary_hysteresis-fee0.001,2016-02-25,2.8357,0.0,67500.0,1.896,127980.0,127982.8357,0.9999778431225993,589.6643,0.0,0
sz159915-H1_weekly_binary_hysteresis-fee0.001,2016-02-26,2.8357,0.0,67500.0,1.902,128385.0,128387.8357,0.9999779130165678,589.6643,0.0,0
sz159915-H1_weekly_binary_hysteresis-fee0.001,2016-02-27,2.8357,0.0,67500.0,1.902,128385.0,128387.8357,0.9999779130165678,589.6643,0.0,1
sz159915-H1_weekly_binary_hysteresis-fee0.001,2016-02-28,2.8357,0.0,67500.0,1.902,128385.0,128387.8357,0.9999779130165678,589.6643,0.0,2
sz159915-H1_weekly_binary_hysteresis-fee0.001,2016-02-29,2.8357,0.0,67500.0,1.77,119475.0,119477.8357,0.9999762658907957,589.6643,0.0,0
sz159915-H1_weekly_binary_hysteresis-fee0.001,2016-03-01,2.8357,0.0,67500.0,1.824,123120.0,123122.8357,0.9999769685291613,589.6643,0.0,0
sz159915-H1_weekly_binary_hysteresis-fee0.001,2016-03-02,2.8357,0.0,67500.0,1.912,129060.0,129062.8357,0.9999780285317255,589.6643,0.0,0
sz159915-H1_weekly_binary_hysteresis-fee0.001,2016-03-03,2.8357,0.0,67500.0,1.902,128385.0,128387.8357,0.9999779130165678,589.6643,0.0,0
sz159915-H1_weekly_binary_hysteresis-fee0.001,2016-03-04,2.8357,0.0,67500.0,1.81,122175.0,122177.8357,0.9999767903893226,589.6643,0.0,0
sz159915-H1_weekly_binary_hysteresis-fee0.001,2016-03-05,2.8357,0.0,67500.0,1.81,122175.0,122177.8357,0.9999767903893226,589.6643,0.0,1
sz159915-H1_weekly_binary_hysteresis-fee0.001,2016-03-06,2.8357,0.0,67500.0,1.81,122175.0,122177.8357,0.9999767903893226,589.6643,0.0,2
sz159915-H1_weekly_binary_hysteresis-fee0.001,2016-03-07,2.8357,0.0,67500.0,1.853,125077.5,125080.3357,0.9999773289703443,589.6643,0.0,0
sz159915-H1_weekly_binary_hysteresis-fee0.001,2016-03-08,2.8357,0.0,67500.0,1.888,127440.0,127442.8357,0.9999777492396146,589.6643,0.0,0
sz159915-H1_weekly_binary_hysteresis-fee0.001,2016-03-09,2.8357,0.0,67500.0,1.848,124740.0,124742.8357,0.9999772676323727,589.6643,0.0,0
sz159915-H1_weekly_binary_hysteresis-fee0.001,2016-03-10,2.8357,0.0,67500.0,1.835,123862.5,123865.3357,0.9999771065893135,589.6643,0.0,0
sz159915-H1_weekly_binary_hysteresis-fee0.001,2016-03-11,2.8357,0.0,67500.0,1.834,123795.0,123797.8357,0.9999770941068237,589.6643,0.0,0
sz159915-H1_weekly_binary_hysteresis-fee0.001,2016-03-12,2.8357,0.0,67500.0,1.834,123795.0,123797.8357,0.9999770941068237,589.6643,0.0,1
sz159915-H1_weekly_binary_hysteresis-fee0.001,2016-03-13,2.8357,0.0,67500.0,1.834,123795.0,123797.8357,0.9999770941068237,589.6643,0.0,2
sz159915-H1_weekly_binary_hysteresis-fee0.001,2016-03-14,2.8357,0.0,67500.0,1.925,129937.5,129940.3357,0.9999781769072342,589.6643,0.0,0
sz159915-H1_weekly_binary_hysteresis-fee0.001,2016-03-15,2.8357,0.0,67500.0,1.891,127642.5,127645.3357,0.9999777845388204,589.6643,0.0,0
sz159915-H1_weekly_binary_hysteresis-fee0.001,2016-03-16,2.8357,0.0,67500.0,1.878,126765.0,126767.8357,0.9999776307611127,589.6643,0.0,0
sz159915-H1_weekly_binary_hysteresis-fee0.001,2016-03-17,2.8357,0.0,67500.0,1.991,134392.5,134395.3357,0.9999789003094101,589.6643,0.0,0
sz159915-H1_weekly_binary_hysteresis-fee0.001,2016-03-18,2.8357,0.0,67500.0,2.076,140130.0,140132.8357,0.9999797642002616,589.6643,0.0,0
sz159915-H1_weekly_binary_hysteresis-fee0.001,2016-03-19,2.8357,0.0,67500.0,2.076,140130.0,140132.8357,0.9999797642002616,589.6643,0.0,1
sz159915-H1_weekly_binary_hysteresis-fee0.001,2016-03-20,2.8357,0.0,67500.0,2.076,140130.0,140132.8357,0.9999797642002616,589.6643,0.0,2
sz159915-H1_weekly_binary_hysteresis-fee0.001,2016-03-21,2.8357,0.0,67500.0,2.116,142830.0,142832.8357,0.9999801467219628,589.6643,0.0,0
sz159915-H1_weekly_binary_hysteresis-fee0.001,2016-03-22,2.8357,0.0,67500.0,2.099,141682.5,141685.3357,0.9999799859315999,589.6643,0.0,0
sz159915-H1_weekly_binary_hysteresis-fee0.001,2016-03-23,2.8357,0.0,67500.0,2.148,144990.0,144992.8357,0.9999804424819592,589.6643,0.0,0
sz159915-H1_weekly_binary_hysteresis-fee0.001,2016-03-24,2.8357,0.0,67500.0,2.1,141750.0,141752.8357,0.999979995461918,589.6643,0.0,0
sz159915-H1_weekly_binary_hysteresis-fee0.001,2016-03-25,2.8357,0.0,67500.0,2.099,141682.5,141685.3357,0.9999799859315999,589.6643,0.0,0
sz159915-H1_weekly_binary_hysteresis-fee0.001,2016-03-26,2.8357,0.0,67500.0,2.099,141682.5,141685.3357,0.9999799859315999,589.6643,0.0,1
sz159915-H1_weekly_binary_hysteresis-fee0.001,2016-03-27,2.8357,0.0,67500.0,2.099,141682.5,141685.3357,0.9999799859315999,589.6643,0.0,2
sz159915-H1_weekly_binary_hysteresis-fee0.001,2016-03-28,2.8357,0.0,67500.0,2.073,139927.5,139930.3357,0.9999797349160509,589.6643,0.0,0
sz159915-H1_weekly_binary_hysteresis-fee0.001,2016-03-29,2.8357,0.0,67500.0,2.039,137632.5,137635.3357,0.9999793970059682,589.6643,0.0,0
sz159915-H1_weekly_binary_hysteresis-fee0.001,2016-03-30,2.8357,0.0,67500.0,2.134,144045.0,144047.8357,0.9999803141783684,589.6643,0.0,0
sz159915-H1_weekly_binary_hysteresis-fee0.001,2016-03-31,2.8357,0.0,67500.0,2.119,143032.5,143035.3357,0.9999801748289252,589.6643,0.0,0
sz159915-H1_weekly_binary_hysteresis-fee0.001,2016-04-01,2.8357,0.0,67500.0,2.097,141547.5,141550.3357,0.9999799668436957,589.6643,0.0,0
sz159915-H1_weekly_binary_hysteresis-fee0.001,2016-04-02,2.8357,0.0,67500.0,2.097,141547.5,141550.3357,0.9999799668436957,589.6643,0.0,1
sz159915-H1_weekly_binary_hysteresis-fee0.001,2016-04-03,2.8357,0.0,67500.0,2.097,141547.5,141550.3357,0.9999799668436957,589.6643,0.0,2
sz159915-H1_weekly_binary_hysteresis-fee0.001,2016-04-04,2.8357,0.0,67500.0,2.097,141547.5,141550.3357,0.9999799668436957,589.6643,0.0,3
sz159915-H1_weekly_binary_hysteresis-fee0.001,2016-04-05,2.8357,0.0,67500.0,2.168,146340.0,146342.8357,0.9999806228983712,589.6643,0.0,0
sz159915-H1_weekly_binary_hysteresis-fee0.001,2016-04-06,2.8357,0.0,67500.0,2.181,147217.5,147220.3357,0.999980738394689,589.6643,0.0,0
sz159915-H1_weekly_binary_hysteresis-fee0.001,2016-04-07,2.8357,0.0,67500.0,2.145,144787.5,144790.3357,0.9999804151293228,589.6643,0.0,0
sz159915-H1_weekly_binary_hysteresis-fee0.001,2016-04-08,2.8357,0.0,67500.0,2.125,143437.5,143440.3357,0.9999802308047722,589.6643,0.0,0
sz159915-H1_weekly_binary_hysteresis-fee0.001,2016-04-09,2.8357,0.0,67500.0,2.125,143437.5,143440.3357,0.9999802308047722,589.6643,0.0,1
sz159915-H1_weekly_binary_hysteresis-fee0.001,2016-04-10,2.8357,0.0,67500.0,2.125,143437.5,143440.3357,0.9999802308047722,589.6643,0.0,2
sz159915-H1_weekly_binary_hysteresis-fee0.001,2016-04-11,2.8357,0.0,67500.0,2.17,146475.0,146477.8357,0.9999806407571054,589.6643,0.0,0
sz159915-H1_weekly_binary_hysteresis-fee0.001,2016-04-12,2.8357,0.0,67500.0,2.162,145935.0,145937.8357,0.999980569123926,589.6643,0.0,0
sz159915-H1_weekly_binary_hysteresis-fee0.001,2016-04-13,2.8357,0.0,67500.0,2.177,146947.5,146950.3357,0.9999807030042736,589.6643,0.0,0
sz159915-H1_weekly_binary_hysteresis-fee0.001,2016-04-14,2.8357,0.0,67500.0,2.212,149310.0,149312.8357,0.9999810083306857,589.6643,0.0,0
sz159915-H1_weekly_binary_hysteresis-fee0.001,2016-04-15,2.8357,0.0,67500.0,2.195,148162.5,148165.3357,0.9999808612454013,589.6643,0.0,0
sz159915-H1_weekly_binary_hysteresis-fee0.001,2016-04-16,2.8357,0.0,67500.0,2.195,148162.5,148165.3357,0.9999808612454013,589.6643,0.0,1
sz159915-H1_weekly_binary_hysteresis-fee0.001,2016-04-17,2.8357,0.0,67500.0,2.195,148162.5,148165.3357,0.9999808612454013,589.6643,0.0,2
sz159915-H1_weekly_binary_hysteresis-fee0.001,2016-04-18,2.8357,0.0,67500.0,2.16,145800.0,145802.8357,0.999980551132724,589.6643,0.0,0
sz159915-H1_weekly_binary_hysteresis-fee0.001,2016-04-19,2.8357,0.0,67500.0,2.161,145867.5,145870.3357,0.9999805601324876,589.6643,0.0,0
sz159915-H1_weekly_binary_hysteresis-fee0.001,2016-04-20,2.8357,0.0,67500.0,2.03,137025.0,137027.8357,0.9999793056645352,589.6643,0.0,0
sz159915-H1_weekly_binary_hysteresis-fee0.001,2016-04-21,2.8357,0.0,67500.0,2.003,135202.5,135205.3357,0.9999790267152896,589.6643,0.0,0
sz159915-H1_weekly_binary_hysteresis-fee0.001,2016-04-22,2.8357,0.0,67500.0,2.038,137565.0,137567.8357,0.9999793868967585,589.6643,0.0,0
sz159915-H1_weekly_binary_hysteresis-fee0.001,2016-04-23,2.8357,0.0,67500.0,2.038,137565.0,137567.8357,0.9999793868967585,589.6643,0.0,1
sz159915-H1_weekly_binary_hysteresis-fee0.001,2016-04-24,2.8357,0.0,67500.0,2.038,137565.0,137567.8357,0.9999793868967585,589.6643,0.0,2
sz159915-H1_weekly_binary_hysteresis-fee0.001,2016-04-25,2.8357,0.0,67500.0,2.023,136552.5,136555.3357,0.999979234059325,589.6643,0.0,0
sz159915-H1_weekly_binary_hysteresis-fee0.001,2016-04-26,2.8357,0.0,67500.0,2.054,138645.0,138647.8357,0.9999795474629252,589.6643,0.0,0
sz159915-H1_weekly_binary_hysteresis-fee0.001,2016-04-27,2.8357,0.0,67500.0,2.041,137767.5,137770.3357,0.9999794171946698,589.6643,0.0,0
sz159915-H1_weekly_binary_hysteresis-fee0.001,2016-04-28,2.8357,0.0,67500.0,2.048,138240.0,138242.8357,0.9999794875446121,589.6643,0.0,0
sz159915-H1_weekly_binary_hysteresis-fee0.001,2016-04-29,2.8357,0.0,67500.0,2.033,137227.5,137230.3357,0.9999793362015363,589.6643,0.0,0
sz159915-H1_weekly_binary_hysteresis-fee0.001,2016-04-30,2.8357,0.0,67500.0,2.033,137227.5,137230.3357,0.9999793362015363,589.6643,0.0,1
sz159915-H1_weekly_binary_hysteresis-fee0.001,2016-05-01,2.8357,0.0,67500.0,2.033,137227.5,137230.3357,0.9999793362015363,589.6643,0.0,2
sz159915-H1_weekly_binary_hysteresis-fee0.001,2016-05-02,2.8357,0.0,67500.0,2.033,137227.5,137230.3357,0.9999793362015363,589.6643,0.0,3
sz159915-H1_weekly_binary_hysteresis-fee0.001,2016-05-03,2.8357,0.0,67500.0,2.112,142560.0,142562.8357,0.9999801091218053,589.6643,0.0,0
sz159915-H1_weekly_binary_hysteresis-fee0.001,2016-05-04,2.8357,0.0,67500.0,2.102,141885.0,141887.8357,0.9999800144953511,589.6643,0.0,0
sz159915-H1_weekly_binary_hysteresis-fee0.001,2016-05-05,2.8357,0.0,67500.0,2.116,142830.0,142832.8357,0.9999801467219628,589.6643,0.0,0
sz159915-H1_weekly_binary_hysteresis-fee0.001,2016-05-06,2.8357,0.0,67500.0,2.018,136215.0,136217.8357,0.9999791826086105,589.6643,0.0,0
sz159915-H1_weekly_binary_hysteresis-fee0.001,2016-05-07,2.8357,0.0,67500.0,2.018,136215.0,136217.8357,0.9999791826086105,589.6643,0.0,1
sz159915-H1_weekly_binary_hysteresis-fee0.001,2016-05-08,2.8357,0.0,67500.0,2.018,136215.0,136217.8357,0.9999791826086105,589.6643,0.0,2
sz159915-H1_weekly_binary_hysteresis-fee0.001,2016-05-09,2.8357,0.0,67500.0,1.955,131962.5,131965.3357,0.9999785117812571,589.6643,0.0,0
sz159915-H1_weekly_binary_hysteresis-fee0.001,2016-05-10,2.8357,0.0,67500.0,1.95,131625.0,131627.8357,0.9999784566844473,589.6643,0.0,0
sz159915-H1_weekly_binary_hysteresis-fee0.001,2016-05-11,2.8357,0.0,67500.0,1.93,130275.0,130277.8357,0.9999782334425134,589.6643,0.0,0
sz159915-H1_weekly_binary_hysteresis-fee0.001,2016-05-12,2.8357,0.0,67500.0,1.932,130410.0,130412.8357,0.9999782559746916,589.6643,0.0,0
sz159915-H1_weekly_binary_hysteresis-fee0.001,2016-05-13,2.8357,0.0,67500.0,1.92,129600.0,129602.8357,0.9999781200775069,589.6643,0.0,0
sz159915-H1_weekly_binary_hysteresis-fee0.001,2016-05-14,2.8357,0.0,67500.0,1.92,129600.0,129602.8357,0.9999781200775069,589.6643,0.0,1
sz159915-H1_weekly_binary_hysteresis-fee0.001,2016-05-15,2.8357,0.0,67500.0,1.92,129600.0,129602.8357,0.9999781200775069,589.6643,0.0,2
sz159915-H1_weekly_binary_hysteresis-fee0.001,2016-05-16,2.8357,0.0,67500.0,1.953,131827.5,131830.3357,0.9999784897763861,589.6643,0.0,0
sz159915-H1_weekly_binary_hysteresis-fee0.001,2016-05-17,2.8357,0.0,67500.0,1.977,133447.5,133450.3357,0.9999787508964655,589.6643,0.0,0
sz159915-H1_weekly_binary_hysteresis-fee0.001,2016-05-18,2.8357,0.0,67500.0,1.921,129667.5,129670.3357,0.9999781314671186,589.6643,0.0,0
sz159915-H1_weekly_binary_hysteresis-fee0.001,2016-05-19,2.8357,0.0,67500.0,1.938,130815.0,130817.8357,0.9999783232921962,589.6643,0.0,0
sz159915-H1_weekly_binary_hysteresis-fee0.001,2016-05-20,2.8357,0.0,67500.0,1.961,132367.5,132370.3357,0.9999785775265658,589.6643,0.0,0
sz159915-H1_weekly_binary_hysteresis-fee0.001,2016-05-21,2.8357,0.0,67500.0,1.961,132367.5,132370.3357,0.9999785775265658,589.6643,0.0,1
sz159915-H1_weekly_binary_hysteresis-fee0.001,2016-05-22,2.8357,0.0,67500.0,1.961,132367.5,132370.3357,0.9999785775265658,589.6643,0.0,2
sz159915-H1_weekly_binary_hysteresis-fee0.001,2016-05-23,2.8357,0.0,67500.0,1.992,134460.0,134462.8357,0.9999789109014008,589.6643,0.0,0
sz159915-H1_weekly_binary_hysteresis-fee0.001,2016-05-24,2.8357,0.0,67500.0,1.975,133312.5,133315.3357,0.9999787293788437,589.6643,0.0,0
sz159915-H1_weekly_binary_hysteresis-fee0.001,2016-05-25,2.8357,0.0,67500.0,1.965,132637.5,132640.3357,0.999978621133722,589.6643,0.0,0
sz159915-H1_weekly_binary_hysteresis-fee0.001,2016-05-26,2.8357,0.0,67500.0,1.985,133987.5,133990.3357,0.9999788365333575,589.6643,0.0,0
sz159915-H1_weekly_binary_hysteresis-fee0.001,2016-05-27,2.8357,0.0,67500.0,1.968,132840.0,132842.8357,0.9999786537227615,589.6643,0.0,0
sz159915-H1_weekly_binary_hysteresis-fee0.001,2016-05-28,2.8357,0.0,67500.0,1.968,132840.0,132842.8357,0.9999786537227615,589.6643,0.0,1
sz159915-H1_weekly_binary_hysteresis-fee0.001,2016-05-29,2.8357,0.0,67500.0,1.968,132840.0,132842.8357,0.9999786537227615,589.6643,0.0,2
sz159915-H1_weekly_binary_hysteresis-fee0.001,2016-05-30,2.8357,0.0,67500.0,1.959,132232.5,132235.3357,0.9999785556562095,589.6643,0.0,0
sz159915-H1_weekly_binary_hysteresis-fee0.001,2016-05-31,2.8357,0.0,67500.0,2.069,139657.5,139660.3357,0.999979695738337,589.6643,0.0,0
sz159915-H1_weekly_binary_hysteresis-fee0.001,2016-06-01,2.8357,0.0,67500.0,2.067,139522.5,139525.3357,0.9999796760926195,589.6643,0.0,0
sz159915-H1_weekly_binary_hysteresis-fee0.001,2016-06-02,2.8357,0.0,67500.0,2.088,140940.0,140942.8357,0.9999798804956214,589.6643,0.0,0
sz159915-H1_weekly_binary_hysteresis-fee0.001,2016-06-03,2.8357,0.0,67500.0,2.109,142357.5,142360.3357,0.9999800808280899,589.6643,0.0,0
sz159915-H1_weekly_binary_hysteresis-fee0.001,2016-06-04,2.8357,0.0,67500.0,2.109,142357.5,142360.3357,0.9999800808280899,589.6643,0.0,1
sz159915-H1_weekly_binary_hysteresis-fee0.001,2016-06-05,2.8357,0.0,67500.0,2.109,142357.5,142360.3357,0.9999800808280899,589.6643,0.0,2
sz159915-H1_weekly_binary_hysteresis-fee0.001,2016-06-06,2.8357,0.0,67500.0,2.102,141885.0,141887.8357,0.9999800144953511,589.6643,0.0,0
sz159915-H1_weekly_binary_hysteresis-fee0.001,2016-06-07,2.8357,0.0,67500.0,2.098,141615.0,141617.8357,0.9999799763921967,589.6643,0.0,0
sz159915-H1_weekly_binary_hysteresis-fee0.001,2016-06-08,2.8357,0.0,67500.0,2.092,141210.0,141212.8357,0.9999799189642645,589.6643,0.0,0
sz159915-H1_weekly_binary_hysteresis-fee0.001,2016-06-09,2.8357,0.0,67500.0,2.092,141210.0,141212.8357,0.9999799189642645,589.6643,0.0,1
sz159915-H1_weekly_binary_hysteresis-fee0.001,2016-06-10,2.8357,0.0,67500.0,2.092,141210.0,141212.8357,0.9999799189642645,589.6643,0.0,2
sz159915-H1_weekly_binary_hysteresis-fee0.001,2016-06-11,2.8357,0.0,67500.0,2.092,141210.0,141212.8357,0.9999799189642645,589.6643,0.0,3
sz159915-H1_weekly_binary_hysteresis-fee0.001,2016-06-12,2.8357,0.0,67500.0,2.092,141210.0,141212.8357,0.9999799189642645,589.6643,0.0,4
sz159915-H1_weekly_binary_hysteresis-fee0.001,2016-06-13,2.8357,0.0,67500.0,1.967,132772.5,132775.3357,0.9999786428707934,589.6643,0.0,0
sz159915-H1_weekly_binary_hysteresis-fee0.001,2016-06-14,2.8357,0.0,67500.0,1.967,132772.5,132775.3357,0.9999786428707934,589.6643,0.0,0
sz159915-H1_weekly_binary_hysteresis-fee0.001,2016-06-15,2.8357,0.0,67500.0,2.04,137700.0,137702.8357,0.999979407105267,589.6643,0.0,0
sz159915-H1_weekly_binary_hysteresis-fee0.001,2016-06-16,2.8357,0.0,67500.0,2.009,135607.5,135610.3357,0.999979089351963,589.6643,0.0,0
sz159915-H1_weekly_binary_hysteresis-fee0.001,2016-06-17,2.8357,0.0,67500.0,2.034,137295.0,137297.8357,0.9999793463605195,589.6643,0.0,0
sz159915-H1_weekly_binary_hysteresis-fee0.001,2016-06-18,2.8357,0.0,67500.0,2.034,137295.0,137297.8357,0.9999793463605195,589.6643,0.0,1
sz159915-H1_weekly_binary_hysteresis-fee0.001,2016-06-19,2.8357,0.0,67500.0,2.034,137295.0,137297.8357,0.9999793463605195,589.6643,0.0,2
sz159915-H1_weekly_binary_hysteresis-fee0.001,2016-06-20,2.8357,0.0,67500.0,2.03,137025.0,137027.8357,0.9999793056645352,589.6643,0.0,0
sz159915-H1_weekly_binary_hysteresis-fee0.001,2016-06-21,2.8357,0.0,67500.0,2.007,135472.5,135475.3357,0.9999790685146831,589.6643,0.0,0
sz159915-H1_weekly_binary_hysteresis-fee0.001,2016-06-22,2.8357,0.0,67500.0,2.055,138712.5,138715.3357,0.9999795574152945,589.6643,0.0,0
sz159915-H1_weekly_binary_hysteresis-fee0.001,2016-06-23,2.8357,0.0,67500.0,2.051,138442.5,138445.3357,0.999979517547589,589.6643,0.0,0
sz159915-H1_weekly_binary_hysteresis-fee0.001,2016-06-24,2.8357,0.0,67500.0,2.043,137902.5,137905.3357,0.9999794373438445,589.6643,0.0,0
sz159915-H1_weekly_binary_hysteresis-fee0.001,2016-06-25,2.8357,0.0,67500.0,2.043,137902.5,137905.3357,0.9999794373438445,589.6643,0.0,1
sz159915-H1_weekly_binary_hysteresis-fee0.001,2016-06-26,2.8357,0.0,67500.0,2.043,137902.5,137905.3357,0.9999794373438445,589.6643,0.0,2
sz159915-H1_weekly_binary_hysteresis-fee0.001,2016-06-27,2.8357,0.0,67500.0,2.109,142357.5,142360.3357,0.9999800808280899,589.6643,0.0,0
sz159915-H1_weekly_binary_hysteresis-fee0.001,2016-06-28,2.8357,0.0,67500.0,2.128,143640.0,143642.8357,0.999980258674328,589.6643,0.0,0
sz159915-H1_weekly_binary_hysteresis-fee0.001,2016-06-29,2.8357,0.0,67500.0,2.121,143167.5,143170.3357,0.9999801935227285,589.6643,0.0,0
sz159915-H1_weekly_binary_hysteresis-fee0.001,2016-06-30,2.8357,0.0,67500.0,2.132,143910.0,143912.8357,0.9999802957117326,589.6643,0.0,0
sz159915-H1_weekly_binary_hysteresis-fee0.001,2016-07-01,2.8357,0.0,67500.0,2.116,142830.0,142832.8357,0.9999801467219628,589.6643,0.0,0
sz159915-H1_weekly_binary_hysteresis-fee0.001,2016-07-02,2.8357,0.0,67500.0,2.116,142830.0,142832.8357,0.9999801467219628,589.6643,0.0,1
sz159915-H1_weekly_binary_hysteresis-fee0.001,2016-07-03,2.8357,0.0,67500.0,2.116,142830.0,142832.8357,0.9999801467219628,589.6643,0.0,2
sz159915-H1_weekly_binary_hysteresis-fee0.001,2016-07-04,141813.3832,0.0,0.0,2.153,0.0,141813.3832,0.0,731.6168,0.0,0
sz159915-H1_weekly_binary_hysteresis-fee0.001,2016-07-05,141813.3832,0.0,0.0,2.148,0.0,141813.3832,0.0,731.6168,0.0,0
sz159915-H1_weekly_binary_hysteresis-fee0.001,2016-07-06,141813.3832,0.0,0.0,2.148,0.0,141813.3832,0.0,731.6168,0.0,0
sz159915-H1_weekly_binary_hysteresis-fee0.001,2016-07-07,141813.3832,0.0,0.0,2.141,0.0,141813.3832,0.0,731.6168,0.0,0
sz159915-H1_weekly_binary_hysteresis-fee0.001,2016-07-08,141813.3832,0.0,0.0,2.145,0.0,141813.3832,0.0,731.6168,0.0,0
sz159915-H1_weekly_binary_hysteresis-fee0.001,2016-07-09,141813.3832,0.0,0.0,2.145,0.0,141813.3832,0.0,731.6168,0.0,1
sz159915-H1_weekly_binary_hysteresis-fee0.001,2016-07-10,141813.3832,0.0,0.0,2.145,0.0,141813.3832,0.0,731.6168,0.0,2
sz159915-H1_weekly_binary_hysteresis-fee0.001,2016-07-11,141813.3832,0.0,0.0,2.125,0.0,141813.3832,0.0,731.6168,0.0,0
sz159915-H1_weekly_binary_hysteresis-fee0.001,2016-07-12,141813.3832,0.0,0.0,2.155,0.0,141813.3832,0.0,731.6168,0.0,0
sz159915-H1_weekly_binary_hysteresis-fee0.001,2016-07-13,141813.3832,0.0,0.0,2.188,0.0,141813.3832,0.0,731.6168,0.0,0
sz159915-H1_weekly_binary_hysteresis-fee0.001,2016-07-14,141813.3832,0.0,0.0,2.19,0.0,141813.3832,0.0,731.6168,0.0,0
sz159915-H1_weekly_binary_hysteresis-fee0.001,2016-07-15,141813.3832,0.0,0.0,2.164,0.0,141813.3832,0.0,731.6168,0.0,0
sz159915-H1_weekly_binary_hysteresis-fee0.001,2016-07-16,141813.3832,0.0,0.0,2.164,0.0,141813.3832,0.0,731.6168,0.0,1
sz159915-H1_weekly_binary_hysteresis-fee0.001,2016-07-17,141813.3832,0.0,0.0,2.164,0.0,141813.3832,0.0,731.6168,0.0,2
sz159915-H1_weekly_binary_hysteresis-fee0.001,2016-07-18,141813.3832,0.0,0.0,2.148,0.0,141813.3832,0.0,731.6168,0.0,0
sz159915-H1_weekly_binary_hysteresis-fee0.001,2016-07-19,141813.3832,0.0,0.0,2.173,0.0,141813.3832,0.0,731.6168,0.0,0
sz159915-H1_weekly_binary_hysteresis-fee0.001,2016-07-20,141813.3832,0.0,0.0,2.165,0.0,141813.3832,0.0,731.6168,0.0,0
sz159915-H1_weekly_binary_hysteresis-fee0.001,2016-07-21,141813.3832,0.0,0.0,2.167,0.0,141813.3832,0.0,731.6168,0.0,0
sz159915-H1_weekly_binary_hysteresis-fee0.001,2016-07-22,141813.3832,0.0,0.0,2.154,0.0,141813.3832,0.0,731.6168,0.0,0
sz159915-H1_weekly_binary_hysteresis-fee0.001,2016-07-23,141813.3832,0.0,0.0,2.154,0.0,141813.3832,0.0,731.6168,0.0,1
sz159915-H1_weekly_binary_hysteresis-fee0.001,2016-07-24,141813.3832,0.0,0.0,2.154,0.0,141813.3832,0.0,731.6168,0.0,2
sz159915-H1_weekly_binary_hysteresis-fee0.001,2016-07-25,141813.3832,0.0,0.0,2.146,0.0,141813.3832,0.0,731.6168,0.0,0
sz159915-H1_weekly_binary_hysteresis-fee0.001,2016-07-26,141813.3832,0.0,0.0,2.182,0.0,141813.3832,0.0,731.6168,0.0,0
sz159915-H1_weekly_binary_hysteresis-fee0.001,2016-07-27,141813.3832,0.0,0.0,2.061,0.0,141813.3832,0.0,731.6168,0.0,0
sz159915-H1_weekly_binary_hysteresis-fee0.001,2016-07-28,141813.3832,0.0,0.0,2.044,0.0,141813.3832,0.0,731.6168,0.0,0
sz159915-H1_weekly_binary_hysteresis-fee0.001,2016-07-29,141813.3832,0.0,0.0,2.031,0.0,141813.3832,0.0,731.6168,0.0,0
sz159915-H1_weekly_binary_hysteresis-fee0.001,2016-07-30,141813.3832,0.0,0.0,2.031,0.0,141813.3832,0.0,731.6168,0.0,1
sz159915-H1_weekly_binary_hysteresis-fee0.001,2016-07-31,141813.3832,0.0,0.0,2.031,0.0,141813.3832,0.0,731.6168,0.0,2
sz159915-H1_weekly_binary_hysteresis-fee0.001,2016-08-01,194.3056,0.0,69900.0,2.013,140708.7,140903.0056,0.9986209974785663,873.0944,0.0,0
sz159915-H1_weekly_binary_hysteresis-fee0.001,2016-08-02,194.3056,0.0,69900.0,2.025,141547.5,141741.8056,0.9986291581430229,873.0944,0.0,0
sz159915-H1_weekly_binary_hysteresis-fee0.001,2016-08-03,194.3056,0.0,69900.0,2.017,140988.3,141182.6056,0.9986237284743809,873.0944,0.0,0
sz159915-H1_weekly_binary_hysteresis-fee0.001,2016-08-04,194.3056,0.0,69900.0,2.04,142596.0,142790.3056,0.9986392241463204,873.0944,0.0,0
sz159915-H1_weekly_binary_hysteresis-fee0.001,2016-08-05,194.3056,0.0,69900.0,2.022,141337.8,141532.1056,0.9986271270452999,873.0944,0.0,0
sz159915-H1_weekly_binary_hysteresis-fee0.001,2016-08-06,194.3056,0.0,69900.0,2.022,141337.8,141532.1056,0.9986271270452999,873.0944,0.0,1
sz159915-H1_weekly_binary_hysteresis-fee0.001,2016-08-07,194.3056,0.0,69900.0,2.022,141337.8,141532.1056,0.9986271270452999,873.0944,0.0,2
sz159915-H1_weekly_binary_hysteresis-fee0.001,2016-08-08,194.3056,0.0,69900.0,2.041,142665.9,142860.2056,0.9986398899596711,873.0944,0.0,0
sz159915-H1_weekly_binary_hysteresis-fee0.001,2016-08-09,194.3056,0.0,69900.0,2.061,144063.9,144258.2056,0.9986530707269521,873.0944,0.0,0
sz159915-H1_weekly_binary_hysteresis-fee0.001,2016-08-10,194.3056,0.0,69900.0,2.043,142805.7,143000.0056,0.9986412196336305,873.0944,0.0,0
sz159915-H1_weekly_binary_hysteresis-fee0.001,2016-08-11,194.3056,0.0,69900.0,2.017,140988.3,141182.6056,0.9986237284743809,873.0944,0.0,0
sz159915-H1_weekly_binary_hysteresis-fee0.001,2016-08-12,194.3056,0.0,69900.0,2.035,142246.5,142440.8056,0.9986358852775261,873.0944,0.0,0
sz159915-H1_weekly_binary_hysteresis-fee0.001,2016-08-13,194.3056,0.0,69900.0,2.035,142246.5,142440.8056,0.9986358852775261,873.0944,0.0,1
sz159915-H1_weekly_binary_hysteresis-fee0.001,2016-08-14,194.3056,0.0,69900.0,2.035,142246.5,142440.8056,0.9986358852775261,873.0944,0.0,2
sz159915-H1_weekly_binary_hysteresis-fee0.001,2016-08-15,194.3056,0.0,69900.0,2.103,146999.7,147194.0056,0.9986799353736726,873.0944,0.0,0
sz159915-H1_weekly_binary_hysteresis-fee0.001,2016-08-16,194.3056,0.0,69900.0,2.105,147139.5,147333.8056,0.9986811879377668,873.0944,0.0,0
sz159915-H1_weekly_binary_hysteresis-fee0.001,2016-08-17,194.3056,0.0,69900.0,2.112,147628.8,147823.1056,0.9986855532549439,873.0944,0.0,0
sz159915-H1_weekly_binary_hysteresis-fee0.001,2016-08-18,194.3056,0.0,69900.0,2.108,147349.2,147543.5056,0.9986830623333108,873.0944,0.0,0
sz159915-H1_weekly_binary_hysteresis-fee0.001,2016-08-19,194.3056,0.0,69900.0,2.112,147628.8,147823.1056,0.9986855532549439,873.0944,0.0,0
sz159915-H1_weekly_binary_hysteresis-fee0.001,2016-08-20,194.3056,0.0,69900.0,2.112,147628.8,147823.1056,0.9986855532549439,873.0944,0.0,1
sz159915-H1_weekly_binary_hysteresis-fee0.001,2016-08-21,194.3056,0.0,69900.0,2.112,147628.8,147823.1056,0.9986855532549439,873.0944,0.0,2
sz159915-H1_weekly_binary_hysteresis-fee0.001,2016-08-22,147675.4768,0.0,0.0,2.072,0.0,147675.4768,0.0,1020.7232,0.0,0
sz159915-H1_weekly_binary_hysteresis-fee0.001,2016-08-23,147675.4768,0.0,0.0,2.084,0.0,147675.4768,0.0,1020.7232,0.0,0
sz159915-H1_weekly_binary_hysteresis-fee0.001,2016-08-24,147675.4768,0.0,0.0,2.098,0.0,147675.4768,0.0,1020.7232,0.0,0
sz159915-H1_weekly_binary_hysteresis-fee0.001,2016-08-25,147675.4768,0.0,0.0,2.088,0.0,147675.4768,0.0,1020.7232,0.0,0
sz159915-H1_weekly_binary_hysteresis-fee0.001,2016-08-26,147675.4768,0.0,0.0,2.095,0.0,147675.4768,0.0,1020.7232,0.0,0
sz159915-H1_weekly_binary_hysteresis-fee0.001,2016-08-27,147675.4768,0.0,0.0,2.095,0.0,147675.4768,0.0,1020.7232,0.0,1
sz159915-H1_weekly_binary_hysteresis-fee0.001,2016-08-28,147675.4768,0.0,0.0,2.095,0.0,147675.4768,0.0,1020.7232,0.0,2
sz159915-H1_weekly_binary_hysteresis-fee0.001,2016-08-29,147675.4768,0.0,0.0,2.101,0.0,147675.4768,0.0,1020.7232,0.0,0
sz159915-H1_weekly_binary_hysteresis-fee0.001,2016-08-30,147675.4768,0.0,0.0,2.104,0.0,147675.4768,0.0,1020.7232,0.0,0
sz159915-H1_weekly_binary_hysteresis-fee0.001,2016-08-31,147675.4768,0.0,0.0,2.099,0.0,147675.4768,0.0,1020.7232,0.0,0
sz159915-H1_weekly_binary_hysteresis-fee0.001,2016-09-01,147675.4768,0.0,0.0,2.084,0.0,147675.4768,0.0,1020.7232,0.0,0
sz159915-H1_weekly_binary_hysteresis-fee0.001,2016-09-02,147675.4768,0.0,0.0,2.081,0.0,147675.4768,0.0,1020.7232,0.0,0
sz159915-H1_weekly_binary_hysteresis-fee0.001,2016-09-03,147675.4768,0.0,0.0,2.081,0.0,147675.4768,0.0,1020.7232,0.0,1
sz159915-H1_weekly_binary_hysteresis-fee0.001,2016-09-04,147675.4768,0.0,0.0,2.081,0.0,147675.4768,0.0,1020.7232,0.0,2
sz159915-H1_weekly_binary_hysteresis-fee0.001,2016-09-05,147675.4768,0.0,0.0,2.088,0.0,147675.4768,0.0,1020.7232,0.0,0
sz159915-H1_weekly_binary_hysteresis-fee0.001,2016-09-06,147675.4768,0.0,0.0,2.128,0.0,147675.4768,0.0,1020.7232,0.0,0
sz159915-H1_weekly_binary_hysteresis-fee0.001,2016-09-07,147675.4768,0.0,0.0,2.114,0.0,147675.4768,0.0,1020.7232,0.0,0
sz159915-H1_weekly_binary_hysteresis-fee0.001,2016-09-08,147675.4768,0.0,0.0,2.128,0.0,147675.4768,0.0,1020.7232,0.0,0
sz159915-H1_weekly_binary_hysteresis-fee0.001,2016-09-09,147675.4768,0.0,0.0,2.109,0.0,147675.4768,0.0,1020.7232,0.0,0
sz159915-H1_weekly_binary_hysteresis-fee0.001,2016-09-10,147675.4768,0.0,0.0,2.109,0.0,147675.4768,0.0,1020.7232,0.0,1
sz159915-H1_weekly_binary_hysteresis-fee0.001,2016-09-11,147675.4768,0.0,0.0,2.109,0.0,147675.4768,0.0,1020.7232,0.0,2
sz159915-H1_weekly_binary_hysteresis-fee0.001,2016-09-12,147675.4768,0.0,0.0,2.06,0.0,147675.4768,0.0,1020.7232,0.0,0
sz159915-H1_weekly_binary_hysteresis-fee0.001,2016-09-13,147675.4768,0.0,0.0,2.055,0.0,147675.4768,0.0,1020.7232,0.0,0
sz159915-H1_weekly_binary_hysteresis-fee0.001,2016-09-14,147675.4768,0.0,0.0,2.051,0.0,147675.4768,0.0,1020.7232,0.0,0
sz159915-H1_weekly_binary_hysteresis-fee0.001,2016-09-15,147675.4768,0.0,0.0,2.051,0.0,147675.4768,0.0,1020.7232,0.0,1
sz159915-H1_weekly_binary_hysteresis-fee0.001,2016-09-16,147675.4768,0.0,0.0,2.051,0.0,147675.4768,0.0,1020.7232,0.0,2
sz159915-H1_weekly_binary_hysteresis-fee0.001,2016-09-17,147675.4768,0.0,0.0,2.051,0.0,147675.4768,0.0,1020.7232,0.0,3
sz159915-H1_weekly_binary_hysteresis-fee0.001,2016-09-18,147675.4768,0.0,0.0,2.051,0.0,147675.4768,0.0,1020.7232,0.0,4
sz159915-H1_weekly_binary_hysteresis-fee0.001,2016-09-19,147675.4768,0.0,0.0,2.072,0.0,147675.4768,0.0,1020.7232,0.0,0
sz159915-H1_weekly_binary_hysteresis-fee0.001,2016-09-20,147675.4768,0.0,0.0,2.066,0.0,147675.4768,0.0,1020.7232,0.0,0
sz159915-H1_weekly_binary_hysteresis-fee0.001,2016-09-21,147675.4768,0.0,0.0,2.068,0.0,147675.4768,0.0,1020.7232,0.0,0
sz159915-H1_weekly_binary_hysteresis-fee0.001,2016-09-22,147675.4768,0.0,0.0,2.072,0.0,147675.4768,0.0,1020.7232,0.0,0
sz159915-H1_weekly_binary_hysteresis-fee0.001,2016-09-23,147675.4768,0.0,0.0,2.065,0.0,147675.4768,0.0,1020.7232,0.0,0
sz159915-H1_weekly_binary_hysteresis-fee0.001,2016-09-24,147675.4768,0.0,0.0,2.065,0.0,147675.4768,0.0,1020.7232,0.0,1
sz159915-H1_weekly_binary_hysteresis-fee0.001,2016-09-25,147675.4768,0.0,0.0,2.065,0.0,147675.4768,0.0,1020.7232,0.0,2
sz159915-H1_weekly_binary_hysteresis-fee0.001,2016-09-26,147675.4768,0.0,0.0,2.032,0.0,147675.4768,0.0,1020.7232,0.0,0
sz159915-H1_weekly_binary_hysteresis-fee0.001,2016-09-27,147675.4768,0.0,0.0,2.049,0.0,147675.4768,0.0,1020.7232,0.0,0
sz159915-H1_weekly_binary_hysteresis-fee0.001,2016-09-28,147675.4768,0.0,0.0,2.05,0.0,147675.4768,0.0,1020.7232,0.0,0
sz159915-H1_weekly_binary_hysteresis-fee0.001,2016-09-29,147675.4768,0.0,0.0,2.058,0.0,147675.4768,0.0,1020.7232,0.0,0
sz159915-H1_weekly_binary_hysteresis-fee0.001,2016-09-30,147675.4768,0.0,0.0,2.062,0.0,147675.4768,0.0,1020.7232,0.0,0
sz159915-H1_weekly_binary_hysteresis-fee0.001,2016-10-01,147675.4768,0.0,0.0,2.062,0.0,147675.4768,0.0,1020.7232,0.0,1
sz159915-H1_weekly_binary_hysteresis-fee0.001,2016-10-02,147675.4768,0.0,0.0,2.062,0.0,147675.4768,0.0,1020.7232,0.0,2
sz159915-H1_weekly_binary_hysteresis-fee0.001,2016-10-03,147675.4768,0.0,0.0,2.062,0.0,147675.4768,0.0,1020.7232,0.0,3
sz159915-H1_weekly_binary_hysteresis-fee0.001,2016-10-04,147675.4768,0.0,0.0,2.062,0.0,147675.4768,0.0,1020.7232,0.0,4
sz159915-H1_weekly_binary_hysteresis-fee0.001,2016-10-05,147675.4768,0.0,0.0,2.062,0.0,147675.4768,0.0,1020.7232,0.0,5
sz159915-H1_weekly_binary_hysteresis-fee0.001,2016-10-06,147675.4768,0.0,0.0,2.062,0.0,147675.4768,0.0,1020.7232,0.0,6
sz159915-H1_weekly_binary_hysteresis-fee0.001,2016-10-07,147675.4768,0.0,0.0,2.062,0.0,147675.4768,0.0,1020.7232,0.0,7
sz159915-H1_weekly_binary_hysteresis-fee0.001,2016-10-08,147675.4768,0.0,0.0,2.062,0.0,147675.4768,0.0,1020.7232,0.0,8
sz159915-H1_weekly_binary_hysteresis-fee0.001,2016-10-09,147675.4768,0.0,0.0,2.062,0.0,147675.4768,0.0,1020.7232,0.0,9
sz159915-H1_weekly_binary_hysteresis-fee0.001,2016-10-10,147675.4768,0.0,0.0,2.119,0.0,147675.4768,0.0,1020.7232,0.0,0
sz159915-H1_weekly_binary_hysteresis-fee0.001,2016-10-11,147675.4768,0.0,0.0,2.118,0.0,147675.4768,0.0,1020.7232,0.0,0
sz159915-H1_weekly_binary_hysteresis-fee0.001,2016-10-12,147675.4768,0.0,0.0,2.116,0.0,147675.4768,0.0,1020.7232,0.0,0
sz159915-H1_weekly_binary_hysteresis-fee0.001,2016-10-13,147675.4768,0.0,0.0,2.113,0.0,147675.4768,0.0,1020.7232,0.0,0
sz159915-H1_weekly_binary_hysteresis-fee0.001,2016-10-14,147675.4768,0.0,0.0,2.104,0.0,147675.4768,0.0,1020.7232,0.0,0
sz159915-H1_weekly_binary_hysteresis-fee0.001,2016-10-15,147675.4768,0.0,0.0,2.104,0.0,147675.4768,0.0,1020.7232,0.0,1
sz159915-H1_weekly_binary_hysteresis-fee0.001,2016-10-16,147675.4768,0.0,0.0,2.104,0.0,147675.4768,0.0,1020.7232,0.0,2
sz159915-H1_weekly_binary_hysteresis-fee0.001,2016-10-17,147675.4768,0.0,0.0,2.079,0.0,147675.4768,0.0,1020.7232,0.0,0
sz159915-H1_weekly_binary_hysteresis-fee0.001,2016-10-18,147675.4768,0.0,0.0,2.107,0.0,147675.4768,0.0,1020.7232,0.0,0
sz159915-H1_weekly_binary_hysteresis-fee0.001,2016-10-19,147675.4768,0.0,0.0,2.092,0.0,147675.4768,0.0,1020.7232,0.0,0
sz159915-H1_weekly_binary_hysteresis-fee0.001,2016-10-20,147675.4768,0.0,0.0,2.101,0.0,147675.4768,0.0,1020.7232,0.0,0
sz159915-H1_weekly_binary_hysteresis-fee0.001,2016-10-21,147675.4768,0.0,0.0,2.09,0.0,147675.4768,0.0,1020.7232,0.0,0
sz159915-H1_weekly_binary_hysteresis-fee0.001,2016-10-22,147675.4768,0.0,0.0,2.09,0.0,147675.4768,0.0,1020.7232,0.0,1
sz159915-H1_weekly_binary_hysteresis-fee0.001,2016-10-23,147675.4768,0.0,0.0,2.09,0.0,147675.4768,0.0,1020.7232,0.0,2
sz159915-H1_weekly_binary_hysteresis-fee0.001,2016-10-24,147675.4768,0.0,0.0,2.109,0.0,147675.4768,0.0,1020.7232,0.0,0
sz159915-H1_weekly_binary_hysteresis-fee0.001,2016-10-25,147675.4768,0.0,0.0,2.109,0.0,147675.4768,0.0,1020.7232,0.0,0
sz159915-H1_weekly_binary_hysteresis-fee0.001,2016-10-26,147675.4768,0.0,0.0,2.094,0.0,147675.4768,0.0,1020.7232,0.0,0
sz159915-H1_weekly_binary_hysteresis-fee0.001,2016-10-27,147675.4768,0.0,0.0,2.092,0.0,147675.4768,0.0,1020.7232,0.0,0
sz159915-H1_weekly_binary_hysteresis-fee0.001,2016-10-28,147675.4768,0.0,0.0,2.071,0.0,147675.4768,0.0,1020.7232,0.0,0
sz159915-H1_weekly_binary_hysteresis-fee0.001,2016-10-29,147675.4768,0.0,0.0,2.071,0.0,147675.4768,0.0,1020.7232,0.0,1
sz159915-H1_weekly_binary_hysteresis-fee0.001,2016-10-30,147675.4768,0.0,0.0,2.071,0.0,147675.4768,0.0,1020.7232,0.0,2
sz159915-H1_weekly_binary_hysteresis-fee0.001,2016-10-31,147675.4768,0.0,0.0,2.071,0.0,147675.4768,0.0,1020.7232,0.0,0
sz159915-H1_weekly_binary_hysteresis-fee0.001,2016-11-01,147675.4768,0.0,0.0,2.082,0.0,147675.4768,0.0,1020.7232,0.0,0
sz159915-H1_weekly_binary_hysteresis-fee0.001,2016-11-02,147675.4768,0.0,0.0,2.054,0.0,147675.4768,0.0,1020.7232,0.0,0
sz159915-H1_weekly_binary_hysteresis-fee0.001,2016-11-03,147675.4768,0.0,0.0,2.062,0.0,147675.4768,0.0,1020.7232,0.0,0
sz159915-H1_weekly_binary_hysteresis-fee0.001,2016-11-04,147675.4768,0.0,0.0,2.056,0.0,147675.4768,0.0,1020.7232,0.0,0
sz159915-H1_weekly_binary_hysteresis-fee0.001,2016-11-05,147675.4768,0.0,0.0,2.056,0.0,147675.4768,0.0,1020.7232,0.0,1
sz159915-H1_weekly_binary_hysteresis-fee0.001,2016-11-06,147675.4768,0.0,0.0,2.056,0.0,147675.4768,0.0,1020.7232,0.0,2
sz159915-H1_weekly_binary_hysteresis-fee0.001,2016-11-07,147675.4768,0.0,0.0,2.043,0.0,147675.4768,0.0,1020.7232,0.0,0
sz159915-H1_weekly_binary_hysteresis-fee0.001,2016-11-08,147675.4768,0.0,0.0,2.063,0.0,147675.4768,0.0,1020.7232,0.0,0
sz159915-H1_weekly_binary_hysteresis-fee0.001,2016-11-09,147675.4768,0.0,0.0,2.032,0.0,147675.4768,0.0,1020.7232,0.0,0
sz159915-H1_weekly_binary_hysteresis-fee0.001,2016-11-10,147675.4768,0.0,0.0,2.053,0.0,147675.4768,0.0,1020.7232,0.0,0
sz159915-H1_weekly_binary_hysteresis-fee0.001,2016-11-11,147675.4768,0.0,0.0,2.06,0.0,147675.4768,0.0,1020.7232,0.0,0
sz159915-H1_weekly_binary_hysteresis-fee0.001,2016-11-12,147675.4768,0.0,0.0,2.06,0.0,147675.4768,0.0,1020.7232,0.0,1
sz159915-H1_weekly_binary_hysteresis-fee0.001,2016-11-13,147675.4768,0.0,0.0,2.06,0.0,147675.4768,0.0,1020.7232,0.0,2
sz159915-H1_weekly_binary_hysteresis-fee0.001,2016-11-14,147675.4768,0.0,0.0,2.07,0.0,147675.4768,0.0,1020.7232,0.0,0
sz159915-H1_weekly_binary_hysteresis-fee0.001,2016-11-15,147675.4768,0.0,0.0,2.089,0.0,147675.4768,0.0,1020.7232,0.0,0
sz159915-H1_weekly_binary_hysteresis-fee0.001,2016-11-16,147675.4768,0.0,0.0,2.091,0.0,147675.4768,0.0,1020.7232,0.0,0
sz159915-H1_weekly_binary_hysteresis-fee0.001,2016-11-17,147675.4768,0.0,0.0,2.074,0.0,147675.4768,0.0,1020.7232,0.0,0
sz159915-H1_weekly_binary_hysteresis-fee0.001,2016-11-18,147675.4768,0.0,0.0,2.07,0.0,147675.4768,0.0,1020.7232,0.0,0
sz159915-H1_weekly_binary_hysteresis-fee0.001,2016-11-19,147675.4768,0.0,0.0,2.07,0.0,147675.4768,0.0,1020.7232,0.0,1
sz159915-H1_weekly_binary_hysteresis-fee0.001,2016-11-20,147675.4768,0.0,0.0,2.07,0.0,147675.4768,0.0,1020.7232,0.0,2
sz159915-H1_weekly_binary_hysteresis-fee0.001,2016-11-21,147675.4768,0.0,0.0,2.061,0.0,147675.4768,0.0,1020.7232,0.0,0
sz159915-H1_weekly_binary_hysteresis-fee0.001,2016-11-22,147675.4768,0.0,0.0,2.086,0.0,147675.4768,0.0,1020.7232,0.0,0
sz159915-H1_weekly_binary_hysteresis-fee0.001,2016-11-23,147675.4768,0.0,0.0,2.075,0.0,147675.4768,0.0,1020.7232,0.0,0
sz159915-H1_weekly_binary_hysteresis-fee0.001,2016-11-24,147675.4768,0.0,0.0,2.054,0.0,147675.4768,0.0,1020.7232,0.0,0
sz159915-H1_weekly_binary_hysteresis-fee0.001,2016-11-25,147675.4768,0.0,0.0,2.076,0.0,147675.4768,0.0,1020.7232,0.0,0
sz159915-H1_weekly_binary_hysteresis-fee0.001,2016-11-26,147675.4768,0.0,0.0,2.076,0.0,147675.4768,0.0,1020.7232,0.0,1
sz159915-H1_weekly_binary_hysteresis-fee0.001,2016-11-27,147675.4768,0.0,0.0,2.076,0.0,147675.4768,0.0,1020.7232,0.0,2
sz159915-H1_weekly_binary_hysteresis-fee0.001,2016-11-28,147675.4768,0.0,0.0,2.071,0.0,147675.4768,0.0,1020.7232,0.0,0
sz159915-H1_weekly_binary_hysteresis-fee0.001,2016-11-29,147675.4768,0.0,0.0,2.073,0.0,147675.4768,0.0,1020.7232,0.0,0
sz159915-H1_weekly_binary_hysteresis-fee0.001,2016-11-30,147675.4768,0.0,0.0,2.092,0.0,147675.4768,0.0,1020.7232,0.0,0
sz159915-H1_weekly_binary_hysteresis-fee0.001,2016-12-01,147675.4768,0.0,0.0,2.089,0.0,147675.4768,0.0,1020.7232,0.0,0
sz159915-H1_weekly_binary_hysteresis-fee0.001,2016-12-02,147675.4768,0.0,0.0,2.055,0.0,147675.4768,0.0,1020.7232,0.0,0
sz159915-H1_weekly_binary_hysteresis-fee0.001,2016-12-03,147675.4768,0.0,0.0,2.055,0.0,147675.4768,0.0,1020.7232,0.0,1
sz159915-H1_weekly_binary_hysteresis-fee0.001,2016-12-04,147675.4768,0.0,0.0,2.055,0.0,147675.4768,0.0,1020.7232,0.0,2
sz159915-H1_weekly_binary_hysteresis-fee0.001,2016-12-05,147675.4768,0.0,0.0,2.055,0.0,147675.4768,0.0,1020.7232,0.0,0
sz159915-H1_weekly_binary_hysteresis-fee0.001,2016-12-06,147675.4768,0.0,0.0,2.036,0.0,147675.4768,0.0,1020.7232,0.0,0
sz159915-H1_weekly_binary_hysteresis-fee0.001,2016-12-07,147675.4768,0.0,0.0,2.044,0.0,147675.4768,0.0,1020.7232,0.0,0
sz159915-H1_weekly_binary_hysteresis-fee0.001,2016-12-08,147675.4768,0.0,0.0,2.028,0.0,147675.4768,0.0,1020.7232,0.0,0
sz159915-H1_weekly_binary_hysteresis-fee0.001,2016-12-09,147675.4768,0.0,0.0,2.013,0.0,147675.4768,0.0,1020.7232,0.0,0
sz159915-H1_weekly_binary_hysteresis-fee0.001,2016-12-10,147675.4768,0.0,0.0,2.013,0.0,147675.4768,0.0,1020.7232,0.0,1
sz159915-H1_weekly_binary_hysteresis-fee0.001,2016-12-11,147675.4768,0.0,0.0,2.013,0.0,147675.4768,0.0,1020.7232,0.0,2
sz159915-H1_weekly_binary_hysteresis-fee0.001,2016-12-12,147675.4768,0.0,0.0,1.902,0.0,147675.4768,0.0,1020.7232,0.0,0
sz159915-H1_weekly_binary_hysteresis-fee0.001,2016-12-13,147675.4768,0.0,0.0,1.9,0.0,147675.4768,0.0,1020.7232,0.0,0
sz159915-H1_weekly_binary_hysteresis-fee0.001,2016-12-14,147675.4768,0.0,0.0,1.88,0.0,147675.4768,0.0,1020.7232,0.0,0
sz159915-H1_weekly_binary_hysteresis-fee0.001,2016-12-15,147675.4768,0.0,0.0,1.893,0.0,147675.4768,0.0,1020.7232,0.0,0
sz159915-H1_weekly_binary_hysteresis-fee0.001,2016-12-16,147675.4768,0.0,0.0,1.908,0.0,147675.4768,0.0,1020.7232,0.0,0
sz159915-H1_weekly_binary_hysteresis-fee0.001,2016-12-17,147675.4768,0.0,0.0,1.908,0.0,147675.4768,0.0,1020.7232,0.0,1
sz159915-H1_weekly_binary_hysteresis-fee0.001,2016-12-18,147675.4768,0.0,0.0,1.908,0.0,147675.4768,0.0,1020.7232,0.0,2
sz159915-H1_weekly_binary_hysteresis-fee0.001,2016-12-19,147675.4768,0.0,0.0,1.896,0.0,147675.4768,0.0,1020.7232,0.0,0
sz159915-H1_weekly_binary_hysteresis-fee0.001,2016-12-20,147675.4768,0.0,0.0,1.897,0.0,147675.4768,0.0,1020.7232,0.0,0
sz159915-H1_weekly_binary_hysteresis-fee0.001,2016-12-21,147675.4768,0.0,0.0,1.904,0.0,147675.4768,0.0,1020.7232,0.0,0
sz159915-H1_weekly_binary_hysteresis-fee0.001,2016-12-22,147675.4768,0.0,0.0,1.897,0.0,147675.4768,0.0,1020.7232,0.0,0
sz159915-H1_weekly_binary_hysteresis-fee0.001,2016-12-23,147675.4768,0.0,0.0,1.874,0.0,147675.4768,0.0,1020.7232,0.0,0
sz159915-H1_weekly_binary_hysteresis-fee0.001,2016-12-24,147675.4768,0.0,0.0,1.874,0.0,147675.4768,0.0,1020.7232,0.0,1
sz159915-H1_weekly_binary_hysteresis-fee0.001,2016-12-25,147675.4768,0.0,0.0,1.874,0.0,147675.4768,0.0,1020.7232,0.0,2
sz159915-H1_weekly_binary_hysteresis-fee0.001,2016-12-26,147675.4768,0.0,0.0,1.886,0.0,147675.4768,0.0,1020.7232,0.0,0
sz159915-H1_weekly_binary_hysteresis-fee0.001,2016-12-27,147675.4768,0.0,0.0,1.881,0.0,147675.4768,0.0,1020.7232,0.0,0
sz159915-H1_weekly_binary_hysteresis-fee0.001,2016-12-28,147675.4768,0.0,0.0,1.87,0.0,147675.4768,0.0,1020.7232,0.0,0
sz159915-H1_weekly_binary_hysteresis-fee0.001,2016-12-29,147675.4768,0.0,0.0,1.876,0.0,147675.4768,0.0,1020.7232,0.0,0
sz159915-H1_weekly_binary_hysteresis-fee0.001,2016-12-30,147675.4768,0.0,0.0,1.881,0.0,147675.4768,0.0,1020.7232,0.0,0
sz159915-H1_weekly_binary_hysteresis-fee0.001,2016-12-31,147675.4768,0.0,0.0,1.881,0.0,147675.4768,0.0,1020.7232,0.0,1
sz159915-H1_weekly_binary_hysteresis-fee0.001,2017-01-01,147675.4768,0.0,0.0,1.881,0.0,147675.4768,0.0,1020.7232,0.0,2
sz159915-H1_weekly_binary_hysteresis-fee0.001,2017-01-02,147675.4768,0.0,0.0,1.881,0.0,147675.4768,0.0,1020.7232,0.0,3
sz159915-H1_weekly_binary_hysteresis-fee0.001,2017-01-03,147675.4768,0.0,0.0,1.881,0.0,147675.4768,0.0,1020.7232,0.0,0
sz159915-H1_weekly_binary_hysteresis-fee0.001,2017-01-04,147675.4768,0.0,0.0,1.907,0.0,147675.4768,0.0,1020.7232,0.0,0
sz159915-H1_weekly_binary_hysteresis-fee0.001,2017-01-05,147675.4768,0.0,0.0,1.901,0.0,147675.4768,0.0,1020.7232,0.0,0
sz159915-H1_weekly_binary_hysteresis-fee0.001,2017-01-06,147675.4768,0.0,0.0,1.886,0.0,147675.4768,0.0,1020.7232,0.0,0
sz159915-H1_weekly_binary_hysteresis-fee0.001,2017-01-07,147675.4768,0.0,0.0,1.886,0.0,147675.4768,0.0,1020.7232,0.0,1
sz159915-H1_weekly_binary_hysteresis-fee0.001,2017-01-08,147675.4768,0.0,0.0,1.886,0.0,147675.4768,0.0,1020.7232,0.0,2
sz159915-H1_weekly_binary_hysteresis-fee0.001,2017-01-09,147675.4768,0.0,0.0,1.878,0.0,147675.4768,0.0,1020.7232,0.0,0
sz159915-H1_weekly_binary_hysteresis-fee0.001,2017-01-10,147675.4768,0.0,0.0,1.869,0.0,147675.4768,0.0,1020.7232,0.0,0
sz159915-H1_weekly_binary_hysteresis-fee0.001,2017-01-11,147675.4768,0.0,0.0,1.857,0.0,147675.4768,0.0,1020.7232,0.0,0
sz159915-H1_weekly_binary_hysteresis-fee0.001,2017-01-12,147675.4768,0.0,0.0,1.849,0.0,147675.4768,0.0,1020.7232,0.0,0
sz159915-H1_weekly_binary_hysteresis-fee0.001,2017-01-13,147675.4768,0.0,0.0,1.82,0.0,147675.4768,0.0,1020.7232,0.0,0
sz159915-H1_weekly_binary_hysteresis-fee0.001,2017-01-14,147675.4768,0.0,0.0,1.82,0.0,147675.4768,0.0,1020.7232,0.0,1
sz159915-H1_weekly_binary_hysteresis-fee0.001,2017-01-15,147675.4768,0.0,0.0,1.82,0.0,147675.4768,0.0,1020.7232,0.0,2
sz159915-H1_weekly_binary_hysteresis-fee0.001,2017-01-16,147675.4768,0.0,0.0,1.756,0.0,147675.4768,0.0,1020.7232,0.0,0
sz159915-H1_weekly_binary_hysteresis-fee0.001,2017-01-17,147675.4768,0.0,0.0,1.787,0.0,147675.4768,0.0,1020.7232,0.0,0
sz159915-H1_weekly_binary_hysteresis-fee0.001,2017-01-18,147675.4768,0.0,0.0,1.767,0.0,147675.4768,0.0,1020.7232,0.0,0
sz159915-H1_weekly_binary_hysteresis-fee0.001,2017-01-19,147675.4768,0.0,0.0,1.768,0.0,147675.4768,0.0,1020.7232,0.0,0
sz159915-H1_weekly_binary_hysteresis-fee0.001,2017-01-20,147675.4768,0.0,0.0,1.801,0.0,147675.4768,0.0,1020.7232,0.0,0
sz159915-H1_weekly_binary_hysteresis-fee0.001,2017-01-21,147675.4768,0.0,0.0,1.801,0.0,147675.4768,0.0,1020.7232,0.0,1
sz159915-H1_weekly_binary_hysteresis-fee0.001,2017-01-22,147675.4768,0.0,0.0,1.801,0.0,147675.4768,0.0,1020.7232,0.0,2
sz159915-H1_weekly_binary_hysteresis-fee0.001,2017-01-23,92.0408,0.0,82000.0,1.807,148174.0,148266.0408,0.9993792186025648,1168.1592,0.0,0
sz159915-H1_weekly_binary_hysteresis-fee0.001,2017-01-24,92.0408,0.0,82000.0,1.786,146452.0,146544.0408,0.9993719239656724,1168.1592,0.0,0
sz159915-H1_weekly_binary_hysteresis-fee0.001,2017-01-25,92.0408,0.0,82000.0,1.794,147108.0,147200.0408,0.9993747229993974,1168.1592,0.0,0
sz159915-H1_weekly_binary_hysteresis-fee0.001,2017-01-26,92.0408,0.0,82000.0,1.804,147928.0,148020.0408,0.9993781869029184,1168.1592,0.0,0
sz159915-H1_weekly_binary_hysteresis-fee0.001,2017-01-27,92.0408,0.0,82000.0,1.804,147928.0,148020.0408,0.9993781869029184,1168.1592,0.0,1
sz159915-H1_weekly_binary_hysteresis-fee0.001,2017-01-28,92.0408,0.0,82000.0,1.804,147928.0,148020.0408,0.9993781869029184,1168.1592,0.0,2
sz159915-H1_weekly_binary_hysteresis-fee0.001,2017-01-29,92.0408,0.0,82000.0,1.804,147928.0,148020.0408,0.9993781869029184,1168.1592,0.0,3
sz159915-H1_weekly_binary_hysteresis-fee0.001,2017-01-30,92.0408,0.0,82000.0,1.804,147928.0,148020.0408,0.9993781869029184,1168.1592,0.0,4
sz159915-H1_weekly_binary_hysteresis-fee0.001,2017-01-31,92.0408,0.0,82000.0,1.804,147928.0,148020.0408,0.9993781869029184,1168.1592,0.0,5
sz159915-H1_weekly_binary_hysteresis-fee0.001,2017-02-01,92.0408,0.0,82000.0,1.804,147928.0,148020.0408,0.9993781869029184,1168.1592,0.0,6
sz159915-H1_weekly_binary_hysteresis-fee0.001,2017-02-02,92.0408,0.0,82000.0,1.804,147928.0,148020.0408,0.9993781869029184,1168.1592,0.0,7
sz159915-H1_weekly_binary_hysteresis-fee0.001,2017-02-03,92.0408,0.0,82000.0,1.802,147764.0,147856.0408,0.9993774971959076,1168.1592,0.0,0
sz159915-H1_weekly_binary_hysteresis-fee0.001,2017-02-04,92.0408,0.0,82000.0,1.802,147764.0,147856.0408,0.9993774971959076,1168.1592,0.0,1
sz159915-H1_weekly_binary_hysteresis-fee0.001,2017-02-05,92.0408,0.0,82000.0,1.802,147764.0,147856.0408,0.9993774971959076,1168.1592,0.0,2
sz159915-H1_weekly_binary_hysteresis-fee0.001,2017-02-06,92.0408,0.0,82000.0,1.82,149240.0,149332.0408,0.9993836500224137,1168.1592,0.0,0
sz159915-H1_weekly_binary_hysteresis-fee0.001,2017-02-07,92.0408,0.0,82000.0,1.807,148174.0,148266.0408,0.9993792186025648,1168.1592,0.0,0
sz159915-H1_weekly_binary_hysteresis-fee0.001,2017-02-08,92.0408,0.0,82000.0,1.822,149404.0,149496.0408,0.9993843261700613,1168.1592,0.0,0
sz159915-H1_weekly_binary_hysteresis-fee0.001,2017-02-09,92.0408,0.0,82000.0,1.833,150306.0,150398.0408,0.9993880186237107,1168.1592,0.0,0
sz159915-H1_weekly_binary_hysteresis-fee0.001,2017-02-10,92.0408,0.0,82000.0,1.824,149568.0,149660.0408,0.999385000835841,1168.1592,0.0,0
sz159915-H1_weekly_binary_hysteresis-fee0.001,2017-02-11,92.0408,0.0,82000.0,1.824,149568.0,149660.0408,0.999385000835841,1168.1592,0.0,1
sz159915-H1_weekly_binary_hysteresis-fee0.001,2017-02-12,92.0408,0.0,82000.0,1.824,149568.0,149660.0408,0.999385000835841,1168.1592,0.0,2
sz159915-H1_weekly_binary_hysteresis-fee0.001,2017-02-13,149182.8008,0.0,0.0,1.833,0.0,149182.8008,0.0,1317.3992,0.0,0
sz159915-H1_weekly_binary_hysteresis-fee0.001,2017-02-14,149182.8008,0.0,0.0,1.827,0.0,149182.8008,0.0,1317.3992,0.0,0
sz159915-H1_weekly_binary_hysteresis-fee0.001,2017-02-15,149182.8008,0.0,0.0,1.812,0.0,149182.8008,0.0,1317.3992,0.0,0
sz159915-H1_weekly_binary_hysteresis-fee0.001,2017-02-16,149182.8008,0.0,0.0,1.817,0.0,149182.8008,0.0,1317.3992,0.0,0
sz159915-H1_weekly_binary_hysteresis-fee0.001,2017-02-17,149182.8008,0.0,0.0,1.801,0.0,149182.8008,0.0,1317.3992,0.0,0
sz159915-H1_weekly_binary_hysteresis-fee0.001,2017-02-18,149182.8008,0.0,0.0,1.801,0.0,149182.8008,0.0,1317.3992,0.0,1
sz159915-H1_weekly_binary_hysteresis-fee0.001,2017-02-19,149182.8008,0.0,0.0,1.801,0.0,149182.8008,0.0,1317.3992,0.0,2
sz159915-H1_weekly_binary_hysteresis-fee0.001,2017-02-20,149182.8008,0.0,0.0,1.817,0.0,149182.8008,0.0,1317.3992,0.0,0
sz159915-H1_weekly_binary_hysteresis-fee0.001,2017-02-21,149182.8008,0.0,0.0,1.842,0.0,149182.8008,0.0,1317.3992,0.0,0
sz159915-H1_weekly_binary_hysteresis-fee0.001,2017-02-22,149182.8008,0.0,0.0,1.838,0.0,149182.8008,0.0,1317.3992,0.0,0
sz159915-H1_weekly_binary_hysteresis-fee0.001,2017-02-23,149182.8008,0.0,0.0,1.848,0.0,149182.8008,0.0,1317.3992,0.0,0
sz159915-H1_weekly_binary_hysteresis-fee0.001,2017-02-24,149182.8008,0.0,0.0,1.859,0.0,149182.8008,0.0,1317.3992,0.0,0
sz159915-H1_weekly_binary_hysteresis-fee0.001,2017-02-25,149182.8008,0.0,0.0,1.859,0.0,149182.8008,0.0,1317.3992,0.0,1
sz159915-H1_weekly_binary_hysteresis-fee0.001,2017-02-26,149182.8008,0.0,0.0,1.859,0.0,149182.8008,0.0,1317.3992,0.0,2
sz159915-H1_weekly_binary_hysteresis-fee0.001,2017-02-27,149182.8008,0.0,0.0,1.847,0.0,149182.8008,0.0,1317.3992,0.0,0
sz159915-H1_weekly_binary_hysteresis-fee0.001,2017-02-28,149182.8008,0.0,0.0,1.846,0.0,149182.8008,0.0,1317.3992,0.0,0
sz159915-H1_weekly_binary_hysteresis-fee0.001,2017-03-01,149182.8008,0.0,0.0,1.85,0.0,149182.8008,0.0,1317.3992,0.0,0
sz159915-H1_weekly_binary_hysteresis-fee0.001,2017-03-02,149182.8008,0.0,0.0,1.841,0.0,149182.8008,0.0,1317.3992,0.0,0
sz159915-H1_weekly_binary_hysteresis-fee0.001,2017-03-03,149182.8008,0.0,0.0,1.849,0.0,149182.8008,0.0,1317.3992,0.0,0
sz159915-H1_weekly_binary_hysteresis-fee0.001,2017-03-04,149182.8008,0.0,0.0,1.849,0.0,149182.8008,0.0,1317.3992,0.0,1
sz159915-H1_weekly_binary_hysteresis-fee0.001,2017-03-05,149182.8008,0.0,0.0,1.849,0.0,149182.8008,0.0,1317.3992,0.0,2
sz159915-H1_weekly_binary_hysteresis-fee0.001,2017-03-06,149182.8008,0.0,0.0,1.883,0.0,149182.8008,0.0,1317.3992,0.0,0
sz159915-H1_weekly_binary_hysteresis-fee0.001,2017-03-07,149182.8008,0.0,0.0,1.895,0.0,149182.8008,0.0,1317.3992,0.0,0
sz159915-H1_weekly_binary_hysteresis-fee0.001,2017-03-08,149182.8008,0.0,0.0,1.884,0.0,149182.8008,0.0,1317.3992,0.0,0
sz159915-H1_weekly_binary_hysteresis-fee0.001,2017-03-09,149182.8008,0.0,0.0,1.869,0.0,149182.8008,0.0,1317.3992,0.0,0
sz159915-H1_weekly_binary_hysteresis-fee0.001,2017-03-10,149182.8008,0.0,0.0,1.868,0.0,149182.8008,0.0,1317.3992,0.0,0
sz159915-H1_weekly_binary_hysteresis-fee0.001,2017-03-11,149182.8008,0.0,0.0,1.868,0.0,149182.8008,0.0,1317.3992,0.0,1
sz159915-H1_weekly_binary_hysteresis-fee0.001,2017-03-12,149182.8008,0.0,0.0,1.868,0.0,149182.8008,0.0,1317.3992,0.0,2
sz159915-H1_weekly_binary_hysteresis-fee0.001,2017-03-13,149182.8008,0.0,0.0,1.89,0.0,149182.8008,0.0,1317.3992,0.0,0
sz159915-H1_weekly_binary_hysteresis-fee0.001,2017-03-14,149182.8008,0.0,0.0,1.875,0.0,149182.8008,0.0,1317.3992,0.0,0
sz159915-H1_weekly_binary_hysteresis-fee0.001,2017-03-15,149182.8008,0.0,0.0,1.876,0.0,149182.8008,0.0,1317.3992,0.0,0
sz159915-H1_weekly_binary_hysteresis-fee0.001,2017-03-16,149182.8008,0.0,0.0,1.882,0.0,149182.8008,0.0,1317.3992,0.0,0
sz159915-H1_weekly_binary_hysteresis-fee0.001,2017-03-17,149182.8008,0.0,0.0,1.862,0.0,149182.8008,0.0,1317.3992,0.0,0
sz159915-H1_weekly_binary_hysteresis-fee0.001,2017-03-18,149182.8008,0.0,0.0,1.862,0.0,149182.8008,0.0,1317.3992,0.0,1
sz159915-H1_weekly_binary_hysteresis-fee0.001,2017-03-19,149182.8008,0.0,0.0,1.862,0.0,149182.8008,0.0,1317.3992,0.0,2
sz159915-H1_weekly_binary_hysteresis-fee0.001,2017-03-20,149182.8008,0.0,0.0,1.87,0.0,149182.8008,0.0,1317.3992,0.0,0
sz159915-H1_weekly_binary_hysteresis-fee0.001,2017-03-21,149182.8008,0.0,0.0,1.879,0.0,149182.8008,0.0,1317.3992,0.0,0
sz159915-H1_weekly_binary_hysteresis-fee0.001,2017-03-22,149182.8008,0.0,0.0,1.864,0.0,149182.8008,0.0,1317.3992,0.0,0
sz159915-H1_weekly_binary_hysteresis-fee0.001,2017-03-23,149182.8008,0.0,0.0,1.865,0.0,149182.8008,0.0,1317.3992,0.0,0
sz159915-H1_weekly_binary_hysteresis-fee0.001,2017-03-24,149182.8008,0.0,0.0,1.882,0.0,149182.8008,0.0,1317.3992,0.0,0
sz159915-H1_weekly_binary_hysteresis-fee0.001,2017-03-25,149182.8008,0.0,0.0,1.882,0.0,149182.8008,0.0,1317.3992,0.0,1
sz159915-H1_weekly_binary_hysteresis-fee0.001,2017-03-26,149182.8008,0.0,0.0,1.882,0.0,149182.8008,0.0,1317.3992,0.0,2
sz159915-H1_weekly_binary_hysteresis-fee0.001,2017-03-27,149182.8008,0.0,0.0,1.864,0.0,149182.8008,0.0,1317.3992,0.0,0
sz159915-H1_weekly_binary_hysteresis-fee0.001,2017-03-28,149182.8008,0.0,0.0,1.863,0.0,149182.8008,0.0,1317.3992,0.0,0
sz159915-H1_weekly_binary_hysteresis-fee0.001,2017-03-29,149182.8008,0.0,0.0,1.845,0.0,149182.8008,0.0,1317.3992,0.0,0
sz159915-H1_weekly_binary_hysteresis-fee0.001,2017-03-30,149182.8008,0.0,0.0,1.813,0.0,149182.8008,0.0,1317.3992,0.0,0
sz159915-H1_weekly_binary_hysteresis-fee0.001,2017-03-31,149182.8008,0.0,0.0,1.826,0.0,149182.8008,0.0,1317.3992,0.0,0
sz159915-H1_weekly_binary_hysteresis-fee0.001,2017-04-01,149182.8008,0.0,0.0,1.826,0.0,149182.8008,0.0,1317.3992,0.0,1
sz159915-H1_weekly_binary_hysteresis-fee0.001,2017-04-02,149182.8008,0.0,0.0,1.826,0.0,149182.8008,0.0,1317.3992,0.0,2
sz159915-H1_weekly_binary_hysteresis-fee0.001,2017-04-03,149182.8008,0.0,0.0,1.826,0.0,149182.8008,0.0,1317.3992,0.0,3
sz159915-H1_weekly_binary_hysteresis-fee0.001,2017-04-04,149182.8008,0.0,0.0,1.826,0.0,149182.8008,0.0,1317.3992,0.0,4
sz159915-H1_weekly_binary_hysteresis-fee0.001,2017-04-05,173.6405,0.0,81300.0,1.861,151299.3,151472.9405,0.9988536533361878,1466.2595,0.0,0
sz159915-H1_weekly_binary_hysteresis-fee0.001,2017-04-06,173.6405,0.0,81300.0,1.859,151136.7,151310.3405,0.9988524214576069,1466.2595,0.0,0
sz159915-H1_weekly_binary_hysteresis-fee0.001,2017-04-07,173.6405,0.0,81300.0,1.865,151624.5,151798.1405,0.99885610917612,1466.2595,0.0,0
sz159915-H1_weekly_binary_hysteresis-fee0.001,2017-04-08,173.6405,0.0,81300.0,1.865,151624.5,151798.1405,0.99885610917612,1466.2595,0.0,1
sz159915-H1_weekly_binary_hysteresis-fee0.001,2017-04-09,173.6405,0.0,81300.0,1.865,151624.5,151798.1405,0.99885610917612,1466.2595,0.0,2
sz159915-H1_weekly_binary_hysteresis-fee0.001,2017-04-10,151646.516,0.0,0.0,1.832,0.0,151646.516,0.0,1617.884,0.0,0
sz159915-H1_weekly_binary_hysteresis-fee0.001,2017-04-11,151646.516,0.0,0.0,1.836,0.0,151646.516,0.0,1617.884,0.0,0
sz159915-H1_weekly_binary_hysteresis-fee0.001,2017-04-12,151646.516,0.0,0.0,1.819,0.0,151646.516,0.0,1617.884,0.0,0
sz159915-H1_weekly_binary_hysteresis-fee0.001,2017-04-13,151646.516,0.0,0.0,1.835,0.0,151646.516,0.0,1617.884,0.0,0
sz159915-H1_weekly_binary_hysteresis-fee0.001,2017-04-14,151646.516,0.0,0.0,1.81,0.0,151646.516,0.0,1617.884,0.0,0
sz159915-H1_weekly_binary_hysteresis-fee0.001,2017-04-15,151646.516,0.0,0.0,1.81,0.0,151646.516,0.0,1617.884,0.0,1
sz159915-H1_weekly_binary_hysteresis-fee0.001,2017-04-16,151646.516,0.0,0.0,1.81,0.0,151646.516,0.0,1617.884,0.0,2
sz159915-H1_weekly_binary_hysteresis-fee0.001,2017-04-17,152.3732,0.0,83800.0,1.79,150002.0,150154.3732,0.9989852230291218,1769.2268,0.0,0
sz159915-H1_weekly_binary_hysteresis-fee0.001,2017-04-18,152.3732,0.0,83800.0,1.772,148493.6,148645.9732,0.9989749254774969,1769.2268,0.0,0
sz159915-H1_weekly_binary_hysteresis-fee0.001,2017-04-19,152.3732,0.0,83800.0,1.763,147739.4,147891.7732,0.9989696979304323,1769.2268,0.0,0
sz159915-H1_weekly_binary_hysteresis-fee0.001,2017-04-20,152.3732,0.0,83800.0,1.77,148326.0,148478.3732,0.9989737683898601,1769.2268,0.0,0
sz159915-H1_weekly_binary_hysteresis-fee0.001,2017-04-21,152.3732,0.0,83800.0,1.761,147571.8,147724.1732,0.9989685290044324,1769.2268,0.0,0
sz159915-H1_weekly_binary_hysteresis-fee0.001,2017-04-22,152.3732,0.0,83800.0,1.761,147571.8,147724.1732,0.9989685290044324,1769.2268,0.0,1
sz159915-H1_weekly_binary_hysteresis-fee0.001,2017-04-23,152.3732,0.0,83800.0,1.761,147571.8,147724.1732,0.9989685290044324,1769.2268,0.0,2
sz159915-H1_weekly_binary_hysteresis-fee0.001,2017-04-24,152.3732,0.0,83800.0,1.737,145560.6,145712.9732,0.9989542921494653,1769.2268,0.0,0
sz159915-H1_weekly_binary_hysteresis-fee0.001,2017-04-25,152.3732,0.0,83800.0,1.742,145979.6,146131.9732,0.9989572904774819,1769.2268,0.0,0
sz159915-H1_weekly_binary_hysteresis-fee0.001,2017-04-26,152.3732,0.0,83800.0,1.743,146063.4,146215.7732,0.9989578880809831,1769.2268,0.0,0
sz159915-H1_weekly_binary_hysteresis-fee0.001,2017-04-27,152.3732,0.0,83800.0,1.764,147823.2,147975.5732,0.9989702814004711,1769.2268,0.0,0
sz159915-H1_weekly_binary_hysteresis-fee0.001,2017-04-28,152.3732,0.0,83800.0,1.777,148912.6,149064.9732,0.9989778068131703,1769.2268,0.0,0
sz159915-H1_weekly_binary_hysteresis-fee0.001,2017-04-29,152.3732,0.0,83800.0,1.777,148912.6,149064.9732,0.9989778068131703,1769.2268,0.0,1
sz159915-H1_weekly_binary_hysteresis-fee0.001,2017-04-30,152.3732,0.0,83800.0,1.777,148912.6,149064.9732,0.9989778068131703,1769.2268,0.0,2
sz159915-H1_weekly_binary_hysteresis-fee0.001,2017-05-01,152.3732,0.0,83800.0,1.777,148912.6,149064.9732,0.9989778068131703,1769.2268,0.0,3
sz159915-H1_weekly_binary_hysteresis-fee0.001,2017-05-02,152.3732,0.0,83800.0,1.773,148577.4,148729.7732,0.9989755030433947,1769.2268,0.0,0
sz159915-H1_weekly_binary_hysteresis-fee0.001,2017-05-03,152.3732,0.0,83800.0,1.763,147739.4,147891.7732,0.9989696979304323,1769.2268,0.0,0
sz159915-H1_weekly_binary_hysteresis-fee0.001,2017-05-04,152.3732,0.0,83800.0,1.769,148242.2,148394.5732,0.998973188865912,1769.2268,0.0,0
sz159915-H1_weekly_binary_hysteresis-fee0.001,2017-05-05,152.3732,0.0,83800.0,1.743,146063.4,146215.7732,0.9989578880809831,1769.2268,0.0,0
sz159915-H1_weekly_binary_hysteresis-fee0.001,2017-05-06,152.3732,0.0,83800.0,1.743,146063.4,146215.7732,0.9989578880809831,1769.2268,0.0,1
sz159915-H1_weekly_binary_hysteresis-fee0.001,2017-05-07,152.3732,0.0,83800.0,1.743,146063.4,146215.7732,0.9989578880809831,1769.2268,0.0,2
sz159915-H1_weekly_binary_hysteresis-fee0.001,2017-05-08,152.3732,0.0,83800.0,1.716,143800.8,143953.1732,0.9989415085710663,1769.2268,0.0,0
sz159915-H1_weekly_binary_hysteresis-fee0.001,2017-05-09,152.3732,0.0,83800.0,1.726,144638.8,144791.1732,0.9989476347443533,1769.2268,0.0,0
sz159915-H1_weekly_binary_hysteresis-fee0.001,2017-05-10,152.3732,0.0,83800.0,1.7,142460.0,142612.3732,0.9989315569429147,1769.2268,0.0,0
sz159915-H1_weekly_binary_hysteresis-fee0.001,2017-05-11,152.3732,0.0,83800.0,1.696,142124.8,142277.1732,0.9989290397287708,1769.2268,0.0,0
sz159915-H1_weekly_binary_hysteresis-fee0.001,2017-05-12,152.3732,0.0,83800.0,1.698,142292.4,142444.7732,0.9989302998167152,1769.2268,0.0,0
sz159915-H1_weekly_binary_hysteresis-fee0.001,2017-05-13,152.3732,0.0,83800.0,1.698,142292.4,142444.7732,0.9989302998167152,1769.2268,0.0,1
sz159915-H1_weekly_binary_hysteresis-fee0.001,2017-05-14,152.3732,0.0,83800.0,1.698,142292.4,142444.7732,0.9989302998167152,1769.2268,0.0,2
sz159915-H1_weekly_binary_hysteresis-fee0.001,2017-05-15,152.3732,0.0,83800.0,1.704,142795.2,142947.5732,0.998934062351749,1769.2268,0.0,0
sz159915-H1_weekly_binary_hysteresis-fee0.001,2017-05-16,152.3732,0.0,83800.0,1.741,145895.8,146048.1732,0.9989566921881909,1769.2268,0.0,0
sz159915-H1_weekly_binary_hysteresis-fee0.001,2017-05-17,152.3732,0.0,83800.0,1.743,146063.4,146215.7732,0.9989578880809831,1769.2268,0.0,0
sz159915-H1_weekly_binary_hysteresis-fee0.001,2017-05-18,152.3732,0.0,83800.0,1.738,145644.4,145796.7732,0.9989548931937542,1769.2268,0.0,0
sz159915-H1_weekly_binary_hysteresis-fee0.001,2017-05-19,152.3732,0.0,83800.0,1.725,144555.0,144707.3732,0.9989470253199234,1769.2268,0.0,0
sz159915-H1_weekly_binary_hysteresis-fee0.001,2017-05-20,152.3732,0.0,83800.0,1.725,144555.0,144707.3732,0.9989470253199234,1769.2268,0.0,1
sz159915-H1_weekly_binary_hysteresis-fee0.001,2017-05-21,152.3732,0.0,83800.0,1.725,144555.0,144707.3732,0.9989470253199234,1769.2268,0.0,2
sz159915-H1_weekly_binary_hysteresis-fee0.001,2017-05-22,152.3732,0.0,83800.0,1.711,143381.8,143534.1732,0.9989384186594528,1769.2268,0.0,0
sz159915-H1_weekly_binary_hysteresis-fee0.001,2017-05-23,152.3732,0.0,83800.0,1.681,140867.8,141020.1732,0.9989194935976721,1769.2268,0.0,0
sz159915-H1_weekly_binary_hysteresis-fee0.001,2017-05-24,152.3732,0.0,83800.0,1.703,142711.4,142863.7732,0.9989334371017439,1769.2268,0.0,0
sz159915-H1_weekly_binary_hysteresis-fee0.001,2017-05-25,152.3732,0.0,83800.0,1.703,142711.4,142863.7732,0.9989334371017439,1769.2268,0.0,0
sz159915-H1_weekly_binary_hysteresis-fee0.001,2017-05-26,152.3732,0.0,83800.0,1.689,141538.2,141690.5732,0.9989246059454857,1769.2268,0.0,0
sz159915-H1_weekly_binary_hysteresis-fee0.001,2017-05-27,152.3732,0.0,83800.0,1.689,141538.2,141690.5732,0.9989246059454857,1769.2268,0.0,1
sz159915-H1_weekly_binary_hysteresis-fee0.001,2017-05-28,152.3732,0.0,83800.0,1.689,141538.2,141690.5732,0.9989246059454857,1769.2268,0.0,2
sz159915-H1_weekly_binary_hysteresis-fee0.001,2017-05-29,152.3732,0.0,83800.0,1.689,141538.2,141690.5732,0.9989246059454857,1769.2268,0.0,3
sz159915-H1_weekly_binary_hysteresis-fee0.001,2017-05-30,152.3732,0.0,83800.0,1.689,141538.2,141690.5732,0.9989246059454857,1769.2268,0.0,4
sz159915-H1_weekly_binary_hysteresis-fee0.001,2017-05-31,152.3732,0.0,83800.0,1.692,141789.6,141941.9732,0.9989265106256815,1769.2268,0.0,0
sz159915-H1_weekly_binary_hysteresis-fee0.001,2017-06-01,152.3732,0.0,83800.0,1.661,139191.8,139344.1732,0.9989064975125921,1769.2268,0.0,0
sz159915-H1_weekly_binary_hysteresis-fee0.001,2017-06-02,152.3732,0.0,83800.0,1.678,140616.4,140768.7732,0.9989175639132444,1769.2268,0.0,0
sz159915-H1_weekly_binary_hysteresis-fee0.001,2017-06-03,152.3732,0.0,83800.0,1.678,140616.4,140768.7732,0.9989175639132444,1769.2268,0.0,1
sz159915-H1_weekly_binary_hysteresis-fee0.001,2017-06-04,152.3732,0.0,83800.0,1.678,140616.4,140768.7732,0.9989175639132444,1769.2268,0.0,2
sz159915-H1_weekly_binary_hysteresis-fee0.001,2017-06-05,152.3732,0.0,83800.0,1.689,141538.2,141690.5732,0.9989246059454857,1769.2268,0.0,0
sz159915-H1_weekly_binary_hysteresis-fee0.001,2017-06-06,152.3732,0.0,83800.0,1.692,141789.6,141941.9732,0.9989265106256815,1769.2268,0.0,0
sz159915-H1_weekly_binary_hysteresis-fee0.001,2017-06-07,152.3732,0.0,83800.0,1.73,144974.0,145126.3732,0.9989500654041013,1769.2268,0.0,0
sz159915-H1_weekly_binary_hysteresis-fee0.001,2017-06-08,152.3732,0.0,83800.0,1.722,144303.6,144455.9732,0.998945192804253,1769.2268,0.0,0
sz159915-H1_weekly_binary_hysteresis-fee0.001,2017-06-09,152.3732,0.0,83800.0,1.725,144555.0,144707.3732,0.9989470253199234,1769.2268,0.0,0
sz159915-H1_weekly_binary_hysteresis-fee0.001,2017-06-10,152.3732,0.0,83800.0,1.725,144555.0,144707.3732,0.9989470253199234,1769.2268,0.0,1
sz159915-H1_weekly_binary_hysteresis-fee0.001,2017-06-11,152.3732,0.0,83800.0,1.725,144555.0,144707.3732,0.9989470253199234,1769.2268,0.0,2
sz159915-H1_weekly_binary_hysteresis-fee0.001,2017-06-12,152.3732,0.0,83800.0,1.702,142627.6,142779.9732,0.998932811117799,1769.2268,0.0,0
sz159915-H1_weekly_binary_hysteresis-fee0.001,2017-06-13,152.3732,0.0,83800.0,1.723,144387.4,144539.7732,0.998945804351103,1769.2268,0.0,0
sz159915-H1_weekly_binary_hysteresis-fee0.001,2017-06-14,152.3732,0.0,83800.0,1.72,144136.0,144288.3732,0.9989439675795028,1769.2268,0.0,0
sz159915-H1_weekly_binary_hysteresis-fee0.001,2017-06-15,152.3732,0.0,83800.0,1.744,146147.2,146299.5732,0.9989584849998728,1769.2268,0.0,0
sz159915-H1_weekly_binary_hysteresis-fee0.001,2017-06-16,152.3732,0.0,83800.0,1.739,145728.2,145880.5732,0.9989554935475123,1769.2268,0.0,0
sz159915-H1_weekly_binary_hysteresis-fee0.001,2017-06-17,152.3732,0.0,83800.0,1.739,145728.2,145880.5732,0.9989554935475123,1769.2268,0.0,1
sz159915-H1_weekly_binary_hysteresis-fee0.001,2017-06-18,152.3732,0.0,83800.0,1.739,145728.2,145880.5732,0.9989554935475123,1769.2268,0.0,2
sz159915-H1_weekly_binary_hysteresis-fee0.001,2017-06-19,152.3732,0.0,83800.0,1.746,146314.8,146467.1732,0.9989596767885188,1769.2268,0.0,0
sz159915-H1_weekly_binary_hysteresis-fee0.001,2017-06-20,152.3732,0.0,83800.0,1.748,146482.4,146634.7732,0.9989608658527935,1769.2268,0.0,0
sz159915-H1_weekly_binary_hysteresis-fee0.001,2017-06-21,152.3732,0.0,83800.0,1.753,146901.4,147053.7732,0.9989638266554863,1769.2268,0.0,0
sz159915-H1_weekly_binary_hysteresis-fee0.001,2017-06-22,152.3732,0.0,83800.0,1.725,144555.0,144707.3732,0.9989470253199234,1769.2268,0.0,0
sz159915-H1_weekly_binary_hysteresis-fee0.001,2017-06-23,152.3732,0.0,83800.0,1.737,145560.6,145712.9732,0.9989542921494653,1769.2268,0.0,0
sz159915-H1_weekly_binary_hysteresis-fee0.001,2017-06-24,152.3732,0.0,83800.0,1.737,145560.6,145712.9732,0.9989542921494653,1769.2268,0.0,1
sz159915-H1_weekly_binary_hysteresis-fee0.001,2017-06-25,152.3732,0.0,83800.0,1.737,145560.6,145712.9732,0.9989542921494653,1769.2268,0.0,2
sz159915-H1_weekly_binary_hysteresis-fee0.001,2017-06-26,152.3732,0.0,83800.0,1.749,146566.2,146718.5732,0.9989614593662093,1769.2268,0.0,0
sz159915-H1_weekly_binary_hysteresis-fee0.001,2017-06-27,152.3732,0.0,83800.0,1.746,146314.8,146467.1732,0.9989596767885188,1769.2268,0.0,0
sz159915-H1_weekly_binary_hysteresis-fee0.001,2017-06-28,152.3732,0.0,83800.0,1.734,145309.2,145461.5732,0.9989524848614796,1769.2268,0.0,0
sz159915-H1_weekly_binary_hysteresis-fee0.001,2017-06-29,152.3732,0.0,83800.0,1.742,145979.6,146131.9732,0.9989572904774819,1769.2268,0.0,0
sz159915-H1_weekly_binary_hysteresis-fee0.001,2017-06-30,152.3732,0.0,83800.0,1.748,146482.4,146634.7732,0.9989608658527935,1769.2268,0.0,0
sz159915-H1_weekly_binary_hysteresis-fee0.001,2017-07-01,152.3732,0.0,83800.0,1.748,146482.4,146634.7732,0.9989608658527935,1769.2268,0.0,1
sz159915-H1_weekly_binary_hysteresis-fee0.001,2017-07-02,152.3732,0.0,83800.0,1.748,146482.4,146634.7732,0.9989608658527935,1769.2268,0.0,2
sz159915-H1_weekly_binary_hysteresis-fee0.001,2017-07-03,152.3732,0.0,83800.0,1.764,147823.2,147975.5732,0.9989702814004711,1769.2268,0.0,0
sz159915-H1_weekly_binary_hysteresis-fee0.001,2017-07-04,152.3732,0.0,83800.0,1.755,147069.0,147221.3732,0.9989650062576647,1769.2268,0.0,0
sz159915-H1_weekly_binary_hysteresis-fee0.001,2017-07-05,152.3732,0.0,83800.0,1.761,147571.8,147724.1732,0.9989685290044324,1769.2268,0.0,0
sz159915-H1_weekly_binary_hysteresis-fee0.001,2017-07-06,152.3732,0.0,83800.0,1.753,146901.4,147053.7732,0.9989638266554863,1769.2268,0.0,0
sz159915-H1_weekly_binary_hysteresis-fee0.001,2017-07-07,152.3732,0.0,83800.0,1.75,146650.0,146802.3732,0.998962052202028,1769.2268,0.0,0
sz159915-H1_weekly_binary_hysteresis-fee0.001,2017-07-08,152.3732,0.0,83800.0,1.75,146650.0,146802.3732,0.998962052202028,1769.2268,0.0,1
sz159915-H1_weekly_binary_hysteresis-fee0.001,2017-07-09,152.3732,0.0,83800.0,1.75,146650.0,146802.3732,0.998962052202028,1769.2268,0.0,2
sz159915-H1_weekly_binary_hysteresis-fee0.001,2017-07-10,152.3732,0.0,83800.0,1.716,143800.8,143953.1732,0.9989415085710663,1769.2268,0.0,0
sz159915-H1_weekly_binary_hysteresis-fee0.001,2017-07-11,152.3732,0.0,83800.0,1.696,142124.8,142277.1732,0.9989290397287708,1769.2268,0.0,0
sz159915-H1_weekly_binary_hysteresis-fee0.001,2017-07-12,152.3732,0.0,83800.0,1.697,142208.6,142360.9732,0.9989296701436149,1769.2268,0.0,0
sz159915-H1_weekly_binary_hysteresis-fee0.001,2017-07-13,152.3732,0.0,83800.0,1.686,141286.8,141439.1732,0.9989226944943708,1769.2268,0.0,0
sz159915-H1_weekly_binary_hysteresis-fee0.001,2017-07-14,152.3732,0.0,83800.0,1.662,139275.6,139427.9732,0.9989071547372963,1769.2268,0.0,0
sz159915-H1_weekly_binary_hysteresis-fee0.001,2017-07-15,152.3732,0.0,83800.0,1.662,139275.6,139427.9732,0.9989071547372963,1769.2268,0.0,1
sz159915-H1_weekly_binary_hysteresis-fee0.001,2017-07-16,152.3732,0.0,83800.0,1.662,139275.6,139427.9732,0.9989071547372963,1769.2268,0.0,2
sz159915-H1_weekly_binary_hysteresis-fee0.001,2017-07-17,152.3732,0.0,83800.0,1.57,131566.0,131718.3732,0.998843189478444,1769.2268,0.0,0
sz159915-H1_weekly_binary_hysteresis-fee0.001,2017-07-18,152.3732,0.0,83800.0,1.579,132320.2,132472.5732,0.9988497754945097,1769.2268,0.0,0
sz159915-H1_weekly_binary_hysteresis-fee0.001,2017-07-19,152.3732,0.0,83800.0,1.593,133493.4,133645.7732,0.9988598726592575,1769.2268,0.0,0
sz159915-H1_weekly_binary_hysteresis-fee0.001,2017-07-20,152.3732,0.0,83800.0,1.59,133242.0,133394.3732,0.9988577239328412,1769.2268,0.0,0
sz159915-H1_weekly_binary_hysteresis-fee0.001,2017-07-21,152.3732,0.0,83800.0,1.591,133325.8,133478.1732,0.9988584410743194,1769.2268,0.0,0
sz159915-H1_weekly_binary_hysteresis-fee0.001,2017-07-22,152.3732,0.0,83800.0,1.591,133325.8,133478.1732,0.9988584410743194,1769.2268,0.0,1
sz159915-H1_weekly_binary_hysteresis-fee0.001,2017-07-23,152.3732,0.0,83800.0,1.591,133325.8,133478.1732,0.9988584410743194,1769.2268,0.0,2
sz159915-H1_weekly_binary_hysteresis-fee0.001,2017-07-24,152.3732,0.0,83800.0,1.599,133996.2,134148.5732,0.9988641459512743,1769.2268,0.0,0
sz159915-H1_weekly_binary_hysteresis-fee0.001,2017-07-25,152.3732,0.0,83800.0,1.599,133996.2,134148.5732,0.9988641459512743,1769.2268,0.0,0
sz159915-H1_weekly_binary_hysteresis-fee0.001,2017-07-26,152.3732,0.0,83800.0,1.588,133074.4,133226.7732,0.9988562869433815,1769.2268,0.0,0
sz159915-H1_weekly_binary_hysteresis-fee0.001,2017-07-27,152.3732,0.0,83800.0,1.665,139527.0,139679.3732,0.9989091216798215,1769.2268,0.0,0
sz159915-H1_weekly_binary_hysteresis-fee0.001,2017-07-28,152.3732,0.0,83800.0,1.647,138018.6,138170.9732,0.9988972126600032,1769.2268,0.0,0
sz159915-H1_weekly_binary_hysteresis-fee0.001,2017-07-29,152.3732,0.0,83800.0,1.647,138018.6,138170.9732,0.9988972126600032,1769.2268,0.0,1
sz159915-H1_weekly_binary_hysteresis-fee0.001,2017-07-30,152.3732,0.0,83800.0,1.647,138018.6,138170.9732,0.9988972126600032,1769.2268,0.0,2
sz159915-H1_weekly_binary_hysteresis-fee0.001,2017-07-31,152.3732,0.0,83800.0,1.652,138437.6,138589.9732,0.9989005467244004,1769.2268,0.0,0
sz159915-H1_weekly_binary_hysteresis-fee0.001,2017-08-01,152.3732,0.0,83800.0,1.65,138270.0,138422.3732,0.9988992155207465,1769.2268,0.0,0
sz159915-H1_weekly_binary_hysteresis-fee0.001,2017-08-02,152.3732,0.0,83800.0,1.638,137264.4,137416.7732,0.9988911601076658,1769.2268,0.0,0
sz159915-H1_weekly_binary_hysteresis-fee0.001,2017-08-03,152.3732,0.0,83800.0,1.651,138353.8,138506.1732,0.9988998815252806,1769.2268,0.0,0
sz159915-H1_weekly_binary_hysteresis-fee0.001,2017-08-04,152.3732,0.0,83800.0,1.636,137096.8,137249.1732,0.9988898060625986,1769.2268,0.0,0
sz159915-H1_weekly_binary_hysteresis-fee0.001,2017-08-05,152.3732,0.0,83800.0,1.636,137096.8,137249.1732,0.9988898060625986,1769.2268,0.0,1
sz159915-H1_weekly_binary_hysteresis-fee0.001,2017-08-06,152.3732,0.0,83800.0,1.636,137096.8,137249.1732,0.9988898060625986,1769.2268,0.0,2
sz159915-H1_weekly_binary_hysteresis-fee0.001,2017-08-07,152.3732,0.0,83800.0,1.651,138353.8,138506.1732,0.9988998815252806,1769.2268,0.0,0
sz159915-H1_weekly_binary_hysteresis-fee0.001,2017-08-08,152.3732,0.0,83800.0,1.678,140616.4,140768.7732,0.9989175639132444,1769.2268,0.0,0
sz159915-H1_weekly_binary_hysteresis-fee0.001,2017-08-09,152.3732,0.0,83800.0,1.675,140365.0,140517.3732,0.9989156273240097,1769.2268,0.0,0
sz159915-H1_weekly_binary_hysteresis-fee0.001,2017-08-10,152.3732,0.0,83800.0,1.669,139862.2,140014.5732,0.9989117332823466,1769.2268,0.0,0
sz159915-H1_weekly_binary_hysteresis-fee0.001,2017-08-11,152.3732,0.0,83800.0,1.659,139024.2,139176.5732,0.9989051806888432,1769.2268,0.0,0
sz159915-H1_weekly_binary_hysteresis-fee0.001,2017-08-12,152.3732,0.0,83800.0,1.659,139024.2,139176.5732,0.9989051806888432,1769.2268,0.0,1
sz159915-H1_weekly_binary_hysteresis-fee0.001,2017-08-13,152.3732,0.0,83800.0,1.659,139024.2,139176.5732,0.9989051806888432,1769.2268,0.0,2
sz159915-H1_weekly_binary_hysteresis-fee0.001,2017-08-14,152.3732,0.0,83800.0,1.702,142627.6,142779.9732,0.998932811117799,1769.2268,0.0,0
sz159915-H1_weekly_binary_hysteresis-fee0.001,2017-08-15,152.3732,0.0,83800.0,1.706,142962.8,143115.1732,0.9989353106550969,1769.2268,0.0,0
sz159915-H1_weekly_binary_hysteresis-fee0.001,2017-08-16,152.3732,0.0,83800.0,1.735,145393.0,145545.3732,0.9989530879845241,1769.2268,0.0,0
sz159915-H1_weekly_binary_hysteresis-fee0.001,2017-08-17,152.3732,0.0,83800.0,1.746,146314.8,146467.1732,0.9989596767885188,1769.2268,0.0,0
sz159915-H1_weekly_binary_hysteresis-fee0.001,2017-08-18,152.3732,0.0,83800.0,1.733,145225.4,145377.7732,0.9989518810431195,1769.2268,0.0,0
sz159915-H1_weekly_binary_hysteresis-fee0.001,2017-08-19,152.3732,0.0,83800.0,1.733,145225.4,145377.7732,0.9989518810431195,1769.2268,0.0,1
sz159915-H1_weekly_binary_hysteresis-fee0.001,2017-08-20,152.3732,0.0,83800.0,1.733,145225.4,145377.7732,0.9989518810431195,1769.2268,0.0,2
sz159915-H1_weekly_binary_hysteresis-fee0.001,2017-08-21,152.3732,0.0,83800.0,1.737,145560.6,145712.9732,0.9989542921494653,1769.2268,0.0,0
sz159915-H1_weekly_binary_hysteresis-fee0.001,2017-08-22,152.3732,0.0,83800.0,1.726,144638.8,144791.1732,0.9989476347443533,1769.2268,0.0,0
sz159915-H1_weekly_binary_hysteresis-fee0.001,2017-08-23,152.3732,0.0,83800.0,1.717,143884.6,144036.9732,0.9989421243961547,1769.2268,0.0,0
sz159915-H1_weekly_binary_hysteresis-fee0.001,2017-08-24,152.3732,0.0,83800.0,1.705,142879.0,143031.3732,0.9989346868691044,1769.2268,0.0,0
sz159915-H1_weekly_binary_hysteresis-fee0.001,2017-08-25,152.3732,0.0,83800.0,1.723,144387.4,144539.7732,0.998945804351103,1769.2268,0.0,0
sz159915-H1_weekly_binary_hysteresis-fee0.001,2017-08-26,152.3732,0.0,83800.0,1.723,144387.4,144539.7732,0.998945804351103,1769.2268,0.0,1
sz159915-H1_weekly_binary_hysteresis-fee0.001,2017-08-27,152.3732,0.0,83800.0,1.723,144387.4,144539.7732,0.998945804351103,1769.2268,0.0,2
sz159915-H1_weekly_binary_hysteresis-fee0.001,2017-08-28,152.3732,0.0,83800.0,1.755,147069.0,147221.3732,0.9989650062576647,1769.2268,0.0,0
sz159915-H1_weekly_binary_hysteresis-fee0.001,2017-08-29,152.3732,0.0,83800.0,1.743,146063.4,146215.7732,0.9989578880809831,1769.2268,0.0,0
sz159915-H1_weekly_binary_hysteresis-fee0.001,2017-08-30,152.3732,0.0,83800.0,1.756,147152.8,147305.1732,0.9989655950521634,1769.2268,0.0,0
sz159915-H1_weekly_binary_hysteresis-fee0.001,2017-08-31,152.3732,0.0,83800.0,1.765,147907.0,148059.3732,0.9989708642100343,1769.2268,0.0,0
sz159915-H1_weekly_binary_hysteresis-fee0.001,2017-09-01,152.3732,0.0,83800.0,1.776,148828.8,148981.1732,0.9989772318426071,1769.2268,0.0,0
sz159915-H1_weekly_binary_hysteresis-fee0.001,2017-09-02,152.3732,0.0,83800.0,1.776,148828.8,148981.1732,0.9989772318426071,1769.2268,0.0,1
sz159915-H1_weekly_binary_hysteresis-fee0.001,2017-09-03,152.3732,0.0,83800.0,1.776,148828.8,148981.1732,0.9989772318426071,1769.2268,0.0,2
sz159915-H1_weekly_binary_hysteresis-fee0.001,2017-09-04,152.3732,0.0,83800.0,1.796,150504.8,150657.1732,0.9989886097238947,1769.2268,0.0,0
sz159915-H1_weekly_binary_hysteresis-fee0.001,2017-09-05,152.3732,0.0,83800.0,1.796,150504.8,150657.1732,0.9989886097238947,1769.2268,0.0,0
sz159915-H1_weekly_binary_hysteresis-fee0.001,2017-09-06,152.3732,0.0,83800.0,1.813,151929.4,152081.7732,0.9989980837493286,1769.2268,0.0,0
sz159915-H1_weekly_binary_hysteresis-fee0.001,2017-09-07,152.3732,0.0,83800.0,1.8,150840.0,150992.3732,0.9989908549897539,1769.2268,0.0,0
sz159915-H1_weekly_binary_hysteresis-fee0.001,2017-09-08,152.3732,0.0,83800.0,1.791,150085.8,150238.1732,0.9989857890524457,1769.2268,0.0,0
sz159915-H1_weekly_binary_hysteresis-fee0.001,2017-09-09,152.3732,0.0,83800.0,1.791,150085.8,150238.1732,0.9989857890524457,1769.2268,0.0,1
sz159915-H1_weekly_binary_hysteresis-fee0.001,2017-09-10,152.3732,0.0,83800.0,1.791,150085.8,150238.1732,0.9989857890524457,1769.2268,0.0,2
sz159915-H1_weekly_binary_hysteresis-fee0.001,2017-09-11,152.3732,0.0,83800.0,1.807,151426.6,151578.9732,0.9989947603101985,1769.2268,0.0,0
sz159915-H1_weekly_binary_hysteresis-fee0.001,2017-09-12,152.3732,0.0,83800.0,1.793,150253.4,150405.7732,0.9989869192069019,1769.2268,0.0,0
sz159915-H1_weekly_binary_hysteresis-fee0.001,2017-09-13,152.3732,0.0,83800.0,1.797,150588.6,150740.9732,0.9989891719765015,1769.2268,0.0,0
sz159915-H1_weekly_binary_hysteresis-fee0.001,2017-09-14,152.3732,0.0,83800.0,1.787,149750.6,149902.9732,0.9989835211620739,1769.2268,0.0,0
sz159915-H1_weekly_binary_hysteresis-fee0.001,2017-09-15,152.3732,0.0,83800.0,1.782,149331.6,149483.9732,0.9989806719962137,1769.2268,0.0,0
sz159915-H1_weekly_binary_hysteresis-fee0.001,2017-09-16,152.3732,0.0,83800.0,1.782,149331.6,149483.9732,0.9989806719962137,1769.2268,0.0,1
sz159915-H1_weekly_binary_hysteresis-fee0.001,2017-09-17,152.3732,0.0,83800.0,1.782,149331.6,149483.9732,0.9989806719962137,1769.2268,0.0,2
sz159915-H1_weekly_binary_hysteresis-fee0.001,2017-09-18,152.3732,0.0,83800.0,1.808,151510.4,151662.7732,0.9989953157470023,1769.2268,0.0,0
sz159915-H1_weekly_binary_hysteresis-fee0.001,2017-09-19,152.3732,0.0,83800.0,1.79,150002.0,150154.3732,0.9989852230291218,1769.2268,0.0,0
sz159915-H1_weekly_binary_hysteresis-fee0.001,2017-09-20,152.3732,0.0,83800.0,1.801,150923.8,151076.1732,0.9989914147494438,1769.2268,0.0,0
sz159915-H1_weekly_binary_hysteresis-fee0.001,2017-09-21,152.3732,0.0,83800.0,1.78,149164.0,149316.3732,0.9989795278526092,1769.2268,0.0,0
sz159915-H1_weekly_binary_hysteresis-fee0.001,2017-09-22,152.3732,0.0,83800.0,1.773,148577.4,148729.7732,0.9989755030433947,1769.2268,0.0,0
sz159915-H1_weekly_binary_hysteresis-fee0.001,2017-09-23,152.3732,0.0,83800.0,1.773,148577.4,148729.7732,0.9989755030433947,1769.2268,0.0,1
sz159915-H1_weekly_binary_hysteresis-fee0.001,2017-09-24,152.3732,0.0,83800.0,1.773,148577.4,148729.7732,0.9989755030433947,1769.2268,0.0,2
sz159915-H1_weekly_binary_hysteresis-fee0.001,2017-09-25,152.3732,0.0,83800.0,1.75,146650.0,146802.3732,0.998962052202028,1769.2268,0.0,0
sz159915-H1_weekly_binary_hysteresis-fee0.001,2017-09-26,152.3732,0.0,83800.0,1.746,146314.8,146467.1732,0.9989596767885188,1769.2268,0.0,0
sz159915-H1_weekly_binary_hysteresis-fee0.001,2017-09-27,152.3732,0.0,83800.0,1.757,147236.6,147388.9732,0.9989661831771279,1769.2268,0.0,0
sz159915-H1_weekly_binary_hysteresis-fee0.001,2017-09-28,152.3732,0.0,83800.0,1.761,147571.8,147724.1732,0.9989685290044324,1769.2268,0.0,0
sz159915-H1_weekly_binary_hysteresis-fee0.001,2017-09-29,152.3732,0.0,83800.0,1.78,149164.0,149316.3732,0.9989795278526092,1769.2268,0.0,0
sz159915-H1_weekly_binary_hysteresis-fee0.001,2017-09-30,152.3732,0.0,83800.0,1.78,149164.0,149316.3732,0.9989795278526092,1769.2268,0.0,1
sz159915-H1_weekly_binary_hysteresis-fee0.001,2017-10-01,152.3732,0.0,83800.0,1.78,149164.0,149316.3732,0.9989795278526092,1769.2268,0.0,2
sz159915-H1_weekly_binary_hysteresis-fee0.001,2017-10-02,152.3732,0.0,83800.0,1.78,149164.0,149316.3732,0.9989795278526092,1769.2268,0.0,3
sz159915-H1_weekly_binary_hysteresis-fee0.001,2017-10-03,152.3732,0.0,83800.0,1.78,149164.0,149316.3732,0.9989795278526092,1769.2268,0.0,4
sz159915-H1_weekly_binary_hysteresis-fee0.001,2017-10-04,152.3732,0.0,83800.0,1.78,149164.0,149316.3732,0.9989795278526092,1769.2268,0.0,5
sz159915-H1_weekly_binary_hysteresis-fee0.001,2017-10-05,152.3732,0.0,83800.0,1.78,149164.0,149316.3732,0.9989795278526092,1769.2268,0.0,6
sz159915-H1_weekly_binary_hysteresis-fee0.001,2017-10-06,152.3732,0.0,83800.0,1.78,149164.0,149316.3732,0.9989795278526092,1769.2268,0.0,7
sz159915-H1_weekly_binary_hysteresis-fee0.001,2017-10-07,152.3732,0.0,83800.0,1.78,149164.0,149316.3732,0.9989795278526092,1769.2268,0.0,8
sz159915-H1_weekly_binary_hysteresis-fee0.001,2017-10-08,152.3732,0.0,83800.0,1.78,149164.0,149316.3732,0.9989795278526092,1769.2268,0.0,9
sz159915-H1_weekly_binary_hysteresis-fee0.001,2017-10-09,152.3732,0.0,83800.0,1.8,150840.0,150992.3732,0.9989908549897539,1769.2268,0.0,0
sz159915-H1_weekly_binary_hysteresis-fee0.001,2017-10-10,152.3732,0.0,83800.0,1.828,153186.4,153338.7732,0.9990062969931208,1769.2268,0.0,0
sz159915-H1_weekly_binary_hysteresis-fee0.001,2017-10-11,152.3732,0.0,83800.0,1.814,152013.2,152165.5732,0.9989986355205345,1769.2268,0.0,0
sz159915-H1_weekly_binary_hysteresis-fee0.001,2017-10-12,152.3732,0.0,83800.0,1.811,151761.8,151914.1732,0.9989969783806848,1769.2268,0.0,0
sz159915-H1_weekly_binary_hysteresis-fee0.001,2017-10-13,152.3732,0.0,83800.0,1.84,154192.0,154344.3732,0.9990127712669995,1769.2268,0.0,0
sz159915-H1_weekly_binary_hysteresis-fee0.001,2017-10-14,152.3732,0.0,83800.0,1.84,154192.0,154344.3732,0.9990127712669995,1769.2268,0.0,1
sz159915-H1_weekly_binary_hysteresis-fee0.001,2017-10-15,152.3732,0.0,83800.0,1.84,154192.0,154344.3732,0.9990127712669995,1769.2268,0.0,2
sz159915-H1_weekly_binary_hysteresis-fee0.001,2017-10-16,152.3732,0.0,83800.0,1.796,150504.8,150657.1732,0.9989886097238947,1769.2268,0.0,0
sz159915-H1_weekly_binary_hysteresis-fee0.001,2017-10-17,152.3732,0.0,83800.0,1.786,149666.8,149819.1732,0.998982952603826,1769.2268,0.0,0
sz159915-H1_weekly_binary_hysteresis-fee0.001,2017-10-18,152.3732,0.0,83800.0,1.778,148996.4,149148.7732,0.9989783811376332,1769.2268,0.0,0
sz159915-H1_weekly_binary_hysteresis-fee0.001,2017-10-19,152.3732,0.0,83800.0,1.775,148745.0,148897.3732,0.9989766562248528,1769.2268,0.0,0
sz159915-H1_weekly_binary_hysteresis-fee0.001,2017-10-20,152.3732,0.0,83800.0,1.794,150337.2,150489.5732,0.9989874833401414,1769.2268,0.0,0
sz159915-H1_weekly_binary_hysteresis-fee0.001,2017-10-21,152.3732,0.0,83800.0,1.794,150337.2,150489.5732,0.9989874833401414,1769.2268,0.0,1
sz159915-H1_weekly_binary_hysteresis-fee0.001,2017-10-22,152.3732,0.0,83800.0,1.794,150337.2,150489.5732,0.9989874833401414,1769.2268,0.0,2
sz159915-H1_weekly_binary_hysteresis-fee0.001,2017-10-23,152.3732,0.0,83800.0,1.806,151342.8,151495.1732,0.9989942042589116,1769.2268,0.0,0
sz159915-H1_weekly_binary_hysteresis-fee0.001,2017-10-24,152.3732,0.0,83800.0,1.812,151845.6,151997.9732,0.9989975313697144,1769.2268,0.0,0
sz159915-H1_weekly_binary_hysteresis-fee0.001,2017-10-25,152.3732,0.0,83800.0,1.818,152348.4,152500.7732,0.9990008365413323,1769.2268,0.0,0
sz159915-H1_weekly_binary_hysteresis-fee0.001,2017-10-26,152.3732,0.0,83800.0,1.823,152767.4,152919.7732,0.9990035742480424,1769.2268,0.0,0
sz159915-H1_weekly_binary_hysteresis-fee0.001,2017-10-27,152.3732,0.0,83800.0,1.801,150923.8,151076.1732,0.9989914147494438,1769.2268,0.0,0
sz159915-H1_weekly_binary_hysteresis-fee0.001,2017-10-28,152.3732,0.0,83800.0,1.801,150923.8,151076.1732,0.9989914147494438,1769.2268,0.0,1
sz159915-H1_weekly_binary_hysteresis-fee0.001,2017-10-29,152.3732,0.0,83800.0,1.801,150923.8,151076.1732,0.9989914147494438,1769.2268,0.0,2
sz159915-H1_weekly_binary_hysteresis-fee0.001,2017-10-30,152.3732,0.0,83800.0,1.764,147823.2,147975.5732,0.9989702814004711,1769.2268,0.0,0
sz159915-H1_weekly_binary_hysteresis-fee0.001,2017-10-31,152.3732,0.0,83800.0,1.773,148577.4,148729.7732,0.9989755030433947,1769.2268,0.0,0
sz159915-H1_weekly_binary_hysteresis-fee0.001,2017-11-01,152.3732,0.0,83800.0,1.769,148242.2,148394.5732,0.998973188865912,1769.2268,0.0,0
sz159915-H1_weekly_binary_hysteresis-fee0.001,2017-11-02,152.3732,0.0,83800.0,1.745,146231.0,146383.3732,0.9989590812353271,1769.2268,0.0,0
sz159915-H1_weekly_binary_hysteresis-fee0.001,2017-11-03,152.3732,0.0,83800.0,1.732,145141.6,145293.9732,0.9989512765282408,1769.2268,0.0,0
sz159915-H1_weekly_binary_hysteresis-fee0.001,2017-11-04,152.3732,0.0,83800.0,1.732,145141.6,145293.9732,0.9989512765282408,1769.2268,0.0,1
sz159915-H1_weekly_binary_hysteresis-fee0.001,2017-11-05,152.3732,0.0,83800.0,1.732,145141.6,145293.9732,0.9989512765282408,1769.2268,0.0,2
sz159915-H1_weekly_binary_hysteresis-fee0.001,2017-11-06,152.3732,0.0,83800.0,1.754,146985.2,147137.5732,0.9989644167924879,1769.2268,0.0,0
sz159915-H1_weekly_binary_hysteresis-fee0.001,2017-11-07,152.3732,0.0,83800.0,1.76,147488.0,147640.3732,0.998967943546217,1769.2268,0.0,0
sz159915-H1_weekly_binary_hysteresis-fee0.001,2017-11-08,152.3732,0.0,83800.0,1.765,147907.0,148059.3732,0.9989708642100343,1769.2268,0.0,0
sz159915-H1_weekly_binary_hysteresis-fee0.001,2017-11-09,152.3732,0.0,83800.0,1.779,149080.2,149232.5732,0.9989789548170841,1769.2268,0.0,0
sz159915-H1_weekly_binary_hysteresis-fee0.001,2017-11-10,152.3732,0.0,83800.0,1.8,150840.0,150992.3732,0.9989908549897539,1769.2268,0.0,0
sz159915-H1_weekly_binary_hysteresis-fee0.001,2017-11-11,152.3732,0.0,83800.0,1.8,150840.0,150992.3732,0.9989908549897539,1769.2268,0.0,1
sz159915-H1_weekly_binary_hysteresis-fee0.001,2017-11-12,152.3732,0.0,83800.0,1.8,150840.0,150992.3732,0.9989908549897539,1769.2268,0.0,2
sz159915-H1_weekly_binary_hysteresis-fee0.001,2017-11-13,152.3732,0.0,83800.0,1.799,150756.2,150908.5732,0.9989902946083914,1769.2268,0.0,0
sz159915-H1_weekly_binary_hysteresis-fee0.001,2017-11-14,152.3732,0.0,83800.0,1.788,149834.4,149986.7732,0.9989840890849967,1769.2268,0.0,0
sz159915-H1_weekly_binary_hysteresis-fee0.001,2017-11-15,152.3732,0.0,83800.0,1.758,147320.4,147472.7732,0.9989667706336995,1769.2268,0.0,0
sz159915-H1_weekly_binary_hysteresis-fee0.001,2017-11-16,152.3732,0.0,83800.0,1.765,147907.0,148059.3732,0.9989708642100343,1769.2268,0.0,0
sz159915-H1_weekly_binary_hysteresis-fee0.001,2017-11-17,152.3732,0.0,83800.0,1.723,144387.4,144539.7732,0.998945804351103,1769.2268,0.0,0
sz159915-H1_weekly_binary_hysteresis-fee0.001,2017-11-18,152.3732,0.0,83800.0,1.723,144387.4,144539.7732,0.998945804351103,1769.2268,0.0,1
sz159915-H1_weekly_binary_hysteresis-fee0.001,2017-11-19,152.3732,0.0,83800.0,1.723,144387.4,144539.7732,0.998945804351103,1769.2268,0.0,2
sz159915-H1_weekly_binary_hysteresis-fee0.001,2017-11-20,152.3732,0.0,83800.0,1.755,147069.0,147221.3732,0.9989650062576647,1769.2268,0.0,0
sz159915-H1_weekly_binary_hysteresis-fee0.001,2017-11-21,152.3732,0.0,83800.0,1.75,146650.0,146802.3732,0.998962052202028,1769.2268,0.0,0
sz159915-H1_weekly_binary_hysteresis-fee0.001,2017-11-22,152.3732,0.0,83800.0,1.744,146147.2,146299.5732,0.9989584849998728,1769.2268,0.0,0
sz159915-H1_weekly_binary_hysteresis-fee0.001,2017-11-23,152.3732,0.0,83800.0,1.692,141789.6,141941.9732,0.9989265106256815,1769.2268,0.0,0
sz159915-H1_weekly_binary_hysteresis-fee0.001,2017-11-24,152.3732,0.0,83800.0,1.678,140616.4,140768.7732,0.9989175639132444,1769.2268,0.0,0
sz159915-H1_weekly_binary_hysteresis-fee0.001,2017-11-25,152.3732,0.0,83800.0,1.678,140616.4,140768.7732,0.9989175639132444,1769.2268,0.0,1
sz159915-H1_weekly_binary_hysteresis-fee0.001,2017-11-26,152.3732,0.0,83800.0,1.678,140616.4,140768.7732,0.9989175639132444,1769.2268,0.0,2
sz159915-H1_weekly_binary_hysteresis-fee0.001,2017-11-27,152.3732,0.0,83800.0,1.66,139108.0,139260.3732,0.9989058394969172,1769.2268,0.0,0
sz159915-H1_weekly_binary_hysteresis-fee0.001,2017-11-28,152.3732,0.0,83800.0,1.682,140951.6,141103.9732,0.9989201352977919,1769.2268,0.0,0
sz159915-H1_weekly_binary_hysteresis-fee0.001,2017-11-29,152.3732,0.0,83800.0,1.674,140281.2,140433.5732,0.998914980253454,1769.2268,0.0,0
sz159915-H1_weekly_binary_hysteresis-fee0.001,2017-11-30,152.3732,0.0,83800.0,1.663,139359.4,139511.7732,0.9989078111724552,1769.2268,0.0,0
sz159915-H1_weekly_binary_hysteresis-fee0.001,2017-12-01,152.3732,0.0,83800.0,1.687,141370.6,141522.9732,0.9989233323992942,1769.2268,0.0,0
sz159915-H1_weekly_binary_hysteresis-fee0.001,2017-12-02,152.3732,0.0,83800.0,1.687,141370.6,141522.9732,0.9989233323992942,1769.2268,0.0,1
sz159915-H1_weekly_binary_hysteresis-fee0.001,2017-12-03,152.3732,0.0,83800.0,1.687,141370.6,141522.9732,0.9989233323992942,1769.2268,0.0,2
sz159915-H1_weekly_binary_hysteresis-fee0.001,2017-12-04,152.3732,0.0,83800.0,1.676,140448.8,140601.1732,0.9989162736232418,1769.2268,0.0,0
sz159915-H1_weekly_binary_hysteresis-fee0.001,2017-12-05,152.3732,0.0,83800.0,1.644,137767.2,137919.5732,0.9988952024976249,1769.2268,0.0,0
sz159915-H1_weekly_binary_hysteresis-fee0.001,2017-12-06,152.3732,0.0,83800.0,1.663,139359.4,139511.7732,0.9989078111724552,1769.2268,0.0,0
sz159915-H1_weekly_binary_hysteresis-fee0.001,2017-12-07,152.3732,0.0,83800.0,1.656,138772.8,138925.1732,0.9989031994958851,1769.2268,0.0,0
sz159915-H1_weekly_binary_hysteresis-fee0.001,2017-12-08,152.3732,0.0,83800.0,1.675,140365.0,140517.3732,0.9989156273240097,1769.2268,0.0,0
sz159915-H1_weekly_binary_hysteresis-fee0.001,2017-12-09,152.3732,0.0,83800.0,1.675,140365.0,140517.3732,0.9989156273240097,1769.2268,0.0,1
sz159915-H1_weekly_binary_hysteresis-fee0.001,2017-12-10,152.3732,0.0,83800.0,1.675,140365.0,140517.3732,0.9989156273240097,1769.2268,0.0,2
sz159915-H1_weekly_binary_hysteresis-fee0.001,2017-12-11,152.3732,0.0,83800.0,1.698,142292.4,142444.7732,0.9989302998167152,1769.2268,0.0,0
sz159915-H1_weekly_binary_hysteresis-fee0.001,2017-12-12,152.3732,0.0,83800.0,1.675,140365.0,140517.3732,0.9989156273240097,1769.2268,0.0,0
sz159915-H1_weekly_binary_hysteresis-fee0.001,2017-12-13,152.3732,0.0,83800.0,1.691,141705.8,141858.1732,0.9989258764823852,1769.2268,0.0,0
sz159915-H1_weekly_binary_hysteresis-fee0.001,2017-12-14,152.3732,0.0,83800.0,1.68,140784.0,140936.3732,0.9989188511344493,1769.2268,0.0,0
sz159915-H1_weekly_binary_hysteresis-fee0.001,2017-12-15,152.3732,0.0,83800.0,1.673,140197.4,140349.7732,0.998914332410193,1769.2268,0.0,0
sz159915-H1_weekly_binary_hysteresis-fee0.001,2017-12-16,152.3732,0.0,83800.0,1.673,140197.4,140349.7732,0.998914332410193,1769.2268,0.0,1
sz159915-H1_weekly_binary_hysteresis-fee0.001,2017-12-17,152.3732,0.0,83800.0,1.673,140197.4,140349.7732,0.998914332410193,1769.2268,0.0,2
sz159915-H1_weekly_binary_hysteresis-fee0.001,2017-12-18,152.3732,0.0,83800.0,1.667,139694.6,139846.9732,0.9989104290460253,1769.2268,0.0,0
sz159915-H1_weekly_binary_hysteresis-fee0.001,2017-12-19,152.3732,0.0,83800.0,1.683,141035.4,141187.7732,0.9989207762361677,1769.2268,0.0,0
sz159915-H1_weekly_binary_hysteresis-fee0.001,2017-12-20,152.3732,0.0,83800.0,1.661,139191.8,139344.1732,0.9989064975125921,1769.2268,0.0,0
sz159915-H1_weekly_binary_hysteresis-fee0.001,2017-12-21,152.3732,0.0,83800.0,1.668,139778.4,139930.7732,0.9989110815547184,1769.2268,0.0,0
sz159915-H1_weekly_binary_hysteresis-fee0.001,2017-12-22,152.3732,0.0,83800.0,1.663,139359.4,139511.7732,0.9989078111724552,1769.2268,0.0,0
sz159915-H1_weekly_binary_hysteresis-fee0.001,2017-12-23,152.3732,0.0,83800.0,1.663,139359.4,139511.7732,0.9989078111724552,1769.2268,0.0,1
sz159915-H1_weekly_binary_hysteresis-fee0.001,2017-12-24,152.3732,0.0,83800.0,1.663,139359.4,139511.7732,0.9989078111724552,1769.2268,0.0,2
sz159915-H1_weekly_binary_hysteresis-fee0.001,2017-12-25,152.3732,0.0,83800.0,1.642,137599.6,137751.9732,0.9988938583131671,1769.2268,0.0,0
sz159915-H1_weekly_binary_hysteresis-fee0.001,2017-12-26,152.3732,0.0,83800.0,1.644,137767.2,137919.5732,0.9988952024976249,1769.2268,0.0,0
sz159915-H1_weekly_binary_hysteresis-fee0.001,2017-12-27,152.3732,0.0,83800.0,1.63,136594.0,136746.3732,0.9988857240127521,1769.2268,0.0,0
sz159915-H1_weekly_binary_hysteresis-fee0.001,2017-12-28,152.3732,0.0,83800.0,1.637,137180.6,137332.9732,0.9988904834982485,1769.2268,0.0,0
sz159915-H1_weekly_binary_hysteresis-fee0.001,2017-12-29,152.3732,0.0,83800.0,1.644,137767.2,137919.5732,0.9988952024976249,1769.2268,0.0,0
sz159915-H1_weekly_binary_hysteresis-fee0.001,2017-12-30,152.3732,0.0,83800.0,1.644,137767.2,137919.5732,0.9988952024976249,1769.2268,0.0,1
sz159915-H1_weekly_binary_hysteresis-fee0.001,2017-12-31,152.3732,0.0,83800.0,1.644,137767.2,137919.5732,0.9988952024976249,1769.2268,0.0,2
sz159915-H1_weekly_binary_hysteresis-fee0.001,2018-01-01,152.3732,0.0,83800.0,1.644,137767.2,137919.5732,0.9988952024976249,1769.2268,0.0,3
sz159915-H1_weekly_binary_hysteresis-fee0.001,2018-01-02,152.3732,0.0,83800.0,1.665,139527.0,139679.3732,0.9989091216798215,1769.2268,0.0,0
sz159915-H1_weekly_binary_hysteresis-fee0.001,2018-01-03,152.3732,0.0,83800.0,1.689,141538.2,141690.5732,0.9989246059454857,1769.2268,0.0,0
sz159915-H1_weekly_binary_hysteresis-fee0.001,2018-01-04,152.3732,0.0,83800.0,1.693,141873.4,142025.7732,0.998927144020646,1769.2268,0.0,0
sz159915-H1_weekly_binary_hysteresis-fee0.001,2018-01-05,152.3732,0.0,83800.0,1.696,142124.8,142277.1732,0.9989290397287708,1769.2268,0.0,0
sz159915-H1_weekly_binary_hysteresis-fee0.001,2018-01-06,152.3732,0.0,83800.0,1.696,142124.8,142277.1732,0.9989290397287708,1769.2268,0.0,1
sz159915-H1_weekly_binary_hysteresis-fee0.001,2018-01-07,152.3732,0.0,83800.0,1.696,142124.8,142277.1732,0.9989290397287708,1769.2268,0.0,2
sz159915-H1_weekly_binary_hysteresis-fee0.001,2018-01-08,152.3732,0.0,83800.0,1.701,142543.8,142696.1732,0.9989321843986213,1769.2268,0.0,0
sz159915-H1_weekly_binary_hysteresis-fee0.001,2018-01-09,152.3732,0.0,83800.0,1.699,142376.2,142528.5732,0.99893092874938,1769.2268,0.0,0
sz159915-H1_weekly_binary_hysteresis-fee0.001,2018-01-10,152.3732,0.0,83800.0,1.689,141538.2,141690.5732,0.9989246059454857,1769.2268,0.0,0
sz159915-H1_weekly_binary_hysteresis-fee0.001,2018-01-11,152.3732,0.0,83800.0,1.701,142543.8,142696.1732,0.9989321843986213,1769.2268,0.0,0
sz159915-H1_weekly_binary_hysteresis-fee0.001,2018-01-12,152.3732,0.0,83800.0,1.685,141203.0,141355.3732,0.9989220558331064,1769.2268,0.0,0
sz159915-H1_weekly_binary_hysteresis-fee0.001,2018-01-13,152.3732,0.0,83800.0,1.685,141203.0,141355.3732,0.9989220558331064,1769.2268,0.0,1
sz159915-H1_weekly_binary_hysteresis-fee0.001,2018-01-14,152.3732,0.0,83800.0,1.685,141203.0,141355.3732,0.9989220558331064,1769.2268,0.0,2
sz159915-H1_weekly_binary_hysteresis-fee0.001,2018-01-15,152.3732,0.0,83800.0,1.634,136929.2,137081.5732,0.9988884487065399,1769.2268,0.0,0
sz159915-H1_weekly_binary_hysteresis-fee0.001,2018-01-16,152.3732,0.0,83800.0,1.631,136677.8,136830.1732,0.9988864064377286,1769.2268,0.0,0
sz159915-H1_weekly_binary_hysteresis-fee0.001,2018-01-17,152.3732,0.0,83800.0,1.639,137348.2,137500.5732,0.9988918358923612,1769.2268,0.0,0
sz159915-H1_weekly_binary_hysteresis-fee0.001,2018-01-18,152.3732,0.0,83800.0,1.636,137096.8,137249.1732,0.9988898060625986,1769.2268,0.0,0
sz159915-H1_weekly_binary_hysteresis-fee0.001,2018-01-19,152.3732,0.0,83800.0,1.63,136594.0,136746.3732,0.9988857240127521,1769.2268,0.0,0
sz159915-H1_weekly_binary_hysteresis-fee0.001,2018-01-20,152.3732,0.0,83800.0,1.63,136594.0,136746.3732,0.9988857240127521,1769.2268,0.0,1
sz159915-H1_weekly_binary_hysteresis-fee0.001,2018-01-21,152.3732,0.0,83800.0,1.63,136594.0,136746.3732,0.9988857240127521,1769.2268,0.0,2
sz159915-H1_weekly_binary_hysteresis-fee0.001,2018-01-22,152.3732,0.0,83800.0,1.67,139946.0,140098.3732,0.9989123842303117,1769.2268,0.0,0
sz159915-H1_weekly_binary_hysteresis-fee0.001,2018-01-23,152.3732,0.0,83800.0,1.667,139694.6,139846.9732,0.9989104290460253,1769.2268,0.0,0
sz159915-H1_weekly_binary_hysteresis-fee0.001,2018-01-24,152.3732,0.0,83800.0,1.714,143633.2,143785.5732,0.9989402747674271,1769.2268,0.0,0
sz159915-H1_weekly_binary_hysteresis-fee0.001,2018-01-25,152.3732,0.0,83800.0,1.708,143130.4,143282.7732,0.9989365560381267,1769.2268,0.0,0
sz159915-H1_weekly_binary_hysteresis-fee0.001,2018-01-26,152.3732,0.0,83800.0,1.72,144136.0,144288.3732,0.9989439675795028,1769.2268,0.0,0
sz159915-H1_weekly_binary_hysteresis-fee0.001,2018-01-27,152.3732,0.0,83800.0,1.72,144136.0,144288.3732,0.9989439675795028,1769.2268,0.0,1
sz159915-H1_weekly_binary_hysteresis-fee0.001,2018-01-28,152.3732,0.0,83800.0,1.72,144136.0,144288.3732,0.9989439675795028,1769.2268,0.0,2
sz159915-H1_weekly_binary_hysteresis-fee0.001,2018-01-29,152.3732,0.0,83800.0,1.701,142543.8,142696.1732,0.9989321843986213,1769.2268,0.0,0
sz159915-H1_weekly_binary_hysteresis-fee0.001,2018-01-30,152.3732,0.0,83800.0,1.687,141370.6,141522.9732,0.9989233323992942,1769.2268,0.0,0
sz159915-H1_weekly_binary_hysteresis-fee0.001,2018-01-31,152.3732,0.0,83800.0,1.633,136845.4,136997.7732,0.9988877687830914,1769.2268,0.0,0
sz159915-H1_weekly_binary_hysteresis-fee0.001,2018-02-01,152.3732,0.0,83800.0,1.603,134331.4,134483.7732,0.9988669770606942,1769.2268,0.0,0
sz159915-H1_weekly_binary_hysteresis-fee0.001,2018-02-02,152.3732,0.0,83800.0,1.607,134666.6,134818.9732,0.9988697940921567,1769.2268,0.0,0
sz159915-H1_weekly_binary_hysteresis-fee0.001,2018-02-03,152.3732,0.0,83800.0,1.607,134666.6,134818.9732,0.9988697940921567,1769.2268,0.0,1
sz159915-H1_weekly_binary_hysteresis-fee0.001,2018-02-04,152.3732,0.0,83800.0,1.607,134666.6,134818.9732,0.9988697940921567,1769.2268,0.0,2
sz159915-H1_weekly_binary_hysteresis-fee0.001,2018-02-05,152.3732,0.0,83800.0,1.594,133577.2,133729.5732,0.9988605871060987,1769.2268,0.0,0
sz159915-H1_weekly_binary_hysteresis-fee0.001,2018-02-06,152.3732,0.0,83800.0,1.505,126119.0,126271.3732,0.9987932878518818,1769.2268,0.0,0
sz159915-H1_weekly_binary_hysteresis-fee0.001,2018-02-07,152.3732,0.0,83800.0,1.523,127627.4,127779.7732,0.9988075327089405,1769.2268,0.0,0
sz159915-H1_weekly_binary_hysteresis-fee0.001,2018-02-08,152.3732,0.0,83800.0,1.548,129722.4,129874.7732,0.9988267683073035,1769.2268,0.0,0
sz159915-H1_weekly_binary_hysteresis-fee0.001,2018-02-09,152.3732,0.0,83800.0,1.502,125867.6,126019.9732,0.9987908805554324,1769.2268,0.0,0
sz159915-H1_weekly_binary_hysteresis-fee0.001,2018-02-10,152.3732,0.0,83800.0,1.502,125867.6,126019.9732,0.9987908805554324,1769.2268,0.0,1
sz159915-H1_weekly_binary_hysteresis-fee0.001,2018-02-11,152.3732,0.0,83800.0,1.502,125867.6,126019.9732,0.9987908805554324,1769.2268,0.0,2
sz159915-H1_weekly_binary_hysteresis-fee0.001,2018-02-12,152.3732,0.0,83800.0,1.553,130141.4,130293.7732,0.998830541197344,1769.2268,0.0,0
sz159915-H1_weekly_binary_hysteresis-fee0.001,2018-02-13,152.3732,0.0,83800.0,1.557,130476.6,130628.9732,0.9988335420828371,1769.2268,0.0,0
sz159915-H1_weekly_binary_hysteresis-fee0.001,2018-02-14,152.3732,0.0,83800.0,1.549,129806.2,129958.5732,0.9988275248315822,1769.2268,0.0,0
sz159915-H1_weekly_binary_hysteresis-fee0.001,2018-02-15,152.3732,0.0,83800.0,1.549,129806.2,129958.5732,0.9988275248315822,1769.2268,0.0,1
sz159915-H1_weekly_binary_hysteresis-fee0.001,2018-02-16,152.3732,0.0,83800.0,1.549,129806.2,129958.5732,0.9988275248315822,1769.2268,0.0,2
sz159915-H1_weekly_binary_hysteresis-fee0.001,2018-02-17,152.3732,0.0,83800.0,1.549,129806.2,129958.5732,0.9988275248315822,1769.2268,0.0,3
sz159915-H1_weekly_binary_hysteresis-fee0.001,2018-02-18,152.3732,0.0,83800.0,1.549,129806.2,129958.5732,0.9988275248315822,1769.2268,0.0,4
sz159915-H1_weekly_binary_hysteresis-fee0.001,2018-02-19,152.3732,0.0,83800.0,1.549,129806.2,129958.5732,0.9988275248315822,1769.2268,0.0,5
sz159915-H1_weekly_binary_hysteresis-fee0.001,2018-02-20,152.3732,0.0,83800.0,1.549,129806.2,129958.5732,0.9988275248315822,1769.2268,0.0,6
sz159915-H1_weekly_binary_hysteresis-fee0.001,2018-02-21,152.3732,0.0,83800.0,1.549,129806.2,129958.5732,0.9988275248315822,1769.2268,0.0,7
sz159915-H1_weekly_binary_hysteresis-fee0.001,2018-02-22,152.3732,0.0,83800.0,1.58,132404.0,132556.3732,0.9988505026478802,1769.2268,0.0,0
sz159915-H1_weekly_binary_hysteresis-fee0.001,2018-02-23,152.3732,0.0,83800.0,1.572,131733.6,131885.9732,0.998844659547161,1769.2268,0.0,0
sz159915-H1_weekly_binary_hysteresis-fee0.001,2018-02-24,152.3732,0.0,83800.0,1.572,131733.6,131885.9732,0.998844659547161,1769.2268,0.0,1
sz159915-H1_weekly_binary_hysteresis-fee0.001,2018-02-25,152.3732,0.0,83800.0,1.572,131733.6,131885.9732,0.998844659547161,1769.2268,0.0,2
sz159915-H1_weekly_binary_hysteresis-fee0.001,2018-02-26,152.3732,0.0,83800.0,1.63,136594.0,136746.3732,0.9988857240127521,1769.2268,0.0,0
sz159915-H1_weekly_binary_hysteresis-fee0.001,2018-02-27,152.3732,0.0,83800.0,1.639,137348.2,137500.5732,0.9988918358923612,1769.2268,0.0,0
sz159915-H1_weekly_binary_hysteresis-fee0.001,2018-02-28,152.3732,0.0,83800.0,1.651,138353.8,138506.1732,0.9988998815252806,1769.2268,0.0,0
sz159915-H1_weekly_binary_hysteresis-fee0.001,2018-03-01,152.3732,0.0,83800.0,1.687,141370.6,141522.9732,0.9989233323992942,1769.2268,0.0,0
sz159915-H1_weekly_binary_hysteresis-fee0.001,2018-03-02,152.3732,0.0,83800.0,1.669,139862.2,140014.5732,0.9989117332823466,1769.2268,0.0,0
sz159915-H1_weekly_binary_hysteresis-fee0.001,2018-03-03,152.3732,0.0,83800.0,1.669,139862.2,140014.5732,0.9989117332823466,1769.2268,0.0,1
sz159915-H1_weekly_binary_hysteresis-fee0.001,2018-03-04,152.3732,0.0,83800.0,1.669,139862.2,140014.5732,0.9989117332823466,1769.2268,0.0,2
sz159915-H1_weekly_binary_hysteresis-fee0.001,2018-03-05,152.3732,0.0,83800.0,1.69,141622.0,141774.3732,0.99892524158943,1769.2268,0.0,0
sz159915-H1_weekly_binary_hysteresis-fee0.001,2018-03-06,152.3732,0.0,83800.0,1.693,141873.4,142025.7732,0.998927144020646,1769.2268,0.0,0
sz159915-H1_weekly_binary_hysteresis-fee0.001,2018-03-07,152.3732,0.0,83800.0,1.679,140700.2,140852.5732,0.9989182079067619,1769.2268,0.0,0
sz159915-H1_weekly_binary_hysteresis-fee0.001,2018-03-08,152.3732,0.0,83800.0,1.686,141286.8,141439.1732,0.9989226944943708,1769.2268,0.0,0
sz159915-H1_weekly_binary_hysteresis-fee0.001,2018-03-09,152.3732,0.0,83800.0,1.755,147069.0,147221.3732,0.9989650062576647,1769.2268,0.0,0
sz159915-H1_weekly_binary_hysteresis-fee0.001,2018-03-10,152.3732,0.0,83800.0,1.755,147069.0,147221.3732,0.9989650062576647,1769.2268,0.0,1
sz159915-H1_weekly_binary_hysteresis-fee0.001,2018-03-11,152.3732,0.0,83800.0,1.755,147069.0,147221.3732,0.9989650062576647,1769.2268,0.0,2
sz159915-H1_weekly_binary_hysteresis-fee0.001,2018-03-12,152.3732,0.0,83800.0,1.777,148912.6,149064.9732,0.9989778068131703,1769.2268,0.0,0
sz159915-H1_weekly_binary_hysteresis-fee0.001,2018-03-13,152.3732,0.0,83800.0,1.767,148074.6,148226.9732,0.9989720278522155,1769.2268,0.0,0
sz159915-H1_weekly_binary_hysteresis-fee0.001,2018-03-14,152.3732,0.0,83800.0,1.741,145895.8,146048.1732,0.9989566921881909,1769.2268,0.0,0
sz159915-H1_weekly_binary_hysteresis-fee0.001,2018-03-15,152.3732,0.0,83800.0,1.742,145979.6,146131.9732,0.9989572904774819,1769.2268,0.0,0
sz159915-H1_weekly_binary_hysteresis-fee0.001,2018-03-16,152.3732,0.0,83800.0,1.716,143800.8,143953.1732,0.9989415085710663,1769.2268,0.0,0
sz159915-H1_weekly_binary_hysteresis-fee0.001,2018-03-17,152.3732,0.0,83800.0,1.716,143800.8,143953.1732,0.9989415085710663,1769.2268,0.0,1
sz159915-H1_weekly_binary_hysteresis-fee0.001,2018-03-18,152.3732,0.0,83800.0,1.716,143800.8,143953.1732,0.9989415085710663,1769.2268,0.0,2
sz159915-H1_weekly_binary_hysteresis-fee0.001,2018-03-19,152.3732,0.0,83800.0,1.736,145476.8,145629.1732,0.9989536904134535,1769.2268,0.0,0
sz159915-H1_weekly_binary_hysteresis-fee0.001,2018-03-20,152.3732,0.0,83800.0,1.76,147488.0,147640.3732,0.998967943546217,1769.2268,0.0,0
sz159915-H1_weekly_binary_hysteresis-fee0.001,2018-03-21,152.3732,0.0,83800.0,1.72,144136.0,144288.3732,0.9989439675795028,1769.2268,0.0,0
sz159915-H1_weekly_binary_hysteresis-fee0.001,2018-03-22,152.3732,0.0,83800.0,1.711,143381.8,143534.1732,0.9989384186594528,1769.2268,0.0,0
sz159915-H1_weekly_binary_hysteresis-fee0.001,2018-03-23,152.3732,0.0,83800.0,1.622,135923.6,136075.9732,0.99888023435426,1769.2268,0.0,0
sz159915-H1_weekly_binary_hysteresis-fee0.001,2018-03-24,152.3732,0.0,83800.0,1.622,135923.6,136075.9732,0.99888023435426,1769.2268,0.0,1
sz159915-H1_weekly_binary_hysteresis-fee0.001,2018-03-25,152.3732,0.0,83800.0,1.622,135923.6,136075.9732,0.99888023435426,1769.2268,0.0,2
sz159915-H1_weekly_binary_hysteresis-fee0.001,2018-03-26,152.3732,0.0,83800.0,1.673,140197.4,140349.7732,0.998914332410193,1769.2268,0.0,0
sz159915-H1_weekly_binary_hysteresis-fee0.001,2018-03-27,152.3732,0.0,83800.0,1.738,145644.4,145796.7732,0.9989548931937542,1769.2268,0.0,0
sz159915-H1_weekly_binary_hysteresis-fee0.001,2018-03-28,152.3732,0.0,83800.0,1.73,144974.0,145126.3732,0.9989500654041013,1769.2268,0.0,0
sz159915-H1_weekly_binary_hysteresis-fee0.001,2018-03-29,152.3732,0.0,83800.0,1.739,145728.2,145880.5732,0.9989554935475123,1769.2268,0.0,0
sz159915-H1_weekly_binary_hysteresis-fee0.001,2018-03-30,152.3732,0.0,83800.0,1.791,150085.8,150238.1732,0.9989857890524457,1769.2268,0.0,0
sz159915-H1_weekly_binary_hysteresis-fee0.001,2018-03-31,152.3732,0.0,83800.0,1.791,150085.8,150238.1732,0.9989857890524457,1769.2268,0.0,1
sz159915-H1_weekly_binary_hysteresis-fee0.001,2018-04-01,152.3732,0.0,83800.0,1.791,150085.8,150238.1732,0.9989857890524457,1769.2268,0.0,2
sz159915-H1_weekly_binary_hysteresis-fee0.001,2018-04-02,152.3732,0.0,83800.0,1.788,149834.4,149986.7732,0.9989840890849967,1769.2268,0.0,0
sz159915-H1_weekly_binary_hysteresis-fee0.001,2018-04-03,152.3732,0.0,83800.0,1.764,147823.2,147975.5732,0.9989702814004711,1769.2268,0.0,0
sz159915-H1_weekly_binary_hysteresis-fee0.001,2018-04-04,152.3732,0.0,83800.0,1.732,145141.6,145293.9732,0.9989512765282408,1769.2268,0.0,0
sz159915-H1_weekly_binary_hysteresis-fee0.001,2018-04-05,152.3732,0.0,83800.0,1.732,145141.6,145293.9732,0.9989512765282408,1769.2268,0.0,1
sz159915-H1_weekly_binary_hysteresis-fee0.001,2018-04-06,152.3732,0.0,83800.0,1.732,145141.6,145293.9732,0.9989512765282408,1769.2268,0.0,2
sz159915-H1_weekly_binary_hysteresis-fee0.001,2018-04-07,152.3732,0.0,83800.0,1.732,145141.6,145293.9732,0.9989512765282408,1769.2268,0.0,3
sz159915-H1_weekly_binary_hysteresis-fee0.001,2018-04-08,152.3732,0.0,83800.0,1.732,145141.6,145293.9732,0.9989512765282408,1769.2268,0.0,4
sz159915-H1_weekly_binary_hysteresis-fee0.001,2018-04-09,152.3732,0.0,83800.0,1.737,145560.6,145712.9732,0.9989542921494653,1769.2268,0.0,0
sz159915-H1_weekly_binary_hysteresis-fee0.001,2018-04-10,152.3732,0.0,83800.0,1.732,145141.6,145293.9732,0.9989512765282408,1769.2268,0.0,0
sz159915-H1_weekly_binary_hysteresis-fee0.001,2018-04-11,152.3732,0.0,83800.0,1.729,144890.2,145042.5732,0.9989494587924203,1769.2268,0.0,0
sz159915-H1_weekly_binary_hysteresis-fee0.001,2018-04-12,152.3732,0.0,83800.0,1.72,144136.0,144288.3732,0.9989439675795028,1769.2268,0.0,0
sz159915-H1_weekly_binary_hysteresis-fee0.001,2018-04-13,152.3732,0.0,83800.0,1.721,144219.8,144372.1732,0.9989445805474653,1769.2268,0.0,0
sz159915-H1_weekly_binary_hysteresis-fee0.001,2018-04-14,152.3732,0.0,83800.0,1.721,144219.8,144372.1732,0.9989445805474653,1769.2268,0.0,1
sz159915-H1_weekly_binary_hysteresis-fee0.001,2018-04-15,152.3732,0.0,83800.0,1.721,144219.8,144372.1732,0.9989445805474653,1769.2268,0.0,2
sz159915-H1_weekly_binary_hysteresis-fee0.001,2018-04-16,152.3732,0.0,83800.0,1.736,145476.8,145629.1732,0.9989536904134535,1769.2268,0.0,0
sz159915-H1_weekly_binary_hysteresis-fee0.001,2018-04-17,152.3732,0.0,83800.0,1.683,141035.4,141187.7732,0.9989207762361677,1769.2268,0.0,0
sz159915-H1_weekly_binary_hysteresis-fee0.001,2018-04-18,152.3732,0.0,83800.0,1.718,143968.4,144120.7732,0.9989427395050917,1769.2268,0.0,0
sz159915-H1_weekly_binary_hysteresis-fee0.001,2018-04-19,152.3732,0.0,83800.0,1.715,143717.0,143869.3732,0.9989408920285753,1769.2268,0.0,0
sz159915-H1_weekly_binary_hysteresis-fee0.001,2018-04-20,152.3732,0.0,83800.0,1.684,141119.2,141271.5732,0.9989214164141551,1769.2268,0.0,0
sz159915-H1_weekly_binary_hysteresis-fee0.001,2018-04-21,152.3732,0.0,83800.0,1.684,141119.2,141271.5732,0.9989214164141551,1769.2268,0.0,1
sz159915-H1_weekly_binary_hysteresis-fee0.001,2018-04-22,152.3732,0.0,83800.0,1.684,141119.2,141271.5732,0.9989214164141551,1769.2268,0.0,2
sz159915-H1_weekly_binary_hysteresis-fee0.001,2018-04-23,152.3732,0.0,83800.0,1.653,138521.4,138673.7732,0.9989012111195659,1769.2268,0.0,0
sz159915-H1_weekly_binary_hysteresis-fee0.001,2018-04-24,152.3732,0.0,83800.0,1.705,142879.0,143031.3732,0.9989346868691044,1769.2268,0.0,0
sz159915-H1_weekly_binary_hysteresis-fee0.001,2018-04-25,152.3732,0.0,83800.0,1.715,143717.0,143869.3732,0.9989408920285753,1769.2268,0.0,0
sz159915-H1_weekly_binary_hysteresis-fee0.001,2018-04-26,152.3732,0.0,83800.0,1.681,140867.8,141020.1732,0.9989194935976721,1769.2268,0.0,0
sz159915-H1_weekly_binary_hysteresis-fee0.001,2018-04-27,152.3732,0.0,83800.0,1.707,143046.6,143198.9732,0.9989359337110107,1769.2268,0.0,0
sz159915-H1_weekly_binary_hysteresis-fee0.001,2018-04-28,152.3732,0.0,83800.0,1.707,143046.6,143198.9732,0.9989359337110107,1769.2268,0.0,1
sz159915-H1_weekly_binary_hysteresis-fee0.001,2018-04-29,152.3732,0.0,83800.0,1.707,143046.6,143198.9732,0.9989359337110107,1769.2268,0.0,2
sz159915-H1_weekly_binary_hysteresis-fee0.001,2018-04-30,152.3732,0.0,83800.0,1.707,143046.6,143198.9732,0.9989359337110107,1769.2268,0.0,3
sz159915-H1_weekly_binary_hysteresis-fee0.001,2018-05-01,152.3732,0.0,83800.0,1.707,143046.6,143198.9732,0.9989359337110107,1769.2268,0.0,4
sz159915-H1_weekly_binary_hysteresis-fee0.001,2018-05-02,152.3732,0.0,83800.0,1.701,142543.8,142696.1732,0.9989321843986213,1769.2268,0.0,0
sz159915-H1_weekly_binary_hysteresis-fee0.001,2018-05-03,152.3732,0.0,83800.0,1.726,144638.8,144791.1732,0.9989476347443533,1769.2268,0.0,0
sz159915-H1_weekly_binary_hysteresis-fee0.001,2018-05-04,152.3732,0.0,83800.0,1.712,143465.6,143617.9732,0.9989390380841274,1769.2268,0.0,0
sz159915-H1_weekly_binary_hysteresis-fee0.001,2018-05-05,152.3732,0.0,83800.0,1.712,143465.6,143617.9732,0.9989390380841274,1769.2268,0.0,1
sz159915-H1_weekly_binary_hysteresis-fee0.001,2018-05-06,152.3732,0.0,83800.0,1.712,143465.6,143617.9732,0.9989390380841274,1769.2268,0.0,2
sz159915-H1_weekly_binary_hysteresis-fee0.001,2018-05-07,152.3732,0.0,83800.0,1.749,146566.2,146718.5732,0.9989614593662093,1769.2268,0.0,0
sz159915-H1_weekly_binary_hysteresis-fee0.001,2018-05-08,152.3732,0.0,83800.0,1.753,146901.4,147053.7732,0.9989638266554863,1769.2268,0.0,0
sz159915-H1_weekly_binary_hysteresis-fee0.001,2018-05-09,152.3732,0.0,83800.0,1.749,146566.2,146718.5732,0.9989614593662093,1769.2268,0.0,0
sz159915-H1_weekly_binary_hysteresis-fee0.001,2018-05-10,152.3732,0.0,83800.0,1.762,147655.6,147807.9732,0.9989691137987947,1769.2268,0.0,0
sz159915-H1_weekly_binary_hysteresis-fee0.001,2018-05-11,152.3732,0.0,83800.0,1.734,145309.2,145461.5732,0.9989524848614796,1769.2268,0.0,0
sz159915-H1_weekly_binary_hysteresis-fee0.001,2018-05-12,152.3732,0.0,83800.0,1.734,145309.2,145461.5732,0.9989524848614796,1769.2268,0.0,1
sz159915-H1_weekly_binary_hysteresis-fee0.001,2018-05-13,152.3732,0.0,83800.0,1.734,145309.2,145461.5732,0.9989524848614796,1769.2268,0.0,2
sz159915-H1_weekly_binary_hysteresis-fee0.001,2018-05-14,152.3732,0.0,83800.0,1.728,144806.4,144958.7732,0.9989488514793805,1769.2268,0.0,0
sz159915-H1_weekly_binary_hysteresis-fee0.001,2018-05-15,152.3732,0.0,83800.0,1.756,147152.8,147305.1732,0.9989655950521634,1769.2268,0.0,0
sz159915-H1_weekly_binary_hysteresis-fee0.001,2018-05-16,152.3732,0.0,83800.0,1.745,146231.0,146383.3732,0.9989590812353271,1769.2268,0.0,0
sz159915-H1_weekly_binary_hysteresis-fee0.001,2018-05-17,152.3732,0.0,83800.0,1.729,144890.2,145042.5732,0.9989494587924203,1769.2268,0.0,0
sz159915-H1_weekly_binary_hysteresis-fee0.001,2018-05-18,152.3732,0.0,83800.0,1.731,145057.8,145210.1732,0.9989506713156375,1769.2268,0.0,0
sz159915-H1_weekly_binary_hysteresis-fee0.001,2018-05-19,152.3732,0.0,83800.0,1.731,145057.8,145210.1732,0.9989506713156375,1769.2268,0.0,1
sz159915-H1_weekly_binary_hysteresis-fee0.001,2018-05-20,152.3732,0.0,83800.0,1.731,145057.8,145210.1732,0.9989506713156375,1769.2268,0.0,2
sz159915-H1_weekly_binary_hysteresis-fee0.001,2018-05-21,152.3732,0.0,83800.0,1.757,147236.6,147388.9732,0.9989661831771279,1769.2268,0.0,0
sz159915-H1_weekly_binary_hysteresis-fee0.001,2018-05-22,152.3732,0.0,83800.0,1.77,148326.0,148478.3732,0.9989737683898601,1769.2268,0.0,0
sz159915-H1_weekly_binary_hysteresis-fee0.001,2018-05-23,152.3732,0.0,83800.0,1.745,146231.0,146383.3732,0.9989590812353271,1769.2268,0.0,0
sz159915-H1_weekly_binary_hysteresis-fee0.001,2018-05-24,152.3732,0.0,83800.0,1.737,145560.6,145712.9732,0.9989542921494653,1769.2268,0.0,0
sz159915-H1_weekly_binary_hysteresis-fee0.001,2018-05-25,152.3732,0.0,83800.0,1.705,142879.0,143031.3732,0.9989346868691044,1769.2268,0.0,0
sz159915-H1_weekly_binary_hysteresis-fee0.001,2018-05-26,152.3732,0.0,83800.0,1.705,142879.0,143031.3732,0.9989346868691044,1769.2268,0.0,1
sz159915-H1_weekly_binary_hysteresis-fee0.001,2018-05-27,152.3732,0.0,83800.0,1.705,142879.0,143031.3732,0.9989346868691044,1769.2268,0.0,2
sz159915-H1_weekly_binary_hysteresis-fee0.001,2018-05-28,152.3732,0.0,83800.0,1.698,142292.4,142444.7732,0.9989302998167152,1769.2268,0.0,0
sz159915-H1_weekly_binary_hysteresis-fee0.001,2018-05-29,152.3732,0.0,83800.0,1.678,140616.4,140768.7732,0.9989175639132444,1769.2268,0.0,0
sz159915-H1_weekly_binary_hysteresis-fee0.001,2018-05-30,152.3732,0.0,83800.0,1.633,136845.4,136997.7732,0.9988877687830914,1769.2268,0.0,0
sz159915-H1_weekly_binary_hysteresis-fee0.001,2018-05-31,152.3732,0.0,83800.0,1.649,138186.2,138338.5732,0.9988985487093343,1769.2268,0.0,0
sz159915-H1_weekly_binary_hysteresis-fee0.001,2018-06-01,152.3732,0.0,83800.0,1.62,135756.0,135908.3732,0.9988788534774398,1769.2268,0.0,0
sz159915-H1_weekly_binary_hysteresis-fee0.001,2018-06-02,152.3732,0.0,83800.0,1.62,135756.0,135908.3732,0.9988788534774398,1769.2268,0.0,1
sz159915-H1_weekly_binary_hysteresis-fee0.001,2018-06-03,152.3732,0.0,83800.0,1.62,135756.0,135908.3732,0.9988788534774398,1769.2268,0.0,2
sz159915-H1_weekly_binary_hysteresis-fee0.001,2018-06-04,152.3732,0.0,83800.0,1.613,135169.4,135321.7732,0.9988739934720277,1769.2268,0.0,0
sz159915-H1_weekly_binary_hysteresis-fee0.001,2018-06-05,152.3732,0.0,83800.0,1.653,138521.4,138673.7732,0.9989012111195659,1769.2268,0.0,0
sz159915-H1_weekly_binary_hysteresis-fee0.001,2018-06-06,152.3732,0.0,83800.0,1.65,138270.0,138422.3732,0.9988992155207465,1769.2268,0.0,0
sz159915-H1_weekly_binary_hysteresis-fee0.001,2018-06-07,152.3732,0.0,83800.0,1.636,137096.8,137249.1732,0.9988898060625986,1769.2268,0.0,0
sz159915-H1_weekly_binary_hysteresis-fee0.001,2018-06-08,152.3732,0.0,83800.0,1.62,135756.0,135908.3732,0.9988788534774398,1769.2268,0.0,0
sz159915-H1_weekly_binary_hysteresis-fee0.001,2018-06-09,152.3732,0.0,83800.0,1.62,135756.0,135908.3732,0.9988788534774398,1769.2268,0.0,1
sz159915-H1_weekly_binary_hysteresis-fee0.001,2018-06-10,152.3732,0.0,83800.0,1.62,135756.0,135908.3732,0.9988788534774398,1769.2268,0.0,2
sz159915-H1_weekly_binary_hysteresis-fee0.001,2018-06-11,152.3732,0.0,83800.0,1.601,134163.8,134316.1732,0.9988655632723163,1769.2268,0.0,0
sz159915-H1_weekly_binary_hysteresis-fee0.001,2018-06-12,152.3732,0.0,83800.0,1.619,135672.2,135824.5732,0.9988781617610855,1769.2268,0.0,0
sz159915-H1_weekly_binary_hysteresis-fee0.001,2018-06-13,152.3732,0.0,83800.0,1.597,133828.6,133980.9732,0.9988627250843107,1769.2268,0.0,0
sz159915-H1_weekly_binary_hysteresis-fee0.001,2018-06-14,152.3732,0.0,83800.0,1.587,132990.6,133142.9732,0.9988555670919929,1769.2268,0.0,0
sz159915-H1_weekly_binary_hysteresis-fee0.001,2018-06-15,152.3732,0.0,83800.0,1.554,130225.2,130377.5732,0.9988312928653285,1769.2268,0.0,0
sz159915-H1_weekly_binary_hysteresis-fee0.001,2018-06-16,152.3732,0.0,83800.0,1.554,130225.2,130377.5732,0.9988312928653285,1769.2268,0.0,1
sz159915-H1_weekly_binary_hysteresis-fee0.001,2018-06-17,152.3732,0.0,83800.0,1.554,130225.2,130377.5732,0.9988312928653285,1769.2268,0.0,2
sz159915-H1_weekly_binary_hysteresis-fee0.001,2018-06-18,152.3732,0.0,83800.0,1.554,130225.2,130377.5732,0.9988312928653285,1769.2268,0.0,3
sz159915-H1_weekly_binary_hysteresis-fee0.001,2018-06-19,152.3732,0.0,83800.0,1.467,122934.6,123086.9732,0.9987620688360546,1769.2268,0.0,0
sz159915-H1_weekly_binary_hysteresis-fee0.001,2018-06-20,152.3732,0.0,83800.0,1.478,123856.4,124008.7732,0.9987712708055401,1769.2268,0.0,0
sz159915-H1_weekly_binary_hysteresis-fee0.001,2018-06-21,152.3732,0.0,83800.0,1.441,120755.8,120908.1732,0.9987397609610067,1769.2268,0.0,0
sz159915-H1_weekly_binary_hysteresis-fee0.001,2018-06-22,152.3732,0.0,83800.0,1.466,122850.8,123003.1732,0.998761225454304,1769.2268,0.0,0
sz159915-H1_weekly_binary_hysteresis-fee0.001,2018-06-23,152.3732,0.0,83800.0,1.466,122850.8,123003.1732,0.998761225454304,1769.2268,0.0,1
sz159915-H1_weekly_binary_hysteresis-fee0.001,2018-06-24,152.3732,0.0,83800.0,1.466,122850.8,123003.1732,0.998761225454304,1769.2268,0.0,2
sz159915-H1_weekly_binary_hysteresis-fee0.001,2018-06-25,152.3732,0.0,83800.0,1.455,121929.0,122081.3732,0.9987518718375622,1769.2268,0.0,0
sz159915-H1_weekly_binary_hysteresis-fee0.001,2018-06-26,152.3732,0.0,83800.0,1.485,124443.0,124595.3732,0.9987770557117285,1769.2268,0.0,0
sz159915-H1_weekly_binary_hysteresis-fee0.001,2018-06-27,152.3732,0.0,83800.0,1.466,122850.8,123003.1732,0.998761225454304,1769.2268,0.0,0
sz159915-H1_weekly_binary_hysteresis-fee0.001,2018-06-28,152.3732,0.0,83800.0,1.462,122515.6,122667.9732,0.998757840404263,1769.2268,0.0,0
sz159915-H1_weekly_binary_hysteresis-fee0.001,2018-06-29,152.3732,0.0,83800.0,1.524,127711.2,127863.5732,0.9988083142353479,1769.2268,0.0,0
sz159915-H1_weekly_binary_hysteresis-fee0.001,2018-06-30,152.3732,0.0,83800.0,1.524,127711.2,127863.5732,0.9988083142353479,1769.2268,0.0,1
sz159915-H1_weekly_binary_hysteresis-fee0.001,2018-07-01,152.3732,0.0,83800.0,1.524,127711.2,127863.5732,0.9988083142353479,1769.2268,0.0,2
sz159915-H1_weekly_binary_hysteresis-fee0.001,2018-07-02,152.3732,0.0,83800.0,1.503,125951.4,126103.7732,0.998791684054066,1769.2268,0.0,0
sz159915-H1_weekly_binary_hysteresis-fee0.001,2018-07-03,152.3732,0.0,83800.0,1.52,127376.0,127528.3732,0.9988051819671452,1769.2268,0.0,0
sz159915-H1_weekly_binary_hysteresis-fee0.001,2018-07-04,152.3732,0.0,83800.0,1.486,124526.8,124679.1732,0.9987778776832633,1769.2268,0.0,0
sz159915-H1_weekly_binary_hysteresis-fee0.001,2018-07-05,152.3732,0.0,83800.0,1.452,121677.6,121829.9732,0.9987492962856533,1769.2268,0.0,0
sz159915-H1_weekly_binary_hysteresis-fee0.001,2018-07-06,152.3732,0.0,83800.0,1.464,122683.2,122835.5732,0.9987595352386079,1769.2268,0.0,0
sz159915-H1_weekly_binary_hysteresis-fee0.001,2018-07-07,152.3732,0.0,83800.0,1.464,122683.2,122835.5732,0.9987595352386079,1769.2268,0.0,1
sz159915-H1_weekly_binary_hysteresis-fee0.001,2018-07-08,152.3732,0.0,83800.0,1.464,122683.2,122835.5732,0.9987595352386079,1769.2268,0.0,2
sz159915-H1_weekly_binary_hysteresis-fee0.001,2018-07-09,152.3732,0.0,83800.0,1.504,126035.2,126187.5732,0.9987924864855076,1769.2268,0.0,0
sz159915-H1_weekly_binary_hysteresis-fee0.001,2018-07-10,152.3732,0.0,83800.0,1.516,127040.8,127193.1732,0.998802033189624,1769.2268,0.0,0
sz159915-H1_weekly_binary_hysteresis-fee0.001,2018-07-11,152.3732,0.0,83800.0,1.488,124694.4,124846.7732,0.9987795183159768,1769.2268,0.0,0
sz159915-H1_weekly_binary_hysteresis-fee0.001,2018-07-12,152.3732,0.0,83800.0,1.54,129052.0,129204.3732,0.9988206807848203,1769.2268,0.0,0
sz159915-H1_weekly_binary_hysteresis-fee0.001,2018-07-13,152.3732,0.0,83800.0,1.542,129219.6,129371.9732,0.9988222085801811,1769.2268,0.0,0
sz159915-H1_weekly_binary_hysteresis-fee0.001,2018-07-14,152.3732,0.0,83800.0,1.542,129219.6,129371.9732,0.9988222085801811,1769.2268,0.0,1
sz159915-H1_weekly_binary_hysteresis-fee0.001,2018-07-15,152.3732,0.0,83800.0,1.542,129219.6,129371.9732,0.9988222085801811,1769.2268,0.0,2
sz159915-H1_weekly_binary_hysteresis-fee0.001,2018-07-16,152.3732,0.0,83800.0,1.542,129219.6,129371.9732,0.9988222085801811,1769.2268,0.0,0
sz159915-H1_weekly_binary_hysteresis-fee0.001,2018-07-17,152.3732,0.0,83800.0,1.543,129303.4,129455.7732,0.9988229709943905,1769.2268,0.0,0
sz159915-H1_weekly_binary_hysteresis-fee0.001,2018-07-18,152.3732,0.0,83800.0,1.532,128381.6,128533.9732,0.9988145297604478,1769.2268,0.0,0
sz159915-H1_weekly_binary_hysteresis-fee0.001,2018-07-19,152.3732,0.0,83800.0,1.514,126873.2,127025.5732,0.9988004525690265,1769.2268,0.0,0
sz159915-H1_weekly_binary_hysteresis-fee0.001,2018-07-20,152.3732,0.0,83800.0,1.535,128633.0,128785.3732,0.9988168438991641,1769.2268,0.0,0
sz159915-H1_weekly_binary_hysteresis-fee0.001,2018-07-21,152.3732,0.0,83800.0,1.535,128633.0,128785.3732,0.9988168438991641,1769.2268,0.0,1
sz159915-H1_weekly_binary_hysteresis-fee0.001,2018-07-22,152.3732,0.0,83800.0,1.535,128633.0,128785.3732,0.9988168438991641,1769.2268,0.0,2
sz159915-H1_weekly_binary_hysteresis-fee0.001,2018-07-23,152.3732,0.0,83800.0,1.54,129052.0,129204.3732,0.9988206807848203,1769.2268,0.0,0
sz159915-H1_weekly_binary_hysteresis-fee0.001,2018-07-24,152.3732,0.0,83800.0,1.549,129806.2,129958.5732,0.9988275248315822,1769.2268,0.0,0
sz159915-H1_weekly_binary_hysteresis-fee0.001,2018-07-25,152.3732,0.0,83800.0,1.551,129973.8,130126.1732,0.9988290349569736,1769.2268,0.0,0
sz159915-H1_weekly_binary_hysteresis-fee0.001,2018-07-26,152.3732,0.0,83800.0,1.534,128549.2,128701.5732,0.9988160735241114,1769.2268,0.0,0
sz159915-H1_weekly_binary_hysteresis-fee0.001,2018-07-27,152.3732,0.0,83800.0,1.518,127208.4,127360.7732,0.9988036096501964,1769.2268,0.0,0
sz159915-H1_weekly_binary_hysteresis-fee0.001,2018-07-28,152.3732,0.0,83800.0,1.518,127208.4,127360.7732,0.9988036096501964,1769.2268,0.0,1
sz159915-H1_weekly_binary_hysteresis-fee0.001,2018-07-29,152.3732,0.0,83800.0,1.518,127208.4,127360.7732,0.9988036096501964,1769.2268,0.0,2
sz159915-H1_weekly_binary_hysteresis-fee0.001,2018-07-30,152.3732,0.0,83800.0,1.484,124359.2,124511.5732,0.9987762326337709,1769.2268,0.0,0
sz159915-H1_weekly_binary_hysteresis-fee0.001,2018-07-31,152.3732,0.0,83800.0,1.489,124778.2,124930.5732,0.9987803369815964,1769.2268,0.0,0
sz159915-H1_weekly_binary_hysteresis-fee0.001,2018-08-01,152.3732,0.0,83800.0,1.471,123269.8,123422.1732,0.9987654309104322,1769.2268,0.0,0
sz159915-H1_weekly_binary_hysteresis-fee0.001,2018-08-02,152.3732,0.0,83800.0,1.44,120672.0,120824.3732,0.9987388868986907,1769.2268,0.0,0
sz159915-H1_weekly_binary_hysteresis-fee0.001,2018-08-03,152.3732,0.0,83800.0,1.414,118493.2,118645.5732,0.9987157278953581,1769.2268,0.0,0
sz159915-H1_weekly_binary_hysteresis-fee0.001,2018-08-04,152.3732,0.0,83800.0,1.414,118493.2,118645.5732,0.9987157278953581,1769.2268,0.0,1
sz159915-H1_weekly_binary_hysteresis-fee0.001,2018-08-05,152.3732,0.0,83800.0,1.414,118493.2,118645.5732,0.9987157278953581,1769.2268,0.0,2
sz159915-H1_weekly_binary_hysteresis-fee0.001,2018-08-06,152.3732,0.0,83800.0,1.374,115141.2,115293.5732,0.9986783894733171,1769.2268,0.0,0
sz159915-H1_weekly_binary_hysteresis-fee0.001,2018-08-07,152.3732,0.0,83800.0,1.412,118325.6,118477.9732,0.9987139111525585,1769.2268,0.0,0
sz159915-H1_weekly_binary_hysteresis-fee0.001,2018-08-08,152.3732,0.0,83800.0,1.381,115727.8,115880.1732,0.9986850796318969,1769.2268,0.0,0
sz159915-H1_weekly_binary_hysteresis-fee0.001,2018-08-09,152.3732,0.0,83800.0,1.426,119498.8,119651.1732,0.9987265214713331,1769.2268,0.0,0
sz159915-H1_weekly_binary_hysteresis-fee0.001,2018-08-10,152.3732,0.0,83800.0,1.437,120420.6,120572.9732,0.9987362574219079,1769.2268,0.0,0
sz159915-H1_weekly_binary_hysteresis-fee0.001,2018-08-11,152.3732,0.0,83800.0,1.437,120420.6,120572.9732,0.9987362574219079,1769.2268,0.0,1
sz159915-H1_weekly_binary_hysteresis-fee0.001,2018-08-12,152.3732,0.0,83800.0,1.437,120420.6,120572.9732,0.9987362574219079,1769.2268,0.0,2
sz159915-H1_weekly_binary_hysteresis-fee0.001,2018-08-13,152.3732,0.0,83800.0,1.458,122180.4,122332.7732,0.9987544368036938,1769.2268,0.0,0
sz159915-H1_weekly_binary_hysteresis-fee0.001,2018-08-14,152.3732,0.0,83800.0,1.446,121174.8,121327.1732,0.9987441131612881,1769.2268,0.0,0
sz159915-H1_weekly_binary_hysteresis-fee0.001,2018-08-15,152.3732,0.0,83800.0,1.409,118074.2,118226.5732,0.9987111763804383,1769.2268,0.0,0
sz159915-H1_weekly_binary_hysteresis-fee0.001,2018-08-16,152.3732,0.0,83800.0,1.396,116984.8,117137.1732,0.9986991900535295,1769.2268,0.0,0
sz159915-H1_weekly_binary_hysteresis-fee0.001,2018-08-17,152.3732,0.0,83800.0,1.369,114722.2,114874.5732,0.9986735689565113,1769.2268,0.0,0
sz159915-H1_weekly_binary_hysteresis-fee0.001,2018-08-18,152.3732,0.0,83800.0,1.369,114722.2,114874.5732,0.9986735689565113,1769.2268,0.0,1
sz159915-H1_weekly_binary_hysteresis-fee0.001,2018-08-19,152.3732,0.0,83800.0,1.369,114722.2,114874.5732,0.9986735689565113,1769.2268,0.0,2
sz159915-H1_weekly_binary_hysteresis-fee0.001,2018-08-20,152.3732,0.0,83800.0,1.367,114554.6,114706.9732,0.9986716308891324,1769.2268,0.0,0
sz159915-H1_weekly_binary_hysteresis-fee0.001,2018-08-21,152.3732,0.0,83800.0,1.387,116230.6,116382.9732,0.9986907603766219,1769.2268,0.0,0
sz159915-H1_weekly_binary_hysteresis-fee0.001,2018-08-22,152.3732,0.0,83800.0,1.375,115225.0,115377.3732,0.9986793493752378,1769.2268,0.0,0
sz159915-H1_weekly_binary_hysteresis-fee0.001,2018-08-23,152.3732,0.0,83800.0,1.388,116314.4,116466.7732,0.9986917023987748,1769.2268,0.0,0
sz159915-H1_weekly_binary_hysteresis-fee0.001,2018-08-24,152.3732,0.0,83800.0,1.382,115811.6,115963.9732,0.9986860298436204,1769.2268,0.0,0
sz159915-H1_weekly_binary_hysteresis-fee0.001,2018-08-25,152.3732,0.0,83800.0,1.382,115811.6,115963.9732,0.9986860298436204,1769.2268,0.0,1
sz159915-H1_weekly_binary_hysteresis-fee0.001,2018-08-26,152.3732,0.0,83800.0,1.382,115811.6,115963.9732,0.9986860298436204,1769.2268,0.0,2
sz159915-H1_weekly_binary_hysteresis-fee0.001,2018-08-27,152.3732,0.0,83800.0,1.426,119498.8,119651.1732,0.9987265214713331,1769.2268,0.0,0
sz159915-H1_weekly_binary_hysteresis-fee0.001,2018-08-28,152.3732,0.0,83800.0,1.423,119247.4,119399.7732,0.9987238401220012,1769.2268,0.0,0
sz159915-H1_weekly_binary_hysteresis-fee0.001,2018-08-29,152.3732,0.0,83800.0,1.411,118241.8,118394.1732,0.9987130008523089,1769.2268,0.0,0
sz159915-H1_weekly_binary_hysteresis-fee0.001,2018-08-30,152.3732,0.0,83800.0,1.389,116398.2,116550.5732,0.9986926430662977,1769.2268,0.0,0
sz159915-H1_weekly_binary_hysteresis-fee0.001,2018-08-31,152.3732,0.0,83800.0,1.369,114722.2,114874.5732,0.9986735689565113,1769.2268,0.0,0
sz159915-H1_weekly_binary_hysteresis-fee0.001,2018-09-01,152.3732,0.0,83800.0,1.369,114722.2,114874.5732,0.9986735689565113,1769.2268,0.0,1
sz159915-H1_weekly_binary_hysteresis-fee0.001,2018-09-02,152.3732,0.0,83800.0,1.369,114722.2,114874.5732,0.9986735689565113,1769.2268,0.0,2
sz159915-H1_weekly_binary_hysteresis-fee0.001,2018-09-03,152.3732,0.0,83800.0,1.375,115225.0,115377.3732,0.9986793493752378,1769.2268,0.0,0
sz159915-H1_weekly_binary_hysteresis-fee0.001,2018-09-04,152.3732,0.0,83800.0,1.385,116063.0,116215.3732,0.9986888722567041,1769.2268,0.0,0
sz159915-H1_weekly_binary_hysteresis-fee0.001,2018-09-05,152.3732,0.0,83800.0,1.363,114219.4,114371.7732,0.9986677377141513,1769.2268,0.0,0
sz159915-H1_weekly_binary_hysteresis-fee0.001,2018-09-06,152.3732,0.0,83800.0,1.355,113549.0,113701.3732,0.9986598824999943,1769.2268,0.0,0
sz159915-H1_weekly_binary_hysteresis-fee0.001,2018-09-07,152.3732,0.0,83800.0,1.36,113968.0,114120.3732,0.9986648028241815,1769.2268,0.0,0
sz159915-H1_weekly_binary_hysteresis-fee0.001,2018-09-08,152.3732,0.0,83800.0,1.36,113968.0,114120.3732,0.9986648028241815,1769.2268,0.0,1
sz159915-H1_weekly_binary_hysteresis-fee0.001,2018-09-09,152.3732,0.0,83800.0,1.36,113968.0,114120.3732,0.9986648028241815,1769.2268,0.0,2
sz159915-H1_weekly_binary_hysteresis-fee0.001,2018-09-10,152.3732,0.0,83800.0,1.327,111202.6,111354.9732,0.9986316444104717,1769.2268,0.0,0
sz159915-H1_weekly_binary_hysteresis-fee0.001,2018-09-11,152.3732,0.0,83800.0,1.332,111621.6,111773.9732,0.9986367738782324,1769.2268,0.0,0
sz159915-H1_weekly_binary_hysteresis-fee0.001,2018-09-12,152.3732,0.0,83800.0,1.32,110616.0,110768.3732,0.9986243979612766,1769.2268,0.0,0
sz159915-H1_weekly_binary_hysteresis-fee0.001,2018-09-13,152.3732,0.0,83800.0,1.326,111118.8,111271.1732,0.998630613881224,1769.2268,0.0,0
sz159915-H1_weekly_binary_hysteresis-fee0.001,2018-09-14,152.3732,0.0,83800.0,1.304,109275.2,109427.5732,0.9986075429113144,1769.2268,0.0,0
sz159915-H1_weekly_binary_hysteresis-fee0.001,2018-09-15,152.3732,0.0,83800.0,1.304,109275.2,109427.5732,0.9986075429113144,1769.2268,0.0,1
sz159915-H1_weekly_binary_hysteresis-fee0.001,2018-09-16,152.3732,0.0,83800.0,1.304,109275.2,109427.5732,0.9986075429113144,1769.2268,0.0,2
sz159915-H1_weekly_binary_hysteresis-fee0.001,2018-09-17,152.3732,0.0,83800.0,1.288,107934.4,108086.7732,0.9985902696926843,1769.2268,0.0,0
sz159915-H1_weekly_binary_hysteresis-fee0.001,2018-09-18,152.3732,0.0,83800.0,1.312,109945.6,110097.9732,0.998616021752524,1769.2268,0.0,0
sz159915-H1_weekly_binary_hysteresis-fee0.001,2018-09-19,152.3732,0.0,83800.0,1.324,110951.2,111103.5732,0.9986285481590613,1769.2268,0.0,0
sz159915-H1_weekly_binary_hysteresis-fee0.001,2018-09-20,152.3732,0.0,83800.0,1.32,110616.0,110768.3732,0.9986243979612766,1769.2268,0.0,0
sz159915-H1_weekly_binary_hysteresis-fee0.001,2018-09-21,152.3732,0.0,83800.0,1.343,112543.4,112695.7732,0.9986479244458478,1769.2268,0.0,0
sz159915-H1_weekly_binary_hysteresis-fee0.001,2018-09-22,152.3732,0.0,83800.0,1.343,112543.4,112695.7732,0.9986479244458478,1769.2268,0.0,1
sz159915-H1_weekly_binary_hysteresis-fee0.001,2018-09-23,152.3732,0.0,83800.0,1.343,112543.4,112695.7732,0.9986479244458478,1769.2268,0.0,2
sz159915-H1_weekly_binary_hysteresis-fee0.001,2018-09-24,152.3732,0.0,83800.0,1.343,112543.4,112695.7732,0.9986479244458478,1769.2268,0.0,3
sz159915-H1_weekly_binary_hysteresis-fee0.001,2018-09-25,152.3732,0.0,83800.0,1.338,112124.4,112276.7732,0.998642878703607,1769.2268,0.0,0
sz159915-H1_weekly_binary_hysteresis-fee0.001,2018-09-26,152.3732,0.0,83800.0,1.352,113297.6,113449.9732,0.9986569128603373,1769.2268,0.0,0
sz159915-H1_weekly_binary_hysteresis-fee0.001,2018-09-27,152.3732,0.0,83800.0,1.333,111705.4,111857.7732,0.9986377951603993,1769.2268,0.0,0
sz159915-H1_weekly_binary_hysteresis-fee0.001,2018-09-28,152.3732,0.0,83800.0,1.346,112794.8,112947.1732,0.9986509339217353,1769.2268,0.0,0
sz159915-H1_weekly_binary_hysteresis-fee0.001,2018-09-29,152.3732,0.0,83800.0,1.346,112794.8,112947.1732,0.9986509339217353,1769.2268,0.0,1
sz159915-H1_weekly_binary_hysteresis-fee0.001,2018-09-30,152.3732,0.0,83800.0,1.346,112794.8,112947.1732,0.9986509339217353,1769.2268,0.0,2
sz159915-H1_weekly_binary_hysteresis-fee0.001,2018-10-01,152.3732,0.0,83800.0,1.346,112794.8,112947.1732,0.9986509339217353,1769.2268,0.0,3
sz159915-H1_weekly_binary_hysteresis-fee0.001,2018-10-02,152.3732,0.0,83800.0,1.346,112794.8,112947.1732,0.9986509339217353,1769.2268,0.0,4
sz159915-H1_weekly_binary_hysteresis-fee0.001,2018-10-03,152.3732,0.0,83800.0,1.346,112794.8,112947.1732,0.9986509339217353,1769.2268,0.0,5
sz159915-H1_weekly_binary_hysteresis-fee0.001,2018-10-04,152.3732,0.0,83800.0,1.346,112794.8,112947.1732,0.9986509339217353,1769.2268,0.0,6
sz159915-H1_weekly_binary_hysteresis-fee0.001,2018-10-05,152.3732,0.0,83800.0,1.346,112794.8,112947.1732,0.9986509339217353,1769.2268,0.0,7
sz159915-H1_weekly_binary_hysteresis-fee0.001,2018-10-06,152.3732,0.0,83800.0,1.346,112794.8,112947.1732,0.9986509339217353,1769.2268,0.0,8
sz159915-H1_weekly_binary_hysteresis-fee0.001,2018-10-07,152.3732,0.0,83800.0,1.346,112794.8,112947.1732,0.9986509339217353,1769.2268,0.0,9
sz159915-H1_weekly_binary_hysteresis-fee0.001,2018-10-08,152.3732,0.0,83800.0,1.289,108018.2,108170.5732,0.9985913618141019,1769.2268,0.0,0
sz159915-H1_weekly_binary_hysteresis-fee0.001,2018-10-09,152.3732,0.0,83800.0,1.283,107515.4,107667.7732,0.998584783584992,1769.2268,0.0,0
sz159915-H1_weekly_binary_hysteresis-fee0.001,2018-10-10,152.3732,0.0,83800.0,1.282,107431.6,107583.9732,0.9985836812355244,1769.2268,0.0,0
sz159915-H1_weekly_binary_hysteresis-fee0.001,2018-10-11,152.3732,0.0,83800.0,1.196,100224.8,100377.1732,0.9984819935136408,1769.2268,0.0,0
sz159915-H1_weekly_binary_hysteresis-fee0.001,2018-10-12,152.3732,0.0,83800.0,1.206,101062.8,101215.1732,0.998494561682971,1769.2268,0.0,0
sz159915-H1_weekly_binary_hysteresis-fee0.001,2018-10-13,152.3732,0.0,83800.0,1.206,101062.8,101215.1732,0.998494561682971,1769.2268,0.0,1
sz159915-H1_weekly_binary_hysteresis-fee0.001,2018-10-14,152.3732,0.0,83800.0,1.206,101062.8,101215.1732,0.998494561682971,1769.2268,0.0,2
sz159915-H1_weekly_binary_hysteresis-fee0.001,2018-10-15,152.3732,0.0,83800.0,1.19,99722.0,99874.3732,0.998474351376455,1769.2268,0.0,0
sz159915-H1_weekly_binary_hysteresis-fee0.001,2018-10-16,152.3732,0.0,83800.0,1.16,97208.0,97360.3732,0.9984349566975571,1769.2268,0.0,0
sz159915-H1_weekly_binary_hysteresis-fee0.001,2018-10-17,152.3732,0.0,83800.0,1.174,98381.2,98533.5732,0.998453591044641,1769.2268,0.0,0
sz159915-H1_weekly_binary_hysteresis-fee0.001,2018-10-18,152.3732,0.0,83800.0,1.153,96621.4,96773.7732,0.9984254700942052,1769.2268,0.0,0
sz159915-H1_weekly_binary_hysteresis-fee0.001,2018-10-19,152.3732,0.0,83800.0,1.189,99638.2,99790.5732,0.9984730701997812,1769.2268,0.0,0
sz159915-H1_weekly_binary_hysteresis-fee0.001,2018-10-20,152.3732,0.0,83800.0,1.189,99638.2,99790.5732,0.9984730701997812,1769.2268,0.0,1
sz159915-H1_weekly_binary_hysteresis-fee0.001,2018-10-21,152.3732,0.0,83800.0,1.189,99638.2,99790.5732,0.9984730701997812,1769.2268,0.0,2
sz159915-H1_weekly_binary_hysteresis-fee0.001,2018-10-22,152.3732,0.0,83800.0,1.26,105588.0,105740.3732,0.9985589874956106,1769.2268,0.0,0
sz159915-H1_weekly_binary_hysteresis-fee0.001,2018-10-23,152.3732,0.0,83800.0,1.231,103157.8,103310.1732,0.9985250900731236,1769.2268,0.0,0
sz159915-H1_weekly_binary_hysteresis-fee0.001,2018-10-24,152.3732,0.0,83800.0,1.226,102738.8,102891.1732,0.9985190838508196,1769.2268,0.0,0
sz159915-H1_weekly_binary_hysteresis-fee0.001,2018-10-25,152.3732,0.0,83800.0,1.216,101900.8,102053.1732,0.9985069234476288,1769.2268,0.0,0
sz159915-H1_weekly_binary_hysteresis-fee0.001,2018-10-26,152.3732,0.0,83800.0,1.203,100811.4,100963.7732,0.998490813138509,1769.2268,0.0,0
sz159915-H1_weekly_binary_hysteresis-fee0.001,2018-10-27,152.3732,0.0,83800.0,1.203,100811.4,100963.7732,0.998490813138509,1769.2268,0.0,1
sz159915-H1_weekly_binary_hysteresis-fee0.001,2018-10-28,152.3732,0.0,83800.0,1.203,100811.4,100963.7732,0.998490813138509,1769.2268,0.0,2
sz159915-H1_weekly_binary_hysteresis-fee0.001,2018-10-29,152.3732,0.0,83800.0,1.192,99889.6,100041.9732,0.998476907290749,1769.2268,0.0,0
sz159915-H1_weekly_binary_hysteresis-fee0.001,2018-10-30,152.3732,0.0,83800.0,1.204,100895.2,101047.5732,0.9984920647258058,1769.2268,0.0,0
sz159915-H1_weekly_binary_hysteresis-fee0.001,2018-10-31,152.3732,0.0,83800.0,1.216,101900.8,102053.1732,0.9985069234476288,1769.2268,0.0,0
sz159915-H1_weekly_binary_hysteresis-fee0.001,2018-11-01,152.3732,0.0,83800.0,1.227,102822.6,102974.9732,0.9985202890055231,1769.2268,0.0,0
sz159915-H1_weekly_binary_hysteresis-fee0.001,2018-11-02,152.3732,0.0,83800.0,1.291,108185.8,108338.1732,0.9985935409883762,1769.2268,0.0,0
sz159915-H1_weekly_binary_hysteresis-fee0.001,2018-11-03,152.3732,0.0,83800.0,1.291,108185.8,108338.1732,0.9985935409883762,1769.2268,0.0,1
sz159915-H1_weekly_binary_hysteresis-fee0.001,2018-11-04,152.3732,0.0,83800.0,1.291,108185.8,108338.1732,0.9985935409883762,1769.2268,0.0,2
sz159915-H1_weekly_binary_hysteresis-fee0.001,2018-11-05,152.3732,0.0,83800.0,1.287,107850.6,108002.9732,0.9985891758765026,1769.2268,0.0,0
sz159915-H1_weekly_binary_hysteresis-fee0.001,2018-11-06,152.3732,0.0,83800.0,1.286,107766.8,107919.1732,0.998588080361609,1769.2268,0.0,0
sz159915-H1_weekly_binary_hysteresis-fee0.001,2018-11-07,152.3732,0.0,83800.0,1.282,107431.6,107583.9732,0.9985836812355244,1769.2268,0.0,0
sz159915-H1_weekly_binary_hysteresis-fee0.001,2018-11-08,152.3732,0.0,83800.0,1.265,106007.0,106159.3732,0.9985646750220262,1769.2268,0.0,0
sz159915-H1_weekly_binary_hysteresis-fee0.001,2018-11-09,152.3732,0.0,83800.0,1.26,105588.0,105740.3732,0.9985589874956106,1769.2268,0.0,0
sz159915-H1_weekly_binary_hysteresis-fee0.001,2018-11-10,152.3732,0.0,83800.0,1.26,105588.0,105740.3732,0.9985589874956106,1769.2268,0.0,1
sz159915-H1_weekly_binary_hysteresis-fee0.001,2018-11-11,152.3732,0.0,83800.0,1.26,105588.0,105740.3732,0.9985589874956106,1769.2268,0.0,2
sz159915-H1_weekly_binary_hysteresis-fee0.001,2018-11-12,152.3732,0.0,83800.0,1.305,109359.0,109511.3732,0.9986086084436023,1769.2268,0.0,0
sz159915-H1_weekly_binary_hysteresis-fee0.001,2018-11-13,152.3732,0.0,83800.0,1.326,111118.8,111271.1732,0.998630613881224,1769.2268,0.0,0
sz159915-H1_weekly_binary_hysteresis-fee0.001,2018-11-14,152.3732,0.0,83800.0,1.32,110616.0,110768.3732,0.9986243979612766,1769.2268,0.0,0
sz159915-H1_weekly_binary_hysteresis-fee0.001,2018-11-15,152.3732,0.0,83800.0,1.336,111956.8,112109.1732,0.9986408498461747,1769.2268,0.0,0
sz159915-H1_weekly_binary_hysteresis-fee0.001,2018-11-16,152.3732,0.0,83800.0,1.332,111621.6,111773.9732,0.9986367738782324,1769.2268,0.0,0
sz159915-H1_weekly_binary_hysteresis-fee0.001,2018-11-17,152.3732,0.0,83800.0,1.332,111621.6,111773.9732,0.9986367738782324,1769.2268,0.0,1
sz159915-H1_weekly_binary_hysteresis-fee0.001,2018-11-18,152.3732,0.0,83800.0,1.332,111621.6,111773.9732,0.9986367738782324,1769.2268,0.0,2
sz159915-H1_weekly_binary_hysteresis-fee0.001,2018-11-19,152.3732,0.0,83800.0,1.325,111035.0,111187.3732,0.9986295817985922,1769.2268,0.0,0
sz159915-H1_weekly_binary_hysteresis-fee0.001,2018-11-20,152.3732,0.0,83800.0,1.291,108185.8,108338.1732,0.9985935409883762,1769.2268,0.0,0
sz159915-H1_weekly_binary_hysteresis-fee0.001,2018-11-21,152.3732,0.0,83800.0,1.294,108437.2,108589.5732,0.998596797137057,1769.2268,0.0,0
sz159915-H1_weekly_binary_hysteresis-fee0.001,2018-11-22,152.3732,0.0,83800.0,1.285,107683.0,107835.3732,0.9985869831440431,1769.2268,0.0,0
sz159915-H1_weekly_binary_hysteresis-fee0.001,2018-11-23,152.3732,0.0,83800.0,1.248,104582.4,104734.7732,0.9985451517643616,1769.2268,0.0,0
sz159915-H1_weekly_binary_hysteresis-fee0.001,2018-11-24,152.3732,0.0,83800.0,1.248,104582.4,104734.7732,0.9985451517643616,1769.2268,0.0,1
sz159915-H1_weekly_binary_hysteresis-fee0.001,2018-11-25,152.3732,0.0,83800.0,1.248,104582.4,104734.7732,0.9985451517643616,1769.2268,0.0,2
sz159915-H1_weekly_binary_hysteresis-fee0.001,2018-11-26,152.3732,0.0,83800.0,1.244,104247.2,104399.5732,0.9985404806233441,1769.2268,0.0,0
sz159915-H1_weekly_binary_hysteresis-fee0.001,2018-11-27,152.3732,0.0,83800.0,1.253,105001.4,105153.7732,0.9985509488117922,1769.2268,0.0,0
sz159915-H1_weekly_binary_hysteresis-fee0.001,2018-11-28,152.3732,0.0,83800.0,1.277,107012.6,107164.9732,0.9985781436279966,1769.2268,0.0,0
sz159915-H1_weekly_binary_hysteresis-fee0.001,2018-11-29,152.3732,0.0,83800.0,1.247,104498.6,104650.9732,0.998543986784444,1769.2268,0.0,0
sz159915-H1_weekly_binary_hysteresis-fee0.001,2018-11-30,152.3732,0.0,83800.0,1.264,105923.2,106075.5732,0.9985635411112725,1769.2268,0.0,0
sz159915-H1_weekly_binary_hysteresis-fee0.001,2018-12-01,152.3732,0.0,83800.0,1.264,105923.2,106075.5732,0.9985635411112725,1769.2268,0.0,1
sz159915-H1_weekly_binary_hysteresis-fee0.001,2018-12-02,152.3732,0.0,83800.0,1.264,105923.2,106075.5732,0.9985635411112725,1769.2268,0.0,2
sz159915-H1_weekly_binary_hysteresis-fee0.001,2018-12-03,152.3732,0.0,83800.0,1.31,109778.0,109930.3732,0.9986139117373614,1769.2268,0.0,0
sz159915-H1_weekly_binary_hysteresis-fee0.001,2018-12-04,152.3732,0.0,83800.0,1.315,110197.0,110349.3732,0.998619174757578,1769.2268,0.0,0
sz159915-H1_weekly_binary_hysteresis-fee0.001,2018-12-05,152.3732,0.0,83800.0,1.315,110197.0,110349.3732,0.998619174757578,1769.2268,0.0,0
sz159915-H1_weekly_binary_hysteresis-fee0.001,2018-12-06,152.3732,0.0,83800.0,1.28,107264.0,107416.3732,0.998581471376656,1769.2268,0.0,0
sz159915-H1_weekly_binary_hysteresis-fee0.001,2018-12-07,152.3732,0.0,83800.0,1.275,106845.0,106997.3732,0.9985759164412833,1769.2268,0.0,0
sz159915-H1_weekly_binary_hysteresis-fee0.001,2018-12-08,152.3732,0.0,83800.0,1.275,106845.0,106997.3732,0.9985759164412833,1769.2268,0.0,1
sz159915-H1_weekly_binary_hysteresis-fee0.001,2018-12-09,152.3732,0.0,83800.0,1.275,106845.0,106997.3732,0.9985759164412833,1769.2268,0.0,2
sz159915-H1_weekly_binary_hysteresis-fee0.001,2018-12-10,152.3732,0.0,83800.0,1.264,105923.2,106075.5732,0.9985635411112725,1769.2268,0.0,0
sz159915-H1_weekly_binary_hysteresis-fee0.001,2018-12-11,152.3732,0.0,83800.0,1.277,107012.6,107164.9732,0.9985781436279966,1769.2268,0.0,0
sz159915-H1_weekly_binary_hysteresis-fee0.001,2018-12-12,152.3732,0.0,83800.0,1.276,106928.8,107081.1732,0.9985770309061202,1769.2268,0.0,0
sz159915-H1_weekly_binary_hysteresis-fee0.001,2018-12-13,152.3732,0.0,83800.0,1.286,107766.8,107919.1732,0.998588080361609,1769.2268,0.0,0
sz159915-H1_weekly_binary_hysteresis-fee0.001,2018-12-14,152.3732,0.0,83800.0,1.248,104582.4,104734.7732,0.9985451517643616,1769.2268,0.0,0
sz159915-H1_weekly_binary_hysteresis-fee0.001,2018-12-15,152.3732,0.0,83800.0,1.248,104582.4,104734.7732,0.9985451517643616,1769.2268,0.0,1
sz159915-H1_weekly_binary_hysteresis-fee0.001,2018-12-16,152.3732,0.0,83800.0,1.248,104582.4,104734.7732,0.9985451517643616,1769.2268,0.0,2
sz159915-H1_weekly_binary_hysteresis-fee0.001,2018-12-17,152.3732,0.0,83800.0,1.24,103912.0,104064.3732,0.9985357793900593,1769.2268,0.0,0
sz159915-H1_weekly_binary_hysteresis-fee0.001,2018-12-18,152.3732,0.0,83800.0,1.232,103241.6,103393.9732,0.9985262854759894,1769.2268,0.0,0
sz159915-H1_weekly_binary_hysteresis-fee0.001,2018-12-19,152.3732,0.0,83800.0,1.209,101314.2,101466.5732,0.9984982916521714,1769.2268,0.0,0
sz159915-H1_weekly_binary_hysteresis-fee0.001,2018-12-20,152.3732,0.0,83800.0,1.219,102152.2,102304.5732,0.9985105924863973,1769.2268,0.0,0
sz159915-H1_weekly_binary_hysteresis-fee0.001,2018-12-21,152.3732,0.0,83800.0,1.213,101649.4,101801.7732,0.9985032362874402,1769.2268,0.0,0
sz159915-H1_weekly_binary_hysteresis-fee0.001,2018-12-22,152.3732,0.0,83800.0,1.213,101649.4,101801.7732,0.9985032362874402,1769.2268,0.0,1
sz159915-H1_weekly_binary_hysteresis-fee0.001,2018-12-23,152.3732,0.0,83800.0,1.213,101649.4,101801.7732,0.9985032362874402,1769.2268,0.0,2
sz159915-H1_weekly_binary_hysteresis-fee0.001,2018-12-24,152.3732,0.0,83800.0,1.226,102738.8,102891.1732,0.9985190838508196,1769.2268,0.0,0
sz159915-H1_weekly_binary_hysteresis-fee0.001,2018-12-25,152.3732,0.0,83800.0,1.217,101984.6,102136.9732,0.9985081484674347,1769.2268,0.0,0
sz159915-H1_weekly_binary_hysteresis-fee0.001,2018-12-26,152.3732,0.0,83800.0,1.211,101481.8,101634.1732,0.9985007680467852,1769.2268,0.0,0
sz159915-H1_weekly_binary_hysteresis-fee0.001,2018-12-27,152.3732,0.0,83800.0,1.192,99889.6,100041.9732,0.998476907290749,1769.2268,0.0,0
sz159915-H1_weekly_binary_hysteresis-fee0.001,2018-12-28,152.3732,0.0,83800.0,1.194,100057.2,100209.5732,0.9984794546555359,1769.2268,0.0,0
sz159915-H1_weekly_binary_hysteresis-fee0.001,2018-12-29,152.3732,0.0,83800.0,1.194,100057.2,100209.5732,0.9984794546555359,1769.2268,0.0,1
sz159915-H1_weekly_binary_hysteresis-fee0.001,2018-12-30,152.3732,0.0,83800.0,1.194,100057.2,100209.5732,0.9984794546555359,1769.2268,0.0,2
sz159915-H1_weekly_binary_hysteresis-fee0.001,2018-12-31,152.3732,0.0,83800.0,1.194,100057.2,100209.5732,0.9984794546555359,1769.2268,0.0,3
sz159915-H1_weekly_binary_hysteresis-fee0.001,2019-01-01,152.3732,0.0,83800.0,1.194,100057.2,100209.5732,0.9984794546555359,1769.2268,0.0,4
sz159915-H1_weekly_binary_hysteresis-fee0.001,2019-01-02,152.3732,0.0,83800.0,1.178,98716.4,98868.7732,0.9984588339162278,1769.2268,0.0,0
sz159915-H1_weekly_binary_hysteresis-fee0.001,2019-01-03,152.3732,0.0,83800.0,1.164,97543.2,97695.5732,0.9984403264650685,1769.2268,0.0,0
sz159915-H1_weekly_binary_hysteresis-fee0.001,2019-01-04,152.3732,0.0,83800.0,1.195,100141.0,100293.3732,0.9984807251452581,1769.2268,0.0,0
sz159915-H1_weekly_binary_hysteresis-fee0.001,2019-01-05,152.3732,0.0,83800.0,1.195,100141.0,100293.3732,0.9984807251452581,1769.2268,0.0,1
sz159915-H1_weekly_binary_hysteresis-fee0.001,2019-01-06,152.3732,0.0,83800.0,1.195,100141.0,100293.3732,0.9984807251452581,1769.2268,0.0,2
sz159915-H1_weekly_binary_hysteresis-fee0.001,2019-01-07,152.3732,0.0,83800.0,1.214,101733.2,101885.5732,0.9985044673626079,1769.2268,0.0,0
sz159915-H1_weekly_binary_hysteresis-fee0.001,2019-01-08,152.3732,0.0,83800.0,1.211,101481.8,101634.1732,0.9985007680467852,1769.2268,0.0,0
sz159915-H1_weekly_binary_hysteresis-fee0.001,2019-01-09,152.3732,0.0,83800.0,1.21,101398.0,101550.3732,0.9984995308712464,1769.2268,0.0,0
sz159915-H1_weekly_binary_hysteresis-fee0.001,2019-01-10,152.3732,0.0,83800.0,1.207,101146.6,101298.9732,0.9984958070631262,1769.2268,0.0,0
sz159915-H1_weekly_binary_hysteresis-fee0.001,2019-01-11,152.3732,0.0,83800.0,1.209,101314.2,101466.5732,0.9984982916521714,1769.2268,0.0,0
sz159915-H1_weekly_binary_hysteresis-fee0.001,2019-01-12,152.3732,0.0,83800.0,1.209,101314.2,101466.5732,0.9984982916521714,1769.2268,0.0,1
sz159915-H1_weekly_binary_hysteresis-fee0.001,2019-01-13,152.3732,0.0,83800.0,1.209,101314.2,101466.5732,0.9984982916521714,1769.2268,0.0,2
sz159915-H1_weekly_binary_hysteresis-fee0.001,2019-01-14,152.3732,0.0,83800.0,1.195,100141.0,100293.3732,0.9984807251452581,1769.2268,0.0,0
sz159915-H1_weekly_binary_hysteresis-fee0.001,2019-01-15,152.3732,0.0,83800.0,1.216,101900.8,102053.1732,0.9985069234476288,1769.2268,0.0,0
sz159915-H1_weekly_binary_hysteresis-fee0.001,2019-01-16,152.3732,0.0,83800.0,1.214,101733.2,101885.5732,0.9985044673626079,1769.2268,0.0,0
sz159915-H1_weekly_binary_hysteresis-fee0.001,2019-01-17,152.3732,0.0,83800.0,1.198,100392.4,100544.7732,0.9984845239076038,1769.2268,0.0,0
sz159915-H1_weekly_binary_hysteresis-fee0.001,2019-01-18,152.3732,0.0,83800.0,1.216,101900.8,102053.1732,0.9985069234476288,1769.2268,0.0,0
sz159915-H1_weekly_binary_hysteresis-fee0.001,2019-01-19,152.3732,0.0,83800.0,1.216,101900.8,102053.1732,0.9985069234476288,1769.2268,0.0,1
sz159915-H1_weekly_binary_hysteresis-fee0.001,2019-01-20,152.3732,0.0,83800.0,1.216,101900.8,102053.1732,0.9985069234476288,1769.2268,0.0,2
sz159915-H1_weekly_binary_hysteresis-fee0.001,2019-01-21,152.3732,0.0,83800.0,1.222,102403.6,102555.9732,0.9985142435370112,1769.2268,0.0,0
sz159915-H1_weekly_binary_hysteresis-fee0.001,2019-01-22,152.3732,0.0,83800.0,1.201,100643.8,100796.1732,0.9984883037206417,1769.2268,0.0,0
sz159915-H1_weekly_binary_hysteresis-fee0.001,2019-01-23,152.3732,0.0,83800.0,1.197,100308.6,100460.9732,0.9984832597659924,1769.2268,0.0,0
sz159915-H1_weekly_binary_hysteresis-fee0.001,2019-01-24,152.3732,0.0,83800.0,1.211,101481.8,101634.1732,0.9985007680467852,1769.2268,0.0,0
sz159915-H1_weekly_binary_hysteresis-fee0.001,2019-01-25,152.3732,0.0,83800.0,1.214,101733.2,101885.5732,0.9985044673626079,1769.2268,0.0,0
sz159915-H1_weekly_binary_hysteresis-fee0.001,2019-01-26,152.3732,0.0,83800.0,1.214,101733.2,101885.5732,0.9985044673626079,1769.2268,0.0,1
sz159915-H1_weekly_binary_hysteresis-fee0.001,2019-01-27,152.3732,0.0,83800.0,1.214,101733.2,101885.5732,0.9985044673626079,1769.2268,0.0,2
sz159915-H1_weekly_binary_hysteresis-fee0.001,2019-01-28,152.3732,0.0,83800.0,1.208,101230.4,101382.7732,0.9984970503844928,1769.2268,0.0,0
sz159915-H1_weekly_binary_hysteresis-fee0.001,2019-01-29,152.3732,0.0,83800.0,1.192,99889.6,100041.9732,0.998476907290749,1769.2268,0.0,0
sz159915-H1_weekly_binary_hysteresis-fee0.001,2019-01-30,152.3732,0.0,83800.0,1.183,99135.4,99287.7732,0.9984653377239807,1769.2268,0.0,0
sz159915-H1_weekly_binary_hysteresis-fee0.001,2019-01-31,152.3732,0.0,83800.0,1.178,98716.4,98868.7732,0.9984588339162278,1769.2268,0.0,0
sz159915-H1_weekly_binary_hysteresis-fee0.001,2019-02-01,152.3732,0.0,83800.0,1.221,102319.8,102472.1732,0.9985130285106513,1769.2268,0.0,0
sz159915-H1_weekly_binary_hysteresis-fee0.001,2019-02-02,152.3732,0.0,83800.0,1.221,102319.8,102472.1732,0.9985130285106513,1769.2268,0.0,1
sz159915-H1_weekly_binary_hysteresis-fee0.001,2019-02-03,152.3732,0.0,83800.0,1.221,102319.8,102472.1732,0.9985130285106513,1769.2268,0.0,2
sz159915-H1_weekly_binary_hysteresis-fee0.001,2019-02-04,152.3732,0.0,83800.0,1.221,102319.8,102472.1732,0.9985130285106513,1769.2268,0.0,3
sz159915-H1_weekly_binary_hysteresis-fee0.001,2019-02-05,152.3732,0.0,83800.0,1.221,102319.8,102472.1732,0.9985130285106513,1769.2268,0.0,4
sz159915-H1_weekly_binary_hysteresis-fee0.001,2019-02-06,152.3732,0.0,83800.0,1.221,102319.8,102472.1732,0.9985130285106513,1769.2268,0.0,5
sz159915-H1_weekly_binary_hysteresis-fee0.001,2019-02-07,152.3732,0.0,83800.0,1.221,102319.8,102472.1732,0.9985130285106513,1769.2268,0.0,6
sz159915-H1_weekly_binary_hysteresis-fee0.001,2019-02-08,152.3732,0.0,83800.0,1.221,102319.8,102472.1732,0.9985130285106513,1769.2268,0.0,7
sz159915-H1_weekly_binary_hysteresis-fee0.001,2019-02-09,152.3732,0.0,83800.0,1.221,102319.8,102472.1732,0.9985130285106513,1769.2268,0.0,8
sz159915-H1_weekly_binary_hysteresis-fee0.001,2019-02-10,152.3732,0.0,83800.0,1.221,102319.8,102472.1732,0.9985130285106513,1769.2268,0.0,9
sz159915-H1_weekly_binary_hysteresis-fee0.001,2019-02-11,152.3732,0.0,83800.0,1.264,105923.2,106075.5732,0.9985635411112725,1769.2268,0.0,0
sz159915-H1_weekly_binary_hysteresis-fee0.001,2019-02-12,152.3732,0.0,83800.0,1.278,107096.4,107248.7732,0.9985792546109982,1769.2268,0.0,0
sz159915-H1_weekly_binary_hysteresis-fee0.001,2019-02-13,152.3732,0.0,83800.0,1.301,109023.8,109176.1732,0.9986043365000451,1769.2268,0.0,0
sz159915-H1_weekly_binary_hysteresis-fee0.001,2019-02-14,152.3732,0.0,83800.0,1.304,109275.2,109427.5732,0.9986075429113144,1769.2268,0.0,0
sz159915-H1_weekly_binary_hysteresis-fee0.001,2019-02-15,152.3732,0.0,83800.0,1.302,109107.6,109259.9732,0.9986054069432996,1769.2268,0.0,0
sz159915-H1_weekly_binary_hysteresis-fee0.001,2019-02-16,152.3732,0.0,83800.0,1.302,109107.6,109259.9732,0.9986054069432996,1769.2268,0.0,1
sz159915-H1_weekly_binary_hysteresis-fee0.001,2019-02-17,152.3732,0.0,83800.0,1.302,109107.6,109259.9732,0.9986054069432996,1769.2268,0.0,2
sz159915-H1_weekly_binary_hysteresis-fee0.001,2019-02-18,152.3732,0.0,83800.0,1.357,113716.6,113868.9732,0.9986618549749072,1769.2268,0.0,0
sz159915-H1_weekly_binary_hysteresis-fee0.001,2019-02-19,152.3732,0.0,83800.0,1.346,112794.8,112947.1732,0.9986509339217353,1769.2268,0.0,0
sz159915-H1_weekly_binary_hysteresis-fee0.001,2019-02-20,152.3732,0.0,83800.0,1.348,112962.4,113114.7732,0.9986529328071888,1769.2268,0.0,0
sz159915-H1_weekly_binary_hysteresis-fee0.001,2019-02-21,152.3732,0.0,83800.0,1.355,113549.0,113701.3732,0.9986598824999943,1769.2268,0.0,0
sz159915-H1_weekly_binary_hysteresis-fee0.001,2019-02-22,152.3732,0.0,83800.0,1.406,117822.8,117975.1732,0.9987084299529556,1769.2268,0.0,0
sz159915-H1_weekly_binary_hysteresis-fee0.001,2019-02-23,152.3732,0.0,83800.0,1.406,117822.8,117975.1732,0.9987084299529556,1769.2268,0.0,1
sz159915-H1_weekly_binary_hysteresis-fee0.001,2019-02-24,152.3732,0.0,83800.0,1.406,117822.8,117975.1732,0.9987084299529556,1769.2268,0.0,2
sz159915-H1_weekly_binary_hysteresis-fee0.001,2019-02-25,152.3732,0.0,83800.0,1.492,125029.6,125181.9732,0.998782786402028,1769.2268,0.0,0
sz159915-H1_weekly_binary_hysteresis-fee0.001,2019-02-26,152.3732,0.0,83800.0,1.479,123940.2,124092.5732,0.9987721005691902,1769.2268,0.0,0
sz159915-H1_weekly_binary_hysteresis-fee0.001,2019-02-27,152.3732,0.0,83800.0,1.458,122180.4,122332.7732,0.9987544368036938,1769.2268,0.0,0
sz159915-H1_weekly_binary_hysteresis-fee0.001,2019-02-28,152.3732,0.0,83800.0,1.47,123186.0,123338.3732,0.9987645921050627,1769.2268,0.0,0
sz159915-H1_weekly_binary_hysteresis-fee0.001,2019-03-01,152.3732,0.0,83800.0,1.5,125700.0,125852.3732,0.9987892703480621,1769.2268,0.0,0
sz159915-H1_weekly_binary_hysteresis-fee0.001,2019-03-02,152.3732,0.0,83800.0,1.5,125700.0,125852.3732,0.9987892703480621,1769.2268,0.0,1
sz159915-H1_weekly_binary_hysteresis-fee0.001,2019-03-03,152.3732,0.0,83800.0,1.5,125700.0,125852.3732,0.9987892703480621,1769.2268,0.0,2
sz159915-H1_weekly_binary_hysteresis-fee0.001,2019-03-04,127903.2944,0.0,0.0,1.556,0.0,127903.2944,0.0,1897.1056,0.0,0
sz159915-H1_weekly_binary_hysteresis-fee0.001,2019-03-05,127903.2944,0.0,0.0,1.615,0.0,127903.2944,0.0,1897.1056,0.0,0
sz159915-H1_weekly_binary_hysteresis-fee0.001,2019-03-06,127903.2944,0.0,0.0,1.635,0.0,127903.2944,0.0,1897.1056,0.0,0
sz159915-H1_weekly_binary_hysteresis-fee0.001,2019-03-07,127903.2944,0.0,0.0,1.621,0.0,127903.2944,0.0,1897.1056,0.0,0
sz159915-H1_weekly_binary_hysteresis-fee0.001,2019-03-08,127903.2944,0.0,0.0,1.584,0.0,127903.2944,0.0,1897.1056,0.0,0
sz159915-H1_weekly_binary_hysteresis-fee0.001,2019-03-09,127903.2944,0.0,0.0,1.584,0.0,127903.2944,0.0,1897.1056,0.0,1
sz159915-H1_weekly_binary_hysteresis-fee0.001,2019-03-10,127903.2944,0.0,0.0,1.584,0.0,127903.2944,0.0,1897.1056,0.0,2
sz159915-H1_weekly_binary_hysteresis-fee0.001,2019-03-11,127903.2944,0.0,0.0,1.658,0.0,127903.2944,0.0,1897.1056,0.0,0
sz159915-H1_weekly_binary_hysteresis-fee0.001,2019-03-12,127903.2944,0.0,0.0,1.696,0.0,127903.2944,0.0,1897.1056,0.0,0
sz159915-H1_weekly_binary_hysteresis-fee0.001,2019-03-13,127903.2944,0.0,0.0,1.618,0.0,127903.2944,0.0,1897.1056,0.0,0
sz159915-H1_weekly_binary_hysteresis-fee0.001,2019-03-14,127903.2944,0.0,0.0,1.583,0.0,127903.2944,0.0,1897.1056,0.0,0
sz159915-H1_weekly_binary_hysteresis-fee0.001,2019-03-15,127903.2944,0.0,0.0,1.589,0.0,127903.2944,0.0,1897.1056,0.0,0
sz159915-H1_weekly_binary_hysteresis-fee0.001,2019-03-16,127903.2944,0.0,0.0,1.589,0.0,127903.2944,0.0,1897.1056,0.0,1
sz159915-H1_weekly_binary_hysteresis-fee0.001,2019-03-17,127903.2944,0.0,0.0,1.589,0.0,127903.2944,0.0,1897.1056,0.0,2
sz159915-H1_weekly_binary_hysteresis-fee0.001,2019-03-18,127903.2944,0.0,0.0,1.634,0.0,127903.2944,0.0,1897.1056,0.0,0
sz159915-H1_weekly_binary_hysteresis-fee0.001,2019-03-19,127903.2944,0.0,0.0,1.633,0.0,127903.2944,0.0,1897.1056,0.0,0
sz159915-H1_weekly_binary_hysteresis-fee0.001,2019-03-20,127903.2944,0.0,0.0,1.613,0.0,127903.2944,0.0,1897.1056,0.0,0
sz159915-H1_weekly_binary_hysteresis-fee0.001,2019-03-21,127903.2944,0.0,0.0,1.627,0.0,127903.2944,0.0,1897.1056,0.0,0
sz159915-H1_weekly_binary_hysteresis-fee0.001,2019-03-22,127903.2944,0.0,0.0,1.621,0.0,127903.2944,0.0,1897.1056,0.0,0
sz159915-H1_weekly_binary_hysteresis-fee0.001,2019-03-23,127903.2944,0.0,0.0,1.621,0.0,127903.2944,0.0,1897.1056,0.0,1
sz159915-H1_weekly_binary_hysteresis-fee0.001,2019-03-24,127903.2944,0.0,0.0,1.621,0.0,127903.2944,0.0,1897.1056,0.0,2
sz159915-H1_weekly_binary_hysteresis-fee0.001,2019-03-25,127903.2944,0.0,0.0,1.598,0.0,127903.2944,0.0,1897.1056,0.0,0
sz159915-H1_weekly_binary_hysteresis-fee0.001,2019-03-26,127903.2944,0.0,0.0,1.556,0.0,127903.2944,0.0,1897.1056,0.0,0
sz159915-H1_weekly_binary_hysteresis-fee0.001,2019-03-27,127903.2944,0.0,0.0,1.568,0.0,127903.2944,0.0,1897.1056,0.0,0
sz159915-H1_weekly_binary_hysteresis-fee0.001,2019-03-28,127903.2944,0.0,0.0,1.556,0.0,127903.2944,0.0,1897.1056,0.0,0
sz159915-H1_weekly_binary_hysteresis-fee0.001,2019-03-29,127903.2944,0.0,0.0,1.624,0.0,127903.2944,0.0,1897.1056,0.0,0
sz159915-H1_weekly_binary_hysteresis-fee0.001,2019-03-30,127903.2944,0.0,0.0,1.624,0.0,127903.2944,0.0,1897.1056,0.0,1
sz159915-H1_weekly_binary_hysteresis-fee0.001,2019-03-31,127903.2944,0.0,0.0,1.624,0.0,127903.2944,0.0,1897.1056,0.0,2
sz159915-H1_weekly_binary_hysteresis-fee0.001,2019-04-01,127903.2944,0.0,0.0,1.694,0.0,127903.2944,0.0,1897.1056,0.0,0
sz159915-H1_weekly_binary_hysteresis-fee0.001,2019-04-02,127903.2944,0.0,0.0,1.682,0.0,127903.2944,0.0,1897.1056,0.0,0
sz159915-H1_weekly_binary_hysteresis-fee0.001,2019-04-03,127903.2944,0.0,0.0,1.7,0.0,127903.2944,0.0,1897.1056,0.0,0
sz159915-H1_weekly_binary_hysteresis-fee0.001,2019-04-04,127903.2944,0.0,0.0,1.701,0.0,127903.2944,0.0,1897.1056,0.0,0
sz159915-H1_weekly_binary_hysteresis-fee0.001,2019-04-05,127903.2944,0.0,0.0,1.701,0.0,127903.2944,0.0,1897.1056,0.0,1
sz159915-H1_weekly_binary_hysteresis-fee0.001,2019-04-06,127903.2944,0.0,0.0,1.701,0.0,127903.2944,0.0,1897.1056,0.0,2
sz159915-H1_weekly_binary_hysteresis-fee0.001,2019-04-07,127903.2944,0.0,0.0,1.701,0.0,127903.2944,0.0,1897.1056,0.0,3
sz159915-H1_weekly_binary_hysteresis-fee0.001,2019-04-08,127903.2944,0.0,0.0,1.665,0.0,127903.2944,0.0,1897.1056,0.0,0
sz159915-H1_weekly_binary_hysteresis-fee0.001,2019-04-09,127903.2944,0.0,0.0,1.667,0.0,127903.2944,0.0,1897.1056,0.0,0
sz159915-H1_weekly_binary_hysteresis-fee0.001,2019-04-10,127903.2944,0.0,0.0,1.654,0.0,127903.2944,0.0,1897.1056,0.0,0
sz159915-H1_weekly_binary_hysteresis-fee0.001,2019-04-11,127903.2944,0.0,0.0,1.619,0.0,127903.2944,0.0,1897.1056,0.0,0
sz159915-H1_weekly_binary_hysteresis-fee0.001,2019-04-12,127903.2944,0.0,0.0,1.624,0.0,127903.2944,0.0,1897.1056,0.0,0
sz159915-H1_weekly_binary_hysteresis-fee0.001,2019-04-13,127903.2944,0.0,0.0,1.624,0.0,127903.2944,0.0,1897.1056,0.0,1
sz159915-H1_weekly_binary_hysteresis-fee0.001,2019-04-14,127903.2944,0.0,0.0,1.624,0.0,127903.2944,0.0,1897.1056,0.0,2
sz159915-H1_weekly_binary_hysteresis-fee0.001,2019-04-15,127903.2944,0.0,0.0,1.596,0.0,127903.2944,0.0,1897.1056,0.0,0
sz159915-H1_weekly_binary_hysteresis-fee0.001,2019-04-16,127903.2944,0.0,0.0,1.629,0.0,127903.2944,0.0,1897.1056,0.0,0
sz159915-H1_weekly_binary_hysteresis-fee0.001,2019-04-17,127903.2944,0.0,0.0,1.642,0.0,127903.2944,0.0,1897.1056,0.0,0
sz159915-H1_weekly_binary_hysteresis-fee0.001,2019-04-18,127903.2944,0.0,0.0,1.629,0.0,127903.2944,0.0,1897.1056,0.0,0
sz159915-H1_weekly_binary_hysteresis-fee0.001,2019-04-19,127903.2944,0.0,0.0,1.645,0.0,127903.2944,0.0,1897.1056,0.0,0
sz159915-H1_weekly_binary_hysteresis-fee0.001,2019-04-20,127903.2944,0.0,0.0,1.645,0.0,127903.2944,0.0,1897.1056,0.0,1
sz159915-H1_weekly_binary_hysteresis-fee0.001,2019-04-21,127903.2944,0.0,0.0,1.645,0.0,127903.2944,0.0,1897.1056,0.0,2
sz159915-H1_weekly_binary_hysteresis-fee0.001,2019-04-22,127903.2944,0.0,0.0,1.624,0.0,127903.2944,0.0,1897.1056,0.0,0
sz159915-H1_weekly_binary_hysteresis-fee0.001,2019-04-23,127903.2944,0.0,0.0,1.61,0.0,127903.2944,0.0,1897.1056,0.0,0
sz159915-H1_weekly_binary_hysteresis-fee0.001,2019-04-24,127903.2944,0.0,0.0,1.646,0.0,127903.2944,0.0,1897.1056,0.0,0
sz159915-H1_weekly_binary_hysteresis-fee0.001,2019-04-25,127903.2944,0.0,0.0,1.598,0.0,127903.2944,0.0,1897.1056,0.0,0
sz159915-H1_weekly_binary_hysteresis-fee0.001,2019-04-26,127903.2944,0.0,0.0,1.589,0.0,127903.2944,0.0,1897.1056,0.0,0
sz159915-H1_weekly_binary_hysteresis-fee0.001,2019-04-27,127903.2944,0.0,0.0,1.589,0.0,127903.2944,0.0,1897.1056,0.0,1
sz159915-H1_weekly_binary_hysteresis-fee0.001,2019-04-28,127903.2944,0.0,0.0,1.589,0.0,127903.2944,0.0,1897.1056,0.0,2
sz159915-H1_weekly_binary_hysteresis-fee0.001,2019-04-29,127903.2944,0.0,0.0,1.549,0.0,127903.2944,0.0,1897.1056,0.0,0
sz159915-H1_weekly_binary_hysteresis-fee0.001,2019-04-30,127903.2944,0.0,0.0,1.553,0.0,127903.2944,0.0,1897.1056,0.0,0
sz159915-H1_weekly_binary_hysteresis-fee0.001,2019-05-01,127903.2944,0.0,0.0,1.553,0.0,127903.2944,0.0,1897.1056,0.0,1
sz159915-H1_weekly_binary_hysteresis-fee0.001,2019-05-02,127903.2944,0.0,0.0,1.553,0.0,127903.2944,0.0,1897.1056,0.0,2
sz159915-H1_weekly_binary_hysteresis-fee0.001,2019-05-03,127903.2944,0.0,0.0,1.553,0.0,127903.2944,0.0,1897.1056,0.0,3
sz159915-H1_weekly_binary_hysteresis-fee0.001,2019-05-04,127903.2944,0.0,0.0,1.553,0.0,127903.2944,0.0,1897.1056,0.0,4
sz159915-H1_weekly_binary_hysteresis-fee0.001,2019-05-05,127903.2944,0.0,0.0,1.553,0.0,127903.2944,0.0,1897.1056,0.0,5
sz159915-H1_weekly_binary_hysteresis-fee0.001,2019-05-06,127903.2944,0.0,0.0,1.424,0.0,127903.2944,0.0,1897.1056,0.0,0
sz159915-H1_weekly_binary_hysteresis-fee0.001,2019-05-07,127903.2944,0.0,0.0,1.438,0.0,127903.2944,0.0,1897.1056,0.0,0
sz159915-H1_weekly_binary_hysteresis-fee0.001,2019-05-08,127903.2944,0.0,0.0,1.419,0.0,127903.2944,0.0,1897.1056,0.0,0
sz159915-H1_weekly_binary_hysteresis-fee0.001,2019-05-09,127903.2944,0.0,0.0,1.409,0.0,127903.2944,0.0,1897.1056,0.0,0
sz159915-H1_weekly_binary_hysteresis-fee0.001,2019-05-10,127903.2944,0.0,0.0,1.465,0.0,127903.2944,0.0,1897.1056,0.0,0
sz159915-H1_weekly_binary_hysteresis-fee0.001,2019-05-11,127903.2944,0.0,0.0,1.465,0.0,127903.2944,0.0,1897.1056,0.0,1
sz159915-H1_weekly_binary_hysteresis-fee0.001,2019-05-12,127903.2944,0.0,0.0,1.465,0.0,127903.2944,0.0,1897.1056,0.0,2
sz159915-H1_weekly_binary_hysteresis-fee0.001,2019-05-13,127903.2944,0.0,0.0,1.441,0.0,127903.2944,0.0,1897.1056,0.0,0
sz159915-H1_weekly_binary_hysteresis-fee0.001,2019-05-14,127903.2944,0.0,0.0,1.431,0.0,127903.2944,0.0,1897.1056,0.0,0
sz159915-H1_weekly_binary_hysteresis-fee0.001,2019-05-15,127903.2944,0.0,0.0,1.462,0.0,127903.2944,0.0,1897.1056,0.0,0
sz159915-H1_weekly_binary_hysteresis-fee0.001,2019-05-16,127903.2944,0.0,0.0,1.468,0.0,127903.2944,0.0,1897.1056,0.0,0
sz159915-H1_weekly_binary_hysteresis-fee0.001,2019-05-17,127903.2944,0.0,0.0,1.416,0.0,127903.2944,0.0,1897.1056,0.0,0
sz159915-H1_weekly_binary_hysteresis-fee0.001,2019-05-18,127903.2944,0.0,0.0,1.416,0.0,127903.2944,0.0,1897.1056,0.0,1
sz159915-H1_weekly_binary_hysteresis-fee0.001,2019-05-19,127903.2944,0.0,0.0,1.416,0.0,127903.2944,0.0,1897.1056,0.0,2
sz159915-H1_weekly_binary_hysteresis-fee0.001,2019-05-20,127903.2944,0.0,0.0,1.407,0.0,127903.2944,0.0,1897.1056,0.0,0
sz159915-H1_weekly_binary_hysteresis-fee0.001,2019-05-21,127903.2944,0.0,0.0,1.43,0.0,127903.2944,0.0,1897.1056,0.0,0
sz159915-H1_weekly_binary_hysteresis-fee0.001,2019-05-22,127903.2944,0.0,0.0,1.427,0.0,127903.2944,0.0,1897.1056,0.0,0
sz159915-H1_weekly_binary_hysteresis-fee0.001,2019-05-23,127903.2944,0.0,0.0,1.392,0.0,127903.2944,0.0,1897.1056,0.0,0
sz159915-H1_weekly_binary_hysteresis-fee0.001,2019-05-24,127903.2944,0.0,0.0,1.384,0.0,127903.2944,0.0,1897.1056,0.0,0
sz159915-H1_weekly_binary_hysteresis-fee0.001,2019-05-25,127903.2944,0.0,0.0,1.384,0.0,127903.2944,0.0,1897.1056,0.0,1
sz159915-H1_weekly_binary_hysteresis-fee0.001,2019-05-26,127903.2944,0.0,0.0,1.384,0.0,127903.2944,0.0,1897.1056,0.0,2
sz159915-H1_weekly_binary_hysteresis-fee0.001,2019-05-27,127903.2944,0.0,0.0,1.428,0.0,127903.2944,0.0,1897.1056,0.0,0
sz159915-H1_weekly_binary_hysteresis-fee0.001,2019-05-28,127903.2944,0.0,0.0,1.432,0.0,127903.2944,0.0,1897.1056,0.0,0
sz159915-H1_weekly_binary_hysteresis-fee0.001,2019-05-29,127903.2944,0.0,0.0,1.432,0.0,127903.2944,0.0,1897.1056,0.0,0
sz159915-H1_weekly_binary_hysteresis-fee0.001,2019-05-30,127903.2944,0.0,0.0,1.422,0.0,127903.2944,0.0,1897.1056,0.0,0
sz159915-H1_weekly_binary_hysteresis-fee0.001,2019-05-31,127903.2944,0.0,0.0,1.425,0.0,127903.2944,0.0,1897.1056,0.0,0
sz159915-H1_weekly_binary_hysteresis-fee0.001,2019-06-01,127903.2944,0.0,0.0,1.425,0.0,127903.2944,0.0,1897.1056,0.0,1
sz159915-H1_weekly_binary_hysteresis-fee0.001,2019-06-02,127903.2944,0.0,0.0,1.425,0.0,127903.2944,0.0,1897.1056,0.0,2
sz159915-H1_weekly_binary_hysteresis-fee0.001,2019-06-03,127903.2944,0.0,0.0,1.411,0.0,127903.2944,0.0,1897.1056,0.0,0
sz159915-H1_weekly_binary_hysteresis-fee0.001,2019-06-04,127903.2944,0.0,0.0,1.4,0.0,127903.2944,0.0,1897.1056,0.0,0
sz159915-H1_weekly_binary_hysteresis-fee0.001,2019-06-05,127903.2944,0.0,0.0,1.393,0.0,127903.2944,0.0,1897.1056,0.0,0
sz159915-H1_weekly_binary_hysteresis-fee0.001,2019-06-06,127903.2944,0.0,0.0,1.363,0.0,127903.2944,0.0,1897.1056,0.0,0
sz159915-H1_weekly_binary_hysteresis-fee0.001,2019-06-07,127903.2944,0.0,0.0,1.363,0.0,127903.2944,0.0,1897.1056,0.0,1
sz159915-H1_weekly_binary_hysteresis-fee0.001,2019-06-08,127903.2944,0.0,0.0,1.363,0.0,127903.2944,0.0,1897.1056,0.0,2
sz159915-H1_weekly_binary_hysteresis-fee0.001,2019-06-09,127903.2944,0.0,0.0,1.363,0.0,127903.2944,0.0,1897.1056,0.0,3
sz159915-H1_weekly_binary_hysteresis-fee0.001,2019-06-10,105.224,0.0,93600.0,1.376,128793.6,128898.824,0.9991836698215338,2024.776,0.0,0
sz159915-H1_weekly_binary_hysteresis-fee0.001,2019-06-11,105.224,0.0,93600.0,1.43,133848.0,133953.224,0.9992144720607844,2024.776,0.0,0
sz159915-H1_weekly_binary_hysteresis-fee0.001,2019-06-12,105.224,0.0,93600.0,1.412,132163.2,132268.424,0.9992044662148541,2024.776,0.0,0
sz159915-H1_weekly_binary_hysteresis-fee0.001,2019-06-13,105.224,0.0,93600.0,1.422,133099.2,133204.424,0.9992100562665996,2024.776,0.0,0
sz159915-H1_weekly_binary_hysteresis-fee0.001,2019-06-14,105.224,0.0,93600.0,1.397,130759.2,130864.424,0.9991959312028149,2024.776,0.0,0
sz159915-H1_weekly_binary_hysteresis-fee0.001,2019-06-15,105.224,0.0,93600.0,1.397,130759.2,130864.424,0.9991959312028149,2024.776,0.0,1
sz159915-H1_weekly_binary_hysteresis-fee0.001,2019-06-16,105.224,0.0,93600.0,1.397,130759.2,130864.424,0.9991959312028149,2024.776,0.0,2
sz159915-H1_weekly_binary_hysteresis-fee0.001,2019-06-17,130546.652,0.0,0.0,1.39,0.0,130546.652,0.0,2155.348,0.0,0
sz159915-H1_weekly_binary_hysteresis-fee0.001,2019-06-18,130546.652,0.0,0.0,1.4,0.0,130546.652,0.0,2155.348,0.0,0
sz159915-H1_weekly_binary_hysteresis-fee0.001,2019-06-19,130546.652,0.0,0.0,1.417,0.0,130546.652,0.0,2155.348,0.0,0
sz159915-H1_weekly_binary_hysteresis-fee0.001,2019-06-20,130546.652,0.0,0.0,1.442,0.0,130546.652,0.0,2155.348,0.0,0
sz159915-H1_weekly_binary_hysteresis-fee0.001,2019-06-21,130546.652,0.0,0.0,1.473,0.0,130546.652,0.0,2155.348,0.0,0
sz159915-H1_weekly_binary_hysteresis-fee0.001,2019-06-22,130546.652,0.0,0.0,1.473,0.0,130546.652,0.0,2155.348,0.0,1
sz159915-H1_weekly_binary_hysteresis-fee0.001,2019-06-23,130546.652,0.0,0.0,1.473,0.0,130546.652,0.0,2155.348,0.0,2
sz159915-H1_weekly_binary_hysteresis-fee0.001,2019-06-24,130546.652,0.0,0.0,1.46,0.0,130546.652,0.0,2155.348,0.0,0
sz159915-H1_weekly_binary_hysteresis-fee0.001,2019-06-25,130546.652,0.0,0.0,1.442,0.0,130546.652,0.0,2155.348,0.0,0
sz159915-H1_weekly_binary_hysteresis-fee0.001,2019-06-26,130546.652,0.0,0.0,1.448,0.0,130546.652,0.0,2155.348,0.0,0
sz159915-H1_weekly_binary_hysteresis-fee0.001,2019-06-27,130546.652,0.0,0.0,1.469,0.0,130546.652,0.0,2155.348,0.0,0
sz159915-H1_weekly_binary_hysteresis-fee0.001,2019-06-28,130546.652,0.0,0.0,1.457,0.0,130546.652,0.0,2155.348,0.0,0
sz159915-H1_weekly_binary_hysteresis-fee0.001,2019-06-29,130546.652,0.0,0.0,1.457,0.0,130546.652,0.0,2155.348,0.0,1
sz159915-H1_weekly_binary_hysteresis-fee0.001,2019-06-30,130546.652,0.0,0.0,1.457,0.0,130546.652,0.0,2155.348,0.0,2
sz159915-H1_weekly_binary_hysteresis-fee0.001,2019-07-01,130546.652,0.0,0.0,1.511,0.0,130546.652,0.0,2155.348,0.0,0
sz159915-H1_weekly_binary_hysteresis-fee0.001,2019-07-02,130546.652,0.0,0.0,1.511,0.0,130546.652,0.0,2155.348,0.0,0
sz159915-H1_weekly_binary_hysteresis-fee0.001,2019-07-03,130546.652,0.0,0.0,1.488,0.0,130546.652,0.0,2155.348,0.0,0
sz159915-H1_weekly_binary_hysteresis-fee0.001,2019-07-04,130546.652,0.0,0.0,1.476,0.0,130546.652,0.0,2155.348,0.0,0
sz159915-H1_weekly_binary_hysteresis-fee0.001,2019-07-05,130546.652,0.0,0.0,1.492,0.0,130546.652,0.0,2155.348,0.0,0
sz159915-H1_weekly_binary_hysteresis-fee0.001,2019-07-06,130546.652,0.0,0.0,1.492,0.0,130546.652,0.0,2155.348,0.0,1
sz159915-H1_weekly_binary_hysteresis-fee0.001,2019-07-07,130546.652,0.0,0.0,1.492,0.0,130546.652,0.0,2155.348,0.0,2
sz159915-H1_weekly_binary_hysteresis-fee0.001,2019-07-08,130546.652,0.0,0.0,1.45,0.0,130546.652,0.0,2155.348,0.0,0
sz159915-H1_weekly_binary_hysteresis-fee0.001,2019-07-09,130546.652,0.0,0.0,1.462,0.0,130546.652,0.0,2155.348,0.0,0
sz159915-H1_weekly_binary_hysteresis-fee0.001,2019-07-10,130546.652,0.0,0.0,1.456,0.0,130546.652,0.0,2155.348,0.0,0
sz159915-H1_weekly_binary_hysteresis-fee0.001,2019-07-11,130546.652,0.0,0.0,1.458,0.0,130546.652,0.0,2155.348,0.0,0
sz159915-H1_weekly_binary_hysteresis-fee0.001,2019-07-12,130546.652,0.0,0.0,1.465,0.0,130546.652,0.0,2155.348,0.0,0
sz159915-H1_weekly_binary_hysteresis-fee0.001,2019-07-13,130546.652,0.0,0.0,1.465,0.0,130546.652,0.0,2155.348,0.0,1
sz159915-H1_weekly_binary_hysteresis-fee0.001,2019-07-14,130546.652,0.0,0.0,1.465,0.0,130546.652,0.0,2155.348,0.0,2
sz159915-H1_weekly_binary_hysteresis-fee0.001,2019-07-15,130546.652,0.0,0.0,1.489,0.0,130546.652,0.0,2155.348,0.0,0
sz159915-H1_weekly_binary_hysteresis-fee0.001,2019-07-16,130546.652,0.0,0.0,1.489,0.0,130546.652,0.0,2155.348,0.0,0
sz159915-H1_weekly_binary_hysteresis-fee0.001,2019-07-17,130546.652,0.0,0.0,1.492,0.0,130546.652,0.0,2155.348,0.0,0
sz159915-H1_weekly_binary_hysteresis-fee0.001,2019-07-18,130546.652,0.0,0.0,1.47,0.0,130546.652,0.0,2155.348,0.0,0
sz159915-H1_weekly_binary_hysteresis-fee0.001,2019-07-19,130546.652,0.0,0.0,1.486,0.0,130546.652,0.0,2155.348,0.0,0
sz159915-H1_weekly_binary_hysteresis-fee0.001,2019-07-20,130546.652,0.0,0.0,1.486,0.0,130546.652,0.0,2155.348,0.0,1
sz159915-H1_weekly_binary_hysteresis-fee0.001,2019-07-21,130546.652,0.0,0.0,1.486,0.0,130546.652,0.0,2155.348,0.0,2
sz159915-H1_weekly_binary_hysteresis-fee0.001,2019-07-22,130546.652,0.0,0.0,1.461,0.0,130546.652,0.0,2155.348,0.0,0
sz159915-H1_weekly_binary_hysteresis-fee0.001,2019-07-23,130546.652,0.0,0.0,1.481,0.0,130546.652,0.0,2155.348,0.0,0
sz159915-H1_weekly_binary_hysteresis-fee0.001,2019-07-24,130546.652,0.0,0.0,1.498,0.0,130546.652,0.0,2155.348,0.0,0
sz159915-H1_weekly_binary_hysteresis-fee0.001,2019-07-25,130546.652,0.0,0.0,1.506,0.0,130546.652,0.0,2155.348,0.0,0
sz159915-H1_weekly_binary_hysteresis-fee0.001,2019-07-26,130546.652,0.0,0.0,1.506,0.0,130546.652,0.0,2155.348,0.0,0
sz159915-H1_weekly_binary_hysteresis-fee0.001,2019-07-27,130546.652,0.0,0.0,1.506,0.0,130546.652,0.0,2155.348,0.0,1
sz159915-H1_weekly_binary_hysteresis-fee0.001,2019-07-28,130546.652,0.0,0.0,1.506,0.0,130546.652,0.0,2155.348,0.0,2
sz159915-H1_weekly_binary_hysteresis-fee0.001,2019-07-29,130546.652,0.0,0.0,1.509,0.0,130546.652,0.0,2155.348,0.0,0
sz159915-H1_weekly_binary_hysteresis-fee0.001,2019-07-30,130546.652,0.0,0.0,1.522,0.0,130546.652,0.0,2155.348,0.0,0
sz159915-H1_weekly_binary_hysteresis-fee0.001,2019-07-31,130546.652,0.0,0.0,1.512,0.0,130546.652,0.0,2155.348,0.0,0
sz159915-H1_weekly_binary_hysteresis-fee0.001,2019-08-01,130546.652,0.0,0.0,1.516,0.0,130546.652,0.0,2155.348,0.0,0
sz159915-H1_weekly_binary_hysteresis-fee0.001,2019-08-02,130546.652,0.0,0.0,1.501,0.0,130546.652,0.0,2155.348,0.0,0
sz159915-H1_weekly_binary_hysteresis-fee0.001,2019-08-03,130546.652,0.0,0.0,1.501,0.0,130546.652,0.0,2155.348,0.0,1
sz159915-H1_weekly_binary_hysteresis-fee0.001,2019-08-04,130546.652,0.0,0.0,1.501,0.0,130546.652,0.0,2155.348,0.0,2
sz159915-H1_weekly_binary_hysteresis-fee0.001,2019-08-05,130546.652,0.0,0.0,1.473,0.0,130546.652,0.0,2155.348,0.0,0
sz159915-H1_weekly_binary_hysteresis-fee0.001,2019-08-06,130546.652,0.0,0.0,1.451,0.0,130546.652,0.0,2155.348,0.0,0
sz159915-H1_weekly_binary_hysteresis-fee0.001,2019-08-07,130546.652,0.0,0.0,1.447,0.0,130546.652,0.0,2155.348,0.0,0
sz159915-H1_weekly_binary_hysteresis-fee0.001,2019-08-08,130546.652,0.0,0.0,1.468,0.0,130546.652,0.0,2155.348,0.0,0
sz159915-H1_weekly_binary_hysteresis-fee0.001,2019-08-09,130546.652,0.0,0.0,1.45,0.0,130546.652,0.0,2155.348,0.0,0
sz159915-H1_weekly_binary_hysteresis-fee0.001,2019-08-10,130546.652,0.0,0.0,1.45,0.0,130546.652,0.0,2155.348,0.0,1
sz159915-H1_weekly_binary_hysteresis-fee0.001,2019-08-11,130546.652,0.0,0.0,1.45,0.0,130546.652,0.0,2155.348,0.0,2
sz159915-H1_weekly_binary_hysteresis-fee0.001,2019-08-12,14.7505,0.0,89500.0,1.486,132997.0,133011.7505,0.9998891037826015,2285.7495,0.0,0
sz159915-H1_weekly_binary_hysteresis-fee0.001,2019-08-13,14.7505,0.0,89500.0,1.47,131565.0,131579.7505,0.999887896884255,2285.7495,0.0,0
sz159915-H1_weekly_binary_hysteresis-fee0.001,2019-08-14,14.7505,0.0,89500.0,1.477,132191.5,132206.2505,0.9998884281193648,2285.7495,0.0,0
sz159915-H1_weekly_binary_hysteresis-fee0.001,2019-08-15,14.7505,0.0,89500.0,1.498,134071.0,134085.7505,0.9998899920390869,2285.7495,0.0,0
sz159915-H1_weekly_binary_hysteresis-fee0.001,2019-08-16,14.7505,0.0,89500.0,1.512,135324.0,135338.7505,0.9998910105203018,2285.7495,0.0,0
sz159915-H1_weekly_binary_hysteresis-fee0.001,2019-08-17,14.7505,0.0,89500.0,1.512,135324.0,135338.7505,0.9998910105203018,2285.7495,0.0,1
sz159915-H1_weekly_binary_hysteresis-fee0.001,2019-08-18,14.7505,0.0,89500.0,1.512,135324.0,135338.7505,0.9998910105203018,2285.7495,0.0,2
sz159915-H1_weekly_binary_hysteresis-fee0.001,2019-08-19,14.7505,0.0,89500.0,1.568,140336.0,140350.7505,0.9998949025926299,2285.7495,0.0,0
sz159915-H1_weekly_binary_hysteresis-fee0.001,2019-08-20,14.7505,0.0,89500.0,1.553,138993.5,139008.2505,0.9998938875933843,2285.7495,0.0,0
sz159915-H1_weekly_binary_hysteresis-fee0.001,2019-08-21,14.7505,0.0,89500.0,1.549,138635.5,138650.2505,0.999893613607283,2285.7495,0.0,0
sz159915-H1_weekly_binary_hysteresis-fee0.001,2019-08-22,14.7505,0.0,89500.0,1.554,139083.0,139097.7505,0.9998939558695451,2285.7495,0.0,0
sz159915-H1_weekly_binary_hysteresis-fee0.001,2019-08-23,14.7505,0.0,89500.0,1.555,139172.5,139187.2505,0.9998940240579003,2285.7495,0.0,0
sz159915-H1_weekly_binary_hysteresis-fee0.001,2019-08-24,14.7505,0.0,89500.0,1.555,139172.5,139187.2505,0.9998940240579003,2285.7495,0.0,1
sz159915-H1_weekly_binary_hysteresis-fee0.001,2019-08-25,14.7505,0.0,89500.0,1.555,139172.5,139187.2505,0.9998940240579003,2285.7495,0.0,2
sz159915-H1_weekly_binary_hysteresis-fee0.001,2019-08-26,14.7505,0.0,89500.0,1.54,137830.0,137844.7505,0.9998929919351554,2285.7495,0.0,0
sz159915-H1_weekly_binary_hysteresis-fee0.001,2019-08-27,14.7505,0.0,89500.0,1.567,140246.5,140261.2505,0.9998948355305017,2285.7495,0.0,0
sz159915-H1_weekly_binary_hysteresis-fee0.001,2019-08-28,14.7505,0.0,89500.0,1.565,140067.5,140082.2505,0.9998947011491652,2285.7495,0.0,0
sz159915-H1_weekly_binary_hysteresis-fee0.001,2019-08-29,14.7505,0.0,89500.0,1.558,139441.0,139455.7505,0.9998942280978224,2285.7495,0.0,0
sz159915-H1_weekly_binary_hysteresis-fee0.001,2019-08-30,14.7505,0.0,89500.0,1.549,138635.5,138650.2505,0.999893613607283,2285.7495,0.0,0
sz159915-H1_weekly_binary_hysteresis-fee0.001,2019-08-31,14.7505,0.0,89500.0,1.549,138635.5,138650.2505,0.999893613607283,2285.7495,0.0,1
sz159915-H1_weekly_binary_hysteresis-fee0.001,2019-09-01,14.7505,0.0,89500.0,1.549,138635.5,138650.2505,0.999893613607283,2285.7495,0.0,2
sz159915-H1_weekly_binary_hysteresis-fee0.001,2019-09-02,14.7505,0.0,89500.0,1.592,142484.0,142498.7505,0.999896486811651,2285.7495,0.0,0
sz159915-H1_weekly_binary_hysteresis-fee0.001,2019-09-03,14.7505,0.0,89500.0,1.595,142752.5,142767.2505,0.9998966814871875,2285.7495,0.0,0
sz159915-H1_weekly_binary_hysteresis-fee0.001,2019-09-04,14.7505,0.0,89500.0,1.607,143826.5,143841.2505,0.9998974529215456,2285.7495,0.0,0
sz159915-H1_weekly_binary_hysteresis-fee0.001,2019-09-05,14.7505,0.0,89500.0,1.627,145616.5,145631.2505,0.9998987133602893,2285.7495,0.0,0
sz159915-H1_weekly_binary_hysteresis-fee0.001,2019-09-06,14.7505,0.0,89500.0,1.631,145974.5,145989.2505,0.9998989617389672,2285.7495,0.0,0
sz159915-H1_weekly_binary_hysteresis-fee0.001,2019-09-07,14.7505,0.0,89500.0,1.631,145974.5,145989.2505,0.9998989617389672,2285.7495,0.0,1
sz159915-H1_weekly_binary_hysteresis-fee0.001,2019-09-08,14.7505,0.0,89500.0,1.631,145974.5,145989.2505,0.9998989617389672,2285.7495,0.0,2
sz159915-H1_weekly_binary_hysteresis-fee0.001,2019-09-09,146558.56,0.0,0.0,1.67,0.0,146558.56,0.0,2432.44,0.0,0
sz159915-H1_weekly_binary_hysteresis-fee0.001,2019-09-10,146558.56,0.0,0.0,1.661,0.0,146558.56,0.0,2432.44,0.0,0
sz159915-H1_weekly_binary_hysteresis-fee0.001,2019-09-11,146558.56,0.0,0.0,1.638,0.0,146558.56,0.0,2432.44,0.0,0
sz159915-H1_weekly_binary_hysteresis-fee0.001,2019-09-12,146558.56,0.0,0.0,1.646,0.0,146558.56,0.0,2432.44,0.0,0
sz159915-H1_weekly_binary_hysteresis-fee0.001,2019-09-13,146558.56,0.0,0.0,1.646,0.0,146558.56,0.0,2432.44,0.0,1
sz159915-H1_weekly_binary_hysteresis-fee0.001,2019-09-14,146558.56,0.0,0.0,1.646,0.0,146558.56,0.0,2432.44,0.0,2
sz159915-H1_weekly_binary_hysteresis-fee0.001,2019-09-15,146558.56,0.0,0.0,1.646,0.0,146558.56,0.0,2432.44,0.0,3
sz159915-H1_weekly_binary_hysteresis-fee0.001,2019-09-16,146558.56,0.0,0.0,1.65,0.0,146558.56,0.0,2432.44,0.0,0
sz159915-H1_weekly_binary_hysteresis-fee0.001,2019-09-17,146558.56,0.0,0.0,1.618,0.0,146558.56,0.0,2432.44,0.0,0
sz159915-H1_weekly_binary_hysteresis-fee0.001,2019-09-18,146558.56,0.0,0.0,1.617,0.0,146558.56,0.0,2432.44,0.0,0
sz159915-H1_weekly_binary_hysteresis-fee0.001,2019-09-19,146558.56,0.0,0.0,1.642,0.0,146558.56,0.0,2432.44,0.0,0
sz159915-H1_weekly_binary_hysteresis-fee0.001,2019-09-20,146558.56,0.0,0.0,1.638,0.0,146558.56,0.0,2432.44,0.0,0
sz159915-H1_weekly_binary_hysteresis-fee0.001,2019-09-21,146558.56,0.0,0.0,1.638,0.0,146558.56,0.0,2432.44,0.0,1
sz159915-H1_weekly_binary_hysteresis-fee0.001,2019-09-22,146558.56,0.0,0.0,1.638,0.0,146558.56,0.0,2432.44,0.0,2
sz159915-H1_weekly_binary_hysteresis-fee0.001,2019-09-23,146558.56,0.0,0.0,1.62,0.0,146558.56,0.0,2432.44,0.0,0
sz159915-H1_weekly_binary_hysteresis-fee0.001,2019-09-24,146558.56,0.0,0.0,1.629,0.0,146558.56,0.0,2432.44,0.0,0
sz159915-H1_weekly_binary_hysteresis-fee0.001,2019-09-25,146558.56,0.0,0.0,1.611,0.0,146558.56,0.0,2432.44,0.0,0
sz159915-H1_weekly_binary_hysteresis-fee0.001,2019-09-26,146558.56,0.0,0.0,1.561,0.0,146558.56,0.0,2432.44,0.0,0
sz159915-H1_weekly_binary_hysteresis-fee0.001,2019-09-27,146558.56,0.0,0.0,1.587,0.0,146558.56,0.0,2432.44,0.0,0
sz159915-H1_weekly_binary_hysteresis-fee0.001,2019-09-28,146558.56,0.0,0.0,1.587,0.0,146558.56,0.0,2432.44,0.0,1
sz159915-H1_weekly_binary_hysteresis-fee0.001,2019-09-29,146558.56,0.0,0.0,1.587,0.0,146558.56,0.0,2432.44,0.0,2
sz159915-H1_weekly_binary_hysteresis-fee0.001,2019-09-30,116.7645,0.0,92300.0,1.57,144911.0,145027.7645,0.9991948817496942,2578.7355,0.0,0
sz159915-H1_weekly_binary_hysteresis-fee0.001,2019-10-01,116.7645,0.0,92300.0,1.57,144911.0,145027.7645,0.9991948817496942,2578.7355,0.0,1
sz159915-H1_weekly_binary_hysteresis-fee0.001,2019-10-02,116.7645,0.0,92300.0,1.57,144911.0,145027.7645,0.9991948817496942,2578.7355,0.0,2
sz159915-H1_weekly_binary_hysteresis-fee0.001,2019-10-03,116.7645,0.0,92300.0,1.57,144911.0,145027.7645,0.9991948817496942,2578.7355,0.0,3
sz159915-H1_weekly_binary_hysteresis-fee0.001,2019-10-04,116.7645,0.0,92300.0,1.57,144911.0,145027.7645,0.9991948817496942,2578.7355,0.0,4
sz159915-H1_weekly_binary_hysteresis-fee0.001,2019-10-05,116.7645,0.0,92300.0,1.57,144911.0,145027.7645,0.9991948817496942,2578.7355,0.0,5
sz159915-H1_weekly_binary_hysteresis-fee0.001,2019-10-06,116.7645,0.0,92300.0,1.57,144911.0,145027.7645,0.9991948817496942,2578.7355,0.0,6
sz159915-H1_weekly_binary_hysteresis-fee0.001,2019-10-07,116.7645,0.0,92300.0,1.57,144911.0,145027.7645,0.9991948817496942,2578.7355,0.0,7
sz159915-H1_weekly_binary_hysteresis-fee0.001,2019-10-08,116.7645,0.0,92300.0,1.556,143618.8,143735.5645,0.9991876436398592,2578.7355,0.0,0
sz159915-H1_weekly_binary_hysteresis-fee0.001,2019-10-09,116.7645,0.0,92300.0,1.561,144080.3,144197.0645,0.9991902435711512,2578.7355,0.0,0
sz159915-H1_weekly_binary_hysteresis-fee0.001,2019-10-10,116.7645,0.0,92300.0,1.604,148049.2,148165.9645,0.9992119343980648,2578.7355,0.0,0
sz159915-H1_weekly_binary_hysteresis-fee0.001,2019-10-11,116.7645,0.0,92300.0,1.606,148233.8,148350.5645,0.9992129150273641,2578.7355,0.0,0
sz159915-H1_weekly_binary_hysteresis-fee0.001,2019-10-12,116.7645,0.0,92300.0,1.606,148233.8,148350.5645,0.9992129150273641,2578.7355,0.0,1
sz159915-H1_weekly_binary_hysteresis-fee0.001,2019-10-13,116.7645,0.0,92300.0,1.606,148233.8,148350.5645,0.9992129150273641,2578.7355,0.0,2
sz159915-H1_weekly_binary_hysteresis-fee0.001,2019-10-14,149032.2,0.0,0.0,1.617,0.0,149032.2,0.0,2727.8,0.0,0
sz159915-H1_weekly_binary_hysteresis-fee0.001,2019-10-15,149032.2,0.0,0.0,1.597,0.0,149032.2,0.0,2727.8,0.0,0
sz159915-H1_weekly_binary_hysteresis-fee0.001,2019-10-16,149032.2,0.0,0.0,1.592,0.0,149032.2,0.0,2727.8,0.0,0
sz159915-H1_weekly_binary_hysteresis-fee0.001,2019-10-17,149032.2,0.0,0.0,1.595,0.0,149032.2,0.0,2727.8,0.0,0
sz159915-H1_weekly_binary_hysteresis-fee0.001,2019-10-18,149032.2,0.0,0.0,1.589,0.0,149032.2,0.0,2727.8,0.0,0
sz159915-H1_weekly_binary_hysteresis-fee0.001,2019-10-19,149032.2,0.0,0.0,1.589,0.0,149032.2,0.0,2727.8,0.0,1
sz159915-H1_weekly_binary_hysteresis-fee0.001,2019-10-20,149032.2,0.0,0.0,1.589,0.0,149032.2,0.0,2727.8,0.0,2
sz159915-H1_weekly_binary_hysteresis-fee0.001,2019-10-21,87.8044,0.0,93700.0,1.585,148514.5,148602.3044,0.9994091316392802,2876.5956,0.0,0
sz159915-H1_weekly_binary_hysteresis-fee0.001,2019-10-22,87.8044,0.0,93700.0,1.606,150482.2,150570.0044,0.9994168533078691,2876.5956,0.0,0
sz159915-H1_weekly_binary_hysteresis-fee0.001,2019-10-23,87.8044,0.0,93700.0,1.589,148889.3,148977.1044,0.9994106181593901,2876.5956,0.0,0
sz159915-H1_weekly_binary_hysteresis-fee0.001,2019-10-24,87.8044,0.0,93700.0,1.593,149264.1,149351.9044,0.9994120972186278,2876.5956,0.0,0
sz159915-H1_weekly_binary_hysteresis-fee0.001,2019-10-25,87.8044,0.0,93700.0,1.616,151419.2,151507.0044,0.999420459797567,2876.5956,0.0,0
sz159915-H1_weekly_binary_hysteresis-fee0.001,2019-10-26,87.8044,0.0,93700.0,1.616,151419.2,151507.0044,0.999420459797567,2876.5956,0.0,1
sz159915-H1_weekly_binary_hysteresis-fee0.001,2019-10-27,87.8044,0.0,93700.0,1.616,151419.2,151507.0044,0.999420459797567,2876.5956,0.0,2
sz159915-H1_weekly_binary_hysteresis-fee0.001,2019-10-28,87.8044,0.0,93700.0,1.646,154230.2,154318.0044,0.999431016488702,2876.5956,0.0,0
sz159915-H1_weekly_binary_hysteresis-fee0.001,2019-10-29,87.8044,0.0,93700.0,1.624,152168.8,152256.6044,0.9994233130290406,2876.5956,0.0,0
sz159915-H1_weekly_binary_hysteresis-fee0.001,2019-10-30,87.8044,0.0,93700.0,1.619,151700.3,151788.1044,0.9994215330618491,2876.5956,0.0,0
sz159915-H1_weekly_binary_hysteresis-fee0.001,2019-10-31,87.8044,0.0,93700.0,1.608,150669.6,150757.4044,0.9994175781922655,2876.5956,0.0,0
sz159915-H1_weekly_binary_hysteresis-fee0.001,2019-11-01,87.8044,0.0,93700.0,1.625,152262.5,152350.3044,0.9994236677087991,2876.5956,0.0,0
sz159915-H1_weekly_binary_hysteresis-fee0.001,2019-11-02,87.8044,0.0,93700.0,1.625,152262.5,152350.3044,0.9994236677087991,2876.5956,0.0,1
sz159915-H1_weekly_binary_hysteresis-fee0.001,2019-11-03,87.8044,0.0,93700.0,1.625,152262.5,152350.3044,0.9994236677087991,2876.5956,0.0,2
sz159915-H1_weekly_binary_hysteresis-fee0.001,2019-11-04,87.8044,0.0,93700.0,1.634,153105.8,153193.6044,0.9994268403022183,2876.5956,0.0,0
sz159915-H1_weekly_binary_hysteresis-fee0.001,2019-11-05,87.8044,0.0,93700.0,1.649,154511.3,154599.1044,0.9994320510436282,2876.5956,0.0,0
sz159915-H1_weekly_binary_hysteresis-fee0.001,2019-11-06,87.8044,0.0,93700.0,1.638,153480.6,153568.4044,0.9994282391593307,2876.5956,0.0,0
sz159915-H1_weekly_binary_hysteresis-fee0.001,2019-11-07,87.8044,0.0,93700.0,1.651,154698.7,154786.5044,0.999432738659353,2876.5956,0.0,0
sz159915-H1_weekly_binary_hysteresis-fee0.001,2019-11-08,87.8044,0.0,93700.0,1.645,154136.5,154224.3044,0.9994306707989924,2876.5956,0.0,0
sz159915-H1_weekly_binary_hysteresis-fee0.001,2019-11-09,87.8044,0.0,93700.0,1.645,154136.5,154224.3044,0.9994306707989924,2876.5956,0.0,1
sz159915-H1_weekly_binary_hysteresis-fee0.001,2019-11-10,87.8044,0.0,93700.0,1.645,154136.5,154224.3044,0.9994306707989924,2876.5956,0.0,2
sz159915-H1_weekly_binary_hysteresis-fee0.001,2019-11-11,87.8044,0.0,93700.0,1.61,150857.0,150944.8044,0.9994183012767547,2876.5956,0.0,0
sz159915-H1_weekly_binary_hysteresis-fee0.001,2019-11-12,87.8044,0.0,93700.0,1.611,150950.7,151038.5044,0.9994186621461275,2876.5956,0.0,0
sz159915-H1_weekly_binary_hysteresis-fee0.001,2019-11-13,87.8044,0.0,93700.0,1.62,151794.0,151881.8044,0.9994218899337753,2876.5956,0.0,0
sz159915-H1_weekly_binary_hysteresis-fee0.001,2019-11-14,87.8044,0.0,93700.0,1.63,152731.0,152818.8044,0.9994254345834942,2876.5956,0.0,0
sz159915-H1_weekly_binary_hysteresis-fee0.001,2019-11-15,87.8044,0.0,93700.0,1.614,151231.8,151319.6044,0.9994197420727595,2876.5956,0.0,0
sz159915-H1_weekly_binary_hysteresis-fee0.001,2019-11-16,87.8044,0.0,93700.0,1.614,151231.8,151319.6044,0.9994197420727595,2876.5956,0.0,1
sz159915-H1_weekly_binary_hysteresis-fee0.001,2019-11-17,87.8044,0.0,93700.0,1.614,151231.8,151319.6044,0.9994197420727595,2876.5956,0.0,2
sz159915-H1_weekly_binary_hysteresis-fee0.001,2019-11-18,87.8044,0.0,93700.0,1.621,151887.7,151975.5044,0.9994222463656453,2876.5956,0.0,0
sz159915-H1_weekly_binary_hysteresis-fee0.001,2019-11-19,87.8044,0.0,93700.0,1.666,156104.2,156192.0044,0.9994378431832199,2876.5956,0.0,0
sz159915-H1_weekly_binary_hysteresis-fee0.001,2019-11-20,87.8044,0.0,93700.0,1.655,155073.5,155161.3044,0.9994341089078909,2876.5956,0.0,0
sz159915-H1_weekly_binary_hysteresis-fee0.001,2019-11-21,87.8044,0.0,93700.0,1.65,154605.0,154692.8044,0.9994323950597407,2876.5956,0.0,0
sz159915-H1_weekly_binary_hysteresis-fee0.001,2019-11-22,87.8044,0.0,93700.0,1.614,151231.8,151319.6044,0.9994197420727595,2876.5956,0.0,0
sz159915-H1_weekly_binary_hysteresis-fee0.001,2019-11-23,87.8044,0.0,93700.0,1.614,151231.8,151319.6044,0.9994197420727595,2876.5956,0.0,1
sz159915-H1_weekly_binary_hysteresis-fee0.001,2019-11-24,87.8044,0.0,93700.0,1.614,151231.8,151319.6044,0.9994197420727595,2876.5956,0.0,2
sz159915-H1_weekly_binary_hysteresis-fee0.001,2019-11-25,87.8044,0.0,93700.0,1.599,149826.3,149914.1044,0.9994143019407585,2876.5956,0.0,0
sz159915-H1_weekly_binary_hysteresis-fee0.001,2019-11-26,87.8044,0.0,93700.0,1.608,150669.6,150757.4044,0.9994175781922655,2876.5956,0.0,0
sz159915-H1_weekly_binary_hysteresis-fee0.001,2019-11-27,87.8044,0.0,93700.0,1.611,150950.7,151038.5044,0.9994186621461275,2876.5956,0.0,0
sz159915-H1_weekly_binary_hysteresis-fee0.001,2019-11-28,87.8044,0.0,93700.0,1.611,150950.7,151038.5044,0.9994186621461275,2876.5956,0.0,0
sz159915-H1_weekly_binary_hysteresis-fee0.001,2019-11-29,87.8044,0.0,93700.0,1.6,149920.0,150007.8044,0.9994146677877781,2876.5956,0.0,0
sz159915-H1_weekly_binary_hysteresis-fee0.001,2019-11-30,87.8044,0.0,93700.0,1.6,149920.0,150007.8044,0.9994146677877781,2876.5956,0.0,1
sz159915-H1_weekly_binary_hysteresis-fee0.001,2019-12-01,87.8044,0.0,93700.0,1.6,149920.0,150007.8044,0.9994146677877781,2876.5956,0.0,2
sz159915-H1_weekly_binary_hysteresis-fee0.001,2019-12-02,87.8044,0.0,93700.0,1.606,150482.2,150570.0044,0.9994168533078691,2876.5956,0.0,0
sz159915-H1_weekly_binary_hysteresis-fee0.001,2019-12-03,87.8044,0.0,93700.0,1.613,151138.1,151225.9044,0.9994193825432992,2876.5956,0.0,0
sz159915-H1_weekly_binary_hysteresis-fee0.001,2019-12-04,87.8044,0.0,93700.0,1.612,151044.4,151132.2044,0.9994190225680318,2876.5956,0.0,0
sz159915-H1_weekly_binary_hysteresis-fee0.001,2019-12-05,87.8044,0.0,93700.0,1.648,154417.6,154505.4044,0.9994317066102576,2876.5956,0.0,0
sz159915-H1_weekly_binary_hysteresis-fee0.001,2019-12-06,87.8044,0.0,93700.0,1.662,155729.4,155817.2044,0.9994364909809664,2876.5956,0.0,0
sz159915-H1_weekly_binary_hysteresis-fee0.001,2019-12-07,87.8044,0.0,93700.0,1.662,155729.4,155817.2044,0.9994364909809664,2876.5956,0.0,1
sz159915-H1_weekly_binary_hysteresis-fee0.001,2019-12-08,87.8044,0.0,93700.0,1.662,155729.4,155817.2044,0.9994364909809664,2876.5956,0.0,2
sz159915-H1_weekly_binary_hysteresis-fee0.001,2019-12-09,87.8044,0.0,93700.0,1.656,155167.2,155255.0044,0.9994344504363043,2876.5956,0.0,0
sz159915-H1_weekly_binary_hysteresis-fee0.001,2019-12-10,87.8044,0.0,93700.0,1.67,156479.0,156566.8044,0.9994391889114906,2876.5956,0.0,0
sz159915-H1_weekly_binary_hysteresis-fee0.001,2019-12-11,87.8044,0.0,93700.0,1.653,154886.1,154973.9044,0.9994334246120987,2876.5956,0.0,0
sz159915-H1_weekly_binary_hysteresis-fee0.001,2019-12-12,87.8044,0.0,93700.0,1.657,155260.9,155348.7044,0.9994347915527257,2876.5956,0.0,0
sz159915-H1_weekly_binary_hysteresis-fee0.001,2019-12-13,87.8044,0.0,93700.0,1.693,158634.1,158721.9044,0.9994468035125214,2876.5956,0.0,0
sz159915-H1_weekly_binary_hysteresis-fee0.001,2019-12-14,87.8044,0.0,93700.0,1.693,158634.1,158721.9044,0.9994468035125214,2876.5956,0.0,1
sz159915-H1_weekly_binary_hysteresis-fee0.001,2019-12-15,87.8044,0.0,93700.0,1.693,158634.1,158721.9044,0.9994468035125214,2876.5956,0.0,2
sz159915-H1_weekly_binary_hysteresis-fee0.001,2019-12-16,87.8044,0.0,93700.0,1.715,160695.5,160783.3044,0.9994538960352404,2876.5956,0.0,0
sz159915-H1_weekly_binary_hysteresis-fee0.001,2019-12-17,87.8044,0.0,93700.0,1.738,162850.6,162938.4044,0.9994611190632231,2876.5956,0.0,0
sz159915-H1_weekly_binary_hysteresis-fee0.001,2019-12-18,87.8044,0.0,93700.0,1.725,161632.5,161720.3044,0.999457060136476,2876.5956,0.0,0
sz159915-H1_weekly_binary_hysteresis-fee0.001,2019-12-19,87.8044,0.0,93700.0,1.724,161538.8,161626.6044,0.999456745377248,2876.5956,0.0,0
sz159915-H1_weekly_binary_hysteresis-fee0.001,2019-12-20,87.8044,0.0,93700.0,1.708,160039.6,160127.4044,0.9994516591314959,2876.5956,0.0,0
sz159915-H1_weekly_binary_hysteresis-fee0.001,2019-12-21,87.8044,0.0,93700.0,1.708,160039.6,160127.4044,0.9994516591314959,2876.5956,0.0,1
sz159915-H1_weekly_binary_hysteresis-fee0.001,2019-12-22,87.8044,0.0,93700.0,1.708,160039.6,160127.4044,0.9994516591314959,2876.5956,0.0,2
sz159915-H1_weekly_binary_hysteresis-fee0.001,2019-12-23,87.8044,0.0,93700.0,1.671,156572.7,156660.5044,0.9994395243374437,2876.5956,0.0,0
sz159915-H1_weekly_binary_hysteresis-fee0.001,2019-12-24,87.8044,0.0,93700.0,1.704,159664.8,159752.6044,0.9994503726538307,2876.5956,0.0,0
sz159915-H1_weekly_binary_hysteresis-fee0.001,2019-12-25,87.8044,0.0,93700.0,1.718,160976.6,161064.4044,0.9994548491311467,2876.5956,0.0,0
sz159915-H1_weekly_binary_hysteresis-fee0.001,2019-12-26,87.8044,0.0,93700.0,1.726,161726.2,161814.0044,0.999457374531175,2876.5956,0.0,0
sz159915-H1_weekly_binary_hysteresis-fee0.001,2019-12-27,87.8044,0.0,93700.0,1.698,159102.6,159190.4044,0.9994484315789577,2876.5956,0.0,0
sz159915-H1_weekly_binary_hysteresis-fee0.001,2019-12-28,87.8044,0.0,93700.0,1.698,159102.6,159190.4044,0.9994484315789577,2876.5956,0.0,1
sz159915-H1_weekly_binary_hysteresis-fee0.001,2019-12-29,87.8044,0.0,93700.0,1.698,159102.6,159190.4044,0.9994484315789577,2876.5956,0.0,2
sz159915-H1_weekly_binary_hysteresis-fee0.001,2019-12-30,87.8044,0.0,93700.0,1.727,161819.9,161907.7044,0.999457688561978,2876.5956,0.0,0
sz159915-H1_weekly_binary_hysteresis-fee0.001,2019-12-31,87.8044,0.0,93700.0,1.73,162101.0,162188.8044,0.999458628477318,2876.5956,0.0,0
sz159915-H1_weekly_binary_hysteresis-fee0.001,2020-01-01,87.8044,0.0,93700.0,1.73,162101.0,162188.8044,0.999458628477318,2876.5956,0.0,1
sz159915-H1_weekly_binary_hysteresis-fee0.001,2020-01-02,87.8044,0.0,93700.0,1.765,165380.5,165468.3044,0.9994693581932903,2876.5956,0.0,0
sz159915-H1_weekly_binary_hysteresis-fee0.001,2020-01-03,87.8044,0.0,93700.0,1.764,165286.8,165374.6044,0.9994690575356563,2876.5956,0.0,0
sz159915-H1_weekly_binary_hysteresis-fee0.001,2020-01-04,87.8044,0.0,93700.0,1.764,165286.8,165374.6044,0.9994690575356563,2876.5956,0.0,1
sz159915-H1_weekly_binary_hysteresis-fee0.001,2020-01-05,87.8044,0.0,93700.0,1.764,165286.8,165374.6044,0.9994690575356563,2876.5956,0.0,2
sz159915-H1_weekly_binary_hysteresis-fee0.001,2020-01-06,164460.4672,0.0,0.0,1.788,0.0,164460.4672,0.0,3041.1328,0.0,0
sz159915-H1_weekly_binary_hysteresis-fee0.001,2020-01-07,164460.4672,0.0,0.0,1.822,0.0,164460.4672,0.0,3041.1328,0.0,0
sz159915-H1_weekly_binary_hysteresis-fee0.001,2020-01-08,164460.4672,0.0,0.0,1.792,0.0,164460.4672,0.0,3041.1328,0.0,0
sz159915-H1_weekly_binary_hysteresis-fee0.001,2020-01-09,164460.4672,0.0,0.0,1.839,0.0,164460.4672,0.0,3041.1328,0.0,0
sz159915-H1_weekly_binary_hysteresis-fee0.001,2020-01-10,164460.4672,0.0,0.0,1.831,0.0,164460.4672,0.0,3041.1328,0.0,0
sz159915-H1_weekly_binary_hysteresis-fee0.001,2020-01-11,164460.4672,0.0,0.0,1.831,0.0,164460.4672,0.0,3041.1328,0.0,1
sz159915-H1_weekly_binary_hysteresis-fee0.001,2020-01-12,164460.4672,0.0,0.0,1.831,0.0,164460.4672,0.0,3041.1328,0.0,2
sz159915-H1_weekly_binary_hysteresis-fee0.001,2020-01-13,164460.4672,0.0,0.0,1.862,0.0,164460.4672,0.0,3041.1328,0.0,0
sz159915-H1_weekly_binary_hysteresis-fee0.001,2020-01-14,164460.4672,0.0,0.0,1.85,0.0,164460.4672,0.0,3041.1328,0.0,0
sz159915-H1_weekly_binary_hysteresis-fee0.001,2020-01-15,164460.4672,0.0,0.0,1.847,0.0,164460.4672,0.0,3041.1328,0.0,0
sz159915-H1_weekly_binary_hysteresis-fee0.001,2020-01-16,164460.4672,0.0,0.0,1.856,0.0,164460.4672,0.0,3041.1328,0.0,0
sz159915-H1_weekly_binary_hysteresis-fee0.001,2020-01-17,164460.4672,0.0,0.0,1.858,0.0,164460.4672,0.0,3041.1328,0.0,0
sz159915-H1_weekly_binary_hysteresis-fee0.001,2020-01-18,164460.4672,0.0,0.0,1.858,0.0,164460.4672,0.0,3041.1328,0.0,1
sz159915-H1_weekly_binary_hysteresis-fee0.001,2020-01-19,164460.4672,0.0,0.0,1.858,0.0,164460.4672,0.0,3041.1328,0.0,2
sz159915-H1_weekly_binary_hysteresis-fee0.001,2020-01-20,164460.4672,0.0,0.0,1.905,0.0,164460.4672,0.0,3041.1328,0.0,0
sz159915-H1_weekly_binary_hysteresis-fee0.001,2020-01-21,164460.4672,0.0,0.0,1.892,0.0,164460.4672,0.0,3041.1328,0.0,0
sz159915-H1_weekly_binary_hysteresis-fee0.001,2020-01-22,164460.4672,0.0,0.0,1.918,0.0,164460.4672,0.0,3041.1328,0.0,0
sz159915-H1_weekly_binary_hysteresis-fee0.001,2020-01-23,164460.4672,0.0,0.0,1.853,0.0,164460.4672,0.0,3041.1328,0.0,0
sz159915-H1_weekly_binary_hysteresis-fee0.001,2020-01-24,164460.4672,0.0,0.0,1.853,0.0,164460.4672,0.0,3041.1328,0.0,1
sz159915-H1_weekly_binary_hysteresis-fee0.001,2020-01-25,164460.4672,0.0,0.0,1.853,0.0,164460.4672,0.0,3041.1328,0.0,2
sz159915-H1_weekly_binary_hysteresis-fee0.001,2020-01-26,164460.4672,0.0,0.0,1.853,0.0,164460.4672,0.0,3041.1328,0.0,3
sz159915-H1_weekly_binary_hysteresis-fee0.001,2020-01-27,164460.4672,0.0,0.0,1.853,0.0,164460.4672,0.0,3041.1328,0.0,4
sz159915-H1_weekly_binary_hysteresis-fee0.001,2020-01-28,164460.4672,0.0,0.0,1.853,0.0,164460.4672,0.0,3041.1328,0.0,5
sz159915-H1_weekly_binary_hysteresis-fee0.001,2020-01-29,164460.4672,0.0,0.0,1.853,0.0,164460.4672,0.0,3041.1328,0.0,6
sz159915-H1_weekly_binary_hysteresis-fee0.001,2020-01-30,164460.4672,0.0,0.0,1.853,0.0,164460.4672,0.0,3041.1328,0.0,7
sz159915-H1_weekly_binary_hysteresis-fee0.001,2020-01-31,164460.4672,0.0,0.0,1.853,0.0,164460.4672,0.0,3041.1328,0.0,8
sz159915-H1_weekly_binary_hysteresis-fee0.001,2020-02-01,164460.4672,0.0,0.0,1.853,0.0,164460.4672,0.0,3041.1328,0.0,9
sz159915-H1_weekly_binary_hysteresis-fee0.001,2020-02-02,164460.4672,0.0,0.0,1.853,0.0,164460.4672,0.0,3041.1328,0.0,10
sz159915-H1_weekly_binary_hysteresis-fee0.001,2020-02-03,164460.4672,0.0,0.0,1.708,0.0,164460.4672,0.0,3041.1328,0.0,0
sz159915-H1_weekly_binary_hysteresis-fee0.001,2020-02-04,164460.4672,0.0,0.0,1.816,0.0,164460.4672,0.0,3041.1328,0.0,0
sz159915-H1_weekly_binary_hysteresis-fee0.001,2020-02-05,164460.4672,0.0,0.0,1.871,0.0,164460.4672,0.0,3041.1328,0.0,0
sz159915-H1_weekly_binary_hysteresis-fee0.001,2020-02-06,164460.4672,0.0,0.0,1.93,0.0,164460.4672,0.0,3041.1328,0.0,0
sz159915-H1_weekly_binary_hysteresis-fee0.001,2020-02-07,164460.4672,0.0,0.0,1.94,0.0,164460.4672,0.0,3041.1328,0.0,0
sz159915-H1_weekly_binary_hysteresis-fee0.001,2020-02-08,164460.4672,0.0,0.0,1.94,0.0,164460.4672,0.0,3041.1328,0.0,1
sz159915-H1_weekly_binary_hysteresis-fee0.001,2020-02-09,164460.4672,0.0,0.0,1.94,0.0,164460.4672,0.0,3041.1328,0.0,2
sz159915-H1_weekly_binary_hysteresis-fee0.001,2020-02-10,147.7186,0.0,84700.0,1.961,166096.7,166244.4186,0.9991114372365462,3205.2814,0.0,0
sz159915-H1_weekly_binary_hysteresis-fee0.001,2020-02-11,147.7186,0.0,84700.0,1.947,164910.9,165058.6186,0.999105053699995,3205.2814,0.0,0
sz159915-H1_weekly_binary_hysteresis-fee0.001,2020-02-12,147.7186,0.0,84700.0,2.006,169908.2,170055.9186,0.9991313527855067,3205.2814,0.0,0
sz159915-H1_weekly_binary_hysteresis-fee0.001,2020-02-13,147.7186,0.0,84700.0,1.988,168383.6,168531.3186,0.9991234946642137,3205.2814,0.0,0
sz159915-H1_weekly_binary_hysteresis-fee0.001,2020-02-14,147.7186,0.0,84700.0,1.987,168298.9,168446.6186,0.9991230539311046,3205.2814,0.0,0
sz159915-H1_weekly_binary_hysteresis-fee0.001,2020-02-15,147.7186,0.0,84700.0,1.987,168298.9,168446.6186,0.9991230539311046,3205.2814,0.0,1
sz159915-H1_weekly_binary_hysteresis-fee0.001,2020-02-16,147.7186,0.0,84700.0,1.987,168298.9,168446.6186,0.9991230539311046,3205.2814,0.0,2
sz159915-H1_weekly_binary_hysteresis-fee0.001,2020-02-17,147.7186,0.0,84700.0,2.071,175413.7,175561.4186,0.9991585930372517,3205.2814,0.0,0
sz159915-H1_weekly_binary_hysteresis-fee0.001,2020-02-18,147.7186,0.0,84700.0,2.09,177023.0,177170.7186,0.9991662358138678,3205.2814,0.0,0
sz159915-H1_weekly_binary_hysteresis-fee0.001,2020-02-19,147.7186,0.0,84700.0,2.054,173973.8,174121.5186,0.9991516350122162,3205.2814,0.0,0
sz159915-H1_weekly_binary_hysteresis-fee0.001,2020-02-20,147.7186,0.0,84700.0,2.105,178293.5,178441.2186,0.9991721722079744,3205.2814,0.0,0
sz159915-H1_weekly_binary_hysteresis-fee0.001,2020-02-21,147.7186,0.0,84700.0,2.145,181681.5,181829.2186,0.9991875970147297,3205.2814,0.0,0
sz159915-H1_weekly_binary_hysteresis-fee0.001,2020-02-22,147.7186,0.0,84700.0,2.145,181681.5,181829.2186,0.9991875970147297,3205.2814,0.0,1
sz159915-H1_weekly_binary_hysteresis-fee0.001,2020-02-23,147.7186,0.0,84700.0,2.145,181681.5,181829.2186,0.9991875970147297,3205.2814,0.0,2
sz159915-H1_weekly_binary_hysteresis-fee0.001,2020-02-24,180970.6147,0.0,0.0,2.178,0.0,180970.6147,0.0,3386.2853,0.0,0
sz159915-H1_weekly_binary_hysteresis-fee0.001,2020-02-25,180970.6147,0.0,0.0,2.195,0.0,180970.6147,0.0,3386.2853,0.0,0
sz159915-H1_weekly_binary_hysteresis-fee0.001,2020-02-26,180970.6147,0.0,0.0,2.102,0.0,180970.6147,0.0,3386.2853,0.0,0
sz159915-H1_weekly_binary_hysteresis-fee0.001,2020-02-27,180970.6147,0.0,0.0,2.111,0.0,180970.6147,0.0,3386.2853,0.0,0
sz159915-H1_weekly_binary_hysteresis-fee0.001,2020-02-28,180970.6147,0.0,0.0,1.995,0.0,180970.6147,0.0,3386.2853,0.0,0
sz159915-H1_weekly_binary_hysteresis-fee0.001,2020-02-29,180970.6147,0.0,0.0,1.995,0.0,180970.6147,0.0,3386.2853,0.0,1
sz159915-H1_weekly_binary_hysteresis-fee0.001,2020-03-01,180970.6147,0.0,0.0,1.995,0.0,180970.6147,0.0,3386.2853,0.0,2
sz159915-H1_weekly_binary_hysteresis-fee0.001,2020-03-02,180970.6147,0.0,0.0,2.054,0.0,180970.6147,0.0,3386.2853,0.0,0
sz159915-H1_weekly_binary_hysteresis-fee0.001,2020-03-03,180970.6147,0.0,0.0,2.092,0.0,180970.6147,0.0,3386.2853,0.0,0
sz159915-H1_weekly_binary_hysteresis-fee0.001,2020-03-04,180970.6147,0.0,0.0,2.088,0.0,180970.6147,0.0,3386.2853,0.0,0
sz159915-H1_weekly_binary_hysteresis-fee0.001,2020-03-05,180970.6147,0.0,0.0,2.121,0.0,180970.6147,0.0,3386.2853,0.0,0
sz159915-H1_weekly_binary_hysteresis-fee0.001,2020-03-06,180970.6147,0.0,0.0,2.111,0.0,180970.6147,0.0,3386.2853,0.0,0
sz159915-H1_weekly_binary_hysteresis-fee0.001,2020-03-07,180970.6147,0.0,0.0,2.111,0.0,180970.6147,0.0,3386.2853,0.0,1
sz159915-H1_weekly_binary_hysteresis-fee0.001,2020-03-08,180970.6147,0.0,0.0,2.111,0.0,180970.6147,0.0,3386.2853,0.0,2
sz159915-H1_weekly_binary_hysteresis-fee0.001,2020-03-09,180970.6147,0.0,0.0,2.013,0.0,180970.6147,0.0,3386.2853,0.0,0
sz159915-H1_weekly_binary_hysteresis-fee0.001,2020-03-10,180970.6147,0.0,0.0,2.063,0.0,180970.6147,0.0,3386.2853,0.0,0
sz159915-H1_weekly_binary_hysteresis-fee0.001,2020-03-11,180970.6147,0.0,0.0,2.024,0.0,180970.6147,0.0,3386.2853,0.0,0
sz159915-H1_weekly_binary_hysteresis-fee0.001,2020-03-12,180970.6147,0.0,0.0,1.971,0.0,180970.6147,0.0,3386.2853,0.0,0
sz159915-H1_weekly_binary_hysteresis-fee0.001,2020-03-13,180970.6147,0.0,0.0,1.952,0.0,180970.6147,0.0,3386.2853,0.0,0
sz159915-H1_weekly_binary_hysteresis-fee0.001,2020-03-14,180970.6147,0.0,0.0,1.952,0.0,180970.6147,0.0,3386.2853,0.0,1
sz159915-H1_weekly_binary_hysteresis-fee0.001,2020-03-15,180970.6147,0.0,0.0,1.952,0.0,180970.6147,0.0,3386.2853,0.0,2
sz159915-H1_weekly_binary_hysteresis-fee0.001,2020-03-16,180970.6147,0.0,0.0,1.832,0.0,180970.6147,0.0,3386.2853,0.0,0
sz159915-H1_weekly_binary_hysteresis-fee0.001,2020-03-17,180970.6147,0.0,0.0,1.842,0.0,180970.6147,0.0,3386.2853,0.0,0
sz159915-H1_weekly_binary_hysteresis-fee0.001,2020-03-18,180970.6147,0.0,0.0,1.818,0.0,180970.6147,0.0,3386.2853,0.0,0
sz159915-H1_weekly_binary_hysteresis-fee0.001,2020-03-19,180970.6147,0.0,0.0,1.825,0.0,180970.6147,0.0,3386.2853,0.0,0
sz159915-H1_weekly_binary_hysteresis-fee0.001,2020-03-20,180970.6147,0.0,0.0,1.847,0.0,180970.6147,0.0,3386.2853,0.0,0
sz159915-H1_weekly_binary_hysteresis-fee0.001,2020-03-21,180970.6147,0.0,0.0,1.847,0.0,180970.6147,0.0,3386.2853,0.0,1
sz159915-H1_weekly_binary_hysteresis-fee0.001,2020-03-22,180970.6147,0.0,0.0,1.847,0.0,180970.6147,0.0,3386.2853,0.0,2
sz159915-H1_weekly_binary_hysteresis-fee0.001,2020-03-23,179.0037,0.0,100900.0,1.761,177684.9,177863.9037,0.9989935917503423,3566.8963,0.0,0
sz159915-H1_weekly_binary_hysteresis-fee0.001,2020-03-24,179.0037,0.0,100900.0,1.806,182225.4,182404.4037,0.9990186437587636,3566.8963,0.0,0
sz159915-H1_weekly_binary_hysteresis-fee0.001,2020-03-25,179.0037,0.0,100900.0,1.86,187674.0,187853.0037,0.9990471075975668,3566.8963,0.0,0
sz159915-H1_weekly_binary_hysteresis-fee0.001,2020-03-26,179.0037,0.0,100900.0,1.853,186967.7,187146.7037,0.999043511339174,3566.8963,0.0,0
sz159915-H1_weekly_binary_hysteresis-fee0.001,2020-03-27,179.0037,0.0,100900.0,1.83,184647.0,184826.0037,0.9990315015397371,3566.8963,0.0,0
sz159915-H1_weekly_binary_hysteresis-fee0.001,2020-03-28,179.0037,0.0,100900.0,1.83,184647.0,184826.0037,0.9990315015397371,3566.8963,0.0,1
sz159915-H1_weekly_binary_hysteresis-fee0.001,2020-03-29,179.0037,0.0,100900.0,1.83,184647.0,184826.0037,0.9990315015397371,3566.8963,0.0,2
sz159915-H1_weekly_binary_hysteresis-fee0.001,2020-03-30,179.0037,0.0,100900.0,1.791,180711.9,180890.9037,0.9990104328280826,3566.8963,0.0,0
sz159915-H1_weekly_binary_hysteresis-fee0.001,2020-03-31,179.0037,0.0,100900.0,1.795,181115.5,181294.5037,0.9990126358143973,3566.8963,0.0,0
sz159915-H1_weekly_binary_hysteresis-fee0.001,2020-04-01,179.0037,0.0,100900.0,1.792,180812.8,180991.8037,0.9990109844957581,3566.8963,0.0,0
sz159915-H1_weekly_binary_hysteresis-fee0.001,2020-04-02,179.0037,0.0,100900.0,1.844,186059.6,186238.6037,0.9990388474975449,3566.8963,0.0,0
sz159915-H1_weekly_binary_hysteresis-fee0.001,2020-04-03,179.0037,0.0,100900.0,1.834,185050.6,185229.6037,0.99903361181785,3566.8963,0.0,0
sz159915-H1_weekly_binary_hysteresis-fee0.001,2020-04-04,179.0037,0.0,100900.0,1.834,185050.6,185229.6037,0.99903361181785,3566.8963,0.0,1
sz159915-H1_weekly_binary_hysteresis-fee0.001,2020-04-05,179.0037,0.0,100900.0,1.834,185050.6,185229.6037,0.99903361181785,3566.8963,0.0,2
sz159915-H1_weekly_binary_hysteresis-fee0.001,2020-04-06,179.0037,0.0,100900.0,1.834,185050.6,185229.6037,0.99903361181785,3566.8963,0.0,3
sz159915-H1_weekly_binary_hysteresis-fee0.001,2020-04-07,179.0037,0.0,100900.0,1.894,191104.6,191283.6037,0.9990641973669592,3566.8963,0.0,0
sz159915-H1_weekly_binary_hysteresis-fee0.001,2020-04-08,179.0037,0.0,100900.0,1.89,190701.0,190880.0037,0.9990622186895944,3566.8963,0.0,0
sz159915-H1_weekly_binary_hysteresis-fee0.001,2020-04-09,179.0037,0.0,100900.0,1.921,193828.9,194007.9037,0.9990773381053754,3566.8963,0.0,0
sz159915-H1_weekly_binary_hysteresis-fee0.001,2020-04-10,179.0037,0.0,100900.0,1.877,189389.3,189568.3037,0.9990557298002556,3566.8963,0.0,0
sz159915-H1_weekly_binary_hysteresis-fee0.001,2020-04-11,179.0037,0.0,100900.0,1.877,189389.3,189568.3037,0.9990557298002556,3566.8963,0.0,1
sz159915-H1_weekly_binary_hysteresis-fee0.001,2020-04-12,179.0037,0.0,100900.0,1.877,189389.3,189568.3037,0.9990557298002556,3566.8963,0.0,2
sz159915-H1_weekly_binary_hysteresis-fee0.001,2020-04-13,179.0037,0.0,100900.0,1.853,186967.7,187146.7037,0.999043511339174,3566.8963,0.0,0
sz159915-H1_weekly_binary_hysteresis-fee0.001,2020-04-14,179.0037,0.0,100900.0,1.909,192618.1,192797.1037,0.9990715436250612,3566.8963,0.0,0
sz159915-H1_weekly_binary_hysteresis-fee0.001,2020-04-15,179.0037,0.0,100900.0,1.899,191609.1,191788.1037,0.9990666590025834,3566.8963,0.0,0
sz159915-H1_weekly_binary_hysteresis-fee0.001,2020-04-16,179.0037,0.0,100900.0,1.932,194938.8,195117.8037,0.999082586536925,3566.8963,0.0,0
sz159915-H1_weekly_binary_hysteresis-fee0.001,2020-04-17,179.0037,0.0,100900.0,1.943,196048.7,196227.7037,0.9990877755962855,3566.8963,0.0,0
sz159915-H1_weekly_binary_hysteresis-fee0.001,2020-04-18,179.0037,0.0,100900.0,1.943,196048.7,196227.7037,0.9990877755962855,3566.8963,0.0,1
sz159915-H1_weekly_binary_hysteresis-fee0.001,2020-04-19,179.0037,0.0,100900.0,1.943,196048.7,196227.7037,0.9990877755962855,3566.8963,0.0,2
sz159915-H1_weekly_binary_hysteresis-fee0.001,2020-04-20,179.0037,0.0,100900.0,1.969,198672.1,198851.1037,0.9990998103773663,3566.8963,0.0,0
sz159915-H1_weekly_binary_hysteresis-fee0.001,2020-04-21,179.0037,0.0,100900.0,1.949,196654.1,196833.1037,0.9990905813268441,3566.8963,0.0,0
sz159915-H1_weekly_binary_hysteresis-fee0.001,2020-04-22,179.0037,0.0,100900.0,1.967,198470.3,198649.3037,0.9990988959102,3566.8963,0.0,0
sz159915-H1_weekly_binary_hysteresis-fee0.001,2020-04-23,179.0037,0.0,100900.0,1.951,196855.9,197034.9037,0.9990915127389178,3566.8963,0.0,0
sz159915-H1_weekly_binary_hysteresis-fee0.001,2020-04-24,179.0037,0.0,100900.0,1.93,194737.0,194916.0037,0.9990816367224751,3566.8963,0.0,0
sz159915-H1_weekly_binary_hysteresis-fee0.001,2020-04-25,179.0037,0.0,100900.0,1.93,194737.0,194916.0037,0.9990816367224751,3566.8963,0.0,1
sz159915-H1_weekly_binary_hysteresis-fee0.001,2020-04-26,179.0037,0.0,100900.0,1.93,194737.0,194916.0037,0.9990816367224751,3566.8963,0.0,2
sz159915-H1_weekly_binary_hysteresis-fee0.001,2020-04-27,179.0037,0.0,100900.0,1.939,195645.1,195824.1037,0.9990858954714061,3566.8963,0.0,0
sz159915-H1_weekly_binary_hysteresis-fee0.001,2020-04-28,179.0037,0.0,100900.0,1.951,196855.9,197034.9037,0.9990915127389178,3566.8963,0.0,0
sz159915-H1_weekly_binary_hysteresis-fee0.001,2020-04-29,179.0037,0.0,100900.0,1.952,196956.8,197135.8037,0.9990919777298678,3566.8963,0.0,0
sz159915-H1_weekly_binary_hysteresis-fee0.001,2020-04-30,179.0037,0.0,100900.0,1.993,201093.7,201272.7037,0.9991106409527503,3566.8963,0.0,0
sz159915-H1_weekly_binary_hysteresis-fee0.001,2020-05-01,179.0037,0.0,100900.0,1.993,201093.7,201272.7037,0.9991106409527503,3566.8963,0.0,1
sz159915-H1_weekly_binary_hysteresis-fee0.001,2020-05-02,179.0037,0.0,100900.0,1.993,201093.7,201272.7037,0.9991106409527503,3566.8963,0.0,2
sz159915-H1_weekly_binary_hysteresis-fee0.001,2020-05-03,179.0037,0.0,100900.0,1.993,201093.7,201272.7037,0.9991106409527503,3566.8963,0.0,3
sz159915-H1_weekly_binary_hysteresis-fee0.001,2020-05-04,179.0037,0.0,100900.0,1.993,201093.7,201272.7037,0.9991106409527503,3566.8963,0.0,4
sz159915-H1_weekly_binary_hysteresis-fee0.001,2020-05-05,179.0037,0.0,100900.0,1.993,201093.7,201272.7037,0.9991106409527503,3566.8963,0.0,5
sz159915-H1_weekly_binary_hysteresis-fee0.001,2020-05-06,179.0037,0.0,100900.0,2.029,204726.1,204905.1037,0.9991264068255612,3566.8963,0.0,0
sz159915-H1_weekly_binary_hysteresis-fee0.001,2020-05-07,179.0037,0.0,100900.0,2.025,204322.5,204501.5037,0.9991246827198758,3566.8963,0.0,0
sz159915-H1_weekly_binary_hysteresis-fee0.001,2020-05-08,179.0037,0.0,100900.0,2.042,206037.8,206216.8037,0.9991319635607367,3566.8963,0.0,0
sz159915-H1_weekly_binary_hysteresis-fee0.001,2020-05-09,179.0037,0.0,100900.0,2.042,206037.8,206216.8037,0.9991319635607367,3566.8963,0.0,1
sz159915-H1_weekly_binary_hysteresis-fee0.001,2020-05-10,179.0037,0.0,100900.0,2.042,206037.8,206216.8037,0.9991319635607367,3566.8963,0.0,2
sz159915-H1_weekly_binary_hysteresis-fee0.001,2020-05-11,179.0037,0.0,100900.0,2.024,204221.6,204400.6037,0.9991242506295983,3566.8963,0.0,0
sz159915-H1_weekly_binary_hysteresis-fee0.001,2020-05-12,179.0037,0.0,100900.0,2.043,206138.7,206317.7037,0.9991323880753331,3566.8963,0.0,0
sz159915-H1_weekly_binary_hysteresis-fee0.001,2020-05-13,179.0037,0.0,100900.0,2.058,207652.2,207831.2037,0.9991387063308435,3566.8963,0.0,0
sz159915-H1_weekly_binary_hysteresis-fee0.001,2020-05-14,179.0037,0.0,100900.0,2.036,205432.4,205611.4037,0.9991294077236048,3566.8963,0.0,0
sz159915-H1_weekly_binary_hysteresis-fee0.001,2020-05-15,179.0037,0.0,100900.0,2.042,206037.8,206216.8037,0.9991319635607367,3566.8963,0.0,0
sz159915-H1_weekly_binary_hysteresis-fee0.001,2020-05-16,179.0037,0.0,100900.0,2.042,206037.8,206216.8037,0.9991319635607367,3566.8963,0.0,1
sz159915-H1_weekly_binary_hysteresis-fee0.001,2020-05-17,179.0037,0.0,100900.0,2.042,206037.8,206216.8037,0.9991319635607367,3566.8963,0.0,2
sz159915-H1_weekly_binary_hysteresis-fee0.001,2020-05-18,179.0037,0.0,100900.0,2.039,205735.1,205914.1037,0.99913068752075,3566.8963,0.0,0
sz159915-H1_weekly_binary_hysteresis-fee0.001,2020-05-19,179.0037,0.0,100900.0,2.061,207954.9,208133.9037,0.9991399589551829,3566.8963,0.0,0
sz159915-H1_weekly_binary_hysteresis-fee0.001,2020-05-20,179.0037,0.0,100900.0,2.041,205936.9,206115.9037,0.9991315386305147,3566.8963,0.0,0
sz159915-H1_weekly_binary_hysteresis-fee0.001,2020-05-21,179.0037,0.0,100900.0,2.02,203818.0,203997.0037,0.9991225179941209,3566.8963,0.0,0
sz159915-H1_weekly_binary_hysteresis-fee0.001,2020-05-22,179.0037,0.0,100900.0,1.972,198974.8,199153.8037,0.9991011786032987,3566.8963,0.0,0
sz159915-H1_weekly_binary_hysteresis-fee0.001,2020-05-23,179.0037,0.0,100900.0,1.972,198974.8,199153.8037,0.9991011786032987,3566.8963,0.0,1
sz159915-H1_weekly_binary_hysteresis-fee0.001,2020-05-24,179.0037,0.0,100900.0,1.972,198974.8,199153.8037,0.9991011786032987,3566.8963,0.0,2
sz159915-H1_weekly_binary_hysteresis-fee0.001,2020-05-25,179.0037,0.0,100900.0,1.975,199277.5,199456.5037,0.9991025426763259,3566.8963,0.0,0
sz159915-H1_weekly_binary_hysteresis-fee0.001,2020-05-26,179.0037,0.0,100900.0,2.038,205634.2,205813.2037,0.9991302613399823,3566.8963,0.0,0
sz159915-H1_weekly_binary_hysteresis-fee0.001,2020-05-27,179.0037,0.0,100900.0,1.997,201497.3,201676.3037,0.9991124207618052,3566.8963,0.0,0
sz159915-H1_weekly_binary_hysteresis-fee0.001,2020-05-28,179.0037,0.0,100900.0,1.982,199983.8,200162.8037,0.9991057094690365,3566.8963,0.0,0
sz159915-H1_weekly_binary_hysteresis-fee0.001,2020-05-29,179.0037,0.0,100900.0,2.006,202405.4,202584.4037,0.9991163994032577,3566.8963,0.0,0
sz159915-H1_weekly_binary_hysteresis-fee0.001,2020-05-30,179.0037,0.0,100900.0,2.006,202405.4,202584.4037,0.9991163994032577,3566.8963,0.0,1
sz159915-H1_weekly_binary_hysteresis-fee0.001,2020-05-31,179.0037,0.0,100900.0,2.006,202405.4,202584.4037,0.9991163994032577,3566.8963,0.0,2
sz159915-H1_weekly_binary_hysteresis-fee0.001,2020-06-01,179.0037,0.0,100900.0,2.082,210073.8,210252.8037,0.9991486263352977,3566.8963,0.0,0
sz159915-H1_weekly_binary_hysteresis-fee0.001,2020-06-02,179.0037,0.0,100900.0,2.067,208560.3,208739.3037,0.9991424533050217,3566.8963,0.0,0
sz159915-H1_weekly_binary_hysteresis-fee0.001,2020-06-03,179.0037,0.0,100900.0,2.06,207854.0,208033.0037,0.9991395418187676,3566.8963,0.0,0
sz159915-H1_weekly_binary_hysteresis-fee0.001,2020-06-04,179.0037,0.0,100900.0,2.073,209165.7,209344.7037,0.999144933228134,3566.8963,0.0,0
sz159915-H1_weekly_binary_hysteresis-fee0.001,2020-06-05,179.0037,0.0,100900.0,2.087,210578.3,210757.3037,0.9991506643098129,3566.8963,0.0,0
sz159915-H1_weekly_binary_hysteresis-fee0.001,2020-06-06,179.0037,0.0,100900.0,2.087,210578.3,210757.3037,0.9991506643098129,3566.8963,0.0,1
sz159915-H1_weekly_binary_hysteresis-fee0.001,2020-06-07,179.0037,0.0,100900.0,2.087,210578.3,210757.3037,0.9991506643098129,3566.8963,0.0,2
sz159915-H1_weekly_binary_hysteresis-fee0.001,2020-06-08,211957.9128,0.0,0.0,2.073,0.0,211957.9128,0.0,3778.8872,0.0,0
sz159915-H1_weekly_binary_hysteresis-fee0.001,2020-06-09,211957.9128,0.0,0.0,2.102,0.0,211957.9128,0.0,3778.8872,0.0,0
sz159915-H1_weekly_binary_hysteresis-fee0.001,2020-06-10,211957.9128,0.0,0.0,2.122,0.0,211957.9128,0.0,3778.8872,0.0,0
sz159915-H1_weekly_binary_hysteresis-fee0.001,2020-06-11,211957.9128,0.0,0.0,2.119,0.0,211957.9128,0.0,3778.8872,0.0,0
sz159915-H1_weekly_binary_hysteresis-fee0.001,2020-06-12,211957.9128,0.0,0.0,2.141,0.0,211957.9128,0.0,3778.8872,0.0,0
sz159915-H1_weekly_binary_hysteresis-fee0.001,2020-06-13,211957.9128,0.0,0.0,2.141,0.0,211957.9128,0.0,3778.8872,0.0,1
sz159915-H1_weekly_binary_hysteresis-fee0.001,2020-06-14,211957.9128,0.0,0.0,2.141,0.0,211957.9128,0.0,3778.8872,0.0,2
sz159915-H1_weekly_binary_hysteresis-fee0.001,2020-06-15,211957.9128,0.0,0.0,2.141,0.0,211957.9128,0.0,3778.8872,0.0,0
sz159915-H1_weekly_binary_hysteresis-fee0.001,2020-06-16,211957.9128,0.0,0.0,2.183,0.0,211957.9128,0.0,3778.8872,0.0,0
sz159915-H1_weekly_binary_hysteresis-fee0.001,2020-06-17,211957.9128,0.0,0.0,2.188,0.0,211957.9128,0.0,3778.8872,0.0,0
sz159915-H1_weekly_binary_hysteresis-fee0.001,2020-06-18,211957.9128,0.0,0.0,2.194,0.0,211957.9128,0.0,3778.8872,0.0,0
sz159915-H1_weekly_binary_hysteresis-fee0.001,2020-06-19,211957.9128,0.0,0.0,2.238,0.0,211957.9128,0.0,3778.8872,0.0,0
sz159915-H1_weekly_binary_hysteresis-fee0.001,2020-06-20,211957.9128,0.0,0.0,2.238,0.0,211957.9128,0.0,3778.8872,0.0,1
sz159915-H1_weekly_binary_hysteresis-fee0.001,2020-06-21,211957.9128,0.0,0.0,2.238,0.0,211957.9128,0.0,3778.8872,0.0,2
sz159915-H1_weekly_binary_hysteresis-fee0.001,2020-06-22,211957.9128,0.0,0.0,2.263,0.0,211957.9128,0.0,3778.8872,0.0,0
sz159915-H1_weekly_binary_hysteresis-fee0.001,2020-06-23,211957.9128,0.0,0.0,2.307,0.0,211957.9128,0.0,3778.8872,0.0,0
sz159915-H1_weekly_binary_hysteresis-fee0.001,2020-06-24,211957.9128,0.0,0.0,2.307,0.0,211957.9128,0.0,3778.8872,0.0,0
sz159915-H1_weekly_binary_hysteresis-fee0.001,2020-06-25,211957.9128,0.0,0.0,2.307,0.0,211957.9128,0.0,3778.8872,0.0,1
sz159915-H1_weekly_binary_hysteresis-fee0.001,2020-06-26,211957.9128,0.0,0.0,2.307,0.0,211957.9128,0.0,3778.8872,0.0,2
sz159915-H1_weekly_binary_hysteresis-fee0.001,2020-06-27,211957.9128,0.0,0.0,2.307,0.0,211957.9128,0.0,3778.8872,0.0,3
sz159915-H1_weekly_binary_hysteresis-fee0.001,2020-06-28,211957.9128,0.0,0.0,2.307,0.0,211957.9128,0.0,3778.8872,0.0,4
sz159915-H1_weekly_binary_hysteresis-fee0.001,2020-06-29,211957.9128,0.0,0.0,2.295,0.0,211957.9128,0.0,3778.8872,0.0,0
sz159915-H1_weekly_binary_hysteresis-fee0.001,2020-06-30,211957.9128,0.0,0.0,2.359,0.0,211957.9128,0.0,3778.8872,0.0,0
sz159915-H1_weekly_binary_hysteresis-fee0.001,2020-07-01,211957.9128,0.0,0.0,2.342,0.0,211957.9128,0.0,3778.8872,0.0,0
sz159915-H1_weekly_binary_hysteresis-fee0.001,2020-07-02,211957.9128,0.0,0.0,2.35,0.0,211957.9128,0.0,3778.8872,0.0,0
sz159915-H1_weekly_binary_hysteresis-fee0.001,2020-07-03,211957.9128,0.0,0.0,2.38,0.0,211957.9128,0.0,3778.8872,0.0,0
sz159915-H1_weekly_binary_hysteresis-fee0.001,2020-07-04,211957.9128,0.0,0.0,2.38,0.0,211957.9128,0.0,3778.8872,0.0,1
sz159915-H1_weekly_binary_hysteresis-fee0.001,2020-07-05,211957.9128,0.0,0.0,2.38,0.0,211957.9128,0.0,3778.8872,0.0,2
sz159915-H1_weekly_binary_hysteresis-fee0.001,2020-07-06,211957.9128,0.0,0.0,2.45,0.0,211957.9128,0.0,3778.8872,0.0,0
sz159915-H1_weekly_binary_hysteresis-fee0.001,2020-07-07,211957.9128,0.0,0.0,2.503,0.0,211957.9128,0.0,3778.8872,0.0,0
sz159915-H1_weekly_binary_hysteresis-fee0.001,2020-07-08,211957.9128,0.0,0.0,2.574,0.0,211957.9128,0.0,3778.8872,0.0,0
sz159915-H1_weekly_binary_hysteresis-fee0.001,2020-07-09,211957.9128,0.0,0.0,2.674,0.0,211957.9128,0.0,3778.8872,0.0,0
sz159915-H1_weekly_binary_hysteresis-fee0.001,2020-07-10,211957.9128,0.0,0.0,2.685,0.0,211957.9128,0.0,3778.8872,0.0,0
sz159915-H1_weekly_binary_hysteresis-fee0.001,2020-07-11,211957.9128,0.0,0.0,2.685,0.0,211957.9128,0.0,3778.8872,0.0,1
sz159915-H1_weekly_binary_hysteresis-fee0.001,2020-07-12,211957.9128,0.0,0.0,2.685,0.0,211957.9128,0.0,3778.8872,0.0,2
sz159915-H1_weekly_binary_hysteresis-fee0.001,2020-07-13,211957.9128,0.0,0.0,2.802,0.0,211957.9128,0.0,3778.8872,0.0,0
sz159915-H1_weekly_binary_hysteresis-fee0.001,2020-07-14,211957.9128,0.0,0.0,2.767,0.0,211957.9128,0.0,3778.8872,0.0,0
sz159915-H1_weekly_binary_hysteresis-fee0.001,2020-07-15,211957.9128,0.0,0.0,2.722,0.0,211957.9128,0.0,3778.8872,0.0,0
sz159915-H1_weekly_binary_hysteresis-fee0.001,2020-07-16,211957.9128,0.0,0.0,2.558,0.0,211957.9128,0.0,3778.8872,0.0,0
sz159915-H1_weekly_binary_hysteresis-fee0.001,2020-07-17,211957.9128,0.0,0.0,2.583,0.0,211957.9128,0.0,3778.8872,0.0,0
sz159915-H1_weekly_binary_hysteresis-fee0.001,2020-07-18,211957.9128,0.0,0.0,2.583,0.0,211957.9128,0.0,3778.8872,0.0,1
sz159915-H1_weekly_binary_hysteresis-fee0.001,2020-07-19,211957.9128,0.0,0.0,2.583,0.0,211957.9128,0.0,3778.8872,0.0,2
sz159915-H1_weekly_binary_hysteresis-fee0.001,2020-07-20,211957.9128,0.0,0.0,2.611,0.0,211957.9128,0.0,3778.8872,0.0,0
sz159915-H1_weekly_binary_hysteresis-fee0.001,2020-07-21,211957.9128,0.0,0.0,2.643,0.0,211957.9128,0.0,3778.8872,0.0,0
sz159915-H1_weekly_binary_hysteresis-fee0.001,2020-07-22,211957.9128,0.0,0.0,2.678,0.0,211957.9128,0.0,3778.8872,0.0,0
sz159915-H1_weekly_binary_hysteresis-fee0.001,2020-07-23,211957.9128,0.0,0.0,2.706,0.0,211957.9128,0.0,3778.8872,0.0,0
sz159915-H1_weekly_binary_hysteresis-fee0.001,2020-07-24,211957.9128,0.0,0.0,2.537,0.0,211957.9128,0.0,3778.8872,0.0,0
sz159915-H1_weekly_binary_hysteresis-fee0.001,2020-07-25,211957.9128,0.0,0.0,2.537,0.0,211957.9128,0.0,3778.8872,0.0,1
sz159915-H1_weekly_binary_hysteresis-fee0.001,2020-07-26,211957.9128,0.0,0.0,2.537,0.0,211957.9128,0.0,3778.8872,0.0,2
sz159915-H1_weekly_binary_hysteresis-fee0.001,2020-07-27,211957.9128,0.0,0.0,2.54,0.0,211957.9128,0.0,3778.8872,0.0,0
sz159915-H1_weekly_binary_hysteresis-fee0.001,2020-07-28,211957.9128,0.0,0.0,2.573,0.0,211957.9128,0.0,3778.8872,0.0,0
sz159915-H1_weekly_binary_hysteresis-fee0.001,2020-07-29,211957.9128,0.0,0.0,2.68,0.0,211957.9128,0.0,3778.8872,0.0,0
sz159915-H1_weekly_binary_hysteresis-fee0.001,2020-07-30,211957.9128,0.0,0.0,2.652,0.0,211957.9128,0.0,3778.8872,0.0,0
sz159915-H1_weekly_binary_hysteresis-fee0.001,2020-07-31,211957.9128,0.0,0.0,2.708,0.0,211957.9128,0.0,3778.8872,0.0,0
sz159915-H1_weekly_binary_hysteresis-fee0.001,2020-08-01,211957.9128,0.0,0.0,2.708,0.0,211957.9128,0.0,3778.8872,0.0,1
sz159915-H1_weekly_binary_hysteresis-fee0.001,2020-08-02,211957.9128,0.0,0.0,2.708,0.0,211957.9128,0.0,3778.8872,0.0,2
sz159915-H1_weekly_binary_hysteresis-fee0.001,2020-08-03,211957.9128,0.0,0.0,2.774,0.0,211957.9128,0.0,3778.8872,0.0,0
sz159915-H1_weekly_binary_hysteresis-fee0.001,2020-08-04,211957.9128,0.0,0.0,2.738,0.0,211957.9128,0.0,3778.8872,0.0,0
sz159915-H1_weekly_binary_hysteresis-fee0.001,2020-08-05,211957.9128,0.0,0.0,2.763,0.0,211957.9128,0.0,3778.8872,0.0,0
sz159915-H1_weekly_binary_hysteresis-fee0.001,2020-08-06,211957.9128,0.0,0.0,2.719,0.0,211957.9128,0.0,3778.8872,0.0,0
sz159915-H1_weekly_binary_hysteresis-fee0.001,2020-08-07,211957.9128,0.0,0.0,2.657,0.0,211957.9128,0.0,3778.8872,0.0,0
sz159915-H1_weekly_binary_hysteresis-fee0.001,2020-08-08,211957.9128,0.0,0.0,2.657,0.0,211957.9128,0.0,3778.8872,0.0,1
sz159915-H1_weekly_binary_hysteresis-fee0.001,2020-08-09,211957.9128,0.0,0.0,2.657,0.0,211957.9128,0.0,3778.8872,0.0,2
sz159915-H1_weekly_binary_hysteresis-fee0.001,2020-08-10,211957.9128,0.0,0.0,2.641,0.0,211957.9128,0.0,3778.8872,0.0,0
sz159915-H1_weekly_binary_hysteresis-fee0.001,2020-08-11,211957.9128,0.0,0.0,2.6,0.0,211957.9128,0.0,3778.8872,0.0,0
sz159915-H1_weekly_binary_hysteresis-fee0.001,2020-08-12,211957.9128,0.0,0.0,2.548,0.0,211957.9128,0.0,3778.8872,0.0,0
sz159915-H1_weekly_binary_hysteresis-fee0.001,2020-08-13,211957.9128,0.0,0.0,2.535,0.0,211957.9128,0.0,3778.8872,0.0,0
sz159915-H1_weekly_binary_hysteresis-fee0.001,2020-08-14,211957.9128,0.0,0.0,2.579,0.0,211957.9128,0.0,3778.8872,0.0,0
sz159915-H1_weekly_binary_hysteresis-fee0.001,2020-08-15,211957.9128,0.0,0.0,2.579,0.0,211957.9128,0.0,3778.8872,0.0,1
sz159915-H1_weekly_binary_hysteresis-fee0.001,2020-08-16,211957.9128,0.0,0.0,2.579,0.0,211957.9128,0.0,3778.8872,0.0,2
sz159915-H1_weekly_binary_hysteresis-fee0.001,2020-08-17,211957.9128,0.0,0.0,2.607,0.0,211957.9128,0.0,3778.8872,0.0,0
sz159915-H1_weekly_binary_hysteresis-fee0.001,2020-08-18,211957.9128,0.0,0.0,2.605,0.0,211957.9128,0.0,3778.8872,0.0,0
sz159915-H1_weekly_binary_hysteresis-fee0.001,2020-08-19,211957.9128,0.0,0.0,2.524,0.0,211957.9128,0.0,3778.8872,0.0,0
sz159915-H1_weekly_binary_hysteresis-fee0.001,2020-08-20,211957.9128,0.0,0.0,2.503,0.0,211957.9128,0.0,3778.8872,0.0,0
sz159915-H1_weekly_binary_hysteresis-fee0.001,2020-08-21,211957.9128,0.0,0.0,2.546,0.0,211957.9128,0.0,3778.8872,0.0,0
sz159915-H1_weekly_binary_hysteresis-fee0.001,2020-08-22,211957.9128,0.0,0.0,2.546,0.0,211957.9128,0.0,3778.8872,0.0,1
sz159915-H1_weekly_binary_hysteresis-fee0.001,2020-08-23,211957.9128,0.0,0.0,2.546,0.0,211957.9128,0.0,3778.8872,0.0,2
sz159915-H1_weekly_binary_hysteresis-fee0.001,2020-08-24,211957.9128,0.0,0.0,2.597,0.0,211957.9128,0.0,3778.8872,0.0,0
sz159915-H1_weekly_binary_hysteresis-fee0.001,2020-08-25,211957.9128,0.0,0.0,2.611,0.0,211957.9128,0.0,3778.8872,0.0,0
sz159915-H1_weekly_binary_hysteresis-fee0.001,2020-08-26,211957.9128,0.0,0.0,2.551,0.0,211957.9128,0.0,3778.8872,0.0,0
sz159915-H1_weekly_binary_hysteresis-fee0.001,2020-08-27,211957.9128,0.0,0.0,2.602,0.0,211957.9128,0.0,3778.8872,0.0,0
sz159915-H1_weekly_binary_hysteresis-fee0.001,2020-08-28,211957.9128,0.0,0.0,2.666,0.0,211957.9128,0.0,3778.8872,0.0,0
sz159915-H1_weekly_binary_hysteresis-fee0.001,2020-08-29,211957.9128,0.0,0.0,2.666,0.0,211957.9128,0.0,3778.8872,0.0,1
sz159915-H1_weekly_binary_hysteresis-fee0.001,2020-08-30,211957.9128,0.0,0.0,2.666,0.0,211957.9128,0.0,3778.8872,0.0,2
sz159915-H1_weekly_binary_hysteresis-fee0.001,2020-08-31,211957.9128,0.0,0.0,2.637,0.0,211957.9128,0.0,3778.8872,0.0,0
sz159915-H1_weekly_binary_hysteresis-fee0.001,2020-09-01,211957.9128,0.0,0.0,2.658,0.0,211957.9128,0.0,3778.8872,0.0,0
sz159915-H1_weekly_binary_hysteresis-fee0.001,2020-09-02,211957.9128,0.0,0.0,2.676,0.0,211957.9128,0.0,3778.8872,0.0,0
sz159915-H1_weekly_binary_hysteresis-fee0.001,2020-09-03,211957.9128,0.0,0.0,2.653,0.0,211957.9128,0.0,3778.8872,0.0,0
sz159915-H1_weekly_binary_hysteresis-fee0.001,2020-09-04,211957.9128,0.0,0.0,2.638,0.0,211957.9128,0.0,3778.8872,0.0,0
sz159915-H1_weekly_binary_hysteresis-fee0.001,2020-09-05,211957.9128,0.0,0.0,2.638,0.0,211957.9128,0.0,3778.8872,0.0,1
sz159915-H1_weekly_binary_hysteresis-fee0.001,2020-09-06,211957.9128,0.0,0.0,2.638,0.0,211957.9128,0.0,3778.8872,0.0,2
sz159915-H1_weekly_binary_hysteresis-fee0.001,2020-09-07,211957.9128,0.0,0.0,2.549,0.0,211957.9128,0.0,3778.8872,0.0,0
sz159915-H1_weekly_binary_hysteresis-fee0.001,2020-09-08,211957.9128,0.0,0.0,2.564,0.0,211957.9128,0.0,3778.8872,0.0,0
sz159915-H1_weekly_binary_hysteresis-fee0.001,2020-09-09,211957.9128,0.0,0.0,2.44,0.0,211957.9128,0.0,3778.8872,0.0,0
sz159915-H1_weekly_binary_hysteresis-fee0.001,2020-09-10,211957.9128,0.0,0.0,2.403,0.0,211957.9128,0.0,3778.8872,0.0,0
sz159915-H1_weekly_binary_hysteresis-fee0.001,2020-09-11,211957.9128,0.0,0.0,2.449,0.0,211957.9128,0.0,3778.8872,0.0,0
sz159915-H1_weekly_binary_hysteresis-fee0.001,2020-09-12,211957.9128,0.0,0.0,2.449,0.0,211957.9128,0.0,3778.8872,0.0,1
sz159915-H1_weekly_binary_hysteresis-fee0.001,2020-09-13,211957.9128,0.0,0.0,2.449,0.0,211957.9128,0.0,3778.8872,0.0,2
sz159915-H1_weekly_binary_hysteresis-fee0.001,2020-09-14,211957.9128,0.0,0.0,2.484,0.0,211957.9128,0.0,3778.8872,0.0,0
sz159915-H1_weekly_binary_hysteresis-fee0.001,2020-09-15,211957.9128,0.0,0.0,2.504,0.0,211957.9128,0.0,3778.8872,0.0,0
sz159915-H1_weekly_binary_hysteresis-fee0.001,2020-09-16,211957.9128,0.0,0.0,2.47,0.0,211957.9128,0.0,3778.8872,0.0,0
sz159915-H1_weekly_binary_hysteresis-fee0.001,2020-09-17,211957.9128,0.0,0.0,2.467,0.0,211957.9128,0.0,3778.8872,0.0,0
sz159915-H1_weekly_binary_hysteresis-fee0.001,2020-09-18,211957.9128,0.0,0.0,2.513,0.0,211957.9128,0.0,3778.8872,0.0,0
sz159915-H1_weekly_binary_hysteresis-fee0.001,2020-09-19,211957.9128,0.0,0.0,2.513,0.0,211957.9128,0.0,3778.8872,0.0,1
sz159915-H1_weekly_binary_hysteresis-fee0.001,2020-09-20,211957.9128,0.0,0.0,2.513,0.0,211957.9128,0.0,3778.8872,0.0,2
sz159915-H1_weekly_binary_hysteresis-fee0.001,2020-09-21,211957.9128,0.0,0.0,2.48,0.0,211957.9128,0.0,3778.8872,0.0,0
sz159915-H1_weekly_binary_hysteresis-fee0.001,2020-09-22,211957.9128,0.0,0.0,2.469,0.0,211957.9128,0.0,3778.8872,0.0,0
sz159915-H1_weekly_binary_hysteresis-fee0.001,2020-09-23,211957.9128,0.0,0.0,2.508,0.0,211957.9128,0.0,3778.8872,0.0,0
sz159915-H1_weekly_binary_hysteresis-fee0.001,2020-09-24,211957.9128,0.0,0.0,2.454,0.0,211957.9128,0.0,3778.8872,0.0,0
sz159915-H1_weekly_binary_hysteresis-fee0.001,2020-09-25,211957.9128,0.0,0.0,2.457,0.0,211957.9128,0.0,3778.8872,0.0,0
sz159915-H1_weekly_binary_hysteresis-fee0.001,2020-09-26,211957.9128,0.0,0.0,2.457,0.0,211957.9128,0.0,3778.8872,0.0,1
sz159915-H1_weekly_binary_hysteresis-fee0.001,2020-09-27,211957.9128,0.0,0.0,2.457,0.0,211957.9128,0.0,3778.8872,0.0,2
sz159915-H1_weekly_binary_hysteresis-fee0.001,2020-09-28,211957.9128,0.0,0.0,2.434,0.0,211957.9128,0.0,3778.8872,0.0,0
sz159915-H1_weekly_binary_hysteresis-fee0.001,2020-09-29,211957.9128,0.0,0.0,2.479,0.0,211957.9128,0.0,3778.8872,0.0,0
sz159915-H1_weekly_binary_hysteresis-fee0.001,2020-09-30,211957.9128,0.0,0.0,2.489,0.0,211957.9128,0.0,3778.8872,0.0,0
sz159915-H1_weekly_binary_hysteresis-fee0.001,2020-10-01,211957.9128,0.0,0.0,2.489,0.0,211957.9128,0.0,3778.8872,0.0,1
sz159915-H1_weekly_binary_hysteresis-fee0.001,2020-10-02,211957.9128,0.0,0.0,2.489,0.0,211957.9128,0.0,3778.8872,0.0,2
sz159915-H1_weekly_binary_hysteresis-fee0.001,2020-10-03,211957.9128,0.0,0.0,2.489,0.0,211957.9128,0.0,3778.8872,0.0,3
sz159915-H1_weekly_binary_hysteresis-fee0.001,2020-10-04,211957.9128,0.0,0.0,2.489,0.0,211957.9128,0.0,3778.8872,0.0,4
sz159915-H1_weekly_binary_hysteresis-fee0.001,2020-10-05,211957.9128,0.0,0.0,2.489,0.0,211957.9128,0.0,3778.8872,0.0,5
sz159915-H1_weekly_binary_hysteresis-fee0.001,2020-10-06,211957.9128,0.0,0.0,2.489,0.0,211957.9128,0.0,3778.8872,0.0,6
sz159915-H1_weekly_binary_hysteresis-fee0.001,2020-10-07,211957.9128,0.0,0.0,2.489,0.0,211957.9128,0.0,3778.8872,0.0,7
sz159915-H1_weekly_binary_hysteresis-fee0.001,2020-10-08,211957.9128,0.0,0.0,2.489,0.0,211957.9128,0.0,3778.8872,0.0,8
sz159915-H1_weekly_binary_hysteresis-fee0.001,2020-10-09,211957.9128,0.0,0.0,2.581,0.0,211957.9128,0.0,3778.8872,0.0,0
sz159915-H1_weekly_binary_hysteresis-fee0.001,2020-10-10,211957.9128,0.0,0.0,2.581,0.0,211957.9128,0.0,3778.8872,0.0,1
sz159915-H1_weekly_binary_hysteresis-fee0.001,2020-10-11,211957.9128,0.0,0.0,2.581,0.0,211957.9128,0.0,3778.8872,0.0,2
sz159915-H1_weekly_binary_hysteresis-fee0.001,2020-10-12,211957.9128,0.0,0.0,2.683,0.0,211957.9128,0.0,3778.8872,0.0,0
sz159915-H1_weekly_binary_hysteresis-fee0.001,2020-10-13,211957.9128,0.0,0.0,2.688,0.0,211957.9128,0.0,3778.8872,0.0,0
sz159915-H1_weekly_binary_hysteresis-fee0.001,2020-10-14,211957.9128,0.0,0.0,2.668,0.0,211957.9128,0.0,3778.8872,0.0,0
sz159915-H1_weekly_binary_hysteresis-fee0.001,2020-10-15,211957.9128,0.0,0.0,2.65,0.0,211957.9128,0.0,3778.8872,0.0,0
sz159915-H1_weekly_binary_hysteresis-fee0.001,2020-10-16,211957.9128,0.0,0.0,2.634,0.0,211957.9128,0.0,3778.8872,0.0,0
sz159915-H1_weekly_binary_hysteresis-fee0.001,2020-10-17,211957.9128,0.0,0.0,2.634,0.0,211957.9128,0.0,3778.8872,0.0,1
sz159915-H1_weekly_binary_hysteresis-fee0.001,2020-10-18,211957.9128,0.0,0.0,2.634,0.0,211957.9128,0.0,3778.8872,0.0,2
sz159915-H1_weekly_binary_hysteresis-fee0.001,2020-10-19,211957.9128,0.0,0.0,2.6,0.0,211957.9128,0.0,3778.8872,0.0,0
sz159915-H1_weekly_binary_hysteresis-fee0.001,2020-10-20,211957.9128,0.0,0.0,2.645,0.0,211957.9128,0.0,3778.8872,0.0,0
sz159915-H1_weekly_binary_hysteresis-fee0.001,2020-10-21,211957.9128,0.0,0.0,2.612,0.0,211957.9128,0.0,3778.8872,0.0,0
sz159915-H1_weekly_binary_hysteresis-fee0.001,2020-10-22,211957.9128,0.0,0.0,2.582,0.0,211957.9128,0.0,3778.8872,0.0,0
sz159915-H1_weekly_binary_hysteresis-fee0.001,2020-10-23,211957.9128,0.0,0.0,2.516,0.0,211957.9128,0.0,3778.8872,0.0,0
sz159915-H1_weekly_binary_hysteresis-fee0.001,2020-10-24,211957.9128,0.0,0.0,2.516,0.0,211957.9128,0.0,3778.8872,0.0,1
sz159915-H1_weekly_binary_hysteresis-fee0.001,2020-10-25,211957.9128,0.0,0.0,2.516,0.0,211957.9128,0.0,3778.8872,0.0,2
sz159915-H1_weekly_binary_hysteresis-fee0.001,2020-10-26,211957.9128,0.0,0.0,2.533,0.0,211957.9128,0.0,3778.8872,0.0,0
sz159915-H1_weekly_binary_hysteresis-fee0.001,2020-10-27,211957.9128,0.0,0.0,2.56,0.0,211957.9128,0.0,3778.8872,0.0,0
sz159915-H1_weekly_binary_hysteresis-fee0.001,2020-10-28,211957.9128,0.0,0.0,2.577,0.0,211957.9128,0.0,3778.8872,0.0,0
sz159915-H1_weekly_binary_hysteresis-fee0.001,2020-10-29,211957.9128,0.0,0.0,2.607,0.0,211957.9128,0.0,3778.8872,0.0,0
sz159915-H1_weekly_binary_hysteresis-fee0.001,2020-10-30,211957.9128,0.0,0.0,2.563,0.0,211957.9128,0.0,3778.8872,0.0,0
sz159915-H1_weekly_binary_hysteresis-fee0.001,2020-10-31,211957.9128,0.0,0.0,2.563,0.0,211957.9128,0.0,3778.8872,0.0,1
sz159915-H1_weekly_binary_hysteresis-fee0.001,2020-11-01,211957.9128,0.0,0.0,2.563,0.0,211957.9128,0.0,3778.8872,0.0,2
sz159915-H1_weekly_binary_hysteresis-fee0.001,2020-11-02,211957.9128,0.0,0.0,2.617,0.0,211957.9128,0.0,3778.8872,0.0,0
sz159915-H1_weekly_binary_hysteresis-fee0.001,2020-11-03,211957.9128,0.0,0.0,2.649,0.0,211957.9128,0.0,3778.8872,0.0,0
sz159915-H1_weekly_binary_hysteresis-fee0.001,2020-11-04,211957.9128,0.0,0.0,2.658,0.0,211957.9128,0.0,3778.8872,0.0,0
sz159915-H1_weekly_binary_hysteresis-fee0.001,2020-11-05,211957.9128,0.0,0.0,2.69,0.0,211957.9128,0.0,3778.8872,0.0,0
sz159915-H1_weekly_binary_hysteresis-fee0.001,2020-11-06,211957.9128,0.0,0.0,2.637,0.0,211957.9128,0.0,3778.8872,0.0,0
sz159915-H1_weekly_binary_hysteresis-fee0.001,2020-11-07,211957.9128,0.0,0.0,2.637,0.0,211957.9128,0.0,3778.8872,0.0,1
sz159915-H1_weekly_binary_hysteresis-fee0.001,2020-11-08,211957.9128,0.0,0.0,2.637,0.0,211957.9128,0.0,3778.8872,0.0,2
sz159915-H1_weekly_binary_hysteresis-fee0.001,2020-11-09,211957.9128,0.0,0.0,2.719,0.0,211957.9128,0.0,3778.8872,0.0,0
sz159915-H1_weekly_binary_hysteresis-fee0.001,2020-11-10,211957.9128,0.0,0.0,2.674,0.0,211957.9128,0.0,3778.8872,0.0,0
sz159915-H1_weekly_binary_hysteresis-fee0.001,2020-11-11,211957.9128,0.0,0.0,2.595,0.0,211957.9128,0.0,3778.8872,0.0,0
sz159915-H1_weekly_binary_hysteresis-fee0.001,2020-11-12,211957.9128,0.0,0.0,2.607,0.0,211957.9128,0.0,3778.8872,0.0,0
sz159915-H1_weekly_binary_hysteresis-fee0.001,2020-11-13,211957.9128,0.0,0.0,2.619,0.0,211957.9128,0.0,3778.8872,0.0,0
sz159915-H1_weekly_binary_hysteresis-fee0.001,2020-11-14,211957.9128,0.0,0.0,2.619,0.0,211957.9128,0.0,3778.8872,0.0,1
sz159915-H1_weekly_binary_hysteresis-fee0.001,2020-11-15,211957.9128,0.0,0.0,2.619,0.0,211957.9128,0.0,3778.8872,0.0,2
sz159915-H1_weekly_binary_hysteresis-fee0.001,2020-11-16,211957.9128,0.0,0.0,2.62,0.0,211957.9128,0.0,3778.8872,0.0,0
sz159915-H1_weekly_binary_hysteresis-fee0.001,2020-11-17,211957.9128,0.0,0.0,2.572,0.0,211957.9128,0.0,3778.8872,0.0,0
sz159915-H1_weekly_binary_hysteresis-fee0.001,2020-11-18,211957.9128,0.0,0.0,2.534,0.0,211957.9128,0.0,3778.8872,0.0,0
sz159915-H1_weekly_binary_hysteresis-fee0.001,2020-11-19,211957.9128,0.0,0.0,2.556,0.0,211957.9128,0.0,3778.8872,0.0,0
sz159915-H1_weekly_binary_hysteresis-fee0.001,2020-11-20,211957.9128,0.0,0.0,2.576,0.0,211957.9128,0.0,3778.8872,0.0,0
sz159915-H1_weekly_binary_hysteresis-fee0.001,2020-11-21,211957.9128,0.0,0.0,2.576,0.0,211957.9128,0.0,3778.8872,0.0,1
sz159915-H1_weekly_binary_hysteresis-fee0.001,2020-11-22,211957.9128,0.0,0.0,2.576,0.0,211957.9128,0.0,3778.8872,0.0,2
sz159915-H1_weekly_binary_hysteresis-fee0.001,2020-11-23,211957.9128,0.0,0.0,2.593,0.0,211957.9128,0.0,3778.8872,0.0,0
sz159915-H1_weekly_binary_hysteresis-fee0.001,2020-11-24,211957.9128,0.0,0.0,2.582,0.0,211957.9128,0.0,3778.8872,0.0,0
sz159915-H1_weekly_binary_hysteresis-fee0.001,2020-11-25,211957.9128,0.0,0.0,2.528,0.0,211957.9128,0.0,3778.8872,0.0,0
sz159915-H1_weekly_binary_hysteresis-fee0.001,2020-11-26,211957.9128,0.0,0.0,2.522,0.0,211957.9128,0.0,3778.8872,0.0,0
sz159915-H1_weekly_binary_hysteresis-fee0.001,2020-11-27,211957.9128,0.0,0.0,2.532,0.0,211957.9128,0.0,3778.8872,0.0,0
sz159915-H1_weekly_binary_hysteresis-fee0.001,2020-11-28,211957.9128,0.0,0.0,2.532,0.0,211957.9128,0.0,3778.8872,0.0,1
sz159915-H1_weekly_binary_hysteresis-fee0.001,2020-11-29,211957.9128,0.0,0.0,2.532,0.0,211957.9128,0.0,3778.8872,0.0,2
sz159915-H1_weekly_binary_hysteresis-fee0.001,2020-11-30,211957.9128,0.0,0.0,2.541,0.0,211957.9128,0.0,3778.8872,0.0,0
sz159915-H1_weekly_binary_hysteresis-fee0.001,2020-12-01,211957.9128,0.0,0.0,2.602,0.0,211957.9128,0.0,3778.8872,0.0,0
sz159915-H1_weekly_binary_hysteresis-fee0.001,2020-12-02,211957.9128,0.0,0.0,2.593,0.0,211957.9128,0.0,3778.8872,0.0,0
sz159915-H1_weekly_binary_hysteresis-fee0.001,2020-12-03,211957.9128,0.0,0.0,2.619,0.0,211957.9128,0.0,3778.8872,0.0,0
sz159915-H1_weekly_binary_hysteresis-fee0.001,2020-12-04,211957.9128,0.0,0.0,2.637,0.0,211957.9128,0.0,3778.8872,0.0,0
sz159915-H1_weekly_binary_hysteresis-fee0.001,2020-12-05,211957.9128,0.0,0.0,2.637,0.0,211957.9128,0.0,3778.8872,0.0,1
sz159915-H1_weekly_binary_hysteresis-fee0.001,2020-12-06,211957.9128,0.0,0.0,2.637,0.0,211957.9128,0.0,3778.8872,0.0,2
sz159915-H1_weekly_binary_hysteresis-fee0.001,2020-12-07,211957.9128,0.0,0.0,2.628,0.0,211957.9128,0.0,3778.8872,0.0,0
sz159915-H1_weekly_binary_hysteresis-fee0.001,2020-12-08,211957.9128,0.0,0.0,2.646,0.0,211957.9128,0.0,3778.8872,0.0,0
sz159915-H1_weekly_binary_hysteresis-fee0.001,2020-12-09,211957.9128,0.0,0.0,2.598,0.0,211957.9128,0.0,3778.8872,0.0,0
sz159915-H1_weekly_binary_hysteresis-fee0.001,2020-12-10,211957.9128,0.0,0.0,2.627,0.0,211957.9128,0.0,3778.8872,0.0,0
sz159915-H1_weekly_binary_hysteresis-fee0.001,2020-12-11,211957.9128,0.0,0.0,2.601,0.0,211957.9128,0.0,3778.8872,0.0,0
sz159915-H1_weekly_binary_hysteresis-fee0.001,2020-12-12,211957.9128,0.0,0.0,2.601,0.0,211957.9128,0.0,3778.8872,0.0,1
sz159915-H1_weekly_binary_hysteresis-fee0.001,2020-12-13,211957.9128,0.0,0.0,2.601,0.0,211957.9128,0.0,3778.8872,0.0,2
sz159915-H1_weekly_binary_hysteresis-fee0.001,2020-12-14,211957.9128,0.0,0.0,2.641,0.0,211957.9128,0.0,3778.8872,0.0,0
sz159915-H1_weekly_binary_hysteresis-fee0.001,2020-12-15,211957.9128,0.0,0.0,2.667,0.0,211957.9128,0.0,3778.8872,0.0,0
sz159915-H1_weekly_binary_hysteresis-fee0.001,2020-12-16,211957.9128,0.0,0.0,2.667,0.0,211957.9128,0.0,3778.8872,0.0,0
sz159915-H1_weekly_binary_hysteresis-fee0.001,2020-12-17,211957.9128,0.0,0.0,2.694,0.0,211957.9128,0.0,3778.8872,0.0,0
sz159915-H1_weekly_binary_hysteresis-fee0.001,2020-12-18,211957.9128,0.0,0.0,2.688,0.0,211957.9128,0.0,3778.8872,0.0,0
sz159915-H1_weekly_binary_hysteresis-fee0.001,2020-12-19,211957.9128,0.0,0.0,2.688,0.0,211957.9128,0.0,3778.8872,0.0,1
sz159915-H1_weekly_binary_hysteresis-fee0.001,2020-12-20,211957.9128,0.0,0.0,2.688,0.0,211957.9128,0.0,3778.8872,0.0,2
sz159915-H1_weekly_binary_hysteresis-fee0.001,2020-12-21,211957.9128,0.0,0.0,2.778,0.0,211957.9128,0.0,3778.8872,0.0,0
sz159915-H1_weekly_binary_hysteresis-fee0.001,2020-12-22,211957.9128,0.0,0.0,2.718,0.0,211957.9128,0.0,3778.8872,0.0,0
sz159915-H1_weekly_binary_hysteresis-fee0.001,2020-12-23,211957.9128,0.0,0.0,2.745,0.0,211957.9128,0.0,3778.8872,0.0,0
sz159915-H1_weekly_binary_hysteresis-fee0.001,2020-12-24,211957.9128,0.0,0.0,2.726,0.0,211957.9128,0.0,3778.8872,0.0,0
sz159915-H1_weekly_binary_hysteresis-fee0.001,2020-12-25,211957.9128,0.0,0.0,2.749,0.0,211957.9128,0.0,3778.8872,0.0,0
sz159915-H1_weekly_binary_hysteresis-fee0.001,2020-12-26,211957.9128,0.0,0.0,2.749,0.0,211957.9128,0.0,3778.8872,0.0,1
sz159915-H1_weekly_binary_hysteresis-fee0.001,2020-12-27,211957.9128,0.0,0.0,2.749,0.0,211957.9128,0.0,3778.8872,0.0,2
sz159915-H1_weekly_binary_hysteresis-fee0.001,2020-12-28,150.3168,0.0,77000.0,2.745,211365.0,211515.3168,0.9992893337358536,3990.4832,0.0,0
sz159915-H1_weekly_binary_hysteresis-fee0.001,2020-12-29,150.3168,0.0,77000.0,2.717,209209.0,209359.3168,0.9992820152343944,3990.4832,0.0,0
sz159915-H1_weekly_binary_hysteresis-fee0.001,2020-12-30,150.3168,0.0,77000.0,2.799,215523.0,215673.3168,0.9993030347832069,3990.4832,0.0,0
sz159915-H1_weekly_binary_hysteresis-fee0.001,2020-12-31,150.3168,0.0,77000.0,2.866,220682.0,220832.3168,0.9993193170176441,3990.4832,0.0,0
sz159915-H1_weekly_binary_hysteresis-fee0.001,2021-01-01,150.3168,0.0,77000.0,2.866,220682.0,220832.3168,0.9993193170176441,3990.4832,0.0,1
sz159915-H1_weekly_binary_hysteresis-fee0.001,2021-01-02,150.3168,0.0,77000.0,2.866,220682.0,220832.3168,0.9993193170176441,3990.4832,0.0,2
sz159915-H1_weekly_binary_hysteresis-fee0.001,2021-01-03,150.3168,0.0,77000.0,2.866,220682.0,220832.3168,0.9993193170176441,3990.4832,0.0,3
sz159915-H1_weekly_binary_hysteresis-fee0.001,2021-01-04,150.3168,0.0,77000.0,2.976,229152.0,229302.3168,0.9993444601777351,3990.4832,0.0,0
sz159915-H1_weekly_binary_hysteresis-fee0.001,2021-01-05,150.3168,0.0,77000.0,2.988,230076.0,230226.3168,0.9993470911488778,3990.4832,0.0,0
sz159915-H1_weekly_binary_hysteresis-fee0.001,2021-01-06,150.3168,0.0,77000.0,3.003,231231.0,231381.3168,0.9993503503131589,3990.4832,0.0,0
sz159915-H1_weekly_binary_hysteresis-fee0.001,2021-01-07,150.3168,0.0,77000.0,3.056,235312.0,235462.3168,0.9993616099508285,3990.4832,0.0,0
sz159915-H1_weekly_binary_hysteresis-fee0.001,2021-01-08,150.3168,0.0,77000.0,3.036,233772.0,233922.3168,0.9993574071851874,3990.4832,0.0,0
sz159915-H1_weekly_binary_hysteresis-fee0.001,2021-01-09,150.3168,0.0,77000.0,3.036,233772.0,233922.3168,0.9993574071851874,3990.4832,0.0,1
sz159915-H1_weekly_binary_hysteresis-fee0.001,2021-01-10,150.3168,0.0,77000.0,3.036,233772.0,233922.3168,0.9993574071851874,3990.4832,0.0,2
sz159915-H1_weekly_binary_hysteresis-fee0.001,2021-01-11,150.3168,0.0,77000.0,2.989,230153.0,230303.3168,0.999347309443526,3990.4832,0.0,0
sz159915-H1_weekly_binary_hysteresis-fee0.001,2021-01-12,150.3168,0.0,77000.0,3.076,236852.0,237002.3168,0.9993657580987833,3990.4832,0.0,0
sz159915-H1_weekly_binary_hysteresis-fee0.001,2021-01-13,150.3168,0.0,77000.0,3.025,232925.0,233075.3168,0.9993550719910467,3990.4832,0.0,0
sz159915-H1_weekly_binary_hysteresis-fee0.001,2021-01-14,150.3168,0.0,77000.0,2.987,229999.0,230149.3168,0.9993468727081618,3990.4832,0.0,0
sz159915-H1_weekly_binary_hysteresis-fee0.001,2021-01-15,150.3168,0.0,77000.0,2.99,230230.0,230380.3168,0.9993475275922531,3990.4832,0.0,0
sz159915-H1_weekly_binary_hysteresis-fee0.001,2021-01-16,150.3168,0.0,77000.0,2.99,230230.0,230380.3168,0.9993475275922531,3990.4832,0.0,1
sz159915-H1_weekly_binary_hysteresis-fee0.001,2021-01-17,150.3168,0.0,77000.0,2.99,230230.0,230380.3168,0.9993475275922531,3990.4832,0.0,2
sz159915-H1_weekly_binary_hysteresis-fee0.001,2021-01-18,150.3168,0.0,77000.0,3.046,234542.0,234692.3168,0.9993595154624167,3990.4832,0.0,0
sz159915-H1_weekly_binary_hysteresis-fee0.001,2021-01-19,150.3168,0.0,77000.0,2.976,229152.0,229302.3168,0.9993444601777351,3990.4832,0.0,0
sz159915-H1_weekly_binary_hysteresis-fee0.001,2021-01-20,150.3168,0.0,77000.0,3.096,238392.0,238542.3168,0.9993698526868672,3990.4832,0.0,0
sz159915-H1_weekly_binary_hysteresis-fee0.001,2021-01-21,150.3168,0.0,77000.0,3.176,244552.0,244702.3168,0.9993857156647893,3990.4832,0.0,0
sz159915-H1_weekly_binary_hysteresis-fee0.001,2021-01-22,150.3168,0.0,77000.0,3.241,249557.0,249707.3168,0.9993980280516954,3990.4832,0.0,0
sz159915-H1_weekly_binary_hysteresis-fee0.001,2021-01-23,150.3168,0.0,77000.0,3.241,249557.0,249707.3168,0.9993980280516954,3990.4832,0.0,1
sz159915-H1_weekly_binary_hysteresis-fee0.001,2021-01-24,150.3168,0.0,77000.0,3.241,249557.0,249707.3168,0.9993980280516954,3990.4832,0.0,2
sz159915-H1_weekly_binary_hysteresis-fee0.001,2021-01-25,150.3168,0.0,77000.0,3.242,249634.0,249784.3168,0.9993982136191506,3990.4832,0.0,0
sz159915-H1_weekly_binary_hysteresis-fee0.001,2021-01-26,150.3168,0.0,77000.0,3.152,242704.0,242854.3168,0.9993810412679475,3990.4832,0.0,0
sz159915-H1_weekly_binary_hysteresis-fee0.001,2021-01-27,150.3168,0.0,77000.0,3.166,243782.0,243932.3168,0.9993837766066755,3990.4832,0.0,0
sz159915-H1_weekly_binary_hysteresis-fee0.001,2021-01-28,150.3168,0.0,77000.0,3.057,235389.0,235539.3168,0.999361818646491,3990.4832,0.0,0
sz159915-H1_weekly_binary_hysteresis-fee0.001,2021-01-29,150.3168,0.0,77000.0,3.029,233233.0,233383.3168,0.9993559231136954,3990.4832,0.0,0
sz159915-H1_weekly_binary_hysteresis-fee0.001,2021-01-30,150.3168,0.0,77000.0,3.029,233233.0,233383.3168,0.9993559231136954,3990.4832,0.0,1
sz159915-H1_weekly_binary_hysteresis-fee0.001,2021-01-31,150.3168,0.0,77000.0,3.029,233233.0,233383.3168,0.9993559231136954,3990.4832,0.0,2
sz159915-H1_weekly_binary_hysteresis-fee0.001,2021-02-01,150.3168,0.0,77000.0,3.056,235312.0,235462.3168,0.9993616099508285,3990.4832,0.0,0
sz159915-H1_weekly_binary_hysteresis-fee0.001,2021-02-02,150.3168,0.0,77000.0,3.118,240086.0,240236.3168,0.9993742961014294,3990.4832,0.0,0
sz159915-H1_weekly_binary_hysteresis-fee0.001,2021-02-03,150.3168,0.0,77000.0,3.106,239162.0,239312.3168,0.9993718802190795,3990.4832,0.0,0
sz159915-H1_weekly_binary_hysteresis-fee0.001,2021-02-04,150.3168,0.0,77000.0,3.098,238546.0,238696.3168,0.9993702592397941,3990.4832,0.0,0
sz159915-H1_weekly_binary_hysteresis-fee0.001,2021-02-05,150.3168,0.0,77000.0,3.084,237468.0,237618.3168,0.9993674023028851,3990.4832,0.0,0
sz159915-H1_weekly_binary_hysteresis-fee0.001,2021-02-06,150.3168,0.0,77000.0,3.084,237468.0,237618.3168,0.9993674023028851,3990.4832,0.0,1
sz159915-H1_weekly_binary_hysteresis-fee0.001,2021-02-07,150.3168,0.0,77000.0,3.084,237468.0,237618.3168,0.9993674023028851,3990.4832,0.0,2
sz159915-H1_weekly_binary_hysteresis-fee0.001,2021-02-08,150.3168,0.0,77000.0,3.084,237468.0,237618.3168,0.9993674023028851,3990.4832,0.0,3
sz159915-H1_weekly_binary_hysteresis-fee0.001,2021-02-09,150.3168,0.0,77000.0,3.222,248094.0,248244.3168,0.9993944803976273,3990.4832,0.0,0
sz159915-H1_weekly_binary_hysteresis-fee0.001,2021-02-10,150.3168,0.0,77000.0,3.293,253561.0,253711.3168,0.9994075282021476,3990.4832,0.0,0
sz159915-H1_weekly_binary_hysteresis-fee0.001,2021-02-11,150.3168,0.0,77000.0,3.293,253561.0,253711.3168,0.9994075282021476,3990.4832,0.0,1
sz159915-H1_weekly_binary_hysteresis-fee0.001,2021-02-12,150.3168,0.0,77000.0,3.293,253561.0,253711.3168,0.9994075282021476,3990.4832,0.0,2
sz159915-H1_weekly_binary_hysteresis-fee0.001,2021-02-13,150.3168,0.0,77000.0,3.293,253561.0,253711.3168,0.9994075282021476,3990.4832,0.0,3
sz159915-H1_weekly_binary_hysteresis-fee0.001,2021-02-14,150.3168,0.0,77000.0,3.293,253561.0,253711.3168,0.9994075282021476,3990.4832,0.0,4
sz159915-H1_weekly_binary_hysteresis-fee0.001,2021-02-15,150.3168,0.0,77000.0,3.293,253561.0,253711.3168,0.9994075282021476,3990.4832,0.0,5
sz159915-H1_weekly_binary_hysteresis-fee0.001,2021-02-16,150.3168,0.0,77000.0,3.293,253561.0,253711.3168,0.9994075282021476,3990.4832,0.0,6
sz159915-H1_weekly_binary_hysteresis-fee0.001,2021-02-17,150.3168,0.0,77000.0,3.293,253561.0,253711.3168,0.9994075282021476,3990.4832,0.0,7
sz159915-H1_weekly_binary_hysteresis-fee0.001,2021-02-18,150.3168,0.0,77000.0,3.202,246554.0,246704.3168,0.999390700568398,3990.4832,0.0,0
sz159915-H1_weekly_binary_hysteresis-fee0.001,2021-02-19,150.3168,0.0,77000.0,3.17,244090.0,244240.3168,0.9993845536970741,3990.4832,0.0,0
sz159915-H1_weekly_binary_hysteresis-fee0.001,2021-02-20,150.3168,0.0,77000.0,3.17,244090.0,244240.3168,0.9993845536970741,3990.4832,0.0,1
sz159915-H1_weekly_binary_hysteresis-fee0.001,2021-02-21,150.3168,0.0,77000.0,3.17,244090.0,244240.3168,0.9993845536970741,3990.4832,0.0,2
sz159915-H1_weekly_binary_hysteresis-fee0.001,2021-02-22,150.3168,0.0,77000.0,3.032,233464.0,233614.3168,0.9993565599828854,3990.4832,0.0,0
sz159915-H1_weekly_binary_hysteresis-fee0.001,2021-02-23,150.3168,0.0,77000.0,3.009,231693.0,231843.3168,0.9993516448864055,3990.4832,0.0,0
sz159915-H1_weekly_binary_hysteresis-fee0.001,2021-02-24,150.3168,0.0,77000.0,2.904,223608.0,223758.3168,0.9993282180427986,3990.4832,0.0,0
sz159915-H1_weekly_binary_hysteresis-fee0.001,2021-02-25,150.3168,0.0,77000.0,2.878,221606.0,221756.3168,0.9993221532438439,3990.4832,0.0,0
sz159915-H1_weekly_binary_hysteresis-fee0.001,2021-02-26,150.3168,0.0,77000.0,2.814,216678.0,216828.3168,0.9993067473740589,3990.4832,0.0,0
sz159915-H1_weekly_binary_hysteresis-fee0.001,2021-02-27,150.3168,0.0,77000.0,2.814,216678.0,216828.3168,0.9993067473740589,3990.4832,0.0,1
sz159915-H1_weekly_binary_hysteresis-fee0.001,2021-02-28,150.3168,0.0,77000.0,2.814,216678.0,216828.3168,0.9993067473740589,3990.4832,0.0,2
sz159915-H1_weekly_binary_hysteresis-fee0.001,2021-03-01,150.3168,0.0,77000.0,2.894,222838.0,222988.3168,0.9993258983154045,3990.4832,0.0,0
sz159915-H1_weekly_binary_hysteresis-fee0.001,2021-03-02,150.3168,0.0,77000.0,2.859,220143.0,220293.3168,0.9993176515648159,3990.4832,0.0,0
sz159915-H1_weekly_binary_hysteresis-fee0.001,2021-03-03,150.3168,0.0,77000.0,2.9,223300.0,223450.3168,0.9993272920703239,3990.4832,0.0,0
sz159915-H1_weekly_binary_hysteresis-fee0.001,2021-03-04,150.3168,0.0,77000.0,2.751,211827.0,211977.3168,0.9992908826176821,3990.4832,0.0,0
sz159915-H1_weekly_binary_hysteresis-fee0.001,2021-03-05,150.3168,0.0,77000.0,2.772,213444.0,213594.3168,0.999296250938452,3990.4832,0.0,0
sz159915-H1_weekly_binary_hysteresis-fee0.001,2021-03-06,150.3168,0.0,77000.0,2.772,213444.0,213594.3168,0.999296250938452,3990.4832,0.0,1
sz159915-H1_weekly_binary_hysteresis-fee0.001,2021-03-07,150.3168,0.0,77000.0,2.772,213444.0,213594.3168,0.999296250938452,3990.4832,0.0,2
sz159915-H1_weekly_binary_hysteresis-fee0.001,2021-03-08,150.3168,0.0,77000.0,2.633,202741.0,202891.3168,0.9992591264999863,3990.4832,0.0,0
sz159915-H1_weekly_binary_hysteresis-fee0.001,2021-03-09,150.3168,0.0,77000.0,2.547,196119.0,196269.3168,0.9992341299065448,3990.4832,0.0,0
sz159915-H1_weekly_binary_hysteresis-fee0.001,2021-03-10,150.3168,0.0,77000.0,2.586,199122.0,199272.3168,0.999245671438894,3990.4832,0.0,0
sz159915-H1_weekly_binary_hysteresis-fee0.001,2021-03-11,150.3168,0.0,77000.0,2.65,204050.0,204200.3168,0.999263875774751,3990.4832,0.0,0
sz159915-H1_weekly_binary_hysteresis-fee0.001,2021-03-12,150.3168,0.0,77000.0,2.658,204666.0,204816.3168,0.9992660897220079,3990.4832,0.0,0
sz159915-H1_weekly_binary_hysteresis-fee0.001,2021-03-13,150.3168,0.0,77000.0,2.658,204666.0,204816.3168,0.9992660897220079,3990.4832,0.0,1
sz159915-H1_weekly_binary_hysteresis-fee0.001,2021-03-14,150.3168,0.0,77000.0,2.658,204666.0,204816.3168,0.9992660897220079,3990.4832,0.0,2
sz159915-H1_weekly_binary_hysteresis-fee0.001,2021-03-15,150.3168,0.0,77000.0,2.555,196735.0,196885.3168,0.9992365261034032,3990.4832,0.0,0
sz159915-H1_weekly_binary_hysteresis-fee0.001,2021-03-16,150.3168,0.0,77000.0,2.579,198583.0,198733.3168,0.9992436255660581,3990.4832,0.0,0
sz159915-H1_weekly_binary_hysteresis-fee0.001,2021-03-17,150.3168,0.0,77000.0,2.607,200739.0,200889.3168,0.9992517431867736,3990.4832,0.0,0
sz159915-H1_weekly_binary_hysteresis-fee0.001,2021-03-18,150.3168,0.0,77000.0,2.65,204050.0,204200.3168,0.999263875774751,3990.4832,0.0,0
sz159915-H1_weekly_binary_hysteresis-fee0.001,2021-03-19,150.3168,0.0,77000.0,2.579,198583.0,198733.3168,0.9992436255660581,3990.4832,0.0,0
sz159915-H1_weekly_binary_hysteresis-fee0.001,2021-03-20,150.3168,0.0,77000.0,2.579,198583.0,198733.3168,0.9992436255660581,3990.4832,0.0,1
sz159915-H1_weekly_binary_hysteresis-fee0.001,2021-03-21,150.3168,0.0,77000.0,2.579,198583.0,198733.3168,0.9992436255660581,3990.4832,0.0,2
sz159915-H1_weekly_binary_hysteresis-fee0.001,2021-03-22,150.3168,0.0,77000.0,2.607,200739.0,200889.3168,0.9992517431867736,3990.4832,0.0,0
sz159915-H1_weekly_binary_hysteresis-fee0.001,2021-03-23,150.3168,0.0,77000.0,2.579,198583.0,198733.3168,0.9992436255660581,3990.4832,0.0,0
sz159915-H1_weekly_binary_hysteresis-fee0.001,2021-03-24,150.3168,0.0,77000.0,2.543,195811.0,195961.3168,0.9992329261588224,3990.4832,0.0,0
sz159915-H1_weekly_binary_hysteresis-fee0.001,2021-03-25,150.3168,0.0,77000.0,2.567,197659.0,197809.3168,0.9992400924161121,3990.4832,0.0,0
sz159915-H1_weekly_binary_hysteresis-fee0.001,2021-03-26,150.3168,0.0,77000.0,2.65,204050.0,204200.3168,0.999263875774751,3990.4832,0.0,0
sz159915-H1_weekly_binary_hysteresis-fee0.001,2021-03-27,150.3168,0.0,77000.0,2.65,204050.0,204200.3168,0.999263875774751,3990.4832,0.0,1
sz159915-H1_weekly_binary_hysteresis-fee0.001,2021-03-28,150.3168,0.0,77000.0,2.65,204050.0,204200.3168,0.999263875774751,3990.4832,0.0,2
sz159915-H1_weekly_binary_hysteresis-fee0.001,2021-03-29,150.3168,0.0,77000.0,2.637,203049.0,203199.3168,0.9992602494813112,3990.4832,0.0,0
sz159915-H1_weekly_binary_hysteresis-fee0.001,2021-03-30,150.3168,0.0,77000.0,2.673,205821.0,205971.3168,0.999270205180336,3990.4832,0.0,0
sz159915-H1_weekly_binary_hysteresis-fee0.001,2021-03-31,150.3168,0.0,77000.0,2.665,205205.0,205355.3168,0.9992680160302526,3990.4832,0.0,0
sz159915-H1_weekly_binary_hysteresis-fee0.001,2021-04-01,150.3168,0.0,77000.0,2.718,209286.0,209436.3168,0.9992822792040239,3990.4832,0.0,0
sz159915-H1_weekly_binary_hysteresis-fee0.001,2021-04-02,150.3168,0.0,77000.0,2.756,212212.0,212362.3168,0.9992921682044863,3990.4832,0.0,0
sz159915-H1_weekly_binary_hysteresis-fee0.001,2021-04-03,150.3168,0.0,77000.0,2.756,212212.0,212362.3168,0.9992921682044863,3990.4832,0.0,1
sz159915-H1_weekly_binary_hysteresis-fee0.001,2021-04-04,150.3168,0.0,77000.0,2.756,212212.0,212362.3168,0.9992921682044863,3990.4832,0.0,2
sz159915-H1_weekly_binary_hysteresis-fee0.001,2021-04-05,150.3168,0.0,77000.0,2.756,212212.0,212362.3168,0.9992921682044863,3990.4832,0.0,3
sz159915-H1_weekly_binary_hysteresis-fee0.001,2021-04-06,150.3168,0.0,77000.0,2.73,210210.0,210360.3168,0.9992854317663777,3990.4832,0.0,0
sz159915-H1_weekly_binary_hysteresis-fee0.001,2021-04-07,150.3168,0.0,77000.0,2.707,208439.0,208589.3168,0.9992793648193204,3990.4832,0.0,0
sz159915-H1_weekly_binary_hysteresis-fee0.001,2021-04-08,150.3168,0.0,77000.0,2.728,210056.0,210206.3168,0.9992849082639937,3990.4832,0.0,0
sz159915-H1_weekly_binary_hysteresis-fee0.001,2021-04-09,150.3168,0.0,77000.0,2.69,207130.0,207280.3168,0.9992748139219363,3990.4832,0.0,0
sz159915-H1_weekly_binary_hysteresis-fee0.001,2021-04-10,150.3168,0.0,77000.0,2.69,207130.0,207280.3168,0.9992748139219363,3990.4832,0.0,1
sz159915-H1_weekly_binary_hysteresis-fee0.001,2021-04-11,150.3168,0.0,77000.0,2.69,207130.0,207280.3168,0.9992748139219363,3990.4832,0.0,2
sz159915-H1_weekly_binary_hysteresis-fee0.001,2021-04-12,150.3168,0.0,77000.0,2.627,202279.0,202429.3168,0.9992574356206096,3990.4832,0.0,0
sz159915-H1_weekly_binary_hysteresis-fee0.001,2021-04-13,150.3168,0.0,77000.0,2.649,203973.0,204123.3168,0.9992635980917982,3990.4832,0.0,0
sz159915-H1_weekly_binary_hysteresis-fee0.001,2021-04-14,150.3168,0.0,77000.0,2.707,208439.0,208589.3168,0.9992793648193204,3990.4832,0.0,0
sz159915-H1_weekly_binary_hysteresis-fee0.001,2021-04-15,150.3168,0.0,77000.0,2.698,207746.0,207896.3168,0.9992769626594943,3990.4832,0.0,0
sz159915-H1_weekly_binary_hysteresis-fee0.001,2021-04-16,150.3168,0.0,77000.0,2.688,206976.0,207126.3168,0.9992742747405432,3990.4832,0.0,0
sz159915-H1_weekly_binary_hysteresis-fee0.001,2021-04-17,150.3168,0.0,77000.0,2.688,206976.0,207126.3168,0.9992742747405432,3990.4832,0.0,1
sz159915-H1_weekly_binary_hysteresis-fee0.001,2021-04-18,150.3168,0.0,77000.0,2.688,206976.0,207126.3168,0.9992742747405432,3990.4832,0.0,2
sz159915-H1_weekly_binary_hysteresis-fee0.001,2021-04-19,150.3168,0.0,77000.0,2.798,215446.0,215596.3168,0.9993027858628056,3990.4832,0.0,0
sz159915-H1_weekly_binary_hysteresis-fee0.001,2021-04-20,150.3168,0.0,77000.0,2.791,214907.0,215057.3168,0.999301038429026,3990.4832,0.0,0
sz159915-H1_weekly_binary_hysteresis-fee0.001,2021-04-21,150.3168,0.0,77000.0,2.814,216678.0,216828.3168,0.9993067473740589,3990.4832,0.0,0
sz159915-H1_weekly_binary_hysteresis-fee0.001,2021-04-22,150.3168,0.0,77000.0,2.837,218449.0,218599.3168,0.9993123638161343,3990.4832,0.0,0
sz159915-H1_weekly_binary_hysteresis-fee0.001,2021-04-23,150.3168,0.0,77000.0,2.891,222607.0,222757.3168,0.9993251992699528,3990.4832,0.0,0
sz159915-H1_weekly_binary_hysteresis-fee0.001,2021-04-24,150.3168,0.0,77000.0,2.891,222607.0,222757.3168,0.9993251992699528,3990.4832,0.0,1
sz159915-H1_weekly_binary_hysteresis-fee0.001,2021-04-25,150.3168,0.0,77000.0,2.891,222607.0,222757.3168,0.9993251992699528,3990.4832,0.0,2
sz159915-H1_weekly_binary_hysteresis-fee0.001,2021-04-26,150.3168,0.0,77000.0,2.863,220451.0,220601.3168,0.9993186042486941,3990.4832,0.0,0
sz159915-H1_weekly_binary_hysteresis-fee0.001,2021-04-27,150.3168,0.0,77000.0,2.884,222068.0,222218.3168,0.999323562512017,3990.4832,0.0,0
sz159915-H1_weekly_binary_hysteresis-fee0.001,2021-04-28,150.3168,0.0,77000.0,2.949,227073.0,227223.3168,0.9993384622576726,3990.4832,0.0,0
sz159915-H1_weekly_binary_hysteresis-fee0.001,2021-04-29,150.3168,0.0,77000.0,2.952,227304.0,227454.3168,0.9993391341078298,3990.4832,0.0,0
sz159915-H1_weekly_binary_hysteresis-fee0.001,2021-04-30,150.3168,0.0,77000.0,2.989,230153.0,230303.3168,0.999347309443526,3990.4832,0.0,0
sz159915-H1_weekly_binary_hysteresis-fee0.001,2021-05-01,150.3168,0.0,77000.0,2.989,230153.0,230303.3168,0.999347309443526,3990.4832,0.0,1
sz159915-H1_weekly_binary_hysteresis-fee0.001,2021-05-02,150.3168,0.0,77000.0,2.989,230153.0,230303.3168,0.999347309443526,3990.4832,0.0,2
sz159915-H1_weekly_binary_hysteresis-fee0.001,2021-05-03,150.3168,0.0,77000.0,2.989,230153.0,230303.3168,0.999347309443526,3990.4832,0.0,3
sz159915-H1_weekly_binary_hysteresis-fee0.001,2021-05-04,150.3168,0.0,77000.0,2.989,230153.0,230303.3168,0.999347309443526,3990.4832,0.0,4
sz159915-H1_weekly_binary_hysteresis-fee0.001,2021-05-05,150.3168,0.0,77000.0,2.989,230153.0,230303.3168,0.999347309443526,3990.4832,0.0,5
sz159915-H1_weekly_binary_hysteresis-fee0.001,2021-05-06,150.3168,0.0,77000.0,2.904,223608.0,223758.3168,0.9993282180427986,3990.4832,0.0,0
sz159915-H1_weekly_binary_hysteresis-fee0.001,2021-05-07,150.3168,0.0,77000.0,2.819,217063.0,217213.3168,0.9993079761304948,3990.4832,0.0,0
sz159915-H1_weekly_binary_hysteresis-fee0.001,2021-05-08,150.3168,0.0,77000.0,2.819,217063.0,217213.3168,0.9993079761304948,3990.4832,0.0,1
sz159915-H1_weekly_binary_hysteresis-fee0.001,2021-05-09,150.3168,0.0,77000.0,2.819,217063.0,217213.3168,0.9993079761304948,3990.4832,0.0,2
sz159915-H1_weekly_binary_hysteresis-fee0.001,2021-05-10,150.3168,0.0,77000.0,2.827,217679.0,217829.3168,0.9993099331063044,3990.4832,0.0,0
sz159915-H1_weekly_binary_hysteresis-fee0.001,2021-05-11,150.3168,0.0,77000.0,2.823,217371.0,217521.3168,0.9993089560038927,3990.4832,0.0,0
sz159915-H1_weekly_binary_hysteresis-fee0.001,2021-05-12,150.3168,0.0,77000.0,2.865,220605.0,220755.3168,0.9993190795937378,3990.4832,0.0,0
sz159915-H1_weekly_binary_hysteresis-fee0.001,2021-05-13,150.3168,0.0,77000.0,2.845,219065.0,219215.3168,0.9993142960893688,3990.4832,0.0,0
sz159915-H1_weekly_binary_hysteresis-fee0.001,2021-05-14,150.3168,0.0,77000.0,2.937,226149.0,226299.3168,0.999335761140928,3990.4832,0.0,0
sz159915-H1_weekly_binary_hysteresis-fee0.001,2021-05-15,150.3168,0.0,77000.0,2.937,226149.0,226299.3168,0.999335761140928,3990.4832,0.0,1
sz159915-H1_weekly_binary_hysteresis-fee0.001,2021-05-16,150.3168,0.0,77000.0,2.937,226149.0,226299.3168,0.999335761140928,3990.4832,0.0,2
sz159915-H1_weekly_binary_hysteresis-fee0.001,2021-05-17,150.3168,0.0,77000.0,3.007,231539.0,231689.3168,0.999351213935644,3990.4832,0.0,0
sz159915-H1_weekly_binary_hysteresis-fee0.001,2021-05-18,150.3168,0.0,77000.0,2.988,230076.0,230226.3168,0.9993470911488778,3990.4832,0.0,0
sz159915-H1_weekly_binary_hysteresis-fee0.001,2021-05-19,150.3168,0.0,77000.0,3.012,231924.0,232074.3168,0.9993522902401581,3990.4832,0.0,0
sz159915-H1_weekly_binary_hysteresis-fee0.001,2021-05-20,150.3168,0.0,77000.0,3.043,234311.0,234461.3168,0.999358884433255,3990.4832,0.0,0
sz159915-H1_weekly_binary_hysteresis-fee0.001,2021-05-21,150.3168,0.0,77000.0,3.012,231924.0,232074.3168,0.9993522902401581,3990.4832,0.0,0
sz159915-H1_weekly_binary_hysteresis-fee0.001,2021-05-22,150.3168,0.0,77000.0,3.012,231924.0,232074.3168,0.9993522902401581,3990.4832,0.0,1
sz159915-H1_weekly_binary_hysteresis-fee0.001,2021-05-23,150.3168,0.0,77000.0,3.012,231924.0,232074.3168,0.9993522902401581,3990.4832,0.0,2
sz159915-H1_weekly_binary_hysteresis-fee0.001,2021-05-24,150.3168,0.0,77000.0,3.036,233772.0,233922.3168,0.9993574071851874,3990.4832,0.0,0
sz159915-H1_weekly_binary_hysteresis-fee0.001,2021-05-25,150.3168,0.0,77000.0,3.119,240163.0,240313.3168,0.9993744965863665,3990.4832,0.0,0
sz159915-H1_weekly_binary_hysteresis-fee0.001,2021-05-26,150.3168,0.0,77000.0,3.095,238315.0,238465.3168,0.999369649213491,3990.4832,0.0,0
sz159915-H1_weekly_binary_hysteresis-fee0.001,2021-05-27,150.3168,0.0,77000.0,3.118,240086.0,240236.3168,0.9993742961014294,3990.4832,0.0,0
sz159915-H1_weekly_binary_hysteresis-fee0.001,2021-05-28,150.3168,0.0,77000.0,3.121,240317.0,240467.3168,0.9993748971710571,3990.4832,0.0,0
sz159915-H1_weekly_binary_hysteresis-fee0.001,2021-05-29,150.3168,0.0,77000.0,3.121,240317.0,240467.3168,0.9993748971710571,3990.4832,0.0,1
sz159915-H1_weekly_binary_hysteresis-fee0.001,2021-05-30,150.3168,0.0,77000.0,3.121,240317.0,240467.3168,0.9993748971710571,3990.4832,0.0,2
sz159915-H1_weekly_binary_hysteresis-fee0.001,2021-05-31,150.3168,0.0,77000.0,3.195,246015.0,246165.3168,0.9993893664552179,3990.4832,0.0,0
sz159915-H1_weekly_binary_hysteresis-fee0.001,2021-06-01,150.3168,0.0,77000.0,3.188,245476.0,245626.3168,0.9993880264869077,3990.4832,0.0,0
sz159915-H1_weekly_binary_hysteresis-fee0.001,2021-06-02,150.3168,0.0,77000.0,3.133,241241.0,241391.3168,0.9993772899456672,3990.4832,0.0,0
sz159915-H1_weekly_binary_hysteresis-fee0.001,2021-06-03,150.3168,0.0,77000.0,3.099,238623.0,238773.3168,0.9993704623195987,3990.4832,0.0,0
sz159915-H1_weekly_binary_hysteresis-fee0.001,2021-06-04,150.3168,0.0,77000.0,3.141,241857.0,242007.3168,0.9993788749778825,3990.4832,0.0,0
sz159915-H1_weekly_binary_hysteresis-fee0.001,2021-06-05,150.3168,0.0,77000.0,3.141,241857.0,242007.3168,0.9993788749778825,3990.4832,0.0,1
sz159915-H1_weekly_binary_hysteresis-fee0.001,2021-06-06,150.3168,0.0,77000.0,3.141,241857.0,242007.3168,0.9993788749778825,3990.4832,0.0,2
sz159915-H1_weekly_binary_hysteresis-fee0.001,2021-06-07,150.3168,0.0,77000.0,3.122,240394.0,240544.3168,0.9993750972710572,3990.4832,0.0,0
sz159915-H1_weekly_binary_hysteresis-fee0.001,2021-06-08,150.3168,0.0,77000.0,3.105,239085.0,239235.3168,0.9993716780531795,3990.4832,0.0,0
sz159915-H1_weekly_binary_hysteresis-fee0.001,2021-06-09,150.3168,0.0,77000.0,3.1,238700.0,238850.3168,0.9993706652684666,3990.4832,0.0,0
sz159915-H1_weekly_binary_hysteresis-fee0.001,2021-06-10,150.3168,0.0,77000.0,3.179,244783.0,244933.3168,0.9993862950048452,3990.4832,0.0,0
sz159915-H1_weekly_binary_hysteresis-fee0.001,2021-06-11,150.3168,0.0,77000.0,3.195,246015.0,246165.3168,0.9993893664552179,3990.4832,0.0,0
sz159915-H1_weekly_binary_hysteresis-fee0.001,2021-06-12,150.3168,0.0,77000.0,3.195,246015.0,246165.3168,0.9993893664552179,3990.4832,0.0,1
sz159915-H1_weekly_binary_hysteresis-fee0.001,2021-06-13,150.3168,0.0,77000.0,3.195,246015.0,246165.3168,0.9993893664552179,3990.4832,0.0,2
sz159915-H1_weekly_binary_hysteresis-fee0.001,2021-06-14,150.3168,0.0,77000.0,3.195,246015.0,246165.3168,0.9993893664552179,3990.4832,0.0,3
sz159915-H1_weekly_binary_hysteresis-fee0.001,2021-06-15,150.3168,0.0,77000.0,3.155,242935.0,243085.3168,0.9993816294543052,3990.4832,0.0,0
sz159915-H1_weekly_binary_hysteresis-fee0.001,2021-06-16,150.3168,0.0,77000.0,3.024,232848.0,232998.3168,0.9993548588587915,3990.4832,0.0,0
sz159915-H1_weekly_binary_hysteresis-fee0.001,2021-06-17,150.3168,0.0,77000.0,3.088,237776.0,237926.3168,0.9993682212122572,3990.4832,0.0,0
sz159915-H1_weekly_binary_hysteresis-fee0.001,2021-06-18,150.3168,0.0,77000.0,3.137,241549.0,241699.3168,0.9993780834716866,3990.4832,0.0,0
sz159915-H1_weekly_binary_hysteresis-fee0.001,2021-06-19,150.3168,0.0,77000.0,3.137,241549.0,241699.3168,0.9993780834716866,3990.4832,0.0,1
sz159915-H1_weekly_binary_hysteresis-fee0.001,2021-06-20,150.3168,0.0,77000.0,3.137,241549.0,241699.3168,0.9993780834716866,3990.4832,0.0,2
sz159915-H1_weekly_binary_hysteresis-fee0.001,2021-06-21,150.3168,0.0,77000.0,3.166,243782.0,243932.3168,0.9993837766066755,3990.4832,0.0,0
sz159915-H1_weekly_binary_hysteresis-fee0.001,2021-06-22,150.3168,0.0,77000.0,3.174,244398.0,244548.3168,0.9993853288300367,3990.4832,0.0,0
sz159915-H1_weekly_binary_hysteresis-fee0.001,2021-06-23,150.3168,0.0,77000.0,3.217,247709.0,247859.3168,0.999393539843728,3990.4832,0.0,0
sz159915-H1_weekly_binary_hysteresis-fee0.001,2021-06-24,150.3168,0.0,77000.0,3.174,244398.0,244548.3168,0.9993853288300367,3990.4832,0.0,0
sz159915-H1_weekly_binary_hysteresis-fee0.001,2021-06-25,150.3168,0.0,77000.0,3.243,249711.0,249861.3168,0.9993983990722328,3990.4832,0.0,0
sz159915-H1_weekly_binary_hysteresis-fee0.001,2021-06-26,150.3168,0.0,77000.0,3.243,249711.0,249861.3168,0.9993983990722328,3990.4832,0.0,1
sz159915-H1_weekly_binary_hysteresis-fee0.001,2021-06-27,150.3168,0.0,77000.0,3.243,249711.0,249861.3168,0.9993983990722328,3990.4832,0.0,2
sz159915-H1_weekly_binary_hysteresis-fee0.001,2021-06-28,150.3168,0.0,77000.0,3.305,254485.0,254635.3168,0.9994096781157892,3990.4832,0.0,0
sz159915-H1_weekly_binary_hysteresis-fee0.001,2021-06-29,150.3168,0.0,77000.0,3.297,253869.0,254019.3168,0.9994082465778839,3990.4832,0.0,0
sz159915-H1_weekly_binary_hysteresis-fee0.001,2021-06-30,150.3168,0.0,77000.0,3.373,259721.0,259871.3168,0.9994215721771414,3990.4832,0.0,0
sz159915-H1_weekly_binary_hysteresis-fee0.001,2021-07-01,150.3168,0.0,77000.0,3.34,257180.0,257330.3168,0.9994158605100664,3990.4832,0.0,0
sz159915-H1_weekly_binary_hysteresis-fee0.001,2021-07-02,150.3168,0.0,77000.0,3.227,248479.0,248629.3168,0.9993954180386502,3990.4832,0.0,0
sz159915-H1_weekly_binary_hysteresis-fee0.001,2021-07-03,150.3168,0.0,77000.0,3.227,248479.0,248629.3168,0.9993954180386502,3990.4832,0.0,1
sz159915-H1_weekly_binary_hysteresis-fee0.001,2021-07-04,150.3168,0.0,77000.0,3.227,248479.0,248629.3168,0.9993954180386502,3990.4832,0.0,2
sz159915-H1_weekly_binary_hysteresis-fee0.001,2021-07-05,150.3168,0.0,77000.0,3.25,250250.0,250400.3168,0.9993996940502273,3990.4832,0.0,0
sz159915-H1_weekly_binary_hysteresis-fee0.001,2021-07-06,150.3168,0.0,77000.0,3.196,246092.0,246242.3168,0.9993895574003956,3990.4832,0.0,0
sz159915-H1_weekly_binary_hysteresis-fee0.001,2021-07-07,150.3168,0.0,77000.0,3.305,254485.0,254635.3168,0.9994096781157892,3990.4832,0.0,0
sz159915-H1_weekly_binary_hysteresis-fee0.001,2021-07-08,150.3168,0.0,77000.0,3.322,255794.0,255944.3168,0.9994126972543115,3990.4832,0.0,0
sz159915-H1_weekly_binary_hysteresis-fee0.001,2021-07-09,150.3168,0.0,77000.0,3.303,254331.0,254481.3168,0.9994093208810368,3990.4832,0.0,0
sz159915-H1_weekly_binary_hysteresis-fee0.001,2021-07-10,150.3168,0.0,77000.0,3.303,254331.0,254481.3168,0.9994093208810368,3990.4832,0.0,1
sz159915-H1_weekly_binary_hysteresis-fee0.001,2021-07-11,150.3168,0.0,77000.0,3.303,254331.0,254481.3168,0.9994093208810368,3990.4832,0.0,2
sz159915-H1_weekly_binary_hysteresis-fee0.001,2021-07-12,256996.2138,0.0,0.0,3.427,0.0,256996.2138,0.0,4247.5862,0.0,0
sz159915-H1_weekly_binary_hysteresis-fee0.001,2021-07-13,256996.2138,0.0,0.0,3.411,0.0,256996.2138,0.0,4247.5862,0.0,0
sz159915-H1_weekly_binary_hysteresis-fee0.001,2021-07-14,256996.2138,0.0,0.0,3.382,0.0,256996.2138,0.0,4247.5862,0.0,0
sz159915-H1_weekly_binary_hysteresis-fee0.001,2021-07-15,256996.2138,0.0,0.0,3.429,0.0,256996.2138,0.0,4247.5862,0.0,0
sz159915-H1_weekly_binary_hysteresis-fee0.001,2021-07-16,256996.2138,0.0,0.0,3.328,0.0,256996.2138,0.0,4247.5862,0.0,0
sz159915-H1_weekly_binary_hysteresis-fee0.001,2021-07-17,256996.2138,0.0,0.0,3.328,0.0,256996.2138,0.0,4247.5862,0.0,1
sz159915-H1_weekly_binary_hysteresis-fee0.001,2021-07-18,256996.2138,0.0,0.0,3.328,0.0,256996.2138,0.0,4247.5862,0.0,2
sz159915-H1_weekly_binary_hysteresis-fee0.001,2021-07-19,256996.2138,0.0,0.0,3.35,0.0,256996.2138,0.0,4247.5862,0.0,0
sz159915-H1_weekly_binary_hysteresis-fee0.001,2021-07-20,256996.2138,0.0,0.0,3.356,0.0,256996.2138,0.0,4247.5862,0.0,0
sz159915-H1_weekly_binary_hysteresis-fee0.001,2021-07-21,256996.2138,0.0,0.0,3.455,0.0,256996.2138,0.0,4247.5862,0.0,0
sz159915-H1_weekly_binary_hysteresis-fee0.001,2021-07-22,256996.2138,0.0,0.0,3.438,0.0,256996.2138,0.0,4247.5862,0.0,0
sz159915-H1_weekly_binary_hysteresis-fee0.001,2021-07-23,256996.2138,0.0,0.0,3.367,0.0,256996.2138,0.0,4247.5862,0.0,0
sz159915-H1_weekly_binary_hysteresis-fee0.001,2021-07-24,256996.2138,0.0,0.0,3.367,0.0,256996.2138,0.0,4247.5862,0.0,1
sz159915-H1_weekly_binary_hysteresis-fee0.001,2021-07-25,256996.2138,0.0,0.0,3.367,0.0,256996.2138,0.0,4247.5862,0.0,2
sz159915-H1_weekly_binary_hysteresis-fee0.001,2021-07-26,256996.2138,0.0,0.0,3.27,0.0,256996.2138,0.0,4247.5862,0.0,0
sz159915-H1_weekly_binary_hysteresis-fee0.001,2021-07-27,256996.2138,0.0,0.0,3.14,0.0,256996.2138,0.0,4247.5862,0.0,0
sz159915-H1_weekly_binary_hysteresis-fee0.001,2021-07-28,256996.2138,0.0,0.0,3.183,0.0,256996.2138,0.0,4247.5862,0.0,0
sz159915-H1_weekly_binary_hysteresis-fee0.001,2021-07-29,256996.2138,0.0,0.0,3.358,0.0,256996.2138,0.0,4247.5862,0.0,0
sz159915-H1_weekly_binary_hysteresis-fee0.001,2021-07-30,256996.2138,0.0,0.0,3.328,0.0,256996.2138,0.0,4247.5862,0.0,0
sz159915-H1_weekly_binary_hysteresis-fee0.001,2021-07-31,256996.2138,0.0,0.0,3.328,0.0,256996.2138,0.0,4247.5862,0.0,1
sz159915-H1_weekly_binary_hysteresis-fee0.001,2021-08-01,256996.2138,0.0,0.0,3.328,0.0,256996.2138,0.0,4247.5862,0.0,2
sz159915-H1_weekly_binary_hysteresis-fee0.001,2021-08-02,256996.2138,0.0,0.0,3.393,0.0,256996.2138,0.0,4247.5862,0.0,0
sz159915-H1_weekly_binary_hysteresis-fee0.001,2021-08-03,256996.2138,0.0,0.0,3.363,0.0,256996.2138,0.0,4247.5862,0.0,0
sz159915-H1_weekly_binary_hysteresis-fee0.001,2021-08-04,256996.2138,0.0,0.0,3.446,0.0,256996.2138,0.0,4247.5862,0.0,0
sz159915-H1_weekly_binary_hysteresis-fee0.001,2021-08-05,256996.2138,0.0,0.0,3.419,0.0,256996.2138,0.0,4247.5862,0.0,0
sz159915-H1_weekly_binary_hysteresis-fee0.001,2021-08-06,256996.2138,0.0,0.0,3.386,0.0,256996.2138,0.0,4247.5862,0.0,0
sz159915-H1_weekly_binary_hysteresis-fee0.001,2021-08-07,256996.2138,0.0,0.0,3.386,0.0,256996.2138,0.0,4247.5862,0.0,1
sz159915-H1_weekly_binary_hysteresis-fee0.001,2021-08-08,256996.2138,0.0,0.0,3.386,0.0,256996.2138,0.0,4247.5862,0.0,2
sz159915-H1_weekly_binary_hysteresis-fee0.001,2021-08-09,256996.2138,0.0,0.0,3.348,0.0,256996.2138,0.0,4247.5862,0.0,0
sz159915-H1_weekly_binary_hysteresis-fee0.001,2021-08-10,256996.2138,0.0,0.0,3.366,0.0,256996.2138,0.0,4247.5862,0.0,0
sz159915-H1_weekly_binary_hysteresis-fee0.001,2021-08-11,256996.2138,0.0,0.0,3.326,0.0,256996.2138,0.0,4247.5862,0.0,0
sz159915-H1_weekly_binary_hysteresis-fee0.001,2021-08-12,256996.2138,0.0,0.0,3.28,0.0,256996.2138,0.0,4247.5862,0.0,0
sz159915-H1_weekly_binary_hysteresis-fee0.001,2021-08-13,256996.2138,0.0,0.0,3.249,0.0,256996.2138,0.0,4247.5862,0.0,0
sz159915-H1_weekly_binary_hysteresis-fee0.001,2021-08-14,256996.2138,0.0,0.0,3.249,0.0,256996.2138,0.0,4247.5862,0.0,1
sz159915-H1_weekly_binary_hysteresis-fee0.001,2021-08-15,256996.2138,0.0,0.0,3.249,0.0,256996.2138,0.0,4247.5862,0.0,2
sz159915-H1_weekly_binary_hysteresis-fee0.001,2021-08-16,256996.2138,0.0,0.0,3.206,0.0,256996.2138,0.0,4247.5862,0.0,0
sz159915-H1_weekly_binary_hysteresis-fee0.001,2021-08-17,256996.2138,0.0,0.0,3.126,0.0,256996.2138,0.0,4247.5862,0.0,0
sz159915-H1_weekly_binary_hysteresis-fee0.001,2021-08-18,256996.2138,0.0,0.0,3.16,0.0,256996.2138,0.0,4247.5862,0.0,0
sz159915-H1_weekly_binary_hysteresis-fee0.001,2021-08-19,256996.2138,0.0,0.0,3.177,0.0,256996.2138,0.0,4247.5862,0.0,0
sz159915-H1_weekly_binary_hysteresis-fee0.001,2021-08-20,256996.2138,0.0,0.0,3.1,0.0,256996.2138,0.0,4247.5862,0.0,0
sz159915-H1_weekly_binary_hysteresis-fee0.001,2021-08-21,256996.2138,0.0,0.0,3.1,0.0,256996.2138,0.0,4247.5862,0.0,1
sz159915-H1_weekly_binary_hysteresis-fee0.001,2021-08-22,256996.2138,0.0,0.0,3.1,0.0,256996.2138,0.0,4247.5862,0.0,2
sz159915-H1_weekly_binary_hysteresis-fee0.001,2021-08-23,256996.2138,0.0,0.0,3.195,0.0,256996.2138,0.0,4247.5862,0.0,0
sz159915-H1_weekly_binary_hysteresis-fee0.001,2021-08-24,256996.2138,0.0,0.0,3.225,0.0,256996.2138,0.0,4247.5862,0.0,0
sz159915-H1_weekly_binary_hysteresis-fee0.001,2021-08-25,256996.2138,0.0,0.0,3.241,0.0,256996.2138,0.0,4247.5862,0.0,0
sz159915-H1_weekly_binary_hysteresis-fee0.001,2021-08-26,256996.2138,0.0,0.0,3.164,0.0,256996.2138,0.0,4247.5862,0.0,0
sz159915-H1_weekly_binary_hysteresis-fee0.001,2021-08-27,256996.2138,0.0,0.0,3.158,0.0,256996.2138,0.0,4247.5862,0.0,0
sz159915-H1_weekly_binary_hysteresis-fee0.001,2021-08-28,256996.2138,0.0,0.0,3.158,0.0,256996.2138,0.0,4247.5862,0.0,1
sz159915-H1_weekly_binary_hysteresis-fee0.001,2021-08-29,256996.2138,0.0,0.0,3.158,0.0,256996.2138,0.0,4247.5862,0.0,2
sz159915-H1_weekly_binary_hysteresis-fee0.001,2021-08-30,256996.2138,0.0,0.0,3.164,0.0,256996.2138,0.0,4247.5862,0.0,0
sz159915-H1_weekly_binary_hysteresis-fee0.001,2021-08-31,256996.2138,0.0,0.0,3.106,0.0,256996.2138,0.0,4247.5862,0.0,0
sz159915-H1_weekly_binary_hysteresis-fee0.001,2021-09-01,256996.2138,0.0,0.0,3.094,0.0,256996.2138,0.0,4247.5862,0.0,0
sz159915-H1_weekly_binary_hysteresis-fee0.001,2021-09-02,256996.2138,0.0,0.0,3.046,0.0,256996.2138,0.0,4247.5862,0.0,0
sz159915-H1_weekly_binary_hysteresis-fee0.001,2021-09-03,256996.2138,0.0,0.0,3.01,0.0,256996.2138,0.0,4247.5862,0.0,0
sz159915-H1_weekly_binary_hysteresis-fee0.001,2021-09-04,256996.2138,0.0,0.0,3.01,0.0,256996.2138,0.0,4247.5862,0.0,1
sz159915-H1_weekly_binary_hysteresis-fee0.001,2021-09-05,256996.2138,0.0,0.0,3.01,0.0,256996.2138,0.0,4247.5862,0.0,2
sz159915-H1_weekly_binary_hysteresis-fee0.001,2021-09-06,256996.2138,0.0,0.0,3.129,0.0,256996.2138,0.0,4247.5862,0.0,0
sz159915-H1_weekly_binary_hysteresis-fee0.001,2021-09-07,256996.2138,0.0,0.0,3.147,0.0,256996.2138,0.0,4247.5862,0.0,0
sz159915-H1_weekly_binary_hysteresis-fee0.001,2021-09-08,256996.2138,0.0,0.0,3.123,0.0,256996.2138,0.0,4247.5862,0.0,0
sz159915-H1_weekly_binary_hysteresis-fee0.001,2021-09-09,256996.2138,0.0,0.0,3.126,0.0,256996.2138,0.0,4247.5862,0.0,0
sz159915-H1_weekly_binary_hysteresis-fee0.001,2021-09-10,256996.2138,0.0,0.0,3.135,0.0,256996.2138,0.0,4247.5862,0.0,0
sz159915-H1_weekly_binary_hysteresis-fee0.001,2021-09-11,256996.2138,0.0,0.0,3.135,0.0,256996.2138,0.0,4247.5862,0.0,1
sz159915-H1_weekly_binary_hysteresis-fee0.001,2021-09-12,256996.2138,0.0,0.0,3.135,0.0,256996.2138,0.0,4247.5862,0.0,2
sz159915-H1_weekly_binary_hysteresis-fee0.001,2021-09-13,256996.2138,0.0,0.0,3.095,0.0,256996.2138,0.0,4247.5862,0.0,0
sz159915-H1_weekly_binary_hysteresis-fee0.001,2021-09-14,256996.2138,0.0,0.0,3.14,0.0,256996.2138,0.0,4247.5862,0.0,0
sz159915-H1_weekly_binary_hysteresis-fee0.001,2021-09-15,256996.2138,0.0,0.0,3.105,0.0,256996.2138,0.0,4247.5862,0.0,0
sz159915-H1_weekly_binary_hysteresis-fee0.001,2021-09-16,256996.2138,0.0,0.0,3.035,0.0,256996.2138,0.0,4247.5862,0.0,0
sz159915-H1_weekly_binary_hysteresis-fee0.001,2021-09-17,256996.2138,0.0,0.0,3.097,0.0,256996.2138,0.0,4247.5862,0.0,0
sz159915-H1_weekly_binary_hysteresis-fee0.001,2021-09-18,256996.2138,0.0,0.0,3.097,0.0,256996.2138,0.0,4247.5862,0.0,1
sz159915-H1_weekly_binary_hysteresis-fee0.001,2021-09-19,256996.2138,0.0,0.0,3.097,0.0,256996.2138,0.0,4247.5862,0.0,2
sz159915-H1_weekly_binary_hysteresis-fee0.001,2021-09-20,256996.2138,0.0,0.0,3.097,0.0,256996.2138,0.0,4247.5862,0.0,3
sz159915-H1_weekly_binary_hysteresis-fee0.001,2021-09-21,256996.2138,0.0,0.0,3.097,0.0,256996.2138,0.0,4247.5862,0.0,4
sz159915-H1_weekly_binary_hysteresis-fee0.001,2021-09-22,256996.2138,0.0,0.0,3.068,0.0,256996.2138,0.0,4247.5862,0.0,0
sz159915-H1_weekly_binary_hysteresis-fee0.001,2021-09-23,256996.2138,0.0,0.0,3.086,0.0,256996.2138,0.0,4247.5862,0.0,0
sz159915-H1_weekly_binary_hysteresis-fee0.001,2021-09-24,256996.2138,0.0,0.0,3.109,0.0,256996.2138,0.0,4247.5862,0.0,0
sz159915-H1_weekly_binary_hysteresis-fee0.001,2021-09-25,256996.2138,0.0,0.0,3.109,0.0,256996.2138,0.0,4247.5862,0.0,1
sz159915-H1_weekly_binary_hysteresis-fee0.001,2021-09-26,256996.2138,0.0,0.0,3.109,0.0,256996.2138,0.0,4247.5862,0.0,2
sz159915-H1_weekly_binary_hysteresis-fee0.001,2021-09-27,256996.2138,0.0,0.0,3.13,0.0,256996.2138,0.0,4247.5862,0.0,0
sz159915-H1_weekly_binary_hysteresis-fee0.001,2021-09-28,256996.2138,0.0,0.0,3.114,0.0,256996.2138,0.0,4247.5862,0.0,0
sz159915-H1_weekly_binary_hysteresis-fee0.001,2021-09-29,256996.2138,0.0,0.0,3.083,0.0,256996.2138,0.0,4247.5862,0.0,0
sz159915-H1_weekly_binary_hysteresis-fee0.001,2021-09-30,256996.2138,0.0,0.0,3.148,0.0,256996.2138,0.0,4247.5862,0.0,0
sz159915-H1_weekly_binary_hysteresis-fee0.001,2021-10-01,256996.2138,0.0,0.0,3.148,0.0,256996.2138,0.0,4247.5862,0.0,1
sz159915-H1_weekly_binary_hysteresis-fee0.001,2021-10-02,256996.2138,0.0,0.0,3.148,0.0,256996.2138,0.0,4247.5862,0.0,2
sz159915-H1_weekly_binary_hysteresis-fee0.001,2021-10-03,256996.2138,0.0,0.0,3.148,0.0,256996.2138,0.0,4247.5862,0.0,3
sz159915-H1_weekly_binary_hysteresis-fee0.001,2021-10-04,256996.2138,0.0,0.0,3.148,0.0,256996.2138,0.0,4247.5862,0.0,4
sz159915-H1_weekly_binary_hysteresis-fee0.001,2021-10-05,256996.2138,0.0,0.0,3.148,0.0,256996.2138,0.0,4247.5862,0.0,5
sz159915-H1_weekly_binary_hysteresis-fee0.001,2021-10-06,256996.2138,0.0,0.0,3.148,0.0,256996.2138,0.0,4247.5862,0.0,6
sz159915-H1_weekly_binary_hysteresis-fee0.001,2021-10-07,256996.2138,0.0,0.0,3.148,0.0,256996.2138,0.0,4247.5862,0.0,7
sz159915-H1_weekly_binary_hysteresis-fee0.001,2021-10-08,256996.2138,0.0,0.0,3.138,0.0,256996.2138,0.0,4247.5862,0.0,0
sz159915-H1_weekly_binary_hysteresis-fee0.001,2021-10-09,256996.2138,0.0,0.0,3.138,0.0,256996.2138,0.0,4247.5862,0.0,1
sz159915-H1_weekly_binary_hysteresis-fee0.001,2021-10-10,256996.2138,0.0,0.0,3.138,0.0,256996.2138,0.0,4247.5862,0.0,2
sz159915-H1_weekly_binary_hysteresis-fee0.001,2021-10-11,256996.2138,0.0,0.0,3.096,0.0,256996.2138,0.0,4247.5862,0.0,0
sz159915-H1_weekly_binary_hysteresis-fee0.001,2021-10-12,256996.2138,0.0,0.0,3.042,0.0,256996.2138,0.0,4247.5862,0.0,0
sz159915-H1_weekly_binary_hysteresis-fee0.001,2021-10-13,256996.2138,0.0,0.0,3.109,0.0,256996.2138,0.0,4247.5862,0.0,0
sz159915-H1_weekly_binary_hysteresis-fee0.001,2021-10-14,256996.2138,0.0,0.0,3.112,0.0,256996.2138,0.0,4247.5862,0.0,0
sz159915-H1_weekly_binary_hysteresis-fee0.001,2021-10-15,256996.2138,0.0,0.0,3.176,0.0,256996.2138,0.0,4247.5862,0.0,0
sz159915-H1_weekly_binary_hysteresis-fee0.001,2021-10-16,256996.2138,0.0,0.0,3.176,0.0,256996.2138,0.0,4247.5862,0.0,1
sz159915-H1_weekly_binary_hysteresis-fee0.001,2021-10-17,256996.2138,0.0,0.0,3.176,0.0,256996.2138,0.0,4247.5862,0.0,2
sz159915-H1_weekly_binary_hysteresis-fee0.001,2021-10-18,256996.2138,0.0,0.0,3.172,0.0,256996.2138,0.0,4247.5862,0.0,0
sz159915-H1_weekly_binary_hysteresis-fee0.001,2021-10-19,256996.2138,0.0,0.0,3.191,0.0,256996.2138,0.0,4247.5862,0.0,0
sz159915-H1_weekly_binary_hysteresis-fee0.001,2021-10-20,256996.2138,0.0,0.0,3.185,0.0,256996.2138,0.0,4247.5862,0.0,0
sz159915-H1_weekly_binary_hysteresis-fee0.001,2021-10-21,256996.2138,0.0,0.0,3.174,0.0,256996.2138,0.0,4247.5862,0.0,0
sz159915-H1_weekly_binary_hysteresis-fee0.001,2021-10-22,256996.2138,0.0,0.0,3.185,0.0,256996.2138,0.0,4247.5862,0.0,0
sz159915-H1_weekly_binary_hysteresis-fee0.001,2021-10-23,256996.2138,0.0,0.0,3.185,0.0,256996.2138,0.0,4247.5862,0.0,1
sz159915-H1_weekly_binary_hysteresis-fee0.001,2021-10-24,256996.2138,0.0,0.0,3.185,0.0,256996.2138,0.0,4247.5862,0.0,2
sz159915-H1_weekly_binary_hysteresis-fee0.001,2021-10-25,256996.2138,0.0,0.0,3.236,0.0,256996.2138,0.0,4247.5862,0.0,0
sz159915-H1_weekly_binary_hysteresis-fee0.001,2021-10-26,256996.2138,0.0,0.0,3.221,0.0,256996.2138,0.0,4247.5862,0.0,0
sz159915-H1_weekly_binary_hysteresis-fee0.001,2021-10-27,256996.2138,0.0,0.0,3.205,0.0,256996.2138,0.0,4247.5862,0.0,0
sz159915-H1_weekly_binary_hysteresis-fee0.001,2021-10-28,256996.2138,0.0,0.0,3.178,0.0,256996.2138,0.0,4247.5862,0.0,0
sz159915-H1_weekly_binary_hysteresis-fee0.001,2021-10-29,256996.2138,0.0,0.0,3.249,0.0,256996.2138,0.0,4247.5862,0.0,0
sz159915-H1_weekly_binary_hysteresis-fee0.001,2021-10-30,256996.2138,0.0,0.0,3.249,0.0,256996.2138,0.0,4247.5862,0.0,1
sz159915-H1_weekly_binary_hysteresis-fee0.001,2021-10-31,256996.2138,0.0,0.0,3.249,0.0,256996.2138,0.0,4247.5862,0.0,2
sz159915-H1_weekly_binary_hysteresis-fee0.001,2021-11-01,60.0343,0.0,79100.0,3.224,255018.4,255078.4343,0.999764643764712,4504.2657,0.0,0
sz159915-H1_weekly_binary_hysteresis-fee0.001,2021-11-02,60.0343,0.0,79100.0,3.228,255334.8,255394.8343,0.9997649353395712,4504.2657,0.0,0
sz159915-H1_weekly_binary_hysteresis-fee0.001,2021-11-03,60.0343,0.0,79100.0,3.222,254860.2,254920.2343,0.9997644977058614,4504.2657,0.0,0
sz159915-H1_weekly_binary_hysteresis-fee0.001,2021-11-04,60.0343,0.0,79100.0,3.26,257866.0,257926.0343,0.9997672421856796,4504.2657,0.0,0
sz159915-H1_weekly_binary_hysteresis-fee0.001,2021-11-05,60.0343,0.0,79100.0,3.248,256916.8,256976.8343,0.9997663824439136,4504.2657,0.0,0
sz159915-H1_weekly_binary_hysteresis-fee0.001,2021-11-06,60.0343,0.0,79100.0,3.248,256916.8,256976.8343,0.9997663824439136,4504.2657,0.0,1
sz159915-H1_weekly_binary_hysteresis-fee0.001,2021-11-07,60.0343,0.0,79100.0,3.248,256916.8,256976.8343,0.9997663824439136,4504.2657,0.0,2
sz159915-H1_weekly_binary_hysteresis-fee0.001,2021-11-08,60.0343,0.0,79100.0,3.278,259289.8,259349.8343,0.9997685199986265,4504.2657,0.0,0
sz159915-H1_weekly_binary_hysteresis-fee0.001,2021-11-09,60.0343,0.0,79100.0,3.3,261030.0,261090.0343,0.9997700628437965,4504.2657,0.0,0
sz159915-H1_weekly_binary_hysteresis-fee0.001,2021-11-10,60.0343,0.0,79100.0,3.296,260713.6,260773.6343,0.9997697838580916,4504.2657,0.0,0
sz159915-H1_weekly_binary_hysteresis-fee0.001,2021-11-11,60.0343,0.0,79100.0,3.324,262928.4,262988.4343,0.9997717226608851,4504.2657,0.0,0
sz159915-H1_weekly_binary_hysteresis-fee0.001,2021-11-12,60.0343,0.0,79100.0,3.324,262928.4,262988.4343,0.9997717226608851,4504.2657,0.0,0
sz159915-H1_weekly_binary_hysteresis-fee0.001,2021-11-13,60.0343,0.0,79100.0,3.324,262928.4,262988.4343,0.9997717226608851,4504.2657,0.0,1
sz159915-H1_weekly_binary_hysteresis-fee0.001,2021-11-14,60.0343,0.0,79100.0,3.324,262928.4,262988.4343,0.9997717226608851,4504.2657,0.0,2
sz159915-H1_weekly_binary_hysteresis-fee0.001,2021-11-15,262725.5059,0.0,0.0,3.295,0.0,262725.5059,0.0,4767.1941,0.0,0
sz159915-H1_weekly_binary_hysteresis-fee0.001,2021-11-16,262725.5059,0.0,0.0,3.282,0.0,262725.5059,0.0,4767.1941,0.0,0
sz159915-H1_weekly_binary_hysteresis-fee0.001,2021-11-17,262725.5059,0.0,0.0,3.317,0.0,262725.5059,0.0,4767.1941,0.0,0
sz159915-H1_weekly_binary_hysteresis-fee0.001,2021-11-18,262725.5059,0.0,0.0,3.274,0.0,262725.5059,0.0,4767.1941,0.0,0
sz159915-H1_weekly_binary_hysteresis-fee0.001,2021-11-19,262725.5059,0.0,0.0,3.313,0.0,262725.5059,0.0,4767.1941,0.0,0
sz159915-H1_weekly_binary_hysteresis-fee0.001,2021-11-20,262725.5059,0.0,0.0,3.313,0.0,262725.5059,0.0,4767.1941,0.0,1
sz159915-H1_weekly_binary_hysteresis-fee0.001,2021-11-21,262725.5059,0.0,0.0,3.313,0.0,262725.5059,0.0,4767.1941,0.0,2
sz159915-H1_weekly_binary_hysteresis-fee0.001,2021-11-22,262725.5059,0.0,0.0,3.393,0.0,262725.5059,0.0,4767.1941,0.0,0
sz159915-H1_weekly_binary_hysteresis-fee0.001,2021-11-23,262725.5059,0.0,0.0,3.38,0.0,262725.5059,0.0,4767.1941,0.0,0
sz159915-H1_weekly_binary_hysteresis-fee0.001,2021-11-24,262725.5059,0.0,0.0,3.362,0.0,262725.5059,0.0,4767.1941,0.0,0
sz159915-H1_weekly_binary_hysteresis-fee0.001,2021-11-25,262725.5059,0.0,0.0,3.368,0.0,262725.5059,0.0,4767.1941,0.0,0
sz159915-H1_weekly_binary_hysteresis-fee0.001,2021-11-26,262725.5059,0.0,0.0,3.364,0.0,262725.5059,0.0,4767.1941,0.0,0
sz159915-H1_weekly_binary_hysteresis-fee0.001,2021-11-27,262725.5059,0.0,0.0,3.364,0.0,262725.5059,0.0,4767.1941,0.0,1
sz159915-H1_weekly_binary_hysteresis-fee0.001,2021-11-28,262725.5059,0.0,0.0,3.364,0.0,262725.5059,0.0,4767.1941,0.0,2
sz159915-H1_weekly_binary_hysteresis-fee0.001,2021-11-29,262725.5059,0.0,0.0,3.389,0.0,262725.5059,0.0,4767.1941,0.0,0
sz159915-H1_weekly_binary_hysteresis-fee0.001,2021-11-30,262725.5059,0.0,0.0,3.386,0.0,262725.5059,0.0,4767.1941,0.0,0
sz159915-H1_weekly_binary_hysteresis-fee0.001,2021-12-01,262725.5059,0.0,0.0,3.365,0.0,262725.5059,0.0,4767.1941,0.0,0
sz159915-H1_weekly_binary_hysteresis-fee0.001,2021-12-02,262725.5059,0.0,0.0,3.355,0.0,262725.5059,0.0,4767.1941,0.0,0
sz159915-H1_weekly_binary_hysteresis-fee0.001,2021-12-03,262725.5059,0.0,0.0,3.37,0.0,262725.5059,0.0,4767.1941,0.0,0
sz159915-H1_weekly_binary_hysteresis-fee0.001,2021-12-04,262725.5059,0.0,0.0,3.37,0.0,262725.5059,0.0,4767.1941,0.0,1
sz159915-H1_weekly_binary_hysteresis-fee0.001,2021-12-05,262725.5059,0.0,0.0,3.37,0.0,262725.5059,0.0,4767.1941,0.0,2
sz159915-H1_weekly_binary_hysteresis-fee0.001,2021-12-06,262725.5059,0.0,0.0,3.294,0.0,262725.5059,0.0,4767.1941,0.0,0
sz159915-H1_weekly_binary_hysteresis-fee0.001,2021-12-07,262725.5059,0.0,0.0,3.266,0.0,262725.5059,0.0,4767.1941,0.0,0
sz159915-H1_weekly_binary_hysteresis-fee0.001,2021-12-08,262725.5059,0.0,0.0,3.314,0.0,262725.5059,0.0,4767.1941,0.0,0
sz159915-H1_weekly_binary_hysteresis-fee0.001,2021-12-09,262725.5059,0.0,0.0,3.353,0.0,262725.5059,0.0,4767.1941,0.0,0
sz159915-H1_weekly_binary_hysteresis-fee0.001,2021-12-10,262725.5059,0.0,0.0,3.37,0.0,262725.5059,0.0,4767.1941,0.0,0
sz159915-H1_weekly_binary_hysteresis-fee0.001,2021-12-11,262725.5059,0.0,0.0,3.37,0.0,262725.5059,0.0,4767.1941,0.0,1
sz159915-H1_weekly_binary_hysteresis-fee0.001,2021-12-12,262725.5059,0.0,0.0,3.37,0.0,262725.5059,0.0,4767.1941,0.0,2
sz159915-H1_weekly_binary_hysteresis-fee0.001,2021-12-13,262725.5059,0.0,0.0,3.389,0.0,262725.5059,0.0,4767.1941,0.0,0
sz159915-H1_weekly_binary_hysteresis-fee0.001,2021-12-14,262725.5059,0.0,0.0,3.384,0.0,262725.5059,0.0,4767.1941,0.0,0
sz159915-H1_weekly_binary_hysteresis-fee0.001,2021-12-15,262725.5059,0.0,0.0,3.355,0.0,262725.5059,0.0,4767.1941,0.0,0
sz159915-H1_weekly_binary_hysteresis-fee0.001,2021-12-16,262725.5059,0.0,0.0,3.378,0.0,262725.5059,0.0,4767.1941,0.0,0
sz159915-H1_weekly_binary_hysteresis-fee0.001,2021-12-17,262725.5059,0.0,0.0,3.328,0.0,262725.5059,0.0,4767.1941,0.0,0
sz159915-H1_weekly_binary_hysteresis-fee0.001,2021-12-18,262725.5059,0.0,0.0,3.328,0.0,262725.5059,0.0,4767.1941,0.0,1
sz159915-H1_weekly_binary_hysteresis-fee0.001,2021-12-19,262725.5059,0.0,0.0,3.328,0.0,262725.5059,0.0,4767.1941,0.0,2
sz159915-H1_weekly_binary_hysteresis-fee0.001,2021-12-20,262725.5059,0.0,0.0,3.225,0.0,262725.5059,0.0,4767.1941,0.0,0
sz159915-H1_weekly_binary_hysteresis-fee0.001,2021-12-21,262725.5059,0.0,0.0,3.247,0.0,262725.5059,0.0,4767.1941,0.0,0
sz159915-H1_weekly_binary_hysteresis-fee0.001,2021-12-22,262725.5059,0.0,0.0,3.26,0.0,262725.5059,0.0,4767.1941,0.0,0
sz159915-H1_weekly_binary_hysteresis-fee0.001,2021-12-23,262725.5059,0.0,0.0,3.269,0.0,262725.5059,0.0,4767.1941,0.0,0
sz159915-H1_weekly_binary_hysteresis-fee0.001,2021-12-24,262725.5059,0.0,0.0,3.196,0.0,262725.5059,0.0,4767.1941,0.0,0
sz159915-H1_weekly_binary_hysteresis-fee0.001,2021-12-25,262725.5059,0.0,0.0,3.196,0.0,262725.5059,0.0,4767.1941,0.0,1
sz159915-H1_weekly_binary_hysteresis-fee0.001,2021-12-26,262725.5059,0.0,0.0,3.196,0.0,262725.5059,0.0,4767.1941,0.0,2
sz159915-H1_weekly_binary_hysteresis-fee0.001,2021-12-27,262725.5059,0.0,0.0,3.19,0.0,262725.5059,0.0,4767.1941,0.0,0
sz159915-H1_weekly_binary_hysteresis-fee0.001,2021-12-28,262725.5059,0.0,0.0,3.226,0.0,262725.5059,0.0,4767.1941,0.0,0
sz159915-H1_weekly_binary_hysteresis-fee0.001,2021-12-29,262725.5059,0.0,0.0,3.182,0.0,262725.5059,0.0,4767.1941,0.0,0
sz159915-H1_weekly_binary_hysteresis-fee0.001,2021-12-30,262725.5059,0.0,0.0,3.219,0.0,262725.5059,0.0,4767.1941,0.0,0
sz159915-H1_weekly_binary_hysteresis-fee0.001,2021-12-31,262725.5059,0.0,0.0,3.218,0.0,262725.5059,0.0,4767.1941,0.0,0
sz159915-H1_weekly_binary_hysteresis-fee0.001,2022-01-01,262725.5059,0.0,0.0,3.218,0.0,262725.5059,0.0,4767.1941,0.0,1
sz159915-H1_weekly_binary_hysteresis-fee0.001,2022-01-02,262725.5059,0.0,0.0,3.218,0.0,262725.5059,0.0,4767.1941,0.0,2
sz159915-H1_weekly_binary_hysteresis-fee0.001,2022-01-03,262725.5059,0.0,0.0,3.218,0.0,262725.5059,0.0,4767.1941,0.0,3
sz159915-H1_weekly_binary_hysteresis-fee0.001,2022-01-04,262725.5059,0.0,0.0,3.154,0.0,262725.5059,0.0,4767.1941,0.0,0
sz159915-H1_weekly_binary_hysteresis-fee0.001,2022-01-05,262725.5059,0.0,0.0,3.064,0.0,262725.5059,0.0,4767.1941,0.0,0
sz159915-H1_weekly_binary_hysteresis-fee0.001,2022-01-06,262725.5059,0.0,0.0,3.034,0.0,262725.5059,0.0,4767.1941,0.0,0
sz159915-H1_weekly_binary_hysteresis-fee0.001,2022-01-07,262725.5059,0.0,0.0,3.003,0.0,262725.5059,0.0,4767.1941,0.0,0
sz159915-H1_weekly_binary_hysteresis-fee0.001,2022-01-08,262725.5059,0.0,0.0,3.003,0.0,262725.5059,0.0,4767.1941,0.0,1
sz159915-H1_weekly_binary_hysteresis-fee0.001,2022-01-09,262725.5059,0.0,0.0,3.003,0.0,262725.5059,0.0,4767.1941,0.0,2
sz159915-H1_weekly_binary_hysteresis-fee0.001,2022-01-10,262725.5059,0.0,0.0,2.998,0.0,262725.5059,0.0,4767.1941,0.0,0
sz159915-H1_weekly_binary_hysteresis-fee0.001,2022-01-11,262725.5059,0.0,0.0,2.96,0.0,262725.5059,0.0,4767.1941,0.0,0
sz159915-H1_weekly_binary_hysteresis-fee0.001,2022-01-12,262725.5059,0.0,0.0,3.035,0.0,262725.5059,0.0,4767.1941,0.0,0
sz159915-H1_weekly_binary_hysteresis-fee0.001,2022-01-13,262725.5059,0.0,0.0,2.99,0.0,262725.5059,0.0,4767.1941,0.0,0
sz159915-H1_weekly_binary_hysteresis-fee0.001,2022-01-14,262725.5059,0.0,0.0,3.015,0.0,262725.5059,0.0,4767.1941,0.0,0
sz159915-H1_weekly_binary_hysteresis-fee0.001,2022-01-15,262725.5059,0.0,0.0,3.015,0.0,262725.5059,0.0,4767.1941,0.0,1
sz159915-H1_weekly_binary_hysteresis-fee0.001,2022-01-16,262725.5059,0.0,0.0,3.015,0.0,262725.5059,0.0,4767.1941,0.0,2
sz159915-H1_weekly_binary_hysteresis-fee0.001,2022-01-17,262725.5059,0.0,0.0,3.068,0.0,262725.5059,0.0,4767.1941,0.0,0
sz159915-H1_weekly_binary_hysteresis-fee0.001,2022-01-18,262725.5059,0.0,0.0,3.047,0.0,262725.5059,0.0,4767.1941,0.0,0
sz159915-H1_weekly_binary_hysteresis-fee0.001,2022-01-19,262725.5059,0.0,0.0,2.985,0.0,262725.5059,0.0,4767.1941,0.0,0
sz159915-H1_weekly_binary_hysteresis-fee0.001,2022-01-20,262725.5059,0.0,0.0,2.975,0.0,262725.5059,0.0,4767.1941,0.0,0
sz159915-H1_weekly_binary_hysteresis-fee0.001,2022-01-21,262725.5059,0.0,0.0,2.941,0.0,262725.5059,0.0,4767.1941,0.0,0
sz159915-H1_weekly_binary_hysteresis-fee0.001,2022-01-22,262725.5059,0.0,0.0,2.941,0.0,262725.5059,0.0,4767.1941,0.0,1
sz159915-H1_weekly_binary_hysteresis-fee0.001,2022-01-23,262725.5059,0.0,0.0,2.941,0.0,262725.5059,0.0,4767.1941,0.0,2
sz159915-H1_weekly_binary_hysteresis-fee0.001,2022-01-24,262725.5059,0.0,0.0,2.962,0.0,262725.5059,0.0,4767.1941,0.0,0
sz159915-H1_weekly_binary_hysteresis-fee0.001,2022-01-25,262725.5059,0.0,0.0,2.881,0.0,262725.5059,0.0,4767.1941,0.0,0
sz159915-H1_weekly_binary_hysteresis-fee0.001,2022-01-26,262725.5059,0.0,0.0,2.906,0.0,262725.5059,0.0,4767.1941,0.0,0
sz159915-H1_weekly_binary_hysteresis-fee0.001,2022-01-27,262725.5059,0.0,0.0,2.815,0.0,262725.5059,0.0,4767.1941,0.0,0
sz159915-H1_weekly_binary_hysteresis-fee0.001,2022-01-28,262725.5059,0.0,0.0,2.819,0.0,262725.5059,0.0,4767.1941,0.0,0
sz159915-H1_weekly_binary_hysteresis-fee0.001,2022-01-29,262725.5059,0.0,0.0,2.819,0.0,262725.5059,0.0,4767.1941,0.0,1
sz159915-H1_weekly_binary_hysteresis-fee0.001,2022-01-30,262725.5059,0.0,0.0,2.819,0.0,262725.5059,0.0,4767.1941,0.0,2
sz159915-H1_weekly_binary_hysteresis-fee0.001,2022-01-31,262725.5059,0.0,0.0,2.819,0.0,262725.5059,0.0,4767.1941,0.0,3
sz159915-H1_weekly_binary_hysteresis-fee0.001,2022-02-01,262725.5059,0.0,0.0,2.819,0.0,262725.5059,0.0,4767.1941,0.0,4
sz159915-H1_weekly_binary_hysteresis-fee0.001,2022-02-02,262725.5059,0.0,0.0,2.819,0.0,262725.5059,0.0,4767.1941,0.0,5
sz159915-H1_weekly_binary_hysteresis-fee0.001,2022-02-03,262725.5059,0.0,0.0,2.819,0.0,262725.5059,0.0,4767.1941,0.0,6
sz159915-H1_weekly_binary_hysteresis-fee0.001,2022-02-04,262725.5059,0.0,0.0,2.819,0.0,262725.5059,0.0,4767.1941,0.0,7
sz159915-H1_weekly_binary_hysteresis-fee0.001,2022-02-05,262725.5059,0.0,0.0,2.819,0.0,262725.5059,0.0,4767.1941,0.0,8
sz159915-H1_weekly_binary_hysteresis-fee0.001,2022-02-06,262725.5059,0.0,0.0,2.819,0.0,262725.5059,0.0,4767.1941,0.0,9
sz159915-H1_weekly_binary_hysteresis-fee0.001,2022-02-07,262725.5059,0.0,0.0,2.83,0.0,262725.5059,0.0,4767.1941,0.0,0
sz159915-H1_weekly_binary_hysteresis-fee0.001,2022-02-08,262725.5059,0.0,0.0,2.758,0.0,262725.5059,0.0,4767.1941,0.0,0
sz159915-H1_weekly_binary_hysteresis-fee0.001,2022-02-09,262725.5059,0.0,0.0,2.791,0.0,262725.5059,0.0,4767.1941,0.0,0
sz159915-H1_weekly_binary_hysteresis-fee0.001,2022-02-10,262725.5059,0.0,0.0,2.74,0.0,262725.5059,0.0,4767.1941,0.0,0
sz159915-H1_weekly_binary_hysteresis-fee0.001,2022-02-11,262725.5059,0.0,0.0,2.66,0.0,262725.5059,0.0,4767.1941,0.0,0
sz159915-H1_weekly_binary_hysteresis-fee0.001,2022-02-12,262725.5059,0.0,0.0,2.66,0.0,262725.5059,0.0,4767.1941,0.0,1
sz159915-H1_weekly_binary_hysteresis-fee0.001,2022-02-13,262725.5059,0.0,0.0,2.66,0.0,262725.5059,0.0,4767.1941,0.0,2
sz159915-H1_weekly_binary_hysteresis-fee0.001,2022-02-14,46.2891,0.0,99100.0,2.646,262218.6,262264.8891,0.9998235024895675,5029.6109,0.0,0
sz159915-H1_weekly_binary_hysteresis-fee0.001,2022-02-15,46.2891,0.0,99100.0,2.726,270146.6,270192.8891,0.9998286812796806,5029.6109,0.0,0
sz159915-H1_weekly_binary_hysteresis-fee0.001,2022-02-16,46.2891,0.0,99100.0,2.725,270047.5,270093.7891,0.9998286184212001,5029.6109,0.0,0
sz159915-H1_weekly_binary_hysteresis-fee0.001,2022-02-17,46.2891,0.0,99100.0,2.744,271930.4,271976.6891,0.9998298048992611,5029.6109,0.0,0
sz159915-H1_weekly_binary_hysteresis-fee0.001,2022-02-18,46.2891,0.0,99100.0,2.739,271434.9,271481.1891,0.999829494263844,5029.6109,0.0,0
sz159915-H1_weekly_binary_hysteresis-fee0.001,2022-02-19,46.2891,0.0,99100.0,2.739,271434.9,271481.1891,0.999829494263844,5029.6109,0.0,1
sz159915-H1_weekly_binary_hysteresis-fee0.001,2022-02-20,46.2891,0.0,99100.0,2.739,271434.9,271481.1891,0.999829494263844,5029.6109,0.0,2
sz159915-H1_weekly_binary_hysteresis-fee0.001,2022-02-21,271209.7542,0.0,0.0,2.713,0.0,271209.7542,0.0,5301.0458,0.0,0
sz159915-H1_weekly_binary_hysteresis-fee0.001,2022-02-22,271209.7542,0.0,0.0,2.678,0.0,271209.7542,0.0,5301.0458,0.0,0
sz159915-H1_weekly_binary_hysteresis-fee0.001,2022-02-23,271209.7542,0.0,0.0,2.754,0.0,271209.7542,0.0,5301.0458,0.0,0
sz159915-H1_weekly_binary_hysteresis-fee0.001,2022-02-24,271209.7542,0.0,0.0,2.693,0.0,271209.7542,0.0,5301.0458,0.0,0
sz159915-H1_weekly_binary_hysteresis-fee0.001,2022-02-25,271209.7542,0.0,0.0,2.763,0.0,271209.7542,0.0,5301.0458,0.0,0
sz159915-H1_weekly_binary_hysteresis-fee0.001,2022-02-26,271209.7542,0.0,0.0,2.763,0.0,271209.7542,0.0,5301.0458,0.0,1
sz159915-H1_weekly_binary_hysteresis-fee0.001,2022-02-27,271209.7542,0.0,0.0,2.763,0.0,271209.7542,0.0,5301.0458,0.0,2
sz159915-H1_weekly_binary_hysteresis-fee0.001,2022-02-28,271209.7542,0.0,0.0,2.786,0.0,271209.7542,0.0,5301.0458,0.0,0
sz159915-H1_weekly_binary_hysteresis-fee0.001,2022-03-01,271209.7542,0.0,0.0,2.795,0.0,271209.7542,0.0,5301.0458,0.0,0
sz159915-H1_weekly_binary_hysteresis-fee0.001,2022-03-02,271209.7542,0.0,0.0,2.741,0.0,271209.7542,0.0,5301.0458,0.0,0
sz159915-H1_weekly_binary_hysteresis-fee0.001,2022-03-03,271209.7542,0.0,0.0,2.704,0.0,271209.7542,0.0,5301.0458,0.0,0
sz159915-H1_weekly_binary_hysteresis-fee0.001,2022-03-04,271209.7542,0.0,0.0,2.662,0.0,271209.7542,0.0,5301.0458,0.0,0
sz159915-H1_weekly_binary_hysteresis-fee0.001,2022-03-05,271209.7542,0.0,0.0,2.662,0.0,271209.7542,0.0,5301.0458,0.0,1
sz159915-H1_weekly_binary_hysteresis-fee0.001,2022-03-06,271209.7542,0.0,0.0,2.662,0.0,271209.7542,0.0,5301.0458,0.0,2
sz159915-H1_weekly_binary_hysteresis-fee0.001,2022-03-07,271209.7542,0.0,0.0,2.543,0.0,271209.7542,0.0,5301.0458,0.0,0
sz159915-H1_weekly_binary_hysteresis-fee0.001,2022-03-08,271209.7542,0.0,0.0,2.507,0.0,271209.7542,0.0,5301.0458,0.0,0
sz159915-H1_weekly_binary_hysteresis-fee0.001,2022-03-09,271209.7542,0.0,0.0,2.483,0.0,271209.7542,0.0,5301.0458,0.0,0
sz159915-H1_weekly_binary_hysteresis-fee0.001,2022-03-10,271209.7542,0.0,0.0,2.547,0.0,271209.7542,0.0,5301.0458,0.0,0
sz159915-H1_weekly_binary_hysteresis-fee0.001,2022-03-11,271209.7542,0.0,0.0,2.583,0.0,271209.7542,0.0,5301.0458,0.0,0
sz159915-H1_weekly_binary_hysteresis-fee0.001,2022-03-12,271209.7542,0.0,0.0,2.583,0.0,271209.7542,0.0,5301.0458,0.0,1
sz159915-H1_weekly_binary_hysteresis-fee0.001,2022-03-13,271209.7542,0.0,0.0,2.583,0.0,271209.7542,0.0,5301.0458,0.0,2
sz159915-H1_weekly_binary_hysteresis-fee0.001,2022-03-14,192.9081,0.0,106300.0,2.49,264687.0,264879.9081,0.9992717148636009,5571.7919,0.0,0
sz159915-H1_weekly_binary_hysteresis-fee0.001,2022-03-15,192.9081,0.0,106300.0,2.421,257352.3,257545.2081,0.9992509738332033,5571.7919,0.0,0
sz159915-H1_weekly_binary_hysteresis-fee0.001,2022-03-16,192.9081,0.0,106300.0,2.552,271277.6,271470.5081,0.9992893957382327,5571.7919,0.0,0
sz159915-H1_weekly_binary_hysteresis-fee0.001,2022-03-17,192.9081,0.0,106300.0,2.624,278931.2,279124.1081,0.9993088805502572,5571.7919,0.0,0
sz159915-H1_weekly_binary_hysteresis-fee0.001,2022-03-18,192.9081,0.0,106300.0,2.635,280100.5,280293.4081,0.9993117636932397,5571.7919,0.0,0
sz159915-H1_weekly_binary_hysteresis-fee0.001,2022-03-19,192.9081,0.0,106300.0,2.635,280100.5,280293.4081,0.9993117636932397,5571.7919,0.0,1
sz159915-H1_weekly_binary_hysteresis-fee0.001,2022-03-20,192.9081,0.0,106300.0,2.635,280100.5,280293.4081,0.9993117636932397,5571.7919,0.0,2
sz159915-H1_weekly_binary_hysteresis-fee0.001,2022-03-21,192.9081,0.0,106300.0,2.636,280206.8,280399.7081,0.9993120246047789,5571.7919,0.0,0
sz159915-H1_weekly_binary_hysteresis-fee0.001,2022-03-22,192.9081,0.0,106300.0,2.602,276592.6,276785.5081,0.9993030411840409,5571.7919,0.0,0
sz159915-H1_weekly_binary_hysteresis-fee0.001,2022-03-23,192.9081,0.0,106300.0,2.629,279462.7,279655.6081,0.9993101940586472,5571.7919,0.0,0
sz159915-H1_weekly_binary_hysteresis-fee0.001,2022-03-24,192.9081,0.0,106300.0,2.62,278506.0,278698.9081,0.9993078261364025,5571.7919,0.0,0
sz159915-H1_weekly_binary_hysteresis-fee0.001,2022-03-25,192.9081,0.0,106300.0,2.565,272659.5,272852.4081,0.999292994695032,5571.7919,0.0,0
sz159915-H1_weekly_binary_hysteresis-fee0.001,2022-03-26,192.9081,0.0,106300.0,2.565,272659.5,272852.4081,0.999292994695032,5571.7919,0.0,1
sz159915-H1_weekly_binary_hysteresis-fee0.001,2022-03-27,192.9081,0.0,106300.0,2.565,272659.5,272852.4081,0.999292994695032,5571.7919,0.0,2
sz159915-H1_weekly_binary_hysteresis-fee0.001,2022-03-28,192.9081,0.0,106300.0,2.512,267025.6,267218.5081,0.9992780885524298,5571.7919,0.0,0
sz159915-H1_weekly_binary_hysteresis-fee0.001,2022-03-29,192.9081,0.0,106300.0,2.511,266919.3,267112.2081,0.9992778012604808,5571.7919,0.0,0
sz159915-H1_weekly_binary_hysteresis-fee0.001,2022-03-30,192.9081,0.0,106300.0,2.61,277443.0,277635.9081,0.9993051759719405,5571.7919,0.0,0
sz159915-H1_weekly_binary_hysteresis-fee0.001,2022-03-31,192.9081,0.0,106300.0,2.574,273616.2,273809.1081,0.9992954649999095,5571.7919,0.0,0
sz159915-H1_weekly_binary_hysteresis-fee0.001,2022-04-01,192.9081,0.0,106300.0,2.58,274254.0,274446.9081,0.999297102301733,5571.7919,0.0,0
sz159915-H1_weekly_binary_hysteresis-fee0.001,2022-04-02,192.9081,0.0,106300.0,2.58,274254.0,274446.9081,0.999297102301733,5571.7919,0.0,1
sz159915-H1_weekly_binary_hysteresis-fee0.001,2022-04-03,192.9081,0.0,106300.0,2.58,274254.0,274446.9081,0.999297102301733,5571.7919,0.0,2
sz159915-H1_weekly_binary_hysteresis-fee0.001,2022-04-04,192.9081,0.0,106300.0,2.58,274254.0,274446.9081,0.999297102301733,5571.7919,0.0,3
sz159915-H1_weekly_binary_hysteresis-fee0.001,2022-04-05,192.9081,0.0,106300.0,2.58,274254.0,274446.9081,0.999297102301733,5571.7919,0.0,4
sz159915-H1_weekly_binary_hysteresis-fee0.001,2022-04-06,192.9081,0.0,106300.0,2.55,271065.0,271257.9081,0.999288838797913,5571.7919,0.0,0
sz159915-H1_weekly_binary_hysteresis-fee0.001,2022-04-07,192.9081,0.0,106300.0,2.496,265324.8,265517.7081,0.9992734642770894,5571.7919,0.0,0
sz159915-H1_weekly_binary_hysteresis-fee0.001,2022-04-08,192.9081,0.0,106300.0,2.491,264793.3,264986.2081,0.9992720070173343,5571.7919,0.0,0
sz159915-H1_weekly_binary_hysteresis-fee0.001,2022-04-09,192.9081,0.0,106300.0,2.491,264793.3,264986.2081,0.9992720070173343,5571.7919,0.0,1
sz159915-H1_weekly_binary_hysteresis-fee0.001,2022-04-10,192.9081,0.0,106300.0,2.491,264793.3,264986.2081,0.9992720070173343,5571.7919,0.0,2
sz159915-H1_weekly_binary_hysteresis-fee0.001,2022-04-11,192.9081,0.0,106300.0,2.386,253631.8,253824.7081,0.9992399947922957,5571.7919,0.0,0
sz159915-H1_weekly_binary_hysteresis-fee0.001,2022-04-12,192.9081,0.0,106300.0,2.44,259372.0,259564.9081,0.9992568020792484,5571.7919,0.0,0
sz159915-H1_weekly_binary_hysteresis-fee0.001,2022-04-13,192.9081,0.0,106300.0,2.394,254482.2,254675.1081,0.999242532568498,5571.7919,0.0,0
sz159915-H1_weekly_binary_hysteresis-fee0.001,2022-04-14,192.9081,0.0,106300.0,2.389,253950.7,254143.6081,0.9992409484486263,5571.7919,0.0,0
sz159915-H1_weekly_binary_hysteresis-fee0.001,2022-04-15,192.9081,0.0,106300.0,2.385,253525.5,253718.4081,0.9992396763741165,5571.7919,0.0,0
sz159915-H1_weekly_binary_hysteresis-fee0.001,2022-04-16,192.9081,0.0,106300.0,2.385,253525.5,253718.4081,0.9992396763741165,5571.7919,0.0,1
sz159915-H1_weekly_binary_hysteresis-fee0.001,2022-04-17,192.9081,0.0,106300.0,2.385,253525.5,253718.4081,0.9992396763741165,5571.7919,0.0,2
sz159915-H1_weekly_binary_hysteresis-fee0.001,2022-04-18,192.9081,0.0,106300.0,2.412,256395.6,256588.5081,0.9992481810606856,5571.7919,0.0,0
sz159915-H1_weekly_binary_hysteresis-fee0.001,2022-04-19,192.9081,0.0,106300.0,2.377,252675.1,252868.0081,0.9992371193910631,5571.7919,0.0,0
sz159915-H1_weekly_binary_hysteresis-fee0.001,2022-04-20,192.9081,0.0,106300.0,2.288,243214.4,243407.3081,0.9992074679207218,5571.7919,0.0,0
sz159915-H1_weekly_binary_hysteresis-fee0.001,2022-04-21,192.9081,0.0,106300.0,2.24,238112.0,238304.9081,0.9991904988380724,5571.7919,0.0,0
sz159915-H1_weekly_binary_hysteresis-fee0.001,2022-04-22,192.9081,0.0,106300.0,2.225,236517.5,236710.4081,0.9991850459743261,5571.7919,0.0,0
sz159915-H1_weekly_binary_hysteresis-fee0.001,2022-04-23,192.9081,0.0,106300.0,2.225,236517.5,236710.4081,0.9991850459743261,5571.7919,0.0,1
sz159915-H1_weekly_binary_hysteresis-fee0.001,2022-04-24,192.9081,0.0,106300.0,2.225,236517.5,236710.4081,0.9991850459743261,5571.7919,0.0,2
sz159915-H1_weekly_binary_hysteresis-fee0.001,2022-04-25,192.9081,0.0,106300.0,2.103,223548.9,223741.8081,0.9991378093274648,5571.7919,0.0,0
sz159915-H1_weekly_binary_hysteresis-fee0.001,2022-04-26,192.9081,0.0,106300.0,2.086,221741.8,221934.7081,0.9991307889529696,5571.7919,0.0,0
sz159915-H1_weekly_binary_hysteresis-fee0.001,2022-04-27,192.9081,0.0,106300.0,2.2,233860.0,234052.9081,0.9991757927659776,5571.7919,0.0,0
sz159915-H1_weekly_binary_hysteresis-fee0.001,2022-04-28,192.9081,0.0,106300.0,2.158,229395.4,229588.3081,0.9991597651396256,5571.7919,0.0,0
sz159915-H1_weekly_binary_hysteresis-fee0.001,2022-04-29,192.9081,0.0,106300.0,2.244,238537.2,238730.1081,0.9991919406331471,5571.7919,0.0,0
sz159915-H1_weekly_binary_hysteresis-fee0.001,2022-04-30,192.9081,0.0,106300.0,2.244,238537.2,238730.1081,0.9991919406331471,5571.7919,0.0,1
sz159915-H1_weekly_binary_hysteresis-fee0.001,2022-05-01,192.9081,0.0,106300.0,2.244,238537.2,238730.1081,0.9991919406331471,5571.7919,0.0,2
sz159915-H1_weekly_binary_hysteresis-fee0.001,2022-05-02,192.9081,0.0,106300.0,2.244,238537.2,238730.1081,0.9991919406331471,5571.7919,0.0,3
sz159915-H1_weekly_binary_hysteresis-fee0.001,2022-05-03,192.9081,0.0,106300.0,2.244,238537.2,238730.1081,0.9991919406331471,5571.7919,0.0,4
sz159915-H1_weekly_binary_hysteresis-fee0.001,2022-05-04,192.9081,0.0,106300.0,2.244,238537.2,238730.1081,0.9991919406331471,5571.7919,0.0,5
sz159915-H1_weekly_binary_hysteresis-fee0.001,2022-05-05,192.9081,0.0,106300.0,2.212,235135.6,235328.5081,0.9991802603876704,5571.7919,0.0,0
sz159915-H1_weekly_binary_hysteresis-fee0.001,2022-05-06,192.9081,0.0,106300.0,2.177,231415.1,231608.0081,0.9991670922711934,5571.7919,0.0,0
sz159915-H1_weekly_binary_hysteresis-fee0.001,2022-05-07,192.9081,0.0,106300.0,2.177,231415.1,231608.0081,0.9991670922711934,5571.7919,0.0,1
sz159915-H1_weekly_binary_hysteresis-fee0.001,2022-05-08,192.9081,0.0,106300.0,2.177,231415.1,231608.0081,0.9991670922711934,5571.7919,0.0,2
sz159915-H1_weekly_binary_hysteresis-fee0.001,2022-05-09,192.9081,0.0,106300.0,2.162,229820.6,230013.5081,0.9991613183869352,5571.7919,0.0,0
sz159915-H1_weekly_binary_hysteresis-fee0.001,2022-05-10,192.9081,0.0,106300.0,2.204,234285.2,234478.1081,0.9991772873742323,5571.7919,0.0,0
sz159915-H1_weekly_binary_hysteresis-fee0.001,2022-05-11,192.9081,0.0,106300.0,2.272,241513.6,241706.5081,0.9992018911633104,5571.7919,0.0,0
sz159915-H1_weekly_binary_hysteresis-fee0.001,2022-05-12,192.9081,0.0,106300.0,2.277,242045.1,242238.0081,0.9992036423123147,5571.7919,0.0,0
sz159915-H1_weekly_binary_hysteresis-fee0.001,2022-05-13,192.9081,0.0,106300.0,2.285,242895.5,243088.4081,0.9992064282229343,5571.7919,0.0,0
sz159915-H1_weekly_binary_hysteresis-fee0.001,2022-05-14,192.9081,0.0,106300.0,2.285,242895.5,243088.4081,0.9992064282229343,5571.7919,0.0,1
sz159915-H1_weekly_binary_hysteresis-fee0.001,2022-05-15,192.9081,0.0,106300.0,2.285,242895.5,243088.4081,0.9992064282229343,5571.7919,0.0,2
sz159915-H1_weekly_binary_hysteresis-fee0.001,2022-05-16,192.9081,0.0,106300.0,2.257,239919.1,240112.0081,0.9991965912012212,5571.7919,0.0,0
sz159915-H1_weekly_binary_hysteresis-fee0.001,2022-05-17,192.9081,0.0,106300.0,2.293,243745.9,243938.8081,0.9992091947095153,5571.7919,0.0,0
sz159915-H1_weekly_binary_hysteresis-fee0.001,2022-05-18,192.9081,0.0,106300.0,2.29,243427.0,243619.9081,0.9992081595403902,5571.7919,0.0,0
sz159915-H1_weekly_binary_hysteresis-fee0.001,2022-05-19,192.9081,0.0,106300.0,2.306,245127.8,245320.7081,0.9992136493429598,5571.7919,0.0,0
sz159915-H1_weekly_binary_hysteresis-fee0.001,2022-05-20,192.9081,0.0,106300.0,2.347,249486.1,249679.0081,0.9992273755752716,5571.7919,0.0,0
sz159915-H1_weekly_binary_hysteresis-fee0.001,2022-05-21,192.9081,0.0,106300.0,2.347,249486.1,249679.0081,0.9992273755752716,5571.7919,0.0,1
sz159915-H1_weekly_binary_hysteresis-fee0.001,2022-05-22,192.9081,0.0,106300.0,2.347,249486.1,249679.0081,0.9992273755752716,5571.7919,0.0,2
sz159915-H1_weekly_binary_hysteresis-fee0.001,2022-05-23,192.9081,0.0,106300.0,2.332,247891.6,248084.5081,0.9992224097285339,5571.7919,0.0,0
sz159915-H1_weekly_binary_hysteresis-fee0.001,2022-05-24,192.9081,0.0,106300.0,2.246,238749.8,238942.7081,0.9991926596064222,5571.7919,0.0,0
sz159915-H1_weekly_binary_hysteresis-fee0.001,2022-05-25,192.9081,0.0,106300.0,2.253,239493.9,239686.8081,0.9991951659687524,5571.7919,0.0,0
sz159915-H1_weekly_binary_hysteresis-fee0.001,2022-05-26,192.9081,0.0,106300.0,2.249,239068.7,239261.6081,0.9991937356706247,5571.7919,0.0,0
sz159915-H1_weekly_binary_hysteresis-fee0.001,2022-05-27,192.9081,0.0,106300.0,2.251,239281.3,239474.2081,0.9991944514545823,5571.7919,0.0,0
sz159915-H1_weekly_binary_hysteresis-fee0.001,2022-05-28,192.9081,0.0,106300.0,2.251,239281.3,239474.2081,0.9991944514545823,5571.7919,0.0,1
sz159915-H1_weekly_binary_hysteresis-fee0.001,2022-05-29,192.9081,0.0,106300.0,2.251,239281.3,239474.2081,0.9991944514545823,5571.7919,0.0,2
sz159915-H1_weekly_binary_hysteresis-fee0.001,2022-05-30,192.9081,0.0,106300.0,2.276,241938.8,242131.7081,0.9992032926975416,5571.7919,0.0,0
sz159915-H1_weekly_binary_hysteresis-fee0.001,2022-05-31,192.9081,0.0,106300.0,2.334,248104.2,248297.1081,0.9992230755264282,5571.7919,0.0,0
sz159915-H1_weekly_binary_hysteresis-fee0.001,2022-06-01,192.9081,0.0,106300.0,2.354,250230.2,250423.1081,0.9992296713292012,5571.7919,0.0,0
sz159915-H1_weekly_binary_hysteresis-fee0.001,2022-06-02,192.9081,0.0,106300.0,2.386,253631.8,253824.7081,0.9992399947922957,5571.7919,0.0,0
sz159915-H1_weekly_binary_hysteresis-fee0.001,2022-06-03,192.9081,0.0,106300.0,2.386,253631.8,253824.7081,0.9992399947922957,5571.7919,0.0,1
sz159915-H1_weekly_binary_hysteresis-fee0.001,2022-06-04,192.9081,0.0,106300.0,2.386,253631.8,253824.7081,0.9992399947922957,5571.7919,0.0,2
sz159915-H1_weekly_binary_hysteresis-fee0.001,2022-06-05,192.9081,0.0,106300.0,2.386,253631.8,253824.7081,0.9992399947922957,5571.7919,0.0,3
sz159915-H1_weekly_binary_hysteresis-fee0.001,2022-06-06,192.9081,0.0,106300.0,2.477,263305.1,263498.0081,0.9992678954145005,5571.7919,0.0,0
sz159915-H1_weekly_binary_hysteresis-fee0.001,2022-06-07,192.9081,0.0,106300.0,2.478,263411.4,263604.3081,0.9992681906400148,5571.7919,0.0,0
sz159915-H1_weekly_binary_hysteresis-fee0.001,2022-06-08,192.9081,0.0,106300.0,2.494,265112.2,265305.1081,0.999272882073845,5571.7919,0.0,0
sz159915-H1_weekly_binary_hysteresis-fee0.001,2022-06-09,192.9081,0.0,106300.0,2.423,257564.9,257757.8081,0.9992515916339374,5571.7919,0.0,0
sz159915-H1_weekly_binary_hysteresis-fee0.001,2022-06-10,192.9081,0.0,106300.0,2.48,263624.0,263816.9081,0.9992687803773105,5571.7919,0.0,0
sz159915-H1_weekly_binary_hysteresis-fee0.001,2022-06-11,192.9081,0.0,106300.0,2.48,263624.0,263816.9081,0.9992687803773105,5571.7919,0.0,1
sz159915-H1_weekly_binary_hysteresis-fee0.001,2022-06-12,192.9081,0.0,106300.0,2.48,263624.0,263816.9081,0.9992687803773105,5571.7919,0.0,2
sz159915-H1_weekly_binary_hysteresis-fee0.001,2022-06-13,192.9081,0.0,106300.0,2.469,262454.7,262647.6081,0.9992655250074596,5571.7919,0.0,0
sz159915-H1_weekly_binary_hysteresis-fee0.001,2022-06-14,192.9081,0.0,106300.0,2.475,263092.5,263285.4081,0.999267304248298,5571.7919,0.0,0
sz159915-H1_weekly_binary_hysteresis-fee0.001,2022-06-15,192.9081,0.0,106300.0,2.497,265431.1,265624.0081,0.999273755029224,5571.7919,0.0,0
sz159915-H1_weekly_binary_hysteresis-fee0.001,2022-06-16,192.9081,0.0,106300.0,2.507,266494.1,266687.0081,0.9992766498024244,5571.7919,0.0,0
sz159915-H1_weekly_binary_hysteresis-fee0.001,2022-06-17,192.9081,0.0,106300.0,2.584,274679.2,274872.1081,0.9992981896150416,5571.7919,0.0,0
sz159915-H1_weekly_binary_hysteresis-fee0.001,2022-06-18,192.9081,0.0,106300.0,2.584,274679.2,274872.1081,0.9992981896150416,5571.7919,0.0,1
sz159915-H1_weekly_binary_hysteresis-fee0.001,2022-06-19,192.9081,0.0,106300.0,2.584,274679.2,274872.1081,0.9992981896150416,5571.7919,0.0,2
sz159915-H1_weekly_binary_hysteresis-fee0.001,2022-06-20,192.9081,0.0,106300.0,2.626,279143.8,279336.7081,0.999309406553431,5571.7919,0.0,0
sz159915-H1_weekly_binary_hysteresis-fee0.001,2022-06-21,192.9081,0.0,106300.0,2.615,277974.5,278167.4081,0.9993065035860325,5571.7919,0.0,0
sz159915-H1_weekly_binary_hysteresis-fee0.001,2022-06-22,192.9081,0.0,106300.0,2.596,275954.8,276147.7081,0.9993014314646054,5571.7919,0.0,0
sz159915-H1_weekly_binary_hysteresis-fee0.001,2022-06-23,192.9081,0.0,106300.0,2.68,284884.0,285076.9081,0.9993233120799376,5571.7919,0.0,0
sz159915-H1_weekly_binary_hysteresis-fee0.001,2022-06-24,192.9081,0.0,106300.0,2.738,291049.4,291242.3081,0.9993376370992989,5571.7919,0.0,0
sz159915-H1_weekly_binary_hysteresis-fee0.001,2022-06-25,192.9081,0.0,106300.0,2.738,291049.4,291242.3081,0.9993376370992989,5571.7919,0.0,1
sz159915-H1_weekly_binary_hysteresis-fee0.001,2022-06-26,192.9081,0.0,106300.0,2.738,291049.4,291242.3081,0.9993376370992989,5571.7919,0.0,2
sz159915-H1_weekly_binary_hysteresis-fee0.001,2022-06-27,192.9081,0.0,106300.0,2.741,291368.3,291561.2081,0.9993383615699183,5571.7919,0.0,0
sz159915-H1_weekly_binary_hysteresis-fee0.001,2022-06-28,192.9081,0.0,106300.0,2.754,292750.2,292943.1081,0.9993414827157014,5571.7919,0.0,0
sz159915-H1_weekly_binary_hysteresis-fee0.001,2022-06-29,192.9081,0.0,106300.0,2.683,285202.9,285395.8081,0.9993240682079941,5571.7919,0.0,0
sz159915-H1_weekly_binary_hysteresis-fee0.001,2022-06-30,192.9081,0.0,106300.0,2.73,290199.0,290391.9081,0.9993356973985186,5571.7919,0.0,0
sz159915-H1_weekly_binary_hysteresis-fee0.001,2022-07-01,192.9081,0.0,106300.0,2.699,286903.7,287096.6081,0.9993280725213834,5571.7919,0.0,0
sz159915-H1_weekly_binary_hysteresis-fee0.001,2022-07-02,192.9081,0.0,106300.0,2.699,286903.7,287096.6081,0.9993280725213834,5571.7919,0.0,1
sz159915-H1_weekly_binary_hysteresis-fee0.001,2022-07-03,192.9081,0.0,106300.0,2.699,286903.7,287096.6081,0.9993280725213834,5571.7919,0.0,2
sz159915-H1_weekly_binary_hysteresis-fee0.001,2022-07-04,192.9081,0.0,106300.0,2.75,292325.0,292517.9081,0.9993405255040521,5571.7919,0.0,0
sz159915-H1_weekly_binary_hysteresis-fee0.001,2022-07-05,192.9081,0.0,106300.0,2.739,291155.7,291348.6081,0.9993378787657232,5571.7919,0.0,0
sz159915-H1_weekly_binary_hysteresis-fee0.001,2022-07-06,192.9081,0.0,106300.0,2.725,289667.5,289860.4081,0.9993344793058684,5571.7919,0.0,0
sz159915-H1_weekly_binary_hysteresis-fee0.001,2022-07-07,192.9081,0.0,106300.0,2.769,294344.7,294537.6081,0.9993450476452077,5571.7919,0.0,0
sz159915-H1_weekly_binary_hysteresis-fee0.001,2022-07-08,192.9081,0.0,106300.0,2.731,290305.3,290498.2081,0.9993359404821747,5571.7919,0.0,0
sz159915-H1_weekly_binary_hysteresis-fee0.001,2022-07-09,192.9081,0.0,106300.0,2.731,290305.3,290498.2081,0.9993359404821747,5571.7919,0.0,1
sz159915-H1_weekly_binary_hysteresis-fee0.001,2022-07-10,192.9081,0.0,106300.0,2.731,290305.3,290498.2081,0.9993359404821747,5571.7919,0.0,2
sz159915-H1_weekly_binary_hysteresis-fee0.001,2022-07-11,192.9081,0.0,106300.0,2.69,285947.0,286139.9081,0.9993258259524828,5571.7919,0.0,0
sz159915-H1_weekly_binary_hysteresis-fee0.001,2022-07-12,192.9081,0.0,106300.0,2.622,278718.6,278911.5081,0.9993083537451928,5571.7919,0.0,0
sz159915-H1_weekly_binary_hysteresis-fee0.001,2022-07-13,192.9081,0.0,106300.0,2.665,283289.5,283482.4081,0.9993195059217503,5571.7919,0.0,0
sz159915-H1_weekly_binary_hysteresis-fee0.001,2022-07-14,192.9081,0.0,106300.0,2.735,290730.5,290923.4081,0.9993369110404011,5571.7919,0.0,0
sz159915-H1_weekly_binary_hysteresis-fee0.001,2022-07-15,192.9081,0.0,106300.0,2.68,284884.0,285076.9081,0.9993233120799376,5571.7919,0.0,0
sz159915-H1_weekly_binary_hysteresis-fee0.001,2022-07-16,192.9081,0.0,106300.0,2.68,284884.0,285076.9081,0.9993233120799376,5571.7919,0.0,1
sz159915-H1_weekly_binary_hysteresis-fee0.001,2022-07-17,192.9081,0.0,106300.0,2.68,284884.0,285076.9081,0.9993233120799376,5571.7919,0.0,2
sz159915-H1_weekly_binary_hysteresis-fee0.001,2022-07-18,192.9081,0.0,106300.0,2.717,288817.1,289010.0081,0.9993325210387412,5571.7919,0.0,0
sz159915-H1_weekly_binary_hysteresis-fee0.001,2022-07-19,192.9081,0.0,106300.0,2.67,283821.0,284013.9081,0.9993207793896767,5571.7919,0.0,0
sz159915-H1_weekly_binary_hysteresis-fee0.001,2022-07-20,192.9081,0.0,106300.0,2.68,284884.0,285076.9081,0.9993233120799376,5571.7919,0.0,0
sz159915-H1_weekly_binary_hysteresis-fee0.001,2022-07-21,192.9081,0.0,106300.0,2.67,283821.0,284013.9081,0.9993207793896767,5571.7919,0.0,0
sz159915-H1_weekly_binary_hysteresis-fee0.001,2022-07-22,192.9081,0.0,106300.0,2.651,281801.3,281994.2081,0.9993159146732135,5571.7919,0.0,0
sz159915-H1_weekly_binary_hysteresis-fee0.001,2022-07-23,192.9081,0.0,106300.0,2.651,281801.3,281994.2081,0.9993159146732135,5571.7919,0.0,1
sz159915-H1_weekly_binary_hysteresis-fee0.001,2022-07-24,192.9081,0.0,106300.0,2.651,281801.3,281994.2081,0.9993159146732135,5571.7919,0.0,2
sz159915-H1_weekly_binary_hysteresis-fee0.001,2022-07-25,192.9081,0.0,106300.0,2.629,279462.7,279655.6081,0.9993101940586472,5571.7919,0.0,0
sz159915-H1_weekly_binary_hysteresis-fee0.001,2022-07-26,192.9081,0.0,106300.0,2.634,279994.2,280187.1081,0.9993115025837265,5571.7919,0.0,0
sz159915-H1_weekly_binary_hysteresis-fee0.001,2022-07-27,192.9081,0.0,106300.0,2.637,280313.1,280506.0081,0.9993122853185689,5571.7919,0.0,0
sz159915-H1_weekly_binary_hysteresis-fee0.001,2022-07-28,192.9081,0.0,106300.0,2.629,279462.7,279655.6081,0.9993101940586472,5571.7919,0.0,0
sz159915-H1_weekly_binary_hysteresis-fee0.001,2022-07-29,192.9081,0.0,106300.0,2.594,275742.2,275935.1081,0.999300893237804,5571.7919,0.0,0
sz159915-H1_weekly_binary_hysteresis-fee0.001,2022-07-30,192.9081,0.0,106300.0,2.594,275742.2,275935.1081,0.999300893237804,5571.7919,0.0,1
sz159915-H1_weekly_binary_hysteresis-fee0.001,2022-07-31,192.9081,0.0,106300.0,2.594,275742.2,275935.1081,0.999300893237804,5571.7919,0.0,2
sz159915-H1_weekly_binary_hysteresis-fee0.001,2022-08-01,192.9081,0.0,106300.0,2.657,282439.1,282632.0081,0.9993174584106845,5571.7919,0.0,0
sz159915-H1_weekly_binary_hysteresis-fee0.001,2022-08-02,192.9081,0.0,106300.0,2.605,276911.5,277104.4081,0.9993038432649892,5571.7919,0.0,0
sz159915-H1_weekly_binary_hysteresis-fee0.001,2022-08-03,192.9081,0.0,106300.0,2.553,271383.9,271576.8081,0.999289673881398,5571.7919,0.0,0
sz159915-H1_weekly_binary_hysteresis-fee0.001,2022-08-04,192.9081,0.0,106300.0,2.565,272659.5,272852.4081,0.999292994695032,5571.7919,0.0,0
sz159915-H1_weekly_binary_hysteresis-fee0.001,2022-08-05,192.9081,0.0,106300.0,2.606,277017.8,277210.7081,0.9993041102152143,5571.7919,0.0,0
sz159915-H1_weekly_binary_hysteresis-fee0.001,2022-08-06,192.9081,0.0,106300.0,2.606,277017.8,277210.7081,0.9993041102152143,5571.7919,0.0,1
sz159915-H1_weekly_binary_hysteresis-fee0.001,2022-08-07,192.9081,0.0,106300.0,2.606,277017.8,277210.7081,0.9993041102152143,5571.7919,0.0,2
sz159915-H1_weekly_binary_hysteresis-fee0.001,2022-08-08,192.9081,0.0,106300.0,2.596,275954.8,276147.7081,0.9993014314646054,5571.7919,0.0,0
sz159915-H1_weekly_binary_hysteresis-fee0.001,2022-08-09,192.9081,0.0,106300.0,2.614,277868.2,278061.1081,0.999306238469241,5571.7919,0.0,0
sz159915-H1_weekly_binary_hysteresis-fee0.001,2022-08-10,192.9081,0.0,106300.0,2.579,274147.7,274340.6081,0.999296829946773,5571.7919,0.0,0
sz159915-H1_weekly_binary_hysteresis-fee0.001,2022-08-11,192.9081,0.0,106300.0,2.647,281376.1,281569.0081,0.9993148816295454,5571.7919,0.0,0
sz159915-H1_weekly_binary_hysteresis-fee0.001,2022-08-12,192.9081,0.0,106300.0,2.613,277761.9,277954.8081,0.999305973149669,5571.7919,0.0,0
sz159915-H1_weekly_binary_hysteresis-fee0.001,2022-08-13,192.9081,0.0,106300.0,2.613,277761.9,277954.8081,0.999305973149669,5571.7919,0.0,1
sz159915-H1_weekly_binary_hysteresis-fee0.001,2022-08-14,192.9081,0.0,106300.0,2.613,277761.9,277954.8081,0.999305973149669,5571.7919,0.0,2
sz159915-H1_weekly_binary_hysteresis-fee0.001,2022-08-15,276933.6903,0.0,0.0,2.638,0.0,276933.6903,0.0,5848.8097,0.0,0
sz159915-H1_weekly_binary_hysteresis-fee0.001,2022-08-16,276933.6903,0.0,0.0,2.652,0.0,276933.6903,0.0,5848.8097,0.0,0
sz159915-H1_weekly_binary_hysteresis-fee0.001,2022-08-17,276933.6903,0.0,0.0,2.695,0.0,276933.6903,0.0,5848.8097,0.0,0
sz159915-H1_weekly_binary_hysteresis-fee0.001,2022-08-18,276933.6903,0.0,0.0,2.693,0.0,276933.6903,0.0,5848.8097,0.0,0
sz159915-H1_weekly_binary_hysteresis-fee0.001,2022-08-19,276933.6903,0.0,0.0,2.653,0.0,276933.6903,0.0,5848.8097,0.0,0
sz159915-H1_weekly_binary_hysteresis-fee0.001,2022-08-20,276933.6903,0.0,0.0,2.653,0.0,276933.6903,0.0,5848.8097,0.0,1
sz159915-H1_weekly_binary_hysteresis-fee0.001,2022-08-21,276933.6903,0.0,0.0,2.653,0.0,276933.6903,0.0,5848.8097,0.0,2
sz159915-H1_weekly_binary_hysteresis-fee0.001,2022-08-22,276933.6903,0.0,0.0,2.699,0.0,276933.6903,0.0,5848.8097,0.0,0
sz159915-H1_weekly_binary_hysteresis-fee0.001,2022-08-23,276933.6903,0.0,0.0,2.697,0.0,276933.6903,0.0,5848.8097,0.0,0
sz159915-H1_weekly_binary_hysteresis-fee0.001,2022-08-24,276933.6903,0.0,0.0,2.6,0.0,276933.6903,0.0,5848.8097,0.0,0
sz159915-H1_weekly_binary_hysteresis-fee0.001,2022-08-25,276933.6903,0.0,0.0,2.59,0.0,276933.6903,0.0,5848.8097,0.0,0
sz159915-H1_weekly_binary_hysteresis-fee0.001,2022-08-26,276933.6903,0.0,0.0,2.566,0.0,276933.6903,0.0,5848.8097,0.0,0
sz159915-H1_weekly_binary_hysteresis-fee0.001,2022-08-27,276933.6903,0.0,0.0,2.566,0.0,276933.6903,0.0,5848.8097,0.0,1
sz159915-H1_weekly_binary_hysteresis-fee0.001,2022-08-28,276933.6903,0.0,0.0,2.566,0.0,276933.6903,0.0,5848.8097,0.0,2
sz159915-H1_weekly_binary_hysteresis-fee0.001,2022-08-29,196.4295,0.0,108800.0,2.553,277766.4,277962.8295,0.9992933245774144,6125.2705,0.0,0
sz159915-H1_weekly_binary_hysteresis-fee0.001,2022-08-30,196.4295,0.0,108800.0,2.538,276134.4,276330.8295,0.9992891509776328,6125.2705,0.0,0
sz159915-H1_weekly_binary_hysteresis-fee0.001,2022-08-31,196.4295,0.0,108800.0,2.491,271020.8,271217.2295,0.9992757484457675,6125.2705,0.0,0
sz159915-H1_weekly_binary_hysteresis-fee0.001,2022-09-01,196.4295,0.0,108800.0,2.463,267974.4,268170.8295,0.9992675210038086,6125.2705,0.0,0
sz159915-H1_weekly_binary_hysteresis-fee0.001,2022-09-02,196.4295,0.0,108800.0,2.461,267756.8,267953.2295,0.9992669261707854,6125.2705,0.0,0
sz159915-H1_weekly_binary_hysteresis-fee0.001,2022-09-03,196.4295,0.0,108800.0,2.461,267756.8,267953.2295,0.9992669261707854,6125.2705,0.0,1
sz159915-H1_weekly_binary_hysteresis-fee0.001,2022-09-04,196.4295,0.0,108800.0,2.461,267756.8,267953.2295,0.9992669261707854,6125.2705,0.0,2
sz159915-H1_weekly_binary_hysteresis-fee0.001,2022-09-05,196.4295,0.0,108800.0,2.467,268409.6,268606.0295,0.9992687077785795,6125.2705,0.0,0
sz159915-H1_weekly_binary_hysteresis-fee0.001,2022-09-06,196.4295,0.0,108800.0,2.468,268518.4,268714.8295,0.9992690038716304,6125.2705,0.0,0
sz159915-H1_weekly_binary_hysteresis-fee0.001,2022-09-07,196.4295,0.0,108800.0,2.493,271238.4,271434.8295,0.9992763290534165,6125.2705,0.0,0
sz159915-H1_weekly_binary_hysteresis-fee0.001,2022-09-08,196.4295,0.0,108800.0,2.448,266342.4,266538.8295,0.9992630360823281,6125.2705,0.0,0
sz159915-H1_weekly_binary_hysteresis-fee0.001,2022-09-09,196.4295,0.0,108800.0,2.476,269388.8,269585.2295,0.9992713640121741,6125.2705,0.0,0
sz159915-H1_weekly_binary_hysteresis-fee0.001,2022-09-10,196.4295,0.0,108800.0,2.476,269388.8,269585.2295,0.9992713640121741,6125.2705,0.0,1
sz159915-H1_weekly_binary_hysteresis-fee0.001,2022-09-11,196.4295,0.0,108800.0,2.476,269388.8,269585.2295,0.9992713640121741,6125.2705,0.0,2
sz159915-H1_weekly_binary_hysteresis-fee0.001,2022-09-12,196.4295,0.0,108800.0,2.476,269388.8,269585.2295,0.9992713640121741,6125.2705,0.0,3
sz159915-H1_weekly_binary_hysteresis-fee0.001,2022-09-13,196.4295,0.0,108800.0,2.475,269280.0,269476.4295,0.9992710698283911,6125.2705,0.0,0
sz159915-H1_weekly_binary_hysteresis-fee0.001,2022-09-14,196.4295,0.0,108800.0,2.431,264492.8,264689.2295,0.9992578863130508,6125.2705,0.0,0
sz159915-H1_weekly_binary_hysteresis-fee0.001,2022-09-15,196.4295,0.0,108800.0,2.349,255571.2,255767.6295,0.999232000154265,6125.2705,0.0,0
sz159915-H1_weekly_binary_hysteresis-fee0.001,2022-09-16,196.4295,0.0,108800.0,2.297,249913.6,250110.0295,0.999214627656505,6125.2705,0.0,0
sz159915-H1_weekly_binary_hysteresis-fee0.001,2022-09-17,196.4295,0.0,108800.0,2.297,249913.6,250110.0295,0.999214627656505,6125.2705,0.0,1
sz159915-H1_weekly_binary_hysteresis-fee0.001,2022-09-18,196.4295,0.0,108800.0,2.297,249913.6,250110.0295,0.999214627656505,6125.2705,0.0,2
sz159915-H1_weekly_binary_hysteresis-fee0.001,2022-09-19,196.4295,0.0,108800.0,2.285,248608.0,248804.4295,0.9992105064190587,6125.2705,0.0,0
sz159915-H1_weekly_binary_hysteresis-fee0.001,2022-09-20,196.4295,0.0,108800.0,2.297,249913.6,250110.0295,0.999214627656505,6125.2705,0.0,0
sz159915-H1_weekly_binary_hysteresis-fee0.001,2022-09-21,196.4295,0.0,108800.0,2.265,246432.0,246628.4295,0.9992035407256242,6125.2705,0.0,0
sz159915-H1_weekly_binary_hysteresis-fee0.001,2022-09-22,196.4295,0.0,108800.0,2.252,245017.6,245214.0295,0.9991989467307375,6125.2705,0.0,0
sz159915-H1_weekly_binary_hysteresis-fee0.001,2022-09-23,196.4295,0.0,108800.0,2.239,243603.2,243799.6295,0.9991942994318619,6125.2705,0.0,0
sz159915-H1_weekly_binary_hysteresis-fee0.001,2022-09-24,196.4295,0.0,108800.0,2.239,243603.2,243799.6295,0.9991942994318619,6125.2705,0.0,1
sz159915-H1_weekly_binary_hysteresis-fee0.001,2022-09-25,196.4295,0.0,108800.0,2.239,243603.2,243799.6295,0.9991942994318619,6125.2705,0.0,2
sz159915-H1_weekly_binary_hysteresis-fee0.001,2022-09-26,196.4295,0.0,108800.0,2.253,245126.4,245322.8295,0.9991993019956588,6125.2705,0.0,0
sz159915-H1_weekly_binary_hysteresis-fee0.001,2022-09-27,196.4295,0.0,108800.0,2.306,250892.8,251089.2295,0.9992176904585228,6125.2705,0.0,0
sz159915-H1_weekly_binary_hysteresis-fee0.001,2022-09-28,196.4295,0.0,108800.0,2.249,244691.2,244887.6295,0.9991978790419056,6125.2705,0.0,0
sz159915-H1_weekly_binary_hysteresis-fee0.001,2022-09-29,196.4295,0.0,108800.0,2.267,246649.6,246846.0295,0.9992042428213332,6125.2705,0.0,0
sz159915-H1_weekly_binary_hysteresis-fee0.001,2022-09-30,196.4295,0.0,108800.0,2.221,241644.8,241841.2295,0.999187774969528,6125.2705,0.0,0
sz159915-H1_weekly_binary_hysteresis-fee0.001,2022-10-01,196.4295,0.0,108800.0,2.221,241644.8,241841.2295,0.999187774969528,6125.2705,0.0,1
sz159915-H1_weekly_binary_hysteresis-fee0.001,2022-10-02,196.4295,0.0,108800.0,2.221,241644.8,241841.2295,0.999187774969528,6125.2705,0.0,2
sz159915-H1_weekly_binary_hysteresis-fee0.001,2022-10-03,196.4295,0.0,108800.0,2.221,241644.8,241841.2295,0.999187774969528,6125.2705,0.0,3
sz159915-H1_weekly_binary_hysteresis-fee0.001,2022-10-04,196.4295,0.0,108800.0,2.221,241644.8,241841.2295,0.999187774969528,6125.2705,0.0,4
sz159915-H1_weekly_binary_hysteresis-fee0.001,2022-10-05,196.4295,0.0,108800.0,2.221,241644.8,241841.2295,0.999187774969528,6125.2705,0.0,5
sz159915-H1_weekly_binary_hysteresis-fee0.001,2022-10-06,196.4295,0.0,108800.0,2.221,241644.8,241841.2295,0.999187774969528,6125.2705,0.0,6
sz159915-H1_weekly_binary_hysteresis-fee0.001,2022-10-07,196.4295,0.0,108800.0,2.221,241644.8,241841.2295,0.999187774969528,6125.2705,0.0,7
sz159915-H1_weekly_binary_hysteresis-fee0.001,2022-10-08,196.4295,0.0,108800.0,2.221,241644.8,241841.2295,0.999187774969528,6125.2705,0.0,8
sz159915-H1_weekly_binary_hysteresis-fee0.001,2022-10-09,196.4295,0.0,108800.0,2.221,241644.8,241841.2295,0.999187774969528,6125.2705,0.0,9
sz159915-H1_weekly_binary_hysteresis-fee0.001,2022-10-10,196.4295,0.0,108800.0,2.166,235660.8,235857.2295,0.9991671677802015,6125.2705,0.0,0
sz159915-H1_weekly_binary_hysteresis-fee0.001,2022-10-11,196.4295,0.0,108800.0,2.192,238489.6,238686.0295,0.9991770381349445,6125.2705,0.0,0
sz159915-H1_weekly_binary_hysteresis-fee0.001,2022-10-12,196.4295,0.0,108800.0,2.274,247411.2,247607.6295,0.9992066904384301,6125.2705,0.0,0
sz159915-H1_weekly_binary_hysteresis-fee0.001,2022-10-13,196.4295,0.0,108800.0,2.282,248281.6,248478.0295,0.9992094693426407,6125.2705,0.0,0
sz159915-H1_weekly_binary_hysteresis-fee0.001,2022-10-14,196.4295,0.0,108800.0,2.365,257312.0,257508.4295,0.999237191961516,6125.2705,0.0,0
sz159915-H1_weekly_binary_hysteresis-fee0.001,2022-10-15,196.4295,0.0,108800.0,2.365,257312.0,257508.4295,0.999237191961516,6125.2705,0.0,1
sz159915-H1_weekly_binary_hysteresis-fee0.001,2022-10-16,196.4295,0.0,108800.0,2.365,257312.0,257508.4295,0.999237191961516,6125.2705,0.0,2
sz159915-H1_weekly_binary_hysteresis-fee0.001,2022-10-17,196.4295,0.0,108800.0,2.362,256985.6,257182.0295,0.9992362238513247,6125.2705,0.0,0
sz159915-H1_weekly_binary_hysteresis-fee0.001,2022-10-18,196.4295,0.0,108800.0,2.373,258182.4,258378.8295,0.9992397616307028,6125.2705,0.0,0
sz159915-H1_weekly_binary_hysteresis-fee0.001,2022-10-19,196.4295,0.0,108800.0,2.355,256224.0,256420.4295,0.9992339553428601,6125.2705,0.0,0
sz159915-H1_weekly_binary_hysteresis-fee0.001,2022-10-20,196.4295,0.0,108800.0,2.337,254265.6,254462.0295,0.9992280596818867,6125.2705,0.0,0
sz159915-H1_weekly_binary_hysteresis-fee0.001,2022-10-21,196.4295,0.0,108800.0,2.321,252524.8,252721.2295,0.9992227423853998,6125.2705,0.0,0
sz159915-H1_weekly_binary_hysteresis-fee0.001,2022-10-22,196.4295,0.0,108800.0,2.321,252524.8,252721.2295,0.9992227423853998,6125.2705,0.0,1
sz159915-H1_weekly_binary_hysteresis-fee0.001,2022-10-23,196.4295,0.0,108800.0,2.321,252524.8,252721.2295,0.9992227423853998,6125.2705,0.0,2
sz159915-H1_weekly_binary_hysteresis-fee0.001,2022-10-24,196.4295,0.0,108800.0,2.266,246540.8,246737.2295,0.9992038919282751,6125.2705,0.0,0
sz159915-H1_weekly_binary_hysteresis-fee0.001,2022-10-25,196.4295,0.0,108800.0,2.241,243820.8,244017.2295,0.9991950179075367,6125.2705,0.0,0
sz159915-H1_weekly_binary_hysteresis-fee0.001,2022-10-26,196.4295,0.0,108800.0,2.302,250457.6,250654.0295,0.9992163321675226,6125.2705,0.0,0
sz159915-H1_weekly_binary_hysteresis-fee0.001,2022-10-27,196.4295,0.0,108800.0,2.265,246432.0,246628.4295,0.9992035407256242,6125.2705,0.0,0
sz159915-H1_weekly_binary_hysteresis-fee0.001,2022-10-28,196.4295,0.0,108800.0,2.187,237945.6,238142.0295,0.9991751582011272,6125.2705,0.0,0
sz159915-H1_weekly_binary_hysteresis-fee0.001,2022-10-29,196.4295,0.0,108800.0,2.187,237945.6,238142.0295,0.9991751582011272,6125.2705,0.0,1
sz159915-H1_weekly_binary_hysteresis-fee0.001,2022-10-30,196.4295,0.0,108800.0,2.187,237945.6,238142.0295,0.9991751582011272,6125.2705,0.0,2
sz159915-H1_weekly_binary_hysteresis-fee0.001,2022-10-31,196.4295,0.0,108800.0,2.202,239577.6,239774.0295,0.9991807724113841,6125.2705,0.0,0
sz159915-H1_weekly_binary_hysteresis-fee0.001,2022-11-01,196.4295,0.0,108800.0,2.275,247520.0,247716.4295,0.9992070388694182,6125.2705,0.0,0
sz159915-H1_weekly_binary_hysteresis-fee0.001,2022-11-02,196.4295,0.0,108800.0,2.305,250784.0,250980.4295,0.9992173513273871,6125.2705,0.0,0
sz159915-H1_weekly_binary_hysteresis-fee0.001,2022-11-03,196.4295,0.0,108800.0,2.309,251219.2,251415.6295,0.999218706090824,6125.2705,0.0,0
sz159915-H1_weekly_binary_hysteresis-fee0.001,2022-11-04,196.4295,0.0,108800.0,2.383,259270.4,259466.8295,0.9992429494730463,6125.2705,0.0,0
sz159915-H1_weekly_binary_hysteresis-fee0.001,2022-11-05,196.4295,0.0,108800.0,2.383,259270.4,259466.8295,0.9992429494730463,6125.2705,0.0,1
sz159915-H1_weekly_binary_hysteresis-fee0.001,2022-11-06,196.4295,0.0,108800.0,2.383,259270.4,259466.8295,0.9992429494730463,6125.2705,0.0,2
sz159915-H1_weekly_binary_hysteresis-fee0.001,2022-11-07,196.4295,0.0,108800.0,2.379,258835.2,259031.6295,0.9992416775496523,6125.2705,0.0,0
sz159915-H1_weekly_binary_hysteresis-fee0.001,2022-11-08,196.4295,0.0,108800.0,2.363,257094.4,257290.8295,0.9992365468276435,6125.2705,0.0,0
sz159915-H1_weekly_binary_hysteresis-fee0.001,2022-11-09,196.4295,0.0,108800.0,2.326,253068.8,253265.2295,0.9992244118926716,6125.2705,0.0,0
sz159915-H1_weekly_binary_hysteresis-fee0.001,2022-11-10,196.4295,0.0,108800.0,2.288,248934.4,249130.8295,0.9992115407780152,6125.2705,0.0,0
sz159915-H1_weekly_binary_hysteresis-fee0.001,2022-11-11,196.4295,0.0,108800.0,2.33,253504.0,253700.4295,0.999225742343491,6125.2705,0.0,0
sz159915-H1_weekly_binary_hysteresis-fee0.001,2022-11-12,196.4295,0.0,108800.0,2.33,253504.0,253700.4295,0.999225742343491,6125.2705,0.0,1
sz159915-H1_weekly_binary_hysteresis-fee0.001,2022-11-13,196.4295,0.0,108800.0,2.33,253504.0,253700.4295,0.999225742343491,6125.2705,0.0,2
sz159915-H1_weekly_binary_hysteresis-fee0.001,2022-11-14,196.4295,0.0,108800.0,2.302,250457.6,250654.0295,0.9992163321675226,6125.2705,0.0,0
sz159915-H1_weekly_binary_hysteresis-fee0.001,2022-11-15,196.4295,0.0,108800.0,2.361,256876.8,257073.2295,0.9992359006016222,6125.2705,0.0,0
sz159915-H1_weekly_binary_hysteresis-fee0.001,2022-11-16,196.4295,0.0,108800.0,2.33,253504.0,253700.4295,0.999225742343491,6125.2705,0.0,0
sz159915-H1_weekly_binary_hysteresis-fee0.001,2022-11-17,196.4295,0.0,108800.0,2.316,251980.8,252177.2295,0.9992210656751624,6125.2705,0.0,0
sz159915-H1_weekly_binary_hysteresis-fee0.001,2022-11-18,196.4295,0.0,108800.0,2.315,251872.0,252068.4295,0.9992207294646551,6125.2705,0.0,0
sz159915-H1_weekly_binary_hysteresis-fee0.001,2022-11-19,196.4295,0.0,108800.0,2.315,251872.0,252068.4295,0.9992207294646551,6125.2705,0.0,1
sz159915-H1_weekly_binary_hysteresis-fee0.001,2022-11-20,196.4295,0.0,108800.0,2.315,251872.0,252068.4295,0.9992207294646551,6125.2705,0.0,2
sz159915-H1_weekly_binary_hysteresis-fee0.001,2022-11-21,249968.8071,0.0,0.0,2.319,0.0,249968.8071,0.0,6375.2929,0.0,0
sz159915-H1_weekly_binary_hysteresis-fee0.001,2022-11-22,249968.8071,0.0,0.0,2.273,0.0,249968.8071,0.0,6375.2929,0.0,0
sz159915-H1_weekly_binary_hysteresis-fee0.001,2022-11-23,249968.8071,0.0,0.0,2.269,0.0,249968.8071,0.0,6375.2929,0.0,0
sz159915-H1_weekly_binary_hysteresis-fee0.001,2022-11-24,249968.8071,0.0,0.0,2.264,0.0,249968.8071,0.0,6375.2929,0.0,0
sz159915-H1_weekly_binary_hysteresis-fee0.001,2022-11-25,249968.8071,0.0,0.0,2.242,0.0,249968.8071,0.0,6375.2929,0.0,0
sz159915-H1_weekly_binary_hysteresis-fee0.001,2022-11-26,249968.8071,0.0,0.0,2.242,0.0,249968.8071,0.0,6375.2929,0.0,1
sz159915-H1_weekly_binary_hysteresis-fee0.001,2022-11-27,249968.8071,0.0,0.0,2.242,0.0,249968.8071,0.0,6375.2929,0.0,2
sz159915-H1_weekly_binary_hysteresis-fee0.001,2022-11-28,119.3072,0.0,113300.0,2.233,252998.9,253118.2072,0.9995286502645552,6624.8928,0.0,0
sz159915-H1_weekly_binary_hysteresis-fee0.001,2022-11-29,119.3072,0.0,113300.0,2.268,256964.4,257083.7072,0.9995359208045527,6624.8928,0.0,0
sz159915-H1_weekly_binary_hysteresis-fee0.001,2022-11-30,119.3072,0.0,113300.0,2.265,256624.5,256743.8072,0.9995353064157568,6624.8928,0.0,0
sz159915-H1_weekly_binary_hysteresis-fee0.001,2022-12-01,119.3072,0.0,113300.0,2.311,261836.3,261955.6072,0.9995445518373313,6624.8928,0.0,0
sz159915-H1_weekly_binary_hysteresis-fee0.001,2022-12-02,119.3072,0.0,113300.0,2.316,262402.8,262522.1072,0.9995455346550716,6624.8928,0.0,0
sz159915-H1_weekly_binary_hysteresis-fee0.001,2022-12-03,119.3072,0.0,113300.0,2.316,262402.8,262522.1072,0.9995455346550716,6624.8928,0.0,1
sz159915-H1_weekly_binary_hysteresis-fee0.001,2022-12-04,119.3072,0.0,113300.0,2.316,262402.8,262522.1072,0.9995455346550716,6624.8928,0.0,2
sz159915-H1_weekly_binary_hysteresis-fee0.001,2022-12-05,263504.7581,0.0,0.0,2.313,0.0,263504.7581,0.0,6888.5419,0.0,0
sz159915-H1_weekly_binary_hysteresis-fee0.001,2022-12-06,263504.7581,0.0,0.0,2.319,0.0,263504.7581,0.0,6888.5419,0.0,0
sz159915-H1_weekly_binary_hysteresis-fee0.001,2022-12-07,263504.7581,0.0,0.0,2.343,0.0,263504.7581,0.0,6888.5419,0.0,0
sz159915-H1_weekly_binary_hysteresis-fee0.001,2022-12-08,263504.7581,0.0,0.0,2.338,0.0,263504.7581,0.0,6888.5419,0.0,0
sz159915-H1_weekly_binary_hysteresis-fee0.001,2022-12-09,263504.7581,0.0,0.0,2.348,0.0,263504.7581,0.0,6888.5419,0.0,0
sz159915-H1_weekly_binary_hysteresis-fee0.001,2022-12-10,263504.7581,0.0,0.0,2.348,0.0,263504.7581,0.0,6888.5419,0.0,1
sz159915-H1_weekly_binary_hysteresis-fee0.001,2022-12-11,263504.7581,0.0,0.0,2.348,0.0,263504.7581,0.0,6888.5419,0.0,2
sz159915-H1_weekly_binary_hysteresis-fee0.001,2022-12-12,263504.7581,0.0,0.0,2.333,0.0,263504.7581,0.0,6888.5419,0.0,0
sz159915-H1_weekly_binary_hysteresis-fee0.001,2022-12-13,263504.7581,0.0,0.0,2.305,0.0,263504.7581,0.0,6888.5419,0.0,0
sz159915-H1_weekly_binary_hysteresis-fee0.001,2022-12-14,263504.7581,0.0,0.0,2.299,0.0,263504.7581,0.0,6888.5419,0.0,0
sz159915-H1_weekly_binary_hysteresis-fee0.001,2022-12-15,263504.7581,0.0,0.0,2.326,0.0,263504.7581,0.0,6888.5419,0.0,0
sz159915-H1_weekly_binary_hysteresis-fee0.001,2022-12-16,263504.7581,0.0,0.0,2.298,0.0,263504.7581,0.0,6888.5419,0.0,0
sz159915-H1_weekly_binary_hysteresis-fee0.001,2022-12-17,263504.7581,0.0,0.0,2.298,0.0,263504.7581,0.0,6888.5419,0.0,1
sz159915-H1_weekly_binary_hysteresis-fee0.001,2022-12-18,263504.7581,0.0,0.0,2.298,0.0,263504.7581,0.0,6888.5419,0.0,2
sz159915-H1_weekly_binary_hysteresis-fee0.001,2022-12-19,263504.7581,0.0,0.0,2.274,0.0,263504.7581,0.0,6888.5419,0.0,0
sz159915-H1_weekly_binary_hysteresis-fee0.001,2022-12-20,263504.7581,0.0,0.0,2.243,0.0,263504.7581,0.0,6888.5419,0.0,0
sz159915-H1_weekly_binary_hysteresis-fee0.001,2022-12-21,263504.7581,0.0,0.0,2.24,0.0,263504.7581,0.0,6888.5419,0.0,0
sz159915-H1_weekly_binary_hysteresis-fee0.001,2022-12-22,263504.7581,0.0,0.0,2.235,0.0,263504.7581,0.0,6888.5419,0.0,0
sz159915-H1_weekly_binary_hysteresis-fee0.001,2022-12-23,263504.7581,0.0,0.0,2.222,0.0,263504.7581,0.0,6888.5419,0.0,0
sz159915-H1_weekly_binary_hysteresis-fee0.001,2022-12-24,263504.7581,0.0,0.0,2.222,0.0,263504.7581,0.0,6888.5419,0.0,1
sz159915-H1_weekly_binary_hysteresis-fee0.001,2022-12-25,263504.7581,0.0,0.0,2.222,0.0,263504.7581,0.0,6888.5419,0.0,2
sz159915-H1_weekly_binary_hysteresis-fee0.001,2022-12-26,142.4589,0.0,118300.0,2.262,267594.6,267737.0589,0.999467914899098,7151.6411,0.0,0
sz159915-H1_weekly_binary_hysteresis-fee0.001,2022-12-27,142.4589,0.0,118300.0,2.293,271261.9,271404.3589,0.9994751045982556,7151.6411,0.0,0
sz159915-H1_weekly_binary_hysteresis-fee0.001,2022-12-28,142.4589,0.0,118300.0,2.267,268186.1,268328.5589,0.9994690878206032,7151.6411,0.0,0
sz159915-H1_weekly_binary_hysteresis-fee0.001,2022-12-29,142.4589,0.0,118300.0,2.277,269369.1,269511.5589,0.9994714182182707,7151.6411,0.0,0
sz159915-H1_weekly_binary_hysteresis-fee0.001,2022-12-30,142.4589,0.0,118300.0,2.279,269605.7,269748.1589,0.9994718818449737,7151.6411,0.0,0
sz159915-H1_weekly_binary_hysteresis-fee0.001,2022-12-31,142.4589,0.0,118300.0,2.279,269605.7,269748.1589,0.9994718818449737,7151.6411,0.0,1
sz159915-H1_weekly_binary_hysteresis-fee0.001,2023-01-01,142.4589,0.0,118300.0,2.279,269605.7,269748.1589,0.9994718818449737,7151.6411,0.0,2
sz159915-H1_weekly_binary_hysteresis-fee0.001,2023-01-02,142.4589,0.0,118300.0,2.279,269605.7,269748.1589,0.9994718818449737,7151.6411,0.0,3
sz159915-H1_weekly_binary_hysteresis-fee0.001,2023-01-03,142.4589,0.0,118300.0,2.289,270788.7,270931.1589,0.9994741878321475,7151.6411,0.0,0
sz159915-H1_weekly_binary_hysteresis-fee0.001,2023-01-04,142.4589,0.0,118300.0,2.267,268186.1,268328.5589,0.9994690878206032,7151.6411,0.0,0
sz159915-H1_weekly_binary_hysteresis-fee0.001,2023-01-05,142.4589,0.0,118300.0,2.33,275639.0,275781.4589,0.9994834355414312,7151.6411,0.0,0
sz159915-H1_weekly_binary_hysteresis-fee0.001,2023-01-06,142.4589,0.0,118300.0,2.35,278005.0,278147.4589,0.9994878295830443,7151.6411,0.0,0
sz159915-H1_weekly_binary_hysteresis-fee0.001,2023-01-07,142.4589,0.0,118300.0,2.35,278005.0,278147.4589,0.9994878295830443,7151.6411,0.0,1
sz159915-H1_weekly_binary_hysteresis-fee0.001,2023-01-08,142.4589,0.0,118300.0,2.35,278005.0,278147.4589,0.9994878295830443,7151.6411,0.0,2
sz159915-H1_weekly_binary_hysteresis-fee0.001,2023-01-09,142.4589,0.0,118300.0,2.365,279779.5,279921.9589,0.9994910763679998,7151.6411,0.0,0
sz159915-H1_weekly_binary_hysteresis-fee0.001,2023-01-10,142.4589,0.0,118300.0,2.401,284038.3,284180.7589,0.999498703217799,7151.6411,0.0,0
sz159915-H1_weekly_binary_hysteresis-fee0.001,2023-01-11,142.4589,0.0,118300.0,2.374,280844.2,280986.6589,0.9994930047548959,7151.6411,0.0,0
sz159915-H1_weekly_binary_hysteresis-fee0.001,2023-01-12,142.4589,0.0,118300.0,2.382,281790.6,281933.0589,0.9994947066493166,7151.6411,0.0,0
sz159915-H1_weekly_binary_hysteresis-fee0.001,2023-01-13,142.4589,0.0,118300.0,2.417,285931.1,286073.5589,0.9995020200379658,7151.6411,0.0,0
sz159915-H1_weekly_binary_hysteresis-fee0.001,2023-01-14,142.4589,0.0,118300.0,2.417,285931.1,286073.5589,0.9995020200379658,7151.6411,0.0,1
sz159915-H1_weekly_binary_hysteresis-fee0.001,2023-01-15,142.4589,0.0,118300.0,2.417,285931.1,286073.5589,0.9995020200379658,7151.6411,0.0,2
sz159915-H1_weekly_binary_hysteresis-fee0.001,2023-01-16,142.4589,0.0,118300.0,2.462,291254.6,291397.0589,0.999511117577721,7151.6411,0.0,0
sz159915-H1_weekly_binary_hysteresis-fee0.001,2023-01-17,142.4589,0.0,118300.0,2.47,292201.0,292343.4589,0.9995127002309679,7151.6411,0.0,0
sz159915-H1_weekly_binary_hysteresis-fee0.001,2023-01-18,142.4589,0.0,118300.0,2.468,291964.4,292106.8589,0.9995123055290914,7151.6411,0.0,0
sz159915-H1_weekly_binary_hysteresis-fee0.001,2023-01-19,142.4589,0.0,118300.0,2.496,295276.8,295419.2589,0.9995177738224297,7151.6411,0.0,0
sz159915-H1_weekly_binary_hysteresis-fee0.001,2023-01-20,142.4589,0.0,118300.0,2.507,296578.1,296720.5589,0.9995198886773194,7151.6411,0.0,0
sz159915-H1_weekly_binary_hysteresis-fee0.001,2023-01-21,142.4589,0.0,118300.0,2.507,296578.1,296720.5589,0.9995198886773194,7151.6411,0.0,1
sz159915-H1_weekly_binary_hysteresis-fee0.001,2023-01-22,142.4589,0.0,118300.0,2.507,296578.1,296720.5589,0.9995198886773194,7151.6411,0.0,2
sz159915-H1_weekly_binary_hysteresis-fee0.001,2023-01-23,142.4589,0.0,118300.0,2.507,296578.1,296720.5589,0.9995198886773194,7151.6411,0.0,3
sz159915-H1_weekly_binary_hysteresis-fee0.001,2023-01-24,142.4589,0.0,118300.0,2.507,296578.1,296720.5589,0.9995198886773194,7151.6411,0.0,4
sz159915-H1_weekly_binary_hysteresis-fee0.001,2023-01-25,142.4589,0.0,118300.0,2.507,296578.1,296720.5589,0.9995198886773194,7151.6411,0.0,5
sz159915-H1_weekly_binary_hysteresis-fee0.001,2023-01-26,142.4589,0.0,118300.0,2.507,296578.1,296720.5589,0.9995198886773194,7151.6411,0.0,6
sz159915-H1_weekly_binary_hysteresis-fee0.001,2023-01-27,142.4589,0.0,118300.0,2.507,296578.1,296720.5589,0.9995198886773194,7151.6411,0.0,7
sz159915-H1_weekly_binary_hysteresis-fee0.001,2023-01-28,142.4589,0.0,118300.0,2.507,296578.1,296720.5589,0.9995198886773194,7151.6411,0.0,8
sz159915-H1_weekly_binary_hysteresis-fee0.001,2023-01-29,142.4589,0.0,118300.0,2.507,296578.1,296720.5589,0.9995198886773194,7151.6411,0.0,9
sz159915-H1_weekly_binary_hysteresis-fee0.001,2023-01-30,142.4589,0.0,118300.0,2.533,299653.9,299796.3589,0.9995248144423011,7151.6411,0.0,0
sz159915-H1_weekly_binary_hysteresis-fee0.001,2023-01-31,142.4589,0.0,118300.0,2.507,296578.1,296720.5589,0.9995198886773194,7151.6411,0.0,0
sz159915-H1_weekly_binary_hysteresis-fee0.001,2023-02-01,142.4589,0.0,118300.0,2.537,300127.1,300269.5589,0.999525563295454,7151.6411,0.0,0
sz159915-H1_weekly_binary_hysteresis-fee0.001,2023-02-02,142.4589,0.0,118300.0,2.524,298589.2,298731.6589,0.9995231208485751,7151.6411,0.0,0
sz159915-H1_weekly_binary_hysteresis-fee0.001,2023-02-03,142.4589,0.0,118300.0,2.5,295750.0,295892.4589,0.9995185450128415,7151.6411,0.0,0
sz159915-H1_weekly_binary_hysteresis-fee0.001,2023-02-04,142.4589,0.0,118300.0,2.5,295750.0,295892.4589,0.9995185450128415,7151.6411,0.0,1
sz159915-H1_weekly_binary_hysteresis-fee0.001,2023-02-05,142.4589,0.0,118300.0,2.5,295750.0,295892.4589,0.9995185450128415,7151.6411,0.0,2
sz159915-H1_weekly_binary_hysteresis-fee0.001,2023-02-06,293942.1651,0.0,0.0,2.468,0.0,293942.1651,0.0,7445.7349,0.0,0
sz159915-H1_weekly_binary_hysteresis-fee0.001,2023-02-07,293942.1651,0.0,0.0,2.461,0.0,293942.1651,0.0,7445.7349,0.0,0
sz159915-H1_weekly_binary_hysteresis-fee0.001,2023-02-08,293942.1651,0.0,0.0,2.447,0.0,293942.1651,0.0,7445.7349,0.0,0
sz159915-H1_weekly_binary_hysteresis-fee0.001,2023-02-09,293942.1651,0.0,0.0,2.493,0.0,293942.1651,0.0,7445.7349,0.0,0
sz159915-H1_weekly_binary_hysteresis-fee0.001,2023-02-10,293942.1651,0.0,0.0,2.465,0.0,293942.1651,0.0,7445.7349,0.0,0
sz159915-H1_weekly_binary_hysteresis-fee0.001,2023-02-11,293942.1651,0.0,0.0,2.465,0.0,293942.1651,0.0,7445.7349,0.0,1
sz159915-H1_weekly_binary_hysteresis-fee0.001,2023-02-12,293942.1651,0.0,0.0,2.465,0.0,293942.1651,0.0,7445.7349,0.0,2
sz159915-H1_weekly_binary_hysteresis-fee0.001,2023-02-13,293942.1651,0.0,0.0,2.495,0.0,293942.1651,0.0,7445.7349,0.0,0
sz159915-H1_weekly_binary_hysteresis-fee0.001,2023-02-14,293942.1651,0.0,0.0,2.49,0.0,293942.1651,0.0,7445.7349,0.0,0
sz159915-H1_weekly_binary_hysteresis-fee0.001,2023-02-15,293942.1651,0.0,0.0,2.468,0.0,293942.1651,0.0,7445.7349,0.0,0
sz159915-H1_weekly_binary_hysteresis-fee0.001,2023-02-16,293942.1651,0.0,0.0,2.436,0.0,293942.1651,0.0,7445.7349,0.0,0
sz159915-H1_weekly_binary_hysteresis-fee0.001,2023-02-17,293942.1651,0.0,0.0,2.378,0.0,293942.1651,0.0,7445.7349,0.0,0
sz159915-H1_weekly_binary_hysteresis-fee0.001,2023-02-18,293942.1651,0.0,0.0,2.378,0.0,293942.1651,0.0,7445.7349,0.0,1
sz159915-H1_weekly_binary_hysteresis-fee0.001,2023-02-19,293942.1651,0.0,0.0,2.378,0.0,293942.1651,0.0,7445.7349,0.0,2
sz159915-H1_weekly_binary_hysteresis-fee0.001,2023-02-20,293942.1651,0.0,0.0,2.403,0.0,293942.1651,0.0,7445.7349,0.0,0
sz159915-H1_weekly_binary_hysteresis-fee0.001,2023-02-21,293942.1651,0.0,0.0,2.395,0.0,293942.1651,0.0,7445.7349,0.0,0
sz159915-H1_weekly_binary_hysteresis-fee0.001,2023-02-22,293942.1651,0.0,0.0,2.377,0.0,293942.1651,0.0,7445.7349,0.0,0
sz159915-H1_weekly_binary_hysteresis-fee0.001,2023-02-23,293942.1651,0.0,0.0,2.385,0.0,293942.1651,0.0,7445.7349,0.0,0
sz159915-H1_weekly_binary_hysteresis-fee0.001,2023-02-24,293942.1651,0.0,0.0,2.357,0.0,293942.1651,0.0,7445.7349,0.0,0
sz159915-H1_weekly_binary_hysteresis-fee0.001,2023-02-25,293942.1651,0.0,0.0,2.357,0.0,293942.1651,0.0,7445.7349,0.0,1
sz159915-H1_weekly_binary_hysteresis-fee0.001,2023-02-26,293942.1651,0.0,0.0,2.357,0.0,293942.1651,0.0,7445.7349,0.0,2
sz159915-H1_weekly_binary_hysteresis-fee0.001,2023-02-27,293942.1651,0.0,0.0,2.34,0.0,293942.1651,0.0,7445.7349,0.0,0
sz159915-H1_weekly_binary_hysteresis-fee0.001,2023-02-28,293942.1651,0.0,0.0,2.359,0.0,293942.1651,0.0,7445.7349,0.0,0
sz159915-H1_weekly_binary_hysteresis-fee0.001,2023-03-01,293942.1651,0.0,0.0,2.372,0.0,293942.1651,0.0,7445.7349,0.0,0
sz159915-H1_weekly_binary_hysteresis-fee0.001,2023-03-02,293942.1651,0.0,0.0,2.347,0.0,293942.1651,0.0,7445.7349,0.0,0
sz159915-H1_weekly_binary_hysteresis-fee0.001,2023-03-03,293942.1651,0.0,0.0,2.352,0.0,293942.1651,0.0,7445.7349,0.0,0
sz159915-H1_weekly_binary_hysteresis-fee0.001,2023-03-04,293942.1651,0.0,0.0,2.352,0.0,293942.1651,0.0,7445.7349,0.0,1
sz159915-H1_weekly_binary_hysteresis-fee0.001,2023-03-05,293942.1651,0.0,0.0,2.352,0.0,293942.1651,0.0,7445.7349,0.0,2
sz159915-H1_weekly_binary_hysteresis-fee0.001,2023-03-06,293942.1651,0.0,0.0,2.361,0.0,293942.1651,0.0,7445.7349,0.0,0
sz159915-H1_weekly_binary_hysteresis-fee0.001,2023-03-07,293942.1651,0.0,0.0,2.312,0.0,293942.1651,0.0,7445.7349,0.0,0
sz159915-H1_weekly_binary_hysteresis-fee0.001,2023-03-08,293942.1651,0.0,0.0,2.308,0.0,293942.1651,0.0,7445.7349,0.0,0
sz159915-H1_weekly_binary_hysteresis-fee0.001,2023-03-09,293942.1651,0.0,0.0,2.303,0.0,293942.1651,0.0,7445.7349,0.0,0
sz159915-H1_weekly_binary_hysteresis-fee0.001,2023-03-10,293942.1651,0.0,0.0,2.3,0.0,293942.1651,0.0,7445.7349,0.0,0
sz159915-H1_weekly_binary_hysteresis-fee0.001,2023-03-11,293942.1651,0.0,0.0,2.3,0.0,293942.1651,0.0,7445.7349,0.0,1
sz159915-H1_weekly_binary_hysteresis-fee0.001,2023-03-12,293942.1651,0.0,0.0,2.3,0.0,293942.1651,0.0,7445.7349,0.0,2
sz159915-H1_weekly_binary_hysteresis-fee0.001,2023-03-13,293942.1651,0.0,0.0,2.287,0.0,293942.1651,0.0,7445.7349,0.0,0
sz159915-H1_weekly_binary_hysteresis-fee0.001,2023-03-14,293942.1651,0.0,0.0,2.276,0.0,293942.1651,0.0,7445.7349,0.0,0
sz159915-H1_weekly_binary_hysteresis-fee0.001,2023-03-15,293942.1651,0.0,0.0,2.268,0.0,293942.1651,0.0,7445.7349,0.0,0
sz159915-H1_weekly_binary_hysteresis-fee0.001,2023-03-16,293942.1651,0.0,0.0,2.233,0.0,293942.1651,0.0,7445.7349,0.0,0
sz159915-H1_weekly_binary_hysteresis-fee0.001,2023-03-17,293942.1651,0.0,0.0,2.228,0.0,293942.1651,0.0,7445.7349,0.0,0
sz159915-H1_weekly_binary_hysteresis-fee0.001,2023-03-18,293942.1651,0.0,0.0,2.228,0.0,293942.1651,0.0,7445.7349,0.0,1
sz159915-H1_weekly_binary_hysteresis-fee0.001,2023-03-19,293942.1651,0.0,0.0,2.228,0.0,293942.1651,0.0,7445.7349,0.0,2
sz159915-H1_weekly_binary_hysteresis-fee0.001,2023-03-20,293942.1651,0.0,0.0,2.226,0.0,293942.1651,0.0,7445.7349,0.0,0
sz159915-H1_weekly_binary_hysteresis-fee0.001,2023-03-21,293942.1651,0.0,0.0,2.265,0.0,293942.1651,0.0,7445.7349,0.0,0
sz159915-H1_weekly_binary_hysteresis-fee0.001,2023-03-22,293942.1651,0.0,0.0,2.27,0.0,293942.1651,0.0,7445.7349,0.0,0
sz159915-H1_weekly_binary_hysteresis-fee0.001,2023-03-23,293942.1651,0.0,0.0,2.288,0.0,293942.1651,0.0,7445.7349,0.0,0
sz159915-H1_weekly_binary_hysteresis-fee0.001,2023-03-24,293942.1651,0.0,0.0,2.297,0.0,293942.1651,0.0,7445.7349,0.0,0
sz159915-H1_weekly_binary_hysteresis-fee0.001,2023-03-25,293942.1651,0.0,0.0,2.297,0.0,293942.1651,0.0,7445.7349,0.0,1
sz159915-H1_weekly_binary_hysteresis-fee0.001,2023-03-26,293942.1651,0.0,0.0,2.297,0.0,293942.1651,0.0,7445.7349,0.0,2
sz159915-H1_weekly_binary_hysteresis-fee0.001,2023-03-27,293942.1651,0.0,0.0,2.323,0.0,293942.1651,0.0,7445.7349,0.0,0
sz159915-H1_weekly_binary_hysteresis-fee0.001,2023-03-28,293942.1651,0.0,0.0,2.298,0.0,293942.1651,0.0,7445.7349,0.0,0
sz159915-H1_weekly_binary_hysteresis-fee0.001,2023-03-29,293942.1651,0.0,0.0,2.297,0.0,293942.1651,0.0,7445.7349,0.0,0
sz159915-H1_weekly_binary_hysteresis-fee0.001,2023-03-30,293942.1651,0.0,0.0,2.313,0.0,293942.1651,0.0,7445.7349,0.0,0
sz159915-H1_weekly_binary_hysteresis-fee0.001,2023-03-31,293942.1651,0.0,0.0,2.327,0.0,293942.1651,0.0,7445.7349,0.0,0
sz159915-H1_weekly_binary_hysteresis-fee0.001,2023-04-01,293942.1651,0.0,0.0,2.327,0.0,293942.1651,0.0,7445.7349,0.0,1
sz159915-H1_weekly_binary_hysteresis-fee0.001,2023-04-02,293942.1651,0.0,0.0,2.327,0.0,293942.1651,0.0,7445.7349,0.0,2
sz159915-H1_weekly_binary_hysteresis-fee0.001,2023-04-03,293942.1651,0.0,0.0,2.366,0.0,293942.1651,0.0,7445.7349,0.0,0
sz159915-H1_weekly_binary_hysteresis-fee0.001,2023-04-04,293942.1651,0.0,0.0,2.35,0.0,293942.1651,0.0,7445.7349,0.0,0
sz159915-H1_weekly_binary_hysteresis-fee0.001,2023-04-05,293942.1651,0.0,0.0,2.35,0.0,293942.1651,0.0,7445.7349,0.0,1
sz159915-H1_weekly_binary_hysteresis-fee0.001,2023-04-06,293942.1651,0.0,0.0,2.354,0.0,293942.1651,0.0,7445.7349,0.0,0
sz159915-H1_weekly_binary_hysteresis-fee0.001,2023-04-07,293942.1651,0.0,0.0,2.369,0.0,293942.1651,0.0,7445.7349,0.0,0
sz159915-H1_weekly_binary_hysteresis-fee0.001,2023-04-08,293942.1651,0.0,0.0,2.369,0.0,293942.1651,0.0,7445.7349,0.0,1
sz159915-H1_weekly_binary_hysteresis-fee0.001,2023-04-09,293942.1651,0.0,0.0,2.369,0.0,293942.1651,0.0,7445.7349,0.0,2
sz159915-H1_weekly_binary_hysteresis-fee0.001,2023-04-10,293942.1651,0.0,0.0,2.368,0.0,293942.1651,0.0,7445.7349,0.0,0
sz159915-H1_weekly_binary_hysteresis-fee0.001,2023-04-11,293942.1651,0.0,0.0,2.362,0.0,293942.1651,0.0,7445.7349,0.0,0
sz159915-H1_weekly_binary_hysteresis-fee0.001,2023-04-12,293942.1651,0.0,0.0,2.353,0.0,293942.1651,0.0,7445.7349,0.0,0
sz159915-H1_weekly_binary_hysteresis-fee0.001,2023-04-13,293942.1651,0.0,0.0,2.332,0.0,293942.1651,0.0,7445.7349,0.0,0
sz159915-H1_weekly_binary_hysteresis-fee0.001,2023-04-14,293942.1651,0.0,0.0,2.355,0.0,293942.1651,0.0,7445.7349,0.0,0
sz159915-H1_weekly_binary_hysteresis-fee0.001,2023-04-15,293942.1651,0.0,0.0,2.355,0.0,293942.1651,0.0,7445.7349,0.0,1
sz159915-H1_weekly_binary_hysteresis-fee0.001,2023-04-16,293942.1651,0.0,0.0,2.355,0.0,293942.1651,0.0,7445.7349,0.0,2
sz159915-H1_weekly_binary_hysteresis-fee0.001,2023-04-17,293942.1651,0.0,0.0,2.364,0.0,293942.1651,0.0,7445.7349,0.0,0
sz159915-H1_weekly_binary_hysteresis-fee0.001,2023-04-18,293942.1651,0.0,0.0,2.354,0.0,293942.1651,0.0,7445.7349,0.0,0
sz159915-H1_weekly_binary_hysteresis-fee0.001,2023-04-19,293942.1651,0.0,0.0,2.339,0.0,293942.1651,0.0,7445.7349,0.0,0
sz159915-H1_weekly_binary_hysteresis-fee0.001,2023-04-20,293942.1651,0.0,0.0,2.314,0.0,293942.1651,0.0,7445.7349,0.0,0
sz159915-H1_weekly_binary_hysteresis-fee0.001,2023-04-21,293942.1651,0.0,0.0,2.269,0.0,293942.1651,0.0,7445.7349,0.0,0
sz159915-H1_weekly_binary_hysteresis-fee0.001,2023-04-22,293942.1651,0.0,0.0,2.269,0.0,293942.1651,0.0,7445.7349,0.0,1
sz159915-H1_weekly_binary_hysteresis-fee0.001,2023-04-23,293942.1651,0.0,0.0,2.269,0.0,293942.1651,0.0,7445.7349,0.0,2
sz159915-H1_weekly_binary_hysteresis-fee0.001,2023-04-24,72.0886,0.0,129500.0,2.234,289303.0,289375.0886,0.9997508818041361,7739.3114,0.0,0
sz159915-H1_weekly_binary_hysteresis-fee0.001,2023-04-25,72.0886,0.0,129500.0,2.193,283993.5,284065.5886,0.9997462255095547,7739.3114,0.0,0
sz159915-H1_weekly_binary_hysteresis-fee0.001,2023-04-26,72.0886,0.0,129500.0,2.226,288267.0,288339.0886,0.9997499867244847,7739.3114,0.0,0
sz159915-H1_weekly_binary_hysteresis-fee0.001,2023-04-27,72.0886,0.0,129500.0,2.24,290080.0,290152.0886,0.9997515489192312,7739.3114,0.0,0
sz159915-H1_weekly_binary_hysteresis-fee0.001,2023-04-28,72.0886,0.0,129500.0,2.255,292022.5,292094.5886,0.9997532011792977,7739.3114,0.0,0
sz159915-H1_weekly_binary_hysteresis-fee0.001,2023-04-29,72.0886,0.0,129500.0,2.255,292022.5,292094.5886,0.9997532011792977,7739.3114,0.0,1
sz159915-H1_weekly_binary_hysteresis-fee0.001,2023-04-30,72.0886,0.0,129500.0,2.255,292022.5,292094.5886,0.9997532011792977,7739.3114,0.0,2
sz159915-H1_weekly_binary_hysteresis-fee0.001,2023-05-01,72.0886,0.0,129500.0,2.255,292022.5,292094.5886,0.9997532011792977,7739.3114,0.0,3
sz159915-H1_weekly_binary_hysteresis-fee0.001,2023-05-02,72.0886,0.0,129500.0,2.255,292022.5,292094.5886,0.9997532011792977,7739.3114,0.0,4
sz159915-H1_weekly_binary_hysteresis-fee0.001,2023-05-03,72.0886,0.0,129500.0,2.255,292022.5,292094.5886,0.9997532011792977,7739.3114,0.0,5
sz159915-H1_weekly_binary_hysteresis-fee0.001,2023-05-04,72.0886,0.0,129500.0,2.23,288785.0,288857.0886,0.999750435066872,7739.3114,0.0,0
sz159915-H1_weekly_binary_hysteresis-fee0.001,2023-05-05,72.0886,0.0,129500.0,2.202,285159.0,285231.0886,0.9997472624728467,7739.3114,0.0,0
sz159915-H1_weekly_binary_hysteresis-fee0.001,2023-05-06,72.0886,0.0,129500.0,2.202,285159.0,285231.0886,0.9997472624728467,7739.3114,0.0,1
sz159915-H1_weekly_binary_hysteresis-fee0.001,2023-05-07,72.0886,0.0,129500.0,2.202,285159.0,285231.0886,0.9997472624728467,7739.3114,0.0,2
sz159915-H1_weekly_binary_hysteresis-fee0.001,2023-05-08,72.0886,0.0,129500.0,2.213,286583.5,286655.5886,0.9997485184211755,7739.3114,0.0,0
sz159915-H1_weekly_binary_hysteresis-fee0.001,2023-05-09,72.0886,0.0,129500.0,2.18,282310.0,282382.0886,0.9997447125617726,7739.3114,0.0,0
sz159915-H1_weekly_binary_hysteresis-fee0.001,2023-05-10,72.0886,0.0,129500.0,2.199,284770.5,284842.5886,0.9997469177613,7739.3114,0.0,0
sz159915-H1_weekly_binary_hysteresis-fee0.001,2023-05-11,72.0886,0.0,129500.0,2.211,286324.5,286396.5886,0.9997482909962288,7739.3114,0.0,0
sz159915-H1_weekly_binary_hysteresis-fee0.001,2023-05-12,72.0886,0.0,129500.0,2.185,282957.5,283029.5886,0.9997452965947603,7739.3114,0.0,0
sz159915-H1_weekly_binary_hysteresis-fee0.001,2023-05-13,72.0886,0.0,129500.0,2.185,282957.5,283029.5886,0.9997452965947603,7739.3114,0.0,1
sz159915-H1_weekly_binary_hysteresis-fee0.001,2023-05-14,72.0886,0.0,129500.0,2.185,282957.5,283029.5886,0.9997452965947603,7739.3114,0.0,2
sz159915-H1_weekly_binary_hysteresis-fee0.001,2023-05-15,72.0886,0.0,129500.0,2.234,289303.0,289375.0886,0.9997508818041361,7739.3114,0.0,0
sz159915-H1_weekly_binary_hysteresis-fee0.001,2023-05-16,72.0886,0.0,129500.0,2.228,288526.0,288598.0886,0.9997502110968589,7739.3114,0.0,0
sz159915-H1_weekly_binary_hysteresis-fee0.001,2023-05-17,72.0886,0.0,129500.0,2.229,288655.5,288727.5886,0.999750323132093,7739.3114,0.0,0
sz159915-H1_weekly_binary_hysteresis-fee0.001,2023-05-18,72.0886,0.0,129500.0,2.215,286842.5,286914.5886,0.9997487454355257,7739.3114,0.0,0
sz159915-H1_weekly_binary_hysteresis-fee0.001,2023-05-19,72.0886,0.0,129500.0,2.215,286842.5,286914.5886,0.9997487454355257,7739.3114,0.0,0
sz159915-H1_weekly_binary_hysteresis-fee0.001,2023-05-20,72.0886,0.0,129500.0,2.215,286842.5,286914.5886,0.9997487454355257,7739.3114,0.0,1
sz159915-H1_weekly_binary_hysteresis-fee0.001,2023-05-21,72.0886,0.0,129500.0,2.215,286842.5,286914.5886,0.9997487454355257,7739.3114,0.0,2
sz159915-H1_weekly_binary_hysteresis-fee0.001,2023-05-22,72.0886,0.0,129500.0,2.214,286713.0,286785.0886,0.9997486319796056,7739.3114,0.0,0
sz159915-H1_weekly_binary_hysteresis-fee0.001,2023-05-23,72.0886,0.0,129500.0,2.187,283216.5,283288.5886,0.9997455294604126,7739.3114,0.0,0
sz159915-H1_weekly_binary_hysteresis-fee0.001,2023-05-24,72.0886,0.0,129500.0,2.183,282698.5,282770.5886,0.9997450633025277,7739.3114,0.0,0
sz159915-H1_weekly_binary_hysteresis-fee0.001,2023-05-25,72.0886,0.0,129500.0,2.184,282828.0,282900.0886,0.9997451800020398,7739.3114,0.0,0
sz159915-H1_weekly_binary_hysteresis-fee0.001,2023-05-26,72.0886,0.0,129500.0,2.167,280626.5,280698.5886,0.9997431814660717,7739.3114,0.0,0
sz159915-H1_weekly_binary_hysteresis-fee0.001,2023-05-27,72.0886,0.0,129500.0,2.167,280626.5,280698.5886,0.9997431814660717,7739.3114,0.0,1
sz159915-H1_weekly_binary_hysteresis-fee0.001,2023-05-28,72.0886,0.0,129500.0,2.167,280626.5,280698.5886,0.9997431814660717,7739.3114,0.0,2
sz159915-H1_weekly_binary_hysteresis-fee0.001,2023-05-29,72.0886,0.0,129500.0,2.143,277518.5,277590.5886,0.9997403060371622,7739.3114,0.0,0
sz159915-H1_weekly_binary_hysteresis-fee0.001,2023-05-30,72.0886,0.0,129500.0,2.155,279072.5,279144.5886,0.999741751755384,7739.3114,0.0,0
sz159915-H1_weekly_binary_hysteresis-fee0.001,2023-05-31,72.0886,0.0,129500.0,2.131,275964.5,276036.5886,0.9997388440410541,7739.3114,0.0,0
sz159915-H1_weekly_binary_hysteresis-fee0.001,2023-06-01,72.0886,0.0,129500.0,2.148,278166.0,278238.0886,0.9997409103823178,7739.3114,0.0,0
sz159915-H1_weekly_binary_hysteresis-fee0.001,2023-06-02,72.0886,0.0,129500.0,2.175,281662.5,281734.5886,0.9997441258442628,7739.3114,0.0,0
sz159915-H1_weekly_binary_hysteresis-fee0.001,2023-06-03,72.0886,0.0,129500.0,2.175,281662.5,281734.5886,0.9997441258442628,7739.3114,0.0,1
sz159915-H1_weekly_binary_hysteresis-fee0.001,2023-06-04,72.0886,0.0,129500.0,2.175,281662.5,281734.5886,0.9997441258442628,7739.3114,0.0,2
sz159915-H1_weekly_binary_hysteresis-fee0.001,2023-06-05,281194.1851,0.0,0.0,2.143,0.0,281194.1851,0.0,8020.7149,0.0,0
sz159915-H1_weekly_binary_hysteresis-fee0.001,2023-06-06,281194.1851,0.0,0.0,2.106,0.0,281194.1851,0.0,8020.7149,0.0,0
sz159915-H1_weekly_binary_hysteresis-fee0.001,2023-06-07,281194.1851,0.0,0.0,2.075,0.0,281194.1851,0.0,8020.7149,0.0,0
sz159915-H1_weekly_binary_hysteresis-fee0.001,2023-06-08,281194.1851,0.0,0.0,2.071,0.0,281194.1851,0.0,8020.7149,0.0,0
sz159915-H1_weekly_binary_hysteresis-fee0.001,2023-06-09,281194.1851,0.0,0.0,2.086,0.0,281194.1851,0.0,8020.7149,0.0,0
sz159915-H1_weekly_binary_hysteresis-fee0.001,2023-06-10,281194.1851,0.0,0.0,2.086,0.0,281194.1851,0.0,8020.7149,0.0,1
sz159915-H1_weekly_binary_hysteresis-fee0.001,2023-06-11,281194.1851,0.0,0.0,2.086,0.0,281194.1851,0.0,8020.7149,0.0,2
sz159915-H1_weekly_binary_hysteresis-fee0.001,2023-06-12,281194.1851,0.0,0.0,2.095,0.0,281194.1851,0.0,8020.7149,0.0,0
sz159915-H1_weekly_binary_hysteresis-fee0.001,2023-06-13,281194.1851,0.0,0.0,2.111,0.0,281194.1851,0.0,8020.7149,0.0,0
sz159915-H1_weekly_binary_hysteresis-fee0.001,2023-06-14,281194.1851,0.0,0.0,2.106,0.0,281194.1851,0.0,8020.7149,0.0,0
sz159915-H1_weekly_binary_hysteresis-fee0.001,2023-06-15,281194.1851,0.0,0.0,2.179,0.0,281194.1851,0.0,8020.7149,0.0,0
sz159915-H1_weekly_binary_hysteresis-fee0.001,2023-06-16,281194.1851,0.0,0.0,2.208,0.0,281194.1851,0.0,8020.7149,0.0,0
sz159915-H1_weekly_binary_hysteresis-fee0.001,2023-06-17,281194.1851,0.0,0.0,2.208,0.0,281194.1851,0.0,8020.7149,0.0,1
sz159915-H1_weekly_binary_hysteresis-fee0.001,2023-06-18,281194.1851,0.0,0.0,2.208,0.0,281194.1851,0.0,8020.7149,0.0,2
sz159915-H1_weekly_binary_hysteresis-fee0.001,2023-06-19,281194.1851,0.0,0.0,2.207,0.0,281194.1851,0.0,8020.7149,0.0,0
sz159915-H1_weekly_binary_hysteresis-fee0.001,2023-06-20,281194.1851,0.0,0.0,2.21,0.0,281194.1851,0.0,8020.7149,0.0,0
sz159915-H1_weekly_binary_hysteresis-fee0.001,2023-06-21,281194.1851,0.0,0.0,2.156,0.0,281194.1851,0.0,8020.7149,0.0,0
sz159915-H1_weekly_binary_hysteresis-fee0.001,2023-06-22,281194.1851,0.0,0.0,2.156,0.0,281194.1851,0.0,8020.7149,0.0,1
sz159915-H1_weekly_binary_hysteresis-fee0.001,2023-06-23,281194.1851,0.0,0.0,2.156,0.0,281194.1851,0.0,8020.7149,0.0,2
sz159915-H1_weekly_binary_hysteresis-fee0.001,2023-06-24,281194.1851,0.0,0.0,2.156,0.0,281194.1851,0.0,8020.7149,0.0,3
sz159915-H1_weekly_binary_hysteresis-fee0.001,2023-06-25,281194.1851,0.0,0.0,2.156,0.0,281194.1851,0.0,8020.7149,0.0,4
sz159915-H1_weekly_binary_hysteresis-fee0.001,2023-06-26,281194.1851,0.0,0.0,2.133,0.0,281194.1851,0.0,8020.7149,0.0,0
sz159915-H1_weekly_binary_hysteresis-fee0.001,2023-06-27,281194.1851,0.0,0.0,2.138,0.0,281194.1851,0.0,8020.7149,0.0,0
sz159915-H1_weekly_binary_hysteresis-fee0.001,2023-06-28,281194.1851,0.0,0.0,2.126,0.0,281194.1851,0.0,8020.7149,0.0,0
sz159915-H1_weekly_binary_hysteresis-fee0.001,2023-06-29,281194.1851,0.0,0.0,2.129,0.0,281194.1851,0.0,8020.7149,0.0,0
sz159915-H1_weekly_binary_hysteresis-fee0.001,2023-06-30,281194.1851,0.0,0.0,2.164,0.0,281194.1851,0.0,8020.7149,0.0,0
sz159915-H1_weekly_binary_hysteresis-fee0.001,2023-07-01,281194.1851,0.0,0.0,2.164,0.0,281194.1851,0.0,8020.7149,0.0,1
sz159915-H1_weekly_binary_hysteresis-fee0.001,2023-07-02,281194.1851,0.0,0.0,2.164,0.0,281194.1851,0.0,8020.7149,0.0,2
sz159915-H1_weekly_binary_hysteresis-fee0.001,2023-07-03,281194.1851,0.0,0.0,2.171,0.0,281194.1851,0.0,8020.7149,0.0,0
sz159915-H1_weekly_binary_hysteresis-fee0.001,2023-07-04,281194.1851,0.0,0.0,2.174,0.0,281194.1851,0.0,8020.7149,0.0,0
sz159915-H1_weekly_binary_hysteresis-fee0.001,2023-07-05,281194.1851,0.0,0.0,2.156,0.0,281194.1851,0.0,8020.7149,0.0,0
sz159915-H1_weekly_binary_hysteresis-fee0.001,2023-07-06,281194.1851,0.0,0.0,2.137,0.0,281194.1851,0.0,8020.7149,0.0,0
sz159915-H1_weekly_binary_hysteresis-fee0.001,2023-07-07,281194.1851,0.0,0.0,2.118,0.0,281194.1851,0.0,8020.7149,0.0,0
sz159915-H1_weekly_binary_hysteresis-fee0.001,2023-07-08,281194.1851,0.0,0.0,2.118,0.0,281194.1851,0.0,8020.7149,0.0,1
sz159915-H1_weekly_binary_hysteresis-fee0.001,2023-07-09,281194.1851,0.0,0.0,2.118,0.0,281194.1851,0.0,8020.7149,0.0,2
sz159915-H1_weekly_binary_hysteresis-fee0.001,2023-07-10,281194.1851,0.0,0.0,2.145,0.0,281194.1851,0.0,8020.7149,0.0,0
sz159915-H1_weekly_binary_hysteresis-fee0.001,2023-07-11,281194.1851,0.0,0.0,2.161,0.0,281194.1851,0.0,8020.7149,0.0,0
sz159915-H1_weekly_binary_hysteresis-fee0.001,2023-07-12,281194.1851,0.0,0.0,2.139,0.0,281194.1851,0.0,8020.7149,0.0,0
sz159915-H1_weekly_binary_hysteresis-fee0.001,2023-07-13,281194.1851,0.0,0.0,2.182,0.0,281194.1851,0.0,8020.7149,0.0,0
sz159915-H1_weekly_binary_hysteresis-fee0.001,2023-07-14,281194.1851,0.0,0.0,2.169,0.0,281194.1851,0.0,8020.7149,0.0,0
sz159915-H1_weekly_binary_hysteresis-fee0.001,2023-07-15,281194.1851,0.0,0.0,2.169,0.0,281194.1851,0.0,8020.7149,0.0,1
sz159915-H1_weekly_binary_hysteresis-fee0.001,2023-07-16,281194.1851,0.0,0.0,2.169,0.0,281194.1851,0.0,8020.7149,0.0,2
sz159915-H1_weekly_binary_hysteresis-fee0.001,2023-07-17,281194.1851,0.0,0.0,2.152,0.0,281194.1851,0.0,8020.7149,0.0,0
sz159915-H1_weekly_binary_hysteresis-fee0.001,2023-07-18,281194.1851,0.0,0.0,2.147,0.0,281194.1851,0.0,8020.7149,0.0,0
sz159915-H1_weekly_binary_hysteresis-fee0.001,2023-07-19,281194.1851,0.0,0.0,2.125,0.0,281194.1851,0.0,8020.7149,0.0,0
sz159915-H1_weekly_binary_hysteresis-fee0.001,2023-07-20,281194.1851,0.0,0.0,2.103,0.0,281194.1851,0.0,8020.7149,0.0,0
sz159915-H1_weekly_binary_hysteresis-fee0.001,2023-07-21,281194.1851,0.0,0.0,2.11,0.0,281194.1851,0.0,8020.7149,0.0,0
sz159915-H1_weekly_binary_hysteresis-fee0.001,2023-07-22,281194.1851,0.0,0.0,2.11,0.0,281194.1851,0.0,8020.7149,0.0,1
sz159915-H1_weekly_binary_hysteresis-fee0.001,2023-07-23,281194.1851,0.0,0.0,2.11,0.0,281194.1851,0.0,8020.7149,0.0,2
sz159915-H1_weekly_binary_hysteresis-fee0.001,2023-07-24,281194.1851,0.0,0.0,2.09,0.0,281194.1851,0.0,8020.7149,0.0,0
sz159915-H1_weekly_binary_hysteresis-fee0.001,2023-07-25,281194.1851,0.0,0.0,2.136,0.0,281194.1851,0.0,8020.7149,0.0,0
sz159915-H1_weekly_binary_hysteresis-fee0.001,2023-07-26,281194.1851,0.0,0.0,2.135,0.0,281194.1851,0.0,8020.7149,0.0,0
sz159915-H1_weekly_binary_hysteresis-fee0.001,2023-07-27,281194.1851,0.0,0.0,2.129,0.0,281194.1851,0.0,8020.7149,0.0,0
sz159915-H1_weekly_binary_hysteresis-fee0.001,2023-07-28,281194.1851,0.0,0.0,2.163,0.0,281194.1851,0.0,8020.7149,0.0,0
sz159915-H1_weekly_binary_hysteresis-fee0.001,2023-07-29,281194.1851,0.0,0.0,2.163,0.0,281194.1851,0.0,8020.7149,0.0,1
sz159915-H1_weekly_binary_hysteresis-fee0.001,2023-07-30,281194.1851,0.0,0.0,2.163,0.0,281194.1851,0.0,8020.7149,0.0,2
sz159915-H1_weekly_binary_hysteresis-fee0.001,2023-07-31,281194.1851,0.0,0.0,2.182,0.0,281194.1851,0.0,8020.7149,0.0,0
sz159915-H1_weekly_binary_hysteresis-fee0.001,2023-08-01,281194.1851,0.0,0.0,2.168,0.0,281194.1851,0.0,8020.7149,0.0,0
sz159915-H1_weekly_binary_hysteresis-fee0.001,2023-08-02,281194.1851,0.0,0.0,2.164,0.0,281194.1851,0.0,8020.7149,0.0,0
sz159915-H1_weekly_binary_hysteresis-fee0.001,2023-08-03,281194.1851,0.0,0.0,2.187,0.0,281194.1851,0.0,8020.7149,0.0,0
sz159915-H1_weekly_binary_hysteresis-fee0.001,2023-08-04,281194.1851,0.0,0.0,2.204,0.0,281194.1851,0.0,8020.7149,0.0,0
sz159915-H1_weekly_binary_hysteresis-fee0.001,2023-08-05,281194.1851,0.0,0.0,2.204,0.0,281194.1851,0.0,8020.7149,0.0,1
sz159915-H1_weekly_binary_hysteresis-fee0.001,2023-08-06,281194.1851,0.0,0.0,2.204,0.0,281194.1851,0.0,8020.7149,0.0,2
sz159915-H1_weekly_binary_hysteresis-fee0.001,2023-08-07,281194.1851,0.0,0.0,2.185,0.0,281194.1851,0.0,8020.7149,0.0,0
sz159915-H1_weekly_binary_hysteresis-fee0.001,2023-08-08,281194.1851,0.0,0.0,2.177,0.0,281194.1851,0.0,8020.7149,0.0,0
sz159915-H1_weekly_binary_hysteresis-fee0.001,2023-08-09,281194.1851,0.0,0.0,2.174,0.0,281194.1851,0.0,8020.7149,0.0,0
sz159915-H1_weekly_binary_hysteresis-fee0.001,2023-08-10,281194.1851,0.0,0.0,2.184,0.0,281194.1851,0.0,8020.7149,0.0,0
sz159915-H1_weekly_binary_hysteresis-fee0.001,2023-08-11,281194.1851,0.0,0.0,2.129,0.0,281194.1851,0.0,8020.7149,0.0,0
sz159915-H1_weekly_binary_hysteresis-fee0.001,2023-08-12,281194.1851,0.0,0.0,2.129,0.0,281194.1851,0.0,8020.7149,0.0,1
sz159915-H1_weekly_binary_hysteresis-fee0.001,2023-08-13,281194.1851,0.0,0.0,2.129,0.0,281194.1851,0.0,8020.7149,0.0,2
sz159915-H1_weekly_binary_hysteresis-fee0.001,2023-08-14,17.2891,0.0,133000.0,2.113,281029.0,281046.2891,0.9999384830874111,8301.6109,0.0,0
sz159915-H1_weekly_binary_hysteresis-fee0.001,2023-08-15,17.2891,0.0,133000.0,2.096,278768.0,278785.2891,0.9999379841739289,8301.6109,0.0,0
sz159915-H1_weekly_binary_hysteresis-fee0.001,2023-08-16,17.2891,0.0,133000.0,2.082,276906.0,276923.2891,0.9999375671867246,8301.6109,0.0,0
sz159915-H1_weekly_binary_hysteresis-fee0.001,2023-08-17,17.2891,0.0,133000.0,2.094,278502.0,278519.2891,0.9999379249456802,8301.6109,0.0,0
sz159915-H1_weekly_binary_hysteresis-fee0.001,2023-08-18,17.2891,0.0,133000.0,2.065,274645.0,274662.2891,0.9999370532443436,8301.6109,0.0,0
sz159915-H1_weekly_binary_hysteresis-fee0.001,2023-08-19,17.2891,0.0,133000.0,2.065,274645.0,274662.2891,0.9999370532443436,8301.6109,0.0,1
sz159915-H1_weekly_binary_hysteresis-fee0.001,2023-08-20,17.2891,0.0,133000.0,2.065,274645.0,274662.2891,0.9999370532443436,8301.6109,0.0,2
sz159915-H1_weekly_binary_hysteresis-fee0.001,2023-08-21,17.2891,0.0,133000.0,2.035,270655.0,270672.2891,0.999936125341617,8301.6109,0.0,0
sz159915-H1_weekly_binary_hysteresis-fee0.001,2023-08-22,17.2891,0.0,133000.0,2.038,271054.0,271071.2891,0.9999362193611231,8301.6109,0.0,0
sz159915-H1_weekly_binary_hysteresis-fee0.001,2023-08-23,17.2891,0.0,133000.0,1.987,264271.0,264288.2891,0.9999345824211172,8301.6109,0.0,0
sz159915-H1_weekly_binary_hysteresis-fee0.001,2023-08-24,17.2891,0.0,133000.0,2.014,267862.0,267879.2891,0.9999354593628418,8301.6109,0.0,0
sz159915-H1_weekly_binary_hysteresis-fee0.001,2023-08-25,17.2891,0.0,133000.0,1.991,264803.0,264820.2891,0.9999347138391143,8301.6109,0.0,0
sz159915-H1_weekly_binary_hysteresis-fee0.001,2023-08-26,17.2891,0.0,133000.0,1.991,264803.0,264820.2891,0.9999347138391143,8301.6109,0.0,1
sz159915-H1_weekly_binary_hysteresis-fee0.001,2023-08-27,17.2891,0.0,133000.0,1.991,264803.0,264820.2891,0.9999347138391143,8301.6109,0.0,2
sz159915-H1_weekly_binary_hysteresis-fee0.001,2023-08-28,17.2891,0.0,133000.0,2.01,267330.0,267347.2891,0.9999353309320689,8301.6109,0.0,0
sz159915-H1_weekly_binary_hysteresis-fee0.001,2023-08-29,17.2891,0.0,133000.0,2.067,274911.0,274928.2891,0.999937114146905,8301.6109,0.0,0
sz159915-H1_weekly_binary_hysteresis-fee0.001,2023-08-30,17.2891,0.0,133000.0,2.066,274778.0,274795.2891,0.9999370837103626,8301.6109,0.0,0
sz159915-H1_weekly_binary_hysteresis-fee0.001,2023-08-31,17.2891,0.0,133000.0,2.052,272916.0,272933.2891,0.9999366544841158,8301.6109,0.0,0
sz159915-H1_weekly_binary_hysteresis-fee0.001,2023-09-01,17.2891,0.0,133000.0,2.049,272517.0,272534.2891,0.9999365617440026,8301.6109,0.0,0
sz159915-H1_weekly_binary_hysteresis-fee0.001,2023-09-02,17.2891,0.0,133000.0,2.049,272517.0,272534.2891,0.9999365617440026,8301.6109,0.0,1
sz159915-H1_weekly_binary_hysteresis-fee0.001,2023-09-03,17.2891,0.0,133000.0,2.049,272517.0,272534.2891,0.9999365617440026,8301.6109,0.0,2
sz159915-H1_weekly_binary_hysteresis-fee0.001,2023-09-04,17.2891,0.0,133000.0,2.067,274911.0,274928.2891,0.999937114146905,8301.6109,0.0,0
sz159915-H1_weekly_binary_hysteresis-fee0.001,2023-09-05,17.2891,0.0,133000.0,2.057,273581.0,273598.2891,0.9999368084498742,8301.6109,0.0,0
sz159915-H1_weekly_binary_hysteresis-fee0.001,2023-09-06,17.2891,0.0,133000.0,2.049,272517.0,272534.2891,0.9999365617440026,8301.6109,0.0,0
sz159915-H1_weekly_binary_hysteresis-fee0.001,2023-09-07,17.2891,0.0,133000.0,2.003,266399.0,266416.2891,0.9999351049440017,8301.6109,0.0,0
sz159915-H1_weekly_binary_hysteresis-fee0.001,2023-09-08,17.2891,0.0,133000.0,1.998,265734.0,265751.2891,0.999934942554527,8301.6109,0.0,0
sz159915-H1_weekly_binary_hysteresis-fee0.001,2023-09-09,17.2891,0.0,133000.0,1.998,265734.0,265751.2891,0.999934942554527,8301.6109,0.0,1
sz159915-H1_weekly_binary_hysteresis-fee0.001,2023-09-10,17.2891,0.0,133000.0,1.998,265734.0,265751.2891,0.999934942554527,8301.6109,0.0,2
sz159915-H1_weekly_binary_hysteresis-fee0.001,2023-09-11,17.2891,0.0,133000.0,2.011,267463.0,267480.2891,0.9999353630876572,8301.6109,0.0,0
sz159915-H1_weekly_binary_hysteresis-fee0.001,2023-09-12,17.2891,0.0,133000.0,1.998,265734.0,265751.2891,0.999934942554527,8301.6109,0.0,0
sz159915-H1_weekly_binary_hysteresis-fee0.001,2023-09-13,17.2891,0.0,133000.0,1.974,262542.0,262559.2891,0.9999341516346298,8301.6109,0.0,0
sz159915-H1_weekly_binary_hysteresis-fee0.001,2023-09-14,17.2891,0.0,133000.0,1.96,260680.0,260697.2891,0.9999336813203555,8301.6109,0.0,0
sz159915-H1_weekly_binary_hysteresis-fee0.001,2023-09-15,17.2891,0.0,133000.0,1.954,259882.0,259899.2891,0.9999334776941489,8301.6109,0.0,0
sz159915-H1_weekly_binary_hysteresis-fee0.001,2023-09-16,17.2891,0.0,133000.0,1.954,259882.0,259899.2891,0.9999334776941489,8301.6109,0.0,1
sz159915-H1_weekly_binary_hysteresis-fee0.001,2023-09-17,17.2891,0.0,133000.0,1.954,259882.0,259899.2891,0.9999334776941489,8301.6109,0.0,2
sz159915-H1_weekly_binary_hysteresis-fee0.001,2023-09-18,17.2891,0.0,133000.0,1.968,261744.0,261761.2891,0.9999339508906782,8301.6109,0.0,0
sz159915-H1_weekly_binary_hysteresis-fee0.001,2023-09-19,17.2891,0.0,133000.0,1.952,259616.0,259633.2891,0.9999334095405873,8301.6109,0.0,0
sz159915-H1_weekly_binary_hysteresis-fee0.001,2023-09-20,17.2891,0.0,133000.0,1.936,257488.0,257505.2891,0.9999328592431619,8301.6109,0.0,0
sz159915-H1_weekly_binary_hysteresis-fee0.001,2023-09-21,17.2891,0.0,133000.0,1.917,254961.0,254978.2891,0.999932193834773,8301.6109,0.0,0
sz159915-H1_weekly_binary_hysteresis-fee0.001,2023-09-22,17.2891,0.0,133000.0,1.964,261212.0,261229.2891,0.9999338163800102,8301.6109,0.0,0
sz159915-H1_weekly_binary_hysteresis-fee0.001,2023-09-23,17.2891,0.0,133000.0,1.964,261212.0,261229.2891,0.9999338163800102,8301.6109,0.0,1
sz159915-H1_weekly_binary_hysteresis-fee0.001,2023-09-24,17.2891,0.0,133000.0,1.964,261212.0,261229.2891,0.9999338163800102,8301.6109,0.0,2
sz159915-H1_weekly_binary_hysteresis-fee0.001,2023-09-25,17.2891,0.0,133000.0,1.953,259749.0,259766.2891,0.9999334436348154,8301.6109,0.0,0
sz159915-H1_weekly_binary_hysteresis-fee0.001,2023-09-26,17.2891,0.0,133000.0,1.938,257754.0,257771.2891,0.9999329285272213,8301.6109,0.0,0
sz159915-H1_weekly_binary_hysteresis-fee0.001,2023-09-27,17.2891,0.0,133000.0,1.956,260148.0,260165.2891,0.9999335457083464,8301.6109,0.0,0
sz159915-H1_weekly_binary_hysteresis-fee0.001,2023-09-28,17.2891,0.0,133000.0,1.953,259749.0,259766.2891,0.9999334436348154,8301.6109,0.0,0
sz159915-H1_weekly_binary_hysteresis-fee0.001,2023-09-29,17.2891,0.0,133000.0,1.953,259749.0,259766.2891,0.9999334436348154,8301.6109,0.0,1
sz159915-H1_weekly_binary_hysteresis-fee0.001,2023-09-30,17.2891,0.0,133000.0,1.953,259749.0,259766.2891,0.9999334436348154,8301.6109,0.0,2
sz159915-H1_weekly_binary_hysteresis-fee0.001,2023-10-01,17.2891,0.0,133000.0,1.953,259749.0,259766.2891,0.9999334436348154,8301.6109,0.0,3
sz159915-H1_weekly_binary_hysteresis-fee0.001,2023-10-02,17.2891,0.0,133000.0,1.953,259749.0,259766.2891,0.9999334436348154,8301.6109,0.0,4
sz159915-H1_weekly_binary_hysteresis-fee0.001,2023-10-03,17.2891,0.0,133000.0,1.953,259749.0,259766.2891,0.9999334436348154,8301.6109,0.0,5
sz159915-H1_weekly_binary_hysteresis-fee0.001,2023-10-04,17.2891,0.0,133000.0,1.953,259749.0,259766.2891,0.9999334436348154,8301.6109,0.0,6
sz159915-H1_weekly_binary_hysteresis-fee0.001,2023-10-05,17.2891,0.0,133000.0,1.953,259749.0,259766.2891,0.9999334436348154,8301.6109,0.0,7
sz159915-H1_weekly_binary_hysteresis-fee0.001,2023-10-06,17.2891,0.0,133000.0,1.953,259749.0,259766.2891,0.9999334436348154,8301.6109,0.0,8
sz159915-H1_weekly_binary_hysteresis-fee0.001,2023-10-07,17.2891,0.0,133000.0,1.953,259749.0,259766.2891,0.9999334436348154,8301.6109,0.0,9
sz159915-H1_weekly_binary_hysteresis-fee0.001,2023-10-08,17.2891,0.0,133000.0,1.953,259749.0,259766.2891,0.9999334436348154,8301.6109,0.0,10
sz159915-H1_weekly_binary_hysteresis-fee0.001,2023-10-09,17.2891,0.0,133000.0,1.947,258951.0,258968.2891,0.9999332385441473,8301.6109,0.0,0
sz159915-H1_weekly_binary_hysteresis-fee0.001,2023-10-10,17.2891,0.0,133000.0,1.938,257754.0,257771.2891,0.9999329285272213,8301.6109,0.0,0
sz159915-H1_weekly_binary_hysteresis-fee0.001,2023-10-11,17.2891,0.0,133000.0,1.954,259882.0,259899.2891,0.9999334776941489,8301.6109,0.0,0
sz159915-H1_weekly_binary_hysteresis-fee0.001,2023-10-12,17.2891,0.0,133000.0,1.968,261744.0,261761.2891,0.9999339508906782,8301.6109,0.0,0
sz159915-H1_weekly_binary_hysteresis-fee0.001,2023-10-13,17.2891,0.0,133000.0,1.945,258685.0,258702.2891,0.9999331698994232,8301.6109,0.0,0
sz159915-H1_weekly_binary_hysteresis-fee0.001,2023-10-14,17.2891,0.0,133000.0,1.945,258685.0,258702.2891,0.9999331698994232,8301.6109,0.0,1
sz159915-H1_weekly_binary_hysteresis-fee0.001,2023-10-15,17.2891,0.0,133000.0,1.945,258685.0,258702.2891,0.9999331698994232,8301.6109,0.0,2
sz159915-H1_weekly_binary_hysteresis-fee0.001,2023-10-16,17.2891,0.0,133000.0,1.906,253498.0,253515.2891,0.9999318025352184,8301.6109,0.0,0
sz159915-H1_weekly_binary_hysteresis-fee0.001,2023-10-17,17.2891,0.0,133000.0,1.912,254296.0,254313.2891,0.99993201652945,8301.6109,0.0,0
sz159915-H1_weekly_binary_hysteresis-fee0.001,2023-10-18,17.2891,0.0,133000.0,1.887,250971.0,250988.2891,0.999931115909583,8301.6109,0.0,0
sz159915-H1_weekly_binary_hysteresis-fee0.001,2023-10-19,17.2891,0.0,133000.0,1.867,248311.0,248328.2891,0.9999303780489018,8301.6109,0.0,0
sz159915-H1_weekly_binary_hysteresis-fee0.001,2023-10-20,17.2891,0.0,133000.0,1.85,246050.0,246067.2891,0.9999297383245728,8301.6109,0.0,0
sz159915-H1_weekly_binary_hysteresis-fee0.001,2023-10-21,17.2891,0.0,133000.0,1.85,246050.0,246067.2891,0.9999297383245728,8301.6109,0.0,1
sz159915-H1_weekly_binary_hysteresis-fee0.001,2023-10-22,17.2891,0.0,133000.0,1.85,246050.0,246067.2891,0.9999297383245728,8301.6109,0.0,2
sz159915-H1_weekly_binary_hysteresis-fee0.001,2023-10-23,17.2891,0.0,133000.0,1.815,241395.0,241412.2891,0.999928383513265,8301.6109,0.0,0
sz159915-H1_weekly_binary_hysteresis-fee0.001,2023-10-24,17.2891,0.0,133000.0,1.832,243656.0,243673.2891,0.9999290480295815,8301.6109,0.0,0
sz159915-H1_weekly_binary_hysteresis-fee0.001,2023-10-25,17.2891,0.0,133000.0,1.815,241395.0,241412.2891,0.999928383513265,8301.6109,0.0,0
sz159915-H1_weekly_binary_hysteresis-fee0.001,2023-10-26,17.2891,0.0,133000.0,1.829,243257.0,243274.2891,0.999928931659552,8301.6109,0.0,0
sz159915-H1_weekly_binary_hysteresis-fee0.001,2023-10-27,17.2891,0.0,133000.0,1.881,250173.0,250190.2891,0.9999308961988006,8301.6109,0.0,0
sz159915-H1_weekly_binary_hysteresis-fee0.001,2023-10-28,17.2891,0.0,133000.0,1.881,250173.0,250190.2891,0.9999308961988006,8301.6109,0.0,1
sz159915-H1_weekly_binary_hysteresis-fee0.001,2023-10-29,17.2891,0.0,133000.0,1.881,250173.0,250190.2891,0.9999308961988006,8301.6109,0.0,2
sz159915-H1_weekly_binary_hysteresis-fee0.001,2023-10-30,17.2891,0.0,133000.0,1.926,256158.0,256175.2891,0.9999325106646283,8301.6109,0.0,0
sz159915-H1_weekly_binary_hysteresis-fee0.001,2023-10-31,17.2891,0.0,133000.0,1.916,254828.0,254845.2891,0.9999321584477349,8301.6109,0.0,0
sz159915-H1_weekly_binary_hysteresis-fee0.001,2023-11-01,17.2891,0.0,133000.0,1.908,253764.0,253781.2891,0.9999318740161605,8301.6109,0.0,0
sz159915-H1_weekly_binary_hysteresis-fee0.001,2023-11-02,17.2891,0.0,133000.0,1.89,251370.0,251387.2891,0.9999312252418892,8301.6109,0.0,0
sz159915-H1_weekly_binary_hysteresis-fee0.001,2023-11-03,17.2891,0.0,133000.0,1.918,255094.0,255111.2891,0.9999322291849138,8301.6109,0.0,0
sz159915-H1_weekly_binary_hysteresis-fee0.001,2023-11-04,17.2891,0.0,133000.0,1.918,255094.0,255111.2891,0.9999322291849138,8301.6109,0.0,1
sz159915-H1_weekly_binary_hysteresis-fee0.001,2023-11-05,17.2891,0.0,133000.0,1.918,255094.0,255111.2891,0.9999322291849138,8301.6109,0.0,2
sz159915-H1_weekly_binary_hysteresis-fee0.001,2023-11-06,17.2891,0.0,133000.0,1.981,263473.0,263490.2891,0.9999343842990986,8301.6109,0.0,0
sz159915-H1_weekly_binary_hysteresis-fee0.001,2023-11-07,17.2891,0.0,133000.0,1.967,261611.0,261628.2891,0.9999339173142955,8301.6109,0.0,0
sz159915-H1_weekly_binary_hysteresis-fee0.001,2023-11-08,17.2891,0.0,133000.0,1.971,262143.0,262160.2891,0.999934051415417,8301.6109,0.0,0
sz159915-H1_weekly_binary_hysteresis-fee0.001,2023-11-09,17.2891,0.0,133000.0,1.967,261611.0,261628.2891,0.9999339173142955,8301.6109,0.0,0
sz159915-H1_weekly_binary_hysteresis-fee0.001,2023-11-10,17.2891,0.0,133000.0,1.955,260015.0,260032.2891,0.9999335117186414,8301.6109,0.0,0
sz159915-H1_weekly_binary_hysteresis-fee0.001,2023-11-11,17.2891,0.0,133000.0,1.955,260015.0,260032.2891,0.9999335117186414,8301.6109,0.0,1
sz159915-H1_weekly_binary_hysteresis-fee0.001,2023-11-12,17.2891,0.0,133000.0,1.955,260015.0,260032.2891,0.9999335117186414,8301.6109,0.0,2
sz159915-H1_weekly_binary_hysteresis-fee0.001,2023-11-13,17.2891,0.0,133000.0,1.958,260414.0,260431.2891,0.9999336135836069,8301.6109,0.0,0
sz159915-H1_weekly_binary_hysteresis-fee0.001,2023-11-14,17.2891,0.0,133000.0,1.953,259749.0,259766.2891,0.9999334436348154,8301.6109,0.0,0
sz159915-H1_weekly_binary_hysteresis-fee0.001,2023-11-15,17.2891,0.0,133000.0,1.963,261079.0,261096.2891,0.9999337826666951,8301.6109,0.0,0
sz159915-H1_weekly_binary_hysteresis-fee0.001,2023-11-16,17.2891,0.0,133000.0,1.925,256025.0,256042.2891,0.9999324756076007,8301.6109,0.0,0
sz159915-H1_weekly_binary_hysteresis-fee0.001,2023-11-17,17.2891,0.0,133000.0,1.934,257222.0,257239.2891,0.9999327898158151,8301.6109,0.0,0
sz159915-H1_weekly_binary_hysteresis-fee0.001,2023-11-18,17.2891,0.0,133000.0,1.934,257222.0,257239.2891,0.9999327898158151,8301.6109,0.0,1
sz159915-H1_weekly_binary_hysteresis-fee0.001,2023-11-19,17.2891,0.0,133000.0,1.934,257222.0,257239.2891,0.9999327898158151,8301.6109,0.0,2
sz159915-H1_weekly_binary_hysteresis-fee0.001,2023-11-20,256982.0671,0.0,0.0,1.942,0.0,256982.0671,0.0,8558.8329,0.0,0
sz159915-H1_weekly_binary_hysteresis-fee0.001,2023-11-21,256982.0671,0.0,0.0,1.931,0.0,256982.0671,0.0,8558.8329,0.0,0
sz159915-H1_weekly_binary_hysteresis-fee0.001,2023-11-22,256982.0671,0.0,0.0,1.899,0.0,256982.0671,0.0,8558.8329,0.0,0
sz159915-H1_weekly_binary_hysteresis-fee0.001,2023-11-23,256982.0671,0.0,0.0,1.911,0.0,256982.0671,0.0,8558.8329,0.0,0
sz159915-H1_weekly_binary_hysteresis-fee0.001,2023-11-24,256982.0671,0.0,0.0,1.888,0.0,256982.0671,0.0,8558.8329,0.0,0
sz159915-H1_weekly_binary_hysteresis-fee0.001,2023-11-25,256982.0671,0.0,0.0,1.888,0.0,256982.0671,0.0,8558.8329,0.0,1
sz159915-H1_weekly_binary_hysteresis-fee0.001,2023-11-26,256982.0671,0.0,0.0,1.888,0.0,256982.0671,0.0,8558.8329,0.0,2
sz159915-H1_weekly_binary_hysteresis-fee0.001,2023-11-27,256982.0671,0.0,0.0,1.878,0.0,256982.0671,0.0,8558.8329,0.0,0
sz159915-H1_weekly_binary_hysteresis-fee0.001,2023-11-28,256982.0671,0.0,0.0,1.89,0.0,256982.0671,0.0,8558.8329,0.0,0
sz159915-H1_weekly_binary_hysteresis-fee0.001,2023-11-29,256982.0671,0.0,0.0,1.867,0.0,256982.0671,0.0,8558.8329,0.0,0
sz159915-H1_weekly_binary_hysteresis-fee0.001,2023-11-30,256982.0671,0.0,0.0,1.874,0.0,256982.0671,0.0,8558.8329,0.0,0
sz159915-H1_weekly_binary_hysteresis-fee0.001,2023-12-01,256982.0671,0.0,0.0,1.881,0.0,256982.0671,0.0,8558.8329,0.0,0
sz159915-H1_weekly_binary_hysteresis-fee0.001,2023-12-02,256982.0671,0.0,0.0,1.881,0.0,256982.0671,0.0,8558.8329,0.0,1
sz159915-H1_weekly_binary_hysteresis-fee0.001,2023-12-03,256982.0671,0.0,0.0,1.881,0.0,256982.0671,0.0,8558.8329,0.0,2
sz159915-H1_weekly_binary_hysteresis-fee0.001,2023-12-04,256982.0671,0.0,0.0,1.858,0.0,256982.0671,0.0,8558.8329,0.0,0
sz159915-H1_weekly_binary_hysteresis-fee0.001,2023-12-05,256982.0671,0.0,0.0,1.823,0.0,256982.0671,0.0,8558.8329,0.0,0
sz159915-H1_weekly_binary_hysteresis-fee0.001,2023-12-06,256982.0671,0.0,0.0,1.834,0.0,256982.0671,0.0,8558.8329,0.0,0
sz159915-H1_weekly_binary_hysteresis-fee0.001,2023-12-07,256982.0671,0.0,0.0,1.829,0.0,256982.0671,0.0,8558.8329,0.0,0
sz159915-H1_weekly_binary_hysteresis-fee0.001,2023-12-08,256982.0671,0.0,0.0,1.843,0.0,256982.0671,0.0,8558.8329,0.0,0
sz159915-H1_weekly_binary_hysteresis-fee0.001,2023-12-09,256982.0671,0.0,0.0,1.843,0.0,256982.0671,0.0,8558.8329,0.0,1
sz159915-H1_weekly_binary_hysteresis-fee0.001,2023-12-10,256982.0671,0.0,0.0,1.843,0.0,256982.0671,0.0,8558.8329,0.0,2
sz159915-H1_weekly_binary_hysteresis-fee0.001,2023-12-11,52.5943,0.0,139800.0,1.868,261146.4,261198.9943,0.9997986427928601,8815.5057,0.0,0
sz159915-H1_weekly_binary_hysteresis-fee0.001,2023-12-12,52.5943,0.0,139800.0,1.856,259468.8,259521.3943,0.9997973411782028,8815.5057,0.0,0
sz159915-H1_weekly_binary_hysteresis-fee0.001,2023-12-13,52.5943,0.0,139800.0,1.822,254715.6,254768.1943,0.9997935601806791,8815.5057,0.0,0
sz159915-H1_weekly_binary_hysteresis-fee0.001,2023-12-14,52.5943,0.0,139800.0,1.812,253317.6,253370.1943,0.9997924211245711,8815.5057,0.0,0
sz159915-H1_weekly_binary_hysteresis-fee0.001,2023-12-15,52.5943,0.0,139800.0,1.802,251919.6,251972.1943,0.9997912694289697,8815.5057,0.0,0
sz159915-H1_weekly_binary_hysteresis-fee0.001,2023-12-16,52.5943,0.0,139800.0,1.802,251919.6,251972.1943,0.9997912694289697,8815.5057,0.0,1
sz159915-H1_weekly_binary_hysteresis-fee0.001,2023-12-17,52.5943,0.0,139800.0,1.802,251919.6,251972.1943,0.9997912694289697,8815.5057,0.0,2
sz159915-H1_weekly_binary_hysteresis-fee0.001,2023-12-18,52.5943,0.0,139800.0,1.773,247865.4,247917.9943,0.9997878560604344,8815.5057,0.0,0
sz159915-H1_weekly_binary_hysteresis-fee0.001,2023-12-19,52.5943,0.0,139800.0,1.781,248983.8,249036.3943,0.9997888087797455,8815.5057,0.0,0
sz159915-H1_weekly_binary_hysteresis-fee0.001,2023-12-20,52.5943,0.0,139800.0,1.755,245349.0,245401.5943,0.9997856806914803,8815.5057,0.0,0
sz159915-H1_weekly_binary_hysteresis-fee0.001,2023-12-21,52.5943,0.0,139800.0,1.787,249822.6,249875.1943,0.9997895177224481,8815.5057,0.0,0
sz159915-H1_weekly_binary_hysteresis-fee0.001,2023-12-22,52.5943,0.0,139800.0,1.78,248844.0,248896.5943,0.9997886901580638,8815.5057,0.0,0
sz159915-H1_weekly_binary_hysteresis-fee0.001,2023-12-23,52.5943,0.0,139800.0,1.78,248844.0,248896.5943,0.9997886901580638,8815.5057,0.0,1
sz159915-H1_weekly_binary_hysteresis-fee0.001,2023-12-24,52.5943,0.0,139800.0,1.78,248844.0,248896.5943,0.9997886901580638,8815.5057,0.0,2
sz159915-H1_weekly_binary_hysteresis-fee0.001,2023-12-25,52.5943,0.0,139800.0,1.783,249263.4,249315.9943,0.9997890456240176,8815.5057,0.0,0
sz159915-H1_weekly_binary_hysteresis-fee0.001,2023-12-26,52.5943,0.0,139800.0,1.761,246187.8,246240.3943,0.9997864107546225,8815.5057,0.0,0
sz159915-H1_weekly_binary_hysteresis-fee0.001,2023-12-27,52.5943,0.0,139800.0,1.763,246467.4,246519.9943,0.9997866530049648,8815.5057,0.0,0
sz159915-H1_weekly_binary_hysteresis-fee0.001,2023-12-28,52.5943,0.0,139800.0,1.833,256253.4,256305.9943,0.9997947987906266,8815.5057,0.0,0
sz159915-H1_weekly_binary_hysteresis-fee0.001,2023-12-29,52.5943,0.0,139800.0,1.842,257511.6,257564.1943,0.9997958011976668,8815.5057,0.0,0
sz159915-H1_weekly_binary_hysteresis-fee0.001,2023-12-30,52.5943,0.0,139800.0,1.842,257511.6,257564.1943,0.9997958011976668,8815.5057,0.0,1
sz159915-H1_weekly_binary_hysteresis-fee0.001,2023-12-31,52.5943,0.0,139800.0,1.842,257511.6,257564.1943,0.9997958011976668,8815.5057,0.0,2
sz159915-H1_weekly_binary_hysteresis-fee0.001,2024-01-01,52.5943,0.0,139800.0,1.842,257511.6,257564.1943,0.9997958011976668,8815.5057,0.0,3
sz159915-H1_weekly_binary_hysteresis-fee0.001,2024-01-02,52.5943,0.0,139800.0,1.806,252478.8,252531.3943,0.999791731637384,8815.5057,0.0,0
sz159915-H1_weekly_binary_hysteresis-fee0.001,2024-01-03,52.5943,0.0,139800.0,1.787,249822.6,249875.1943,0.9997895177224481,8815.5057,0.0,0
sz159915-H1_weekly_binary_hysteresis-fee0.001,2024-01-04,52.5943,0.0,139800.0,1.754,245209.2,245261.7943,0.9997855585287952,8815.5057,0.0,0
sz159915-H1_weekly_binary_hysteresis-fee0.001,2024-01-05,52.5943,0.0,139800.0,1.728,241574.4,241626.9943,0.9997823326811958,8815.5057,0.0,0
sz159915-H1_weekly_binary_hysteresis-fee0.001,2024-01-06,52.5943,0.0,139800.0,1.728,241574.4,241626.9943,0.9997823326811958,8815.5057,0.0,1
sz159915-H1_weekly_binary_hysteresis-fee0.001,2024-01-07,52.5943,0.0,139800.0,1.728,241574.4,241626.9943,0.9997823326811958,8815.5057,0.0,2
sz159915-H1_weekly_binary_hysteresis-fee0.001,2024-01-08,52.5943,0.0,139800.0,1.699,237520.2,237572.7943,0.999778618169833,8815.5057,0.0,0
sz159915-H1_weekly_binary_hysteresis-fee0.001,2024-01-09,52.5943,0.0,139800.0,1.706,238498.8,238551.3943,0.9997795263358056,8815.5057,0.0,0
sz159915-H1_weekly_binary_hysteresis-fee0.001,2024-01-10,52.5943,0.0,139800.0,1.698,237380.4,237432.9943,0.9997784878207215,8815.5057,0.0,0
sz159915-H1_weekly_binary_hysteresis-fee0.001,2024-01-11,52.5943,0.0,139800.0,1.732,242133.6,242186.1943,0.9997828352679143,8815.5057,0.0,0
sz159915-H1_weekly_binary_hysteresis-fee0.001,2024-01-12,52.5943,0.0,139800.0,1.714,239617.2,239669.7943,0.9997805551585939,8815.5057,0.0,0
sz159915-H1_weekly_binary_hysteresis-fee0.001,2024-01-13,52.5943,0.0,139800.0,1.714,239617.2,239669.7943,0.9997805551585939,8815.5057,0.0,1
sz159915-H1_weekly_binary_hysteresis-fee0.001,2024-01-14,52.5943,0.0,139800.0,1.714,239617.2,239669.7943,0.9997805551585939,8815.5057,0.0,2
sz159915-H1_weekly_binary_hysteresis-fee0.001,2024-01-15,52.5943,0.0,139800.0,1.698,237380.4,237432.9943,0.9997784878207215,8815.5057,0.0,0
sz159915-H1_weekly_binary_hysteresis-fee0.001,2024-01-16,52.5943,0.0,139800.0,1.708,238778.4,238830.9943,0.9997797844448366,8815.5057,0.0,0
sz159915-H1_weekly_binary_hysteresis-fee0.001,2024-01-17,52.5943,0.0,139800.0,1.656,231508.8,231561.3943,0.9997728710342284,8815.5057,0.0,0
sz159915-H1_weekly_binary_hysteresis-fee0.001,2024-01-18,52.5943,0.0,139800.0,1.683,235283.4,235335.9943,0.999776514000094,8815.5057,0.0,0
sz159915-H1_weekly_binary_hysteresis-fee0.001,2024-01-19,52.5943,0.0,139800.0,1.669,233326.2,233378.7943,0.9997746397646892,8815.5057,0.0,0
sz159915-H1_weekly_binary_hysteresis-fee0.001,2024-01-20,52.5943,0.0,139800.0,1.669,233326.2,233378.7943,0.9997746397646892,8815.5057,0.0,1
sz159915-H1_weekly_binary_hysteresis-fee0.001,2024-01-21,52.5943,0.0,139800.0,1.669,233326.2,233378.7943,0.9997746397646892,8815.5057,0.0,2
sz159915-H1_weekly_binary_hysteresis-fee0.001,2024-01-22,52.5943,0.0,139800.0,1.623,226895.4,226947.9943,0.9997682539554393,8815.5057,0.0,0
sz159915-H1_weekly_binary_hysteresis-fee0.001,2024-01-23,52.5943,0.0,139800.0,1.642,229551.6,229604.1943,0.9997709349336569,8815.5057,0.0,0
sz159915-H1_weekly_binary_hysteresis-fee0.001,2024-01-24,52.5943,0.0,139800.0,1.65,230670.0,230722.5943,0.9997720452989896,8815.5057,0.0,0
sz159915-H1_weekly_binary_hysteresis-fee0.001,2024-01-25,52.5943,0.0,139800.0,1.675,234165.0,234217.5943,0.9997754468439607,8815.5057,0.0,0
sz159915-H1_weekly_binary_hysteresis-fee0.001,2024-01-26,52.5943,0.0,139800.0,1.637,228852.6,228905.1943,0.9997702354454611,8815.5057,0.0,0
sz159915-H1_weekly_binary_hysteresis-fee0.001,2024-01-27,52.5943,0.0,139800.0,1.637,228852.6,228905.1943,0.9997702354454611,8815.5057,0.0,1
sz159915-H1_weekly_binary_hysteresis-fee0.001,2024-01-28,52.5943,0.0,139800.0,1.637,228852.6,228905.1943,0.9997702354454611,8815.5057,0.0,2
sz159915-H1_weekly_binary_hysteresis-fee0.001,2024-01-29,52.5943,0.0,139800.0,1.58,220884.0,220936.5943,0.9997619484442284,8815.5057,0.0,0
sz159915-H1_weekly_binary_hysteresis-fee0.001,2024-01-30,52.5943,0.0,139800.0,1.544,215851.2,215903.7943,0.9997563993714399,8815.5057,0.0,0
sz159915-H1_weekly_binary_hysteresis-fee0.001,2024-01-31,52.5943,0.0,139800.0,1.533,214313.4,214365.9943,0.9997546518505804,8815.5057,0.0,0
sz159915-H1_weekly_binary_hysteresis-fee0.001,2024-02-01,52.5943,0.0,139800.0,1.548,216410.4,216462.9943,0.999757028677488,8815.5057,0.0,0
sz159915-H1_weekly_binary_hysteresis-fee0.001,2024-02-02,52.5943,0.0,139800.0,1.508,210818.4,210870.9943,0.9997505854222645,8815.5057,0.0,0
sz159915-H1_weekly_binary_hysteresis-fee0.001,2024-02-03,52.5943,0.0,139800.0,1.508,210818.4,210870.9943,0.9997505854222645,8815.5057,0.0,1
sz159915-H1_weekly_binary_hysteresis-fee0.001,2024-02-04,52.5943,0.0,139800.0,1.508,210818.4,210870.9943,0.9997505854222645,8815.5057,0.0,2
sz159915-H1_weekly_binary_hysteresis-fee0.001,2024-02-05,52.5943,0.0,139800.0,1.527,213474.6,213527.1943,0.9997536880481551,8815.5057,0.0,0
sz159915-H1_weekly_binary_hysteresis-fee0.001,2024-02-06,52.5943,0.0,139800.0,1.623,226895.4,226947.9943,0.9997682539554393,8815.5057,0.0,0
sz159915-H1_weekly_binary_hysteresis-fee0.001,2024-02-07,52.5943,0.0,139800.0,1.66,232068.0,232120.5943,0.9997734182089332,8815.5057,0.0,0
sz159915-H1_weekly_binary_hysteresis-fee0.001,2024-02-08,52.5943,0.0,139800.0,1.681,235003.8,235056.3943,0.9997762481630987,8815.5057,0.0,0
sz159915-H1_weekly_binary_hysteresis-fee0.001,2024-02-09,52.5943,0.0,139800.0,1.681,235003.8,235056.3943,0.9997762481630987,8815.5057,0.0,1
sz159915-H1_weekly_binary_hysteresis-fee0.001,2024-02-10,52.5943,0.0,139800.0,1.681,235003.8,235056.3943,0.9997762481630987,8815.5057,0.0,2
sz159915-H1_weekly_binary_hysteresis-fee0.001,2024-02-11,52.5943,0.0,139800.0,1.681,235003.8,235056.3943,0.9997762481630987,8815.5057,0.0,3
sz159915-H1_weekly_binary_hysteresis-fee0.001,2024-02-12,52.5943,0.0,139800.0,1.681,235003.8,235056.3943,0.9997762481630987,8815.5057,0.0,4
sz159915-H1_weekly_binary_hysteresis-fee0.001,2024-02-13,52.5943,0.0,139800.0,1.681,235003.8,235056.3943,0.9997762481630987,8815.5057,0.0,5
sz159915-H1_weekly_binary_hysteresis-fee0.001,2024-02-14,52.5943,0.0,139800.0,1.681,235003.8,235056.3943,0.9997762481630987,8815.5057,0.0,6
sz159915-H1_weekly_binary_hysteresis-fee0.001,2024-02-15,52.5943,0.0,139800.0,1.681,235003.8,235056.3943,0.9997762481630987,8815.5057,0.0,7
sz159915-H1_weekly_binary_hysteresis-fee0.001,2024-02-16,52.5943,0.0,139800.0,1.681,235003.8,235056.3943,0.9997762481630987,8815.5057,0.0,8
sz159915-H1_weekly_binary_hysteresis-fee0.001,2024-02-17,52.5943,0.0,139800.0,1.681,235003.8,235056.3943,0.9997762481630987,8815.5057,0.0,9
sz159915-H1_weekly_binary_hysteresis-fee0.001,2024-02-18,52.5943,0.0,139800.0,1.681,235003.8,235056.3943,0.9997762481630987,8815.5057,0.0,10
sz159915-H1_weekly_binary_hysteresis-fee0.001,2024-02-19,52.5943,0.0,139800.0,1.697,237240.6,237293.1943,0.9997783573180211,8815.5057,0.0,0
sz159915-H1_weekly_binary_hysteresis-fee0.001,2024-02-20,52.5943,0.0,139800.0,1.696,237100.8,237153.3943,0.99977822666146,8815.5057,0.0,0
sz159915-H1_weekly_binary_hysteresis-fee0.001,2024-02-21,52.5943,0.0,139800.0,1.703,238079.4,238131.9943,0.9997791380357999,8815.5057,0.0,0
sz159915-H1_weekly_binary_hysteresis-fee0.001,2024-02-22,52.5943,0.0,139800.0,1.71,239058.0,239110.5943,0.9997800419502366,8815.5057,0.0,0
sz159915-H1_weekly_binary_hysteresis-fee0.001,2024-02-23,52.5943,0.0,139800.0,1.709,238918.2,238970.7943,0.9997799132728581,8815.5057,0.0,0
sz159915-H1_weekly_binary_hysteresis-fee0.001,2024-02-24,52.5943,0.0,139800.0,1.709,238918.2,238970.7943,0.9997799132728581,8815.5057,0.0,1
sz159915-H1_weekly_binary_hysteresis-fee0.001,2024-02-25,52.5943,0.0,139800.0,1.709,238918.2,238970.7943,0.9997799132728581,8815.5057,0.0,2
sz159915-H1_weekly_binary_hysteresis-fee0.001,2024-02-26,52.5943,0.0,139800.0,1.704,238219.2,238271.7943,0.9997792676210187,8815.5057,0.0,0
sz159915-H1_weekly_binary_hysteresis-fee0.001,2024-02-27,52.5943,0.0,139800.0,1.746,244090.8,244143.3943,0.9997845761907637,8815.5057,0.0,0
sz159915-H1_weekly_binary_hysteresis-fee0.001,2024-02-28,52.5943,0.0,139800.0,1.701,237799.8,237852.3943,0.9997788784083727,8815.5057,0.0,0
sz159915-H1_weekly_binary_hysteresis-fee0.001,2024-02-29,52.5943,0.0,139800.0,1.761,246187.8,246240.3943,0.9997864107546225,8815.5057,0.0,0
sz159915-H1_weekly_binary_hysteresis-fee0.001,2024-03-01,52.5943,0.0,139800.0,1.775,248145.0,248197.5943,0.9997880950452065,8815.5057,0.0,0
sz159915-H1_weekly_binary_hysteresis-fee0.001,2024-03-02,52.5943,0.0,139800.0,1.775,248145.0,248197.5943,0.9997880950452065,8815.5057,0.0,1
sz159915-H1_weekly_binary_hysteresis-fee0.001,2024-03-03,52.5943,0.0,139800.0,1.775,248145.0,248197.5943,0.9997880950452065,8815.5057,0.0,2
sz159915-H1_weekly_binary_hysteresis-fee0.001,2024-03-04,52.5943,0.0,139800.0,1.783,249263.4,249315.9943,0.9997890456240176,8815.5057,0.0,0
sz159915-H1_weekly_binary_hysteresis-fee0.001,2024-03-05,52.5943,0.0,139800.0,1.78,248844.0,248896.5943,0.9997886901580638,8815.5057,0.0,0
sz159915-H1_weekly_binary_hysteresis-fee0.001,2024-03-06,52.5943,0.0,139800.0,1.782,249123.6,249176.1943,0.9997889272683221,8815.5057,0.0,0
sz159915-H1_weekly_binary_hysteresis-fee0.001,2024-03-07,52.5943,0.0,139800.0,1.742,243531.6,243584.1943,0.9997840816389949,8815.5057,0.0,0
sz159915-H1_weekly_binary_hysteresis-fee0.001,2024-03-08,52.5943,0.0,139800.0,1.756,245488.8,245541.3943,0.9997858027150577,8815.5057,0.0,0
sz159915-H1_weekly_binary_hysteresis-fee0.001,2024-03-09,52.5943,0.0,139800.0,1.756,245488.8,245541.3943,0.9997858027150577,8815.5057,0.0,1
sz159915-H1_weekly_binary_hysteresis-fee0.001,2024-03-10,52.5943,0.0,139800.0,1.756,245488.8,245541.3943,0.9997858027150577,8815.5057,0.0,2
sz159915-H1_weekly_binary_hysteresis-fee0.001,2024-03-11,52.5943,0.0,139800.0,1.84,257232.0,257284.5943,0.999795579287819,8815.5057,0.0,0
sz159915-H1_weekly_binary_hysteresis-fee0.001,2024-03-12,52.5943,0.0,139800.0,1.851,258769.8,258822.3943,0.9997967938588072,8815.5057,0.0,0
sz159915-H1_weekly_binary_hysteresis-fee0.001,2024-03-13,52.5943,0.0,139800.0,1.841,257371.8,257424.3943,0.9997956903029994,8815.5057,0.0,0
sz159915-H1_weekly_binary_hysteresis-fee0.001,2024-03-14,52.5943,0.0,139800.0,1.832,256113.6,256166.1943,0.9997946868042299,8815.5057,0.0,0
sz159915-H1_weekly_binary_hysteresis-fee0.001,2024-03-15,52.5943,0.0,139800.0,1.833,256253.4,256305.9943,0.9997947987906266,8815.5057,0.0,0
sz159915-H1_weekly_binary_hysteresis-fee0.001,2024-03-16,52.5943,0.0,139800.0,1.833,256253.4,256305.9943,0.9997947987906266,8815.5057,0.0,1
sz159915-H1_weekly_binary_hysteresis-fee0.001,2024-03-17,52.5943,0.0,139800.0,1.833,256253.4,256305.9943,0.9997947987906266,8815.5057,0.0,2
sz159915-H1_weekly_binary_hysteresis-fee0.001,2024-03-18,52.5943,0.0,139800.0,1.875,262125.0,262177.5943,0.9997993943756315,8815.5057,0.0,0
sz159915-H1_weekly_binary_hysteresis-fee0.001,2024-03-19,52.5943,0.0,139800.0,1.853,259049.4,259101.9943,0.9997970131409367,8815.5057,0.0,0
sz159915-H1_weekly_binary_hysteresis-fee0.001,2024-03-20,52.5943,0.0,139800.0,1.856,259468.8,259521.3943,0.9997973411782028,8815.5057,0.0,0
sz159915-H1_weekly_binary_hysteresis-fee0.001,2024-03-21,52.5943,0.0,139800.0,1.846,258070.8,258123.3943,0.9997962435751218,8815.5057,0.0,0
sz159915-H1_weekly_binary_hysteresis-fee0.001,2024-03-22,52.5943,0.0,139800.0,1.817,254016.6,254069.1943,0.9997929922195216,8815.5057,0.0,0
sz159915-H1_weekly_binary_hysteresis-fee0.001,2024-03-23,52.5943,0.0,139800.0,1.817,254016.6,254069.1943,0.9997929922195216,8815.5057,0.0,1
sz159915-H1_weekly_binary_hysteresis-fee0.001,2024-03-24,52.5943,0.0,139800.0,1.817,254016.6,254069.1943,0.9997929922195216,8815.5057,0.0,2
sz159915-H1_weekly_binary_hysteresis-fee0.001,2024-03-25,52.5943,0.0,139800.0,1.781,248983.8,249036.3943,0.9997888087797455,8815.5057,0.0,0
sz159915-H1_weekly_binary_hysteresis-fee0.001,2024-03-26,52.5943,0.0,139800.0,1.792,250521.6,250574.1943,0.9997901048823207,8815.5057,0.0,0
sz159915-H1_weekly_binary_hysteresis-fee0.001,2024-03-27,52.5943,0.0,139800.0,1.742,243531.6,243584.1943,0.9997840816389949,8815.5057,0.0,0
sz159915-H1_weekly_binary_hysteresis-fee0.001,2024-03-28,52.5943,0.0,139800.0,1.758,245768.4,245820.9943,0.9997860463458389,8815.5057,0.0,0
sz159915-H1_weekly_binary_hysteresis-fee0.001,2024-03-29,52.5943,0.0,139800.0,1.768,247166.4,247218.9943,0.9997872562334907,8815.5057,0.0,0
sz159915-H1_weekly_binary_hysteresis-fee0.001,2024-03-30,52.5943,0.0,139800.0,1.768,247166.4,247218.9943,0.9997872562334907,8815.5057,0.0,1
sz159915-H1_weekly_binary_hysteresis-fee0.001,2024-03-31,52.5943,0.0,139800.0,1.768,247166.4,247218.9943,0.9997872562334907,8815.5057,0.0,2
sz159915-H1_weekly_binary_hysteresis-fee0.001,2024-04-01,52.5943,0.0,139800.0,1.822,254715.6,254768.1943,0.9997935601806791,8815.5057,0.0,0
sz159915-H1_weekly_binary_hysteresis-fee0.001,2024-04-02,52.5943,0.0,139800.0,1.808,252758.4,252810.9943,0.9997919619748119,8815.5057,0.0,0
sz159915-H1_weekly_binary_hysteresis-fee0.001,2024-04-03,52.5943,0.0,139800.0,1.79,250242.0,250294.5943,0.9997898704119157,8815.5057,0.0,0
sz159915-H1_weekly_binary_hysteresis-fee0.001,2024-04-04,52.5943,0.0,139800.0,1.79,250242.0,250294.5943,0.9997898704119157,8815.5057,0.0,1
sz159915-H1_weekly_binary_hysteresis-fee0.001,2024-04-05,52.5943,0.0,139800.0,1.79,250242.0,250294.5943,0.9997898704119157,8815.5057,0.0,2
sz159915-H1_weekly_binary_hysteresis-fee0.001,2024-04-06,52.5943,0.0,139800.0,1.79,250242.0,250294.5943,0.9997898704119157,8815.5057,0.0,3
sz159915-H1_weekly_binary_hysteresis-fee0.001,2024-04-07,52.5943,0.0,139800.0,1.79,250242.0,250294.5943,0.9997898704119157,8815.5057,0.0,4
sz159915-H1_weekly_binary_hysteresis-fee0.001,2024-04-08,52.5943,0.0,139800.0,1.758,245768.4,245820.9943,0.9997860463458389,8815.5057,0.0,0
sz159915-H1_weekly_binary_hysteresis-fee0.001,2024-04-09,52.5943,0.0,139800.0,1.777,248424.6,248477.1943,0.9997883334921414,8815.5057,0.0,0
sz159915-H1_weekly_binary_hysteresis-fee0.001,2024-04-10,52.5943,0.0,139800.0,1.739,243112.2,243164.7943,0.9997837092324512,8815.5057,0.0,0
sz159915-H1_weekly_binary_hysteresis-fee0.001,2024-04-11,52.5943,0.0,139800.0,1.731,241993.8,242046.3943,0.9997827098389459,8815.5057,0.0,0
sz159915-H1_weekly_binary_hysteresis-fee0.001,2024-04-12,52.5943,0.0,139800.0,1.713,239477.4,239529.9943,0.9997804270811524,8815.5057,0.0,0
sz159915-H1_weekly_binary_hysteresis-fee0.001,2024-04-13,52.5943,0.0,139800.0,1.713,239477.4,239529.9943,0.9997804270811524,8815.5057,0.0,1
sz159915-H1_weekly_binary_hysteresis-fee0.001,2024-04-14,52.5943,0.0,139800.0,1.713,239477.4,239529.9943,0.9997804270811524,8815.5057,0.0,2
sz159915-H1_weekly_binary_hysteresis-fee0.001,2024-04-15,52.5943,0.0,139800.0,1.746,244090.8,244143.3943,0.9997845761907637,8815.5057,0.0,0
sz159915-H1_weekly_binary_hysteresis-fee0.001,2024-04-16,52.5943,0.0,139800.0,1.713,239477.4,239529.9943,0.9997804270811524,8815.5057,0.0,0
sz159915-H1_weekly_binary_hysteresis-fee0.001,2024-04-17,52.5943,0.0,139800.0,1.747,244230.6,244283.1943,0.9997846994749241,8815.5057,0.0,0
sz159915-H1_weekly_binary_hysteresis-fee0.001,2024-04-18,52.5943,0.0,139800.0,1.738,242972.4,243024.9943,0.999783584811301,8815.5057,0.0,0
sz159915-H1_weekly_binary_hysteresis-fee0.001,2024-04-19,52.5943,0.0,139800.0,1.705,238359.0,238411.5943,0.9997793970542648,8815.5057,0.0,0
sz159915-H1_weekly_binary_hysteresis-fee0.001,2024-04-20,52.5943,0.0,139800.0,1.705,238359.0,238411.5943,0.9997793970542648,8815.5057,0.0,1
sz159915-H1_weekly_binary_hysteresis-fee0.001,2024-04-21,52.5943,0.0,139800.0,1.705,238359.0,238411.5943,0.9997793970542648,8815.5057,0.0,2
sz159915-H1_weekly_binary_hysteresis-fee0.001,2024-04-22,52.5943,0.0,139800.0,1.703,238079.4,238131.9943,0.9997791380357999,8815.5057,0.0,0
sz159915-H1_weekly_binary_hysteresis-fee0.001,2024-04-23,52.5943,0.0,139800.0,1.705,238359.0,238411.5943,0.9997793970542648,8815.5057,0.0,0
sz159915-H1_weekly_binary_hysteresis-fee0.001,2024-04-24,52.5943,0.0,139800.0,1.719,240316.2,240368.7943,0.999781193311082,8815.5057,0.0,0
sz159915-H1_weekly_binary_hysteresis-fee0.001,2024-04-25,52.5943,0.0,139800.0,1.716,239896.8,239949.3943,0.9997808108657518,8815.5057,0.0,0
sz159915-H1_weekly_binary_hysteresis-fee0.001,2024-04-26,52.5943,0.0,139800.0,1.774,248005.2,248057.7943,0.9997879756201637,8815.5057,0.0,0
sz159915-H1_weekly_binary_hysteresis-fee0.001,2024-04-27,52.5943,0.0,139800.0,1.774,248005.2,248057.7943,0.9997879756201637,8815.5057,0.0,1
sz159915-H1_weekly_binary_hysteresis-fee0.001,2024-04-28,52.5943,0.0,139800.0,1.774,248005.2,248057.7943,0.9997879756201637,8815.5057,0.0,2
sz159915-H1_weekly_binary_hysteresis-fee0.001,2024-04-29,52.5943,0.0,139800.0,1.837,256812.6,256865.1943,0.999795245517232,8815.5057,0.0,0
sz159915-H1_weekly_binary_hysteresis-fee0.001,2024-04-30,52.5943,0.0,139800.0,1.816,253876.8,253929.3943,0.999792878252063,8815.5057,0.0,0
sz159915-H1_weekly_binary_hysteresis-fee0.001,2024-05-01,52.5943,0.0,139800.0,1.816,253876.8,253929.3943,0.999792878252063,8815.5057,0.0,1
sz159915-H1_weekly_binary_hysteresis-fee0.001,2024-05-02,52.5943,0.0,139800.0,1.816,253876.8,253929.3943,0.999792878252063,8815.5057,0.0,2
sz159915-H1_weekly_binary_hysteresis-fee0.001,2024-05-03,52.5943,0.0,139800.0,1.816,253876.8,253929.3943,0.999792878252063,8815.5057,0.0,3
sz159915-H1_weekly_binary_hysteresis-fee0.001,2024-05-04,52.5943,0.0,139800.0,1.816,253876.8,253929.3943,0.999792878252063,8815.5057,0.0,4
sz159915-H1_weekly_binary_hysteresis-fee0.001,2024-05-05,52.5943,0.0,139800.0,1.816,253876.8,253929.3943,0.999792878252063,8815.5057,0.0,5
sz159915-H1_weekly_binary_hysteresis-fee0.001,2024-05-06,52.5943,0.0,139800.0,1.853,259049.4,259101.9943,0.9997970131409367,8815.5057,0.0,0
sz159915-H1_weekly_binary_hysteresis-fee0.001,2024-05-07,52.5943,0.0,139800.0,1.85,258630.0,258682.5943,0.9997966840399822,8815.5057,0.0,0
sz159915-H1_weekly_binary_hysteresis-fee0.001,2024-05-08,52.5943,0.0,139800.0,1.821,254575.8,254628.3943,0.9997934468379123,8815.5057,0.0,0
sz159915-H1_weekly_binary_hysteresis-fee0.001,2024-05-09,52.5943,0.0,139800.0,1.856,259468.8,259521.3943,0.9997973411782028,8815.5057,0.0,0
sz159915-H1_weekly_binary_hysteresis-fee0.001,2024-05-10,52.5943,0.0,139800.0,1.84,257232.0,257284.5943,0.999795579287819,8815.5057,0.0,0
sz159915-H1_weekly_binary_hysteresis-fee0.001,2024-05-11,52.5943,0.0,139800.0,1.84,257232.0,257284.5943,0.999795579287819,8815.5057,0.0,1
sz159915-H1_weekly_binary_hysteresis-fee0.001,2024-05-12,52.5943,0.0,139800.0,1.84,257232.0,257284.5943,0.999795579287819,8815.5057,0.0,2
sz159915-H1_weekly_binary_hysteresis-fee0.001,2024-05-13,52.5943,0.0,139800.0,1.817,254016.6,254069.1943,0.9997929922195216,8815.5057,0.0,0
sz159915-H1_weekly_binary_hysteresis-fee0.001,2024-05-14,52.5943,0.0,139800.0,1.813,253457.4,253509.9943,0.9997925355955088,8815.5057,0.0,0
sz159915-H1_weekly_binary_hysteresis-fee0.001,2024-05-15,52.5943,0.0,139800.0,1.797,251220.6,251273.1943,0.9997906887754322,8815.5057,0.0,0
sz159915-H1_weekly_binary_hysteresis-fee0.001,2024-05-16,52.5943,0.0,139800.0,1.801,251779.8,251832.3943,0.9997911535561332,8815.5057,0.0,0
sz159915-H1_weekly_binary_hysteresis-fee0.001,2024-05-17,52.5943,0.0,139800.0,1.824,254995.2,255047.7943,0.9997937864934517,8815.5057,0.0,0
sz159915-H1_weekly_binary_hysteresis-fee0.001,2024-05-18,52.5943,0.0,139800.0,1.824,254995.2,255047.7943,0.9997937864934517,8815.5057,0.0,1
sz159915-H1_weekly_binary_hysteresis-fee0.001,2024-05-19,52.5943,0.0,139800.0,1.824,254995.2,255047.7943,0.9997937864934517,8815.5057,0.0,2
sz159915-H1_weekly_binary_hysteresis-fee0.001,2024-05-20,52.5943,0.0,139800.0,1.831,255973.8,256026.3943,0.9997945746955356,8815.5057,0.0,0
sz159915-H1_weekly_binary_hysteresis-fee0.001,2024-05-21,52.5943,0.0,139800.0,1.818,254156.4,254208.9943,0.9997931060616292,8815.5057,0.0,0
sz159915-H1_weekly_binary_hysteresis-fee0.001,2024-05-22,52.5943,0.0,139800.0,1.839,257092.2,257144.7943,0.9997954681519291,8815.5057,0.0,0
sz159915-H1_weekly_binary_hysteresis-fee0.001,2024-05-23,52.5943,0.0,139800.0,1.811,253177.8,253230.3943,0.9997923065272422,8815.5057,0.0,0
sz159915-H1_weekly_binary_hysteresis-fee0.001,2024-05-24,52.5943,0.0,139800.0,1.781,248983.8,249036.3943,0.9997888087797455,8815.5057,0.0,0
sz159915-H1_weekly_binary_hysteresis-fee0.001,2024-05-25,52.5943,0.0,139800.0,1.781,248983.8,249036.3943,0.9997888087797455,8815.5057,0.0,1
sz159915-H1_weekly_binary_hysteresis-fee0.001,2024-05-26,52.5943,0.0,139800.0,1.781,248983.8,249036.3943,0.9997888087797455,8815.5057,0.0,2
sz159915-H1_weekly_binary_hysteresis-fee0.001,2024-05-27,52.5943,0.0,139800.0,1.792,250521.6,250574.1943,0.9997901048823207,8815.5057,0.0,0
sz159915-H1_weekly_binary_hysteresis-fee0.001,2024-05-28,52.5943,0.0,139800.0,1.769,247306.2,247358.7943,0.9997873764700833,8815.5057,0.0,0
sz159915-H1_weekly_binary_hysteresis-fee0.001,2024-05-29,52.5943,0.0,139800.0,1.772,247725.6,247778.1943,0.9997877363657904,8815.5057,0.0,0
sz159915-H1_weekly_binary_hysteresis-fee0.001,2024-05-30,52.5943,0.0,139800.0,1.777,248424.6,248477.1943,0.9997883334921414,8815.5057,0.0,0
sz159915-H1_weekly_binary_hysteresis-fee0.001,2024-05-31,52.5943,0.0,139800.0,1.772,247725.6,247778.1943,0.9997877363657904,8815.5057,0.0,0
sz159915-H1_weekly_binary_hysteresis-fee0.001,2024-06-01,52.5943,0.0,139800.0,1.772,247725.6,247778.1943,0.9997877363657904,8815.5057,0.0,1
sz159915-H1_weekly_binary_hysteresis-fee0.001,2024-06-02,52.5943,0.0,139800.0,1.772,247725.6,247778.1943,0.9997877363657904,8815.5057,0.0,2
sz159915-H1_weekly_binary_hysteresis-fee0.001,2024-06-03,52.5943,0.0,139800.0,1.782,249123.6,249176.1943,0.9997889272683221,8815.5057,0.0,0
sz159915-H1_weekly_binary_hysteresis-fee0.001,2024-06-04,52.5943,0.0,139800.0,1.806,252478.8,252531.3943,0.999791731637384,8815.5057,0.0,0
sz159915-H1_weekly_binary_hysteresis-fee0.001,2024-06-05,52.5943,0.0,139800.0,1.796,251080.8,251133.3943,0.9997905722568414,8815.5057,0.0,0
sz159915-H1_weekly_binary_hysteresis-fee0.001,2024-06-06,52.5943,0.0,139800.0,1.785,249543.0,249595.5943,0.999789281937658,8815.5057,0.0,0
sz159915-H1_weekly_binary_hysteresis-fee0.001,2024-06-07,52.5943,0.0,139800.0,1.748,244370.4,244422.9943,0.9997848226180576,8815.5057,0.0,0
sz159915-H1_weekly_binary_hysteresis-fee0.001,2024-06-08,52.5943,0.0,139800.0,1.748,244370.4,244422.9943,0.9997848226180576,8815.5057,0.0,1
sz159915-H1_weekly_binary_hysteresis-fee0.001,2024-06-09,52.5943,0.0,139800.0,1.748,244370.4,244422.9943,0.9997848226180576,8815.5057,0.0,2
sz159915-H1_weekly_binary_hysteresis-fee0.001,2024-06-10,52.5943,0.0,139800.0,1.748,244370.4,244422.9943,0.9997848226180576,8815.5057,0.0,3
sz159915-H1_weekly_binary_hysteresis-fee0.001,2024-06-11,52.5943,0.0,139800.0,1.752,244929.6,244982.1943,0.9997853137851497,8815.5057,0.0,0
sz159915-H1_weekly_binary_hysteresis-fee0.001,2024-06-12,52.5943,0.0,139800.0,1.743,243671.4,243723.9943,0.9997842054896932,8815.5057,0.0,0
sz159915-H1_weekly_binary_hysteresis-fee0.001,2024-06-13,52.5943,0.0,139800.0,1.742,243531.6,243584.1943,0.9997840816389949,8815.5057,0.0,0
sz159915-H1_weekly_binary_hysteresis-fee0.001,2024-06-14,52.5943,0.0,139800.0,1.756,245488.8,245541.3943,0.9997858027150577,8815.5057,0.0,0
sz159915-H1_weekly_binary_hysteresis-fee0.001,2024-06-15,52.5943,0.0,139800.0,1.756,245488.8,245541.3943,0.9997858027150577,8815.5057,0.0,1
sz159915-H1_weekly_binary_hysteresis-fee0.001,2024-06-16,52.5943,0.0,139800.0,1.756,245488.8,245541.3943,0.9997858027150577,8815.5057,0.0,2
sz159915-H1_weekly_binary_hysteresis-fee0.001,2024-06-17,52.5943,0.0,139800.0,1.768,247166.4,247218.9943,0.9997872562334907,8815.5057,0.0,0
sz159915-H1_weekly_binary_hysteresis-fee0.001,2024-06-18,52.5943,0.0,139800.0,1.776,248284.8,248337.3943,0.99978821433579,8815.5057,0.0,0
sz159915-H1_weekly_binary_hysteresis-fee0.001,2024-06-19,52.5943,0.0,139800.0,1.753,245069.4,245121.9943,0.9997854362267645,8815.5057,0.0,0
sz159915-H1_weekly_binary_hysteresis-fee0.001,2024-06-20,52.5943,0.0,139800.0,1.728,241574.4,241626.9943,0.9997823326811958,8815.5057,0.0,0
sz159915-H1_weekly_binary_hysteresis-fee0.001,2024-06-21,52.5943,0.0,139800.0,1.723,240875.4,240927.9943,0.9997817011669697,8815.5057,0.0,0
sz159915-H1_weekly_binary_hysteresis-fee0.001,2024-06-22,52.5943,0.0,139800.0,1.723,240875.4,240927.9943,0.9997817011669697,8815.5057,0.0,1
sz159915-H1_weekly_binary_hysteresis-fee0.001,2024-06-23,52.5943,0.0,139800.0,1.723,240875.4,240927.9943,0.9997817011669697,8815.5057,0.0,2
sz159915-H1_weekly_binary_hysteresis-fee0.001,2024-06-24,52.5943,0.0,139800.0,1.696,237100.8,237153.3943,0.99977822666146,8815.5057,0.0,0
sz159915-H1_weekly_binary_hysteresis-fee0.001,2024-06-25,52.5943,0.0,139800.0,1.666,232906.8,232959.3943,0.9997742340455595,8815.5057,0.0,0
sz159915-H1_weekly_binary_hysteresis-fee0.001,2024-06-26,52.5943,0.0,139800.0,1.699,237520.2,237572.7943,0.999778618169833,8815.5057,0.0,0
sz159915-H1_weekly_binary_hysteresis-fee0.001,2024-06-27,52.5943,0.0,139800.0,1.67,233466.0,233518.5943,0.9997747746805445,8815.5057,0.0,0
sz159915-H1_weekly_binary_hysteresis-fee0.001,2024-06-28,52.5943,0.0,139800.0,1.652,230949.6,231002.1943,0.9997723212103704,8815.5057,0.0,0
sz159915-H1_weekly_binary_hysteresis-fee0.001,2024-06-29,52.5943,0.0,139800.0,1.652,230949.6,231002.1943,0.9997723212103704,8815.5057,0.0,1
sz159915-H1_weekly_binary_hysteresis-fee0.001,2024-06-30,52.5943,0.0,139800.0,1.652,230949.6,231002.1943,0.9997723212103704,8815.5057,0.0,2
sz159915-H1_weekly_binary_hysteresis-fee0.001,2024-07-01,52.5943,0.0,139800.0,1.65,230670.0,230722.5943,0.9997720452989896,8815.5057,0.0,0
sz159915-H1_weekly_binary_hysteresis-fee0.001,2024-07-02,52.5943,0.0,139800.0,1.633,228293.4,228345.9943,0.9997696727715272,8815.5057,0.0,0
sz159915-H1_weekly_binary_hysteresis-fee0.001,2024-07-03,52.5943,0.0,139800.0,1.629,227734.2,227786.7943,0.9997691073349462,8815.5057,0.0,0
sz159915-H1_weekly_binary_hysteresis-fee0.001,2024-07-04,52.5943,0.0,139800.0,1.616,225916.8,225969.3943,0.9997672503386447,8815.5057,0.0,0
sz159915-H1_weekly_binary_hysteresis-fee0.001,2024-07-05,52.5943,0.0,139800.0,1.623,226895.4,226947.9943,0.9997682539554393,8815.5057,0.0,0
sz159915-H1_weekly_binary_hysteresis-fee0.001,2024-07-06,52.5943,0.0,139800.0,1.623,226895.4,226947.9943,0.9997682539554393,8815.5057,0.0,1
sz159915-H1_weekly_binary_hysteresis-fee0.001,2024-07-07,52.5943,0.0,139800.0,1.623,226895.4,226947.9943,0.9997682539554393,8815.5057,0.0,2
sz159915-H1_weekly_binary_hysteresis-fee0.001,2024-07-08,52.5943,0.0,139800.0,1.596,223120.8,223173.3943,0.9997643343635787,8815.5057,0.0,0
sz159915-H1_weekly_binary_hysteresis-fee0.001,2024-07-09,52.5943,0.0,139800.0,1.62,226476.0,226528.5943,0.9997678248957377,8815.5057,0.0,0
sz159915-H1_weekly_binary_hysteresis-fee0.001,2024-07-10,52.5943,0.0,139800.0,1.618,226196.4,226248.9943,0.9997675379722119,8815.5057,0.0,0
sz159915-H1_weekly_binary_hysteresis-fee0.001,2024-07-11,52.5943,0.0,139800.0,1.654,231229.2,231281.7943,0.9997725964546446,8815.5057,0.0,0
sz159915-H1_weekly_binary_hysteresis-fee0.001,2024-07-12,52.5943,0.0,139800.0,1.653,231089.4,231141.9943,0.9997724589157445,8815.5057,0.0,0
sz159915-H1_weekly_binary_hysteresis-fee0.001,2024-07-13,52.5943,0.0,139800.0,1.653,231089.4,231141.9943,0.9997724589157445,8815.5057,0.0,1
sz159915-H1_weekly_binary_hysteresis-fee0.001,2024-07-14,52.5943,0.0,139800.0,1.653,231089.4,231141.9943,0.9997724589157445,8815.5057,0.0,2
sz159915-H1_weekly_binary_hysteresis-fee0.001,2024-07-15,52.5943,0.0,139800.0,1.64,229272.0,229324.5943,0.9997706556500817,8815.5057,0.0,0
sz159915-H1_weekly_binary_hysteresis-fee0.001,2024-07-16,52.5943,0.0,139800.0,1.664,232627.2,232679.7943,0.9997739627535849,8815.5057,0.0,0
sz159915-H1_weekly_binary_hysteresis-fee0.001,2024-07-17,52.5943,0.0,139800.0,1.663,232487.4,232539.9943,0.9997738268629518,8815.5057,0.0,0
sz159915-H1_weekly_binary_hysteresis-fee0.001,2024-07-18,52.5943,0.0,139800.0,1.686,235702.8,235755.3943,0.9997769115733018,8815.5057,0.0,0
sz159915-H1_weekly_binary_hysteresis-fee0.001,2024-07-19,52.5943,0.0,139800.0,1.692,236541.6,236594.1943,0.9997777024911554,8815.5057,0.0,0
sz159915-H1_weekly_binary_hysteresis-fee0.001,2024-07-20,52.5943,0.0,139800.0,1.692,236541.6,236594.1943,0.9997777024911554,8815.5057,0.0,1
sz159915-H1_weekly_binary_hysteresis-fee0.001,2024-07-21,52.5943,0.0,139800.0,1.692,236541.6,236594.1943,0.9997777024911554,8815.5057,0.0,2
sz159915-H1_weekly_binary_hysteresis-fee0.001,2024-07-22,52.5943,0.0,139800.0,1.693,236681.4,236733.9943,0.9997778337658877,8815.5057,0.0,0
sz159915-H1_weekly_binary_hysteresis-fee0.001,2024-07-23,52.5943,0.0,139800.0,1.64,229272.0,229324.5943,0.9997706556500817,8815.5057,0.0,0
sz159915-H1_weekly_binary_hysteresis-fee0.001,2024-07-24,52.5943,0.0,139800.0,1.619,226336.2,226388.7943,0.9997676815225656,8815.5057,0.0,0
sz159915-H1_weekly_binary_hysteresis-fee0.001,2024-07-25,52.5943,0.0,139800.0,1.614,225637.2,225689.7943,0.999766961992397,8815.5057,0.0,0
sz159915-H1_weekly_binary_hysteresis-fee0.001,2024-07-26,52.5943,0.0,139800.0,1.627,227454.6,227507.1943,0.999768823574297,8815.5057,0.0,0
sz159915-H1_weekly_binary_hysteresis-fee0.001,2024-07-27,52.5943,0.0,139800.0,1.627,227454.6,227507.1943,0.999768823574297,8815.5057,0.0,1
sz159915-H1_weekly_binary_hysteresis-fee0.001,2024-07-28,52.5943,0.0,139800.0,1.627,227454.6,227507.1943,0.999768823574297,8815.5057,0.0,2
sz159915-H1_weekly_binary_hysteresis-fee0.001,2024-07-29,52.5943,0.0,139800.0,1.604,224239.2,224291.7943,0.9997655094776688,8815.5057,0.0,0
sz159915-H1_weekly_binary_hysteresis-fee0.001,2024-07-30,52.5943,0.0,139800.0,1.601,223819.8,223872.3943,0.9997650701857884,8815.5057,0.0,0
sz159915-H1_weekly_binary_hysteresis-fee0.001,2024-07-31,52.5943,0.0,139800.0,1.658,231788.4,231840.9943,0.9997731449515268,8815.5057,0.0,0
sz159915-H1_weekly_binary_hysteresis-fee0.001,2024-08-01,52.5943,0.0,139800.0,1.636,228712.8,228765.3943,0.9997700950348678,8815.5057,0.0,0
sz159915-H1_weekly_binary_hysteresis-fee0.001,2024-08-02,52.5943,0.0,139800.0,1.609,224938.2,224990.7943,0.9997662379913648,8815.5057,0.0,0
sz159915-H1_weekly_binary_hysteresis-fee0.001,2024-08-03,52.5943,0.0,139800.0,1.609,224938.2,224990.7943,0.9997662379913648,8815.5057,0.0,1
sz159915-H1_weekly_binary_hysteresis-fee0.001,2024-08-04,52.5943,0.0,139800.0,1.609,224938.2,224990.7943,0.9997662379913648,8815.5057,0.0,2
sz159915-H1_weekly_binary_hysteresis-fee0.001,2024-08-05,52.5943,0.0,139800.0,1.576,220324.8,220377.3943,0.9997613443966562,8815.5057,0.0,0
sz159915-H1_weekly_binary_hysteresis-fee0.001,2024-08-06,52.5943,0.0,139800.0,1.597,223260.6,223313.1943,0.9997644818965361,8815.5057,0.0,0
sz159915-H1_weekly_binary_hysteresis-fee0.001,2024-08-07,52.5943,0.0,139800.0,1.589,222142.2,222194.7943,0.9997632964347086,8815.5057,0.0,0
sz159915-H1_weekly_binary_hysteresis-fee0.001,2024-08-08,52.5943,0.0,139800.0,1.582,221163.6,221216.1943,0.999762249322811,8815.5057,0.0,0
sz159915-H1_weekly_binary_hysteresis-fee0.001,2024-08-09,52.5943,0.0,139800.0,1.566,218926.8,218979.3943,0.9997598207805436,8815.5057,0.0,0
sz159915-H1_weekly_binary_hysteresis-fee0.001,2024-08-10,52.5943,0.0,139800.0,1.566,218926.8,218979.3943,0.9997598207805436,8815.5057,0.0,1
sz159915-H1_weekly_binary_hysteresis-fee0.001,2024-08-11,52.5943,0.0,139800.0,1.566,218926.8,218979.3943,0.9997598207805436,8815.5057,0.0,2
sz159915-H1_weekly_binary_hysteresis-fee0.001,2024-08-12,52.5943,0.0,139800.0,1.563,218507.4,218559.9943,0.9997593598948955,8815.5057,0.0,0
sz159915-H1_weekly_binary_hysteresis-fee0.001,2024-08-13,52.5943,0.0,139800.0,1.578,220604.4,220656.9943,0.9997616468031442,8815.5057,0.0,0
sz159915-H1_weekly_binary_hysteresis-fee0.001,2024-08-14,52.5943,0.0,139800.0,1.555,217389.0,217441.5943,0.9997581221745117,8815.5057,0.0,0
sz159915-H1_weekly_binary_hysteresis-fee0.001,2024-08-15,52.5943,0.0,139800.0,1.565,218787.0,218839.5943,0.9997596673482775,8815.5057,0.0,0
sz159915-H1_weekly_binary_hysteresis-fee0.001,2024-08-16,52.5943,0.0,139800.0,1.561,218227.8,218280.3943,0.9997590516538662,8815.5057,0.0,0
sz159915-H1_weekly_binary_hysteresis-fee0.001,2024-08-17,52.5943,0.0,139800.0,1.561,218227.8,218280.3943,0.9997590516538662,8815.5057,0.0,1
sz159915-H1_weekly_binary_hysteresis-fee0.001,2024-08-18,52.5943,0.0,139800.0,1.561,218227.8,218280.3943,0.9997590516538662,8815.5057,0.0,2
sz159915-H1_weekly_binary_hysteresis-fee0.001,2024-08-19,52.5943,0.0,139800.0,1.559,217948.2,218000.7943,0.9997587426221594,8815.5057,0.0,0
sz159915-H1_weekly_binary_hysteresis-fee0.001,2024-08-20,52.5943,0.0,139800.0,1.539,215152.2,215204.7943,0.9997556081398137,8815.5057,0.0,0
sz159915-H1_weekly_binary_hysteresis-fee0.001,2024-08-21,52.5943,0.0,139800.0,1.529,213754.2,213806.7943,0.9997540101558877,8815.5057,0.0,0
sz159915-H1_weekly_binary_hysteresis-fee0.001,2024-08-22,52.5943,0.0,139800.0,1.516,211936.8,211989.3943,0.9997519012676381,8815.5057,0.0,0
sz159915-H1_weekly_binary_hysteresis-fee0.001,2024-08-23,52.5943,0.0,139800.0,1.517,212076.6,212129.1943,0.999752064772727,8815.5057,0.0,0
sz159915-H1_weekly_binary_hysteresis-fee0.001,2024-08-24,52.5943,0.0,139800.0,1.517,212076.6,212129.1943,0.999752064772727,8815.5057,0.0,1
sz159915-H1_weekly_binary_hysteresis-fee0.001,2024-08-25,52.5943,0.0,139800.0,1.517,212076.6,212129.1943,0.999752064772727,8815.5057,0.0,2
sz159915-H1_weekly_binary_hysteresis-fee0.001,2024-08-26,52.5943,0.0,139800.0,1.515,211797.0,211849.5943,0.9997517375467544,8815.5057,0.0,0
sz159915-H1_weekly_binary_hysteresis-fee0.001,2024-08-27,52.5943,0.0,139800.0,1.5,209700.0,209752.5943,0.9997492555447263,8815.5057,0.0,0
sz159915-H1_weekly_binary_hysteresis-fee0.001,2024-08-28,52.5943,0.0,139800.0,1.501,209839.8,209892.3943,0.9997494225544694,8815.5057,0.0,0
sz159915-H1_weekly_binary_hysteresis-fee0.001,2024-08-29,52.5943,0.0,139800.0,1.513,211517.4,211569.9943,0.9997514094558918,8815.5057,0.0,0
sz159915-H1_weekly_binary_hysteresis-fee0.001,2024-08-30,52.5943,0.0,139800.0,1.552,216969.6,217022.1943,0.9997576547404765,8815.5057,0.0,0
sz159915-H1_weekly_binary_hysteresis-fee0.001,2024-08-31,52.5943,0.0,139800.0,1.552,216969.6,217022.1943,0.9997576547404765,8815.5057,0.0,1
sz159915-H1_weekly_binary_hysteresis-fee0.001,2024-09-01,52.5943,0.0,139800.0,1.552,216969.6,217022.1943,0.9997576547404765,8815.5057,0.0,2
sz159915-H1_weekly_binary_hysteresis-fee0.001,2024-09-02,52.5943,0.0,139800.0,1.507,210678.6,210731.1943,0.999750419959538,8815.5057,0.0,0
sz159915-H1_weekly_binary_hysteresis-fee0.001,2024-09-03,52.5943,0.0,139800.0,1.525,213195.0,213247.5943,0.9997533650957581,8815.5057,0.0,0
sz159915-H1_weekly_binary_hysteresis-fee0.001,2024-09-04,52.5943,0.0,139800.0,1.525,213195.0,213247.5943,0.9997533650957581,8815.5057,0.0,0
sz159915-H1_weekly_binary_hysteresis-fee0.001,2024-09-05,52.5943,0.0,139800.0,1.536,214732.8,214785.3943,0.9997551309288445,8815.5057,0.0,0
sz159915-H1_weekly_binary_hysteresis-fee0.001,2024-09-06,52.5943,0.0,139800.0,1.508,210818.4,210870.9943,0.9997505854222645,8815.5057,0.0,0
sz159915-H1_weekly_binary_hysteresis-fee0.001,2024-09-07,52.5943,0.0,139800.0,1.508,210818.4,210870.9943,0.9997505854222645,8815.5057,0.0,1
sz159915-H1_weekly_binary_hysteresis-fee0.001,2024-09-08,52.5943,0.0,139800.0,1.508,210818.4,210870.9943,0.9997505854222645,8815.5057,0.0,2
sz159915-H1_weekly_binary_hysteresis-fee0.001,2024-09-09,52.5943,0.0,139800.0,1.513,211517.4,211569.9943,0.9997514094558918,8815.5057,0.0,0
sz159915-H1_weekly_binary_hysteresis-fee0.001,2024-09-10,52.5943,0.0,139800.0,1.512,211377.6,211430.1943,0.9997512450850545,8815.5057,0.0,0
sz159915-H1_weekly_binary_hysteresis-fee0.001,2024-09-11,52.5943,0.0,139800.0,1.528,213614.4,213666.9943,0.9997538492073972,8815.5057,0.0,0
sz159915-H1_weekly_binary_hysteresis-fee0.001,2024-09-12,52.5943,0.0,139800.0,1.525,213195.0,213247.5943,0.9997533650957581,8815.5057,0.0,0
sz159915-H1_weekly_binary_hysteresis-fee0.001,2024-09-13,52.5943,0.0,139800.0,1.509,210958.2,211010.7943,0.9997507506657445,8815.5057,0.0,0
sz159915-H1_weekly_binary_hysteresis-fee0.001,2024-09-14,52.5943,0.0,139800.0,1.509,210958.2,211010.7943,0.9997507506657445,8815.5057,0.0,1
sz159915-H1_weekly_binary_hysteresis-fee0.001,2024-09-15,52.5943,0.0,139800.0,1.509,210958.2,211010.7943,0.9997507506657445,8815.5057,0.0,2
sz159915-H1_weekly_binary_hysteresis-fee0.001,2024-09-16,52.5943,0.0,139800.0,1.509,210958.2,211010.7943,0.9997507506657445,8815.5057,0.0,3
sz159915-H1_weekly_binary_hysteresis-fee0.001,2024-09-17,52.5943,0.0,139800.0,1.509,210958.2,211010.7943,0.9997507506657445,8815.5057,0.0,4
sz159915-H1_weekly_binary_hysteresis-fee0.001,2024-09-18,52.5943,0.0,139800.0,1.504,210259.2,210311.7943,0.9997499222515073,8815.5057,0.0,0
sz159915-H1_weekly_binary_hysteresis-fee0.001,2024-09-19,52.5943,0.0,139800.0,1.519,212356.2,212408.7943,0.9997523911372251,8815.5057,0.0,0
sz159915-H1_weekly_binary_hysteresis-fee0.001,2024-09-20,52.5943,0.0,139800.0,1.508,210818.4,210870.9943,0.9997505854222645,8815.5057,0.0,0
sz159915-H1_weekly_binary_hysteresis-fee0.001,2024-09-21,52.5943,0.0,139800.0,1.508,210818.4,210870.9943,0.9997505854222645,8815.5057,0.0,1
sz159915-H1_weekly_binary_hysteresis-fee0.001,2024-09-22,52.5943,0.0,139800.0,1.508,210818.4,210870.9943,0.9997505854222645,8815.5057,0.0,2
sz159915-H1_weekly_binary_hysteresis-fee0.001,2024-09-23,52.5943,0.0,139800.0,1.501,209839.8,209892.3943,0.9997494225544694,8815.5057,0.0,0
sz159915-H1_weekly_binary_hysteresis-fee0.001,2024-09-24,52.5943,0.0,139800.0,1.587,221862.6,221915.1943,0.9997629982022371,8815.5057,0.0,0
sz159915-H1_weekly_binary_hysteresis-fee0.001,2024-09-25,52.5943,0.0,139800.0,1.61,225078.0,225130.5943,0.9997663831512392,8815.5057,0.0,0
sz159915-H1_weekly_binary_hysteresis-fee0.001,2024-09-26,52.5943,0.0,139800.0,1.686,235702.8,235755.3943,0.9997769115733018,8815.5057,0.0,0
sz159915-H1_weekly_binary_hysteresis-fee0.001,2024-09-27,52.5943,0.0,139800.0,1.86,260028.0,260080.5943,0.9997977769154921,8815.5057,0.0,0
sz159915-H1_weekly_binary_hysteresis-fee0.001,2024-09-28,52.5943,0.0,139800.0,1.86,260028.0,260080.5943,0.9997977769154921,8815.5057,0.0,1
sz159915-H1_weekly_binary_hysteresis-fee0.001,2024-09-29,52.5943,0.0,139800.0,1.86,260028.0,260080.5943,0.9997977769154921,8815.5057,0.0,2
sz159915-H1_weekly_binary_hysteresis-fee0.001,2024-09-30,52.5943,0.0,139800.0,2.232,312033.6,312086.1943,0.999831475082972,8815.5057,0.0,0
sz159915-H1_weekly_binary_hysteresis-fee0.001,2024-10-01,52.5943,0.0,139800.0,2.232,312033.6,312086.1943,0.999831475082972,8815.5057,0.0,1
sz159915-H1_weekly_binary_hysteresis-fee0.001,2024-10-02,52.5943,0.0,139800.0,2.232,312033.6,312086.1943,0.999831475082972,8815.5057,0.0,2
sz159915-H1_weekly_binary_hysteresis-fee0.001,2024-10-03,52.5943,0.0,139800.0,2.232,312033.6,312086.1943,0.999831475082972,8815.5057,0.0,3
sz159915-H1_weekly_binary_hysteresis-fee0.001,2024-10-04,52.5943,0.0,139800.0,2.232,312033.6,312086.1943,0.999831475082972,8815.5057,0.0,4
sz159915-H1_weekly_binary_hysteresis-fee0.001,2024-10-05,52.5943,0.0,139800.0,2.232,312033.6,312086.1943,0.999831475082972,8815.5057,0.0,5
sz159915-H1_weekly_binary_hysteresis-fee0.001,2024-10-06,52.5943,0.0,139800.0,2.232,312033.6,312086.1943,0.999831475082972,8815.5057,0.0,6
sz159915-H1_weekly_binary_hysteresis-fee0.001,2024-10-07,52.5943,0.0,139800.0,2.232,312033.6,312086.1943,0.999831475082972,8815.5057,0.0,7
sz159915-H1_weekly_binary_hysteresis-fee0.001,2024-10-08,52.5943,0.0,139800.0,2.678,374384.4,374436.9943,0.9998595376503907,8815.5057,0.0,0
sz159915-H1_weekly_binary_hysteresis-fee0.001,2024-10-09,336633.6763,0.0,0.0,2.242,0.0,336633.6763,0.0,9152.4237,0.0,0
sz159915-H1_weekly_binary_hysteresis-fee0.001,2024-10-10,336633.6763,0.0,0.0,2.174,0.0,336633.6763,0.0,9152.4237,0.0,0
sz159915-H1_weekly_binary_hysteresis-fee0.001,2024-10-11,336633.6763,0.0,0.0,2.06,0.0,336633.6763,0.0,9152.4237,0.0,0
sz159915-H1_weekly_binary_hysteresis-fee0.001,2024-10-12,336633.6763,0.0,0.0,2.06,0.0,336633.6763,0.0,9152.4237,0.0,1
sz159915-H1_weekly_binary_hysteresis-fee0.001,2024-10-13,336633.6763,0.0,0.0,2.06,0.0,336633.6763,0.0,9152.4237,0.0,2
sz159915-H1_weekly_binary_hysteresis-fee0.001,2024-10-14,336633.6763,0.0,0.0,2.116,0.0,336633.6763,0.0,9152.4237,0.0,0
sz159915-H1_weekly_binary_hysteresis-fee0.001,2024-10-15,336633.6763,0.0,0.0,2.045,0.0,336633.6763,0.0,9152.4237,0.0,0
sz159915-H1_weekly_binary_hysteresis-fee0.001,2024-10-16,336633.6763,0.0,0.0,2.0,0.0,336633.6763,0.0,9152.4237,0.0,0
sz159915-H1_weekly_binary_hysteresis-fee0.001,2024-10-17,336633.6763,0.0,0.0,1.995,0.0,336633.6763,0.0,9152.4237,0.0,0
sz159915-H1_weekly_binary_hysteresis-fee0.001,2024-10-18,336633.6763,0.0,0.0,2.156,0.0,336633.6763,0.0,9152.4237,0.0,0
sz159915-H1_weekly_binary_hysteresis-fee0.001,2024-10-19,336633.6763,0.0,0.0,2.156,0.0,336633.6763,0.0,9152.4237,0.0,1
sz159915-H1_weekly_binary_hysteresis-fee0.001,2024-10-20,336633.6763,0.0,0.0,2.156,0.0,336633.6763,0.0,9152.4237,0.0,2
sz159915-H1_weekly_binary_hysteresis-fee0.001,2024-10-21,336633.6763,0.0,0.0,2.167,0.0,336633.6763,0.0,9152.4237,0.0,0
sz159915-H1_weekly_binary_hysteresis-fee0.001,2024-10-22,336633.6763,0.0,0.0,2.175,0.0,336633.6763,0.0,9152.4237,0.0,0
sz159915-H1_weekly_binary_hysteresis-fee0.001,2024-10-23,336633.6763,0.0,0.0,2.162,0.0,336633.6763,0.0,9152.4237,0.0,0
sz159915-H1_weekly_binary_hysteresis-fee0.001,2024-10-24,336633.6763,0.0,0.0,2.132,0.0,336633.6763,0.0,9152.4237,0.0,0
sz159915-H1_weekly_binary_hysteresis-fee0.001,2024-10-25,336633.6763,0.0,0.0,2.196,0.0,336633.6763,0.0,9152.4237,0.0,0
sz159915-H1_weekly_binary_hysteresis-fee0.001,2024-10-26,336633.6763,0.0,0.0,2.196,0.0,336633.6763,0.0,9152.4237,0.0,1
sz159915-H1_weekly_binary_hysteresis-fee0.001,2024-10-27,336633.6763,0.0,0.0,2.196,0.0,336633.6763,0.0,9152.4237,0.0,2
sz159915-H1_weekly_binary_hysteresis-fee0.001,2024-10-28,336633.6763,0.0,0.0,2.188,0.0,336633.6763,0.0,9152.4237,0.0,0
sz159915-H1_weekly_binary_hysteresis-fee0.001,2024-10-29,336633.6763,0.0,0.0,2.135,0.0,336633.6763,0.0,9152.4237,0.0,0
sz159915-H1_weekly_binary_hysteresis-fee0.001,2024-10-30,336633.6763,0.0,0.0,2.111,0.0,336633.6763,0.0,9152.4237,0.0,0
sz159915-H1_weekly_binary_hysteresis-fee0.001,2024-10-31,336633.6763,0.0,0.0,2.122,0.0,336633.6763,0.0,9152.4237,0.0,0
sz159915-H1_weekly_binary_hysteresis-fee0.001,2024-11-01,336633.6763,0.0,0.0,2.084,0.0,336633.6763,0.0,9152.4237,0.0,0
sz159915-H1_weekly_binary_hysteresis-fee0.001,2024-11-02,336633.6763,0.0,0.0,2.084,0.0,336633.6763,0.0,9152.4237,0.0,1
sz159915-H1_weekly_binary_hysteresis-fee0.001,2024-11-03,336633.6763,0.0,0.0,2.084,0.0,336633.6763,0.0,9152.4237,0.0,2
sz159915-H1_weekly_binary_hysteresis-fee0.001,2024-11-04,336633.6763,0.0,0.0,2.145,0.0,336633.6763,0.0,9152.4237,0.0,0
sz159915-H1_weekly_binary_hysteresis-fee0.001,2024-11-05,336633.6763,0.0,0.0,2.249,0.0,336633.6763,0.0,9152.4237,0.0,0
sz159915-H1_weekly_binary_hysteresis-fee0.001,2024-11-06,336633.6763,0.0,0.0,2.223,0.0,336633.6763,0.0,9152.4237,0.0,0
sz159915-H1_weekly_binary_hysteresis-fee0.001,2024-11-07,336633.6763,0.0,0.0,2.306,0.0,336633.6763,0.0,9152.4237,0.0,0
sz159915-H1_weekly_binary_hysteresis-fee0.001,2024-11-08,336633.6763,0.0,0.0,2.282,0.0,336633.6763,0.0,9152.4237,0.0,0
sz159915-H1_weekly_binary_hysteresis-fee0.001,2024-11-09,336633.6763,0.0,0.0,2.282,0.0,336633.6763,0.0,9152.4237,0.0,1
sz159915-H1_weekly_binary_hysteresis-fee0.001,2024-11-10,336633.6763,0.0,0.0,2.282,0.0,336633.6763,0.0,9152.4237,0.0,2
sz159915-H1_weekly_binary_hysteresis-fee0.001,2024-11-11,336633.6763,0.0,0.0,2.349,0.0,336633.6763,0.0,9152.4237,0.0,0
sz159915-H1_weekly_binary_hysteresis-fee0.001,2024-11-12,336633.6763,0.0,0.0,2.345,0.0,336633.6763,0.0,9152.4237,0.0,0
sz159915-H1_weekly_binary_hysteresis-fee0.001,2024-11-13,336633.6763,0.0,0.0,2.372,0.0,336633.6763,0.0,9152.4237,0.0,0
sz159915-H1_weekly_binary_hysteresis-fee0.001,2024-11-14,336633.6763,0.0,0.0,2.288,0.0,336633.6763,0.0,9152.4237,0.0,0
sz159915-H1_weekly_binary_hysteresis-fee0.001,2024-11-15,336633.6763,0.0,0.0,2.204,0.0,336633.6763,0.0,9152.4237,0.0,0
sz159915-H1_weekly_binary_hysteresis-fee0.001,2024-11-16,336633.6763,0.0,0.0,2.204,0.0,336633.6763,0.0,9152.4237,0.0,1
sz159915-H1_weekly_binary_hysteresis-fee0.001,2024-11-17,336633.6763,0.0,0.0,2.204,0.0,336633.6763,0.0,9152.4237,0.0,2
sz159915-H1_weekly_binary_hysteresis-fee0.001,2024-11-18,336633.6763,0.0,0.0,2.149,0.0,336633.6763,0.0,9152.4237,0.0,0
sz159915-H1_weekly_binary_hysteresis-fee0.001,2024-11-19,336633.6763,0.0,0.0,2.215,0.0,336633.6763,0.0,9152.4237,0.0,0
sz159915-H1_weekly_binary_hysteresis-fee0.001,2024-11-20,336633.6763,0.0,0.0,2.223,0.0,336633.6763,0.0,9152.4237,0.0,0
sz159915-H1_weekly_binary_hysteresis-fee0.001,2024-11-21,336633.6763,0.0,0.0,2.223,0.0,336633.6763,0.0,9152.4237,0.0,0
sz159915-H1_weekly_binary_hysteresis-fee0.001,2024-11-22,336633.6763,0.0,0.0,2.136,0.0,336633.6763,0.0,9152.4237,0.0,0
sz159915-H1_weekly_binary_hysteresis-fee0.001,2024-11-23,336633.6763,0.0,0.0,2.136,0.0,336633.6763,0.0,9152.4237,0.0,1
sz159915-H1_weekly_binary_hysteresis-fee0.001,2024-11-24,336633.6763,0.0,0.0,2.136,0.0,336633.6763,0.0,9152.4237,0.0,2
sz159915-H1_weekly_binary_hysteresis-fee0.001,2024-11-25,336633.6763,0.0,0.0,2.132,0.0,336633.6763,0.0,9152.4237,0.0,0
sz159915-H1_weekly_binary_hysteresis-fee0.001,2024-11-26,336633.6763,0.0,0.0,2.109,0.0,336633.6763,0.0,9152.4237,0.0,0
sz159915-H1_weekly_binary_hysteresis-fee0.001,2024-11-27,336633.6763,0.0,0.0,2.165,0.0,336633.6763,0.0,9152.4237,0.0,0
sz159915-H1_weekly_binary_hysteresis-fee0.001,2024-11-28,336633.6763,0.0,0.0,2.128,0.0,336633.6763,0.0,9152.4237,0.0,0
sz159915-H1_weekly_binary_hysteresis-fee0.001,2024-11-29,336633.6763,0.0,0.0,2.179,0.0,336633.6763,0.0,9152.4237,0.0,0
sz159915-H1_weekly_binary_hysteresis-fee0.001,2024-11-30,336633.6763,0.0,0.0,2.179,0.0,336633.6763,0.0,9152.4237,0.0,1
sz159915-H1_weekly_binary_hysteresis-fee0.001,2024-12-01,336633.6763,0.0,0.0,2.179,0.0,336633.6763,0.0,9152.4237,0.0,2
sz159915-H1_weekly_binary_hysteresis-fee0.001,2024-12-02,336633.6763,0.0,0.0,2.211,0.0,336633.6763,0.0,9152.4237,0.0,0
sz159915-H1_weekly_binary_hysteresis-fee0.001,2024-12-03,336633.6763,0.0,0.0,2.198,0.0,336633.6763,0.0,9152.4237,0.0,0
sz159915-H1_weekly_binary_hysteresis-fee0.001,2024-12-04,336633.6763,0.0,0.0,2.17,0.0,336633.6763,0.0,9152.4237,0.0,0
sz159915-H1_weekly_binary_hysteresis-fee0.001,2024-12-05,336633.6763,0.0,0.0,2.177,0.0,336633.6763,0.0,9152.4237,0.0,0
sz159915-H1_weekly_binary_hysteresis-fee0.001,2024-12-06,336633.6763,0.0,0.0,2.224,0.0,336633.6763,0.0,9152.4237,0.0,0
sz159915-H1_weekly_binary_hysteresis-fee0.001,2024-12-07,336633.6763,0.0,0.0,2.224,0.0,336633.6763,0.0,9152.4237,0.0,1
sz159915-H1_weekly_binary_hysteresis-fee0.001,2024-12-08,336633.6763,0.0,0.0,2.224,0.0,336633.6763,0.0,9152.4237,0.0,2
sz159915-H1_weekly_binary_hysteresis-fee0.001,2024-12-09,336633.6763,0.0,0.0,2.206,0.0,336633.6763,0.0,9152.4237,0.0,0
sz159915-H1_weekly_binary_hysteresis-fee0.001,2024-12-10,336633.6763,0.0,0.0,2.221,0.0,336633.6763,0.0,9152.4237,0.0,0
sz159915-H1_weekly_binary_hysteresis-fee0.001,2024-12-11,336633.6763,0.0,0.0,2.218,0.0,336633.6763,0.0,9152.4237,0.0,0
sz159915-H1_weekly_binary_hysteresis-fee0.001,2024-12-12,336633.6763,0.0,0.0,2.248,0.0,336633.6763,0.0,9152.4237,0.0,0
sz159915-H1_weekly_binary_hysteresis-fee0.001,2024-12-13,336633.6763,0.0,0.0,2.193,0.0,336633.6763,0.0,9152.4237,0.0,0
sz159915-H1_weekly_binary_hysteresis-fee0.001,2024-12-14,336633.6763,0.0,0.0,2.193,0.0,336633.6763,0.0,9152.4237,0.0,1
sz159915-H1_weekly_binary_hysteresis-fee0.001,2024-12-15,336633.6763,0.0,0.0,2.193,0.0,336633.6763,0.0,9152.4237,0.0,2
sz159915-H1_weekly_binary_hysteresis-fee0.001,2024-12-16,336633.6763,0.0,0.0,2.158,0.0,336633.6763,0.0,9152.4237,0.0,0
sz159915-H1_weekly_binary_hysteresis-fee0.001,2024-12-17,336633.6763,0.0,0.0,2.159,0.0,336633.6763,0.0,9152.4237,0.0,0
sz159915-H1_weekly_binary_hysteresis-fee0.001,2024-12-18,336633.6763,0.0,0.0,2.158,0.0,336633.6763,0.0,9152.4237,0.0,0
sz159915-H1_weekly_binary_hysteresis-fee0.001,2024-12-19,336633.6763,0.0,0.0,2.171,0.0,336633.6763,0.0,9152.4237,0.0,0
sz159915-H1_weekly_binary_hysteresis-fee0.001,2024-12-20,336633.6763,0.0,0.0,2.169,0.0,336633.6763,0.0,9152.4237,0.0,0
sz159915-H1_weekly_binary_hysteresis-fee0.001,2024-12-21,336633.6763,0.0,0.0,2.169,0.0,336633.6763,0.0,9152.4237,0.0,1
sz159915-H1_weekly_binary_hysteresis-fee0.001,2024-12-22,336633.6763,0.0,0.0,2.169,0.0,336633.6763,0.0,9152.4237,0.0,2
sz159915-H1_weekly_binary_hysteresis-fee0.001,2024-12-23,336633.6763,0.0,0.0,2.147,0.0,336633.6763,0.0,9152.4237,0.0,0
sz159915-H1_weekly_binary_hysteresis-fee0.001,2024-12-24,336633.6763,0.0,0.0,2.17,0.0,336633.6763,0.0,9152.4237,0.0,0
sz159915-H1_weekly_binary_hysteresis-fee0.001,2024-12-25,336633.6763,0.0,0.0,2.156,0.0,336633.6763,0.0,9152.4237,0.0,0
sz159915-H1_weekly_binary_hysteresis-fee0.001,2024-12-26,336633.6763,0.0,0.0,2.166,0.0,336633.6763,0.0,9152.4237,0.0,0
sz159915-H1_weekly_binary_hysteresis-fee0.001,2024-12-27,336633.6763,0.0,0.0,2.163,0.0,336633.6763,0.0,9152.4237,0.0,0
sz159915-H1_weekly_binary_hysteresis-fee0.001,2024-12-28,336633.6763,0.0,0.0,2.163,0.0,336633.6763,0.0,9152.4237,0.0,1
sz159915-H1_weekly_binary_hysteresis-fee0.001,2024-12-29,336633.6763,0.0,0.0,2.163,0.0,336633.6763,0.0,9152.4237,0.0,2
sz159915-H1_weekly_binary_hysteresis-fee0.001,2024-12-30,336633.6763,0.0,0.0,2.165,0.0,336633.6763,0.0,9152.4237,0.0,0
sz159915-H1_weekly_binary_hysteresis-fee0.001,2024-12-31,336633.6763,0.0,0.0,2.102,0.0,336633.6763,0.0,9152.4237,0.0,0
sz159915-H1_weekly_binary_hysteresis-fee0.001,2025-01-01,336633.6763,0.0,0.0,2.102,0.0,336633.6763,0.0,9152.4237,0.0,1
sz159915-H1_weekly_binary_hysteresis-fee0.001,2025-01-02,336633.6763,0.0,0.0,2.019,0.0,336633.6763,0.0,9152.4237,0.0,0
sz159915-H1_weekly_binary_hysteresis-fee0.001,2025-01-03,336633.6763,0.0,0.0,1.978,0.0,336633.6763,0.0,9152.4237,0.0,0
sz159915-H1_weekly_binary_hysteresis-fee0.001,2025-01-04,336633.6763,0.0,0.0,1.978,0.0,336633.6763,0.0,9152.4237,0.0,1
sz159915-H1_weekly_binary_hysteresis-fee0.001,2025-01-05,336633.6763,0.0,0.0,1.978,0.0,336633.6763,0.0,9152.4237,0.0,2
sz159915-H1_weekly_binary_hysteresis-fee0.001,2025-01-06,336633.6763,0.0,0.0,1.976,0.0,336633.6763,0.0,9152.4237,0.0,0
sz159915-H1_weekly_binary_hysteresis-fee0.001,2025-01-07,336633.6763,0.0,0.0,1.99,0.0,336633.6763,0.0,9152.4237,0.0,0
sz159915-H1_weekly_binary_hysteresis-fee0.001,2025-01-08,336633.6763,0.0,0.0,1.968,0.0,336633.6763,0.0,9152.4237,0.0,0
sz159915-H1_weekly_binary_hysteresis-fee0.001,2025-01-09,336633.6763,0.0,0.0,1.971,0.0,336633.6763,0.0,9152.4237,0.0,0
sz159915-H1_weekly_binary_hysteresis-fee0.001,2025-01-10,336633.6763,0.0,0.0,1.938,0.0,336633.6763,0.0,9152.4237,0.0,0
sz159915-H1_weekly_binary_hysteresis-fee0.001,2025-01-11,336633.6763,0.0,0.0,1.938,0.0,336633.6763,0.0,9152.4237,0.0,1
sz159915-H1_weekly_binary_hysteresis-fee0.001,2025-01-12,336633.6763,0.0,0.0,1.938,0.0,336633.6763,0.0,9152.4237,0.0,2
sz159915-H1_weekly_binary_hysteresis-fee0.001,2025-01-13,336633.6763,0.0,0.0,1.942,0.0,336633.6763,0.0,9152.4237,0.0,0
sz159915-H1_weekly_binary_hysteresis-fee0.001,2025-01-14,336633.6763,0.0,0.0,2.036,0.0,336633.6763,0.0,9152.4237,0.0,0
sz159915-H1_weekly_binary_hysteresis-fee0.001,2025-01-15,336633.6763,0.0,0.0,1.999,0.0,336633.6763,0.0,9152.4237,0.0,0
sz159915-H1_weekly_binary_hysteresis-fee0.001,2025-01-16,336633.6763,0.0,0.0,2.01,0.0,336633.6763,0.0,9152.4237,0.0,0
sz159915-H1_weekly_binary_hysteresis-fee0.001,2025-01-17,336633.6763,0.0,0.0,2.026,0.0,336633.6763,0.0,9152.4237,0.0,0
sz159915-H1_weekly_binary_hysteresis-fee0.001,2025-01-18,336633.6763,0.0,0.0,2.026,0.0,336633.6763,0.0,9152.4237,0.0,1
sz159915-H1_weekly_binary_hysteresis-fee0.001,2025-01-19,336633.6763,0.0,0.0,2.026,0.0,336633.6763,0.0,9152.4237,0.0,2
sz159915-H1_weekly_binary_hysteresis-fee0.001,2025-01-20,336633.6763,0.0,0.0,2.062,0.0,336633.6763,0.0,9152.4237,0.0,0
sz159915-H1_weekly_binary_hysteresis-fee0.001,2025-01-21,336633.6763,0.0,0.0,2.07,0.0,336633.6763,0.0,9152.4237,0.0,0
sz159915-H1_weekly_binary_hysteresis-fee0.001,2025-01-22,336633.6763,0.0,0.0,2.059,0.0,336633.6763,0.0,9152.4237,0.0,0
sz159915-H1_weekly_binary_hysteresis-fee0.001,2025-01-23,336633.6763,0.0,0.0,2.052,0.0,336633.6763,0.0,9152.4237,0.0,0
sz159915-H1_weekly_binary_hysteresis-fee0.001,2025-01-24,336633.6763,0.0,0.0,2.084,0.0,336633.6763,0.0,9152.4237,0.0,0
sz159915-H1_weekly_binary_hysteresis-fee0.001,2025-01-25,336633.6763,0.0,0.0,2.084,0.0,336633.6763,0.0,9152.4237,0.0,1
sz159915-H1_weekly_binary_hysteresis-fee0.001,2025-01-26,336633.6763,0.0,0.0,2.084,0.0,336633.6763,0.0,9152.4237,0.0,2
sz159915-H1_weekly_binary_hysteresis-fee0.001,2025-01-27,336633.6763,0.0,0.0,2.028,0.0,336633.6763,0.0,9152.4237,0.0,0
sz159915-H1_weekly_binary_hysteresis-fee0.001,2025-01-28,336633.6763,0.0,0.0,2.028,0.0,336633.6763,0.0,9152.4237,0.0,1
sz159915-H1_weekly_binary_hysteresis-fee0.001,2025-01-29,336633.6763,0.0,0.0,2.028,0.0,336633.6763,0.0,9152.4237,0.0,2
sz159915-H1_weekly_binary_hysteresis-fee0.001,2025-01-30,336633.6763,0.0,0.0,2.028,0.0,336633.6763,0.0,9152.4237,0.0,3
sz159915-H1_weekly_binary_hysteresis-fee0.001,2025-01-31,336633.6763,0.0,0.0,2.028,0.0,336633.6763,0.0,9152.4237,0.0,4
sz159915-H1_weekly_binary_hysteresis-fee0.001,2025-02-01,336633.6763,0.0,0.0,2.028,0.0,336633.6763,0.0,9152.4237,0.0,5
sz159915-H1_weekly_binary_hysteresis-fee0.001,2025-02-02,336633.6763,0.0,0.0,2.028,0.0,336633.6763,0.0,9152.4237,0.0,6
sz159915-H1_weekly_binary_hysteresis-fee0.001,2025-02-03,336633.6763,0.0,0.0,2.028,0.0,336633.6763,0.0,9152.4237,0.0,7
sz159915-H1_weekly_binary_hysteresis-fee0.001,2025-02-04,336633.6763,0.0,0.0,2.028,0.0,336633.6763,0.0,9152.4237,0.0,8
sz159915-H1_weekly_binary_hysteresis-fee0.001,2025-02-05,336633.6763,0.0,0.0,2.024,0.0,336633.6763,0.0,9152.4237,0.0,0
sz159915-H1_weekly_binary_hysteresis-fee0.001,2025-02-06,336633.6763,0.0,0.0,2.08,0.0,336633.6763,0.0,9152.4237,0.0,0
sz159915-H1_weekly_binary_hysteresis-fee0.001,2025-02-07,336633.6763,0.0,0.0,2.131,0.0,336633.6763,0.0,9152.4237,0.0,0
sz159915-H1_weekly_binary_hysteresis-fee0.001,2025-02-08,336633.6763,0.0,0.0,2.131,0.0,336633.6763,0.0,9152.4237,0.0,1
sz159915-H1_weekly_binary_hysteresis-fee0.001,2025-02-09,336633.6763,0.0,0.0,2.131,0.0,336633.6763,0.0,9152.4237,0.0,2
sz159915-H1_weekly_binary_hysteresis-fee0.001,2025-02-10,336633.6763,0.0,0.0,2.142,0.0,336633.6763,0.0,9152.4237,0.0,0
sz159915-H1_weekly_binary_hysteresis-fee0.001,2025-02-11,336633.6763,0.0,0.0,2.113,0.0,336633.6763,0.0,9152.4237,0.0,0
sz159915-H1_weekly_binary_hysteresis-fee0.001,2025-02-12,336633.6763,0.0,0.0,2.15,0.0,336633.6763,0.0,9152.4237,0.0,0
sz159915-H1_weekly_binary_hysteresis-fee0.001,2025-02-13,336633.6763,0.0,0.0,2.135,0.0,336633.6763,0.0,9152.4237,0.0,0
sz159915-H1_weekly_binary_hysteresis-fee0.001,2025-02-14,336633.6763,0.0,0.0,2.174,0.0,336633.6763,0.0,9152.4237,0.0,0
sz159915-H1_weekly_binary_hysteresis-fee0.001,2025-02-15,336633.6763,0.0,0.0,2.174,0.0,336633.6763,0.0,9152.4237,0.0,1
sz159915-H1_weekly_binary_hysteresis-fee0.001,2025-02-16,336633.6763,0.0,0.0,2.174,0.0,336633.6763,0.0,9152.4237,0.0,2
sz159915-H1_weekly_binary_hysteresis-fee0.001,2025-02-17,336633.6763,0.0,0.0,2.182,0.0,336633.6763,0.0,9152.4237,0.0,0
sz159915-H1_weekly_binary_hysteresis-fee0.001,2025-02-18,336633.6763,0.0,0.0,2.14,0.0,336633.6763,0.0,9152.4237,0.0,0
sz159915-H1_weekly_binary_hysteresis-fee0.001,2025-02-19,336633.6763,0.0,0.0,2.185,0.0,336633.6763,0.0,9152.4237,0.0,0
sz159915-H1_weekly_binary_hysteresis-fee0.001,2025-02-20,336633.6763,0.0,0.0,2.184,0.0,336633.6763,0.0,9152.4237,0.0,0
sz159915-H1_weekly_binary_hysteresis-fee0.001,2025-02-21,336633.6763,0.0,0.0,2.239,0.0,336633.6763,0.0,9152.4237,0.0,0
sz159915-H1_weekly_binary_hysteresis-fee0.001,2025-02-22,336633.6763,0.0,0.0,2.239,0.0,336633.6763,0.0,9152.4237,0.0,1
sz159915-H1_weekly_binary_hysteresis-fee0.001,2025-02-23,336633.6763,0.0,0.0,2.239,0.0,336633.6763,0.0,9152.4237,0.0,2
sz159915-H1_weekly_binary_hysteresis-fee0.001,2025-02-24,336633.6763,0.0,0.0,2.221,0.0,336633.6763,0.0,9152.4237,0.0,0
sz159915-H1_weekly_binary_hysteresis-fee0.001,2025-02-25,336633.6763,0.0,0.0,2.197,0.0,336633.6763,0.0,9152.4237,0.0,0
sz159915-H1_weekly_binary_hysteresis-fee0.001,2025-02-26,336633.6763,0.0,0.0,2.223,0.0,336633.6763,0.0,9152.4237,0.0,0
sz159915-H1_weekly_binary_hysteresis-fee0.001,2025-02-27,336633.6763,0.0,0.0,2.212,0.0,336633.6763,0.0,9152.4237,0.0,0
sz159915-H1_weekly_binary_hysteresis-fee0.001,2025-02-28,336633.6763,0.0,0.0,2.128,0.0,336633.6763,0.0,9152.4237,0.0,0
sz159915-H1_weekly_binary_hysteresis-fee0.001,2025-03-01,336633.6763,0.0,0.0,2.128,0.0,336633.6763,0.0,9152.4237,0.0,1
sz159915-H1_weekly_binary_hysteresis-fee0.001,2025-03-02,336633.6763,0.0,0.0,2.128,0.0,336633.6763,0.0,9152.4237,0.0,2
sz159915-H1_weekly_binary_hysteresis-fee0.001,2025-03-03,336633.6763,0.0,0.0,2.154,0.0,336633.6763,0.0,9152.4237,0.0,0
sz159915-H1_weekly_binary_hysteresis-fee0.001,2025-03-04,336633.6763,0.0,0.0,2.149,0.0,336633.6763,0.0,9152.4237,0.0,0
sz159915-H1_weekly_binary_hysteresis-fee0.001,2025-03-05,336633.6763,0.0,0.0,2.149,0.0,336633.6763,0.0,9152.4237,0.0,0
sz159915-H1_weekly_binary_hysteresis-fee0.001,2025-03-06,336633.6763,0.0,0.0,2.191,0.0,336633.6763,0.0,9152.4237,0.0,0
sz159915-H1_weekly_binary_hysteresis-fee0.001,2025-03-07,336633.6763,0.0,0.0,2.16,0.0,336633.6763,0.0,9152.4237,0.0,0
sz159915-H1_weekly_binary_hysteresis-fee0.001,2025-03-08,336633.6763,0.0,0.0,2.16,0.0,336633.6763,0.0,9152.4237,0.0,1
sz159915-H1_weekly_binary_hysteresis-fee0.001,2025-03-09,336633.6763,0.0,0.0,2.16,0.0,336633.6763,0.0,9152.4237,0.0,2
sz159915-H1_weekly_binary_hysteresis-fee0.001,2025-03-10,336633.6763,0.0,0.0,2.159,0.0,336633.6763,0.0,9152.4237,0.0,0
sz159915-H1_weekly_binary_hysteresis-fee0.001,2025-03-11,336633.6763,0.0,0.0,2.159,0.0,336633.6763,0.0,9152.4237,0.0,0
sz159915-H1_weekly_binary_hysteresis-fee0.001,2025-03-12,336633.6763,0.0,0.0,2.149,0.0,336633.6763,0.0,9152.4237,0.0,0
sz159915-H1_weekly_binary_hysteresis-fee0.001,2025-03-13,336633.6763,0.0,0.0,2.125,0.0,336633.6763,0.0,9152.4237,0.0,0
sz159915-H1_weekly_binary_hysteresis-fee0.001,2025-03-14,336633.6763,0.0,0.0,2.186,0.0,336633.6763,0.0,9152.4237,0.0,0
sz159915-H1_weekly_binary_hysteresis-fee0.001,2025-03-15,336633.6763,0.0,0.0,2.186,0.0,336633.6763,0.0,9152.4237,0.0,1
sz159915-H1_weekly_binary_hysteresis-fee0.001,2025-03-16,336633.6763,0.0,0.0,2.186,0.0,336633.6763,0.0,9152.4237,0.0,2
sz159915-H1_weekly_binary_hysteresis-fee0.001,2025-03-17,336633.6763,0.0,0.0,2.173,0.0,336633.6763,0.0,9152.4237,0.0,0
sz159915-H1_weekly_binary_hysteresis-fee0.001,2025-03-18,336633.6763,0.0,0.0,2.185,0.0,336633.6763,0.0,9152.4237,0.0,0
sz159915-H1_weekly_binary_hysteresis-fee0.001,2025-03-19,336633.6763,0.0,0.0,2.178,0.0,336633.6763,0.0,9152.4237,0.0,0
sz159915-H1_weekly_binary_hysteresis-fee0.001,2025-03-20,336633.6763,0.0,0.0,2.158,0.0,336633.6763,0.0,9152.4237,0.0,0
sz159915-H1_weekly_binary_hysteresis-fee0.001,2025-03-21,336633.6763,0.0,0.0,2.112,0.0,336633.6763,0.0,9152.4237,0.0,0
sz159915-H1_weekly_binary_hysteresis-fee0.001,2025-03-22,336633.6763,0.0,0.0,2.112,0.0,336633.6763,0.0,9152.4237,0.0,1
sz159915-H1_weekly_binary_hysteresis-fee0.001,2025-03-23,336633.6763,0.0,0.0,2.112,0.0,336633.6763,0.0,9152.4237,0.0,2
sz159915-H1_weekly_binary_hysteresis-fee0.001,2025-03-24,336633.6763,0.0,0.0,2.112,0.0,336633.6763,0.0,9152.4237,0.0,0
sz159915-H1_weekly_binary_hysteresis-fee0.001,2025-03-25,336633.6763,0.0,0.0,2.105,0.0,336633.6763,0.0,9152.4237,0.0,0
sz159915-H1_weekly_binary_hysteresis-fee0.001,2025-03-26,336633.6763,0.0,0.0,2.098,0.0,336633.6763,0.0,9152.4237,0.0,0
sz159915-H1_weekly_binary_hysteresis-fee0.001,2025-03-27,336633.6763,0.0,0.0,2.103,0.0,336633.6763,0.0,9152.4237,0.0,0
sz159915-H1_weekly_binary_hysteresis-fee0.001,2025-03-28,336633.6763,0.0,0.0,2.089,0.0,336633.6763,0.0,9152.4237,0.0,0
sz159915-H1_weekly_binary_hysteresis-fee0.001,2025-03-29,336633.6763,0.0,0.0,2.089,0.0,336633.6763,0.0,9152.4237,0.0,1
sz159915-H1_weekly_binary_hysteresis-fee0.001,2025-03-30,336633.6763,0.0,0.0,2.089,0.0,336633.6763,0.0,9152.4237,0.0,2
sz159915-H1_weekly_binary_hysteresis-fee0.001,2025-03-31,336633.6763,0.0,0.0,2.064,0.0,336633.6763,0.0,9152.4237,0.0,0
sz159915-H1_weekly_binary_hysteresis-fee0.001,2025-04-01,336633.6763,0.0,0.0,2.062,0.0,336633.6763,0.0,9152.4237,0.0,0
sz159915-H1_weekly_binary_hysteresis-fee0.001,2025-04-02,336633.6763,0.0,0.0,2.064,0.0,336633.6763,0.0,9152.4237,0.0,0
sz159915-H1_weekly_binary_hysteresis-fee0.001,2025-04-03,336633.6763,0.0,0.0,2.027,0.0,336633.6763,0.0,9152.4237,0.0,0
sz159915-H1_weekly_binary_hysteresis-fee0.001,2025-04-04,336633.6763,0.0,0.0,2.027,0.0,336633.6763,0.0,9152.4237,0.0,1
sz159915-H1_weekly_binary_hysteresis-fee0.001,2025-04-05,336633.6763,0.0,0.0,2.027,0.0,336633.6763,0.0,9152.4237,0.0,2
sz159915-H1_weekly_binary_hysteresis-fee0.001,2025-04-06,336633.6763,0.0,0.0,2.027,0.0,336633.6763,0.0,9152.4237,0.0,3
sz159915-H1_weekly_binary_hysteresis-fee0.001,2025-04-07,336633.6763,0.0,0.0,1.775,0.0,336633.6763,0.0,9152.4237,0.0,0
sz159915-H1_weekly_binary_hysteresis-fee0.001,2025-04-08,336633.6763,0.0,0.0,1.804,0.0,336633.6763,0.0,9152.4237,0.0,0
sz159915-H1_weekly_binary_hysteresis-fee0.001,2025-04-09,336633.6763,0.0,0.0,1.823,0.0,336633.6763,0.0,9152.4237,0.0,0
sz159915-H1_weekly_binary_hysteresis-fee0.001,2025-04-10,336633.6763,0.0,0.0,1.863,0.0,336633.6763,0.0,9152.4237,0.0,0
sz159915-H1_weekly_binary_hysteresis-fee0.001,2025-04-11,336633.6763,0.0,0.0,1.892,0.0,336633.6763,0.0,9152.4237,0.0,0
sz159915-H1_weekly_binary_hysteresis-fee0.001,2025-04-12,336633.6763,0.0,0.0,1.892,0.0,336633.6763,0.0,9152.4237,0.0,1
sz159915-H1_weekly_binary_hysteresis-fee0.001,2025-04-13,336633.6763,0.0,0.0,1.892,0.0,336633.6763,0.0,9152.4237,0.0,2
sz159915-H1_weekly_binary_hysteresis-fee0.001,2025-04-14,336633.6763,0.0,0.0,1.895,0.0,336633.6763,0.0,9152.4237,0.0,0
sz159915-H1_weekly_binary_hysteresis-fee0.001,2025-04-15,336633.6763,0.0,0.0,1.893,0.0,336633.6763,0.0,9152.4237,0.0,0
sz159915-H1_weekly_binary_hysteresis-fee0.001,2025-04-16,336633.6763,0.0,0.0,1.87,0.0,336633.6763,0.0,9152.4237,0.0,0
sz159915-H1_weekly_binary_hysteresis-fee0.001,2025-04-17,336633.6763,0.0,0.0,1.873,0.0,336633.6763,0.0,9152.4237,0.0,0
sz159915-H1_weekly_binary_hysteresis-fee0.001,2025-04-18,336633.6763,0.0,0.0,1.878,0.0,336633.6763,0.0,9152.4237,0.0,0
sz159915-H1_weekly_binary_hysteresis-fee0.001,2025-04-19,336633.6763,0.0,0.0,1.878,0.0,336633.6763,0.0,9152.4237,0.0,1
sz159915-H1_weekly_binary_hysteresis-fee0.001,2025-04-20,336633.6763,0.0,0.0,1.878,0.0,336633.6763,0.0,9152.4237,0.0,2
sz159915-H1_weekly_binary_hysteresis-fee0.001,2025-04-21,336633.6763,0.0,0.0,1.908,0.0,336633.6763,0.0,9152.4237,0.0,0
sz159915-H1_weekly_binary_hysteresis-fee0.001,2025-04-22,336633.6763,0.0,0.0,1.899,0.0,336633.6763,0.0,9152.4237,0.0,0
sz159915-H1_weekly_binary_hysteresis-fee0.001,2025-04-23,336633.6763,0.0,0.0,1.919,0.0,336633.6763,0.0,9152.4237,0.0,0
sz159915-H1_weekly_binary_hysteresis-fee0.001,2025-04-24,336633.6763,0.0,0.0,1.907,0.0,336633.6763,0.0,9152.4237,0.0,0
sz159915-H1_weekly_binary_hysteresis-fee0.001,2025-04-25,336633.6763,0.0,0.0,1.92,0.0,336633.6763,0.0,9152.4237,0.0,0
sz159915-H1_weekly_binary_hysteresis-fee0.001,2025-04-26,336633.6763,0.0,0.0,1.92,0.0,336633.6763,0.0,9152.4237,0.0,1
sz159915-H1_weekly_binary_hysteresis-fee0.001,2025-04-27,336633.6763,0.0,0.0,1.92,0.0,336633.6763,0.0,9152.4237,0.0,2
sz159915-H1_weekly_binary_hysteresis-fee0.001,2025-04-28,336633.6763,0.0,0.0,1.906,0.0,336633.6763,0.0,9152.4237,0.0,0
sz159915-H1_weekly_binary_hysteresis-fee0.001,2025-04-29,336633.6763,0.0,0.0,1.903,0.0,336633.6763,0.0,9152.4237,0.0,0
sz159915-H1_weekly_binary_hysteresis-fee0.001,2025-04-30,336633.6763,0.0,0.0,1.921,0.0,336633.6763,0.0,9152.4237,0.0,0
sz159915-H1_weekly_binary_hysteresis-fee0.001,2025-05-01,336633.6763,0.0,0.0,1.921,0.0,336633.6763,0.0,9152.4237,0.0,1
sz159915-H1_weekly_binary_hysteresis-fee0.001,2025-05-02,336633.6763,0.0,0.0,1.921,0.0,336633.6763,0.0,9152.4237,0.0,2
sz159915-H1_weekly_binary_hysteresis-fee0.001,2025-05-03,336633.6763,0.0,0.0,1.921,0.0,336633.6763,0.0,9152.4237,0.0,3
sz159915-H1_weekly_binary_hysteresis-fee0.001,2025-05-04,336633.6763,0.0,0.0,1.921,0.0,336633.6763,0.0,9152.4237,0.0,4
sz159915-H1_weekly_binary_hysteresis-fee0.001,2025-05-05,336633.6763,0.0,0.0,1.921,0.0,336633.6763,0.0,9152.4237,0.0,5
sz159915-H1_weekly_binary_hysteresis-fee0.001,2025-05-06,336633.6763,0.0,0.0,1.958,0.0,336633.6763,0.0,9152.4237,0.0,0
sz159915-H1_weekly_binary_hysteresis-fee0.001,2025-05-07,336633.6763,0.0,0.0,1.967,0.0,336633.6763,0.0,9152.4237,0.0,0
sz159915-H1_weekly_binary_hysteresis-fee0.001,2025-05-08,336633.6763,0.0,0.0,2.001,0.0,336633.6763,0.0,9152.4237,0.0,0
sz159915-H1_weekly_binary_hysteresis-fee0.001,2025-05-09,336633.6763,0.0,0.0,1.984,0.0,336633.6763,0.0,9152.4237,0.0,0
sz159915-H1_weekly_binary_hysteresis-fee0.001,2025-05-10,336633.6763,0.0,0.0,1.984,0.0,336633.6763,0.0,9152.4237,0.0,1
sz159915-H1_weekly_binary_hysteresis-fee0.001,2025-05-11,336633.6763,0.0,0.0,1.984,0.0,336633.6763,0.0,9152.4237,0.0,2
sz159915-H1_weekly_binary_hysteresis-fee0.001,2025-05-12,336633.6763,0.0,0.0,2.037,0.0,336633.6763,0.0,9152.4237,0.0,0
sz159915-H1_weekly_binary_hysteresis-fee0.001,2025-05-13,336633.6763,0.0,0.0,2.03,0.0,336633.6763,0.0,9152.4237,0.0,0
sz159915-H1_weekly_binary_hysteresis-fee0.001,2025-05-14,336633.6763,0.0,0.0,2.054,0.0,336633.6763,0.0,9152.4237,0.0,0
sz159915-H1_weekly_binary_hysteresis-fee0.001,2025-05-15,336633.6763,0.0,0.0,2.012,0.0,336633.6763,0.0,9152.4237,0.0,0
sz159915-H1_weekly_binary_hysteresis-fee0.001,2025-05-16,336633.6763,0.0,0.0,2.008,0.0,336633.6763,0.0,9152.4237,0.0,0
sz159915-H1_weekly_binary_hysteresis-fee0.001,2025-05-17,336633.6763,0.0,0.0,2.008,0.0,336633.6763,0.0,9152.4237,0.0,1
sz159915-H1_weekly_binary_hysteresis-fee0.001,2025-05-18,336633.6763,0.0,0.0,2.008,0.0,336633.6763,0.0,9152.4237,0.0,2
sz159915-H1_weekly_binary_hysteresis-fee0.001,2025-05-19,336633.6763,0.0,0.0,2.002,0.0,336633.6763,0.0,9152.4237,0.0,0
sz159915-H1_weekly_binary_hysteresis-fee0.001,2025-05-20,336633.6763,0.0,0.0,2.018,0.0,336633.6763,0.0,9152.4237,0.0,0
sz159915-H1_weekly_binary_hysteresis-fee0.001,2025-05-21,336633.6763,0.0,0.0,2.034,0.0,336633.6763,0.0,9152.4237,0.0,0
sz159915-H1_weekly_binary_hysteresis-fee0.001,2025-05-22,336633.6763,0.0,0.0,2.016,0.0,336633.6763,0.0,9152.4237,0.0,0
sz159915-H1_weekly_binary_hysteresis-fee0.001,2025-05-23,336633.6763,0.0,0.0,1.994,0.0,336633.6763,0.0,9152.4237,0.0,0
sz159915-H1_weekly_binary_hysteresis-fee0.001,2025-05-24,336633.6763,0.0,0.0,1.994,0.0,336633.6763,0.0,9152.4237,0.0,1
sz159915-H1_weekly_binary_hysteresis-fee0.001,2025-05-25,336633.6763,0.0,0.0,1.994,0.0,336633.6763,0.0,9152.4237,0.0,2
sz159915-H1_weekly_binary_hysteresis-fee0.001,2025-05-26,336633.6763,0.0,0.0,1.977,0.0,336633.6763,0.0,9152.4237,0.0,0
sz159915-H1_weekly_binary_hysteresis-fee0.001,2025-05-27,336633.6763,0.0,0.0,1.967,0.0,336633.6763,0.0,9152.4237,0.0,0
sz159915-H1_weekly_binary_hysteresis-fee0.001,2025-05-28,336633.6763,0.0,0.0,1.959,0.0,336633.6763,0.0,9152.4237,0.0,0
sz159915-H1_weekly_binary_hysteresis-fee0.001,2025-05-29,336633.6763,0.0,0.0,1.989,0.0,336633.6763,0.0,9152.4237,0.0,0
sz159915-H1_weekly_binary_hysteresis-fee0.001,2025-05-30,336633.6763,0.0,0.0,1.972,0.0,336633.6763,0.0,9152.4237,0.0,0
sz159915-H1_weekly_binary_hysteresis-fee0.001,2025-05-31,336633.6763,0.0,0.0,1.972,0.0,336633.6763,0.0,9152.4237,0.0,1
sz159915-H1_weekly_binary_hysteresis-fee0.001,2025-06-01,336633.6763,0.0,0.0,1.972,0.0,336633.6763,0.0,9152.4237,0.0,2
sz159915-H1_weekly_binary_hysteresis-fee0.001,2025-06-02,336633.6763,0.0,0.0,1.972,0.0,336633.6763,0.0,9152.4237,0.0,3
sz159915-H1_weekly_binary_hysteresis-fee0.001,2025-06-03,336633.6763,0.0,0.0,1.977,0.0,336633.6763,0.0,9152.4237,0.0,0
sz159915-H1_weekly_binary_hysteresis-fee0.001,2025-06-04,336633.6763,0.0,0.0,2.0,0.0,336633.6763,0.0,9152.4237,0.0,0
sz159915-H1_weekly_binary_hysteresis-fee0.001,2025-06-05,336633.6763,0.0,0.0,2.023,0.0,336633.6763,0.0,9152.4237,0.0,0
sz159915-H1_weekly_binary_hysteresis-fee0.001,2025-06-06,336633.6763,0.0,0.0,2.017,0.0,336633.6763,0.0,9152.4237,0.0,0
sz159915-H1_weekly_binary_hysteresis-fee0.001,2025-06-07,336633.6763,0.0,0.0,2.017,0.0,336633.6763,0.0,9152.4237,0.0,1
sz159915-H1_weekly_binary_hysteresis-fee0.001,2025-06-08,336633.6763,0.0,0.0,2.017,0.0,336633.6763,0.0,9152.4237,0.0,2
sz159915-H1_weekly_binary_hysteresis-fee0.001,2025-06-09,336633.6763,0.0,0.0,2.034,0.0,336633.6763,0.0,9152.4237,0.0,0
sz159915-H1_weekly_binary_hysteresis-fee0.001,2025-06-10,336633.6763,0.0,0.0,2.012,0.0,336633.6763,0.0,9152.4237,0.0,0
sz159915-H1_weekly_binary_hysteresis-fee0.001,2025-06-11,336633.6763,0.0,0.0,2.038,0.0,336633.6763,0.0,9152.4237,0.0,0
sz159915-H1_weekly_binary_hysteresis-fee0.001,2025-06-12,336633.6763,0.0,0.0,2.04,0.0,336633.6763,0.0,9152.4237,0.0,0
sz159915-H1_weekly_binary_hysteresis-fee0.001,2025-06-13,336633.6763,0.0,0.0,2.02,0.0,336633.6763,0.0,9152.4237,0.0,0
sz159915-H1_weekly_binary_hysteresis-fee0.001,2025-06-14,336633.6763,0.0,0.0,2.02,0.0,336633.6763,0.0,9152.4237,0.0,1
sz159915-H1_weekly_binary_hysteresis-fee0.001,2025-06-15,336633.6763,0.0,0.0,2.02,0.0,336633.6763,0.0,9152.4237,0.0,2
sz159915-H1_weekly_binary_hysteresis-fee0.001,2025-06-16,336633.6763,0.0,0.0,2.037,0.0,336633.6763,0.0,9152.4237,0.0,0
sz159915-H1_weekly_binary_hysteresis-fee0.001,2025-06-17,336633.6763,0.0,0.0,2.028,0.0,336633.6763,0.0,9152.4237,0.0,0
sz159915-H1_weekly_binary_hysteresis-fee0.001,2025-06-18,336633.6763,0.0,0.0,2.034,0.0,336633.6763,0.0,9152.4237,0.0,0
sz159915-H1_weekly_binary_hysteresis-fee0.001,2025-06-19,336633.6763,0.0,0.0,2.005,0.0,336633.6763,0.0,9152.4237,0.0,0
sz159915-H1_weekly_binary_hysteresis-fee0.001,2025-06-20,336633.6763,0.0,0.0,1.988,0.0,336633.6763,0.0,9152.4237,0.0,0
sz159915-H1_weekly_binary_hysteresis-fee0.001,2025-06-21,336633.6763,0.0,0.0,1.988,0.0,336633.6763,0.0,9152.4237,0.0,1
sz159915-H1_weekly_binary_hysteresis-fee0.001,2025-06-22,336633.6763,0.0,0.0,1.988,0.0,336633.6763,0.0,9152.4237,0.0,2
sz159915-H1_weekly_binary_hysteresis-fee0.001,2025-06-23,336633.6763,0.0,0.0,1.998,0.0,336633.6763,0.0,9152.4237,0.0,0
sz159915-H1_weekly_binary_hysteresis-fee0.001,2025-06-24,336633.6763,0.0,0.0,2.044,0.0,336633.6763,0.0,9152.4237,0.0,0
sz159915-H1_weekly_binary_hysteresis-fee0.001,2025-06-25,336633.6763,0.0,0.0,2.109,0.0,336633.6763,0.0,9152.4237,0.0,0
sz159915-H1_weekly_binary_hysteresis-fee0.001,2025-06-26,336633.6763,0.0,0.0,2.093,0.0,336633.6763,0.0,9152.4237,0.0,0
sz159915-H1_weekly_binary_hysteresis-fee0.001,2025-06-27,336633.6763,0.0,0.0,2.101,0.0,336633.6763,0.0,9152.4237,0.0,0
sz159915-H1_weekly_binary_hysteresis-fee0.001,2025-06-28,336633.6763,0.0,0.0,2.101,0.0,336633.6763,0.0,9152.4237,0.0,1
sz159915-H1_weekly_binary_hysteresis-fee0.001,2025-06-29,336633.6763,0.0,0.0,2.101,0.0,336633.6763,0.0,9152.4237,0.0,2
sz159915-H1_weekly_binary_hysteresis-fee0.001,2025-06-30,336633.6763,0.0,0.0,2.133,0.0,336633.6763,0.0,9152.4237,0.0,0
sz159915-H1_weekly_binary_hysteresis-fee0.001,2025-07-01,336633.6763,0.0,0.0,2.126,0.0,336633.6763,0.0,9152.4237,0.0,0
sz159915-H1_weekly_binary_hysteresis-fee0.001,2025-07-02,336633.6763,0.0,0.0,2.104,0.0,336633.6763,0.0,9152.4237,0.0,0
sz159915-H1_weekly_binary_hysteresis-fee0.001,2025-07-03,336633.6763,0.0,0.0,2.141,0.0,336633.6763,0.0,9152.4237,0.0,0
sz159915-H1_weekly_binary_hysteresis-fee0.001,2025-07-04,336633.6763,0.0,0.0,2.133,0.0,336633.6763,0.0,9152.4237,0.0,0
sz159915-H1_weekly_binary_hysteresis-fee0.001,2025-07-05,336633.6763,0.0,0.0,2.133,0.0,336633.6763,0.0,9152.4237,0.0,1
sz159915-H1_weekly_binary_hysteresis-fee0.001,2025-07-06,336633.6763,0.0,0.0,2.133,0.0,336633.6763,0.0,9152.4237,0.0,2
sz159915-H1_weekly_binary_hysteresis-fee0.001,2025-07-07,336633.6763,0.0,0.0,2.11,0.0,336633.6763,0.0,9152.4237,0.0,0
sz159915-H1_weekly_binary_hysteresis-fee0.001,2025-07-08,336633.6763,0.0,0.0,2.159,0.0,336633.6763,0.0,9152.4237,0.0,0
sz159915-H1_weekly_binary_hysteresis-fee0.001,2025-07-09,336633.6763,0.0,0.0,2.163,0.0,336633.6763,0.0,9152.4237,0.0,0
sz159915-H1_weekly_binary_hysteresis-fee0.001,2025-07-10,336633.6763,0.0,0.0,2.169,0.0,336633.6763,0.0,9152.4237,0.0,0
sz159915-H1_weekly_binary_hysteresis-fee0.001,2025-07-11,336633.6763,0.0,0.0,2.185,0.0,336633.6763,0.0,9152.4237,0.0,0
sz159915-H1_weekly_binary_hysteresis-fee0.001,2025-07-12,336633.6763,0.0,0.0,2.185,0.0,336633.6763,0.0,9152.4237,0.0,1
sz159915-H1_weekly_binary_hysteresis-fee0.001,2025-07-13,336633.6763,0.0,0.0,2.185,0.0,336633.6763,0.0,9152.4237,0.0,2
sz159915-H1_weekly_binary_hysteresis-fee0.001,2025-07-14,336633.6763,0.0,0.0,2.177,0.0,336633.6763,0.0,9152.4237,0.0,0
sz159915-H1_weekly_binary_hysteresis-fee0.001,2025-07-15,336633.6763,0.0,0.0,2.212,0.0,336633.6763,0.0,9152.4237,0.0,0
sz159915-H1_weekly_binary_hysteresis-fee0.001,2025-07-16,336633.6763,0.0,0.0,2.206,0.0,336633.6763,0.0,9152.4237,0.0,0
sz159915-H1_weekly_binary_hysteresis-fee0.001,2025-07-17,336633.6763,0.0,0.0,2.247,0.0,336633.6763,0.0,9152.4237,0.0,0
sz159915-H1_weekly_binary_hysteresis-fee0.001,2025-07-18,336633.6763,0.0,0.0,2.252,0.0,336633.6763,0.0,9152.4237,0.0,0
sz159915-H1_weekly_binary_hysteresis-fee0.001,2025-07-19,336633.6763,0.0,0.0,2.252,0.0,336633.6763,0.0,9152.4237,0.0,1
sz159915-H1_weekly_binary_hysteresis-fee0.001,2025-07-20,336633.6763,0.0,0.0,2.252,0.0,336633.6763,0.0,9152.4237,0.0,2
sz159915-H1_weekly_binary_hysteresis-fee0.001,2025-07-21,336633.6763,0.0,0.0,2.275,0.0,336633.6763,0.0,9152.4237,0.0,0
sz159915-H1_weekly_binary_hysteresis-fee0.001,2025-07-22,336633.6763,0.0,0.0,2.289,0.0,336633.6763,0.0,9152.4237,0.0,0
sz159915-H1_weekly_binary_hysteresis-fee0.001,2025-07-23,336633.6763,0.0,0.0,2.287,0.0,336633.6763,0.0,9152.4237,0.0,0
sz159915-H1_weekly_binary_hysteresis-fee0.001,2025-07-24,336633.6763,0.0,0.0,2.325,0.0,336633.6763,0.0,9152.4237,0.0,0
sz159915-H1_weekly_binary_hysteresis-fee0.001,2025-07-25,336633.6763,0.0,0.0,2.318,0.0,336633.6763,0.0,9152.4237,0.0,0
sz159915-H1_weekly_binary_hysteresis-fee0.001,2025-07-26,336633.6763,0.0,0.0,2.318,0.0,336633.6763,0.0,9152.4237,0.0,1
sz159915-H1_weekly_binary_hysteresis-fee0.001,2025-07-27,336633.6763,0.0,0.0,2.318,0.0,336633.6763,0.0,9152.4237,0.0,2
sz159915-H1_weekly_binary_hysteresis-fee0.001,2025-07-28,336633.6763,0.0,0.0,2.342,0.0,336633.6763,0.0,9152.4237,0.0,0
sz159915-H1_weekly_binary_hysteresis-fee0.001,2025-07-29,336633.6763,0.0,0.0,2.383,0.0,336633.6763,0.0,9152.4237,0.0,0
sz159915-H1_weekly_binary_hysteresis-fee0.001,2025-07-30,336633.6763,0.0,0.0,2.345,0.0,336633.6763,0.0,9152.4237,0.0,0
sz159915-H1_weekly_binary_hysteresis-fee0.001,2025-07-31,336633.6763,0.0,0.0,2.301,0.0,336633.6763,0.0,9152.4237,0.0,0
sz159915-H1_weekly_binary_hysteresis-fee0.001,2025-08-01,336633.6763,0.0,0.0,2.303,0.0,336633.6763,0.0,9152.4237,0.0,0
sz159915-H1_weekly_binary_hysteresis-fee0.001,2025-08-02,336633.6763,0.0,0.0,2.303,0.0,336633.6763,0.0,9152.4237,0.0,1
sz159915-H1_weekly_binary_hysteresis-fee0.001,2025-08-03,336633.6763,0.0,0.0,2.303,0.0,336633.6763,0.0,9152.4237,0.0,2
sz159915-H1_weekly_binary_hysteresis-fee0.001,2025-08-04,336633.6763,0.0,0.0,2.313,0.0,336633.6763,0.0,9152.4237,0.0,0
sz159915-H1_weekly_binary_hysteresis-fee0.001,2025-08-05,336633.6763,0.0,0.0,2.32,0.0,336633.6763,0.0,9152.4237,0.0,0
sz159915-H1_weekly_binary_hysteresis-fee0.001,2025-08-06,336633.6763,0.0,0.0,2.336,0.0,336633.6763,0.0,9152.4237,0.0,0
sz159915-H1_weekly_binary_hysteresis-fee0.001,2025-08-07,336633.6763,0.0,0.0,2.32,0.0,336633.6763,0.0,9152.4237,0.0,0
sz159915-H1_weekly_binary_hysteresis-fee0.001,2025-08-08,336633.6763,0.0,0.0,2.312,0.0,336633.6763,0.0,9152.4237,0.0,0
sz159915-H1_weekly_binary_hysteresis-fee0.001,2025-08-09,336633.6763,0.0,0.0,2.312,0.0,336633.6763,0.0,9152.4237,0.0,1
sz159915-H1_weekly_binary_hysteresis-fee0.001,2025-08-10,336633.6763,0.0,0.0,2.312,0.0,336633.6763,0.0,9152.4237,0.0,2
sz159915-H1_weekly_binary_hysteresis-fee0.001,2025-08-11,336633.6763,0.0,0.0,2.357,0.0,336633.6763,0.0,9152.4237,0.0,0
sz159915-H1_weekly_binary_hysteresis-fee0.001,2025-08-12,336633.6763,0.0,0.0,2.385,0.0,336633.6763,0.0,9152.4237,0.0,0
sz159915-H1_weekly_binary_hysteresis-fee0.001,2025-08-13,336633.6763,0.0,0.0,2.473,0.0,336633.6763,0.0,9152.4237,0.0,0
sz159915-H1_weekly_binary_hysteresis-fee0.001,2025-08-14,336633.6763,0.0,0.0,2.446,0.0,336633.6763,0.0,9152.4237,0.0,0
sz159915-H1_weekly_binary_hysteresis-fee0.001,2025-08-15,336633.6763,0.0,0.0,2.509,0.0,336633.6763,0.0,9152.4237,0.0,0
sz159915-H1_weekly_binary_hysteresis-fee0.001,2025-08-16,336633.6763,0.0,0.0,2.509,0.0,336633.6763,0.0,9152.4237,0.0,1
sz159915-H1_weekly_binary_hysteresis-fee0.001,2025-08-17,336633.6763,0.0,0.0,2.509,0.0,336633.6763,0.0,9152.4237,0.0,2
sz159915-H1_weekly_binary_hysteresis-fee0.001,2025-08-18,336633.6763,0.0,0.0,2.582,0.0,336633.6763,0.0,9152.4237,0.0,0
sz159915-H1_weekly_binary_hysteresis-fee0.001,2025-08-19,336633.6763,0.0,0.0,2.575,0.0,336633.6763,0.0,9152.4237,0.0,0
sz159915-H1_weekly_binary_hysteresis-fee0.001,2025-08-20,336633.6763,0.0,0.0,2.588,0.0,336633.6763,0.0,9152.4237,0.0,0
sz159915-H1_weekly_binary_hysteresis-fee0.001,2025-08-21,336633.6763,0.0,0.0,2.572,0.0,336633.6763,0.0,9152.4237,0.0,0
sz159915-H1_weekly_binary_hysteresis-fee0.001,2025-08-22,336633.6763,0.0,0.0,2.662,0.0,336633.6763,0.0,9152.4237,0.0,0
sz159915-H1_weekly_binary_hysteresis-fee0.001,2025-08-23,336633.6763,0.0,0.0,2.662,0.0,336633.6763,0.0,9152.4237,0.0,1
sz159915-H1_weekly_binary_hysteresis-fee0.001,2025-08-24,336633.6763,0.0,0.0,2.662,0.0,336633.6763,0.0,9152.4237,0.0,2
sz159915-H1_weekly_binary_hysteresis-fee0.001,2025-08-25,336633.6763,0.0,0.0,2.737,0.0,336633.6763,0.0,9152.4237,0.0,0
sz159915-H1_weekly_binary_hysteresis-fee0.001,2025-08-26,336633.6763,0.0,0.0,2.716,0.0,336633.6763,0.0,9152.4237,0.0,0
sz159915-H1_weekly_binary_hysteresis-fee0.001,2025-08-27,336633.6763,0.0,0.0,2.696,0.0,336633.6763,0.0,9152.4237,0.0,0
sz159915-H1_weekly_binary_hysteresis-fee0.001,2025-08-28,336633.6763,0.0,0.0,2.806,0.0,336633.6763,0.0,9152.4237,0.0,0
sz159915-H1_weekly_binary_hysteresis-fee0.001,2025-08-29,336633.6763,0.0,0.0,2.865,0.0,336633.6763,0.0,9152.4237,0.0,0
sz159915-H1_weekly_binary_hysteresis-fee0.001,2025-08-30,336633.6763,0.0,0.0,2.865,0.0,336633.6763,0.0,9152.4237,0.0,1
sz159915-H1_weekly_binary_hysteresis-fee0.001,2025-08-31,336633.6763,0.0,0.0,2.865,0.0,336633.6763,0.0,9152.4237,0.0,2
sz159915-H1_weekly_binary_hysteresis-fee0.001,2025-09-01,336633.6763,0.0,0.0,2.927,0.0,336633.6763,0.0,9152.4237,0.0,0
sz159915-H1_weekly_binary_hysteresis-fee0.001,2025-09-02,336633.6763,0.0,0.0,2.848,0.0,336633.6763,0.0,9152.4237,0.0,0
sz159915-H1_weekly_binary_hysteresis-fee0.001,2025-09-03,336633.6763,0.0,0.0,2.87,0.0,336633.6763,0.0,9152.4237,0.0,0
sz159915-H1_weekly_binary_hysteresis-fee0.001,2025-09-04,336633.6763,0.0,0.0,2.751,0.0,336633.6763,0.0,9152.4237,0.0,0
sz159915-H1_weekly_binary_hysteresis-fee0.001,2025-09-05,336633.6763,0.0,0.0,2.944,0.0,336633.6763,0.0,9152.4237,0.0,0
sz159915-H1_weekly_binary_hysteresis-fee0.001,2025-09-06,336633.6763,0.0,0.0,2.944,0.0,336633.6763,0.0,9152.4237,0.0,1
sz159915-H1_weekly_binary_hysteresis-fee0.001,2025-09-07,336633.6763,0.0,0.0,2.944,0.0,336633.6763,0.0,9152.4237,0.0,2
sz159915-H1_weekly_binary_hysteresis-fee0.001,2025-09-08,336633.6763,0.0,0.0,2.908,0.0,336633.6763,0.0,9152.4237,0.0,0
sz159915-H1_weekly_binary_hysteresis-fee0.001,2025-09-09,336633.6763,0.0,0.0,2.845,0.0,336633.6763,0.0,9152.4237,0.0,0
sz159915-H1_weekly_binary_hysteresis-fee0.001,2025-09-10,336633.6763,0.0,0.0,2.875,0.0,336633.6763,0.0,9152.4237,0.0,0
sz159915-H1_weekly_binary_hysteresis-fee0.001,2025-09-11,336633.6763,0.0,0.0,3.025,0.0,336633.6763,0.0,9152.4237,0.0,0
sz159915-H1_weekly_binary_hysteresis-fee0.001,2025-09-12,336633.6763,0.0,0.0,2.995,0.0,336633.6763,0.0,9152.4237,0.0,0
sz159915-H1_weekly_binary_hysteresis-fee0.001,2025-09-13,336633.6763,0.0,0.0,2.995,0.0,336633.6763,0.0,9152.4237,0.0,1
sz159915-H1_weekly_binary_hysteresis-fee0.001,2025-09-14,336633.6763,0.0,0.0,2.995,0.0,336633.6763,0.0,9152.4237,0.0,2
sz159915-H1_weekly_binary_hysteresis-fee0.001,2025-09-15,336633.6763,0.0,0.0,3.037,0.0,336633.6763,0.0,9152.4237,0.0,0
sz159915-H1_weekly_binary_hysteresis-fee0.001,2025-09-16,336633.6763,0.0,0.0,3.059,0.0,336633.6763,0.0,9152.4237,0.0,0
sz159915-H1_weekly_binary_hysteresis-fee0.001,2025-09-17,336633.6763,0.0,0.0,3.119,0.0,336633.6763,0.0,9152.4237,0.0,0
sz159915-H1_weekly_binary_hysteresis-fee0.001,2025-09-18,336633.6763,0.0,0.0,3.067,0.0,336633.6763,0.0,9152.4237,0.0,0
sz159915-H1_weekly_binary_hysteresis-fee0.001,2025-09-19,336633.6763,0.0,0.0,3.062,0.0,336633.6763,0.0,9152.4237,0.0,0
sz159915-H1_weekly_binary_hysteresis-fee0.001,2025-09-20,336633.6763,0.0,0.0,3.062,0.0,336633.6763,0.0,9152.4237,0.0,1
sz159915-H1_weekly_binary_hysteresis-fee0.001,2025-09-21,336633.6763,0.0,0.0,3.062,0.0,336633.6763,0.0,9152.4237,0.0,2
sz159915-H1_weekly_binary_hysteresis-fee0.001,2025-09-22,336633.6763,0.0,0.0,3.082,0.0,336633.6763,0.0,9152.4237,0.0,0
sz159915-H1_weekly_binary_hysteresis-fee0.001,2025-09-23,336633.6763,0.0,0.0,3.093,0.0,336633.6763,0.0,9152.4237,0.0,0
sz159915-H1_weekly_binary_hysteresis-fee0.001,2025-09-24,336633.6763,0.0,0.0,3.16,0.0,336633.6763,0.0,9152.4237,0.0,0
sz159915-H1_weekly_binary_hysteresis-fee0.001,2025-09-25,336633.6763,0.0,0.0,3.211,0.0,336633.6763,0.0,9152.4237,0.0,0
sz159915-H1_weekly_binary_hysteresis-fee0.001,2025-09-26,336633.6763,0.0,0.0,3.129,0.0,336633.6763,0.0,9152.4237,0.0,0
sz159915-H1_weekly_binary_hysteresis-fee0.001,2025-09-27,336633.6763,0.0,0.0,3.129,0.0,336633.6763,0.0,9152.4237,0.0,1
sz159915-H1_weekly_binary_hysteresis-fee0.001,2025-09-28,336633.6763,0.0,0.0,3.129,0.0,336633.6763,0.0,9152.4237,0.0,2
sz159915-H1_weekly_binary_hysteresis-fee0.001,2025-09-29,336633.6763,0.0,0.0,3.213,0.0,336633.6763,0.0,9152.4237,0.0,0
sz159915-H1_weekly_binary_hysteresis-fee0.001,2025-09-30,336633.6763,0.0,0.0,3.217,0.0,336633.6763,0.0,9152.4237,0.0,0
sz159915-H1_weekly_binary_hysteresis-fee0.001,2025-10-01,336633.6763,0.0,0.0,3.217,0.0,336633.6763,0.0,9152.4237,0.0,1
sz159915-H1_weekly_binary_hysteresis-fee0.001,2025-10-02,336633.6763,0.0,0.0,3.217,0.0,336633.6763,0.0,9152.4237,0.0,2
sz159915-H1_weekly_binary_hysteresis-fee0.001,2025-10-03,336633.6763,0.0,0.0,3.217,0.0,336633.6763,0.0,9152.4237,0.0,3
sz159915-H1_weekly_binary_hysteresis-fee0.001,2025-10-04,336633.6763,0.0,0.0,3.217,0.0,336633.6763,0.0,9152.4237,0.0,4
sz159915-H1_weekly_binary_hysteresis-fee0.001,2025-10-05,336633.6763,0.0,0.0,3.217,0.0,336633.6763,0.0,9152.4237,0.0,5
sz159915-H1_weekly_binary_hysteresis-fee0.001,2025-10-06,336633.6763,0.0,0.0,3.217,0.0,336633.6763,0.0,9152.4237,0.0,6
sz159915-H1_weekly_binary_hysteresis-fee0.001,2025-10-07,336633.6763,0.0,0.0,3.217,0.0,336633.6763,0.0,9152.4237,0.0,7
sz159915-H1_weekly_binary_hysteresis-fee0.001,2025-10-08,336633.6763,0.0,0.0,3.217,0.0,336633.6763,0.0,9152.4237,0.0,8
sz159915-H1_weekly_binary_hysteresis-fee0.001,2025-10-09,336633.6763,0.0,0.0,3.235,0.0,336633.6763,0.0,9152.4237,0.0,0
sz159915-H1_weekly_binary_hysteresis-fee0.001,2025-10-10,336633.6763,0.0,0.0,3.095,0.0,336633.6763,0.0,9152.4237,0.0,0
sz159915-H1_weekly_binary_hysteresis-fee0.001,2025-10-11,336633.6763,0.0,0.0,3.095,0.0,336633.6763,0.0,9152.4237,0.0,1
sz159915-H1_weekly_binary_hysteresis-fee0.001,2025-10-12,336633.6763,0.0,0.0,3.095,0.0,336633.6763,0.0,9152.4237,0.0,2
sz159915-H1_weekly_binary_hysteresis-fee0.001,2025-10-13,336633.6763,0.0,0.0,3.054,0.0,336633.6763,0.0,9152.4237,0.0,0
sz159915-H1_weekly_binary_hysteresis-fee0.001,2025-10-14,336633.6763,0.0,0.0,2.934,0.0,336633.6763,0.0,9152.4237,0.0,0
sz159915-H1_weekly_binary_hysteresis-fee0.001,2025-10-15,336633.6763,0.0,0.0,3.003,0.0,336633.6763,0.0,9152.4237,0.0,0
sz159915-H1_weekly_binary_hysteresis-fee0.001,2025-10-16,336633.6763,0.0,0.0,3.014,0.0,336633.6763,0.0,9152.4237,0.0,0
sz159915-H1_weekly_binary_hysteresis-fee0.001,2025-10-17,336633.6763,0.0,0.0,2.915,0.0,336633.6763,0.0,9152.4237,0.0,0
sz159915-H1_weekly_binary_hysteresis-fee0.001,2025-10-18,336633.6763,0.0,0.0,2.915,0.0,336633.6763,0.0,9152.4237,0.0,1
sz159915-H1_weekly_binary_hysteresis-fee0.001,2025-10-19,336633.6763,0.0,0.0,2.915,0.0,336633.6763,0.0,9152.4237,0.0,2
sz159915-H1_weekly_binary_hysteresis-fee0.001,2025-10-20,336633.6763,0.0,0.0,2.971,0.0,336633.6763,0.0,9152.4237,0.0,0
sz159915-H1_weekly_binary_hysteresis-fee0.001,2025-10-21,336633.6763,0.0,0.0,3.062,0.0,336633.6763,0.0,9152.4237,0.0,0
sz159915-H1_weekly_binary_hysteresis-fee0.001,2025-10-22,336633.6763,0.0,0.0,3.039,0.0,336633.6763,0.0,9152.4237,0.0,0
sz159915-H1_weekly_binary_hysteresis-fee0.001,2025-10-23,336633.6763,0.0,0.0,3.038,0.0,336633.6763,0.0,9152.4237,0.0,0
sz159915-H1_weekly_binary_hysteresis-fee0.001,2025-10-24,336633.6763,0.0,0.0,3.147,0.0,336633.6763,0.0,9152.4237,0.0,0
sz159915-H1_weekly_binary_hysteresis-fee0.001,2025-10-25,336633.6763,0.0,0.0,3.147,0.0,336633.6763,0.0,9152.4237,0.0,1
sz159915-H1_weekly_binary_hysteresis-fee0.001,2025-10-26,336633.6763,0.0,0.0,3.147,0.0,336633.6763,0.0,9152.4237,0.0,2
sz159915-H1_weekly_binary_hysteresis-fee0.001,2025-10-27,336633.6763,0.0,0.0,3.209,0.0,336633.6763,0.0,9152.4237,0.0,0
sz159915-H1_weekly_binary_hysteresis-fee0.001,2025-10-28,336633.6763,0.0,0.0,3.205,0.0,336633.6763,0.0,9152.4237,0.0,0
sz159915-H1_weekly_binary_hysteresis-fee0.001,2025-10-29,336633.6763,0.0,0.0,3.3,0.0,336633.6763,0.0,9152.4237,0.0,0
sz159915-H1_weekly_binary_hysteresis-fee0.001,2025-10-30,336633.6763,0.0,0.0,3.239,0.0,336633.6763,0.0,9152.4237,0.0,0
sz159915-H1_weekly_binary_hysteresis-fee0.001,2025-10-31,336633.6763,0.0,0.0,3.166,0.0,336633.6763,0.0,9152.4237,0.0,0
sz159915-H1_weekly_binary_hysteresis-fee0.001,2025-11-01,336633.6763,0.0,0.0,3.166,0.0,336633.6763,0.0,9152.4237,0.0,1
sz159915-H1_weekly_binary_hysteresis-fee0.001,2025-11-02,336633.6763,0.0,0.0,3.166,0.0,336633.6763,0.0,9152.4237,0.0,2
sz159915-H1_weekly_binary_hysteresis-fee0.001,2025-11-03,336633.6763,0.0,0.0,3.176,0.0,336633.6763,0.0,9152.4237,0.0,0
sz159915-H1_weekly_binary_hysteresis-fee0.001,2025-11-04,336633.6763,0.0,0.0,3.112,0.0,336633.6763,0.0,9152.4237,0.0,0
sz159915-H1_weekly_binary_hysteresis-fee0.001,2025-11-05,336633.6763,0.0,0.0,3.142,0.0,336633.6763,0.0,9152.4237,0.0,0
sz159915-H1_weekly_binary_hysteresis-fee0.001,2025-11-06,336633.6763,0.0,0.0,3.201,0.0,336633.6763,0.0,9152.4237,0.0,0
sz159915-H1_weekly_binary_hysteresis-fee0.001,2025-11-07,336633.6763,0.0,0.0,3.185,0.0,336633.6763,0.0,9152.4237,0.0,0
sz159915-H1_weekly_binary_hysteresis-fee0.001,2025-11-08,336633.6763,0.0,0.0,3.185,0.0,336633.6763,0.0,9152.4237,0.0,1
sz159915-H1_weekly_binary_hysteresis-fee0.001,2025-11-09,336633.6763,0.0,0.0,3.185,0.0,336633.6763,0.0,9152.4237,0.0,2
sz159915-H1_weekly_binary_hysteresis-fee0.001,2025-11-10,336633.6763,0.0,0.0,3.158,0.0,336633.6763,0.0,9152.4237,0.0,0
sz159915-H1_weekly_binary_hysteresis-fee0.001,2025-11-11,336633.6763,0.0,0.0,3.113,0.0,336633.6763,0.0,9152.4237,0.0,0
sz159915-H1_weekly_binary_hysteresis-fee0.001,2025-11-12,336633.6763,0.0,0.0,3.108,0.0,336633.6763,0.0,9152.4237,0.0,0
sz159915-H1_weekly_binary_hysteresis-fee0.001,2025-11-13,336633.6763,0.0,0.0,3.182,0.0,336633.6763,0.0,9152.4237,0.0,0
sz159915-H1_weekly_binary_hysteresis-fee0.001,2025-11-14,336633.6763,0.0,0.0,3.093,0.0,336633.6763,0.0,9152.4237,0.0,0
sz159915-H1_weekly_binary_hysteresis-fee0.001,2025-11-15,336633.6763,0.0,0.0,3.093,0.0,336633.6763,0.0,9152.4237,0.0,1
sz159915-H1_weekly_binary_hysteresis-fee0.001,2025-11-16,336633.6763,0.0,0.0,3.093,0.0,336633.6763,0.0,9152.4237,0.0,2
sz159915-H1_weekly_binary_hysteresis-fee0.001,2025-11-17,336633.6763,0.0,0.0,3.084,0.0,336633.6763,0.0,9152.4237,0.0,0
sz159915-H1_weekly_binary_hysteresis-fee0.001,2025-11-18,336633.6763,0.0,0.0,3.051,0.0,336633.6763,0.0,9152.4237,0.0,0
sz159915-H1_weekly_binary_hysteresis-fee0.001,2025-11-19,336633.6763,0.0,0.0,3.057,0.0,336633.6763,0.0,9152.4237,0.0,0
sz159915-H1_weekly_binary_hysteresis-fee0.001,2025-11-20,336633.6763,0.0,0.0,3.026,0.0,336633.6763,0.0,9152.4237,0.0,0
sz159915-H1_weekly_binary_hysteresis-fee0.001,2025-11-21,336633.6763,0.0,0.0,2.904,0.0,336633.6763,0.0,9152.4237,0.0,0
sz159915-H1_weekly_binary_hysteresis-fee0.001,2025-11-22,336633.6763,0.0,0.0,2.904,0.0,336633.6763,0.0,9152.4237,0.0,1
sz159915-H1_weekly_binary_hysteresis-fee0.001,2025-11-23,336633.6763,0.0,0.0,2.904,0.0,336633.6763,0.0,9152.4237,0.0,2
sz159915-H1_weekly_binary_hysteresis-fee0.001,2025-11-24,336633.6763,0.0,0.0,2.908,0.0,336633.6763,0.0,9152.4237,0.0,0
sz159915-H1_weekly_binary_hysteresis-fee0.001,2025-11-25,336633.6763,0.0,0.0,2.961,0.0,336633.6763,0.0,9152.4237,0.0,0
sz159915-H1_weekly_binary_hysteresis-fee0.001,2025-11-26,336633.6763,0.0,0.0,3.027,0.0,336633.6763,0.0,9152.4237,0.0,0
sz159915-H1_weekly_binary_hysteresis-fee0.001,2025-11-27,336633.6763,0.0,0.0,3.012,0.0,336633.6763,0.0,9152.4237,0.0,0
sz159915-H1_weekly_binary_hysteresis-fee0.001,2025-11-28,336633.6763,0.0,0.0,3.035,0.0,336633.6763,0.0,9152.4237,0.0,0
sz159915-H1_weekly_binary_hysteresis-fee0.001,2025-11-29,336633.6763,0.0,0.0,3.035,0.0,336633.6763,0.0,9152.4237,0.0,1
sz159915-H1_weekly_binary_hysteresis-fee0.001,2025-11-30,336633.6763,0.0,0.0,3.035,0.0,336633.6763,0.0,9152.4237,0.0,2
sz159915-H1_weekly_binary_hysteresis-fee0.001,2025-12-01,336633.6763,0.0,0.0,3.073,0.0,336633.6763,0.0,9152.4237,0.0,0
sz159915-H1_weekly_binary_hysteresis-fee0.001,2025-12-02,336633.6763,0.0,0.0,3.052,0.0,336633.6763,0.0,9152.4237,0.0,0
sz159915-H1_weekly_binary_hysteresis-fee0.001,2025-12-03,336633.6763,0.0,0.0,3.019,0.0,336633.6763,0.0,9152.4237,0.0,0
sz159915-H1_weekly_binary_hysteresis-fee0.001,2025-12-04,336633.6763,0.0,0.0,3.051,0.0,336633.6763,0.0,9152.4237,0.0,0
sz159915-H1_weekly_binary_hysteresis-fee0.001,2025-12-05,336633.6763,0.0,0.0,3.089,0.0,336633.6763,0.0,9152.4237,0.0,0
sz159915-H1_weekly_binary_hysteresis-fee0.001,2025-12-06,336633.6763,0.0,0.0,3.089,0.0,336633.6763,0.0,9152.4237,0.0,1
sz159915-H1_weekly_binary_hysteresis-fee0.001,2025-12-07,336633.6763,0.0,0.0,3.089,0.0,336633.6763,0.0,9152.4237,0.0,2
sz159915-H1_weekly_binary_hysteresis-fee0.001,2025-12-08,336633.6763,0.0,0.0,3.171,0.0,336633.6763,0.0,9152.4237,0.0,0
sz159915-H1_weekly_binary_hysteresis-fee0.001,2025-12-09,336633.6763,0.0,0.0,3.188,0.0,336633.6763,0.0,9152.4237,0.0,0
sz159915-H1_weekly_binary_hysteresis-fee0.001,2025-12-10,336633.6763,0.0,0.0,3.192,0.0,336633.6763,0.0,9152.4237,0.0,0
sz159915-H1_weekly_binary_hysteresis-fee0.001,2025-12-11,336633.6763,0.0,0.0,3.146,0.0,336633.6763,0.0,9152.4237,0.0,0
sz159915-H1_weekly_binary_hysteresis-fee0.001,2025-12-12,336633.6763,0.0,0.0,3.174,0.0,336633.6763,0.0,9152.4237,0.0,0
sz159915-H1_weekly_binary_hysteresis-fee0.001,2025-12-13,336633.6763,0.0,0.0,3.174,0.0,336633.6763,0.0,9152.4237,0.0,1
sz159915-H1_weekly_binary_hysteresis-fee0.001,2025-12-14,336633.6763,0.0,0.0,3.174,0.0,336633.6763,0.0,9152.4237,0.0,2
sz159915-H1_weekly_binary_hysteresis-fee0.001,2025-12-15,336633.6763,0.0,0.0,3.12,0.0,336633.6763,0.0,9152.4237,0.0,0
sz159915-H1_weekly_binary_hysteresis-fee0.001,2025-12-16,336633.6763,0.0,0.0,3.06,0.0,336633.6763,0.0,9152.4237,0.0,0
sz159915-H1_weekly_binary_hysteresis-fee0.001,2025-12-17,336633.6763,0.0,0.0,3.164,0.0,336633.6763,0.0,9152.4237,0.0,0
sz159915-H1_weekly_binary_hysteresis-fee0.001,2025-12-18,336633.6763,0.0,0.0,3.092,0.0,336633.6763,0.0,9152.4237,0.0,0
sz159915-H1_weekly_binary_hysteresis-fee0.001,2025-12-19,336633.6763,0.0,0.0,3.107,0.0,336633.6763,0.0,9152.4237,0.0,0
sz159915-H1_weekly_binary_hysteresis-fee0.001,2025-12-20,336633.6763,0.0,0.0,3.107,0.0,336633.6763,0.0,9152.4237,0.0,1
sz159915-H1_weekly_binary_hysteresis-fee0.001,2025-12-21,336633.6763,0.0,0.0,3.107,0.0,336633.6763,0.0,9152.4237,0.0,2
sz159915-H1_weekly_binary_hysteresis-fee0.001,2025-12-22,336633.6763,0.0,0.0,3.175,0.0,336633.6763,0.0,9152.4237,0.0,0
sz159915-H1_weekly_binary_hysteresis-fee0.001,2025-12-23,336633.6763,0.0,0.0,3.185,0.0,336633.6763,0.0,9152.4237,0.0,0
sz159915-H1_weekly_binary_hysteresis-fee0.001,2025-12-24,336633.6763,0.0,0.0,3.212,0.0,336633.6763,0.0,9152.4237,0.0,0
sz159915-H1_weekly_binary_hysteresis-fee0.001,2025-12-25,336633.6763,0.0,0.0,3.222,0.0,336633.6763,0.0,9152.4237,0.0,0
sz159915-H1_weekly_binary_hysteresis-fee0.001,2025-12-26,336633.6763,0.0,0.0,3.226,0.0,336633.6763,0.0,9152.4237,0.0,0
sz159915-H1_weekly_binary_hysteresis-fee0.001,2025-12-27,336633.6763,0.0,0.0,3.226,0.0,336633.6763,0.0,9152.4237,0.0,1
sz159915-H1_weekly_binary_hysteresis-fee0.001,2025-12-28,336633.6763,0.0,0.0,3.226,0.0,336633.6763,0.0,9152.4237,0.0,2
sz159915-H1_weekly_binary_hysteresis-fee0.001,2025-12-29,336633.6763,0.0,0.0,3.205,0.0,336633.6763,0.0,9152.4237,0.0,0
sz159915-H1_weekly_binary_hysteresis-fee0.001,2025-12-30,336633.6763,0.0,0.0,3.229,0.0,336633.6763,0.0,9152.4237,0.0,0
sz159915-H1_weekly_binary_hysteresis-fee0.001,2025-12-31,336633.6763,0.0,0.0,3.186,0.0,336633.6763,0.0,9152.4237,0.0,0
sz159915-H1_weekly_binary_hysteresis-fee0.001,2026-01-01,336633.6763,0.0,0.0,3.186,0.0,336633.6763,0.0,9152.4237,0.0,1
sz159915-H1_weekly_binary_hysteresis-fee0.001,2026-01-02,336633.6763,0.0,0.0,3.186,0.0,336633.6763,0.0,9152.4237,0.0,2
sz159915-H1_weekly_binary_hysteresis-fee0.001,2026-01-03,336633.6763,0.0,0.0,3.186,0.0,336633.6763,0.0,9152.4237,0.0,3
sz159915-H1_weekly_binary_hysteresis-fee0.001,2026-01-04,336633.6763,0.0,0.0,3.186,0.0,336633.6763,0.0,9152.4237,0.0,4
sz159915-H1_weekly_binary_hysteresis-fee0.001,2026-01-05,336633.6763,0.0,0.0,3.281,0.0,336633.6763,0.0,9152.4237,0.0,0
sz159915-H1_weekly_binary_hysteresis-fee0.001,2026-01-06,336633.6763,0.0,0.0,3.303,0.0,336633.6763,0.0,9152.4237,0.0,0
sz159915-H1_weekly_binary_hysteresis-fee0.001,2026-01-07,336633.6763,0.0,0.0,3.311,0.0,336633.6763,0.0,9152.4237,0.0,0
sz159915-H1_weekly_binary_hysteresis-fee0.001,2026-01-08,336633.6763,0.0,0.0,3.287,0.0,336633.6763,0.0,9152.4237,0.0,0
sz159915-H1_weekly_binary_hysteresis-fee0.001,2026-01-09,336633.6763,0.0,0.0,3.314,0.0,336633.6763,0.0,9152.4237,0.0,0
sz159915-H1_weekly_binary_hysteresis-fee0.001,2026-01-10,336633.6763,0.0,0.0,3.314,0.0,336633.6763,0.0,9152.4237,0.0,1
sz159915-H1_weekly_binary_hysteresis-fee0.001,2026-01-11,336633.6763,0.0,0.0,3.314,0.0,336633.6763,0.0,9152.4237,0.0,2
sz159915-H1_weekly_binary_hysteresis-fee0.001,2026-01-12,336633.6763,0.0,0.0,3.371,0.0,336633.6763,0.0,9152.4237,0.0,0
sz159915-H1_weekly_binary_hysteresis-fee0.001,2026-01-13,336633.6763,0.0,0.0,3.306,0.0,336633.6763,0.0,9152.4237,0.0,0
sz159915-H1_weekly_binary_hysteresis-fee0.001,2026-01-14,336633.6763,0.0,0.0,3.332,0.0,336633.6763,0.0,9152.4237,0.0,0
sz159915-H1_weekly_binary_hysteresis-fee0.001,2026-01-15,336633.6763,0.0,0.0,3.352,0.0,336633.6763,0.0,9152.4237,0.0,0
sz159915-H1_weekly_binary_hysteresis-fee0.001,2026-01-16,336633.6763,0.0,0.0,3.346,0.0,336633.6763,0.0,9152.4237,0.0,0
sz159915-H1_weekly_binary_hysteresis-fee0.001,2026-01-17,336633.6763,0.0,0.0,3.346,0.0,336633.6763,0.0,9152.4237,0.0,1
sz159915-H1_weekly_binary_hysteresis-fee0.001,2026-01-18,336633.6763,0.0,0.0,3.346,0.0,336633.6763,0.0,9152.4237,0.0,2
sz159915-H1_weekly_binary_hysteresis-fee0.001,2026-01-19,336633.6763,0.0,0.0,3.318,0.0,336633.6763,0.0,9152.4237,0.0,0
sz159915-H1_weekly_binary_hysteresis-fee0.001,2026-01-20,336633.6763,0.0,0.0,3.263,0.0,336633.6763,0.0,9152.4237,0.0,0
sz159915-H1_weekly_binary_hysteresis-fee0.001,2026-01-21,336633.6763,0.0,0.0,3.281,0.0,336633.6763,0.0,9152.4237,0.0,0
sz159915-H1_weekly_binary_hysteresis-fee0.001,2026-01-22,336633.6763,0.0,0.0,3.315,0.0,336633.6763,0.0,9152.4237,0.0,0
sz159915-H1_weekly_binary_hysteresis-fee0.001,2026-01-23,336633.6763,0.0,0.0,3.337,0.0,336633.6763,0.0,9152.4237,0.0,0
sz159915-H1_weekly_binary_hysteresis-fee0.001,2026-01-24,336633.6763,0.0,0.0,3.337,0.0,336633.6763,0.0,9152.4237,0.0,1
sz159915-H1_weekly_binary_hysteresis-fee0.001,2026-01-25,336633.6763,0.0,0.0,3.337,0.0,336633.6763,0.0,9152.4237,0.0,2
sz159915-H1_weekly_binary_hysteresis-fee0.001,2026-01-26,336633.6763,0.0,0.0,3.305,0.0,336633.6763,0.0,9152.4237,0.0,0
sz159915-H1_weekly_binary_hysteresis-fee0.001,2026-01-27,336633.6763,0.0,0.0,3.327,0.0,336633.6763,0.0,9152.4237,0.0,0
sz159915-H1_weekly_binary_hysteresis-fee0.001,2026-01-28,336633.6763,0.0,0.0,3.307,0.0,336633.6763,0.0,9152.4237,0.0,0
sz159915-H1_weekly_binary_hysteresis-fee0.001,2026-01-29,336633.6763,0.0,0.0,3.292,0.0,336633.6763,0.0,9152.4237,0.0,0
sz159915-H1_weekly_binary_hysteresis-fee0.001,2026-01-30,336633.6763,0.0,0.0,3.335,0.0,336633.6763,0.0,9152.4237,0.0,0
sz159915-H1_weekly_binary_hysteresis-fee0.001,2026-01-31,336633.6763,0.0,0.0,3.335,0.0,336633.6763,0.0,9152.4237,0.0,1
sz159915-H1_weekly_binary_hysteresis-fee0.001,2026-02-01,336633.6763,0.0,0.0,3.335,0.0,336633.6763,0.0,9152.4237,0.0,2
sz159915-H1_weekly_binary_hysteresis-fee0.001,2026-02-02,336633.6763,0.0,0.0,3.252,0.0,336633.6763,0.0,9152.4237,0.0,0
sz159915-H1_weekly_binary_hysteresis-fee0.001,2026-02-03,336633.6763,0.0,0.0,3.313,0.0,336633.6763,0.0,9152.4237,0.0,0
sz159915-H1_weekly_binary_hysteresis-fee0.001,2026-02-04,336633.6763,0.0,0.0,3.297,0.0,336633.6763,0.0,9152.4237,0.0,0
sz159915-H1_weekly_binary_hysteresis-fee0.001,2026-02-05,336633.6763,0.0,0.0,3.238,0.0,336633.6763,0.0,9152.4237,0.0,0
sz159915-H1_weekly_binary_hysteresis-fee0.001,2026-02-06,336633.6763,0.0,0.0,3.229,0.0,336633.6763,0.0,9152.4237,0.0,0
sz159915-H1_weekly_binary_hysteresis-fee0.001,2026-02-07,336633.6763,0.0,0.0,3.229,0.0,336633.6763,0.0,9152.4237,0.0,1
sz159915-H1_weekly_binary_hysteresis-fee0.001,2026-02-08,336633.6763,0.0,0.0,3.229,0.0,336633.6763,0.0,9152.4237,0.0,2
sz159915-H1_weekly_binary_hysteresis-fee0.001,2026-02-09,336633.6763,0.0,0.0,3.321,0.0,336633.6763,0.0,9152.4237,0.0,0
sz159915-H1_weekly_binary_hysteresis-fee0.001,2026-02-10,336633.6763,0.0,0.0,3.311,0.0,336633.6763,0.0,9152.4237,0.0,0
sz159915-H1_weekly_binary_hysteresis-fee0.001,2026-02-11,336633.6763,0.0,0.0,3.273,0.0,336633.6763,0.0,9152.4237,0.0,0
sz159915-H1_weekly_binary_hysteresis-fee0.001,2026-02-12,336633.6763,0.0,0.0,3.319,0.0,336633.6763,0.0,9152.4237,0.0,0
sz159915-H1_weekly_binary_hysteresis-fee0.001,2026-02-13,336633.6763,0.0,0.0,3.265,0.0,336633.6763,0.0,9152.4237,0.0,0
sz159915-H1_weekly_binary_hysteresis-fee0.001,2026-02-14,336633.6763,0.0,0.0,3.265,0.0,336633.6763,0.0,9152.4237,0.0,1
sz159915-H1_weekly_binary_hysteresis-fee0.001,2026-02-15,336633.6763,0.0,0.0,3.265,0.0,336633.6763,0.0,9152.4237,0.0,2
sz159915-H1_weekly_binary_hysteresis-fee0.001,2026-02-16,336633.6763,0.0,0.0,3.265,0.0,336633.6763,0.0,9152.4237,0.0,3
sz159915-H1_weekly_binary_hysteresis-fee0.001,2026-02-17,336633.6763,0.0,0.0,3.265,0.0,336633.6763,0.0,9152.4237,0.0,4
sz159915-H1_weekly_binary_hysteresis-fee0.001,2026-02-18,336633.6763,0.0,0.0,3.265,0.0,336633.6763,0.0,9152.4237,0.0,5
sz159915-H1_weekly_binary_hysteresis-fee0.001,2026-02-19,336633.6763,0.0,0.0,3.265,0.0,336633.6763,0.0,9152.4237,0.0,6
sz159915-H1_weekly_binary_hysteresis-fee0.001,2026-02-20,336633.6763,0.0,0.0,3.265,0.0,336633.6763,0.0,9152.4237,0.0,7
sz159915-H1_weekly_binary_hysteresis-fee0.001,2026-02-21,336633.6763,0.0,0.0,3.265,0.0,336633.6763,0.0,9152.4237,0.0,8
sz159915-H1_weekly_binary_hysteresis-fee0.001,2026-02-22,336633.6763,0.0,0.0,3.265,0.0,336633.6763,0.0,9152.4237,0.0,9
sz159915-H1_weekly_binary_hysteresis-fee0.001,2026-02-23,336633.6763,0.0,0.0,3.265,0.0,336633.6763,0.0,9152.4237,0.0,10
sz159915-H1_weekly_binary_hysteresis-fee0.001,2026-02-24,336633.6763,0.0,0.0,3.295,0.0,336633.6763,0.0,9152.4237,0.0,0
sz159915-H1_weekly_binary_hysteresis-fee0.001,2026-02-25,336633.6763,0.0,0.0,3.344,0.0,336633.6763,0.0,9152.4237,0.0,0
sz159915-H1_weekly_binary_hysteresis-fee0.001,2026-02-26,336633.6763,0.0,0.0,3.336,0.0,336633.6763,0.0,9152.4237,0.0,0
sz159915-H1_weekly_binary_hysteresis-fee0.001,2026-02-27,336633.6763,0.0,0.0,3.301,0.0,336633.6763,0.0,9152.4237,0.0,0
sz159915-H1_weekly_binary_hysteresis-fee0.001,2026-02-28,336633.6763,0.0,0.0,3.301,0.0,336633.6763,0.0,9152.4237,0.0,1
sz159915-H1_weekly_binary_hysteresis-fee0.001,2026-03-01,336633.6763,0.0,0.0,3.301,0.0,336633.6763,0.0,9152.4237,0.0,2
sz159915-H1_weekly_binary_hysteresis-fee0.001,2026-03-02,336633.6763,0.0,0.0,3.282,0.0,336633.6763,0.0,9152.4237,0.0,0
sz159915-H1_weekly_binary_hysteresis-fee0.001,2026-03-03,336633.6763,0.0,0.0,3.205,0.0,336633.6763,0.0,9152.4237,0.0,0
sz159915-H1_weekly_binary_hysteresis-fee0.001,2026-03-04,336633.6763,0.0,0.0,3.154,0.0,336633.6763,0.0,9152.4237,0.0,0
sz159915-H1_weekly_binary_hysteresis-fee0.001,2026-03-05,336633.6763,0.0,0.0,3.206,0.0,336633.6763,0.0,9152.4237,0.0,0
sz159915-H1_weekly_binary_hysteresis-fee0.001,2026-03-06,336633.6763,0.0,0.0,3.225,0.0,336633.6763,0.0,9152.4237,0.0,0
sz159915-H1_weekly_binary_hysteresis-fee0.001,2026-03-07,336633.6763,0.0,0.0,3.225,0.0,336633.6763,0.0,9152.4237,0.0,1
sz159915-H1_weekly_binary_hysteresis-fee0.001,2026-03-08,336633.6763,0.0,0.0,3.225,0.0,336633.6763,0.0,9152.4237,0.0,2
sz159915-H1_weekly_binary_hysteresis-fee0.001,2026-03-09,336633.6763,0.0,0.0,3.201,0.0,336633.6763,0.0,9152.4237,0.0,0
sz159915-H1_weekly_binary_hysteresis-fee0.001,2026-03-10,336633.6763,0.0,0.0,3.296,0.0,336633.6763,0.0,9152.4237,0.0,0
sz159915-H1_weekly_binary_hysteresis-fee0.001,2026-03-11,336633.6763,0.0,0.0,3.335,0.0,336633.6763,0.0,9152.4237,0.0,0
sz159915-H1_weekly_binary_hysteresis-fee0.001,2026-03-12,336633.6763,0.0,0.0,3.308,0.0,336633.6763,0.0,9152.4237,0.0,0
sz159915-H1_weekly_binary_hysteresis-fee0.001,2026-03-13,336633.6763,0.0,0.0,3.3,0.0,336633.6763,0.0,9152.4237,0.0,0
sz159915-H1_weekly_binary_hysteresis-fee0.001,2026-03-14,336633.6763,0.0,0.0,3.3,0.0,336633.6763,0.0,9152.4237,0.0,1
sz159915-H1_weekly_binary_hysteresis-fee0.001,2026-03-15,336633.6763,0.0,0.0,3.3,0.0,336633.6763,0.0,9152.4237,0.0,2
sz159915-H1_weekly_binary_hysteresis-fee0.001,2026-03-16,336633.6763,0.0,0.0,3.349,0.0,336633.6763,0.0,9152.4237,0.0,0
sz159915-H1_weekly_binary_hysteresis-fee0.001,2026-03-17,336633.6763,0.0,0.0,3.273,0.0,336633.6763,0.0,9152.4237,0.0,0
sz159915-H1_weekly_binary_hysteresis-fee0.001,2026-03-18,336633.6763,0.0,0.0,3.338,0.0,336633.6763,0.0,9152.4237,0.0,0
sz159915-H1_weekly_binary_hysteresis-fee0.001,2026-03-19,336633.6763,0.0,0.0,3.303,0.0,336633.6763,0.0,9152.4237,0.0,0
sz159915-H1_weekly_binary_hysteresis-fee0.001,2026-03-20,336633.6763,0.0,0.0,3.341,0.0,336633.6763,0.0,9152.4237,0.0,0
sz159915-H1_weekly_binary_hysteresis-fee0.001,2026-03-21,336633.6763,0.0,0.0,3.341,0.0,336633.6763,0.0,9152.4237,0.0,1
sz159915-H1_weekly_binary_hysteresis-fee0.001,2026-03-22,336633.6763,0.0,0.0,3.341,0.0,336633.6763,0.0,9152.4237,0.0,2
sz159915-H1_weekly_binary_hysteresis-fee0.001,2026-03-23,336633.6763,0.0,0.0,3.228,0.0,336633.6763,0.0,9152.4237,0.0,0
sz159915-H1_weekly_binary_hysteresis-fee0.001,2026-03-24,336633.6763,0.0,0.0,3.237,0.0,336633.6763,0.0,9152.4237,0.0,0
sz159915-H1_weekly_binary_hysteresis-fee0.001,2026-03-25,336633.6763,0.0,0.0,3.307,0.0,336633.6763,0.0,9152.4237,0.0,0
sz159915-H1_weekly_binary_hysteresis-fee0.001,2026-03-26,336633.6763,0.0,0.0,3.263,0.0,336633.6763,0.0,9152.4237,0.0,0
sz159915-H1_weekly_binary_hysteresis-fee0.001,2026-03-27,336633.6763,0.0,0.0,3.293,0.0,336633.6763,0.0,9152.4237,0.0,0
sz159915-H1_weekly_binary_hysteresis-fee0.001,2026-03-28,336633.6763,0.0,0.0,3.293,0.0,336633.6763,0.0,9152.4237,0.0,1
sz159915-H1_weekly_binary_hysteresis-fee0.001,2026-03-29,336633.6763,0.0,0.0,3.293,0.0,336633.6763,0.0,9152.4237,0.0,2
sz159915-H1_weekly_binary_hysteresis-fee0.001,2026-03-30,336633.6763,0.0,0.0,3.264,0.0,336633.6763,0.0,9152.4237,0.0,0
sz159915-H1_weekly_binary_hysteresis-fee0.001,2026-03-31,336633.6763,0.0,0.0,3.182,0.0,336633.6763,0.0,9152.4237,0.0,0
sz159915-H1_weekly_binary_hysteresis-fee0.001,2026-04-01,336633.6763,0.0,0.0,3.232,0.0,336633.6763,0.0,9152.4237,0.0,0
sz159915-H1_weekly_binary_hysteresis-fee0.001,2026-04-02,336633.6763,0.0,0.0,3.164,0.0,336633.6763,0.0,9152.4237,0.0,0
sz159915-H1_weekly_binary_hysteresis-fee0.001,2026-04-03,336633.6763,0.0,0.0,3.141,0.0,336633.6763,0.0,9152.4237,0.0,0
sz159915-H1_weekly_binary_hysteresis-fee0.001,2026-04-04,336633.6763,0.0,0.0,3.141,0.0,336633.6763,0.0,9152.4237,0.0,1
sz159915-H1_weekly_binary_hysteresis-fee0.001,2026-04-05,336633.6763,0.0,0.0,3.141,0.0,336633.6763,0.0,9152.4237,0.0,2
sz159915-H1_weekly_binary_hysteresis-fee0.001,2026-04-06,336633.6763,0.0,0.0,3.141,0.0,336633.6763,0.0,9152.4237,0.0,3
sz159915-H1_weekly_binary_hysteresis-fee0.001,2026-04-07,187.7665,0.0,106600.0,3.151,335896.6,336084.3665,0.9994413114125021,9488.5335,0.0,0
sz159915-H1_weekly_binary_hysteresis-fee0.001,2026-04-08,187.7665,0.0,106600.0,3.345,356577.0,356764.7665,0.9994736966269342,9488.5335,0.0,0
sz159915-H1_weekly_binary_hysteresis-fee0.001,2026-04-09,187.7665,0.0,106600.0,3.32,353912.0,354099.7665,0.9994697356006305,9488.5335,0.0,0
sz159915-H1_weekly_binary_hysteresis-fee0.001,2026-04-10,187.7665,0.0,106600.0,3.437,366384.2,366571.9665,0.9994877772520556,9488.5335,0.0,0
sz159915-H1_weekly_binary_hysteresis-fee0.001,2026-04-11,187.7665,0.0,106600.0,3.437,366384.2,366571.9665,0.9994877772520556,9488.5335,0.0,1
sz159915-H1_weekly_binary_hysteresis-fee0.001,2026-04-12,187.7665,0.0,106600.0,3.437,366384.2,366571.9665,0.9994877772520556,9488.5335,0.0,2
sz159915-H1_weekly_binary_hysteresis-fee0.001,2026-04-13,365460.1285,0.0,0.0,3.468,0.0,365460.1285,0.0,9854.1715,0.0,0
sz159915-H1_weekly_binary_hysteresis-fee0.001,2026-04-14,365460.1285,0.0,0.0,3.55,0.0,365460.1285,0.0,9854.1715,0.0,0
sz159915-H1_weekly_binary_hysteresis-fee0.001,2026-04-15,365460.1285,0.0,0.0,3.511,0.0,365460.1285,0.0,9854.1715,0.0,0
sz159915-H1_weekly_binary_hysteresis-fee0.001,2026-04-16,365460.1285,0.0,0.0,3.624,0.0,365460.1285,0.0,9854.1715,0.0,0
sz159915-H1_weekly_binary_hysteresis-fee0.001,2026-04-17,365460.1285,0.0,0.0,3.67,0.0,365460.1285,0.0,9854.1715,0.0,0
sz159915-H1_weekly_binary_hysteresis-fee0.001,2026-04-18,365460.1285,0.0,0.0,3.67,0.0,365460.1285,0.0,9854.1715,0.0,1
sz159915-H1_weekly_binary_hysteresis-fee0.001,2026-04-19,365460.1285,0.0,0.0,3.67,0.0,365460.1285,0.0,9854.1715,0.0,2
sz159915-H1_weekly_binary_hysteresis-fee0.001,2026-04-20,365460.1285,0.0,0.0,3.672,0.0,365460.1285,0.0,9854.1715,0.0,0
sz159915-H1_weekly_binary_hysteresis-fee0.001,2026-04-21,365460.1285,0.0,0.0,3.681,0.0,365460.1285,0.0,9854.1715,0.0,0
sz159915-H1_weekly_binary_hysteresis-fee0.001,2026-04-22,365460.1285,0.0,0.0,3.758,0.0,365460.1285,0.0,9854.1715,0.0,0
sz159915-H1_weekly_binary_hysteresis-fee0.001,2026-04-23,365460.1285,0.0,0.0,3.728,0.0,365460.1285,0.0,9854.1715,0.0,0
sz159915-H1_weekly_binary_hysteresis-fee0.001,2026-04-24,365460.1285,0.0,0.0,3.674,0.0,365460.1285,0.0,9854.1715,0.0,0
sz159915-H1_weekly_binary_hysteresis-fee0.001,2026-04-25,365460.1285,0.0,0.0,3.674,0.0,365460.1285,0.0,9854.1715,0.0,1
sz159915-H1_weekly_binary_hysteresis-fee0.001,2026-04-26,365460.1285,0.0,0.0,3.674,0.0,365460.1285,0.0,9854.1715,0.0,2
sz159915-H1_weekly_binary_hysteresis-fee0.001,2026-04-27,365460.1285,0.0,0.0,3.652,0.0,365460.1285,0.0,9854.1715,0.0,0
sz159915-H1_weekly_binary_hysteresis-fee0.001,2026-04-28,365460.1285,0.0,0.0,3.602,0.0,365460.1285,0.0,9854.1715,0.0,0
sz159915-H1_weekly_binary_hysteresis-fee0.001,2026-04-29,365460.1285,0.0,0.0,3.694,0.0,365460.1285,0.0,9854.1715,0.0,0
sz159915-H1_weekly_binary_hysteresis-fee0.001,2026-04-30,365460.1285,0.0,0.0,3.689,0.0,365460.1285,0.0,9854.1715,0.0,0
sz159915-H1_weekly_binary_hysteresis-fee0.001,2026-05-01,365460.1285,0.0,0.0,3.689,0.0,365460.1285,0.0,9854.1715,0.0,1
sz159915-H1_weekly_binary_hysteresis-fee0.001,2026-05-02,365460.1285,0.0,0.0,3.689,0.0,365460.1285,0.0,9854.1715,0.0,2
sz159915-H1_weekly_binary_hysteresis-fee0.001,2026-05-03,365460.1285,0.0,0.0,3.689,0.0,365460.1285,0.0,9854.1715,0.0,3
sz159915-H1_weekly_binary_hysteresis-fee0.001,2026-05-04,365460.1285,0.0,0.0,3.689,0.0,365460.1285,0.0,9854.1715,0.0,4
sz159915-H1_weekly_binary_hysteresis-fee0.001,2026-05-05,365460.1285,0.0,0.0,3.689,0.0,365460.1285,0.0,9854.1715,0.0,5
sz159915-H1_weekly_binary_hysteresis-fee0.001,2026-05-06,365460.1285,0.0,0.0,3.786,0.0,365460.1285,0.0,9854.1715,0.0,0
sz159915-H1_weekly_binary_hysteresis-fee0.001,2026-05-07,365460.1285,0.0,0.0,3.845,0.0,365460.1285,0.0,9854.1715,0.0,0
sz159915-H1_weekly_binary_hysteresis-fee0.001,2026-05-08,365460.1285,0.0,0.0,3.806,0.0,365460.1285,0.0,9854.1715,0.0,0
sz159915-H1_weekly_binary_hysteresis-fee0.001,2026-05-09,365460.1285,0.0,0.0,3.806,0.0,365460.1285,0.0,9854.1715,0.0,1
sz159915-H1_weekly_binary_hysteresis-fee0.001,2026-05-10,365460.1285,0.0,0.0,3.806,0.0,365460.1285,0.0,9854.1715,0.0,2
sz159915-H1_weekly_binary_hysteresis-fee0.001,2026-05-11,365460.1285,0.0,0.0,3.947,0.0,365460.1285,0.0,9854.1715,0.0,0
sz159915-H1_weekly_binary_hysteresis-fee0.001,2026-05-12,365460.1285,0.0,0.0,3.94,0.0,365460.1285,0.0,9854.1715,0.0,0
sz159915-H1_weekly_binary_hysteresis-fee0.001,2026-05-13,365460.1285,0.0,0.0,4.048,0.0,365460.1285,0.0,9854.1715,0.0,0
sz159915-H1_weekly_binary_hysteresis-fee0.001,2026-05-14,365460.1285,0.0,0.0,3.961,0.0,365460.1285,0.0,9854.1715,0.0,0
sz159915-H1_weekly_binary_hysteresis-fee0.001,2026-05-15,365460.1285,0.0,0.0,3.97,0.0,365460.1285,0.0,9854.1715,0.0,0
sz159915-H1_weekly_binary_hysteresis-fee0.001,2026-05-16,365460.1285,0.0,0.0,3.97,0.0,365460.1285,0.0,9854.1715,0.0,1
sz159915-H1_weekly_binary_hysteresis-fee0.001,2026-05-17,365460.1285,0.0,0.0,3.97,0.0,365460.1285,0.0,9854.1715,0.0,2
sz159915-H1_weekly_binary_hysteresis-fee0.001,2026-05-18,365460.1285,0.0,0.0,3.923,0.0,365460.1285,0.0,9854.1715,0.0,0
sz159915-H1_weekly_binary_hysteresis-fee0.001,2026-05-19,365460.1285,0.0,0.0,3.922,0.0,365460.1285,0.0,9854.1715,0.0,0
sz159915-H1_weekly_binary_hysteresis-fee0.001,2026-05-20,365460.1285,0.0,0.0,3.932,0.0,365460.1285,0.0,9854.1715,0.0,0
sz159915-H1_weekly_binary_hysteresis-fee0.001,2026-05-21,365460.1285,0.0,0.0,3.846,0.0,365460.1285,0.0,9854.1715,0.0,0
sz159915-H1_weekly_binary_hysteresis-fee0.001,2026-05-22,365460.1285,0.0,0.0,3.946,0.0,365460.1285,0.0,9854.1715,0.0,0
sz159915-H1_weekly_binary_hysteresis-fee0.001,2026-05-23,365460.1285,0.0,0.0,3.946,0.0,365460.1285,0.0,9854.1715,0.0,1
sz159915-H1_weekly_binary_hysteresis-fee0.001,2026-05-24,365460.1285,0.0,0.0,3.946,0.0,365460.1285,0.0,9854.1715,0.0,2
sz159915-H1_weekly_binary_hysteresis-fee0.001,2026-05-25,365460.1285,0.0,0.0,4.034,0.0,365460.1285,0.0,9854.1715,0.0,0
sz159915-H1_weekly_binary_hysteresis-fee0.001,2026-05-26,365460.1285,0.0,0.0,4.055,0.0,365460.1285,0.0,9854.1715,0.0,0
sz159915-H1_weekly_binary_hysteresis-fee0.001,2026-05-27,365460.1285,0.0,0.0,4.056,0.0,365460.1285,0.0,9854.1715,0.0,0
sz159915-H1_weekly_binary_hysteresis-fee0.001,2026-05-28,365460.1285,0.0,0.0,4.138,0.0,365460.1285,0.0,9854.1715,0.0,0
sz159915-H1_weekly_binary_hysteresis-fee0.001,2026-05-29,365460.1285,0.0,0.0,4.053,0.0,365460.1285,0.0,9854.1715,0.0,0
sz159915-H1_weekly_binary_hysteresis-fee0.001,2026-05-30,365460.1285,0.0,0.0,4.053,0.0,365460.1285,0.0,9854.1715,0.0,1
sz159915-H1_weekly_binary_hysteresis-fee0.001,2026-05-31,365460.1285,0.0,0.0,4.053,0.0,365460.1285,0.0,9854.1715,0.0,2
sz159915-H1_weekly_binary_hysteresis-fee0.001,2026-06-01,55.6891,0.0,90200.0,3.964,357552.8,357608.4891,0.9998442735513909,10219.2109,0.0,0
sz159915-H1_weekly_binary_hysteresis-fee0.001,2026-06-02,55.6891,0.0,90200.0,4.071,367204.2,367259.8891,0.9998483659619446,10219.2109,0.0,0
sz159915-H1_weekly_binary_hysteresis-fee0.001,2026-06-03,55.6891,0.0,90200.0,4.145,373879.0,373934.6891,0.9998510726562062,10219.2109,0.0,0
sz159915-H1_weekly_binary_hysteresis-fee0.001,2026-06-04,55.6891,0.0,90200.0,4.1,369820.0,369875.6891,0.9998494383339022,10219.2109,0.0,0
sz159915-H1_weekly_binary_hysteresis-fee0.001,2026-06-05,55.6891,0.0,90200.0,3.977,358725.4,358781.0891,0.9998447825103054,10219.2109,0.0,0
sz159915-H1_weekly_binary_hysteresis-fee0.001,2026-06-06,55.6891,0.0,90200.0,3.977,358725.4,358781.0891,0.9998447825103054,10219.2109,0.0,1
sz159915-H1_weekly_binary_hysteresis-fee0.001,2026-06-07,55.6891,0.0,90200.0,3.977,358725.4,358781.0891,0.9998447825103054,10219.2109,0.0,2
sz159915-H1_weekly_binary_hysteresis-fee0.001,2026-06-08,55.6891,0.0,90200.0,3.827,345195.4,345251.0891,0.9998386997123017,10219.2109,0.0,0
sz159915-H1_weekly_binary_hysteresis-fee0.001,2026-06-09,55.6891,0.0,90200.0,3.972,358274.4,358330.0891,0.9998445871510822,10219.2109,0.0,0
sz159915-H1_weekly_binary_hysteresis-fee0.001,2026-06-10,55.6891,0.0,90200.0,3.87,349074.0,349129.6891,0.9998404916518456,10219.2109,0.0,0
sz159915-H1_weekly_binary_hysteresis-fee0.001,2026-06-11,55.6891,0.0,90200.0,3.83,345466.0,345521.6891,0.9998388260368111,10219.2109,0.0,0
sz159915-H1_weekly_binary_hysteresis-fee0.001,2026-06-12,55.6891,0.0,90200.0,3.846,346909.2,346964.8891,0.9998394964396989,10219.2109,0.0,0
sz159915-H1_weekly_binary_hysteresis-fee0.001,2026-06-13,55.6891,0.0,90200.0,3.846,346909.2,346964.8891,0.9998394964396989,10219.2109,0.0,1
sz159915-H1_weekly_binary_hysteresis-fee0.001,2026-06-14,55.6891,0.0,90200.0,3.846,346909.2,346964.8891,0.9998394964396989,10219.2109,0.0,2
sz159915-H1_weekly_binary_hysteresis-fee0.001,2026-06-15,55.6891,0.0,90200.0,4.045,364859.0,364914.6891,0.9998473914543222,10219.2109,0.0,0
sz159915-H1_weekly_binary_hysteresis-fee0.001,2026-06-16,55.6891,0.0,90200.0,4.111,370812.2,370867.8891,0.9998498411384843,10219.2109,0.0,0
sz159915-H1_weekly_binary_hysteresis-fee0.001,2026-06-17,55.6891,0.0,90200.0,4.183,377306.6,377362.2891,0.9998524253705032,10219.2109,0.0,0
sz159915-H1_weekly_binary_hysteresis-fee0.001,2026-06-18,55.6891,0.0,90200.0,4.269,385063.8,385119.4891,0.9998553978659191,10219.2109,0.0,0
sz159915-H1_weekly_binary_hysteresis-fee0.001,2026-06-19,55.6891,0.0,90200.0,4.269,385063.8,385119.4891,0.9998553978659191,10219.2109,0.0,1
sz159915-H1_weekly_binary_hysteresis-fee0.001,2026-06-20,55.6891,0.0,90200.0,4.269,385063.8,385119.4891,0.9998553978659191,10219.2109,0.0,2
sz159915-H1_weekly_binary_hysteresis-fee0.001,2026-06-21,55.6891,0.0,90200.0,4.269,385063.8,385119.4891,0.9998553978659191,10219.2109,0.0,3
sz159915-H1_weekly_binary_hysteresis-fee0.001,2026-06-22,55.6891,0.0,90200.0,4.379,394985.8,395041.4891,0.9998590297436178,10219.2109,0.0,0
sz159915-H1_weekly_binary_hysteresis-fee0.001,2026-06-23,55.6891,0.0,90200.0,4.21,379742.0,379797.6891,0.9998533716723449,10219.2109,0.0,0
sz159915-H1_weekly_binary_hysteresis-fee0.001,2026-06-24,55.6891,0.0,90200.0,4.258,384071.6,384127.2891,0.9998550243589033,10219.2109,0.0,0
sz159915-H1_weekly_binary_hysteresis-fee0.001,2026-06-25,55.6891,0.0,90200.0,4.395,396429.0,396484.6891,0.9998595428738335,10219.2109,0.0,0
sz159915-H1_weekly_binary_hysteresis-fee0.001,2026-06-26,55.6891,0.0,90200.0,4.215,380193.0,380248.6891,0.9998535455832029,10219.2109,0.0,0
sz159915-H1_weekly_binary_hysteresis-fee0.001,2026-06-27,55.6891,0.0,90200.0,4.215,380193.0,380248.6891,0.9998535455832029,10219.2109,0.0,1
sz159915-H1_weekly_binary_hysteresis-fee0.001,2026-06-28,55.6891,0.0,90200.0,4.215,380193.0,380248.6891,0.9998535455832029,10219.2109,0.0,2
sz159915-H1_weekly_binary_hysteresis-fee0.001,2026-06-29,55.6891,0.0,90200.0,4.236,382087.2,382142.8891,0.9998542715262054,10219.2109,0.0,0
sz159915-H1_weekly_binary_hysteresis-fee0.001,2026-06-30,55.6891,0.0,90200.0,4.364,393632.8,393688.4891,0.9998585452672815,10219.2109,0.0,0
