groups: 宽基ETF(7), 行业ETF(33), A股指数(8), 个股(82), 美股ETF(3), 全池(133)
=== breakout × b3 × vc0 ===
[done] 宽基ETF B_bre_cb20_cl02_b3_vc0          N=  23  expR=+1.367  IS=-0.450  OOS=+4.775  top1=512100.SS  2s
[done] 行业ETF B_bre_cb20_cl02_b3_vc0          N= 136  expR=-0.427  IS=-0.496  OOS=-0.319  top1=512660.SS  5s
[done] A股指数  B_bre_cb20_cl02_b3_vc0          N=  67  expR=+0.005  IS=-0.314  OOS=+0.942  top1=000905.SS  2s
[done] 个股    B_bre_cb20_cl02_b3_vc0          N= 103  expR=+0.074  IS=-0.105  OOS=+0.405  top1=600460.SS  17s
[done] 美股ETF B_bre_cb20_cl02_b3_vc0          N=  11  expR=-0.338  IS=-0.159  OOS=-0.818  top1=IGV  1s
[done] 宽基ETF B_bre_cb20_cl03_b3_vc0          N=  59  expR=-0.006  IS=-0.512  OOS=+1.352  top1=512100.SS  2s
[done] 行业ETF B_bre_cb20_cl03_b3_vc0          N= 173  expR=-0.280  IS=-0.366  OOS=-0.105  top1=518850.SS  5s
[done] A股指数  B_bre_cb20_cl03_b3_vc0          N= 100  expR=-0.003  IS=-0.316  OOS=+0.989  top1=000001.SS  2s
[done] 个股    B_bre_cb20_cl03_b3_vc0          N= 199  expR=+0.395  IS=+0.312  OOS=+0.536  top1=002821.SZ  30s
[done] 美股ETF B_bre_cb20_cl03_b3_vc0          N=  18  expR=-0.123  IS=-0.095  OOS=-0.194  top1=IGV  1s
[done] 宽基ETF B_bre_cb20_cl04_b3_vc0          N=  82  expR=+0.168  IS=-0.328  OOS=+1.365  top1=512100.SS  2s
[done] 行业ETF B_bre_cb20_cl04_b3_vc0          N= 218  expR=-0.463  IS=-0.579  OOS=-0.264  top1=512580.SS  5s
[done] A股指数  B_bre_cb20_cl04_b3_vc0          N= 111  expR=-0.111  IS=-0.197  OOS=+0.157  top1=000001.SZ  2s
[done] 个股    B_bre_cb20_cl04_b3_vc0          N= 272  expR=+0.313  IS=+0.196  OOS=+0.558  top1=002371.SZ  17s
[done] 美股ETF B_bre_cb20_cl04_b3_vc0          N=  22  expR=-0.150  IS=-0.152  OOS=-0.145  top1=IGV  1s
[done] 宽基ETF B_bre_cb20_cl05_b3_vc0          N=  94  expR=-0.250  IS=-0.436  OOS=+0.323  top1=159901.SZ  2s
[done] 行业ETF B_bre_cb20_cl05_b3_vc0          N= 253  expR=-0.233  IS=-0.410  OOS=+0.099  top1=516010.SS  5s
[done] A股指数  B_bre_cb20_cl05_b3_vc0          N= 118  expR=-0.220  IS=-0.243  OOS=-0.133  top1=000001.SZ  2s
[done] 个股    B_bre_cb20_cl05_b3_vc0          N= 341  expR=+0.212  IS=+0.177  OOS=+0.285  top1=002821.SZ  18s
[done] 美股ETF B_bre_cb20_cl05_b3_vc0          N=  27  expR=-0.110  IS=+0.003  OOS=-0.379  top1=IGV  1s
[done] 宽基ETF B_bre_cb20_cl06_b3_vc0          N=  94  expR=-0.234  IS=-0.415  OOS=+0.323  top1=159901.SZ  2s
[done] 行业ETF B_bre_cb20_cl06_b3_vc0          N= 256  expR=-0.232  IS=-0.380  OOS=+0.075  top1=516010.SS  5s
[done] A股指数  B_bre_cb20_cl06_b3_vc0          N= 118  expR=-0.154  IS=-0.156  OOS=-0.144  top1=000001.SZ  2s
[done] 个股    B_bre_cb20_cl06_b3_vc0          N= 407  expR=+0.282  IS=+0.156  OOS=+0.561  top1=600362.SS  18s
[done] 美股ETF B_bre_cb20_cl06_b3_vc0          N=  31  expR=-0.218  IS=-0.161  OOS=-0.379  top1=IGV  1s
[done] 宽基ETF B_bre_cb20_cl08_b3_vc0          N=  97  expR=-0.185  IS=-0.347  OOS=+0.307  top1=512100.SS  2s
[done] 行业ETF B_bre_cb20_cl08_b3_vc0          N= 259  expR=-0.209  IS=-0.333  OOS=+0.057  top1=516010.SS  5s
[done] A股指数  B_bre_cb20_cl08_b3_vc0          N= 119  expR=-0.106  IS=-0.152  OOS=+0.060  top1=000001.SZ  2s
[done] 个股    B_bre_cb20_cl08_b3_vc0          N= 519  expR=+0.342  IS=+0.147  OOS=+0.831  top1=300347.SZ  18s
[done] 美股ETF B_bre_cb20_cl08_b3_vc0          N=  32  expR=-0.052  IS=+0.056  OOS=-0.379  top1=IGV  1s
[done] 宽基ETF B_bre_cb20_cl10_b3_vc0          N= 104  expR=-0.157  IS=-0.317  OOS=+0.350  top1=512100.SS  2s
[done] 行业ETF B_bre_cb20_cl10_b3_vc0          N= 204  expR=+0.010  IS=-0.131  OOS=+0.324  top1=516010.SS  5s
[done] A股指数  B_bre_cb20_cl10_b3_vc0          N= 111  expR=-0.041  IS=-0.132  OOS=+0.404  top1=000001.SZ  2s
[done] 个股    B_bre_cb20_cl10_b3_vc0          N= 590  expR=+0.278  IS=+0.108  OOS=+0.719  top1=300347.SZ  18s
[done] 美股ETF B_bre_cb20_cl10_b3_vc0          N=  37  expR=+0.290  IS=-0.022  OOS=+1.132  top1=XLK  1s
[done] 宽基ETF B_bre_cb30_cl02_b3_vc0          N=  19  expR=+1.679  IS=-0.573  OOS=+4.775  top1=512100.SS  1s
[done] 行业ETF B_bre_cb30_cl02_b3_vc0          N=  84  expR=-0.269  IS=-0.593  OOS=+0.185  top1=512660.SS  5s
[done] A股指数  B_bre_cb30_cl02_b3_vc0          N=  39  expR=+0.268  IS=-0.309  OOS=+1.941  top1=000001.SZ  2s
[done] 个股    B_bre_cb30_cl02_b3_vc0          N=  57  expR=-0.047  IS=-0.299  OOS=+0.419  top1=600893.SS  17s
[done] 美股ETF B_bre_cb30_cl02_b3_vc0          N=   8  expR=-0.531  IS=-0.116  OOS=-1.222  top1=IGV  1s
[done] 宽基ETF B_bre_cb30_cl03_b3_vc0          N=  42  expR=+0.143  IS=-0.577  OOS=+1.750  top1=512100.SS  2s
[done] 行业ETF B_bre_cb30_cl03_b3_vc0          N= 113  expR=+0.007  IS=-0.198  OOS=+0.394  top1=512660.SS  5s
[done] A股指数  B_bre_cb30_cl03_b3_vc0          N=  61  expR=+0.049  IS=-0.287  OOS=+0.992  top1=000016.SS  2s
[done] 个股    B_bre_cb30_cl03_b3_vc0          N= 100  expR=+0.533  IS=+0.181  OOS=+1.133  top1=002371.SZ  17s
[done] 美股ETF B_bre_cb30_cl03_b3_vc0          N=  12  expR=-0.368  IS=-0.099  OOS=-0.906  top1=IGV  1s
[done] 宽基ETF B_bre_cb30_cl04_b3_vc0          N=  57  expR=+0.076  IS=-0.586  OOS=+1.402  top1=512100.SS  2s
[done] 行业ETF B_bre_cb30_cl04_b3_vc0          N= 149  expR=+0.394  IS=+0.588  OOS=+0.043  top1=518850.SS  5s
[done] A股指数  B_bre_cb30_cl04_b3_vc0          N=  68  expR=+0.117  IS=-0.259  OOS=+1.163  top1=000016.SS  2s
[done] 个股    B_bre_cb30_cl04_b3_vc0          N= 141  expR=+0.443  IS=+0.121  OOS=+1.131  top1=002371.SZ  17s
[done] 美股ETF B_bre_cb30_cl04_b3_vc0          N=  12  expR=-0.323  IS=-0.031  OOS=-0.906  top1=IGV  1s
[done] 宽基ETF B_bre_cb30_cl05_b3_vc0          N=  56  expR=-0.260  IS=-0.579  OOS=+0.539  top1=510050.SS  2s
[done] 行业ETF B_bre_cb30_cl05_b3_vc0          N= 182  expR=+0.213  IS=+0.325  OOS=-0.010  top1=518850.SS  5s
[done] A股指数  B_bre_cb30_cl05_b3_vc0          N=  72  expR=+0.008  IS=-0.273  OOS=+0.852  top1=000016.SS  2s
[done] 个股    B_bre_cb30_cl05_b3_vc0          N= 169  expR=+0.264  IS=+0.048  OOS=+0.807  top1=002371.SZ  17s
[done] 美股ETF B_bre_cb30_cl05_b3_vc0          N=  10  expR=-0.323  IS=+0.136  OOS=-0.782  top1=IGV  1s
[done] 宽基ETF B_bre_cb30_cl06_b3_vc0          N=  61  expR=-0.175  IS=-0.429  OOS=+0.539  top1=159901.SZ  2s
[done] 行业ETF B_bre_cb30_cl06_b3_vc0          N= 184  expR=+0.149  IS=+0.213  OOS=+0.018  top1=518850.SS  5s
[done] A股指数  B_bre_cb30_cl06_b3_vc0          N=  73  expR=+0.060  IS=-0.199  OOS=+0.852  top1=000016.SS  2s
[done] 个股    B_bre_cb30_cl06_b3_vc0          N= 194  expR=+0.253  IS=+0.045  OOS=+0.739  top1=002371.SZ  17s
[done] 美股ETF B_bre_cb30_cl06_b3_vc0          N=  12  expR=-0.384  IS=-0.100  OOS=-0.782  top1=IGV  1s
[done] 宽基ETF B_bre_cb30_cl08_b3_vc0          N=  60  expR=-0.216  IS=-0.490  OOS=+0.606  top1=510050.SS  2s
[done] 行业ETF B_bre_cb30_cl08_b3_vc0          N= 185  expR=+0.125  IS=+0.233  OOS=-0.094  top1=518850.SS  5s
[done] A股指数  B_bre_cb30_cl08_b3_vc0          N=  73  expR=+0.073  IS=-0.188  OOS=+1.080  top1=000016.SS  2s
[done] 个股    B_bre_cb30_cl08_b3_vc0          N= 225  expR=+0.243  IS=+0.066  OOS=+0.763  top1=002371.SZ  18s
[done] 美股ETF B_bre_cb30_cl08_b3_vc0          N=  13  expR=-0.407  IS=-0.174  OOS=-0.782  top1=IGV  1s
[done] 宽基ETF B_bre_cb30_cl10_b3_vc0          N=  61  expR=-0.246  IS=-0.523  OOS=+0.606  top1=510050.SS  2s
[done] 行业ETF B_bre_cb30_cl10_b3_vc0          N= 170  expR=+0.118  IS=+0.247  OOS=-0.184  top1=518850.SS  5s
[done] A股指数  B_bre_cb30_cl10_b3_vc0          N=  70  expR=+0.009  IS=-0.202  OOS=+0.935  top1=000001.SS  2s
[done] 个股    B_bre_cb30_cl10_b3_vc0          N= 253  expR=+0.226  IS=+0.080  OOS=+0.640  top1=002371.SZ  18s
[done] 美股ETF B_bre_cb30_cl10_b3_vc0          N=  16  expR=-0.322  IS=-0.113  OOS=-0.782  top1=IGV  1s
[done] 宽基ETF B_bre_cb40_cl02_b3_vc0          N=  14  expR=+2.684  IS=-0.104  OOS=+4.775  top1=512100.SS  2s
[done] 行业ETF B_bre_cb40_cl02_b3_vc0          N=  72  expR=-0.518  IS=-0.870  OOS=+0.185  top1=515030.SS  5s
[done] A股指数  B_bre_cb40_cl02_b3_vc0          N=  34  expR=+0.446  IS=-0.194  OOS=+1.984  top1=000001.SZ  2s
[done] 个股    B_bre_cb40_cl02_b3_vc0          N=  37  expR=-0.031  IS=-0.261  OOS=+0.447  top1=600893.SS  17s
[done] 美股ETF B_bre_cb40_cl02_b3_vc0          N=   6  expR=+1.491  IS=+1.818  OOS=-0.149  top1=IGV  1s
[done] 宽基ETF B_bre_cb40_cl03_b3_vc0          N=  26  expR=+0.741  IS=-0.500  OOS=+1.981  top1=512100.SS  2s
[done] 行业ETF B_bre_cb40_cl03_b3_vc0          N=  84  expR=-0.258  IS=-0.388  OOS=+0.033  top1=518850.SS  5s
[done] A股指数  B_bre_cb40_cl03_b3_vc0          N=  50  expR=-0.070  IS=-0.274  OOS=+0.510  top1=000016.SS  2s
[done] 个股    B_bre_cb40_cl03_b3_vc0          N=  61  expR=+0.102  IS=+0.137  OOS=+0.043  top1=002371.SZ  17s
[done] 美股ETF B_bre_cb40_cl03_b3_vc0          N=   7  expR=+1.193  IS=+1.417  OOS=-0.149  top1=IGV  1s
[done] 宽基ETF B_bre_cb40_cl04_b3_vc0          N=  34  expR=+0.731  IS=+0.064  OOS=+1.481  top1=512100.SS  2s
[done] 行业ETF B_bre_cb40_cl04_b3_vc0          N=  98  expR=-0.414  IS=-0.464  OOS=-0.321  top1=518850.SS  5s
[done] A股指数  B_bre_cb40_cl04_b3_vc0          N=  59  expR=+0.044  IS=-0.127  OOS=+0.545  top1=000905.SS  2s
[done] 个股    B_bre_cb40_cl04_b3_vc0          N=  79  expR=+0.200  IS=+0.164  OOS=+0.290  top1=002371.SZ  17s
[done] 美股ETF B_bre_cb40_cl04_b3_vc0          N=   8  expR=+1.366  IS=+1.583  OOS=-0.149  top1=IGV  1s
[done] 宽基ETF B_bre_cb40_cl05_b3_vc0          N=  36  expR=+0.663  IS=-0.029  OOS=+1.750  top1=512100.SS  2s
[done] 行业ETF B_bre_cb40_cl05_b3_vc0          N= 116  expR=-0.111  IS=-0.405  OOS=+0.408  top1=518850.SS  5s
[done] A股指数  B_bre_cb40_cl05_b3_vc0          N=  67  expR=+0.010  IS=-0.151  OOS=+0.525  top1=000905.SS  2s
[done] 个股    B_bre_cb40_cl05_b3_vc0          N=  93  expR=+0.148  IS=+0.154  OOS=+0.135  top1=002371.SZ  17s
[done] 美股ETF B_bre_cb40_cl05_b3_vc0          N=  10  expR=+0.885  IS=+1.343  OOS=-0.949  top1=IGV  1s
[done] 宽基ETF B_bre_cb40_cl06_b3_vc0          N=  37  expR=+0.645  IS=-0.027  OOS=+1.750  top1=512100.SS  2s
[done] 行业ETF B_bre_cb40_cl06_b3_vc0          N= 125  expR=-0.205  IS=-0.363  OOS=+0.084  top1=518850.SS  5s
[done] A股指数  B_bre_cb40_cl06_b3_vc0          N=  67  expR=+0.024  IS=-0.133  OOS=+0.525  top1=000905.SS  2s
[done] 个股    B_bre_cb40_cl06_b3_vc0          N= 107  expR=+0.064  IS=+0.024  OOS=+0.150  top1=002371.SZ  18s
[done] 美股ETF B_bre_cb40_cl06_b3_vc0          N=   9  expR=+0.932  IS=+1.469  OOS=-0.949  top1=IGV  1s
[done] 宽基ETF B_bre_cb40_cl08_b3_vc0          N=  37  expR=+0.944  IS=+0.281  OOS=+2.326  top1=512100.SS  2s
[done] 行业ETF B_bre_cb40_cl08_b3_vc0          N= 127  expR=-0.185  IS=-0.359  OOS=+0.130  top1=518850.SS  5s
[done] A股指数  B_bre_cb40_cl08_b3_vc0          N=  65  expR=+0.013  IS=-0.148  OOS=+0.550  top1=000905.SS  2s
[done] 个股    B_bre_cb40_cl08_b3_vc0          N= 128  expR=+0.080  IS=-0.036  OOS=+0.377  top1=002371.SZ  18s
[done] 美股ETF B_bre_cb40_cl08_b3_vc0          N=  10  expR=+0.782  IS=+1.215  OOS=-0.949  top1=IGV  1s
[done] 宽基ETF B_bre_cb40_cl10_b3_vc0          N=  39  expR=+0.873  IS=+0.228  OOS=+2.326  top1=512100.SS  2s
[done] 行业ETF B_bre_cb40_cl10_b3_vc0          N= 126  expR=-0.118  IS=-0.275  OOS=+0.165  top1=518850.SS  5s
[done] A股指数  B_bre_cb40_cl10_b3_vc0          N=  62  expR=+0.010  IS=-0.150  OOS=+0.838  top1=000905.SS  2s
[done] 个股    B_bre_cb40_cl10_b3_vc0          N= 144  expR=+0.023  IS=-0.075  OOS=+0.270  top1=600893.SS  17s
[done] 美股ETF B_bre_cb40_cl10_b3_vc0          N=  11  expR=+0.705  IS=+1.072  OOS=-0.949  top1=IGV  1s
[done] 宽基ETF B_bre_cb63_cl02_b3_vc0          N=   6  expR=+4.203  IS=+0.465  OOS=+6.073  top1=510300.SS  1s
[done] 行业ETF B_bre_cb63_cl02_b3_vc0          N=  38  expR=+0.327  IS=-0.476  OOS=+1.558  top1=515130.SS  5s
[done] A股指数  B_bre_cb63_cl02_b3_vc0          N=  23  expR=+1.199  IS=-1.017  OOS=+5.355  top1=000001.SS  2s
[done] 个股    B_bre_cb63_cl02_b3_vc0          N=  17  expR=+0.062  IS=+0.072  OOS=+0.048  top1=600703.SS  17s
[done] 美股ETF B_bre_cb63_cl02_b3_vc0          N=   4  expR=-0.154  IS=-0.154  OOS=  -     top1=IGV  1s
[done] 宽基ETF B_bre_cb63_cl03_b3_vc0          N=   9  expR=+2.573  IS=-0.227  OOS=+6.073  top1=510300.SS  2s
[done] 行业ETF B_bre_cb63_cl03_b3_vc0          N=  46  expR=+0.003  IS=-0.373  OOS=+0.644  top1=515130.SS  5s
[done] A股指数  B_bre_cb63_cl03_b3_vc0          N=  23  expR=+1.126  IS=-0.812  OOS=+4.759  top1=000001.SS  2s
[done] 个股    B_bre_cb63_cl03_b3_vc0          N=  21  expR=-0.204  IS=-0.354  OOS=+0.097  top1=600703.SS  17s
[done] 美股ETF B_bre_cb63_cl03_b3_vc0          N=   4  expR=-0.206  IS=-0.206  OOS=  -     top1=IGV  1s
[done] 宽基ETF B_bre_cb63_cl04_b3_vc0          N=  14  expR=+1.449  IS=-0.382  OOS=+3.891  top1=510300.SS  1s
[done] 行业ETF B_bre_cb63_cl04_b3_vc0          N=  50  expR=-0.019  IS=-0.283  OOS=+0.346  top1=159992.SZ  5s
[done] A股指数  B_bre_cb63_cl04_b3_vc0          N=  26  expR=+1.143  IS=-0.456  OOS=+4.163  top1=000001.SS  2s
[done] 个股    B_bre_cb63_cl04_b3_vc0          N=  30  expR=-0.190  IS=-0.303  OOS=+0.121  top1=600703.SS  17s
[done] 美股ETF B_bre_cb63_cl04_b3_vc0          N=   4  expR=-0.252  IS=-0.252  OOS=  -     top1=IGV  1s
[done] 宽基ETF B_bre_cb63_cl05_b3_vc0          N=  14  expR=+1.471  IS=-0.382  OOS=+3.941  top1=510300.SS  1s
[done] 行业ETF B_bre_cb63_cl05_b3_vc0          N=  59  expR=+0.108  IS=-0.183  OOS=+0.453  top1=515130.SS  5s
[done] A股指数  B_bre_cb63_cl05_b3_vc0          N=  29  expR=+0.996  IS=-0.392  OOS=+3.632  top1=000001.SS  2s
[done] 个股    B_bre_cb63_cl05_b3_vc0          N=  35  expR=-0.132  IS=-0.199  OOS=+0.033  top1=002371.SZ  17s
[done] 美股ETF B_bre_cb63_cl05_b3_vc0          N=   6  expR=-0.808  IS=-0.707  OOS=-1.010  top1=IGV  1s
[done] 宽基ETF B_bre_cb63_cl06_b3_vc0          N=  17  expR=+1.150  IS=-0.298  OOS=+3.219  top1=510300.SS  1s
[done] 行业ETF B_bre_cb63_cl06_b3_vc0          N=  62  expR=+0.145  IS=-0.126  OOS=+0.496  top1=515130.SS  5s
[done] A股指数  B_bre_cb63_cl06_b3_vc0          N=  31  expR=+0.912  IS=-0.383  OOS=+3.632  top1=000001.SS  2s
[done] 个股    B_bre_cb63_cl06_b3_vc0          N=  40  expR=-0.179  IS=-0.244  OOS=-0.008  top1=002371.SZ  17s
[done] 美股ETF B_bre_cb63_cl06_b3_vc0          N=   6  expR=-0.808  IS=-0.707  OOS=-1.010  top1=IGV  1s
[done] 宽基ETF B_bre_cb63_cl08_b3_vc0          N=  18  expR=+1.076  IS=-0.287  OOS=+3.219  top1=510300.SS  1s
[done] 行业ETF B_bre_cb63_cl08_b3_vc0          N=  65  expR=+0.075  IS=-0.261  OOS=+0.519  top1=515130.SS  5s
[done] A股指数  B_bre_cb63_cl08_b3_vc0          N=  32  expR=+0.901  IS=-0.341  OOS=+3.632  top1=000001.SS  2s
[done] 个股    B_bre_cb63_cl08_b3_vc0          N=  49  expR=-0.147  IS=-0.201  OOS=+0.038  top1=002371.SZ  18s
[done] 美股ETF B_bre_cb63_cl08_b3_vc0          N=   6  expR=-0.808  IS=-0.707  OOS=-1.010  top1=IGV  1s
[done] 宽基ETF B_bre_cb63_cl10_b3_vc0          N=  18  expR=+1.076  IS=-0.287  OOS=+3.219  top1=510300.SS  2s
[done] 行业ETF B_bre_cb63_cl10_b3_vc0          N=  59  expR=+0.152  IS=-0.247  OOS=+0.734  top1=515130.SS  5s
[done] A股指数  B_bre_cb63_cl10_b3_vc0          N=  32  expR=+0.192  IS=-0.339  OOS=+1.548  top1=000016.SS  2s
[done] 个股    B_bre_cb63_cl10_b3_vc0          N=  53  expR=-0.130  IS=-0.174  OOS=+0.038  top1=002371.SZ  17s
[done] 美股ETF B_bre_cb63_cl10_b3_vc0          N=   8  expR=-0.685  IS=-0.579  OOS=-0.860  top1=XLK  1s
[done] 宽基ETF B_bre_cb90_cl02_b3_vc0          N=   2  expR=+2.609  IS=-0.045  OOS=+5.262  top1=510050.SS  1s
[done] 行业ETF B_bre_cb90_cl02_b3_vc0          N=  23  expR=-0.444  IS=-0.706  OOS=+0.156  top1=515130.SS  5s
[done] A股指数  B_bre_cb90_cl02_b3_vc0          N=  10  expR=+4.079  IS=+0.138  OOS=+13.275  top1=000905.SS  2s
[done] 个股    B_bre_cb90_cl02_b3_vc0          N=   5  expR=-0.531  IS=-0.256  OOS=-0.715  top1=002475.SZ  18s
[done] 美股ETF B_bre_cb90_cl02_b3_vc0          N=   3  expR=-0.240  IS=-1.447  OOS=+2.175  top1=IGV  1s
[done] 宽基ETF B_bre_cb90_cl03_b3_vc0          N=   2  expR=+2.609  IS=-0.045  OOS=+5.262  top1=510050.SS  1s
[done] 行业ETF B_bre_cb90_cl03_b3_vc0          N=  29  expR=-0.174  IS=-0.279  OOS=+0.100  top1=518850.SS  5s
[done] A股指数  B_bre_cb90_cl03_b3_vc0          N=  13  expR=+5.439  IS=+1.144  OOS=+15.102  top1=000300.SS  2s
[done] 个股    B_bre_cb90_cl03_b3_vc0          N=   2  expR=+0.375  IS=+0.375  OOS=  -     top1=002594.SZ  18s
[done] 美股ETF B_bre_cb90_cl03_b3_vc0          N=   3  expR=-0.240  IS=-1.447  OOS=+2.175  top1=IGV  1s
[done] 宽基ETF B_bre_cb90_cl04_b3_vc0          N=   2  expR=+2.609  IS=-0.045  OOS=+5.262  top1=510050.SS  2s
[done] 行业ETF B_bre_cb90_cl04_b3_vc0          N=  36  expR=-0.078  IS=-0.238  OOS=+0.242  top1=159928.SZ  5s
[done] A股指数  B_bre_cb90_cl04_b3_vc0          N=  17  expR=+4.025  IS=+1.057  OOS=+8.265  top1=000300.SS  2s
[done] 个股    B_bre_cb90_cl04_b3_vc0          N=   3  expR=-0.029  IS=+0.325  OOS=-0.739  top1=002594.SZ  17s
[done] 美股ETF B_bre_cb90_cl04_b3_vc0          N=   3  expR=-0.240  IS=-1.447  OOS=+2.175  top1=IGV  1s
[done] 宽基ETF B_bre_cb90_cl05_b3_vc0          N=   3  expR=+1.016  IS=-0.045  OOS=+1.546  top1=510050.SS  1s
[done] 行业ETF B_bre_cb90_cl05_b3_vc0          N=  37  expR=-0.054  IS=-0.195  OOS=+0.242  top1=159928.SZ  5s
[done] A股指数  B_bre_cb90_cl05_b3_vc0          N=  19  expR=+3.583  IS=+1.082  OOS=+7.021  top1=000300.SS  2s
[done] 个股    B_bre_cb90_cl05_b3_vc0          N=   3  expR=-0.029  IS=+0.325  OOS=-0.739  top1=002594.SZ  17s
[done] 美股ETF B_bre_cb90_cl05_b3_vc0          N=   3  expR=-0.240  IS=-1.447  OOS=+2.175  top1=IGV  1s
[done] 宽基ETF B_bre_cb90_cl06_b3_vc0          N=   5  expR=+3.005  IS=-0.045  OOS=+3.767  top1=512100.SS  1s
[done] 行业ETF B_bre_cb90_cl06_b3_vc0          N=  39  expR=-0.048  IS=-0.161  OOS=+0.178  top1=159928.SZ  5s
[done] A股指数  B_bre_cb90_cl06_b3_vc0          N=  19  expR=+3.583  IS=+1.082  OOS=+7.021  top1=000300.SS  2s
[done] 个股    B_bre_cb90_cl06_b3_vc0          N=   4  expR=-0.310  IS=-0.167  OOS=-0.739  top1=002594.SZ  17s
[done] 美股ETF B_bre_cb90_cl06_b3_vc0          N=   3  expR=-0.240  IS=-1.447  OOS=+2.175  top1=IGV  1s
[done] 宽基ETF B_bre_cb90_cl08_b3_vc0          N=   5  expR=+3.005  IS=-0.045  OOS=+3.767  top1=512100.SS  1s
[done] 行业ETF B_bre_cb90_cl08_b3_vc0          N=  37  expR=-0.048  IS=-0.170  OOS=+0.178  top1=159928.SZ  5s
[done] A股指数  B_bre_cb90_cl08_b3_vc0          N=  20  expR=+3.366  IS=+1.082  OOS=+6.157  top1=000300.SS  2s
[done] 个股    B_bre_cb90_cl08_b3_vc0          N=   7  expR=-0.450  IS=-0.402  OOS=-0.739  top1=002594.SZ  17s
[done] 美股ETF B_bre_cb90_cl08_b3_vc0          N=   3  expR=-0.240  IS=-1.447  OOS=+2.175  top1=IGV  1s
[done] 宽基ETF B_bre_cb90_cl10_b3_vc0          N=   5  expR=+3.005  IS=-0.045  OOS=+3.767  top1=512100.SS  1s
[done] 行业ETF B_bre_cb90_cl10_b3_vc0          N=  33  expR=+0.029  IS=-0.170  OOS=+0.559  top1=159928.SZ  5s
[done] A股指数  B_bre_cb90_cl10_b3_vc0          N=  20  expR=+3.375  IS=+0.973  OOS=+6.978  top1=000300.SS  2s
[done] 个股    B_bre_cb90_cl10_b3_vc0          N=   8  expR=-0.134  IS=-0.048  OOS=-0.739  top1=600460.SS  17s
[done] 美股ETF B_bre_cb90_cl10_b3_vc0          N=   4  expR=-0.198  IS=-0.988  OOS=+2.175  top1=IGV  1s
[done] 宽基ETF B_bre_cb126_cl02_b3_vc0         N=   0  expR=  -     IS=  -     OOS=  -     top1=-  1s
[done] 行业ETF B_bre_cb126_cl02_b3_vc0         N=  10  expR=-1.390  IS=-0.652  OOS=-2.496  top1=512890.SS  5s
[done] A股指数  B_bre_cb126_cl02_b3_vc0         N=   4  expR=-0.666  IS=-0.666  OOS=  -     top1=000905.SS  1s
[done] 个股    B_bre_cb126_cl02_b3_vc0         N=   2  expR=-1.441  IS=  -     OOS=-1.441  top1=600519.SS  17s
[done] 美股ETF B_bre_cb126_cl02_b3_vc0         N=   0  expR=  -     IS=  -     OOS=  -     top1=-  1s
[done] 宽基ETF B_bre_cb126_cl03_b3_vc0         N=   1  expR=+3.969  IS=+3.969  OOS=  -     top1=510500.SS  1s
[done] 行业ETF B_bre_cb126_cl03_b3_vc0         N=  11  expR=-1.531  IS=-0.960  OOS=-4.100  top1=518850.SS  5s
[done] A股指数  B_bre_cb126_cl03_b3_vc0         N=   4  expR=-0.595  IS=-0.595  OOS=  -     top1=000905.SS  2s
[done] 个股    B_bre_cb126_cl03_b3_vc0         N=   2  expR=-1.441  IS=  -     OOS=-1.441  top1=600519.SS  17s
[done] 美股ETF B_bre_cb126_cl03_b3_vc0         N=   0  expR=  -     IS=  -     OOS=  -     top1=-  1s
[done] 宽基ETF B_bre_cb126_cl04_b3_vc0         N=   1  expR=+3.969  IS=+3.969  OOS=  -     top1=510500.SS  1s
[done] 行业ETF B_bre_cb126_cl04_b3_vc0         N=  12  expR=-1.439  IS=-0.969  OOS=-2.848  top1=518850.SS  5s
[done] A股指数  B_bre_cb126_cl04_b3_vc0         N=   5  expR=+0.406  IS=+0.406  OOS=  -     top1=000905.SS  1s
[done] 个股    B_bre_cb126_cl04_b3_vc0         N=   2  expR=-1.441  IS=  -     OOS=-1.441  top1=600519.SS  17s
[done] 美股ETF B_bre_cb126_cl04_b3_vc0         N=   0  expR=  -     IS=  -     OOS=  -     top1=-  1s
[done] 宽基ETF B_bre_cb126_cl05_b3_vc0         N=   1  expR=+3.969  IS=+3.969  OOS=  -     top1=510500.SS  1s
[done] 行业ETF B_bre_cb126_cl05_b3_vc0         N=  14  expR=-1.197  IS=-0.784  OOS=-2.230  top1=518850.SS  5s
[done] A股指数  B_bre_cb126_cl05_b3_vc0         N=   5  expR=+0.406  IS=+0.406  OOS=  -     top1=000905.SS  2s
[done] 个股    B_bre_cb126_cl05_b3_vc0         N=   2  expR=-1.441  IS=  -     OOS=-1.441  top1=600519.SS  17s
[done] 美股ETF B_bre_cb126_cl05_b3_vc0         N=   0  expR=  -     IS=  -     OOS=  -     top1=-  1s
[done] 宽基ETF B_bre_cb126_cl06_b3_vc0         N=   1  expR=+3.969  IS=+3.969  OOS=  -     top1=510500.SS  1s
[done] 行业ETF B_bre_cb126_cl06_b3_vc0         N=  14  expR=-1.197  IS=-0.784  OOS=-2.230  top1=518850.SS  5s
[done] A股指数  B_bre_cb126_cl06_b3_vc0         N=   6  expR=+0.394  IS=+0.394  OOS=  -     top1=000905.SS  1s
[done] 个股    B_bre_cb126_cl06_b3_vc0         N=   2  expR=-1.441  IS=  -     OOS=-1.441  top1=600519.SS  17s
[done] 美股ETF B_bre_cb126_cl06_b3_vc0         N=   1  expR=-0.123  IS=-0.123  OOS=  -     top1=SOXX  1s
[done] 宽基ETF B_bre_cb126_cl08_b3_vc0         N=   1  expR=+3.969  IS=+3.969  OOS=  -     top1=510500.SS  1s
[done] 行业ETF B_bre_cb126_cl08_b3_vc0         N=  13  expR=-1.419  IS=-1.059  OOS=-2.230  top1=518850.SS  5s
[done] A股指数  B_bre_cb126_cl08_b3_vc0         N=   6  expR=+0.394  IS=+0.394  OOS=  -     top1=000905.SS  2s
[done] 个股    B_bre_cb126_cl08_b3_vc0         N=   2  expR=-1.441  IS=  -     OOS=-1.441  top1=600519.SS  17s
[done] 美股ETF B_bre_cb126_cl08_b3_vc0         N=   1  expR=-0.123  IS=-0.123  OOS=  -     top1=SOXX  1s
[done] 宽基ETF B_bre_cb126_cl10_b3_vc0         N=   1  expR=+3.969  IS=+3.969  OOS=  -     top1=510500.SS  1s
[done] 行业ETF B_bre_cb126_cl10_b3_vc0         N=  11  expR=-1.537  IS=-1.059  OOS=-3.687  top1=518850.SS  5s
[done] A股指数  B_bre_cb126_cl10_b3_vc0         N=   7  expR=+0.367  IS=+0.394  OOS=+0.204  top1=000905.SS  2s
[done] 个股    B_bre_cb126_cl10_b3_vc0         N=   2  expR=-1.441  IS=  -     OOS=-1.441  top1=600519.SS  17s
[done] 美股ETF B_bre_cb126_cl10_b3_vc0         N=   1  expR=-0.123  IS=-0.123  OOS=  -     top1=SOXX  1s
[done] 宽基ETF B_bre_cb180_cl02_b3_vc0         N=   0  expR=  -     IS=  -     OOS=  -     top1=-  1s
[done] 行业ETF B_bre_cb180_cl02_b3_vc0         N=   2  expR=+5.315  IS=+5.315  OOS=  -     top1=518850.SS  5s
[done] A股指数  B_bre_cb180_cl02_b3_vc0         N=   0  expR=  -     IS=  -     OOS=  -     top1=-  1s
[done] 个股    B_bre_cb180_cl02_b3_vc0         N=   0  expR=  -     IS=  -     OOS=  -     top1=-  17s
[done] 美股ETF B_bre_cb180_cl02_b3_vc0         N=   0  expR=  -     IS=  -     OOS=  -     top1=-  1s
[done] 宽基ETF B_bre_cb180_cl03_b3_vc0         N=   0  expR=  -     IS=  -     OOS=  -     top1=-  1s
[done] 行业ETF B_bre_cb180_cl03_b3_vc0         N=   4  expR=+2.652  IS=+5.315  OOS=-0.011  top1=518850.SS  5s
[done] A股指数  B_bre_cb180_cl03_b3_vc0         N=   0  expR=  -     IS=  -     OOS=  -     top1=-  2s
[done] 个股    B_bre_cb180_cl03_b3_vc0         N=   0  expR=  -     IS=  -     OOS=  -     top1=-  17s
[done] 美股ETF B_bre_cb180_cl03_b3_vc0         N=   0  expR=  -     IS=  -     OOS=  -     top1=-  1s
[done] 宽基ETF B_bre_cb180_cl04_b3_vc0         N=   0  expR=  -     IS=  -     OOS=  -     top1=-  1s
[done] 行业ETF B_bre_cb180_cl04_b3_vc0         N=   4  expR=+2.652  IS=+5.315  OOS=-0.011  top1=518850.SS  5s
[done] A股指数  B_bre_cb180_cl04_b3_vc0         N=   0  expR=  -     IS=  -     OOS=  -     top1=-  2s
[done] 个股    B_bre_cb180_cl04_b3_vc0         N=   0  expR=  -     IS=  -     OOS=  -     top1=-  17s
[done] 美股ETF B_bre_cb180_cl04_b3_vc0         N=   0  expR=  -     IS=  -     OOS=  -     top1=-  1s
[done] 宽基ETF B_bre_cb180_cl05_b3_vc0         N=   0  expR=  -     IS=  -     OOS=  -     top1=-  1s
[done] 行业ETF B_bre_cb180_cl05_b3_vc0         N=   6  expR=+1.542  IS=+5.315  OOS=-0.345  top1=518850.SS  5s
[done] A股指数  B_bre_cb180_cl05_b3_vc0         N=   0  expR=  -     IS=  -     OOS=  -     top1=-  1s
[done] 个股    B_bre_cb180_cl05_b3_vc0         N=   0  expR=  -     IS=  -     OOS=  -     top1=-  17s
[done] 美股ETF B_bre_cb180_cl05_b3_vc0         N=   0  expR=  -     IS=  -     OOS=  -     top1=-  1s
[done] 宽基ETF B_bre_cb180_cl06_b3_vc0         N=   0  expR=  -     IS=  -     OOS=  -     top1=-  1s
[done] 行业ETF B_bre_cb180_cl06_b3_vc0         N=   6  expR=+1.542  IS=+5.315  OOS=-0.345  top1=518850.SS  5s
[done] A股指数  B_bre_cb180_cl06_b3_vc0         N=   0  expR=  -     IS=  -     OOS=  -     top1=-  1s
[done] 个股    B_bre_cb180_cl06_b3_vc0         N=   0  expR=  -     IS=  -     OOS=  -     top1=-  17s
[done] 美股ETF B_bre_cb180_cl06_b3_vc0         N=   0  expR=  -     IS=  -     OOS=  -     top1=-  1s
[done] 宽基ETF B_bre_cb180_cl08_b3_vc0         N=   0  expR=  -     IS=  -     OOS=  -     top1=-  1s
[done] 行业ETF B_bre_cb180_cl08_b3_vc0         N=   6  expR=+1.542  IS=+5.315  OOS=-0.345  top1=518850.SS  5s
[done] A股指数  B_bre_cb180_cl08_b3_vc0         N=   0  expR=  -     IS=  -     OOS=  -     top1=-  1s
[done] 个股    B_bre_cb180_cl08_b3_vc0         N=   0  expR=  -     IS=  -     OOS=  -     top1=-  17s
[done] 美股ETF B_bre_cb180_cl08_b3_vc0         N=   0  expR=  -     IS=  -     OOS=  -     top1=-  1s
[done] 宽基ETF B_bre_cb180_cl10_b3_vc0         N=   0  expR=  -     IS=  -     OOS=  -     top1=-  1s
[done] 行业ETF B_bre_cb180_cl10_b3_vc0         N=   4  expR=+2.652  IS=+5.315  OOS=-0.011  top1=518850.SS  5s
[done] A股指数  B_bre_cb180_cl10_b3_vc0         N=   1  expR=+0.204  IS=  -     OOS=+0.204  top1=000001.SS  2s
[done] 个股    B_bre_cb180_cl10_b3_vc0         N=   0  expR=  -     IS=  -     OOS=  -     top1=-  17s
[done] 美股ETF B_bre_cb180_cl10_b3_vc0         N=   0  expR=  -     IS=  -     OOS=  -     top1=-  1s
=== breakout × b3 × vc1 ===
[done] 宽基ETF B_bre_cb20_cl02_b3_vc1          N=   3  expR=+1.338  IS=-0.601  OOS=+2.307  top1=510300.SS  1s
[done] 行业ETF B_bre_cb20_cl02_b3_vc1          N=  20  expR=+0.204  IS=-0.418  OOS=+1.655  top1=515030.SS  3s
[done] A股指数  B_bre_cb20_cl02_b3_vc1          N=   0  expR=  -     IS=  -     OOS=  -     top1=-  1s
[done] 个股    B_bre_cb20_cl02_b3_vc1          N=  26  expR=+0.479  IS=+0.246  OOS=+1.110  top1=600460.SS  12s
[done] 美股ETF B_bre_cb20_cl02_b3_vc1          N=   0  expR=  -     IS=  -     OOS=  -     top1=-  1s
[done] 宽基ETF B_bre_cb20_cl03_b3_vc1          N=   5  expR=-0.245  IS=-0.576  OOS=-0.025  top1=510050.SS  1s
[done] 行业ETF B_bre_cb20_cl03_b3_vc1          N=  18  expR=-0.453  IS=-0.376  OOS=-1.074  top1=512010.SS  3s
[done] A股指数  B_bre_cb20_cl03_b3_vc1          N=   1  expR=+0.830  IS=+0.830  OOS=  -     top1=000016.SS  1s
[done] 个股    B_bre_cb20_cl03_b3_vc1          N=  48  expR=+0.605  IS=+0.717  OOS=+0.433  top1=600460.SS  12s
[done] 美股ETF B_bre_cb20_cl03_b3_vc1          N=   1  expR=-0.003  IS=-0.003  OOS=  -     top1=IGV  1s
[done] 宽基ETF B_bre_cb20_cl04_b3_vc1          N=   8  expR=-0.216  IS=-0.398  OOS=+0.087  top1=510300.SS  1s
[done] 行业ETF B_bre_cb20_cl04_b3_vc1          N=  22  expR=-0.070  IS=-0.291  OOS=+0.519  top1=515030.SS  3s
[done] A股指数  B_bre_cb20_cl04_b3_vc1          N=   2  expR=+0.632  IS=+0.830  OOS=+0.434  top1=000016.SS  1s
[done] 个股    B_bre_cb20_cl04_b3_vc1          N=  75  expR=+0.329  IS=+0.427  OOS=+0.189  top1=600460.SS  12s
[done] 美股ETF B_bre_cb20_cl04_b3_vc1          N=   1  expR=-0.003  IS=-0.003  OOS=  -     top1=IGV  1s
[done] 宽基ETF B_bre_cb20_cl05_b3_vc1          N=   9  expR=-0.271  IS=-0.450  OOS=+0.087  top1=510300.SS  1s
[done] 行业ETF B_bre_cb20_cl05_b3_vc1          N=  31  expR=-0.176  IS=-0.328  OOS=+0.262  top1=515030.SS  3s
[done] A股指数  B_bre_cb20_cl05_b3_vc1          N=   2  expR=+0.632  IS=+0.830  OOS=+0.434  top1=000016.SS  1s
[done] 个股    B_bre_cb20_cl05_b3_vc1          N=  81  expR=+0.528  IS=+0.631  OOS=+0.370  top1=300124.SZ  12s
[done] 美股ETF B_bre_cb20_cl05_b3_vc1          N=   1  expR=-0.003  IS=-0.003  OOS=  -     top1=IGV  1s
[done] 宽基ETF B_bre_cb20_cl06_b3_vc1          N=   9  expR=-0.271  IS=-0.450  OOS=+0.087  top1=510300.SS  1s
[done] 行业ETF B_bre_cb20_cl06_b3_vc1          N=  29  expR=-0.181  IS=-0.352  OOS=+0.357  top1=515030.SS  3s
[done] A股指数  B_bre_cb20_cl06_b3_vc1          N=   2  expR=+0.632  IS=+0.830  OOS=+0.434  top1=000016.SS  1s
[done] 个股    B_bre_cb20_cl06_b3_vc1          N=  98  expR=+0.417  IS=+0.468  OOS=+0.342  top1=300124.SZ  13s
[done] 美股ETF B_bre_cb20_cl06_b3_vc1          N=   1  expR=-0.003  IS=-0.003  OOS=  -     top1=IGV  1s
[done] 宽基ETF B_bre_cb20_cl08_b3_vc1          N=   9  expR=-0.180  IS=-0.450  OOS=+0.359  top1=159901.SZ  1s
[done] 行业ETF B_bre_cb20_cl08_b3_vc1          N=  33  expR=-0.458  IS=-0.402  OOS=-0.607  top1=512010.SS  3s
[done] A股指数  B_bre_cb20_cl08_b3_vc1          N=   3  expR=-0.159  IS=-0.670  OOS=+0.096  top1=000001.SS  1s
[done] 个股    B_bre_cb20_cl08_b3_vc1          N= 114  expR=+0.392  IS=+0.506  OOS=+0.190  top1=300124.SZ  13s
[done] 美股ETF B_bre_cb20_cl08_b3_vc1          N=   1  expR=-0.003  IS=-0.003  OOS=  -     top1=IGV  1s
[done] 宽基ETF B_bre_cb20_cl10_b3_vc1          N=   8  expR=-0.042  IS=-0.419  OOS=+0.586  top1=159915.SZ  1s
[done] 行业ETF B_bre_cb20_cl10_b3_vc1          N=  28  expR=-0.422  IS=-0.362  OOS=-0.602  top1=512010.SS  3s
[done] A股指数  B_bre_cb20_cl10_b3_vc1          N=   3  expR=-0.172  IS=-0.670  OOS=+0.077  top1=000001.SS  1s
[done] 个股    B_bre_cb20_cl10_b3_vc1          N= 135  expR=+0.333  IS=+0.389  OOS=+0.233  top1=300124.SZ  13s
[done] 美股ETF B_bre_cb20_cl10_b3_vc1          N=   2  expR=-0.037  IS=-0.037  OOS=  -     top1=IGV  1s
[done] 宽基ETF B_bre_cb30_cl02_b3_vc1          N=   4  expR=+0.948  IS=-0.412  OOS=+2.307  top1=510300.SS  1s
[done] 行业ETF B_bre_cb30_cl02_b3_vc1          N=  13  expR=+0.276  IS=-0.801  OOS=+2.001  top1=515030.SS  3s
[done] A股指数  B_bre_cb30_cl02_b3_vc1          N=   0  expR=  -     IS=  -     OOS=  -     top1=-  1s
[done] 个股    B_bre_cb30_cl02_b3_vc1          N=  13  expR=-0.133  IS=-0.328  OOS=+0.520  top1=300003.SZ  12s
[done] 美股ETF B_bre_cb30_cl02_b3_vc1          N=   0  expR=  -     IS=  -     OOS=  -     top1=-  1s
[done] 宽基ETF B_bre_cb30_cl03_b3_vc1          N=   4  expR=-0.159  IS=-0.412  OOS=+0.093  top1=510050.SS  1s
[done] 行业ETF B_bre_cb30_cl03_b3_vc1          N=  15  expR=-0.499  IS=-0.342  OOS=-1.521  top1=512010.SS  3s
[done] A股指数  B_bre_cb30_cl03_b3_vc1          N=   0  expR=  -     IS=  -     OOS=  -     top1=000001.SZ  1s
[done] 个股    B_bre_cb30_cl03_b3_vc1          N=  23  expR=+0.429  IS=+0.734  OOS=-0.269  top1=300059.SZ  12s
[done] 美股ETF B_bre_cb30_cl03_b3_vc1          N=   0  expR=  -     IS=  -     OOS=  -     top1=-  1s
[done] 宽基ETF B_bre_cb30_cl04_b3_vc1          N=   5  expR=-0.025  IS=-0.304  OOS=+0.394  top1=510300.SS  1s
[done] 行业ETF B_bre_cb30_cl04_b3_vc1          N=  20  expR=-0.064  IS=-0.275  OOS=+0.569  top1=515030.SS  3s
[done] A股指数  B_bre_cb30_cl04_b3_vc1          N=   0  expR=  -     IS=  -     OOS=  -     top1=000001.SZ  1s
[done] 个股    B_bre_cb30_cl04_b3_vc1          N=  35  expR=+0.286  IS=+0.213  OOS=+0.447  top1=002179.SZ  12s
[done] 美股ETF B_bre_cb30_cl04_b3_vc1          N=   0  expR=  -     IS=  -     OOS=  -     top1=-  1s
[done] 宽基ETF B_bre_cb30_cl05_b3_vc1          N=   5  expR=-0.025  IS=-0.304  OOS=+0.394  top1=510300.SS  1s
[done] 行业ETF B_bre_cb30_cl05_b3_vc1          N=  26  expR=-0.151  IS=-0.270  OOS=+0.172  top1=515030.SS  3s
[done] A股指数  B_bre_cb30_cl05_b3_vc1          N=   0  expR=  -     IS=  -     OOS=  -     top1=000001.SZ  1s
[done] 个股    B_bre_cb30_cl05_b3_vc1          N=  38  expR=+0.314  IS=+0.357  OOS=+0.231  top1=002179.SZ  12s
[done] 美股ETF B_bre_cb30_cl05_b3_vc1          N=   0  expR=  -     IS=  -     OOS=  -     top1=-  1s
[done] 宽基ETF B_bre_cb30_cl06_b3_vc1          N=   5  expR=-0.025  IS=-0.304  OOS=+0.394  top1=510300.SS  1s
[done] 行业ETF B_bre_cb30_cl06_b3_vc1          N=  25  expR=-0.151  IS=-0.285  OOS=+0.193  top1=515030.SS  3s
[done] A股指数  B_bre_cb30_cl06_b3_vc1          N=   1  expR=+3.092  IS=+3.092  OOS=  -     top1=000001.SZ  1s
[done] 个股    B_bre_cb30_cl06_b3_vc1          N=  50  expR=+0.148  IS=+0.129  OOS=+0.188  top1=002179.SZ  12s
[done] 美股ETF B_bre_cb30_cl06_b3_vc1          N=   1  expR=-0.543  IS=-0.543  OOS=  -     top1=XLK  1s
[done] 宽基ETF B_bre_cb30_cl08_b3_vc1          N=   5  expR=+0.049  IS=-0.304  OOS=+0.579  top1=510300.SS  1s
[done] 行业ETF B_bre_cb30_cl08_b3_vc1          N=  26  expR=-0.406  IS=-0.252  OOS=-0.826  top1=512010.SS  3s
[done] A股指数  B_bre_cb30_cl08_b3_vc1          N=   2  expR=+1.211  IS=+1.211  OOS=  -     top1=000001.SZ  1s
[done] 个股    B_bre_cb30_cl08_b3_vc1          N=  46  expR=+0.136  IS=+0.128  OOS=+0.153  top1=600460.SS  12s
[done] 美股ETF B_bre_cb30_cl08_b3_vc1          N=   1  expR=-0.543  IS=-0.543  OOS=  -     top1=XLK  1s
[done] 宽基ETF B_bre_cb30_cl10_b3_vc1          N=   5  expR=+0.049  IS=-0.304  OOS=+0.579  top1=510300.SS  1s
[done] 行业ETF B_bre_cb30_cl10_b3_vc1          N=  29  expR=-0.344  IS=-0.191  OOS=-0.826  top1=512010.SS  3s
[done] A股指数  B_bre_cb30_cl10_b3_vc1          N=   2  expR=+1.211  IS=+1.211  OOS=  -     top1=000001.SZ  1s
[done] 个股    B_bre_cb30_cl10_b3_vc1          N=  58  expR=+0.122  IS=+0.177  OOS=+0.017  top1=002179.SZ  12s
[done] 美股ETF B_bre_cb30_cl10_b3_vc1          N=   1  expR=-0.543  IS=-0.543  OOS=  -     top1=XLK  1s
[done] 宽基ETF B_bre_cb40_cl02_b3_vc1          N=   2  expR=+2.307  IS=  -     OOS=+2.307  top1=510300.SS  1s
[done] 行业ETF B_bre_cb40_cl02_b3_vc1          N=   9  expR=+0.965  IS=-0.648  OOS=+2.980  top1=515030.SS  3s
[done] A股指数  B_bre_cb40_cl02_b3_vc1          N=   0  expR=  -     IS=  -     OOS=  -     top1=-  1s
[done] 个股    B_bre_cb40_cl02_b3_vc1          N=   8  expR=-0.417  IS=-0.388  OOS=-0.624  top1=002594.SZ  12s
[done] 美股ETF B_bre_cb40_cl02_b3_vc1          N=   0  expR=  -     IS=  -     OOS=  -     top1=-  1s
[done] 宽基ETF B_bre_cb40_cl03_b3_vc1          N=   4  expR=+0.983  IS=-0.563  OOS=+1.498  top1=510300.SS  1s
[done] 行业ETF B_bre_cb40_cl03_b3_vc1          N=   9  expR=-0.238  IS=-0.067  OOS=-0.581  top1=512660.SS  3s
[done] A股指数  B_bre_cb40_cl03_b3_vc1          N=   0  expR=  -     IS=  -     OOS=  -     top1=-  1s
[done] 个股    B_bre_cb40_cl03_b3_vc1          N=  15  expR=-0.286  IS=-0.333  OOS=-0.215  top1=600196.SS  12s
[done] 美股ETF B_bre_cb40_cl03_b3_vc1          N=   0  expR=  -     IS=  -     OOS=  -     top1=-  1s
[done] 宽基ETF B_bre_cb40_cl04_b3_vc1          N=   4  expR=+0.736  IS=-0.637  OOS=+2.109  top1=510300.SS  1s
[done] 行业ETF B_bre_cb40_cl04_b3_vc1          N=  13  expR=+0.253  IS=+0.016  OOS=+0.529  top1=515030.SS  3s
[done] A股指数  B_bre_cb40_cl04_b3_vc1          N=   0  expR=  -     IS=  -     OOS=  -     top1=-  1s
[done] 个股    B_bre_cb40_cl04_b3_vc1          N=  23  expR=+0.034  IS=-0.059  OOS=+0.245  top1=600196.SS  12s
[done] 美股ETF B_bre_cb40_cl04_b3_vc1          N=   0  expR=  -     IS=  -     OOS=  -     top1=-  1s
[done] 宽基ETF B_bre_cb40_cl05_b3_vc1          N=   3  expR=+1.218  IS=-0.563  OOS=+2.109  top1=510300.SS  1s
[done] 行业ETF B_bre_cb40_cl05_b3_vc1          N=  16  expR=+0.135  IS=+0.014  OOS=+0.256  top1=515030.SS  3s
[done] A股指数  B_bre_cb40_cl05_b3_vc1          N=   0  expR=  -     IS=  -     OOS=  -     top1=-  1s
[done] 个股    B_bre_cb40_cl05_b3_vc1          N=  28  expR=+0.061  IS=+0.094  OOS=-0.010  top1=600196.SS  12s
[done] 美股ETF B_bre_cb40_cl05_b3_vc1          N=   0  expR=  -     IS=  -     OOS=  -     top1=-  1s
[done] 宽基ETF B_bre_cb40_cl06_b3_vc1          N=   3  expR=+1.218  IS=-0.563  OOS=+2.109  top1=510300.SS  1s
[done] 行业ETF B_bre_cb40_cl06_b3_vc1          N=  16  expR=-0.008  IS=-0.331  OOS=+0.529  top1=515030.SS  4s
[done] A股指数  B_bre_cb40_cl06_b3_vc1          N=   0  expR=  -     IS=  -     OOS=  -     top1=000001.SS  1s
[done] 个股    B_bre_cb40_cl06_b3_vc1          N=  37  expR=-0.090  IS=-0.130  OOS=-0.006  top1=600196.SS  12s
[done] 美股ETF B_bre_cb40_cl06_b3_vc1          N=   0  expR=  -     IS=  -     OOS=  -     top1=-  1s
[done] 宽基ETF B_bre_cb40_cl08_b3_vc1          N=   3  expR=+1.675  IS=-0.563  OOS=+2.794  top1=510300.SS  1s
[done] 行业ETF B_bre_cb40_cl08_b3_vc1          N=  19  expR=-0.033  IS=-0.293  OOS=+0.529  top1=515030.SS  3s
[done] A股指数  B_bre_cb40_cl08_b3_vc1          N=   0  expR=  -     IS=  -     OOS=  -     top1=000001.SS  1s
[done] 个股    B_bre_cb40_cl08_b3_vc1          N=  34  expR=+0.044  IS=-0.063  OOS=+0.269  top1=300003.SZ  12s
[done] 美股ETF B_bre_cb40_cl08_b3_vc1          N=   0  expR=  -     IS=  -     OOS=  -     top1=-  1s
[done] 宽基ETF B_bre_cb40_cl10_b3_vc1          N=   4  expR=+1.184  IS=-0.426  OOS=+2.794  top1=510300.SS  1s
[done] 行业ETF B_bre_cb40_cl10_b3_vc1          N=  23  expR=-0.084  IS=-0.279  OOS=+0.283  top1=515030.SS  3s
[done] A股指数  B_bre_cb40_cl10_b3_vc1          N=   0  expR=  -     IS=  -     OOS=  -     top1=000001.SS  1s
[done] 个股    B_bre_cb40_cl10_b3_vc1          N=  41  expR=+0.093  IS=-0.075  OOS=+0.382  top1=000831.SZ  12s
[done] 美股ETF B_bre_cb40_cl10_b3_vc1          N=   1  expR=-0.071  IS=-0.071  OOS=  -     top1=SOXX  1s
[done] 宽基ETF B_bre_cb63_cl02_b3_vc1          N=   0  expR=  -     IS=  -     OOS=  -     top1=-  1s
[done] 行业ETF B_bre_cb63_cl02_b3_vc1          N=   2  expR=+3.007  IS=-0.302  OOS=+6.316  top1=562590.SS  4s
[done] A股指数  B_bre_cb63_cl02_b3_vc1          N=   0  expR=  -     IS=  -     OOS=  -     top1=-  1s
[done] 个股    B_bre_cb63_cl02_b3_vc1          N=   6  expR=+0.214  IS=-0.189  OOS=+0.617  top1=600703.SS  12s
[done] 美股ETF B_bre_cb63_cl02_b3_vc1          N=   1  expR=-0.180  IS=-0.180  OOS=  -     top1=SOXX  1s
[done] 宽基ETF B_bre_cb63_cl03_b3_vc1          N=   0  expR=  -     IS=  -     OOS=  -     top1=-  1s
[done] 行业ETF B_bre_cb63_cl03_b3_vc1          N=   3  expR=-1.324  IS=-1.722  OOS=-0.526  top1=512890.SS  3s
[done] A股指数  B_bre_cb63_cl03_b3_vc1          N=   1  expR=+1.384  IS=  -     OOS=+1.384  top1=000001.SZ  1s
[done] 个股    B_bre_cb63_cl03_b3_vc1          N=   7  expR=-0.136  IS=-0.702  OOS=+0.617  top1=600703.SS  12s
[done] 美股ETF B_bre_cb63_cl03_b3_vc1          N=   1  expR=-0.180  IS=-0.180  OOS=  -     top1=SOXX  1s
[done] 宽基ETF B_bre_cb63_cl04_b3_vc1          N=   0  expR=  -     IS=  -     OOS=  -     top1=-  1s
[done] 行业ETF B_bre_cb63_cl04_b3_vc1          N=   2  expR=-0.414  IS=-0.302  OOS=-0.526  top1=512890.SS  3s
[done] A股指数  B_bre_cb63_cl04_b3_vc1          N=   1  expR=+1.384  IS=  -     OOS=+1.384  top1=000001.SZ  1s
[done] 个股    B_bre_cb63_cl04_b3_vc1          N=   7  expR=-0.153  IS=-0.731  OOS=+0.617  top1=600703.SS  12s
[done] 美股ETF B_bre_cb63_cl04_b3_vc1          N=   1  expR=-0.180  IS=-0.180  OOS=  -     top1=SOXX  1s
[done] 宽基ETF B_bre_cb63_cl05_b3_vc1          N=   1  expR=-0.693  IS=  -     OOS=-0.693  top1=510300.SS  1s
[done] 行业ETF B_bre_cb63_cl05_b3_vc1          N=   4  expR=-0.156  IS=-0.302  OOS=-0.108  top1=512760.SS  3s
[done] A股指数  B_bre_cb63_cl05_b3_vc1          N=   1  expR=+1.384  IS=  -     OOS=+1.384  top1=000001.SZ  1s
[done] 个股    B_bre_cb63_cl05_b3_vc1          N=  10  expR=+0.273  IS=+0.048  OOS=+0.610  top1=002371.SZ  12s
[done] 美股ETF B_bre_cb63_cl05_b3_vc1          N=   1  expR=-0.180  IS=-0.180  OOS=  -     top1=SOXX  1s
[done] 宽基ETF B_bre_cb63_cl06_b3_vc1          N=   1  expR=-0.693  IS=  -     OOS=-0.693  top1=510300.SS  1s
[done] 行业ETF B_bre_cb63_cl06_b3_vc1          N=   4  expR=+0.131  IS=-0.302  OOS=+0.275  top1=512760.SS  3s
[done] A股指数  B_bre_cb63_cl06_b3_vc1          N=   1  expR=+1.384  IS=  -     OOS=+1.384  top1=000001.SZ  1s
[done] 个股    B_bre_cb63_cl06_b3_vc1          N=  11  expR=+0.197  IS=+0.048  OOS=+0.375  top1=002371.SZ  12s
[done] 美股ETF B_bre_cb63_cl06_b3_vc1          N=   1  expR=-0.180  IS=-0.180  OOS=  -     top1=SOXX  1s
[done] 宽基ETF B_bre_cb63_cl08_b3_vc1          N=   1  expR=-0.693  IS=  -     OOS=-0.693  top1=510300.SS  1s
[done] 行业ETF B_bre_cb63_cl08_b3_vc1          N=   3  expR=+0.275  IS=  -     OOS=+0.275  top1=512760.SS  3s
[done] A股指数  B_bre_cb63_cl08_b3_vc1          N=   1  expR=+1.384  IS=  -     OOS=+1.384  top1=000001.SZ  1s
[done] 个股    B_bre_cb63_cl08_b3_vc1          N=  13  expR=+0.313  IS=+0.274  OOS=+0.375  top1=002371.SZ  12s
[done] 美股ETF B_bre_cb63_cl08_b3_vc1          N=   1  expR=-0.180  IS=-0.180  OOS=  -     top1=SOXX  1s
[done] 宽基ETF B_bre_cb63_cl10_b3_vc1          N=   1  expR=-0.693  IS=  -     OOS=-0.693  top1=510300.SS  1s
[done] 行业ETF B_bre_cb63_cl10_b3_vc1          N=   3  expR=+0.275  IS=  -     OOS=+0.275  top1=512760.SS  3s
[done] A股指数  B_bre_cb63_cl10_b3_vc1          N=   1  expR=+1.384  IS=  -     OOS=+1.384  top1=000001.SZ  1s
[done] 个股    B_bre_cb63_cl10_b3_vc1          N=  12  expR=+0.372  IS=+0.370  OOS=+0.375  top1=002371.SZ  12s
[done] 美股ETF B_bre_cb63_cl10_b3_vc1          N=   2  expR=-0.125  IS=-0.125  OOS=  -     top1=SOXX  1s
[done] 宽基ETF B_bre_cb90_cl02_b3_vc1          N=   0  expR=  -     IS=  -     OOS=  -     top1=-  1s
[done] 行业ETF B_bre_cb90_cl02_b3_vc1          N=   2  expR=+0.042  IS=+0.042  OOS=  -     top1=512890.SS  3s
[done] A股指数  B_bre_cb90_cl02_b3_vc1          N=   0  expR=  -     IS=  -     OOS=  -     top1=-  1s
[done] 个股    B_bre_cb90_cl02_b3_vc1          N=   1  expR=-0.265  IS=-0.265  OOS=  -     top1=000768.SZ  12s
[done] 美股ETF B_bre_cb90_cl02_b3_vc1          N=   0  expR=  -     IS=  -     OOS=  -     top1=-  1s
[done] 宽基ETF B_bre_cb90_cl03_b3_vc1          N=   0  expR=  -     IS=  -     OOS=  -     top1=-  1s
[done] 行业ETF B_bre_cb90_cl03_b3_vc1          N=   2  expR=+0.042  IS=+0.042  OOS=  -     top1=512890.SS  3s
[done] A股指数  B_bre_cb90_cl03_b3_vc1          N=   0  expR=  -     IS=  -     OOS=  -     top1=-  1s
[done] 个股    B_bre_cb90_cl03_b3_vc1          N=   2  expR=+0.375  IS=+0.375  OOS=  -     top1=002594.SZ  12s
[done] 美股ETF B_bre_cb90_cl03_b3_vc1          N=   0  expR=  -     IS=  -     OOS=  -     top1=-  1s
[done] 宽基ETF B_bre_cb90_cl04_b3_vc1          N=   0  expR=  -     IS=  -     OOS=  -     top1=-  1s
[done] 行业ETF B_bre_cb90_cl04_b3_vc1          N=   3  expR=-1.059  IS=-1.059  OOS=  -     top1=512890.SS  3s
[done] A股指数  B_bre_cb90_cl04_b3_vc1          N=   0  expR=  -     IS=  -     OOS=  -     top1=-  1s
[done] 个股    B_bre_cb90_cl04_b3_vc1          N=   2  expR=+0.138  IS=+1.014  OOS=-0.739  top1=002594.SZ  12s
[done] 美股ETF B_bre_cb90_cl04_b3_vc1          N=   0  expR=  -     IS=  -     OOS=  -     top1=-  1s
[done] 宽基ETF B_bre_cb90_cl05_b3_vc1          N=   0  expR=  -     IS=  -     OOS=  -     top1=-  1s
[done] 行业ETF B_bre_cb90_cl05_b3_vc1          N=   3  expR=-1.059  IS=-1.059  OOS=  -     top1=512890.SS  3s
[done] A股指数  B_bre_cb90_cl05_b3_vc1          N=   0  expR=  -     IS=  -     OOS=  -     top1=-  1s
[done] 个股    B_bre_cb90_cl05_b3_vc1          N=   2  expR=+0.138  IS=+1.014  OOS=-0.739  top1=002594.SZ  12s
[done] 美股ETF B_bre_cb90_cl05_b3_vc1          N=   0  expR=  -     IS=  -     OOS=  -     top1=-  1s
[done] 宽基ETF B_bre_cb90_cl06_b3_vc1          N=   0  expR=  -     IS=  -     OOS=  -     top1=-  1s
[done] 行业ETF B_bre_cb90_cl06_b3_vc1          N=   5  expR=-0.886  IS=-0.961  OOS=-0.587  top1=512890.SS  3s
[done] A股指数  B_bre_cb90_cl06_b3_vc1          N=   0  expR=  -     IS=  -     OOS=  -     top1=-  1s
[done] 个股    B_bre_cb90_cl06_b3_vc1          N=   2  expR=+0.138  IS=+1.014  OOS=-0.739  top1=002594.SZ  12s
[done] 美股ETF B_bre_cb90_cl06_b3_vc1          N=   0  expR=  -     IS=  -     OOS=  -     top1=-  1s
[done] 宽基ETF B_bre_cb90_cl08_b3_vc1          N=   0  expR=  -     IS=  -     OOS=  -     top1=-  1s
[done] 行业ETF B_bre_cb90_cl08_b3_vc1          N=   4  expR=-1.126  IS=-1.306  OOS=-0.587  top1=518850.SS  3s
[done] A股指数  B_bre_cb90_cl08_b3_vc1          N=   0  expR=  -     IS=  -     OOS=  -     top1=-  1s
[done] 个股    B_bre_cb90_cl08_b3_vc1          N=   2  expR=+0.138  IS=+1.014  OOS=-0.739  top1=002594.SZ  12s
[done] 美股ETF B_bre_cb90_cl08_b3_vc1          N=   0  expR=  -     IS=  -     OOS=  -     top1=-  1s
[done] 宽基ETF B_bre_cb90_cl10_b3_vc1          N=   0  expR=  -     IS=  -     OOS=  -     top1=-  1s
[done] 行业ETF B_bre_cb90_cl10_b3_vc1          N=   4  expR=-1.126  IS=-1.306  OOS=-0.587  top1=518850.SS  3s
[done] A股指数  B_bre_cb90_cl10_b3_vc1          N=   0  expR=  -     IS=  -     OOS=  -     top1=-  1s
[done] 个股    B_bre_cb90_cl10_b3_vc1          N=   2  expR=+0.138  IS=+1.014  OOS=-0.739  top1=002594.SZ  12s
[done] 美股ETF B_bre_cb90_cl10_b3_vc1          N=   1  expR=-0.071  IS=-0.071  OOS=  -     top1=SOXX  1s
[done] 宽基ETF B_bre_cb126_cl02_b3_vc1         N=   0  expR=  -     IS=  -     OOS=  -     top1=-  1s
[done] 行业ETF B_bre_cb126_cl02_b3_vc1         N=   1  expR=-7.000  IS=  -     OOS=-7.000  top1=515300.SS  3s
[done] A股指数  B_bre_cb126_cl02_b3_vc1         N=   0  expR=  -     IS=  -     OOS=  -     top1=-  1s
[done] 个股    B_bre_cb126_cl02_b3_vc1         N=   0  expR=  -     IS=  -     OOS=  -     top1=-  12s
[done] 美股ETF B_bre_cb126_cl02_b3_vc1         N=   0  expR=  -     IS=  -     OOS=  -     top1=-  1s
[done] 宽基ETF B_bre_cb126_cl03_b3_vc1         N=   0  expR=  -     IS=  -     OOS=  -     top1=-  1s
[done] 行业ETF B_bre_cb126_cl03_b3_vc1         N=   2  expR=-5.000  IS=-3.000  OOS=-7.000  top1=512890.SS  3s
[done] A股指数  B_bre_cb126_cl03_b3_vc1         N=   0  expR=  -     IS=  -     OOS=  -     top1=-  1s
[done] 个股    B_bre_cb126_cl03_b3_vc1         N=   0  expR=  -     IS=  -     OOS=  -     top1=-  12s
[done] 美股ETF B_bre_cb126_cl03_b3_vc1         N=   0  expR=  -     IS=  -     OOS=  -     top1=-  1s
[done] 宽基ETF B_bre_cb126_cl04_b3_vc1         N=   0  expR=  -     IS=  -     OOS=  -     top1=-  1s
[done] 行业ETF B_bre_cb126_cl04_b3_vc1         N=   2  expR=-5.000  IS=-3.000  OOS=-7.000  top1=512890.SS  3s
[done] A股指数  B_bre_cb126_cl04_b3_vc1         N=   0  expR=  -     IS=  -     OOS=  -     top1=-  1s
[done] 个股    B_bre_cb126_cl04_b3_vc1         N=   0  expR=  -     IS=  -     OOS=  -     top1=-  12s
[done] 美股ETF B_bre_cb126_cl04_b3_vc1         N=   0  expR=  -     IS=  -     OOS=  -     top1=-  1s
[done] 宽基ETF B_bre_cb126_cl05_b3_vc1         N=   0  expR=  -     IS=  -     OOS=  -     top1=-  1s
[done] 行业ETF B_bre_cb126_cl05_b3_vc1         N=   2  expR=-5.000  IS=-3.000  OOS=-7.000  top1=512890.SS  3s
[done] A股指数  B_bre_cb126_cl05_b3_vc1         N=   0  expR=  -     IS=  -     OOS=  -     top1=-  1s
[done] 个股    B_bre_cb126_cl05_b3_vc1         N=   0  expR=  -     IS=  -     OOS=  -     top1=-  12s
[done] 美股ETF B_bre_cb126_cl05_b3_vc1         N=   0  expR=  -     IS=  -     OOS=  -     top1=-  1s
[done] 宽基ETF B_bre_cb126_cl06_b3_vc1         N=   0  expR=  -     IS=  -     OOS=  -     top1=-  1s
[done] 行业ETF B_bre_cb126_cl06_b3_vc1         N=   2  expR=-5.000  IS=-3.000  OOS=-7.000  top1=512890.SS  3s
[done] A股指数  B_bre_cb126_cl06_b3_vc1         N=   0  expR=  -     IS=  -     OOS=  -     top1=-  1s
[done] 个股    B_bre_cb126_cl06_b3_vc1         N=   0  expR=  -     IS=  -     OOS=  -     top1=-  13s
[done] 美股ETF B_bre_cb126_cl06_b3_vc1         N=   0  expR=  -     IS=  -     OOS=  -     top1=-  1s
[done] 宽基ETF B_bre_cb126_cl08_b3_vc1         N=   0  expR=  -     IS=  -     OOS=  -     top1=-  1s
[done] 行业ETF B_bre_cb126_cl08_b3_vc1         N=   2  expR=-5.000  IS=-3.000  OOS=-7.000  top1=512890.SS  3s
[done] A股指数  B_bre_cb126_cl08_b3_vc1         N=   0  expR=  -     IS=  -     OOS=  -     top1=-  1s
[done] 个股    B_bre_cb126_cl08_b3_vc1         N=   0  expR=  -     IS=  -     OOS=  -     top1=-  12s
[done] 美股ETF B_bre_cb126_cl08_b3_vc1         N=   0  expR=  -     IS=  -     OOS=  -     top1=-  1s
[done] 宽基ETF B_bre_cb126_cl10_b3_vc1         N=   0  expR=  -     IS=  -     OOS=  -     top1=-  1s
[done] 行业ETF B_bre_cb126_cl10_b3_vc1         N=   2  expR=-5.000  IS=-3.000  OOS=-7.000  top1=512890.SS  3s
[done] A股指数  B_bre_cb126_cl10_b3_vc1         N=   0  expR=  -     IS=  -     OOS=  -     top1=-  1s
[done] 个股    B_bre_cb126_cl10_b3_vc1         N=   0  expR=  -     IS=  -     OOS=  -     top1=-  12s
[done] 美股ETF B_bre_cb126_cl10_b3_vc1         N=   0  expR=  -     IS=  -     OOS=  -     top1=-  1s
[done] 宽基ETF B_bre_cb180_cl02_b3_vc1         N=   0  expR=  -     IS=  -     OOS=  -     top1=-  1s
[done] 行业ETF B_bre_cb180_cl02_b3_vc1         N=   0  expR=  -     IS=  -     OOS=  -     top1=-  3s
[done] A股指数  B_bre_cb180_cl02_b3_vc1         N=   0  expR=  -     IS=  -     OOS=  -     top1=-  1s
[done] 个股    B_bre_cb180_cl02_b3_vc1         N=   0  expR=  -     IS=  -     OOS=  -     top1=-  12s
[done] 美股ETF B_bre_cb180_cl02_b3_vc1         N=   0  expR=  -     IS=  -     OOS=  -     top1=-  1s
[done] 宽基ETF B_bre_cb180_cl03_b3_vc1         N=   0  expR=  -     IS=  -     OOS=  -     top1=-  1s
[done] 行业ETF B_bre_cb180_cl03_b3_vc1         N=   0  expR=  -     IS=  -     OOS=  -     top1=-  3s
[done] A股指数  B_bre_cb180_cl03_b3_vc1         N=   0  expR=  -     IS=  -     OOS=  -     top1=-  1s
[done] 个股    B_bre_cb180_cl03_b3_vc1         N=   0  expR=  -     IS=  -     OOS=  -     top1=-  12s
[done] 美股ETF B_bre_cb180_cl03_b3_vc1         N=   0  expR=  -     IS=  -     OOS=  -     top1=-  1s
[done] 宽基ETF B_bre_cb180_cl04_b3_vc1         N=   0  expR=  -     IS=  -     OOS=  -     top1=-  1s
[done] 行业ETF B_bre_cb180_cl04_b3_vc1         N=   0  expR=  -     IS=  -     OOS=  -     top1=-  3s
[done] A股指数  B_bre_cb180_cl04_b3_vc1         N=   0  expR=  -     IS=  -     OOS=  -     top1=-  1s
[done] 个股    B_bre_cb180_cl04_b3_vc1         N=   0  expR=  -     IS=  -     OOS=  -     top1=-  12s
[done] 美股ETF B_bre_cb180_cl04_b3_vc1         N=   0  expR=  -     IS=  -     OOS=  -     top1=-  1s
[done] 宽基ETF B_bre_cb180_cl05_b3_vc1         N=   0  expR=  -     IS=  -     OOS=  -     top1=-  1s
[done] 行业ETF B_bre_cb180_cl05_b3_vc1         N=   0  expR=  -     IS=  -     OOS=  -     top1=-  3s
[done] A股指数  B_bre_cb180_cl05_b3_vc1         N=   0  expR=  -     IS=  -     OOS=  -     top1=-  1s
[done] 个股    B_bre_cb180_cl05_b3_vc1         N=   0  expR=  -     IS=  -     OOS=  -     top1=-  12s
[done] 美股ETF B_bre_cb180_cl05_b3_vc1         N=   0  expR=  -     IS=  -     OOS=  -     top1=-  1s
[done] 宽基ETF B_bre_cb180_cl06_b3_vc1         N=   0  expR=  -     IS=  -     OOS=  -     top1=-  1s
[done] 行业ETF B_bre_cb180_cl06_b3_vc1         N=   0  expR=  -     IS=  -     OOS=  -     top1=-  3s
[done] A股指数  B_bre_cb180_cl06_b3_vc1         N=   0  expR=  -     IS=  -     OOS=  -     top1=-  1s
[done] 个股    B_bre_cb180_cl06_b3_vc1         N=   0  expR=  -     IS=  -     OOS=  -     top1=-  12s
[done] 美股ETF B_bre_cb180_cl06_b3_vc1         N=   0  expR=  -     IS=  -     OOS=  -     top1=-  1s
[done] 宽基ETF B_bre_cb180_cl08_b3_vc1         N=   0  expR=  -     IS=  -     OOS=  -     top1=-  1s
[done] 行业ETF B_bre_cb180_cl08_b3_vc1         N=   0  expR=  -     IS=  -     OOS=  -     top1=-  3s
[done] A股指数  B_bre_cb180_cl08_b3_vc1         N=   0  expR=  -     IS=  -     OOS=  -     top1=-  1s
[done] 个股    B_bre_cb180_cl08_b3_vc1         N=   0  expR=  -     IS=  -     OOS=  -     top1=-  12s
[done] 美股ETF B_bre_cb180_cl08_b3_vc1         N=   0  expR=  -     IS=  -     OOS=  -     top1=-  1s
[done] 宽基ETF B_bre_cb180_cl10_b3_vc1         N=   0  expR=  -     IS=  -     OOS=  -     top1=-  1s
[done] 行业ETF B_bre_cb180_cl10_b3_vc1         N=   0  expR=  -     IS=  -     OOS=  -     top1=-  3s
[done] A股指数  B_bre_cb180_cl10_b3_vc1         N=   0  expR=  -     IS=  -     OOS=  -     top1=-  1s
[done] 个股    B_bre_cb180_cl10_b3_vc1         N=   0  expR=  -     IS=  -     OOS=  -     top1=-  12s
[done] 美股ETF B_bre_cb180_cl10_b3_vc1         N=   0  expR=  -     IS=  -     OOS=  -     top1=-  1s
=== breakout × ss × vc0 ===
[done] 宽基ETF B_bre_cb20_cl02_ss_vc0          N=  16  expR=-1.594  IS=-1.444  OOS=-2.648  top1=159901.SZ  1s
[done] 行业ETF B_bre_cb20_cl02_ss_vc0          N= 114  expR=-2.108  IS=-2.094  OOS=-2.131  top1=159825.SZ  3s
[done] A股指数  B_bre_cb20_cl02_ss_vc0          N=  57  expR=-1.669  IS=-1.734  OOS=-1.269  top1=399006.SZ  1s
[done] 个股    B_bre_cb20_cl02_ss_vc0          N=  88  expR=-1.382  IS=-1.393  OOS=-1.358  top1=300136.SZ  12s
[done] 美股ETF B_bre_cb20_cl02_ss_vc0          N=  10  expR=-1.366  IS=-1.383  OOS=-1.326  top1=XLK  1s
[done] 宽基ETF B_bre_cb20_cl03_ss_vc0          N=  45  expR=-1.498  IS=-1.479  OOS=-1.763  top1=510300.SS  1s
[done] 行业ETF B_bre_cb20_cl03_ss_vc0          N= 144  expR=-2.013  IS=-2.055  OOS=-1.901  top1=512580.SS  3s
[done] A股指数  B_bre_cb20_cl03_ss_vc0          N=  86  expR=-1.502  IS=-1.516  OOS=-1.416  top1=399006.SZ  1s
[done] 个股    B_bre_cb20_cl03_ss_vc0          N= 170  expR=-1.424  IS=-1.354  OOS=-1.543  top1=002821.SZ  12s
[done] 美股ETF B_bre_cb20_cl03_ss_vc0          N=  14  expR=-1.338  IS=-1.342  OOS=-1.327  top1=XLK  1s
[done] 宽基ETF B_bre_cb20_cl04_ss_vc0          N=  63  expR=-1.492  IS=-1.465  OOS=-1.754  top1=510300.SS  1s
[done] 行业ETF B_bre_cb20_cl04_ss_vc0          N= 179  expR=-2.128  IS=-2.127  OOS=-2.132  top1=515050.SS  4s
[done] A股指数  B_bre_cb20_cl04_ss_vc0          N=  95  expR=-1.416  IS=-1.414  OOS=-1.431  top1=000001.SZ  1s
[done] 个股    B_bre_cb20_cl04_ss_vc0          N= 224  expR=-1.389  IS=-1.387  OOS=-1.392  top1=002821.SZ  12s
[done] 美股ETF B_bre_cb20_cl04_ss_vc0          N=  17  expR=-1.457  IS=-1.493  OOS=-1.371  top1=XLK  1s
[done] 宽基ETF B_bre_cb20_cl05_ss_vc0          N=  74  expR=-1.536  IS=-1.525  OOS=-1.655  top1=510300.SS  1s
[done] 行业ETF B_bre_cb20_cl05_ss_vc0          N= 202  expR=-2.017  IS=-2.104  OOS=-1.808  top1=515050.SS  4s
[done] A股指数  B_bre_cb20_cl05_ss_vc0          N= 103  expR=-1.408  IS=-1.409  OOS=-1.398  top1=000001.SZ  1s
[done] 个股    B_bre_cb20_cl05_ss_vc0          N= 283  expR=-1.440  IS=-1.431  OOS=-1.464  top1=002821.SZ  12s
[done] 美股ETF B_bre_cb20_cl05_ss_vc0          N=  21  expR=-1.456  IS=-1.445  OOS=-1.478  top1=XLK  1s
[done] 宽基ETF B_bre_cb20_cl06_ss_vc0          N=  74  expR=-1.531  IS=-1.520  OOS=-1.655  top1=510300.SS  1s
[done] 行业ETF B_bre_cb20_cl06_ss_vc0          N= 206  expR=-2.017  IS=-2.097  OOS=-1.801  top1=516220.SS  4s
[done] A股指数  B_bre_cb20_cl06_ss_vc0          N= 102  expR=-1.408  IS=-1.409  OOS=-1.398  top1=000001.SZ  1s
[done] 个股    B_bre_cb20_cl06_ss_vc0          N= 337  expR=-1.424  IS=-1.424  OOS=-1.425  top1=002241.SZ  13s
[done] 美股ETF B_bre_cb20_cl06_ss_vc0          N=  25  expR=-1.412  IS=-1.386  OOS=-1.478  top1=XLK  1s
[done] 宽基ETF B_bre_cb20_cl08_ss_vc0          N=  77  expR=-1.524  IS=-1.515  OOS=-1.615  top1=510300.SS  1s
[done] 行业ETF B_bre_cb20_cl08_ss_vc0          N= 207  expR=-1.973  IS=-2.023  OOS=-1.833  top1=515030.SS  4s
[done] A股指数  B_bre_cb20_cl08_ss_vc0          N= 100  expR=-1.399  IS=-1.400  OOS=-1.391  top1=000001.SZ  1s
[done] 个股    B_bre_cb20_cl08_ss_vc0          N= 428  expR=-1.450  IS=-1.400  OOS=-1.599  top1=002241.SZ  13s
[done] 美股ETF B_bre_cb20_cl08_ss_vc0          N=  26  expR=-1.323  IS=-1.266  OOS=-1.478  top1=XLK  1s
[done] 宽基ETF B_bre_cb20_cl10_ss_vc0          N=  83  expR=-1.509  IS=-1.499  OOS=-1.615  top1=510050.SS  1s
[done] 行业ETF B_bre_cb20_cl10_ss_vc0          N= 163  expR=-1.884  IS=-1.916  OOS=-1.786  top1=515030.SS  4s
[done] A股指数  B_bre_cb20_cl10_ss_vc0          N=  97  expR=-1.408  IS=-1.393  OOS=-1.572  top1=000001.SZ  1s
[done] 个股    B_bre_cb20_cl10_ss_vc0          N= 480  expR=-1.423  IS=-1.383  OOS=-1.556  top1=002241.SZ  13s
[done] 美股ETF B_bre_cb20_cl10_ss_vc0          N=  28  expR=-1.327  IS=-1.290  OOS=-1.420  top1=XLK  1s
[done] 宽基ETF B_bre_cb30_cl02_ss_vc0          N=  12  expR=-1.787  IS=-1.615  OOS=-2.648  top1=588000.SS  1s
[done] 行业ETF B_bre_cb30_cl02_ss_vc0          N=  66  expR=-2.154  IS=-2.311  OOS=-1.927  top1=512400.SS  3s
[done] A股指数  B_bre_cb30_cl02_ss_vc0          N=  32  expR=-1.660  IS=-1.711  OOS=-1.169  top1=000688.SS  1s
[done] 个股    B_bre_cb30_cl02_ss_vc0          N=  51  expR=-1.284  IS=-1.547  OOS=-0.756  top1=601238.SS  12s
[done] 美股ETF B_bre_cb30_cl02_ss_vc0          N=   8  expR=-1.282  IS=-1.014  OOS=-1.729  top1=IGV  1s
[done] 宽基ETF B_bre_cb30_cl03_ss_vc0          N=  29  expR=-1.587  IS=-1.598  OOS=-1.292  top1=512100.SS  1s
[done] 行业ETF B_bre_cb30_cl03_ss_vc0          N=  87  expR=-1.987  IS=-2.011  OOS=-1.934  top1=159992.SZ  3s
[done] A股指数  B_bre_cb30_cl03_ss_vc0          N=  50  expR=-1.519  IS=-1.528  OOS=-1.457  top1=000688.SS  1s
[done] 个股    B_bre_cb30_cl03_ss_vc0          N=  88  expR=-1.420  IS=-1.440  OOS=-1.383  top1=601238.SS  12s
[done] 美股ETF B_bre_cb30_cl03_ss_vc0          N=  11  expR=-1.402  IS=-1.279  OOS=-1.729  top1=XLK  1s
[done] 宽基ETF B_bre_cb30_cl04_ss_vc0          N=  40  expR=-1.717  IS=-1.724  OOS=-1.625  top1=512100.SS  1s
[done] 行业ETF B_bre_cb30_cl04_ss_vc0          N= 114  expR=-2.058  IS=-1.973  OOS=-2.237  top1=515220.SS  4s
[done] A股指数  B_bre_cb30_cl04_ss_vc0          N=  53  expR=-1.546  IS=-1.530  OOS=-1.744  top1=000001.SZ  1s
[done] 个股    B_bre_cb30_cl04_ss_vc0          N= 117  expR=-1.337  IS=-1.421  OOS=-1.123  top1=000661.SZ  12s
[done] 美股ETF B_bre_cb30_cl04_ss_vc0          N=  11  expR=-1.495  IS=-1.408  OOS=-1.729  top1=XLK  1s
[done] 宽基ETF B_bre_cb30_cl05_ss_vc0          N=  38  expR=-1.748  IS=-1.748  OOS=  -     top1=512100.SS  1s
[done] 行业ETF B_bre_cb30_cl05_ss_vc0          N= 137  expR=-1.928  IS=-1.991  OOS=-1.779  top1=515220.SS  3s
[done] A股指数  B_bre_cb30_cl05_ss_vc0          N=  57  expR=-1.537  IS=-1.531  OOS=-1.614  top1=000001.SZ  1s
[done] 个股    B_bre_cb30_cl05_ss_vc0          N= 142  expR=-1.340  IS=-1.389  OOS=-1.179  top1=000661.SZ  12s
[done] 美股ETF B_bre_cb30_cl05_ss_vc0          N=   9  expR=-1.347  IS=-1.153  OOS=-1.589  top1=XLK  1s
[done] 宽基ETF B_bre_cb30_cl06_ss_vc0          N=  43  expR=-1.717  IS=-1.717  OOS=  -     top1=512100.SS  1s
[done] 行业ETF B_bre_cb30_cl06_ss_vc0          N= 141  expR=-1.931  IS=-2.000  OOS=-1.769  top1=515220.SS  3s
[done] A股指数  B_bre_cb30_cl06_ss_vc0          N=  57  expR=-1.539  IS=-1.534  OOS=-1.614  top1=000001.SZ  1s
[done] 个股    B_bre_cb30_cl06_ss_vc0          N= 160  expR=-1.406  IS=-1.468  OOS=-1.200  top1=000831.SZ  12s
[done] 美股ETF B_bre_cb30_cl06_ss_vc0          N=  11  expR=-1.316  IS=-1.160  OOS=-1.589  top1=XLK  1s
[done] 宽基ETF B_bre_cb30_cl08_ss_vc0          N=  43  expR=-1.722  IS=-1.722  OOS=  -     top1=512100.SS  1s
[done] 行业ETF B_bre_cb30_cl08_ss_vc0          N= 141  expR=-1.899  IS=-1.949  OOS=-1.778  top1=515030.SS  4s
[done] A股指数  B_bre_cb30_cl08_ss_vc0          N=  59  expR=-1.521  IS=-1.514  OOS=-1.614  top1=000001.SZ  1s
[done] 个股    B_bre_cb30_cl08_ss_vc0          N= 185  expR=-1.384  IS=-1.470  OOS=-0.986  top1=000831.SZ  12s
[done] 美股ETF B_bre_cb30_cl08_ss_vc0          N=  12  expR=-1.274  IS=-1.117  OOS=-1.589  top1=XLK  1s
[done] 宽基ETF B_bre_cb30_cl10_ss_vc0          N=  43  expR=-1.730  IS=-1.730  OOS=  -     top1=512100.SS  1s
[done] 行业ETF B_bre_cb30_cl10_ss_vc0          N= 131  expR=-1.840  IS=-1.886  OOS=-1.705  top1=515030.SS  3s
[done] A股指数  B_bre_cb30_cl10_ss_vc0          N=  59  expR=-1.535  IS=-1.510  OOS=-1.885  top1=000001.SZ  1s
[done] 个股    B_bre_cb30_cl10_ss_vc0          N= 203  expR=-1.353  IS=-1.434  OOS=-0.976  top1=000831.SZ  12s
[done] 美股ETF B_bre_cb30_cl10_ss_vc0          N=  13  expR=-1.287  IS=-1.153  OOS=-1.589  top1=XLK  1s
[done] 宽基ETF B_bre_cb40_cl02_ss_vc0          N=   8  expR=-1.497  IS=-1.113  OOS=-2.648  top1=510050.SS  1s
[done] 行业ETF B_bre_cb40_cl02_ss_vc0          N=  57  expR=-2.298  IS=-2.522  OOS=-1.814  top1=512400.SS  3s
[done] A股指数  B_bre_cb40_cl02_ss_vc0          N=  27  expR=-1.798  IS=-1.877  OOS=-1.169  top1=000300.SS  1s
[done] 个股    B_bre_cb40_cl02_ss_vc0          N=  33  expR=-1.533  IS=-1.652  OOS=-1.260  top1=603993.SS  12s
[done] 美股ETF B_bre_cb40_cl02_ss_vc0          N=   6  expR=+1.374  IS=+1.921  OOS=-1.359  top1=IGV  1s
[done] 宽基ETF B_bre_cb40_cl03_ss_vc0          N=  18  expR=-1.202  IS=-1.184  OOS=-1.250  top1=512100.SS  1s
[done] 行业ETF B_bre_cb40_cl03_ss_vc0          N=  64  expR=-2.200  IS=-2.282  OOS=-1.976  top1=159992.SZ  3s
[done] A股指数  B_bre_cb40_cl03_ss_vc0          N=  40  expR=-1.644  IS=-1.692  OOS=-1.218  top1=000688.SS  1s
[done] 个股    B_bre_cb40_cl03_ss_vc0          N=  56  expR=-1.501  IS=-1.413  OOS=-1.646  top1=002371.SZ  12s
[done] 美股ETF B_bre_cb40_cl03_ss_vc0          N=   7  expR=+0.635  IS=+0.967  OOS=-1.359  top1=IGV  1s
[done] 宽基ETF B_bre_cb40_cl04_ss_vc0          N=  25  expR=-1.331  IS=-1.283  OOS=-1.455  top1=512100.SS  1s
[done] 行业ETF B_bre_cb40_cl04_ss_vc0          N=  76  expR=-2.336  IS=-2.263  OOS=-2.486  top1=159992.SZ  3s
[done] A股指数  B_bre_cb40_cl04_ss_vc0          N=  46  expR=-1.672  IS=-1.713  OOS=-1.245  top1=000688.SS  1s
[done] 个股    B_bre_cb40_cl04_ss_vc0          N=  66  expR=-1.367  IS=-1.386  OOS=-1.310  top1=000831.SZ  12s
[done] 美股ETF B_bre_cb40_cl04_ss_vc0          N=   8  expR=+0.275  IS=+0.508  OOS=-1.359  top1=IGV  1s
[done] 宽基ETF B_bre_cb40_cl05_ss_vc0          N=  26  expR=-1.352  IS=-1.353  OOS=-1.346  top1=512100.SS  1s
[done] 行业ETF B_bre_cb40_cl05_ss_vc0          N=  87  expR=-2.084  IS=-2.221  OOS=-1.811  top1=159992.SZ  3s
[done] A股指数  B_bre_cb40_cl05_ss_vc0          N=  53  expR=-1.584  IS=-1.622  OOS=-1.114  top1=000688.SS  1s
[done] 个股    B_bre_cb40_cl05_ss_vc0          N=  81  expR=-1.399  IS=-1.377  OOS=-1.454  top1=002326.SZ  12s
[done] 美股ETF B_bre_cb40_cl05_ss_vc0          N=  10  expR=+0.105  IS=+0.394  OOS=-1.053  top1=IGV  1s
[done] 宽基ETF B_bre_cb40_cl06_ss_vc0          N=  27  expR=-1.342  IS=-1.342  OOS=-1.346  top1=512100.SS  1s
[done] 行业ETF B_bre_cb40_cl06_ss_vc0          N=  96  expR=-2.043  IS=-2.190  OOS=-1.748  top1=159992.SZ  3s
[done] A股指数  B_bre_cb40_cl06_ss_vc0          N=  53  expR=-1.585  IS=-1.623  OOS=-1.114  top1=000688.SS  1s
[done] 个股    B_bre_cb40_cl06_ss_vc0          N=  92  expR=-1.441  IS=-1.441  OOS=-1.440  top1=002326.SZ  13s
[done] 美股ETF B_bre_cb40_cl06_ss_vc0          N=   9  expR=+0.345  IS=+0.744  OOS=-1.053  top1=IGV  1s
[done] 宽基ETF B_bre_cb40_cl08_ss_vc0          N=  26  expR=-1.400  IS=-1.412  OOS=-1.262  top1=512100.SS  1s
[done] 行业ETF B_bre_cb40_cl08_ss_vc0          N=  97  expR=-2.032  IS=-2.165  OOS=-1.748  top1=159992.SZ  3s
[done] A股指数  B_bre_cb40_cl08_ss_vc0          N=  52  expR=-1.542  IS=-1.578  OOS=-1.114  top1=000688.SS  1s
[done] 个股    B_bre_cb40_cl08_ss_vc0          N= 110  expR=-1.368  IS=-1.391  OOS=-1.291  top1=002326.SZ  12s
[done] 美股ETF B_bre_cb40_cl08_ss_vc0          N=  10  expR=-0.025  IS=+0.232  OOS=-1.053  top1=IGV  1s
[done] 宽基ETF B_bre_cb40_cl10_ss_vc0          N=  28  expR=-1.381  IS=-1.391  OOS=-1.262  top1=159915.SZ  1s
[done] 行业ETF B_bre_cb40_cl10_ss_vc0          N=  96  expR=-1.962  IS=-2.082  OOS=-1.710  top1=159992.SZ  3s
[done] A股指数  B_bre_cb40_cl10_ss_vc0          N=  51  expR=-1.544  IS=-1.549  OOS=-1.286  top1=399006.SZ  1s
[done] 个股    B_bre_cb40_cl10_ss_vc0          N= 120  expR=-1.361  IS=-1.394  OOS=-1.258  top1=002326.SZ  12s
[done] 美股ETF B_bre_cb40_cl10_ss_vc0          N=  10  expR=-0.025  IS=+0.232  OOS=-1.053  top1=IGV  1s
[done] 宽基ETF B_bre_cb63_cl02_ss_vc0          N=   2  expR=-0.814  IS=-0.814  OOS=  -     top1=510050.SS  1s
[done] 行业ETF B_bre_cb63_cl02_ss_vc0          N=  28  expR=-2.188  IS=-2.327  OOS=-2.004  top1=512400.SS  4s
[done] A股指数  B_bre_cb63_cl02_ss_vc0          N=  17  expR=-2.224  IS=-2.355  OOS=-1.242  top1=000016.SS  1s
[done] 个股    B_bre_cb63_cl02_ss_vc0          N=  14  expR=-1.884  IS=-2.201  OOS=-1.461  top1=002415.SZ  12s
[done] 美股ETF B_bre_cb63_cl02_ss_vc0          N=   4  expR=-1.496  IS=-1.496  OOS=  -     top1=IGV  1s
[done] 宽基ETF B_bre_cb63_cl03_ss_vc0          N=   5  expR=-1.325  IS=-1.325  OOS=  -     top1=510050.SS  1s
[done] 行业ETF B_bre_cb63_cl03_ss_vc0          N=  35  expR=-2.146  IS=-2.119  OOS=-2.185  top1=512400.SS  3s
[done] A股指数  B_bre_cb63_cl03_ss_vc0          N=  16  expR=-1.908  IS=-2.035  OOS=-1.022  top1=000016.SS  1s
[done] 个股    B_bre_cb63_cl03_ss_vc0          N=  18  expR=-1.622  IS=-1.631  OOS=-1.605  top1=002415.SZ  12s
[done] 美股ETF B_bre_cb63_cl03_ss_vc0          N=   4  expR=-1.340  IS=-1.340  OOS=  -     top1=IGV  1s
[done] 宽基ETF B_bre_cb63_cl04_ss_vc0          N=  10  expR=-1.508  IS=-1.454  OOS=-1.725  top1=512100.SS  1s
[done] 行业ETF B_bre_cb63_cl04_ss_vc0          N=  38  expR=-2.117  IS=-2.135  OOS=-2.095  top1=512400.SS  3s
[done] A股指数  B_bre_cb63_cl04_ss_vc0          N=  19  expR=-1.818  IS=-1.934  OOS=-1.197  top1=000001.SZ  1s
[done] 个股    B_bre_cb63_cl04_ss_vc0          N=  26  expR=-1.548  IS=-1.531  OOS=-1.605  top1=000831.SZ  12s
[done] 美股ETF B_bre_cb63_cl04_ss_vc0          N=   4  expR=-1.318  IS=-1.318  OOS=  -     top1=IGV  1s
[done] 宽基ETF B_bre_cb63_cl05_ss_vc0          N=  10  expR=-1.424  IS=-1.454  OOS=-1.304  top1=512100.SS  1s
[done] 行业ETF B_bre_cb63_cl05_ss_vc0          N=  40  expR=-2.060  IS=-2.083  OOS=-2.032  top1=512480.SS  3s
[done] A股指数  B_bre_cb63_cl05_ss_vc0          N=  21  expR=-1.756  IS=-1.891  OOS=-1.185  top1=000001.SZ  1s
[done] 个股    B_bre_cb63_cl05_ss_vc0          N=  30  expR=-1.495  IS=-1.487  OOS=-1.516  top1=000831.SZ  12s
[done] 美股ETF B_bre_cb63_cl05_ss_vc0          N=   6  expR=-1.682  IS=-1.498  OOS=-2.049  top1=IGV  1s
[done] 宽基ETF B_bre_cb63_cl06_ss_vc0          N=  13  expR=-1.514  IS=-1.471  OOS=-1.657  top1=512100.SS  1s
[done] 行业ETF B_bre_cb63_cl06_ss_vc0          N=  42  expR=-2.067  IS=-2.093  OOS=-2.032  top1=512400.SS  3s
[done] A股指数  B_bre_cb63_cl06_ss_vc0          N=  22  expR=-1.710  IS=-1.826  OOS=-1.185  top1=000001.SZ  1s
[done] 个股    B_bre_cb63_cl06_ss_vc0          N=  35  expR=-1.479  IS=-1.462  OOS=-1.529  top1=000831.SZ  12s
[done] 美股ETF B_bre_cb63_cl06_ss_vc0          N=   6  expR=-1.682  IS=-1.498  OOS=-2.049  top1=IGV  1s
[done] 宽基ETF B_bre_cb63_cl08_ss_vc0          N=  13  expR=-1.514  IS=-1.471  OOS=-1.657  top1=512100.SS  1s
[done] 行业ETF B_bre_cb63_cl08_ss_vc0          N=  46  expR=-2.076  IS=-2.104  OOS=-2.032  top1=512400.SS  3s
[done] A股指数  B_bre_cb63_cl08_ss_vc0          N=  23  expR=-1.694  IS=-1.801  OOS=-1.185  top1=000001.SZ  1s
[done] 个股    B_bre_cb63_cl08_ss_vc0          N=  43  expR=-1.526  IS=-1.529  OOS=-1.514  top1=000831.SZ  12s
[done] 美股ETF B_bre_cb63_cl08_ss_vc0          N=   6  expR=-1.682  IS=-1.498  OOS=-2.049  top1=IGV  1s
[done] 宽基ETF B_bre_cb63_cl10_ss_vc0          N=  13  expR=-1.514  IS=-1.471  OOS=-1.657  top1=512100.SS  1s
[done] 行业ETF B_bre_cb63_cl10_ss_vc0          N=  43  expR=-2.057  IS=-2.078  OOS=-2.016  top1=512400.SS  3s
[done] A股指数  B_bre_cb63_cl10_ss_vc0          N=  24  expR=-1.668  IS=-1.764  OOS=-1.185  top1=000001.SZ  1s
[done] 个股    B_bre_cb63_cl10_ss_vc0          N=  46  expR=-1.494  IS=-1.489  OOS=-1.514  top1=000831.SZ  12s
[done] 美股ETF B_bre_cb63_cl10_ss_vc0          N=   7  expR=-1.496  IS=-1.498  OOS=-1.492  top1=XLK  1s
[done] 宽基ETF B_bre_cb90_cl02_ss_vc0          N=   1  expR=-0.979  IS=-0.979  OOS=  -     top1=510050.SS  1s
[done] 行业ETF B_bre_cb90_cl02_ss_vc0          N=  15  expR=-2.474  IS=-2.846  OOS=-1.914  top1=515130.SS  3s
[done] A股指数  B_bre_cb90_cl02_ss_vc0          N=   7  expR=-1.156  IS=-1.156  OOS=  -     top1=000016.SS  1s
[done] 个股    B_bre_cb90_cl02_ss_vc0          N=   4  expR=-1.772  IS=-1.707  OOS=-1.793  top1=000768.SZ  12s
[done] 美股ETF B_bre_cb90_cl02_ss_vc0          N=   3  expR=-1.859  IS=-1.824  OOS=-1.929  top1=IGV  1s
[done] 宽基ETF B_bre_cb90_cl03_ss_vc0          N=   1  expR=-0.979  IS=-0.979  OOS=  -     top1=510050.SS  1s
[done] 行业ETF B_bre_cb90_cl03_ss_vc0          N=  19  expR=-1.930  IS=-1.963  OOS=-1.860  top1=512000.SS  3s
[done] A股指数  B_bre_cb90_cl03_ss_vc0          N=   9  expR=-1.458  IS=-1.458  OOS=  -     top1=000016.SS  1s
[done] 个股    B_bre_cb90_cl03_ss_vc0          N=   1  expR=-1.179  IS=-1.179  OOS=  -     top1=000768.SZ  12s
[done] 美股ETF B_bre_cb90_cl03_ss_vc0          N=   3  expR=-1.859  IS=-1.824  OOS=-1.929  top1=IGV  1s
[done] 宽基ETF B_bre_cb90_cl04_ss_vc0          N=   1  expR=-0.979  IS=-0.979  OOS=  -     top1=510050.SS  1s
[done] 行业ETF B_bre_cb90_cl04_ss_vc0          N=  26  expR=-2.045  IS=-2.111  OOS=-1.896  top1=562590.SS  3s
[done] A股指数  B_bre_cb90_cl04_ss_vc0          N=  13  expR=-1.628  IS=-1.519  OOS=-1.992  top1=000016.SS  1s
[done] 个股    B_bre_cb90_cl04_ss_vc0          N=   2  expR=-1.182  IS=-1.179  OOS=-1.184  top1=000768.SZ  13s
[done] 美股ETF B_bre_cb90_cl04_ss_vc0          N=   3  expR=-1.859  IS=-1.824  OOS=-1.929  top1=IGV  1s
[done] 宽基ETF B_bre_cb90_cl05_ss_vc0          N=   2  expR=-1.575  IS=-0.979  OOS=-2.171  top1=510050.SS  1s
[done] 行业ETF B_bre_cb90_cl05_ss_vc0          N=  26  expR=-2.039  IS=-2.103  OOS=-1.896  top1=562590.SS  3s
[done] A股指数  B_bre_cb90_cl05_ss_vc0          N=  14  expR=-1.674  IS=-1.519  OOS=-2.063  top1=000016.SS  1s
[done] 个股    B_bre_cb90_cl05_ss_vc0          N=   2  expR=-1.182  IS=-1.179  OOS=-1.184  top1=000768.SZ  13s
[done] 美股ETF B_bre_cb90_cl05_ss_vc0          N=   3  expR=-1.859  IS=-1.824  OOS=-1.929  top1=IGV  1s
[done] 宽基ETF B_bre_cb90_cl06_ss_vc0          N=   3  expR=-1.689  IS=-0.979  OOS=-2.044  top1=510050.SS  1s
[done] 行业ETF B_bre_cb90_cl06_ss_vc0          N=  27  expR=-2.110  IS=-2.201  OOS=-1.896  top1=562590.SS  3s
[done] A股指数  B_bre_cb90_cl06_ss_vc0          N=  14  expR=-1.674  IS=-1.519  OOS=-2.063  top1=000016.SS  1s
[done] 个股    B_bre_cb90_cl06_ss_vc0          N=   3  expR=-1.172  IS=-1.165  OOS=-1.184  top1=000768.SZ  12s
[done] 美股ETF B_bre_cb90_cl06_ss_vc0          N=   3  expR=-1.859  IS=-1.824  OOS=-1.929  top1=IGV  1s
[done] 宽基ETF B_bre_cb90_cl08_ss_vc0          N=   3  expR=-1.689  IS=-0.979  OOS=-2.044  top1=510050.SS  1s
[done] 行业ETF B_bre_cb90_cl08_ss_vc0          N=  27  expR=-2.113  IS=-2.204  OOS=-1.896  top1=562590.SS  3s
[done] A股指数  B_bre_cb90_cl08_ss_vc0          N=  15  expR=-1.632  IS=-1.519  OOS=-1.857  top1=000016.SS  1s
[done] 个股    B_bre_cb90_cl08_ss_vc0          N=   6  expR=-1.172  IS=-1.169  OOS=-1.184  top1=000768.SZ  12s
[done] 美股ETF B_bre_cb90_cl08_ss_vc0          N=   3  expR=-1.859  IS=-1.824  OOS=-1.929  top1=IGV  1s
[done] 宽基ETF B_bre_cb90_cl10_ss_vc0          N=   3  expR=-1.689  IS=-0.979  OOS=-2.044  top1=510050.SS  1s
[done] 行业ETF B_bre_cb90_cl10_ss_vc0          N=  24  expR=-2.130  IS=-2.204  OOS=-1.850  top1=562590.SS  3s
[done] A股指数  B_bre_cb90_cl10_ss_vc0          N=  15  expR=-1.637  IS=-1.479  OOS=-2.070  top1=000016.SS  1s
[done] 个股    B_bre_cb90_cl10_ss_vc0          N=   7  expR=-1.767  IS=-1.864  OOS=-1.184  top1=000768.SZ  12s
[done] 美股ETF B_bre_cb90_cl10_ss_vc0          N=   3  expR=-1.859  IS=-1.824  OOS=-1.929  top1=IGV  1s
[done] 宽基ETF B_bre_cb126_cl02_ss_vc0         N=   0  expR=  -     IS=  -     OOS=  -     top1=-  1s
[done] 行业ETF B_bre_cb126_cl02_ss_vc0         N=   7  expR=-3.104  IS=-2.905  OOS=-3.253  top1=518850.SS  3s
[done] A股指数  B_bre_cb126_cl02_ss_vc0         N=   4  expR=-1.677  IS=-1.677  OOS=  -     top1=000905.SS  1s
[done] 个股    B_bre_cb126_cl02_ss_vc0         N=   2  expR=-2.364  IS=  -     OOS=-2.364  top1=600519.SS  12s
[done] 美股ETF B_bre_cb126_cl02_ss_vc0         N=   0  expR=  -     IS=  -     OOS=  -     top1=-  1s
[done] 宽基ETF B_bre_cb126_cl03_ss_vc0         N=   1  expR=-0.977  IS=-0.977  OOS=  -     top1=510500.SS  1s
[done] 行业ETF B_bre_cb126_cl03_ss_vc0         N=   7  expR=-3.154  IS=-2.643  OOS=-4.433  top1=518850.SS  3s
[done] A股指数  B_bre_cb126_cl03_ss_vc0         N=   4  expR=-1.902  IS=-1.902  OOS=  -     top1=000905.SS  1s
[done] 个股    B_bre_cb126_cl03_ss_vc0         N=   2  expR=-2.364  IS=  -     OOS=-2.364  top1=600519.SS  12s
[done] 美股ETF B_bre_cb126_cl03_ss_vc0         N=   0  expR=  -     IS=  -     OOS=  -     top1=-  1s
[done] 宽基ETF B_bre_cb126_cl04_ss_vc0         N=   1  expR=-0.977  IS=-0.977  OOS=  -     top1=510500.SS  1s
[done] 行业ETF B_bre_cb126_cl04_ss_vc0         N=   6  expR=-3.430  IS=-2.929  OOS=-4.433  top1=518850.SS  3s
[done] A股指数  B_bre_cb126_cl04_ss_vc0         N=   5  expR=-1.961  IS=-1.961  OOS=  -     top1=000905.SS  1s
[done] 个股    B_bre_cb126_cl04_ss_vc0         N=   2  expR=-2.364  IS=  -     OOS=-2.364  top1=600519.SS  12s
[done] 美股ETF B_bre_cb126_cl04_ss_vc0         N=   0  expR=  -     IS=  -     OOS=  -     top1=-  1s
[done] 宽基ETF B_bre_cb126_cl05_ss_vc0         N=   1  expR=-0.977  IS=-0.977  OOS=  -     top1=510500.SS  1s
[done] 行业ETF B_bre_cb126_cl05_ss_vc0         N=   6  expR=-3.430  IS=-2.929  OOS=-4.433  top1=518850.SS  4s
[done] A股指数  B_bre_cb126_cl05_ss_vc0         N=   5  expR=-1.961  IS=-1.961  OOS=  -     top1=000905.SS  1s
[done] 个股    B_bre_cb126_cl05_ss_vc0         N=   2  expR=-2.364  IS=  -     OOS=-2.364  top1=600519.SS  12s
[done] 美股ETF B_bre_cb126_cl05_ss_vc0         N=   0  expR=  -     IS=  -     OOS=  -     top1=-  1s
[done] 宽基ETF B_bre_cb126_cl06_ss_vc0         N=   1  expR=-0.977  IS=-0.977  OOS=  -     top1=510500.SS  1s
[done] 行业ETF B_bre_cb126_cl06_ss_vc0         N=   6  expR=-3.430  IS=-2.929  OOS=-4.433  top1=518850.SS  3s
[done] A股指数  B_bre_cb126_cl06_ss_vc0         N=   6  expR=-1.932  IS=-1.932  OOS=  -     top1=000905.SS  1s
[done] 个股    B_bre_cb126_cl06_ss_vc0         N=   2  expR=-2.364  IS=  -     OOS=-2.364  top1=600519.SS  12s
[done] 美股ETF B_bre_cb126_cl06_ss_vc0         N=   1  expR=-1.201  IS=-1.201  OOS=  -     top1=SOXX  1s
[done] 宽基ETF B_bre_cb126_cl08_ss_vc0         N=   1  expR=-0.977  IS=-0.977  OOS=  -     top1=510500.SS  1s
[done] 行业ETF B_bre_cb126_cl08_ss_vc0         N=   6  expR=-3.430  IS=-2.929  OOS=-4.433  top1=518850.SS  3s
[done] A股指数  B_bre_cb126_cl08_ss_vc0         N=   6  expR=-1.932  IS=-1.932  OOS=  -     top1=000905.SS  1s
[done] 个股    B_bre_cb126_cl08_ss_vc0         N=   2  expR=-2.364  IS=  -     OOS=-2.364  top1=600519.SS  12s
[done] 美股ETF B_bre_cb126_cl08_ss_vc0         N=   1  expR=-1.201  IS=-1.201  OOS=  -     top1=SOXX  1s
[done] 宽基ETF B_bre_cb126_cl10_ss_vc0         N=   1  expR=-0.977  IS=-0.977  OOS=  -     top1=510500.SS  1s
[done] 行业ETF B_bre_cb126_cl10_ss_vc0         N=   5  expR=-3.743  IS=-2.929  OOS=-7.000  top1=518850.SS  3s
[done] A股指数  B_bre_cb126_cl10_ss_vc0         N=   6  expR=-1.932  IS=-1.932  OOS=  -     top1=000905.SS  1s
[done] 个股    B_bre_cb126_cl10_ss_vc0         N=   2  expR=-2.364  IS=  -     OOS=-2.364  top1=600519.SS  12s
[done] 美股ETF B_bre_cb126_cl10_ss_vc0         N=   1  expR=-1.201  IS=-1.201  OOS=  -     top1=SOXX  1s
[done] 宽基ETF B_bre_cb180_cl02_ss_vc0         N=   0  expR=  -     IS=  -     OOS=  -     top1=-  1s
[done] 行业ETF B_bre_cb180_cl02_ss_vc0         N=   1  expR=-1.241  IS=-1.241  OOS=  -     top1=512890.SS  3s
[done] A股指数  B_bre_cb180_cl02_ss_vc0         N=   0  expR=  -     IS=  -     OOS=  -     top1=-  1s
[done] 个股    B_bre_cb180_cl02_ss_vc0         N=   0  expR=  -     IS=  -     OOS=  -     top1=-  12s
[done] 美股ETF B_bre_cb180_cl02_ss_vc0         N=   0  expR=  -     IS=  -     OOS=  -     top1=-  1s
[done] 宽基ETF B_bre_cb180_cl03_ss_vc0         N=   0  expR=  -     IS=  -     OOS=  -     top1=-  1s
[done] 行业ETF B_bre_cb180_cl03_ss_vc0         N=   2  expR=-1.541  IS=-1.241  OOS=-1.840  top1=512890.SS  3s
[done] A股指数  B_bre_cb180_cl03_ss_vc0         N=   0  expR=  -     IS=  -     OOS=  -     top1=-  1s
[done] 个股    B_bre_cb180_cl03_ss_vc0         N=   0  expR=  -     IS=  -     OOS=  -     top1=-  12s
[done] 美股ETF B_bre_cb180_cl03_ss_vc0         N=   0  expR=  -     IS=  -     OOS=  -     top1=-  1s
[done] 宽基ETF B_bre_cb180_cl04_ss_vc0         N=   0  expR=  -     IS=  -     OOS=  -     top1=-  1s
[done] 行业ETF B_bre_cb180_cl04_ss_vc0         N=   2  expR=-1.541  IS=-1.241  OOS=-1.840  top1=512890.SS  3s
[done] A股指数  B_bre_cb180_cl04_ss_vc0         N=   0  expR=  -     IS=  -     OOS=  -     top1=-  1s
[done] 个股    B_bre_cb180_cl04_ss_vc0         N=   0  expR=  -     IS=  -     OOS=  -     top1=-  12s
[done] 美股ETF B_bre_cb180_cl04_ss_vc0         N=   0  expR=  -     IS=  -     OOS=  -     top1=-  1s
[done] 宽基ETF B_bre_cb180_cl05_ss_vc0         N=   0  expR=  -     IS=  -     OOS=  -     top1=-  1s
[done] 行业ETF B_bre_cb180_cl05_ss_vc0         N=   2  expR=-1.541  IS=-1.241  OOS=-1.840  top1=512890.SS  3s
[done] A股指数  B_bre_cb180_cl05_ss_vc0         N=   0  expR=  -     IS=  -     OOS=  -     top1=-  1s
[done] 个股    B_bre_cb180_cl05_ss_vc0         N=   0  expR=  -     IS=  -     OOS=  -     top1=-  12s
[done] 美股ETF B_bre_cb180_cl05_ss_vc0         N=   0  expR=  -     IS=  -     OOS=  -     top1=-  1s
[done] 宽基ETF B_bre_cb180_cl06_ss_vc0         N=   0  expR=  -     IS=  -     OOS=  -     top1=-  1s
[done] 行业ETF B_bre_cb180_cl06_ss_vc0         N=   2  expR=-1.541  IS=-1.241  OOS=-1.840  top1=512890.SS  3s
[done] A股指数  B_bre_cb180_cl06_ss_vc0         N=   0  expR=  -     IS=  -     OOS=  -     top1=-  1s
[done] 个股    B_bre_cb180_cl06_ss_vc0         N=   0  expR=  -     IS=  -     OOS=  -     top1=-  12s
[done] 美股ETF B_bre_cb180_cl06_ss_vc0         N=   0  expR=  -     IS=  -     OOS=  -     top1=-  1s
[done] 宽基ETF B_bre_cb180_cl08_ss_vc0         N=   0  expR=  -     IS=  -     OOS=  -     top1=-  1s
[done] 行业ETF B_bre_cb180_cl08_ss_vc0         N=   2  expR=-1.541  IS=-1.241  OOS=-1.840  top1=512890.SS  3s
[done] A股指数  B_bre_cb180_cl08_ss_vc0         N=   0  expR=  -     IS=  -     OOS=  -     top1=-  1s
[done] 个股    B_bre_cb180_cl08_ss_vc0         N=   0  expR=  -     IS=  -     OOS=  -     top1=-  12s
[done] 美股ETF B_bre_cb180_cl08_ss_vc0         N=   0  expR=  -     IS=  -     OOS=  -     top1=-  1s
[done] 宽基ETF B_bre_cb180_cl10_ss_vc0         N=   0  expR=  -     IS=  -     OOS=  -     top1=-  1s
[done] 行业ETF B_bre_cb180_cl10_ss_vc0         N=   2  expR=-1.541  IS=-1.241  OOS=-1.840  top1=512890.SS  3s
[done] A股指数  B_bre_cb180_cl10_ss_vc0         N=   0  expR=  -     IS=  -     OOS=  -     top1=000001.SS  1s
[done] 个股    B_bre_cb180_cl10_ss_vc0         N=   0  expR=  -     IS=  -     OOS=  -     top1=-  12s
[done] 美股ETF B_bre_cb180_cl10_ss_vc0         N=   0  expR=  -     IS=  -     OOS=  -     top1=-  1s
=== breakout × ss × vc1 ===
[done] 宽基ETF B_bre_cb20_cl02_ss_vc1          N=   1  expR=-1.175  IS=-1.175  OOS=  -     top1=510050.SS  1s
[done] 行业ETF B_bre_cb20_cl02_ss_vc1          N=  18  expR=-1.761  IS=-1.882  OOS=-1.337  top1=515030.SS  4s
[done] A股指数  B_bre_cb20_cl02_ss_vc1          N=   0  expR=  -     IS=  -     OOS=  -     top1=-  1s
[done] 个股    B_bre_cb20_cl02_ss_vc1          N=  21  expR=-1.234  IS=-1.237  OOS=-1.225  top1=000768.SZ  12s
[done] 美股ETF B_bre_cb20_cl02_ss_vc1          N=   0  expR=  -     IS=  -     OOS=  -     top1=-  1s
[done] 宽基ETF B_bre_cb20_cl03_ss_vc1          N=   3  expR=-1.281  IS=-1.276  OOS=-1.292  top1=588000.SS  1s
[done] 行业ETF B_bre_cb20_cl03_ss_vc1          N=  18  expR=-1.735  IS=-1.771  OOS=-1.445  top1=516510.SS  3s
[done] A股指数  B_bre_cb20_cl03_ss_vc1          N=   1  expR=-0.970  IS=-0.970  OOS=  -     top1=000016.SS  1s
[done] 个股    B_bre_cb20_cl03_ss_vc1          N=  38  expR=-1.317  IS=-1.407  OOS=-1.194  top1=000768.SZ  12s
[done] 美股ETF B_bre_cb20_cl03_ss_vc1          N=   1  expR=-1.295  IS=-1.295  OOS=  -     top1=IGV  1s
[done] 宽基ETF B_bre_cb20_cl04_ss_vc1          N=   5  expR=-1.322  IS=-1.322  OOS=  -     top1=510050.SS  1s
[done] 行业ETF B_bre_cb20_cl04_ss_vc1          N=  20  expR=-1.771  IS=-1.776  OOS=-1.749  top1=159611.SZ  3s
[done] A股指数  B_bre_cb20_cl04_ss_vc1          N=   1  expR=-0.970  IS=-0.970  OOS=  -     top1=000001.SZ  1s
[done] 个股    B_bre_cb20_cl04_ss_vc1          N=  60  expR=-1.266  IS=-1.302  OOS=-1.213  top1=000596.SZ  13s
[done] 美股ETF B_bre_cb20_cl04_ss_vc1          N=   1  expR=-1.295  IS=-1.295  OOS=  -     top1=IGV  1s
[done] 宽基ETF B_bre_cb20_cl05_ss_vc1          N=   6  expR=-1.295  IS=-1.295  OOS=  -     top1=588000.SS  1s
[done] 行业ETF B_bre_cb20_cl05_ss_vc1          N=  25  expR=-1.670  IS=-1.682  OOS=-1.624  top1=159611.SZ  3s
[done] A股指数  B_bre_cb20_cl05_ss_vc1          N=   1  expR=-0.970  IS=-0.970  OOS=  -     top1=000001.SZ  1s
[done] 个股    B_bre_cb20_cl05_ss_vc1          N=  63  expR=-1.274  IS=-1.311  OOS=-1.210  top1=002008.SZ  12s
[done] 美股ETF B_bre_cb20_cl05_ss_vc1          N=   1  expR=-1.295  IS=-1.295  OOS=  -     top1=IGV  1s
[done] 宽基ETF B_bre_cb20_cl06_ss_vc1          N=   6  expR=-1.295  IS=-1.295  OOS=  -     top1=588000.SS  1s
[done] 行业ETF B_bre_cb20_cl06_ss_vc1          N=  23  expR=-1.699  IS=-1.730  OOS=-1.585  top1=159611.SZ  3s
[done] A股指数  B_bre_cb20_cl06_ss_vc1          N=   1  expR=-0.970  IS=-0.970  OOS=  -     top1=000001.SS  1s
[done] 个股    B_bre_cb20_cl06_ss_vc1          N=  79  expR=-1.302  IS=-1.354  OOS=-1.208  top1=000596.SZ  13s
[done] 美股ETF B_bre_cb20_cl06_ss_vc1          N=   1  expR=-1.295  IS=-1.295  OOS=  -     top1=IGV  1s
[done] 宽基ETF B_bre_cb20_cl08_ss_vc1          N=   6  expR=-1.295  IS=-1.295  OOS=  -     top1=159901.SZ  1s
[done] 行业ETF B_bre_cb20_cl08_ss_vc1          N=  26  expR=-1.572  IS=-1.563  OOS=-1.603  top1=159611.SZ  4s
[done] A股指数  B_bre_cb20_cl08_ss_vc1          N=   1  expR=-1.128  IS=-1.128  OOS=  -     top1=000001.SS  1s
[done] 个股    B_bre_cb20_cl08_ss_vc1          N=  85  expR=-1.290  IS=-1.319  OOS=-1.226  top1=000596.SZ  13s
[done] 美股ETF B_bre_cb20_cl08_ss_vc1          N=   1  expR=-1.295  IS=-1.295  OOS=  -     top1=IGV  1s
[done] 宽基ETF B_bre_cb20_cl10_ss_vc1          N=   5  expR=-1.342  IS=-1.342  OOS=  -     top1=159901.SZ  1s
[done] 行业ETF B_bre_cb20_cl10_ss_vc1          N=  23  expR=-1.571  IS=-1.548  OOS=-1.656  top1=512660.SS  3s
[done] A股指数  B_bre_cb20_cl10_ss_vc1          N=   1  expR=-1.128  IS=-1.128  OOS=  -     top1=000001.SS  1s
[done] 个股    B_bre_cb20_cl10_ss_vc1          N=  95  expR=-1.273  IS=-1.295  OOS=-1.214  top1=000596.SZ  13s
[done] 美股ETF B_bre_cb20_cl10_ss_vc1          N=   1  expR=-1.295  IS=-1.295  OOS=  -     top1=SOXX  1s
[done] 宽基ETF B_bre_cb30_cl02_ss_vc1          N=   1  expR=-1.269  IS=-1.269  OOS=  -     top1=510050.SS  1s
[done] 行业ETF B_bre_cb30_cl02_ss_vc1          N=  11  expR=-2.660  IS=-3.126  OOS=-1.418  top1=515030.SS  3s
[done] A股指数  B_bre_cb30_cl02_ss_vc1          N=   0  expR=  -     IS=  -     OOS=  -     top1=-  1s
[done] 个股    B_bre_cb30_cl02_ss_vc1          N=  10  expR=-1.165  IS=-1.204  OOS=-1.010  top1=000768.SZ  12s
[done] 美股ETF B_bre_cb30_cl02_ss_vc1          N=   0  expR=  -     IS=  -     OOS=  -     top1=-  1s
[done] 宽基ETF B_bre_cb30_cl03_ss_vc1          N=   2  expR=-1.281  IS=-1.269  OOS=-1.292  top1=588000.SS  1s
[done] 行业ETF B_bre_cb30_cl03_ss_vc1          N=  14  expR=-2.475  IS=-2.633  OOS=-1.521  top1=512800.SS  3s
[done] A股指数  B_bre_cb30_cl03_ss_vc1          N=   0  expR=  -     IS=  -     OOS=  -     top1=000001.SZ  1s
[done] 个股    B_bre_cb30_cl03_ss_vc1          N=  19  expR=-1.243  IS=-1.330  OOS=-1.095  top1=000768.SZ  12s
[done] 美股ETF B_bre_cb30_cl03_ss_vc1          N=   0  expR=  -     IS=  -     OOS=  -     top1=-  1s
[done] 宽基ETF B_bre_cb30_cl04_ss_vc1          N=   2  expR=-1.441  IS=-1.441  OOS=  -     top1=510050.SS  1s
[done] 行业ETF B_bre_cb30_cl04_ss_vc1          N=  18  expR=-2.294  IS=-2.480  OOS=-1.643  top1=515030.SS  3s
[done] A股指数  B_bre_cb30_cl04_ss_vc1          N=   0  expR=  -     IS=  -     OOS=  -     top1=000001.SZ  1s
[done] 个股    B_bre_cb30_cl04_ss_vc1          N=  29  expR=-1.297  IS=-1.383  OOS=-1.105  top1=000725.SZ  12s
[done] 美股ETF B_bre_cb30_cl04_ss_vc1          N=   0  expR=  -     IS=  -     OOS=  -     top1=-  1s
[done] 宽基ETF B_bre_cb30_cl05_ss_vc1          N=   2  expR=-1.441  IS=-1.441  OOS=  -     top1=510050.SS  1s
[done] 行业ETF B_bre_cb30_cl05_ss_vc1          N=  22  expR=-2.118  IS=-2.264  OOS=-1.622  top1=515030.SS  3s
[done] A股指数  B_bre_cb30_cl05_ss_vc1          N=   0  expR=  -     IS=  -     OOS=  -     top1=000001.SZ  1s
[done] 个股    B_bre_cb30_cl05_ss_vc1          N=  32  expR=-1.291  IS=-1.374  OOS=-1.134  top1=000725.SZ  12s
[done] 美股ETF B_bre_cb30_cl05_ss_vc1          N=   0  expR=  -     IS=  -     OOS=  -     top1=-  1s
[done] 宽基ETF B_bre_cb30_cl06_ss_vc1          N=   2  expR=-1.441  IS=-1.441  OOS=  -     top1=510050.SS  1s
[done] 行业ETF B_bre_cb30_cl06_ss_vc1          N=  22  expR=-2.107  IS=-2.327  OOS=-1.519  top1=515030.SS  3s
[done] A股指数  B_bre_cb30_cl06_ss_vc1          N=   0  expR=  -     IS=  -     OOS=  -     top1=000001.SS  1s
[done] 个股    B_bre_cb30_cl06_ss_vc1          N=  41  expR=-1.313  IS=-1.376  OOS=-1.139  top1=000725.SZ  12s
[done] 美股ETF B_bre_cb30_cl06_ss_vc1          N=   1  expR=-1.224  IS=-1.224  OOS=  -     top1=XLK  1s
[done] 宽基ETF B_bre_cb30_cl08_ss_vc1          N=   2  expR=-1.441  IS=-1.441  OOS=  -     top1=510050.SS  1s
[done] 行业ETF B_bre_cb30_cl08_ss_vc1          N=  23  expR=-2.039  IS=-2.258  OOS=-1.540  top1=512580.SS  3s
[done] A股指数  B_bre_cb30_cl08_ss_vc1          N=   1  expR=-1.128  IS=-1.128  OOS=  -     top1=000001.SS  1s
[done] 个股    B_bre_cb30_cl08_ss_vc1          N=  35  expR=-1.270  IS=-1.308  OOS=-1.160  top1=000725.SZ  12s
[done] 美股ETF B_bre_cb30_cl08_ss_vc1          N=   1  expR=-1.224  IS=-1.224  OOS=  -     top1=XLK  1s
[done] 宽基ETF B_bre_cb30_cl10_ss_vc1          N=   2  expR=-1.441  IS=-1.441  OOS=  -     top1=510050.SS  1s
[done] 行业ETF B_bre_cb30_cl10_ss_vc1          N=  26  expR=-1.951  IS=-2.102  OOS=-1.540  top1=512580.SS  3s
[done] A股指数  B_bre_cb30_cl10_ss_vc1          N=   1  expR=-1.128  IS=-1.128  OOS=  -     top1=000001.SS  1s
[done] 个股    B_bre_cb30_cl10_ss_vc1          N=  42  expR=-1.256  IS=-1.285  OOS=-1.164  top1=000725.SZ  12s
[done] 美股ETF B_bre_cb30_cl10_ss_vc1          N=   1  expR=-1.224  IS=-1.224  OOS=  -     top1=XLK  1s
[done] 宽基ETF B_bre_cb40_cl02_ss_vc1          N=   0  expR=  -     IS=  -     OOS=  -     top1=510050.SS  1s
[done] 行业ETF B_bre_cb40_cl02_ss_vc1          N=   7  expR=-2.234  IS=-2.598  OOS=-1.324  top1=515030.SS  3s
[done] A股指数  B_bre_cb40_cl02_ss_vc1          N=   0  expR=  -     IS=  -     OOS=  -     top1=-  1s
[done] 个股    B_bre_cb40_cl02_ss_vc1          N=   7  expR=-1.133  IS=-1.135  OOS=-1.121  top1=000768.SZ  12s
[done] 美股ETF B_bre_cb40_cl02_ss_vc1          N=   0  expR=  -     IS=  -     OOS=  -     top1=-  1s
[done] 宽基ETF B_bre_cb40_cl03_ss_vc1          N=   3  expR=-1.154  IS=-1.079  OOS=-1.191  top1=510300.SS  1s
[done] 行业ETF B_bre_cb40_cl03_ss_vc1          N=   9  expR=-1.979  IS=-2.193  OOS=-1.549  top1=515300.SS  3s
[done] A股指数  B_bre_cb40_cl03_ss_vc1          N=   0  expR=  -     IS=  -     OOS=  -     top1=-  1s
[done] 个股    B_bre_cb40_cl03_ss_vc1          N=  14  expR=-1.238  IS=-1.304  OOS=-1.150  top1=000768.SZ  12s
[done] 美股ETF B_bre_cb40_cl03_ss_vc1          N=   0  expR=  -     IS=  -     OOS=  -     top1=-  1s
[done] 宽基ETF B_bre_cb40_cl04_ss_vc1          N=   3  expR=-1.085  IS=-1.082  OOS=-1.090  top1=510050.SS  1s
[done] 行业ETF B_bre_cb40_cl04_ss_vc1          N=  11  expR=-2.012  IS=-2.441  OOS=-1.496  top1=515030.SS  3s
[done] A股指数  B_bre_cb40_cl04_ss_vc1          N=   0  expR=  -     IS=  -     OOS=  -     top1=-  1s
[done] 个股    B_bre_cb40_cl04_ss_vc1          N=  20  expR=-1.176  IS=-1.218  OOS=-1.077  top1=300136.SZ  12s
[done] 美股ETF B_bre_cb40_cl04_ss_vc1          N=   0  expR=  -     IS=  -     OOS=  -     top1=-  1s
[done] 宽基ETF B_bre_cb40_cl05_ss_vc1          N=   2  expR=-1.084  IS=-1.079  OOS=-1.090  top1=510300.SS  1s
[done] 行业ETF B_bre_cb40_cl05_ss_vc1          N=  13  expR=-1.947  IS=-2.328  OOS=-1.503  top1=512480.SS  3s
[done] A股指数  B_bre_cb40_cl05_ss_vc1          N=   0  expR=  -     IS=  -     OOS=  -     top1=-  1s
[done] 个股    B_bre_cb40_cl05_ss_vc1          N=  24  expR=-1.166  IS=-1.204  OOS=-1.075  top1=000831.SZ  12s
[done] 美股ETF B_bre_cb40_cl05_ss_vc1          N=   0  expR=  -     IS=  -     OOS=  -     top1=-  1s
[done] 宽基ETF B_bre_cb40_cl06_ss_vc1          N=   2  expR=-1.084  IS=-1.079  OOS=-1.090  top1=510300.SS  1s
[done] 行业ETF B_bre_cb40_cl06_ss_vc1          N=  14  expR=-2.009  IS=-2.294  OOS=-1.496  top1=512480.SS  3s
[done] A股指数  B_bre_cb40_cl06_ss_vc1          N=   0  expR=  -     IS=  -     OOS=  -     top1=000001.SS  1s
[done] 个股    B_bre_cb40_cl06_ss_vc1          N=  31  expR=-1.200  IS=-1.242  OOS=-1.081  top1=000831.SZ  13s
[done] 美股ETF B_bre_cb40_cl06_ss_vc1          N=   0  expR=  -     IS=  -     OOS=  -     top1=-  1s
[done] 宽基ETF B_bre_cb40_cl08_ss_vc1          N=   1  expR=-1.079  IS=-1.079  OOS=  -     top1=510050.SS  1s
[done] 行业ETF B_bre_cb40_cl08_ss_vc1          N=  16  expR=-1.877  IS=-2.050  OOS=-1.496  top1=512760.SS  3s
[done] A股指数  B_bre_cb40_cl08_ss_vc1          N=   0  expR=  -     IS=  -     OOS=  -     top1=000001.SS  1s
[done] 个股    B_bre_cb40_cl08_ss_vc1          N=  28  expR=-1.189  IS=-1.209  OOS=-1.137  top1=002415.SZ  12s
[done] 美股ETF B_bre_cb40_cl08_ss_vc1          N=   0  expR=  -     IS=  -     OOS=  -     top1=-  1s
[done] 宽基ETF B_bre_cb40_cl10_ss_vc1          N=   2  expR=-1.127  IS=-1.127  OOS=  -     top1=510050.SS  1s
[done] 行业ETF B_bre_cb40_cl10_ss_vc1          N=  19  expR=-1.755  IS=-1.905  OOS=-1.429  top1=512760.SS  3s
[done] A股指数  B_bre_cb40_cl10_ss_vc1          N=   0  expR=  -     IS=  -     OOS=  -     top1=000001.SS  1s
[done] 个股    B_bre_cb40_cl10_ss_vc1          N=  31  expR=-1.230  IS=-1.242  OOS=-1.206  top1=000831.SZ  12s
[done] 美股ETF B_bre_cb40_cl10_ss_vc1          N=   0  expR=  -     IS=  -     OOS=  -     top1=SOXX  1s
[done] 宽基ETF B_bre_cb63_cl02_ss_vc1          N=   0  expR=  -     IS=  -     OOS=  -     top1=-  1s
[done] 行业ETF B_bre_cb63_cl02_ss_vc1          N=   0  expR=  -     IS=  -     OOS=  -     top1=512890.SS  3s
[done] A股指数  B_bre_cb63_cl02_ss_vc1          N=   0  expR=  -     IS=  -     OOS=  -     top1=-  1s
[done] 个股    B_bre_cb63_cl02_ss_vc1          N=   5  expR=-1.125  IS=-1.119  OOS=-1.129  top1=000768.SZ  12s
[done] 美股ETF B_bre_cb63_cl02_ss_vc1          N=   1  expR=-1.067  IS=-1.067  OOS=  -     top1=SOXX  1s
[done] 宽基ETF B_bre_cb63_cl03_ss_vc1          N=   0  expR=  -     IS=  -     OOS=  -     top1=-  1s
[done] 行业ETF B_bre_cb63_cl03_ss_vc1          N=   1  expR=-3.143  IS=-3.143  OOS=  -     top1=512890.SS  3s
[done] A股指数  B_bre_cb63_cl03_ss_vc1          N=   1  expR=-1.221  IS=  -     OOS=-1.221  top1=000001.SZ  1s
[done] 个股    B_bre_cb63_cl03_ss_vc1          N=   6  expR=-1.322  IS=-1.515  OOS=-1.129  top1=000768.SZ  13s
[done] 美股ETF B_bre_cb63_cl03_ss_vc1          N=   1  expR=-1.067  IS=-1.067  OOS=  -     top1=SOXX  1s
[done] 宽基ETF B_bre_cb63_cl04_ss_vc1          N=   0  expR=  -     IS=  -     OOS=  -     top1=-  1s
[done] 行业ETF B_bre_cb63_cl04_ss_vc1          N=   0  expR=  -     IS=  -     OOS=  -     top1=512890.SS  3s
[done] A股指数  B_bre_cb63_cl04_ss_vc1          N=   1  expR=-1.221  IS=  -     OOS=-1.221  top1=000001.SZ  1s
[done] 个股    B_bre_cb63_cl04_ss_vc1          N=   7  expR=-1.284  IS=-1.401  OOS=-1.129  top1=600196.SS  12s
[done] 美股ETF B_bre_cb63_cl04_ss_vc1          N=   1  expR=-1.067  IS=-1.067  OOS=  -     top1=SOXX  1s
[done] 宽基ETF B_bre_cb63_cl05_ss_vc1          N=   1  expR=-1.227  IS=  -     OOS=-1.227  top1=510300.SS  1s
[done] 行业ETF B_bre_cb63_cl05_ss_vc1          N=   0  expR=  -     IS=  -     OOS=  -     top1=512760.SS  3s
[done] A股指数  B_bre_cb63_cl05_ss_vc1          N=   1  expR=-1.221  IS=  -     OOS=-1.221  top1=000001.SZ  1s
[done] 个股    B_bre_cb63_cl05_ss_vc1          N=   8  expR=-1.260  IS=-1.340  OOS=-1.129  top1=000831.SZ  12s
[done] 美股ETF B_bre_cb63_cl05_ss_vc1          N=   1  expR=-1.067  IS=-1.067  OOS=  -     top1=SOXX  1s
[done] 宽基ETF B_bre_cb63_cl06_ss_vc1          N=   1  expR=-1.227  IS=  -     OOS=-1.227  top1=510300.SS  1s
[done] 行业ETF B_bre_cb63_cl06_ss_vc1          N=   0  expR=  -     IS=  -     OOS=  -     top1=512760.SS  4s
[done] A股指数  B_bre_cb63_cl06_ss_vc1          N=   1  expR=-1.221  IS=  -     OOS=-1.221  top1=000001.SZ  1s
[done] 个股    B_bre_cb63_cl06_ss_vc1          N=   9  expR=-1.279  IS=-1.340  OOS=-1.202  top1=000831.SZ  12s
[done] 美股ETF B_bre_cb63_cl06_ss_vc1          N=   1  expR=-1.067  IS=-1.067  OOS=  -     top1=SOXX  1s
[done] 宽基ETF B_bre_cb63_cl08_ss_vc1          N=   1  expR=-1.227  IS=  -     OOS=-1.227  top1=510300.SS  1s
[done] 行业ETF B_bre_cb63_cl08_ss_vc1          N=   0  expR=  -     IS=  -     OOS=  -     top1=512760.SS  3s
[done] A股指数  B_bre_cb63_cl08_ss_vc1          N=   1  expR=-1.221  IS=  -     OOS=-1.221  top1=000001.SZ  1s
[done] 个股    B_bre_cb63_cl08_ss_vc1          N=  11  expR=-1.307  IS=-1.366  OOS=-1.202  top1=000831.SZ  12s
[done] 美股ETF B_bre_cb63_cl08_ss_vc1          N=   1  expR=-1.067  IS=-1.067  OOS=  -     top1=SOXX  1s
[done] 宽基ETF B_bre_cb63_cl10_ss_vc1          N=   1  expR=-1.227  IS=  -     OOS=-1.227  top1=510300.SS  1s
[done] 行业ETF B_bre_cb63_cl10_ss_vc1          N=   0  expR=  -     IS=  -     OOS=  -     top1=512760.SS  3s
[done] A股指数  B_bre_cb63_cl10_ss_vc1          N=   1  expR=-1.221  IS=  -     OOS=-1.221  top1=000001.SZ  1s
[done] 个股    B_bre_cb63_cl10_ss_vc1          N=  10  expR=-1.300  IS=-1.365  OOS=-1.202  top1=000831.SZ  12s
[done] 美股ETF B_bre_cb63_cl10_ss_vc1          N=   1  expR=-1.067  IS=-1.067  OOS=  -     top1=SOXX  1s
[done] 宽基ETF B_bre_cb90_cl02_ss_vc1          N=   0  expR=  -     IS=  -     OOS=  -     top1=-  1s
[done] 行业ETF B_bre_cb90_cl02_ss_vc1          N=   0  expR=  -     IS=  -     OOS=  -     top1=512890.SS  3s
[done] A股指数  B_bre_cb90_cl02_ss_vc1          N=   0  expR=  -     IS=  -     OOS=  -     top1=-  1s
[done] 个股    B_bre_cb90_cl02_ss_vc1          N=   0  expR=  -     IS=  -     OOS=  -     top1=000768.SZ  12s
[done] 美股ETF B_bre_cb90_cl02_ss_vc1          N=   0  expR=  -     IS=  -     OOS=  -     top1=-  1s
[done] 宽基ETF B_bre_cb90_cl03_ss_vc1          N=   0  expR=  -     IS=  -     OOS=  -     top1=-  1s
[done] 行业ETF B_bre_cb90_cl03_ss_vc1          N=   0  expR=  -     IS=  -     OOS=  -     top1=512890.SS  3s
[done] A股指数  B_bre_cb90_cl03_ss_vc1          N=   0  expR=  -     IS=  -     OOS=  -     top1=-  1s
[done] 个股    B_bre_cb90_cl03_ss_vc1          N=   1  expR=-1.179  IS=-1.179  OOS=  -     top1=000768.SZ  12s
[done] 美股ETF B_bre_cb90_cl03_ss_vc1          N=   0  expR=  -     IS=  -     OOS=  -     top1=-  1s
[done] 宽基ETF B_bre_cb90_cl04_ss_vc1          N=   0  expR=  -     IS=  -     OOS=  -     top1=-  1s
[done] 行业ETF B_bre_cb90_cl04_ss_vc1          N=   1  expR=-3.259  IS=-3.259  OOS=  -     top1=512890.SS  3s
[done] A股指数  B_bre_cb90_cl04_ss_vc1          N=   0  expR=  -     IS=  -     OOS=  -     top1=-  1s
[done] 个股    B_bre_cb90_cl04_ss_vc1          N=   2  expR=-1.182  IS=-1.179  OOS=-1.184  top1=002594.SZ  12s
[done] 美股ETF B_bre_cb90_cl04_ss_vc1          N=   0  expR=  -     IS=  -     OOS=  -     top1=-  1s
[done] 宽基ETF B_bre_cb90_cl05_ss_vc1          N=   0  expR=  -     IS=  -     OOS=  -     top1=-  1s
[done] 行业ETF B_bre_cb90_cl05_ss_vc1          N=   1  expR=-3.259  IS=-3.259  OOS=  -     top1=512890.SS  3s
[done] A股指数  B_bre_cb90_cl05_ss_vc1          N=   0  expR=  -     IS=  -     OOS=  -     top1=-  1s
[done] 个股    B_bre_cb90_cl05_ss_vc1          N=   2  expR=-1.182  IS=-1.179  OOS=-1.184  top1=002594.SZ  12s
[done] 美股ETF B_bre_cb90_cl05_ss_vc1          N=   0  expR=  -     IS=  -     OOS=  -     top1=-  1s
[done] 宽基ETF B_bre_cb90_cl06_ss_vc1          N=   0  expR=  -     IS=  -     OOS=  -     top1=-  1s
[done] 行业ETF B_bre_cb90_cl06_ss_vc1          N=   2  expR=-2.872  IS=-2.872  OOS=  -     top1=512890.SS  3s
[done] A股指数  B_bre_cb90_cl06_ss_vc1          N=   0  expR=  -     IS=  -     OOS=  -     top1=-  1s
[done] 个股    B_bre_cb90_cl06_ss_vc1          N=   2  expR=-1.182  IS=-1.179  OOS=-1.184  top1=002594.SZ  12s
[done] 美股ETF B_bre_cb90_cl06_ss_vc1          N=   0  expR=  -     IS=  -     OOS=  -     top1=-  1s
[done] 宽基ETF B_bre_cb90_cl08_ss_vc1          N=   0  expR=  -     IS=  -     OOS=  -     top1=-  1s
[done] 行业ETF B_bre_cb90_cl08_ss_vc1          N=   2  expR=-2.872  IS=-2.872  OOS=  -     top1=518850.SS  3s
[done] A股指数  B_bre_cb90_cl08_ss_vc1          N=   0  expR=  -     IS=  -     OOS=  -     top1=-  1s
[done] 个股    B_bre_cb90_cl08_ss_vc1          N=   2  expR=-1.182  IS=-1.179  OOS=-1.184  top1=002594.SZ  12s
[done] 美股ETF B_bre_cb90_cl08_ss_vc1          N=   0  expR=  -     IS=  -     OOS=  -     top1=-  1s
[done] 宽基ETF B_bre_cb90_cl10_ss_vc1          N=   0  expR=  -     IS=  -     OOS=  -     top1=-  1s
[done] 行业ETF B_bre_cb90_cl10_ss_vc1          N=   2  expR=-2.872  IS=-2.872  OOS=  -     top1=518850.SS  3s
[done] A股指数  B_bre_cb90_cl10_ss_vc1          N=   0  expR=  -     IS=  -     OOS=  -     top1=-  1s
[done] 个股    B_bre_cb90_cl10_ss_vc1          N=   2  expR=-1.182  IS=-1.179  OOS=-1.184  top1=002594.SZ  12s
[done] 美股ETF B_bre_cb90_cl10_ss_vc1          N=   0  expR=  -     IS=  -     OOS=  -     top1=SOXX  1s
[done] 宽基ETF B_bre_cb126_cl02_ss_vc1         N=   0  expR=  -     IS=  -     OOS=  -     top1=-  1s
[done] 行业ETF B_bre_cb126_cl02_ss_vc1         N=   1  expR=-7.000  IS=  -     OOS=-7.000  top1=515300.SS  3s
[done] A股指数  B_bre_cb126_cl02_ss_vc1         N=   0  expR=  -     IS=  -     OOS=  -     top1=-  1s
[done] 个股    B_bre_cb126_cl02_ss_vc1         N=   0  expR=  -     IS=  -     OOS=  -     top1=-  12s
[done] 美股ETF B_bre_cb126_cl02_ss_vc1         N=   0  expR=  -     IS=  -     OOS=  -     top1=-  1s
[done] 宽基ETF B_bre_cb126_cl03_ss_vc1         N=   0  expR=  -     IS=  -     OOS=  -     top1=-  1s
[done] 行业ETF B_bre_cb126_cl03_ss_vc1         N=   2  expR=-5.000  IS=-3.000  OOS=-7.000  top1=512890.SS  3s
[done] A股指数  B_bre_cb126_cl03_ss_vc1         N=   0  expR=  -     IS=  -     OOS=  -     top1=-  1s
[done] 个股    B_bre_cb126_cl03_ss_vc1         N=   0  expR=  -     IS=  -     OOS=  -     top1=-  12s
[done] 美股ETF B_bre_cb126_cl03_ss_vc1         N=   0  expR=  -     IS=  -     OOS=  -     top1=-  1s
[done] 宽基ETF B_bre_cb126_cl04_ss_vc1         N=   0  expR=  -     IS=  -     OOS=  -     top1=-  1s
[done] 行业ETF B_bre_cb126_cl04_ss_vc1         N=   2  expR=-5.000  IS=-3.000  OOS=-7.000  top1=512890.SS  3s
[done] A股指数  B_bre_cb126_cl04_ss_vc1         N=   0  expR=  -     IS=  -     OOS=  -     top1=-  1s
[done] 个股    B_bre_cb126_cl04_ss_vc1         N=   0  expR=  -     IS=  -     OOS=  -     top1=-  12s
[done] 美股ETF B_bre_cb126_cl04_ss_vc1         N=   0  expR=  -     IS=  -     OOS=  -     top1=-  1s
[done] 宽基ETF B_bre_cb126_cl05_ss_vc1         N=   0  expR=  -     IS=  -     OOS=  -     top1=-  1s
[done] 行业ETF B_bre_cb126_cl05_ss_vc1         N=   2  expR=-5.000  IS=-3.000  OOS=-7.000  top1=512890.SS  3s
[done] A股指数  B_bre_cb126_cl05_ss_vc1         N=   0  expR=  -     IS=  -     OOS=  -     top1=-  1s
[done] 个股    B_bre_cb126_cl05_ss_vc1         N=   0  expR=  -     IS=  -     OOS=  -     top1=-  12s
[done] 美股ETF B_bre_cb126_cl05_ss_vc1         N=   0  expR=  -     IS=  -     OOS=  -     top1=-  1s
[done] 宽基ETF B_bre_cb126_cl06_ss_vc1         N=   0  expR=  -     IS=  -     OOS=  -     top1=-  1s
[done] 行业ETF B_bre_cb126_cl06_ss_vc1         N=   2  expR=-5.000  IS=-3.000  OOS=-7.000  top1=512890.SS  3s
[done] A股指数  B_bre_cb126_cl06_ss_vc1         N=   0  expR=  -     IS=  -     OOS=  -     top1=-  1s
[done] 个股    B_bre_cb126_cl06_ss_vc1         N=   0  expR=  -     IS=  -     OOS=  -     top1=-  12s
[done] 美股ETF B_bre_cb126_cl06_ss_vc1         N=   0  expR=  -     IS=  -     OOS=  -     top1=-  1s
[done] 宽基ETF B_bre_cb126_cl08_ss_vc1         N=   0  expR=  -     IS=  -     OOS=  -     top1=-  1s
[done] 行业ETF B_bre_cb126_cl08_ss_vc1         N=   2  expR=-5.000  IS=-3.000  OOS=-7.000  top1=512890.SS  3s
[done] A股指数  B_bre_cb126_cl08_ss_vc1         N=   0  expR=  -     IS=  -     OOS=  -     top1=-  1s
[done] 个股    B_bre_cb126_cl08_ss_vc1         N=   0  expR=  -     IS=  -     OOS=  -     top1=-  12s
[done] 美股ETF B_bre_cb126_cl08_ss_vc1         N=   0  expR=  -     IS=  -     OOS=  -     top1=-  1s
[done] 宽基ETF B_bre_cb126_cl10_ss_vc1         N=   0  expR=  -     IS=  -     OOS=  -     top1=-  1s
[done] 行业ETF B_bre_cb126_cl10_ss_vc1         N=   2  expR=-5.000  IS=-3.000  OOS=-7.000  top1=512890.SS  3s
[done] A股指数  B_bre_cb126_cl10_ss_vc1         N=   0  expR=  -     IS=  -     OOS=  -     top1=-  1s
[done] 个股    B_bre_cb126_cl10_ss_vc1         N=   0  expR=  -     IS=  -     OOS=  -     top1=-  12s
[done] 美股ETF B_bre_cb126_cl10_ss_vc1         N=   0  expR=  -     IS=  -     OOS=  -     top1=-  1s
[done] 宽基ETF B_bre_cb180_cl02_ss_vc1         N=   0  expR=  -     IS=  -     OOS=  -     top1=-  1s
[done] 行业ETF B_bre_cb180_cl02_ss_vc1         N=   0  expR=  -     IS=  -     OOS=  -     top1=-  3s
[done] A股指数  B_bre_cb180_cl02_ss_vc1         N=   0  expR=  -     IS=  -     OOS=  -     top1=-  1s
[done] 个股    B_bre_cb180_cl02_ss_vc1         N=   0  expR=  -     IS=  -     OOS=  -     top1=-  12s
[done] 美股ETF B_bre_cb180_cl02_ss_vc1         N=   0  expR=  -     IS=  -     OOS=  -     top1=-  1s
[done] 宽基ETF B_bre_cb180_cl03_ss_vc1         N=   0  expR=  -     IS=  -     OOS=  -     top1=-  1s
[done] 行业ETF B_bre_cb180_cl03_ss_vc1         N=   0  expR=  -     IS=  -     OOS=  -     top1=-  3s
[done] A股指数  B_bre_cb180_cl03_ss_vc1         N=   0  expR=  -     IS=  -     OOS=  -     top1=-  1s
[done] 个股    B_bre_cb180_cl03_ss_vc1         N=   0  expR=  -     IS=  -     OOS=  -     top1=-  12s
[done] 美股ETF B_bre_cb180_cl03_ss_vc1         N=   0  expR=  -     IS=  -     OOS=  -     top1=-  1s
[done] 宽基ETF B_bre_cb180_cl04_ss_vc1         N=   0  expR=  -     IS=  -     OOS=  -     top1=-  1s
[done] 行业ETF B_bre_cb180_cl04_ss_vc1         N=   0  expR=  -     IS=  -     OOS=  -     top1=-  3s
[done] A股指数  B_bre_cb180_cl04_ss_vc1         N=   0  expR=  -     IS=  -     OOS=  -     top1=-  1s
[done] 个股    B_bre_cb180_cl04_ss_vc1         N=   0  expR=  -     IS=  -     OOS=  -     top1=-  12s
[done] 美股ETF B_bre_cb180_cl04_ss_vc1         N=   0  expR=  -     IS=  -     OOS=  -     top1=-  1s
[done] 宽基ETF B_bre_cb180_cl05_ss_vc1         N=   0  expR=  -     IS=  -     OOS=  -     top1=-  1s
[done] 行业ETF B_bre_cb180_cl05_ss_vc1         N=   0  expR=  -     IS=  -     OOS=  -     top1=-  3s
[done] A股指数  B_bre_cb180_cl05_ss_vc1         N=   0  expR=  -     IS=  -     OOS=  -     top1=-  1s
[done] 个股    B_bre_cb180_cl05_ss_vc1         N=   0  expR=  -     IS=  -     OOS=  -     top1=-  12s
[done] 美股ETF B_bre_cb180_cl05_ss_vc1         N=   0  expR=  -     IS=  -     OOS=  -     top1=-  1s
[done] 宽基ETF B_bre_cb180_cl06_ss_vc1         N=   0  expR=  -     IS=  -     OOS=  -     top1=-  1s
[done] 行业ETF B_bre_cb180_cl06_ss_vc1         N=   0  expR=  -     IS=  -     OOS=  -     top1=-  3s
[done] A股指数  B_bre_cb180_cl06_ss_vc1         N=   0  expR=  -     IS=  -     OOS=  -     top1=-  1s
[done] 个股    B_bre_cb180_cl06_ss_vc1         N=   0  expR=  -     IS=  -     OOS=  -     top1=-  12s
[done] 美股ETF B_bre_cb180_cl06_ss_vc1         N=   0  expR=  -     IS=  -     OOS=  -     top1=-  1s
[done] 宽基ETF B_bre_cb180_cl08_ss_vc1         N=   0  expR=  -     IS=  -     OOS=  -     top1=-  1s
[done] 行业ETF B_bre_cb180_cl08_ss_vc1         N=   0  expR=  -     IS=  -     OOS=  -     top1=-  3s
[done] A股指数  B_bre_cb180_cl08_ss_vc1         N=   0  expR=  -     IS=  -     OOS=  -     top1=-  1s
[done] 个股    B_bre_cb180_cl08_ss_vc1         N=   0  expR=  -     IS=  -     OOS=  -     top1=-  12s
[done] 美股ETF B_bre_cb180_cl08_ss_vc1         N=   0  expR=  -     IS=  -     OOS=  -     top1=-  1s
[done] 宽基ETF B_bre_cb180_cl10_ss_vc1         N=   0  expR=  -     IS=  -     OOS=  -     top1=-  1s
[done] 行业ETF B_bre_cb180_cl10_ss_vc1         N=   0  expR=  -     IS=  -     OOS=  -     top1=-  3s
[done] A股指数  B_bre_cb180_cl10_ss_vc1         N=   0  expR=  -     IS=  -     OOS=  -     top1=-  1s
[done] 个股    B_bre_cb180_cl10_ss_vc1         N=   0  expR=  -     IS=  -     OOS=  -     top1=-  12s
[done] 美股ETF B_bre_cb180_cl10_ss_vc1         N=   0  expR=  -     IS=  -     OOS=  -     top1=-  1s
=== ambush × b3 × vc0 ===
[done] 宽基ETF B_amb_cb20_cl02_b3_vc0          N=   6  expR=-1.406  IS=-1.794  OOS=-0.631  top1=510500.SS  1s
[done] 行业ETF B_amb_cb20_cl02_b3_vc0          N=  27  expR=-1.634  IS=-1.593  OOS=-1.704  top1=512660.SS  3s
[done] A股指数  B_amb_cb20_cl02_b3_vc0          N=  15  expR=-17.014  IS=-17.014  OOS=  -     top1=000016.SS  1s
[done] 个股    B_amb_cb20_cl02_b3_vc0          N=   7  expR=-0.153  IS=-0.644  OOS=-0.072  top1=300014.SZ  12s
[done] 美股ETF B_amb_cb20_cl02_b3_vc0          N=   2  expR=+0.960  IS=+0.960  OOS=  -     top1=SOXX  1s
[done] 宽基ETF B_amb_cb20_cl03_b3_vc0          N=  13  expR=+0.600  IS=+0.769  OOS=-0.328  top1=159915.SZ  1s
[done] 行业ETF B_amb_cb20_cl03_b3_vc0          N=  32  expR=-1.412  IS=-1.520  OOS=-1.231  top1=512010.SS  3s
[done] A股指数  B_amb_cb20_cl03_b3_vc0          N=  22  expR=+1.441  IS=+1.109  OOS=+2.023  top1=000001.SS  1s
[done] 个股    B_amb_cb20_cl03_b3_vc0          N=  24  expR=+3.531  IS=+4.019  OOS=+2.955  top1=300059.SZ  12s
[done] 美股ETF B_amb_cb20_cl03_b3_vc0          N=   2  expR=+0.960  IS=+0.960  OOS=  -     top1=SOXX  1s
[done] 宽基ETF B_amb_cb20_cl04_b3_vc0          N=  18  expR=-1.348  IS=-1.534  OOS=-0.975  top1=510300.SS  1s
[done] 行业ETF B_amb_cb20_cl04_b3_vc0          N=  38  expR=-1.552  IS=-1.957  OOS=-0.931  top1=516010.SS  3s
[done] A股指数  B_amb_cb20_cl04_b3_vc0          N=  27  expR=-0.138  IS=+0.219  OOS=-0.851  top1=000905.SS  1s
[done] 个股    B_amb_cb20_cl04_b3_vc0          N=  49  expR=+0.189  IS=-0.521  OOS=+1.799  top1=600188.SS  12s
[done] 美股ETF B_amb_cb20_cl04_b3_vc0          N=   4  expR=+0.335  IS=+0.335  OOS=  -     top1=SOXX  1s
[done] 宽基ETF B_amb_cb20_cl05_b3_vc0          N=  25  expR=-1.603  IS=-1.831  OOS=-1.119  top1=510300.SS  1s
[done] 行业ETF B_amb_cb20_cl05_b3_vc0          N=  42  expR=-0.940  IS=-2.029  OOS=+0.663  top1=512580.SS  3s
[done] A股指数  B_amb_cb20_cl05_b3_vc0          N=  29  expR=+0.172  IS=+0.366  OOS=-0.195  top1=000905.SS  1s
[done] 个股    B_amb_cb20_cl05_b3_vc0          N=  73  expR=+0.173  IS=-0.025  OOS=+0.509  top1=300124.SZ  12s
[done] 美股ETF B_amb_cb20_cl05_b3_vc0          N=   7  expR=+1.330  IS=+1.869  OOS=-0.016  top1=IGV  1s
[done] 宽基ETF B_amb_cb20_cl06_b3_vc0          N=  24  expR=-1.609  IS=-1.854  OOS=-1.119  top1=510300.SS  1s
[done] 行业ETF B_amb_cb20_cl06_b3_vc0          N=  45  expR=-0.956  IS=-1.961  OOS=+0.865  top1=512580.SS  3s
[done] A股指数  B_amb_cb20_cl06_b3_vc0          N=  28  expR=+0.027  IS=+0.443  OOS=-0.851  top1=000905.SS  1s
[done] 个股    B_amb_cb20_cl06_b3_vc0          N=  91  expR=+0.350  IS=+0.107  OOS=+0.704  top1=300124.SZ  12s
[done] 美股ETF B_amb_cb20_cl06_b3_vc0          N=   7  expR=+1.710  IS=+2.401  OOS=-0.016  top1=IGV  1s
[done] 宽基ETF B_amb_cb20_cl08_b3_vc0          N=  23  expR=-0.313  IS=+0.182  OOS=-1.240  top1=512100.SS  1s
[done] 行业ETF B_amb_cb20_cl08_b3_vc0          N=  50  expR=-1.747  IS=-2.967  OOS=+0.243  top1=512580.SS  3s
[done] A股指数  B_amb_cb20_cl08_b3_vc0          N=  29  expR=+0.165  IS=+0.772  OOS=-0.989  top1=000905.SS  1s
[done] 个股    B_amb_cb20_cl08_b3_vc0          N= 116  expR=+1.402  IS=+0.152  OOS=+3.304  top1=300347.SZ  12s
[done] 美股ETF B_amb_cb20_cl08_b3_vc0          N=   7  expR=+1.710  IS=+2.401  OOS=-0.016  top1=IGV  1s
[done] 宽基ETF B_amb_cb20_cl10_b3_vc0          N=  24  expR=-0.303  IS=+0.166  OOS=-1.240  top1=512100.SS  1s
[done] 行业ETF B_amb_cb20_cl10_b3_vc0          N=  47  expR=-1.100  IS=-2.854  OOS=+1.484  top1=512580.SS  3s
[done] A股指数  B_amb_cb20_cl10_b3_vc0          N=  26  expR=+0.293  IS=+0.769  OOS=-0.996  top1=000905.SS  1s
[done] 个股    B_amb_cb20_cl10_b3_vc0          N= 134  expR=+1.100  IS=+0.070  OOS=+2.775  top1=300347.SZ  12s
[done] 美股ETF B_amb_cb20_cl10_b3_vc0          N=   8  expR=+1.344  IS=+1.797  OOS=-0.016  top1=IGV  1s
[done] 宽基ETF B_amb_cb30_cl02_b3_vc0          N=   8  expR=-1.349  IS=-1.588  OOS=-0.631  top1=510050.SS  1s
[done] 行业ETF B_amb_cb30_cl02_b3_vc0          N=  21  expR=-0.213  IS=-1.140  OOS=+1.293  top1=512660.SS  3s
[done] A股指数  B_amb_cb30_cl02_b3_vc0          N=  12  expR=-21.307  IS=-21.307  OOS=  -     top1=000016.SS  1s
[done] 个股    B_amb_cb30_cl02_b3_vc0          N=   5  expR=-1.797  IS=-1.557  OOS=-1.856  top1=600660.SS  12s
[done] 美股ETF B_amb_cb30_cl02_b3_vc0          N=   2  expR=+0.960  IS=+0.960  OOS=  -     top1=SOXX  1s
[done] 宽基ETF B_amb_cb30_cl03_b3_vc0          N=  13  expR=-0.277  IS=-0.240  OOS=-0.730  top1=159915.SZ  1s
[done] 行业ETF B_amb_cb30_cl03_b3_vc0          N=  22  expR=+1.015  IS=+0.322  OOS=+1.846  top1=512660.SS  3s
[done] A股指数  B_amb_cb30_cl03_b3_vc0          N=  18  expR=-13.932  IS=-21.033  OOS=+0.271  top1=399006.SZ  1s
[done] 个股    B_amb_cb30_cl03_b3_vc0          N=  10  expR=+1.763  IS=+1.237  OOS=+2.990  top1=300059.SZ  12s
[done] 美股ETF B_amb_cb30_cl03_b3_vc0          N=   2  expR=+0.960  IS=+0.960  OOS=  -     top1=SOXX  1s
[done] 宽基ETF B_amb_cb30_cl04_b3_vc0          N=  15  expR=-1.736  IS=-1.921  OOS=-0.994  top1=159915.SZ  1s
[done] 行业ETF B_amb_cb30_cl04_b3_vc0          N=  32  expR=+3.403  IS=+5.125  OOS=+0.886  top1=518850.SS  3s
[done] A股指数  B_amb_cb30_cl04_b3_vc0          N=  22  expR=-12.423  IS=-18.528  OOS=+0.658  top1=000300.SS  1s
[done] 个股    B_amb_cb30_cl04_b3_vc0          N=  28  expR=-1.106  IS=-1.652  OOS=+0.530  top1=600460.SS  12s
[done] 美股ETF B_amb_cb30_cl04_b3_vc0          N=   2  expR=+0.960  IS=+0.960  OOS=  -     top1=SOXX  1s
[done] 宽基ETF B_amb_cb30_cl05_b3_vc0          N=  15  expR=-1.736  IS=-1.921  OOS=-0.994  top1=159915.SZ  1s
[done] 行业ETF B_amb_cb30_cl05_b3_vc0          N=  34  expR=+3.357  IS=+5.034  OOS=+0.959  top1=518850.SS  3s
[done] A股指数  B_amb_cb30_cl05_b3_vc0          N=  22  expR=-12.423  IS=-18.528  OOS=+0.658  top1=000300.SS  1s
[done] 个股    B_amb_cb30_cl05_b3_vc0          N=  36  expR=-1.024  IS=-1.263  OOS=-0.481  top1=600460.SS  12s
[done] 美股ETF B_amb_cb30_cl05_b3_vc0          N=   1  expR=-0.282  IS=  -     OOS=-0.282  top1=XLK  1s
[done] 宽基ETF B_amb_cb30_cl06_b3_vc0          N=  15  expR=-1.736  IS=-1.921  OOS=-0.994  top1=512100.SS  1s
[done] 行业ETF B_amb_cb30_cl06_b3_vc0          N=  36  expR=+2.567  IS=+3.191  OOS=+1.319  top1=518850.SS  3s
[done] A股指数  B_amb_cb30_cl06_b3_vc0          N=  24  expR=-11.545  IS=-16.569  OOS=+0.658  top1=000300.SS  1s
[done] 个股    B_amb_cb30_cl06_b3_vc0          N=  48  expR=-0.735  IS=-1.188  OOS=-0.042  top1=600460.SS  12s
[done] 美股ETF B_amb_cb30_cl06_b3_vc0          N=   3  expR=-0.668  IS=-0.861  OOS=-0.282  top1=XLK  1s
[done] 宽基ETF B_amb_cb30_cl08_b3_vc0          N=  15  expR=-1.468  IS=-1.521  OOS=-1.125  top1=512100.SS  1s
[done] 行业ETF B_amb_cb30_cl08_b3_vc0          N=  37  expR=+2.540  IS=+3.364  OOS=+1.019  top1=518850.SS  3s
[done] A股指数  B_amb_cb30_cl08_b3_vc0          N=  24  expR=-11.524  IS=-16.540  OOS=+0.658  top1=000300.SS  1s
[done] 个股    B_amb_cb30_cl08_b3_vc0          N=  52  expR=-0.832  IS=-1.485  OOS=+0.303  top1=600460.SS  12s
[done] 美股ETF B_amb_cb30_cl08_b3_vc0          N=   3  expR=-0.668  IS=-0.861  OOS=-0.282  top1=IGV  1s
[done] 宽基ETF B_amb_cb30_cl10_b3_vc0          N=  16  expR=-1.382  IS=-1.418  OOS=-1.125  top1=512100.SS  1s
[done] 行业ETF B_amb_cb30_cl10_b3_vc0          N=  32  expR=+2.319  IS=+2.691  OOS=+1.369  top1=518850.SS  3s
[done] A股指数  B_amb_cb30_cl10_b3_vc0          N=  23  expR=-11.890  IS=-15.659  OOS=+1.675  top1=000300.SS  1s
[done] 个股    B_amb_cb30_cl10_b3_vc0          N=  65  expR=-0.252  IS=-0.438  OOS=+0.138  top1=002475.SZ  12s
[done] 美股ETF B_amb_cb30_cl10_b3_vc0          N=   3  expR=-0.668  IS=-0.861  OOS=-0.282  top1=IGV  1s
[done] 宽基ETF B_amb_cb40_cl02_b3_vc0          N=   3  expR=-1.865  IS=-4.333  OOS=-0.631  top1=510050.SS  1s
[done] 行业ETF B_amb_cb40_cl02_b3_vc0          N=  15  expR=-2.301  IS=-3.238  OOS=+0.278  top1=159992.SZ  3s
[done] A股指数  B_amb_cb40_cl02_b3_vc0          N=   7  expR=-0.721  IS=-0.721  OOS=  -     top1=000300.SS  1s
[done] 个股    B_amb_cb40_cl02_b3_vc0          N=   3  expR=-2.164  IS=  -     OOS=-2.164  top1=600519.SS  12s
[done] 美股ETF B_amb_cb40_cl02_b3_vc0          N=   2  expR=+0.960  IS=+0.960  OOS=  -     top1=SOXX  1s
[done] 宽基ETF B_amb_cb40_cl03_b3_vc0          N=   5  expR=+3.081  IS=+3.081  OOS=  -     top1=159915.SZ  1s
[done] 行业ETF B_amb_cb40_cl03_b3_vc0          N=  15  expR=-0.329  IS=-1.239  OOS=+0.712  top1=512010.SS  3s
[done] A股指数  B_amb_cb40_cl03_b3_vc0          N=  11  expR=-0.461  IS=-0.446  OOS=-0.611  top1=399006.SZ  1s
[done] 个股    B_amb_cb40_cl03_b3_vc0          N=   8  expR=+4.475  IS=+7.595  OOS=-0.724  top1=300059.SZ  13s
[done] 美股ETF B_amb_cb40_cl03_b3_vc0          N=   2  expR=+0.960  IS=+0.960  OOS=  -     top1=SOXX  1s
[done] 宽基ETF B_amb_cb40_cl04_b3_vc0          N=   6  expR=+0.033  IS=+0.033  OOS=  -     top1=510050.SS  1s
[done] 行业ETF B_amb_cb40_cl04_b3_vc0          N=  20  expR=-1.418  IS=-1.376  OOS=-1.453  top1=512660.SS  3s
[done] A股指数  B_amb_cb40_cl04_b3_vc0          N=  14  expR=-1.308  IS=-1.362  OOS=-0.611  top1=000016.SS  1s
[done] 个股    B_amb_cb40_cl04_b3_vc0          N=  18  expR=-0.818  IS=-0.878  OOS=-0.660  top1=600196.SS  12s
[done] 美股ETF B_amb_cb40_cl04_b3_vc0          N=   2  expR=+0.960  IS=+0.960  OOS=  -     top1=SOXX  1s
[done] 宽基ETF B_amb_cb40_cl05_b3_vc0          N=   8  expR=+0.212  IS=+0.212  OOS=  -     top1=510050.SS  1s
[done] 行业ETF B_amb_cb40_cl05_b3_vc0          N=  22  expR=-1.642  IS=-1.807  OOS=-1.477  top1=512660.SS  3s
[done] A股指数  B_amb_cb40_cl05_b3_vc0          N=  12  expR=-1.176  IS=-1.228  OOS=-0.611  top1=000016.SS  1s
[done] 个股    B_amb_cb40_cl05_b3_vc0          N=  19  expR=-0.978  IS=-1.106  OOS=-0.802  top1=600196.SS  12s
[done] 美股ETF B_amb_cb40_cl05_b3_vc0          N=   3  expR=+0.057  IS=+0.960  OOS=-1.748  top1=SOXX  1s
[done] 宽基ETF B_amb_cb40_cl06_b3_vc0          N=   8  expR=+0.212  IS=+0.212  OOS=  -     top1=510050.SS  1s
[done] 行业ETF B_amb_cb40_cl06_b3_vc0          N=  25  expR=-3.091  IS=-1.402  OOS=-5.240  top1=512000.SS  3s
[done] A股指数  B_amb_cb40_cl06_b3_vc0          N=  12  expR=-1.077  IS=-1.119  OOS=-0.611  top1=000016.SS  1s
[done] 个股    B_amb_cb40_cl06_b3_vc0          N=  23  expR=-1.014  IS=-1.203  OOS=-0.660  top1=600196.SS  12s
[done] 美股ETF B_amb_cb40_cl06_b3_vc0          N=   4  expR=+0.055  IS=+0.656  OOS=-1.748  top1=SOXX  1s
[done] 宽基ETF B_amb_cb40_cl08_b3_vc0          N=  10  expR=+0.954  IS=+0.954  OOS=  -     top1=510050.SS  1s
[done] 行业ETF B_amb_cb40_cl08_b3_vc0          N=  25  expR=-3.021  IS=-1.278  OOS=-5.240  top1=512000.SS  3s
[done] A股指数  B_amb_cb40_cl08_b3_vc0          N=  12  expR=-1.077  IS=-1.119  OOS=-0.611  top1=000016.SS  1s
[done] 个股    B_amb_cb40_cl08_b3_vc0          N=  27  expR=-0.406  IS=-0.699  OOS=+0.180  top1=600030.SS  13s
[done] 美股ETF B_amb_cb40_cl08_b3_vc0          N=   5  expR=-0.069  IS=+0.351  OOS=-1.748  top1=SOXX  1s
[done] 宽基ETF B_amb_cb40_cl10_b3_vc0          N=  11  expR=+0.822  IS=+0.822  OOS=  -     top1=510050.SS  1s
[done] 行业ETF B_amb_cb40_cl10_b3_vc0          N=  24  expR=-2.812  IS=-0.720  OOS=-4.904  top1=512000.SS  3s
[done] A股指数  B_amb_cb40_cl10_b3_vc0          N=  13  expR=-0.998  IS=-0.998  OOS=  -     top1=399006.SZ  1s
[done] 个股    B_amb_cb40_cl10_b3_vc0          N=  36  expR=-0.624  IS=-0.849  OOS=-0.113  top1=600030.SS  12s
[done] 美股ETF B_amb_cb40_cl10_b3_vc0          N=   5  expR=-0.069  IS=+0.351  OOS=-1.748  top1=SOXX  1s
[done] 宽基ETF B_amb_cb63_cl02_b3_vc0          N=   1  expR=-1.552  IS=  -     OOS=-1.552  top1=510050.SS  1s
[done] 行业ETF B_amb_cb63_cl02_b3_vc0          N=  12  expR=+0.100  IS=-1.396  OOS=+4.590  top1=159992.SZ  3s
[done] A股指数  B_amb_cb63_cl02_b3_vc0          N=   8  expR=+1.257  IS=-1.887  OOS=+10.687  top1=000001.SS  1s
[done] 个股    B_amb_cb63_cl02_b3_vc0          N=   3  expR=+1.234  IS=  -     OOS=+1.234  top1=600703.SS  12s
[done] 美股ETF B_amb_cb63_cl02_b3_vc0          N=   2  expR=+0.960  IS=+0.960  OOS=  -     top1=SOXX  1s
[done] 宽基ETF B_amb_cb63_cl03_b3_vc0          N=   3  expR=-1.229  IS=-1.068  OOS=-1.552  top1=510050.SS  1s
[done] 行业ETF B_amb_cb63_cl03_b3_vc0          N=  12  expR=+0.624  IS=-0.300  OOS=+2.472  top1=159992.SZ  3s
[done] A股指数  B_amb_cb63_cl03_b3_vc0          N=   8  expR=+0.887  IS=-2.379  OOS=+10.687  top1=000001.SS  1s
[done] 个股    B_amb_cb63_cl03_b3_vc0          N=   4  expR=+11.190  IS=+19.940  OOS=+2.439  top1=300059.SZ  13s
[done] 美股ETF B_amb_cb63_cl03_b3_vc0          N=   2  expR=+0.960  IS=+0.960  OOS=  -     top1=SOXX  1s
[done] 宽基ETF B_amb_cb63_cl04_b3_vc0          N=   3  expR=-1.229  IS=-1.068  OOS=-1.552  top1=510050.SS  1s
[done] 行业ETF B_amb_cb63_cl04_b3_vc0          N=  13  expR=+0.494  IS=-0.300  OOS=+1.764  top1=159992.SZ  3s
[done] A股指数  B_amb_cb63_cl04_b3_vc0          N=  11  expR=+0.844  IS=-1.935  OOS=+8.256  top1=000001.SS  1s
[done] 个股    B_amb_cb63_cl04_b3_vc0          N=   7  expR=+0.401  IS=-0.223  OOS=+1.234  top1=600703.SS  12s
[done] 美股ETF B_amb_cb63_cl04_b3_vc0          N=   2  expR=+0.960  IS=+0.960  OOS=  -     top1=SOXX  1s
[done] 宽基ETF B_amb_cb63_cl05_b3_vc0          N=   3  expR=-1.229  IS=-1.068  OOS=-1.552  top1=510300.SS  1s
[done] 行业ETF B_amb_cb63_cl05_b3_vc0          N=  15  expR=+0.895  IS=-0.300  OOS=+2.261  top1=159992.SZ  3s
[done] A股指数  B_amb_cb63_cl05_b3_vc0          N=  12  expR=+0.678  IS=-1.935  OOS=+5.905  top1=000001.SS  1s
[done] 个股    B_amb_cb63_cl05_b3_vc0          N=   9  expR=+1.786  IS=+2.700  OOS=+0.643  top1=002371.SZ  12s
[done] 美股ETF B_amb_cb63_cl05_b3_vc0          N=   2  expR=+0.960  IS=+0.960  OOS=  -     top1=SOXX  1s
[done] 宽基ETF B_amb_cb63_cl06_b3_vc0          N=   4  expR=-1.275  IS=-1.068  OOS=-1.482  top1=510300.SS  1s
[done] 行业ETF B_amb_cb63_cl06_b3_vc0          N=  16  expR=+0.908  IS=+0.146  OOS=+1.887  top1=159992.SZ  3s
[done] A股指数  B_amb_cb63_cl06_b3_vc0          N=  12  expR=+0.678  IS=-1.935  OOS=+5.905  top1=000001.SS  1s
[done] 个股    B_amb_cb63_cl06_b3_vc0          N=   9  expR=+1.809  IS=+2.700  OOS=+0.695  top1=002371.SZ  12s
[done] 美股ETF B_amb_cb63_cl06_b3_vc0          N=   2  expR=+0.960  IS=+0.960  OOS=  -     top1=SOXX  1s
[done] 宽基ETF B_amb_cb63_cl08_b3_vc0          N=   4  expR=-1.275  IS=-1.068  OOS=-1.482  top1=510300.SS  1s
[done] 行业ETF B_amb_cb63_cl08_b3_vc0          N=  16  expR=+0.918  IS=+0.164  OOS=+1.887  top1=159992.SZ  3s
[done] A股指数  B_amb_cb63_cl08_b3_vc0          N=  12  expR=+0.678  IS=-1.935  OOS=+5.905  top1=000001.SS  1s
[done] 个股    B_amb_cb63_cl08_b3_vc0          N=  10  expR=+1.684  IS=+2.168  OOS=+0.959  top1=002371.SZ  12s
[done] 美股ETF B_amb_cb63_cl08_b3_vc0          N=   2  expR=+0.960  IS=+0.960  OOS=  -     top1=SOXX  1s
[done] 宽基ETF B_amb_cb63_cl10_b3_vc0          N=   4  expR=-1.275  IS=-1.068  OOS=-1.482  top1=510300.SS  1s
[done] 行业ETF B_amb_cb63_cl10_b3_vc0          N=  16  expR=+0.001  IS=-1.752  OOS=+2.923  top1=159992.SZ  3s
[done] A股指数  B_amb_cb63_cl10_b3_vc0          N=  11  expR=-1.375  IS=-1.935  OOS=+0.118  top1=000300.SS  1s
[done] 个股    B_amb_cb63_cl10_b3_vc0          N=  11  expR=+1.420  IS=+1.683  OOS=+0.959  top1=002371.SZ  12s
[done] 美股ETF B_amb_cb63_cl10_b3_vc0          N=   3  expR=+0.595  IS=+0.960  OOS=-0.135  top1=SOXX  1s
[done] 宽基ETF B_amb_cb90_cl02_b3_vc0          N=   1  expR=+5.262  IS=  -     OOS=+5.262  top1=510050.SS  1s
[done] 行业ETF B_amb_cb90_cl02_b3_vc0          N=   7  expR=-2.377  IS=-4.392  OOS=+0.309  top1=515130.SS  3s
[done] A股指数  B_amb_cb90_cl02_b3_vc0          N=   1  expR=+28.758  IS=  -     OOS=+28.758  top1=000016.SS  1s
[done] 个股    B_amb_cb90_cl02_b3_vc0          N=   2  expR=-1.068  IS=  -     OOS=-1.068  top1=600519.SS  12s
[done] 美股ETF B_amb_cb90_cl02_b3_vc0          N=   3  expR=-0.028  IS=-0.028  OOS=  -     top1=IGV  1s
[done] 宽基ETF B_amb_cb90_cl03_b3_vc0          N=   1  expR=+5.262  IS=  -     OOS=+5.262  top1=510050.SS  1s
[done] 行业ETF B_amb_cb90_cl03_b3_vc0          N=   4  expR=-0.925  IS=-2.372  OOS=+0.523  top1=515130.SS  3s
[done] A股指数  B_amb_cb90_cl03_b3_vc0          N=   3  expR=+25.458  IS=+9.711  OOS=+33.332  top1=000001.SS  1s
[done] 个股    B_amb_cb90_cl03_b3_vc0          N=   1  expR=-0.374  IS=  -     OOS=-0.374  top1=600519.SS  12s
[done] 美股ETF B_amb_cb90_cl03_b3_vc0          N=   3  expR=-0.028  IS=-0.028  OOS=  -     top1=IGV  1s
[done] 宽基ETF B_amb_cb90_cl04_b3_vc0          N=   1  expR=+5.262  IS=  -     OOS=+5.262  top1=510050.SS  1s
[done] 行业ETF B_amb_cb90_cl04_b3_vc0          N=   6  expR=-0.085  IS=-0.389  OOS=+0.523  top1=159928.SZ  3s
[done] A股指数  B_amb_cb90_cl04_b3_vc0          N=   5  expR=+15.118  IS=+9.711  OOS=+16.470  top1=000001.SS  1s
[done] 个股    B_amb_cb90_cl04_b3_vc0          N=   3  expR=-6.026  IS=-16.966  OOS=-0.556  top1=600519.SS  12s
[done] 美股ETF B_amb_cb90_cl04_b3_vc0          N=   3  expR=-0.028  IS=-0.028  OOS=  -     top1=IGV  1s
[done] 宽基ETF B_amb_cb90_cl05_b3_vc0          N=   2  expR=+1.455  IS=  -     OOS=+1.455  top1=510050.SS  1s
[done] 行业ETF B_amb_cb90_cl05_b3_vc0          N=   6  expR=-0.085  IS=-0.389  OOS=+0.523  top1=159928.SZ  3s
[done] A股指数  B_amb_cb90_cl05_b3_vc0          N=   6  expR=+12.092  IS=+9.711  OOS=+12.568  top1=000001.SS  1s
[done] 个股    B_amb_cb90_cl05_b3_vc0          N=   3  expR=-6.026  IS=-16.966  OOS=-0.556  top1=600519.SS  12s
[done] 美股ETF B_amb_cb90_cl05_b3_vc0          N=   3  expR=-0.028  IS=-0.028  OOS=  -     top1=IGV  1s
[done] 宽基ETF B_amb_cb90_cl06_b3_vc0          N=   4  expR=+3.722  IS=  -     OOS=+3.722  top1=512100.SS  1s
[done] 行业ETF B_amb_cb90_cl06_b3_vc0          N=   9  expR=-0.270  IS=-0.640  OOS=+0.471  top1=159928.SZ  3s
[done] A股指数  B_amb_cb90_cl06_b3_vc0          N=   6  expR=+12.092  IS=+9.711  OOS=+12.568  top1=000001.SS  1s
[done] 个股    B_amb_cb90_cl06_b3_vc0          N=   3  expR=-6.026  IS=-16.966  OOS=-0.556  top1=600519.SS  12s
[done] 美股ETF B_amb_cb90_cl06_b3_vc0          N=   3  expR=-0.028  IS=-0.028  OOS=  -     top1=IGV  1s
[done] 宽基ETF B_amb_cb90_cl08_b3_vc0          N=   4  expR=+3.722  IS=  -     OOS=+3.722  top1=512100.SS  1s
[done] 行业ETF B_amb_cb90_cl08_b3_vc0          N=   9  expR=-0.252  IS=-0.614  OOS=+0.471  top1=159928.SZ  3s
[done] A股指数  B_amb_cb90_cl08_b3_vc0          N=   7  expR=+10.327  IS=+9.711  OOS=+10.430  top1=000001.SS  1s
[done] 个股    B_amb_cb90_cl08_b3_vc0          N=   4  expR=-4.629  IS=-8.701  OOS=-0.556  top1=600519.SS  12s
[done] 美股ETF B_amb_cb90_cl08_b3_vc0          N=   3  expR=-0.028  IS=-0.028  OOS=  -     top1=IGV  1s
[done] 宽基ETF B_amb_cb90_cl10_b3_vc0          N=   4  expR=+3.722  IS=  -     OOS=+3.722  top1=512100.SS  1s
[done] 行业ETF B_amb_cb90_cl10_b3_vc0          N=   8  expR=+0.258  IS=-0.614  OOS=+2.873  top1=159928.SZ  3s
[done] A股指数  B_amb_cb90_cl10_b3_vc0          N=   7  expR=+10.327  IS=+9.711  OOS=+10.430  top1=000001.SS  1s
[done] 个股    B_amb_cb90_cl10_b3_vc0          N=   4  expR=-4.629  IS=-8.701  OOS=-0.556  top1=600519.SS  12s
[done] 美股ETF B_amb_cb90_cl10_b3_vc0          N=   3  expR=-0.028  IS=-0.028  OOS=  -     top1=IGV  1s
[done] 宽基ETF B_amb_cb126_cl02_b3_vc0         N=   0  expR=  -     IS=  -     OOS=  -     top1=-  1s
[done] 行业ETF B_amb_cb126_cl02_b3_vc0         N=   3  expR=-2.187  IS=-3.222  OOS=-0.118  top1=515300.SS  3s
[done] A股指数  B_amb_cb126_cl02_b3_vc0         N=   2  expR=-0.210  IS=-0.210  OOS=  -     top1=000001.SS  1s
[done] 个股    B_amb_cb126_cl02_b3_vc0         N=   2  expR=-14.151  IS=  -     OOS=-14.151  top1=600519.SS  12s
[done] 美股ETF B_amb_cb126_cl02_b3_vc0         N=   0  expR=  -     IS=  -     OOS=  -     top1=-  1s
[done] 宽基ETF B_amb_cb126_cl03_b3_vc0         N=   0  expR=  -     IS=  -     OOS=  -     top1=-  1s
[done] 行业ETF B_amb_cb126_cl03_b3_vc0         N=   3  expR=-3.889  IS=-3.333  OOS=-5.000  top1=512890.SS  3s
[done] A股指数  B_amb_cb126_cl03_b3_vc0         N=   2  expR=-1.892  IS=-1.892  OOS=  -     top1=000001.SS  1s
[done] 个股    B_amb_cb126_cl03_b3_vc0         N=   2  expR=-14.151  IS=  -     OOS=-14.151  top1=600519.SS  12s
[done] 美股ETF B_amb_cb126_cl03_b3_vc0         N=   0  expR=  -     IS=  -     OOS=  -     top1=-  1s
[done] 宽基ETF B_amb_cb126_cl04_b3_vc0         N=   0  expR=  -     IS=  -     OOS=  -     top1=-  1s
[done] 行业ETF B_amb_cb126_cl04_b3_vc0         N=   3  expR=-3.889  IS=-3.333  OOS=-5.000  top1=512890.SS  3s
[done] A股指数  B_amb_cb126_cl04_b3_vc0         N=   3  expR=+0.209  IS=+0.209  OOS=  -     top1=000905.SS  1s
[done] 个股    B_amb_cb126_cl04_b3_vc0         N=   2  expR=-14.151  IS=  -     OOS=-14.151  top1=600519.SS  12s
[done] 美股ETF B_amb_cb126_cl04_b3_vc0         N=   0  expR=  -     IS=  -     OOS=  -     top1=-  1s
[done] 宽基ETF B_amb_cb126_cl05_b3_vc0         N=   0  expR=  -     IS=  -     OOS=  -     top1=-  1s
[done] 行业ETF B_amb_cb126_cl05_b3_vc0         N=   3  expR=-3.889  IS=-3.333  OOS=-5.000  top1=512890.SS  3s
[done] A股指数  B_amb_cb126_cl05_b3_vc0         N=   3  expR=+0.209  IS=+0.209  OOS=  -     top1=000905.SS  1s
[done] 个股    B_amb_cb126_cl05_b3_vc0         N=   2  expR=-14.151  IS=  -     OOS=-14.151  top1=600519.SS  12s
[done] 美股ETF B_amb_cb126_cl05_b3_vc0         N=   0  expR=  -     IS=  -     OOS=  -     top1=-  1s
[done] 宽基ETF B_amb_cb126_cl06_b3_vc0         N=   0  expR=  -     IS=  -     OOS=  -     top1=-  1s
[done] 行业ETF B_amb_cb126_cl06_b3_vc0         N=   3  expR=-3.889  IS=-3.333  OOS=-5.000  top1=512890.SS  3s
[done] A股指数  B_amb_cb126_cl06_b3_vc0         N=   3  expR=+0.209  IS=+0.209  OOS=  -     top1=000905.SS  1s
[done] 个股    B_amb_cb126_cl06_b3_vc0         N=   2  expR=-14.151  IS=  -     OOS=-14.151  top1=600519.SS  12s
[done] 美股ETF B_amb_cb126_cl06_b3_vc0         N=   0  expR=  -     IS=  -     OOS=  -     top1=-  1s
[done] 宽基ETF B_amb_cb126_cl08_b3_vc0         N=   0  expR=  -     IS=  -     OOS=  -     top1=-  1s
[done] 行业ETF B_amb_cb126_cl08_b3_vc0         N=   3  expR=-3.889  IS=-3.333  OOS=-5.000  top1=512890.SS  3s
[done] A股指数  B_amb_cb126_cl08_b3_vc0         N=   3  expR=+0.209  IS=+0.209  OOS=  -     top1=000905.SS  1s
[done] 个股    B_amb_cb126_cl08_b3_vc0         N=   2  expR=-14.151  IS=  -     OOS=-14.151  top1=600519.SS  12s
[done] 美股ETF B_amb_cb126_cl08_b3_vc0         N=   0  expR=  -     IS=  -     OOS=  -     top1=-  1s
[done] 宽基ETF B_amb_cb126_cl10_b3_vc0         N=   0  expR=  -     IS=  -     OOS=  -     top1=-  1s
[done] 行业ETF B_amb_cb126_cl10_b3_vc0         N=   3  expR=-3.889  IS=-3.333  OOS=-5.000  top1=512890.SS  3s
[done] A股指数  B_amb_cb126_cl10_b3_vc0         N=   3  expR=+0.209  IS=+0.209  OOS=  -     top1=000905.SS  1s
[done] 个股    B_amb_cb126_cl10_b3_vc0         N=   2  expR=-14.151  IS=  -     OOS=-14.151  top1=600519.SS  12s
[done] 美股ETF B_amb_cb126_cl10_b3_vc0         N=   0  expR=  -     IS=  -     OOS=  -     top1=-  1s
[done] 宽基ETF B_amb_cb180_cl02_b3_vc0         N=   0  expR=  -     IS=  -     OOS=  -     top1=-  1s
[done] 行业ETF B_amb_cb180_cl02_b3_vc0         N=   0  expR=  -     IS=  -     OOS=  -     top1=-  3s
[done] A股指数  B_amb_cb180_cl02_b3_vc0         N=   0  expR=  -     IS=  -     OOS=  -     top1=-  1s
[done] 个股    B_amb_cb180_cl02_b3_vc0         N=   0  expR=  -     IS=  -     OOS=  -     top1=-  12s
[done] 美股ETF B_amb_cb180_cl02_b3_vc0         N=   0  expR=  -     IS=  -     OOS=  -     top1=-  1s
[done] 宽基ETF B_amb_cb180_cl03_b3_vc0         N=   0  expR=  -     IS=  -     OOS=  -     top1=-  1s
[done] 行业ETF B_amb_cb180_cl03_b3_vc0         N=   0  expR=  -     IS=  -     OOS=  -     top1=-  3s
[done] A股指数  B_amb_cb180_cl03_b3_vc0         N=   0  expR=  -     IS=  -     OOS=  -     top1=-  1s
[done] 个股    B_amb_cb180_cl03_b3_vc0         N=   0  expR=  -     IS=  -     OOS=  -     top1=-  12s
[done] 美股ETF B_amb_cb180_cl03_b3_vc0         N=   0  expR=  -     IS=  -     OOS=  -     top1=-  1s
[done] 宽基ETF B_amb_cb180_cl04_b3_vc0         N=   0  expR=  -     IS=  -     OOS=  -     top1=-  1s
[done] 行业ETF B_amb_cb180_cl04_b3_vc0         N=   0  expR=  -     IS=  -     OOS=  -     top1=-  3s
[done] A股指数  B_amb_cb180_cl04_b3_vc0         N=   0  expR=  -     IS=  -     OOS=  -     top1=-  1s
[done] 个股    B_amb_cb180_cl04_b3_vc0         N=   0  expR=  -     IS=  -     OOS=  -     top1=-  12s
[done] 美股ETF B_amb_cb180_cl04_b3_vc0         N=   0  expR=  -     IS=  -     OOS=  -     top1=-  1s
[done] 宽基ETF B_amb_cb180_cl05_b3_vc0         N=   0  expR=  -     IS=  -     OOS=  -     top1=-  1s
[done] 行业ETF B_amb_cb180_cl05_b3_vc0         N=   0  expR=  -     IS=  -     OOS=  -     top1=-  3s
[done] A股指数  B_amb_cb180_cl05_b3_vc0         N=   0  expR=  -     IS=  -     OOS=  -     top1=-  1s
[done] 个股    B_amb_cb180_cl05_b3_vc0         N=   0  expR=  -     IS=  -     OOS=  -     top1=-  12s
[done] 美股ETF B_amb_cb180_cl05_b3_vc0         N=   0  expR=  -     IS=  -     OOS=  -     top1=-  1s
[done] 宽基ETF B_amb_cb180_cl06_b3_vc0         N=   0  expR=  -     IS=  -     OOS=  -     top1=-  1s
[done] 行业ETF B_amb_cb180_cl06_b3_vc0         N=   0  expR=  -     IS=  -     OOS=  -     top1=-  3s
[done] A股指数  B_amb_cb180_cl06_b3_vc0         N=   0  expR=  -     IS=  -     OOS=  -     top1=-  1s
[done] 个股    B_amb_cb180_cl06_b3_vc0         N=   0  expR=  -     IS=  -     OOS=  -     top1=-  12s
[done] 美股ETF B_amb_cb180_cl06_b3_vc0         N=   0  expR=  -     IS=  -     OOS=  -     top1=-  1s
[done] 宽基ETF B_amb_cb180_cl08_b3_vc0         N=   0  expR=  -     IS=  -     OOS=  -     top1=-  1s
[done] 行业ETF B_amb_cb180_cl08_b3_vc0         N=   0  expR=  -     IS=  -     OOS=  -     top1=-  3s
[done] A股指数  B_amb_cb180_cl08_b3_vc0         N=   0  expR=  -     IS=  -     OOS=  -     top1=-  1s
[done] 个股    B_amb_cb180_cl08_b3_vc0         N=   0  expR=  -     IS=  -     OOS=  -     top1=-  12s
[done] 美股ETF B_amb_cb180_cl08_b3_vc0         N=   0  expR=  -     IS=  -     OOS=  -     top1=-  1s
[done] 宽基ETF B_amb_cb180_cl10_b3_vc0         N=   0  expR=  -     IS=  -     OOS=  -     top1=-  1s
[done] 行业ETF B_amb_cb180_cl10_b3_vc0         N=   0  expR=  -     IS=  -     OOS=  -     top1=-  3s
[done] A股指数  B_amb_cb180_cl10_b3_vc0         N=   0  expR=  -     IS=  -     OOS=  -     top1=-  1s
[done] 个股    B_amb_cb180_cl10_b3_vc0         N=   0  expR=  -     IS=  -     OOS=  -     top1=-  12s
[done] 美股ETF B_amb_cb180_cl10_b3_vc0         N=   0  expR=  -     IS=  -     OOS=  -     top1=-  1s
=== 全池(5组并集) × b3 × vc0 ===
[done] 全池    ALL_bre_cb20_cl02_b3_vc0        N= 340  expR=-0.066  IS=-0.322  OOS=+0.423  top1=512100.SS  18s
[done] 全池    ALL_bre_cb20_cl03_b3_vc0        N= 549  expR=+0.050  IS=-0.136  OOS=+0.444  top1=002821.SZ  19s
[done] 全池    ALL_bre_cb20_cl04_b3_vc0        N= 705  expR=-0.025  IS=-0.171  OOS=+0.285  top1=002371.SZ  19s
[done] 全池    ALL_bre_cb20_cl05_b3_vc0        N= 833  expR=-0.047  IS=-0.138  OOS=+0.161  top1=516010.SS  19s
[done] 全池    ALL_bre_cb20_cl06_b3_vc0        N= 906  expR=+0.009  IS=-0.109  OOS=+0.294  top1=600362.SS  19s
[done] 全池    ALL_bre_cb20_cl08_b3_vc0        N=1026  expR=+0.089  IS=-0.058  OOS=+0.464  top1=300347.SZ  19s
[done] 全池    ALL_bre_cb20_cl10_b3_vc0        N=1046  expR=+0.149  IS=-0.013  OOS=+0.591  top1=300347.SZ  19s
[done] 全池    ALL_bre_cb30_cl02_b3_vc0        N= 207  expR=+0.062  IS=-0.427  OOS=+0.905  top1=512660.SS  19s
[done] 全池    ALL_bre_cb30_cl03_b3_vc0        N= 328  expR=+0.179  IS=-0.154  OOS=+0.847  top1=512660.SS  18s
[done] 全池    ALL_bre_cb30_cl04_b3_vc0        N= 427  expR=+0.304  IS=+0.113  OOS=+0.699  top1=518850.SS  18s
[done] 全池    ALL_bre_cb30_cl05_b3_vc0        N= 489  expR=+0.135  IS=+0.023  OOS=+0.393  top1=518850.SS  19s
[done] 全池    ALL_bre_cb30_cl06_b3_vc0        N= 524  expR=+0.125  IS=+0.004  OOS=+0.405  top1=518850.SS  18s
[done] 全池    ALL_bre_cb30_cl08_b3_vc0        N= 556  expR=+0.116  IS=+0.014  OOS=+0.386  top1=518850.SS  18s
[done] 全池    ALL_bre_cb30_cl10_b3_vc0        N= 570  expR=+0.101  IS=+0.018  OOS=+0.335  top1=518850.SS  19s
[done] 全池    ALL_bre_cb40_cl02_b3_vc0        N= 163  expR=+0.142  IS=-0.412  OOS=+1.231  top1=512100.SS  18s
[done] 全池    ALL_bre_cb40_cl03_b3_vc0        N= 228  expR=+0.038  IS=-0.167  OOS=+0.448  top1=518850.SS  18s
[done] 全池    ALL_bre_cb40_cl04_b3_vc0        N= 278  expR=+0.049  IS=-0.073  OOS=+0.309  top1=518850.SS  18s
[done] 全池    ALL_bre_cb40_cl05_b3_vc0        N= 322  expR=+0.107  IS=-0.081  OOS=+0.505  top1=518850.SS  18s
[done] 全池    ALL_bre_cb40_cl06_b3_vc0        N= 345  expR=+0.044  IS=-0.106  OOS=+0.362  top1=518850.SS  18s
[done] 全池    ALL_bre_cb40_cl08_b3_vc0        N= 367  expR=+0.083  IS=-0.091  OOS=+0.488  top1=518850.SS  18s
[done] 全池    ALL_bre_cb40_cl10_b3_vc0        N= 382  expR=+0.081  IS=-0.081  OOS=+0.481  top1=518850.SS  19s
[done] 全池    ALL_bre_cb63_cl02_b3_vc0        N=  88  expR=+0.746  IS=-0.466  OOS=+2.671  top1=515130.SS  18s
[done] 全池    ALL_bre_cb63_cl03_b3_vc0        N= 103  expR=+0.428  IS=-0.446  OOS=+2.055  top1=000001.SS  18s
[done] 全池    ALL_bre_cb63_cl04_b3_vc0        N= 124  expR=+0.342  IS=-0.334  OOS=+1.569  top1=000001.SS  18s
[done] 全池    ALL_bre_cb63_cl05_b3_vc0        N= 143  expR=+0.324  IS=-0.274  OOS=+1.282  top1=000001.SS  18s
[done] 全池    ALL_bre_cb63_cl06_b3_vc0        N= 156  expR=+0.287  IS=-0.256  OOS=+1.230  top1=000001.SS  18s
[done] 全池    ALL_bre_cb63_cl08_b3_vc0        N= 170  expR=+0.241  IS=-0.275  OOS=+1.238  top1=000001.SS  18s
[done] 全池    ALL_bre_cb63_cl10_b3_vc0        N= 170  expR=+0.130  IS=-0.257  OOS=+0.961  top1=515130.SS  18s
[done] 全池    ALL_bre_cb90_cl02_b3_vc0        N=  43  expR=+0.754  IS=-0.492  OOS=+3.080  top1=000905.SS  18s
[done] 全池    ALL_bre_cb90_cl03_b3_vc0        N=  49  expR=+1.447  IS=+0.064  OOS=+4.903  top1=000300.SS  18s
[done] 全池    ALL_bre_cb90_cl04_b3_vc0        N=  61  expR=+1.148  IS=+0.066  OOS=+3.066  top1=000300.SS  18s
[done] 全池    ALL_bre_cb90_cl05_b3_vc0        N=  65  expR=+1.051  IS=+0.115  OOS=+2.650  top1=000300.SS  18s
[done] 全池    ALL_bre_cb90_cl06_b3_vc0        N=  70  expR=+1.132  IS=+0.099  OOS=+2.777  top1=000300.SS  18s
[done] 全池    ALL_bre_cb90_cl08_b3_vc0        N=  72  expR=+1.065  IS=+0.056  OOS=+2.651  top1=000300.SS  18s
[done] 全池    ALL_bre_cb90_cl10_b3_vc0        N=  70  expR=+1.166  IS=+0.090  OOS=+3.364  top1=000300.SS  18s
[done] 全池    ALL_bre_cb126_cl02_b3_vc0       N=  16  expR=-1.215  IS=-0.658  OOS=-2.144  top1=512890.SS  18s
[done] 全池    ALL_bre_cb126_cl03_b3_vc0       N=  18  expR=-1.007  IS=-0.503  OOS=-2.771  top1=510500.SS  18s
[done] 全池    ALL_bre_cb126_cl04_b3_vc0       N=  20  expR=-0.707  IS=-0.181  OOS=-2.285  top1=510500.SS  18s
[done] 全池    ALL_bre_cb126_cl05_b3_vc0       N=  22  expR=-0.620  IS=-0.115  OOS=-1.967  top1=510500.SS  18s
[done] 全池    ALL_bre_cb126_cl06_b3_vc0       N=  24  expR=-0.560  IS=-0.091  OOS=-1.967  top1=510500.SS  18s
[done] 全池    ALL_bre_cb126_cl08_b3_vc0       N=  23  expR=-0.658  IS=-0.196  OOS=-1.967  top1=510500.SS  18s
[done] 全池    ALL_bre_cb126_cl10_b3_vc0       N=  22  expR=-0.608  IS=-0.196  OOS=-2.011  top1=510500.SS  18s
[done] 全池    ALL_bre_cb180_cl02_b3_vc0       N=   2  expR=+5.315  IS=+5.315  OOS=  -     top1=518850.SS  18s
[done] 全池    ALL_bre_cb180_cl03_b3_vc0       N=   4  expR=+2.652  IS=+5.315  OOS=-0.011  top1=518850.SS  18s
[done] 全池    ALL_bre_cb180_cl04_b3_vc0       N=   4  expR=+2.652  IS=+5.315  OOS=-0.011  top1=518850.SS  18s
[done] 全池    ALL_bre_cb180_cl05_b3_vc0       N=   6  expR=+1.542  IS=+5.315  OOS=-0.345  top1=518850.SS  18s
[done] 全池    ALL_bre_cb180_cl06_b3_vc0       N=   6  expR=+1.542  IS=+5.315  OOS=-0.345  top1=518850.SS  18s
[done] 全池    ALL_bre_cb180_cl08_b3_vc0       N=   6  expR=+1.542  IS=+5.315  OOS=-0.345  top1=518850.SS  18s
[done] 全池    ALL_bre_cb180_cl10_b3_vc0       N=   5  expR=+2.162  IS=+5.315  OOS=+0.061  top1=518850.SS  18s
