id,asset,date,y,label_end,fold,train_mean,B0,B1,B2,env5,env,env_run,state,ETF_mean,ETF_state_mean
510050.SS|2025-01-02,510050.SS,2025-01-02,1.4009844755774603,2025-02-10,0,-0.04035694687325994,-0.04035694687325994,-1.0230279664244868,-1.1475993770133586,2,up,510050.SS|2024-11-05,black,-0.09164802333925222,0.20124446493984416
510050.SS|2025-01-03,510050.SS,2025-01-03,1.5589353612167622,2025-02-11,0,-0.04035694687325994,-0.04035694687325994,-1.200978544999962,-1.2144037655066422,2,up,510050.SS|2024-11-05,black,-0.09164802333925222,0.20124446493984416
510050.SS|2025-01-06,510050.SS,2025-01-06,2.003780718336534,2025-02-12,0,-0.04035694687325994,-0.04035694687325994,-1.0230279664244868,-1.1246341810536613,2,up,510050.SS|2024-11-05,black,-0.09164802333925222,0.20124446493984416
510050.SS|2025-01-07,510050.SS,2025-01-07,1.923802338740166,2025-02-13,0,-0.04035694687325994,-0.04035694687325994,-1.0230279664244868,-1.2236117068194632,2,up,510050.SS|2024-11-05,black,-0.09164802333925222,0.20124446493984416
510050.SS|2025-01-08,510050.SS,2025-01-08,3.070507960576263,2025-02-14,0,-0.04035694687325994,-0.04035694687325994,-1.0230279664244868,-1.1475993770133586,2,up,510050.SS|2024-11-05,black,-0.09164802333925222,0.20124446493984416
510050.SS|2025-01-09,510050.SS,2025-01-09,4.130019120458961,2025-02-17,0,-0.04035694687325994,-0.04035694687325994,-0.5192024271962705,-0.6802517662316472,2,up,510050.SS|2024-11-05,black,-0.09164802333925222,0.20124446493984416
510050.SS|2025-01-10,510050.SS,2025-01-10,4.065976217875011,2025-02-18,0,-0.04035694687325994,-0.04035694687325994,-0.5192024271962705,-0.5781064411934211,2,up,510050.SS|2024-11-05,black,-0.09164802333925222,0.20124446493984416
510050.SS|2025-01-13,510050.SS,2025-01-13,2.639517345399778,2025-02-19,0,-0.04035694687325994,-0.04035694687325994,-0.5192024271962705,-0.6541187709995255,2,up,510050.SS|2024-11-05,black,-0.09164802333925222,0.20124446493984416
510050.SS|2025-01-14,510050.SS,2025-01-14,2.343159486016688,2025-02-20,0,-0.04035694687325994,-0.04035694687325994,-0.5192024271962705,-0.6802517662316472,2,up,510050.SS|2024-11-05,black,-0.09164802333925222,0.20124446493984416
510050.SS|2025-01-15,510050.SS,2025-01-15,4.057641259006517,2025-02-21,0,-0.04035694687325994,-0.04035694687325994,-0.5192024271962705,-0.5779979999832865,2,up,510050.SS|2024-11-05,black,-0.09164802333925222,0.20124446493984416
510050.SS|2025-01-16,510050.SS,2025-01-16,3.5646568069777063,2025-02-24,0,-0.04035694687325994,-0.04035694687325994,-0.5192024271962705,-0.5779979999832865,2,up,510050.SS|2024-11-05,black,-0.09164802333925222,0.20124446493984416
510050.SS|2025-01-17,510050.SS,2025-01-17,2.270147559591451,2025-02-25,0,-0.04035694687325994,-0.04035694687325994,-0.5192024271962705,-0.5779979999832865,2,up,510050.SS|2024-11-05,black,-0.09164802333925222,0.20124446493984416
510050.SS|2025-01-20,510050.SS,2025-01-20,3.2575757575758146,2025-02-26,0,-0.04035694687325994,-0.04035694687325994,-0.5192024271962705,-0.5779979999832865,2,up,510050.SS|2024-11-05,black,-0.09164802333925222,0.20124446493984416
510050.SS|2025-01-21,510050.SS,2025-01-21,5.101649405446929,2025-02-27,0,-0.04035694687325994,-0.04035694687325994,-0.5192024271962705,-0.5779979999832865,2,up,510050.SS|2024-11-05,black,-0.09164802333925222,0.20124446493984416
510050.SS|2025-01-22,510050.SS,2025-01-22,3.126191383911614,2025-02-28,0,-0.04035694687325994,-0.04035694687325994,-0.5192024271962705,-0.5779979999832865,2,up,510050.SS|2024-11-05,black,-0.09164802333925222,0.20124446493984416
510050.SS|2025-01-23,510050.SS,2025-01-23,1.8195602729340843,2025-03-03,0,-0.04035694687325994,-0.04035694687325994,-0.5192024271962705,-0.4833512927495324,2,up,510050.SS|2024-11-05,black,-0.09164802333925222,0.20124446493984416
510050.SS|2025-01-24,510050.SS,2025-01-24,1.3242527430950224,2025-03-04,0,-0.04035694687325994,-0.04035694687325994,-0.5192024271962705,-0.3755720497340888,2,up,510050.SS|2024-11-05,black,-0.09164802333925222,0.20124446493984416
510050.SS|2025-01-27,510050.SS,2025-01-27,2.9782359679267234,2025-03-05,0,-0.04035694687325994,-0.04035694687325994,-0.5192024271962705,-0.3755720497340888,2,up,510050.SS|2024-11-05,black,-0.09164802333925222,0.20124446493984416
510050.SS|2025-02-05,510050.SS,2025-02-05,3.866565579984882,2025-03-06,0,-0.04035694687325994,-0.04035694687325994,-0.7932271031746242,-0.878310848963939,2,up,510050.SS|2024-11-05,black,-0.09164802333925222,0.20124446493984416
510050.SS|2025-02-06,510050.SS,2025-02-06,2.661169415292375,2025-03-07,0,-0.04035694687325994,-0.04035694687325994,-0.7932271031746242,-0.878310848963939,2,up,510050.SS|2024-11-05,black,-0.09164802333925222,0.20124446493984416
510050.SS|2025-02-07,510050.SS,2025-02-07,1.8297236743838985,2025-03-10,0,-0.04035694687325994,-0.04035694687325994,-0.7932271031746242,-0.878310848963939,2,up,510050.SS|2024-11-05,green,-0.09164802333925222,-0.5567168186005671
510050.SS|2025-02-10,510050.SS,2025-02-10,2.5458629726694326,2025-03-11,0,-0.04035694687325994,-0.04035694687325994,-0.3810206683670334,-0.18193203607713263,2,up,510050.SS|2024-11-05,green,-0.09164802333925222,-0.5567168186005671
510050.SS|2025-02-11,510050.SS,2025-02-11,1.1860637509266247,2025-03-12,0,-0.04035694687325994,-0.04035694687325994,-0.3810206683670334,-0.18193203607713263,2,up,510050.SS|2024-11-05,green,-0.09164802333925222,-0.5567168186005671
510050.SS|2025-02-12,510050.SS,2025-02-12,0.7772020725388629,2025-03-13,0,-0.04035694687325994,-0.04035694687325994,-0.3810206683670334,-0.28971127909257627,2,up,510050.SS|2024-11-05,green,-0.09164802333925222,-0.5567168186005671
510050.SS|2025-02-13,510050.SS,2025-02-13,3.0893710923133533,2025-03-14,0,-0.04035694687325994,-0.04035694687325994,-0.3810206683670334,-0.3083456565202261,2,up,510050.SS|2024-11-05,green,-0.09164802333925222,-0.5567168186005671
510050.SS|2025-02-14,510050.SS,2025-02-14,2.75431509364672,2025-03-17,0,-0.04035694687325994,-0.04035694687325994,-0.3810206683670334,-0.3083456565202261,2,up,510050.SS|2024-11-05,green,-0.09164802333925222,-0.5567168186005671
510050.SS|2025-02-17,510050.SS,2025-02-17,3.2067821599705226,2025-03-18,0,-0.04035694687325994,-0.04035694687325994,-0.3810206683670334,-0.3083456565202261,2,up,510050.SS|2024-11-05,green,-0.09164802333925222,-0.5567168186005671
510050.SS|2025-02-18,510050.SS,2025-02-18,3.1961792799412025,2025-03-19,0,-0.04035694687325994,-0.04035694687325994,-0.3810206683670334,-0.3083456565202261,2,up,510050.SS|2024-11-05,green,-0.09164802333925222,-0.5567168186005671
510050.SS|2025-02-19,510050.SS,2025-02-19,2.6218611521418023,2025-03-20,0,-0.04035694687325994,-0.04035694687325994,-0.3810206683670334,-0.3083456565202261,2,up,510050.SS|2024-11-05,green,-0.09164802333925222,-0.5567168186005671
510050.SS|2025-02-20,510050.SS,2025-02-20,-0.36443148688045657,2025-03-21,0,-0.04035694687325994,-0.04035694687325994,-0.3810206683670334,-0.3083456565202261,2,up,510050.SS|2024-11-05,green,-0.09164802333925222,-0.5567168186005671
510050.SS|2025-02-21,510050.SS,2025-02-21,0.7689491028927353,2025-03-24,0,-0.04035694687325994,-0.04035694687325994,-0.8848462075952499,-0.7756932673019372,2,up,510050.SS|2024-11-05,green,-0.09164802333925222,-0.5567168186005671
510050.SS|2025-02-24,510050.SS,2025-02-24,1.8128005919349155,2025-03-25,0,-0.04035694687325994,-0.04035694687325994,-0.8848462075952499,-0.7756932673019372,2,up,510050.SS|2024-11-05,green,-0.09164802333925222,-0.5567168186005671
510050.SS|2025-02-25,510050.SS,2025-02-25,0.3668378576669351,2025-03-26,0,-0.04035694687325994,-0.04035694687325994,-0.8848462075952499,-0.7756932673019372,2,up,510050.SS|2024-11-05,green,-0.09164802333925222,-0.5567168186005671
510050.SS|2025-02-26,510050.SS,2025-02-26,0.36496350364965124,2025-03-27,0,-0.04035694687325994,-0.04035694687325994,-0.8848462075952499,-0.7756932673019372,2,up,510050.SS|2024-11-05,green,-0.09164802333925222,-0.5567168186005671
510050.SS|2025-02-27,510050.SS,2025-02-27,1.21996303142331,2025-03-28,0,-0.04035694687325994,-0.04035694687325994,-0.8848462075952499,-0.7756932673019372,2,up,510050.SS|2024-11-05,green,-0.09164802333925222,-0.5567168186005671
510050.SS|2025-02-28,510050.SS,2025-02-28,1.4519731943410497,2025-03-31,0,-0.04035694687325994,-0.04035694687325994,-1.246453967957688,-1.1946597325005281,2,up,510050.SS|2024-11-05,green,-0.09164802333925222,-0.5567168186005671
510050.SS|2025-03-03,510050.SS,2025-03-03,1.6056758775205626,2025-04-01,0,-0.04035694687325994,-0.04035694687325994,-1.5275407081369974,-1.388299746157484,2,up,510050.SS|2024-11-05,gray,-0.09164802333925222,-0.1089415664043769
510050.SS|2025-03-04,510050.SS,2025-03-04,0.7044864664442319,2025-04-02,0,-0.04035694687325994,-0.04035694687325994,-1.5275407081369974,-1.388299746157484,2,up,510050.SS|2024-11-05,gray,-0.09164802333925222,-0.1089415664043769
510050.SS|2025-03-05,510050.SS,2025-03-05,-0.7299270072992248,2025-04-03,0,-0.04035694687325994,-0.04035694687325994,-1.246453967957688,-1.1946597325005281,2,up,510050.SS|2024-11-05,gray,-0.09164802333925222,-0.1089415664043769
510050.SS|2025-03-06,510050.SS,2025-03-06,-6.133625410733812,2025-04-07,0,-0.04035694687325994,-0.04035694687325994,-1.5275407081369974,-1.388299746157484,2,up,510050.SS|2024-11-05,green,-0.09164802333925222,-0.5567168186005671
510050.SS|2025-03-07,510050.SS,2025-03-07,-3.6303630363035855,2025-04-08,0,-0.04035694687325994,-0.04035694687325994,-1.5275407081369974,-1.388299746157484,2,up,510050.SS|2024-11-05,green,-0.09164802333925222,-0.5567168186005671
510050.SS|2025-03-10,510050.SS,2025-03-10,-3.3223804308141203,2025-04-09,0,-0.04035694687325994,-0.04035694687325994,-1.5275407081369974,-1.388299746157484,2,up,510050.SS|2024-11-05,green,-0.09164802333925222,-0.5567168186005671
510050.SS|2025-03-11,510050.SS,2025-03-11,-2.1245421245420726,2025-04-10,0,-0.04035694687325994,-0.04035694687325994,-1.5275407081369974,-1.388299746157484,3,sideways,510050.SS|2025-03-11,green,-0.09164802333925222,-0.5567168186005671
510050.SS|2025-03-12,510050.SS,2025-03-12,-1.6893132574365866,2025-04-11,0,-0.04035694687325994,-0.04035694687325994,-1.5275407081369974,-1.388299746157484,3,sideways,510050.SS|2025-03-11,green,-0.09164802333925222,-0.5567168186005671
510050.SS|2025-03-13,510050.SS,2025-03-13,-4.209775240813363,2025-04-14,0,-0.04035694687325994,-0.04035694687325994,-1.5275407081369974,-1.388299746157484,3,sideways,510050.SS|2025-03-11,green,-0.09164802333925222,-0.5567168186005671
510050.SS|2025-03-14,510050.SS,2025-03-14,-3.8241601143673476,2025-04-15,0,-0.04035694687325994,-0.04035694687325994,-1.5275407081369974,-1.388299746157484,3,sideways,510050.SS|2025-03-11,green,-0.09164802333925222,-0.5567168186005671
510050.SS|2025-03-17,510050.SS,2025-03-17,-3.0357142857142305,2025-04-16,0,-0.04035694687325994,-0.04035694687325994,-1.5275407081369974,-1.388299746157484,3,sideways,510050.SS|2025-03-11,green,-0.09164802333925222,-0.5567168186005671
510050.SS|2025-03-18,510050.SS,2025-03-18,-3.2395870416517702,2025-04-17,0,-0.04035694687325994,-0.04035694687325994,-1.5275407081369974,-1.388299746157484,3,sideways,510050.SS|2025-03-11,green,-0.09164802333925222,-0.5567168186005671
510050.SS|2025-03-19,510050.SS,2025-03-19,-2.1230658510254963,2025-04-18,0,-0.04035694687325994,-0.04035694687325994,-1.5275407081369974,-1.388299746157484,3,sideways,510050.SS|2025-03-11,green,-0.09164802333925222,-0.5567168186005671
510050.SS|2025-03-20,510050.SS,2025-03-20,-0.841258229700026,2025-04-21,0,-0.04035694687325994,-0.04035694687325994,-1.5275407081369974,-1.388299746157484,3,sideways,510050.SS|2025-03-11,green,-0.09164802333925222,-0.5567168186005671
510050.SS|2025-03-21,510050.SS,2025-03-21,-1.3081395348836788,2025-04-22,0,-0.04035694687325994,-0.04035694687325994,-1.3846357267869247,-1.5665658422119486,3,sideways,510050.SS|2025-03-11,black,-0.09164802333925222,0.20124446493984416
510050.SS|2025-03-24,510050.SS,2025-03-24,-1.598837209302284,2025-04-23,0,-0.04035694687325994,-0.04035694687325994,-1.5275407081369974,-1.5665658422119486,3,sideways,510050.SS|2025-03-11,green,-0.09164802333925222,-0.5567168186005671
510050.SS|2025-03-25,510050.SS,2025-03-25,-0.767543859649078,2025-04-24,0,-0.04035694687325994,-0.04035694687325994,-1.5275407081369974,-1.5665658422119486,3,sideways,510050.SS|2025-03-11,green,-0.09164802333925222,-0.5567168186005671
510050.SS|2025-03-26,510050.SS,2025-03-26,-1.4545454545454084,2025-04-25,0,-0.04035694687325994,-0.04035694687325994,-1.0230279664244868,-1.1475993770133586,3,sideways,510050.SS|2025-03-11,gray,-0.09164802333925222,-0.1089415664043769
510050.SS|2025-03-27,510050.SS,2025-03-27,-0.9861212563914923,2025-04-28,0,-0.04035694687325994,-0.04035694687325994,-1.0230279664244868,-1.1475993770133586,3,sideways,510050.SS|2025-03-11,green,-0.09164802333925222,-0.5567168186005671
510050.SS|2025-03-28,510050.SS,2025-03-28,-0.6972477064219884,2025-04-29,0,-0.04035694687325994,-0.04035694687325994,-1.1659329477745595,-1.1475993770133586,3,sideways,510050.SS|2025-03-11,gray,-0.09164802333925222,-0.1089415664043769
510050.SS|2025-03-31,510050.SS,2025-03-31,-1.029033443586902,2025-04-30,0,-0.04035694687325994,-0.04035694687325994,-1.1659329477745595,-1.1475993770133586,3,sideways,510050.SS|2025-03-11,gray,-0.09164802333925222,-0.1089415664043769
510050.SS|2025-04-01,510050.SS,2025-04-01,-0.3313696612665451,2025-05-06,0,-0.04035694687325994,-0.04035694687325994,-1.1659329477745595,-1.1475993770133586,3,sideways,510050.SS|2025-03-11,gray,-0.09164802333925222,-0.1089415664043769
510050.SS|2025-04-02,510050.SS,2025-04-02,0.404411764705892,2025-05-07,0,-0.04035694687325994,-0.04035694687325994,-1.1659329477745595,-1.1475993770133586,3,sideways,510050.SS|2025-03-11,gray,-0.09164802333925222,-0.1089415664043769
510050.SS|2025-04-03,510050.SS,2025-04-03,6.651108518086368,2025-05-08,0,-0.04035694687325994,-0.04035694687325994,-1.0230279664244868,-1.1475993770133586,3,sideways,510050.SS|2025-03-11,black,-0.09164802333925222,0.20124446493984416
510050.SS|2025-04-07,510050.SS,2025-04-07,4.414003044140036,2025-05-09,0,-0.04035694687325994,-0.04035694687325994,-1.0230279664244868,-0.16668218903856524,3,sideways,510050.SS|2025-03-11,black,-0.09164802333925222,0.20124446493984416
510050.SS|2025-04-08,510050.SS,2025-04-08,4.342900302114794,2025-05-12,0,-0.04035694687325994,-0.04035694687325994,-1.0230279664244868,-0.0906698592324608,3,sideways,510050.SS|2025-03-11,black,-0.09164802333925222,0.20124446493984416
510050.SS|2025-04-09,510050.SS,2025-04-09,3.6302395209580895,2025-05-13,0,-0.04035694687325994,-0.04035694687325994,-0.5192024271962705,-0.6802517662316472,3,sideways,510050.SS|2025-03-11,black,-0.09164802333925222,0.20124446493984416
510050.SS|2025-04-10,510050.SS,2025-04-10,5.229734777736272,2025-05-14,0,-0.04035694687325994,-0.04035694687325994,-0.5192024271962705,-0.6802517662316472,3,sideways,510050.SS|2025-03-11,black,-0.09164802333925222,0.20124446493984416
510050.SS|2025-04-11,510050.SS,2025-04-11,4.394785847299798,2025-05-15,0,-0.04035694687325994,-0.04035694687325994,-0.5192024271962705,-0.6802517662316472,3,sideways,510050.SS|2025-03-11,black,-0.09164802333925222,0.20124446493984416
510050.SS|2025-04-14,510050.SS,2025-04-14,3.2329988851727665,2025-05-16,0,-0.04035694687325994,-0.04035694687325994,-0.5192024271962705,-0.6802517662316472,3,sideways,510050.SS|2025-03-11,black,-0.09164802333925222,0.20124446493984416
510050.SS|2025-04-15,510050.SS,2025-04-15,1.9889502762430622,2025-05-19,0,-0.04035694687325994,-0.04035694687325994,-0.5192024271962705,-0.6802517662316472,3,sideways,510050.SS|2025-03-11,black,-0.09164802333925222,0.20124446493984416
510050.SS|2025-04-16,510050.SS,2025-04-16,2.2810890360558833,2025-05-20,0,-0.04035694687325994,-0.04035694687325994,-0.5192024271962705,-0.6802517662316472,3,sideways,510050.SS|2025-03-11,gray,-0.09164802333925222,-0.1089415664043769
510050.SS|2025-04-17,510050.SS,2025-04-17,2.683823529411744,2025-05-21,0,-0.04035694687325994,-0.04035694687325994,-0.5192024271962705,-0.6616173888039973,3,sideways,510050.SS|2025-03-11,gray,-0.09164802333925222,-0.1089415664043769
510050.SS|2025-04-18,510050.SS,2025-04-18,3.135374400590174,2025-05-22,0,-0.04035694687325994,-0.04035694687325994,-0.5192024271962705,-0.5538381457885537,3,sideways,510050.SS|2025-03-11,gray,-0.09164802333925222,-0.1089415664043769
510050.SS|2025-04-21,510050.SS,2025-04-21,2.172312223858608,2025-05-23,0,-0.04035694687325994,-0.04035694687325994,-0.5192024271962705,-0.5538381457885537,3,sideways,510050.SS|2025-03-11,gray,-0.09164802333925222,-0.1089415664043769
510050.SS|2025-04-22,510050.SS,2025-04-22,2.067946824224509,2025-05-26,0,-0.04035694687325994,-0.04035694687325994,-0.5192024271962705,-0.5538381457885537,3,sideways,510050.SS|2025-03-11,gray,-0.09164802333925222,-0.1089415664043769
510050.SS|2025-04-23,510050.SS,2025-04-23,1.2891344383056946,2025-05-27,0,-0.04035694687325994,-0.04035694687325994,-0.5192024271962705,-0.5538381457885537,3,sideways,510050.SS|2025-03-11,gray,-0.09164802333925222,-0.1089415664043769
510050.SS|2025-04-24,510050.SS,2025-04-24,1.365313653136524,2025-05-28,0,-0.04035694687325994,-0.04035694687325994,-0.5192024271962705,-0.5538381457885537,3,sideways,510050.SS|2025-03-11,gray,-0.09164802333925222,-0.1089415664043769
510050.SS|2025-04-25,510050.SS,2025-04-25,1.5861305791220914,2025-05-29,0,-0.04035694687325994,-0.04035694687325994,-0.5192024271962705,-0.3755720497340888,3,sideways,510050.SS|2025-03-11,gray,-0.09164802333925222,-0.1089415664043769
510050.SS|2025-04-28,510050.SS,2025-04-28,1.589061345158882,2025-05-30,0,-0.04035694687325994,-0.04035694687325994,-0.5192024271962705,-0.3755720497340888,3,sideways,510050.SS|2025-03-11,gray,-0.09164802333925222,-0.1089415664043769
510050.SS|2025-04-29,510050.SS,2025-04-29,2.042331971778677,2025-06-03,0,-0.04035694687325994,-0.04035694687325994,-0.5192024271962705,-0.5538381457885537,3,sideways,510050.SS|2025-03-11,black,-0.09164802333925222,0.20124446493984416
510050.SS|2025-04-30,510050.SS,2025-04-30,1.7731806427779828,2025-06-04,0,-0.04035694687325994,-0.04035694687325994,-0.5192024271962705,-0.5538381457885537,3,sideways,510050.SS|2025-03-11,black,-0.09164802333925222,0.20124446493984416
510050.SS|2025-05-06,510050.SS,2025-05-06,0.8421823507872572,2025-06-05,0,-0.04035694687325994,-0.04035694687325994,-0.5192024271962705,-0.5538381457885537,3,sideways,510050.SS|2025-03-11,gray,-0.09164802333925222,-0.1089415664043769
510050.SS|2025-05-07,510050.SS,2025-05-07,0.5105762217359588,2025-06-06,0,-0.04035694687325994,-0.04035694687325994,-1.0230279664244868,-1.0211857565702651,3,sideways,510050.SS|2025-03-11,green,-0.09164802333925222,-0.5567168186005671
510050.SS|2025-05-08,510050.SS,2025-05-08,0.4373177842565523,2025-06-09,0,-0.04035694687325994,-0.04035694687325994,-0.8848462075952499,-0.8275457429133088,3,sideways,510050.SS|2025-03-11,green,-0.09164802333925222,-0.5567168186005671
510050.SS|2025-05-09,510050.SS,2025-05-09,-0.7600434310532034,2025-06-10,0,-0.04035694687325994,-0.04035694687325994,-0.8848462075952499,-0.8275457429133088,3,sideways,510050.SS|2025-03-11,green,-0.09164802333925222,-0.5567168186005671
510050.SS|2025-05-12,510050.SS,2025-05-12,-0.2527988443481455,2025-06-11,0,-0.04035694687325994,-0.04035694687325994,-0.8848462075952499,-0.9353249859287525,3,sideways,510050.SS|2025-03-11,green,-0.09164802333925222,-0.5567168186005671
510050.SS|2025-05-13,510050.SS,2025-05-13,-2.0234291799786974,2025-06-12,0,-0.04035694687325994,-0.04035694687325994,-0.8848462075952499,-0.9539593633564023,3,sideways,510050.SS|2025-03-11,green,-0.09164802333925222,-0.5567168186005671
510050.SS|2025-05-14,510050.SS,2025-05-14,-2.0335354976810605,2025-06-13,0,-0.04035694687325994,-0.04035694687325994,-1.246453967957688,-1.3729258285549928,3,sideways,510050.SS|2025-03-11,green,-0.09164802333925222,-0.5567168186005671
510050.SS|2025-05-15,510050.SS,2025-05-15,-0.8999280057595205,2025-06-16,0,-0.04035694687325994,-0.04035694687325994,-1.246453967957688,-1.3729258285549928,3,sideways,510050.SS|2025-03-11,green,-0.09164802333925222,-0.5567168186005671
510050.SS|2025-05-16,510050.SS,2025-05-16,-0.5778259299385913,2025-06-17,0,-0.04035694687325994,-0.04035694687325994,-1.246453967957688,-1.3729258285549928,3,sideways,510050.SS|2025-03-11,green,-0.09164802333925222,-0.5567168186005671
510050.SS|2025-05-19,510050.SS,2025-05-19,-1.0791366906474642,2025-06-18,0,-0.04035694687325994,-0.04035694687325994,-1.246453967957688,-1.3729258285549928,3,sideways,510050.SS|2025-03-11,green,-0.09164802333925222,-0.5567168186005671
510050.SS|2025-05-20,510050.SS,2025-05-20,-2.1482277121374738,2025-06-19,0,-0.04035694687325994,-0.04035694687325994,-1.246453967957688,-1.3729258285549928,3,sideways,510050.SS|2025-03-11,green,-0.09164802333925222,-0.5567168186005671
510050.SS|2025-05-21,510050.SS,2025-05-21,-1.6809728183118544,2025-06-20,0,-0.04035694687325994,-0.04035694687325994,-1.246453967957688,-1.3729258285549928,3,sideways,510050.SS|2025-03-11,green,-0.09164802333925222,-0.5567168186005671
510050.SS|2025-05-22,510050.SS,2025-05-22,-0.4684684684684415,2025-06-23,0,-0.04035694687325994,-0.04035694687325994,-1.246453967957688,-1.3729258285549928,3,sideways,510050.SS|2025-03-11,green,-0.09164802333925222,-0.5567168186005671
510050.SS|2025-05-23,510050.SS,2025-05-23,1.013024602026058,2025-06-24,0,-0.04035694687325994,-0.04035694687325994,-1.246453967957688,-1.3729258285549928,3,sideways,510050.SS|2025-03-11,green,-0.09164802333925222,-0.5567168186005671
510050.SS|2025-05-26,510050.SS,2025-05-26,2.9818181818181966,2025-06-25,0,-0.04035694687325994,-0.04035694687325994,-1.246453967957688,-1.3729258285549928,3,sideways,510050.SS|2025-03-11,green,-0.09164802333925222,-0.5567168186005671
510050.SS|2025-05-27,510050.SS,2025-05-27,2.8758645795413207,2025-06-26,0,-0.04035694687325994,-0.04035694687325994,-1.246453967957688,-1.3729258285549928,3,sideways,510050.SS|2025-03-11,gray,-0.09164802333925222,-0.1089415664043769
510050.SS|2025-05-28,510050.SS,2025-05-28,1.4887436456064052,2025-06-27,0,-0.04035694687325994,-0.04035694687325994,-1.246453967957688,-1.3729258285549928,3,sideways,510050.SS|2025-03-11,gray,-0.09164802333925222,-0.1089415664043769
510050.SS|2025-05-29,510050.SS,2025-05-29,2.109858130229192,2025-06-30,0,-0.04035694687325994,-0.04035694687325994,-0.8848462075952499,-0.9539593633564023,3,sideways,510050.SS|2025-03-11,gray,-0.09164802333925222,-0.1089415664043769
510050.SS|2025-05-30,510050.SS,2025-05-30,2.256186317321718,2025-07-01,0,-0.04035694687325994,-0.04035694687325994,-0.8848462075952499,-0.9539593633564023,3,sideways,510050.SS|2025-03-11,gray,-0.09164802333925222,-0.1089415664043769
510050.SS|2025-06-03,510050.SS,2025-06-03,2.214156079854823,2025-07-02,0,-0.04035694687325994,-0.04035694687325994,-0.8848462075952499,-0.7756932673019372,3,sideways,510050.SS|2025-03-11,gray,-0.09164802333925222,-0.1089415664043769
510050.SS|2025-06-04,510050.SS,2025-06-04,2.3965141612200647,2025-07-03,0,-0.04035694687325994,-0.04035694687325994,-0.8848462075952499,-0.7756932673019372,3,sideways,510050.SS|2025-03-11,gray,-0.09164802333925222,-0.1089415664043769
510050.SS|2025-06-05,510050.SS,2025-06-05,2.9027576197387717,2025-07-04,0,-0.04035694687325994,-0.04035694687325994,-0.8848462075952499,-0.7756932673019372,3,sideways,510050.SS|2025-03-11,gray,-0.09164802333925222,-0.1089415664043769
510050.SS|2025-06-06,510050.SS,2025-06-06,2.612481857764881,2025-07-07,0,-0.04035694687325994,-0.04035694687325994,-0.8848462075952499,-0.7756932673019372,3,sideways,510050.SS|2025-03-11,green,-0.09164802333925222,-0.5567168186005671
510050.SS|2025-06-09,510050.SS,2025-06-09,3.756382202771702,2025-07-08,0,-0.04035694687325994,-0.04035694687325994,-0.7419412262451773,-0.7756932673019372,3,sideways,510050.SS|2025-03-11,green,-0.09164802333925222,-0.5567168186005671
510050.SS|2025-06-10,510050.SS,2025-06-10,2.8964518464880573,2025-07-09,0,-0.04035694687325994,-0.04035694687325994,-0.7419412262451773,-0.9539593633564023,3,sideways,510050.SS|2025-03-11,black,-0.09164802333925222,0.20124446493984416
510050.SS|2025-06-11,510050.SS,2025-06-11,3.5507246376811796,2025-07-10,0,-0.04035694687325994,-0.04035694687325994,-0.7419412262451773,-0.9539593633564023,3,sideways,510050.SS|2025-03-11,gray,-0.09164802333925222,-0.1089415664043769
510050.SS|2025-06-12,510050.SS,2025-06-12,4.552075746540418,2025-07-11,0,-0.04035694687325994,-0.04035694687325994,-0.7419412262451773,-0.9539593633564023,3,sideways,510050.SS|2025-03-11,gray,-0.09164802333925222,-0.1089415664043769
510050.SS|2025-06-13,510050.SS,2025-06-13,4.213585179803836,2025-07-14,0,-0.04035694687325994,-0.04035694687325994,-0.7419412262451773,-0.9539593633564023,3,sideways,510050.SS|2025-03-11,black,-0.09164802333925222,0.20124446493984416
510050.SS|2025-06-16,510050.SS,2025-06-16,3.7050490374137324,2025-07-15,0,-0.04035694687325994,-0.04035694687325994,-0.23811568701696065,-0.48661175257469097,3,sideways,510050.SS|2025-03-11,black,-0.09164802333925222,0.20124446493984416
510050.SS|2025-06-17,510050.SS,2025-06-17,3.6363636363636154,2025-07-16,0,-0.04035694687325994,-0.04035694687325994,-0.23811568701696065,-0.48661175257469097,3,sideways,510050.SS|2025-03-11,black,-0.09164802333925222,0.20124446493984416
510050.SS|2025-06-18,510050.SS,2025-06-18,4.6103183315038265,2025-07-17,0,-0.04035694687325994,-0.04035694687325994,-0.23811568701696065,-0.48661175257469097,3,sideways,510050.SS|2025-03-11,black,-0.09164802333925222,0.20124446493984416
510050.SS|2025-06-19,510050.SS,2025-06-19,4.910876682429954,2025-07-18,0,-0.04035694687325994,-0.04035694687325994,-0.23811568701696065,-0.48661175257469097,3,sideways,510050.SS|2025-03-11,black,-0.09164802333925222,0.20124446493984416
510050.SS|2025-06-20,510050.SS,2025-06-20,4.634322954380865,2025-07-21,0,-0.04035694687325994,-0.04035694687325994,-0.23811568701696065,-0.46797737514704113,3,sideways,510050.SS|2025-03-11,black,-0.09164802333925222,0.20124446493984416
510050.SS|2025-06-23,510050.SS,2025-06-23,4.369627507163321,2025-07-22,0,-0.04035694687325994,-0.04035694687325994,-0.23811568701696065,-0.3601981321315974,3,sideways,510050.SS|2025-03-11,gray,-0.09164802333925222,-0.1089415664043769
510050.SS|2025-06-24,510050.SS,2025-06-24,3.142655367231617,2025-07-23,0,-0.04035694687325994,-0.04035694687325994,-0.3810206683670334,-0.3601981321315974,3,sideways,510050.SS|2025-03-11,green,-0.09164802333925222,-0.5567168186005671
510050.SS|2025-06-25,510050.SS,2025-06-25,3.7862703467798964,2025-07-24,0,-0.04035694687325994,-0.04035694687325994,-0.3810206683670334,-0.46797737514704113,3,sideways,510050.SS|2025-03-11,green,-0.09164802333925222,-0.5567168186005671
510050.SS|2025-06-26,510050.SS,2025-06-26,4.329159212880129,2025-07-25,0,-0.04035694687325994,-0.04035694687325994,-0.3810206683670334,-0.48661175257469097,3,sideways,510050.SS|2025-03-11,green,-0.09164802333925222,-0.5567168186005671
510050.SS|2025-06-27,510050.SS,2025-06-27,4.3462771642322595,2025-07-28,0,-0.04035694687325994,-0.04035694687325994,-0.3810206683670334,-0.48661175257469097,3,sideways,510050.SS|2025-03-11,green,-0.09164802333925222,-0.5567168186005671
510050.SS|2025-06-30,510050.SS,2025-06-30,4.4128113879003505,2025-07-29,0,-0.04035694687325994,-0.04035694687325994,-0.3810206683670334,-0.48661175257469097,3,sideways,510050.SS|2025-03-11,green,-0.09164802333925222,-0.5567168186005671
510050.SS|2025-07-01,510050.SS,2025-07-01,4.509943181818166,2025-07-30,0,-0.04035694687325994,-0.04035694687325994,-0.8848462075952499,-0.9539593633564023,3,sideways,510050.SS|2025-03-11,green,-0.09164802333925222,-0.5567168186005671
510050.SS|2025-07-02,510050.SS,2025-07-02,2.8014184397162856,2025-07-31,0,-0.04035694687325994,-0.04035694687325994,-0.8848462075952499,-0.9539593633564023,3,sideways,510050.SS|2025-03-11,green,-0.09164802333925222,-0.5567168186005671
510050.SS|2025-07-03,510050.SS,2025-07-03,1.410437235542994,2025-08-01,0,-0.04035694687325994,-0.04035694687325994,-0.8848462075952499,-0.9539593633564023,3,sideways,510050.SS|2025-03-11,green,-0.09164802333925222,-0.5567168186005671
510050.SS|2025-07-04,510050.SS,2025-07-04,2.192362093352185,2025-08-04,0,-0.04035694687325994,-0.04035694687325994,-0.8848462075952499,-0.9539593633564023,3,sideways,510050.SS|2025-03-11,green,-0.09164802333925222,-0.5567168186005671
510050.SS|2025-07-07,510050.SS,2025-07-07,2.3550087873462022,2025-08-05,0,-0.04035694687325994,-0.04035694687325994,-0.8848462075952499,-0.9539593633564023,3,sideways,510050.SS|2025-03-11,green,-0.09164802333925222,-0.5567168186005671
510050.SS|2025-07-08,510050.SS,2025-07-08,2.674173117522849,2025-08-06,0,-0.04035694687325994,-0.04035694687325994,-0.8848462075952499,-0.9539593633564023,3,sideways,510050.SS|2025-03-11,green,-0.09164802333925222,-0.5567168186005671
510050.SS|2025-07-09,510050.SS,2025-07-09,2.204338698390451,2025-08-07,0,-0.04035694687325994,-0.04035694687325994,-0.8848462075952499,-0.9539593633564023,3,sideways,510050.SS|2025-03-11,green,-0.09164802333925222,-0.5567168186005671
510050.SS|2025-07-10,510050.SS,2025-07-10,1.3584117032392706,2025-08-08,0,-0.04035694687325994,-0.04035694687325994,-0.8848462075952499,-0.7756932673019372,3,sideways,510050.SS|2025-03-11,green,-0.09164802333925222,-0.5567168186005671
510050.SS|2025-07-11,510050.SS,2025-07-11,1.498780062739602,2025-08-11,0,-0.04035694687325994,-0.04035694687325994,-0.8848462075952499,-0.7756932673019372,2,up,510050.SS|2025-07-11,green,-0.09164802333925222,-0.5567168186005671
510050.SS|2025-07-14,510050.SS,2025-07-14,2.6970227670752855,2025-08-12,0,-0.04035694687325994,-0.04035694687325994,-1.246453967957688,-1.1946597325005281,2,up,510050.SS|2025-07-11,green,-0.09164802333925222,-0.5567168186005671
510050.SS|2025-07-15,510050.SS,2025-07-15,3.157894736842093,2025-08-13,0,-0.04035694687325994,-0.04035694687325994,-1.246453967957688,-1.1946597325005281,2,up,510050.SS|2025-07-11,green,-0.09164802333925222,-0.5567168186005671
510050.SS|2025-07-16,510050.SS,2025-07-16,3.322840153899964,2025-08-14,0,-0.04035694687325994,-0.04035694687325994,-1.246453967957688,-1.1946597325005281,2,up,510050.SS|2025-07-11,green,-0.09164802333925222,-0.5567168186005671
510050.SS|2025-07-17,510050.SS,2025-07-17,2.8085991678224564,2025-08-15,0,-0.04035694687325994,-0.04035694687325994,-1.246453967957688,-1.1946597325005281,2,up,510050.SS|2025-07-11,green,-0.09164802333925222,-0.5567168186005671
510050.SS|2025-07-18,510050.SS,2025-07-18,2.802768166089953,2025-08-18,0,-0.04035694687325994,-0.04035694687325994,-1.246453967957688,-1.1946597325005281,2,up,510050.SS|2025-07-11,green,-0.09164802333925222,-0.5567168186005671
510050.SS|2025-07-21,510050.SS,2025-07-21,0.7892930679478383,2025-08-19,0,-0.04035694687325994,-0.04035694687325994,-1.246453967957688,-1.1946597325005281,2,up,510050.SS|2025-07-11,green,-0.09164802333925222,-0.5567168186005671
510050.SS|2025-07-22,510050.SS,2025-07-22,1.848681958233489,2025-08-20,0,-0.04035694687325994,-0.04035694687325994,-1.246453967957688,-1.1946597325005281,2,up,510050.SS|2025-07-11,green,-0.09164802333925222,-0.5567168186005671
510050.SS|2025-07-23,510050.SS,2025-07-23,1.943402659393123,2025-08-21,0,-0.04035694687325994,-0.04035694687325994,-1.246453967957688,-1.1946597325005281,2,up,510050.SS|2025-07-11,green,-0.09164802333925222,-0.5567168186005671
510050.SS|2025-07-24,510050.SS,2025-07-24,5.144032921810715,2025-08-22,0,-0.04035694687325994,-0.04035694687325994,-1.246453967957688,-1.1946597325005281,2,up,510050.SS|2025-07-11,green,-0.09164802333925222,-0.5567168186005671
510050.SS|2025-07-25,510050.SS,2025-07-25,6.657562307954934,2025-08-25,0,-0.04035694687325994,-0.04035694687325994,-1.246453967957688,-1.1946597325005281,2,up,510050.SS|2025-07-11,green,-0.09164802333925222,-0.5567168186005671
510050.SS|2025-07-28,510050.SS,2025-07-28,5.691888207225637,2025-08-26,0,-0.04035694687325994,-0.04035694687325994,-1.246453967957688,-1.1946597325005281,2,up,510050.SS|2025-07-11,green,-0.09164802333925222,-0.5567168186005671
510050.SS|2025-07-29,510050.SS,2025-07-29,3.6697247706422242,2025-08-27,0,-0.04035694687325994,-0.04035694687325994,-1.246453967957688,-1.1946597325005281,2,up,510050.SS|2025-07-11,green,-0.09164802333925222,-0.5567168186005671
510050.SS|2025-07-30,510050.SS,2025-07-30,6.760952052431901,2025-08-28,0,-0.04035694687325994,-0.04035694687325994,-1.246453967957688,-1.1946597325005281,2,up,510050.SS|2025-07-11,green,-0.09164802333925222,-0.5567168186005671
510050.SS|2025-07-31,510050.SS,2025-07-31,8.205841446453444,2025-08-29,0,-0.04035694687325994,-0.04035694687325994,-1.246453967957688,-1.1946597325005281,2,up,510050.SS|2025-07-11,green,-0.09164802333925222,-0.5567168186005671
510050.SS|2025-08-01,510050.SS,2025-08-01,7.716262975778565,2025-09-01,0,-0.04035694687325994,-0.04035694687325994,-1.246453967957688,-1.1946597325005281,2,up,510050.SS|2025-07-11,gray,-0.09164802333925222,-0.1089415664043769
510050.SS|2025-08-04,510050.SS,2025-08-04,7.417582417582458,2025-09-02,0,-0.04035694687325994,-0.04035694687325994,-1.246453967957688,-1.1946597325005281,2,up,510050.SS|2025-07-11,green,-0.09164802333925222,-0.5567168186005671
510050.SS|2025-08-05,510050.SS,2025-08-05,5.791638108293395,2025-09-03,0,-0.04035694687325994,-0.04035694687325994,-1.246453967957688,-1.1946597325005281,2,up,510050.SS|2025-07-11,green,-0.09164802333925222,-0.5567168186005671
510050.SS|2025-08-06,510050.SS,2025-08-06,3.868538171858993,2025-09-04,0,-0.04035694687325994,-0.04035694687325994,-1.246453967957688,-1.1946597325005281,2,up,510050.SS|2025-07-11,green,-0.09164802333925222,-0.5567168186005671
510050.SS|2025-08-07,510050.SS,2025-08-07,5.567010309278397,2025-09-05,0,-0.04035694687325994,-0.04035694687325994,-1.246453967957688,-1.1946597325005281,2,up,510050.SS|2025-07-11,green,-0.09164802333925222,-0.5567168186005671
510050.SS|2025-08-08,510050.SS,2025-08-08,5.322802197802234,2025-09-08,0,-0.04035694687325994,-0.04035694687325994,-1.246453967957688,-1.1946597325005281,2,up,510050.SS|2025-07-11,green,-0.09164802333925222,-0.5567168186005671
510050.SS|2025-08-11,510050.SS,2025-08-11,4.331514324693075,2025-09-09,0,-0.04035694687325994,-0.04035694687325994,-1.246453967957688,-1.1946597325005281,2,up,510050.SS|2025-07-11,green,-0.09164802333925222,-0.5567168186005671
510050.SS|2025-08-12,510050.SS,2025-08-12,4.489795918367379,2025-09-10,0,-0.04035694687325994,-0.04035694687325994,-1.246453967957688,-1.1946597325005281,2,up,510050.SS|2025-07-11,green,-0.09164802333925222,-0.5567168186005671
510050.SS|2025-08-13,510050.SS,2025-08-13,5.687203791469209,2025-09-11,0,-0.04035694687325994,-0.04035694687325994,-1.246453967957688,-1.1946597325005281,2,up,510050.SS|2025-07-11,green,-0.09164802333925222,-0.5567168186005671
510050.SS|2025-08-14,510050.SS,2025-08-14,4.688026981450255,2025-09-12,0,-0.04035694687325994,-0.04035694687325994,-1.246453967957688,-1.1946597325005281,2,up,510050.SS|2025-07-11,green,-0.09164802333925222,-0.5567168186005671
510050.SS|2025-08-15,510050.SS,2025-08-15,4.240996297542909,2025-09-15,0,-0.04035694687325994,-0.04035694687325994,-1.246453967957688,-1.1946597325005281,2,up,510050.SS|2025-07-11,green,-0.09164802333925222,-0.5567168186005671
510050.SS|2025-08-18,510050.SS,2025-08-18,4.937010554988075,2025-09-16,0,-0.04035694687325994,-0.04035694687325994,-1.246453967957688,-1.1946597325005281,2,up,510050.SS|2025-07-11,green,-0.09164802333925222,-0.5567168186005671
510050.SS|2025-08-19,510050.SS,2025-08-19,3.79831932773107,2025-09-17,0,-0.04035694687325994,-0.04035694687325994,-1.246453967957688,-1.1946597325005281,2,up,510050.SS|2025-07-11,green,-0.09164802333925222,-0.5567168186005671
510050.SS|2025-08-20,510050.SS,2025-08-20,1.9397993311036643,2025-09-18,0,-0.04035694687325994,-0.04035694687325994,-1.246453967957688,-1.1946597325005281,2,up,510050.SS|2025-07-11,green,-0.09164802333925222,-0.5567168186005671
510050.SS|2025-08-21,510050.SS,2025-08-21,-0.68493150684934,2025-09-19,0,-0.04035694687325994,-0.04035694687325994,-1.246453967957688,-1.1946597325005281,2,up,510050.SS|2025-07-11,green,-0.09164802333925222,-0.5567168186005671
510050.SS|2025-08-22,510050.SS,2025-08-22,-2.240717029449446,2025-09-22,0,-0.04035694687325994,-0.04035694687325994,-1.5275407081369974,-1.388299746157484,2,up,510050.SS|2025-07-11,green,-0.09164802333925222,-0.5567168186005671
510050.SS|2025-08-25,510050.SS,2025-08-25,-1.51564011609161,2025-09-23,0,-0.04035694687325994,-0.04035694687325994,-1.5275407081369974,-1.388299746157484,2,up,510050.SS|2025-07-11,green,-0.09164802333925222,-0.5567168186005671
510050.SS|2025-08-26,510050.SS,2025-08-26,0.6882989183873756,2025-09-24,0,-0.04035694687325994,-0.04035694687325994,-1.5275407081369974,-1.388299746157484,2,up,510050.SS|2025-07-11,green,-0.09164802333925222,-0.5567168186005671
510050.SS|2025-08-27,510050.SS,2025-08-27,-0.25848142164784926,2025-09-25,0,-0.04035694687325994,-0.04035694687325994,-1.5275407081369974,-1.388299746157484,2,up,510050.SS|2025-07-11,green,-0.09164802333925222,-0.5567168186005671
510050.SS|2025-08-28,510050.SS,2025-08-28,-1.1246786632391093,2025-09-26,0,-0.04035694687325994,-0.04035694687325994,-1.5275407081369974,-1.388299746157484,2,up,510050.SS|2025-07-11,green,-0.09164802333925222,-0.5567168186005671
510050.SS|2025-08-29,510050.SS,2025-08-29,-0.12849341471252718,2025-09-29,0,-0.04035694687325994,-0.04035694687325994,-1.5275407081369974,-1.388299746157484,2,up,510050.SS|2025-07-11,green,-0.09164802333925222,-0.5567168186005671
510050.SS|2025-09-01,510050.SS,2025-09-01,-0.06393861892586283,2025-09-30,0,-0.04035694687325994,-0.04035694687325994,-1.5275407081369974,-1.388299746157484,2,up,510050.SS|2025-07-11,green,-0.09164802333925222,-0.5567168186005671
510050.SS|2025-09-02,510050.SS,2025-09-02,2.3971493359248086,2025-10-09,0,-0.04035694687325994,-0.04035694687325994,-1.5275407081369974,-1.388299746157484,2,up,510050.SS|2025-07-11,green,-0.09164802333925222,-0.5567168186005671
510050.SS|2025-09-03,510050.SS,2025-09-03,2.5708635464732676,2025-10-10,0,-0.04035694687325994,-0.04035694687325994,-1.5275407081369974,-1.388299746157484,2,up,510050.SS|2025-07-11,green,-0.09164802333925222,-0.5567168186005671
510050.SS|2025-09-04,510050.SS,2025-09-04,0.9440104166666297,2025-10-13,0,-0.04035694687325994,-0.04035694687325994,-1.5275407081369974,-1.388299746157484,2,up,510050.SS|2025-07-11,green,-0.09164802333925222,-0.5567168186005671
510050.SS|2025-09-05,510050.SS,2025-09-05,1.0759700032604957,2025-10-14,0,-0.04035694687325994,-0.04035694687325994,-1.5275407081369974,-1.388299746157484,2,up,510050.SS|2025-07-11,green,-0.09164802333925222,-0.5567168186005671
510050.SS|2025-09-08,510050.SS,2025-09-08,2.5825433148087384,2025-10-15,0,-0.04035694687325994,-0.04035694687325994,-1.5275407081369974,-1.388299746157484,2,up,510050.SS|2025-07-11,green,-0.09164802333925222,-0.5567168186005671
510050.SS|2025-09-09,510050.SS,2025-09-09,2.832031249999978,2025-10-16,0,-0.04035694687325994,-0.04035694687325994,-1.5275407081369974,-1.388299746157484,2,up,510050.SS|2025-07-11,green,-0.09164802333925222,-0.5567168186005671
510050.SS|2025-09-10,510050.SS,2025-09-10,-0.3843689942344741,2025-10-17,0,-0.04035694687325994,-0.04035694687325994,-1.5275407081369974,-1.388299746157484,2,up,510050.SS|2025-07-11,green,-0.09164802333925222,-0.5567168186005671
510050.SS|2025-09-11,510050.SS,2025-09-11,0.22551546391751387,2025-10-20,0,-0.04035694687325994,-0.04035694687325994,-1.5275407081369974,-1.388299746157484,2,up,510050.SS|2025-07-11,green,-0.09164802333925222,-0.5567168186005671
510050.SS|2025-09-12,510050.SS,2025-09-12,1.517597675169502,2025-10-21,0,-0.04035694687325994,-0.04035694687325994,-1.5275407081369974,-1.388299746157484,2,up,510050.SS|2025-07-11,green,-0.09164802333925222,-0.5567168186005671
510050.SS|2025-09-15,510050.SS,2025-09-15,2.141466580142759,2025-10-22,0,-0.04035694687325994,-0.04035694687325994,-1.5275407081369974,-1.388299746157484,2,up,510050.SS|2025-07-11,green,-0.09164802333925222,-0.5567168186005671
510050.SS|2025-09-16,510050.SS,2025-09-16,2.5582901554404014,2025-10-23,0,-0.04035694687325994,-0.04035694687325994,-1.5275407081369974,-1.388299746157484,2,up,510050.SS|2025-07-11,green,-0.09164802333925222,-0.5567168186005671
510050.SS|2025-09-17,510050.SS,2025-09-17,4.7244094488189115,2025-10-24,0,-0.04035694687325994,-0.04035694687325994,-1.5275407081369974,-1.388299746157484,2,up,510050.SS|2025-07-11,green,-0.09164802333925222,-0.5567168186005671
510050.SS|2025-09-18,510050.SS,2025-09-18,5.615763546798025,2025-10-27,0,-0.04035694687325994,-0.04035694687325994,-1.5275407081369974,-1.388299746157484,2,up,510050.SS|2025-07-11,gray,-0.09164802333925222,-0.1089415664043769
510050.SS|2025-09-19,510050.SS,2025-09-19,4.6496398166339326,2025-10-28,0,-0.04035694687325994,-0.04035694687325994,-1.3846357267869247,-1.388299746157484,2,up,510050.SS|2025-07-11,black,-0.09164802333925222,0.20124446493984416
510050.SS|2025-09-22,510050.SS,2025-09-22,5.108055009823187,2025-10-29,0,-0.04035694687325994,-0.04035694687325994,-1.3846357267869247,-1.388299746157484,2,up,510050.SS|2025-07-11,black,-0.09164802333925222,0.20124446493984416
510050.SS|2025-09-23,510050.SS,2025-09-23,3.938802083333348,2025-10-30,0,-0.04035694687325994,-0.04035694687325994,-1.3846357267869247,-1.388299746157484,2,up,510050.SS|2025-07-11,black,-0.09164802333925222,0.20124446493984416
510050.SS|2025-09-24,510050.SS,2025-09-24,2.364755425979914,2025-10-31,0,-0.04035694687325994,-0.04035694687325994,-1.5275407081369974,-1.5665658422119486,2,up,510050.SS|2025-07-11,green,-0.09164802333925222,-0.5567168186005671
510050.SS|2025-09-25,510050.SS,2025-09-25,2.729931751706216,2025-11-03,0,-0.04035694687325994,-0.04035694687325994,-1.3846357267869247,-1.5665658422119486,2,up,510050.SS|2025-07-11,gray,-0.09164802333925222,-0.1089415664043769
510050.SS|2025-09-26,510050.SS,2025-09-26,1.511740109359927,2025-11-04,0,-0.04035694687325994,-0.04035694687325994,-1.3846357267869247,-1.5665658422119486,2,up,510050.SS|2025-07-11,gray,-0.09164802333925222,-0.1089415664043769
510050.SS|2025-09-29,510050.SS,2025-09-29,0.7677543186180413,2025-11-05,0,-0.04035694687325994,-0.04035694687325994,-1.3846357267869247,-1.5665658422119486,2,up,510050.SS|2025-07-11,gray,-0.09164802333925222,-0.1089415664043769
510050.SS|2025-09-30,510050.SS,2025-09-30,0.9174311926605672,2025-11-06,0,-0.04035694687325994,-0.04035694687325994,-1.3846357267869247,-1.5665658422119486,2,up,510050.SS|2025-07-11,gray,-0.09164802333925222,-0.1089415664043769
510050.SS|2025-10-09,510050.SS,2025-10-09,2.3778920308483498,2025-11-07,0,-0.04035694687325994,-0.04035694687325994,-1.5275407081369974,-1.5665658422119486,2,up,510050.SS|2025-07-11,green,-0.09164802333925222,-0.5567168186005671
510050.SS|2025-10-10,510050.SS,2025-10-10,3.2247662044502023,2025-11-10,0,-0.04035694687325994,-0.04035694687325994,-1.5275407081369974,-1.5665658422119486,2,up,510050.SS|2025-07-11,green,-0.09164802333925222,-0.5567168186005671
510050.SS|2025-10-13,510050.SS,2025-10-13,2.5806451612903514,2025-11-11,0,-0.04035694687325994,-0.04035694687325994,-1.5275407081369974,-1.5665658422119486,2,up,510050.SS|2025-07-11,green,-0.09164802333925222,-0.5567168186005671
510050.SS|2025-10-14,510050.SS,2025-10-14,1.8801784576163438,2025-11-12,0,-0.04035694687325994,-0.04035694687325994,-1.5275407081369974,-1.5665658422119486,2,up,510050.SS|2025-07-11,green,-0.09164802333925222,-0.5567168186005671
510050.SS|2025-10-15,510050.SS,2025-10-15,1.9626464070908733,2025-11-13,0,-0.04035694687325994,-0.04035694687325994,-1.5275407081369974,-1.5665658422119486,2,up,510050.SS|2025-07-11,green,-0.09164802333925222,-0.5567168186005671
510050.SS|2025-10-16,510050.SS,2025-10-16,2.347266881028953,2025-11-14,0,-0.04035694687325994,-0.04035694687325994,-1.5275407081369974,-1.5665658422119486,2,up,510050.SS|2025-07-11,green,-0.09164802333925222,-0.5567168186005671
510050.SS|2025-10-17,510050.SS,2025-10-17,1.5429122468659795,2025-11-17,0,-0.04035694687325994,-0.04035694687325994,-1.3846357267869247,-1.5665658422119486,2,up,510050.SS|2025-07-11,gray,-0.09164802333925222,-0.1089415664043769
510050.SS|2025-10-20,510050.SS,2025-10-20,0.1908396946565194,2025-11-18,0,-0.04035694687325994,-0.04035694687325994,-1.3846357267869247,-1.5665658422119486,2,up,510050.SS|2025-07-11,green,-0.09164802333925222,-0.5567168186005671
510050.SS|2025-10-21,510050.SS,2025-10-21,0.5400254129606541,2025-11-19,0,-0.04035694687325994,-0.04035694687325994,-1.5275407081369974,-1.5665658422119486,2,up,510050.SS|2025-07-11,green,-0.09164802333925222,-0.5567168186005671
510050.SS|2025-10-22,510050.SS,2025-10-22,-0.3473318598041897,2025-11-20,0,-0.04035694687325994,-0.04035694687325994,-1.5275407081369974,-1.5665658422119486,2,up,510050.SS|2025-07-11,green,-0.09164802333925222,-0.5567168186005671
510050.SS|2025-10-23,510050.SS,2025-10-23,-2.850877192982426,2025-11-21,0,-0.04035694687325994,-0.04035694687325994,-1.5275407081369974,-1.5665658422119486,2,up,510050.SS|2025-07-11,green,-0.09164802333925222,-0.5567168186005671
510050.SS|2025-10-24,510050.SS,2025-10-24,-3.793532338308414,2025-11-24,0,-0.04035694687325994,-0.04035694687325994,-1.5275407081369974,-1.5665658422119486,2,up,510050.SS|2025-07-11,green,-0.09164802333925222,-0.5567168186005671
510050.SS|2025-10-27,510050.SS,2025-10-27,-2.6908635794743008,2025-11-25,0,-0.04035694687325994,-0.04035694687325994,-1.5275407081369974,-1.5665658422119486,2,up,510050.SS|2025-07-11,green,-0.09164802333925222,-0.5567168186005671
510050.SS|2025-10-28,510050.SS,2025-10-28,-2.990654205607446,2025-11-26,0,-0.04035694687325994,-0.04035694687325994,-1.5275407081369974,-1.5665658422119486,2,up,510050.SS|2025-07-11,green,-0.09164802333925222,-0.5567168186005671
510050.SS|2025-10-29,510050.SS,2025-10-29,-2.5367992483557367,2025-11-27,0,-0.04035694687325994,-0.04035694687325994,-1.5275407081369974,-1.5665658422119486,2,up,510050.SS|2025-07-11,green,-0.09164802333925222,-0.5567168186005671
510050.SS|2025-10-30,510050.SS,2025-10-30,-1.4873417721518623,2025-11-28,0,-0.04035694687325994,-0.04035694687325994,-1.5275407081369974,-1.5665658422119486,2,up,510050.SS|2025-07-11,green,-0.09164802333925222,-0.5567168186005671
510050.SS|2025-10-31,510050.SS,2025-10-31,-0.7592534008224905,2025-12-01,0,-0.04035694687325994,-0.04035694687325994,-1.5275407081369974,-1.5665658422119486,2,up,510050.SS|2025-07-11,green,-0.09164802333925222,-0.5567168186005671
510050.SS|2025-11-03,510050.SS,2025-11-03,-1.0773130544993292,2025-12-02,0,-0.04035694687325994,-0.04035694687325994,-1.5275407081369974,-1.5665658422119486,2,up,510050.SS|2025-07-11,green,-0.09164802333925222,-0.5567168186005671
510050.SS|2025-11-04,510050.SS,2025-11-04,-1.3333333333333086,2025-12-03,0,-0.04035694687325994,-0.04035694687325994,-1.5275407081369974,-1.5665658422119486,2,up,510050.SS|2025-07-11,green,-0.09164802333925222,-0.5567168186005671
510050.SS|2025-11-05,510050.SS,2025-11-05,-2.319749216300915,2025-12-04,0,-0.04035694687325994,-0.04035694687325994,-1.5275407081369974,-1.5665658422119486,2,up,510050.SS|2025-07-11,gray,-0.09164802333925222,-0.1089415664043769
510050.SS|2025-11-06,510050.SS,2025-11-06,-1.2868801004393915,2025-12-05,0,-0.04035694687325994,-0.04035694687325994,-1.5275407081369974,-1.5665658422119486,2,up,510050.SS|2025-07-11,green,-0.09164802333925222,-0.5567168186005671
510050.SS|2025-11-07,510050.SS,2025-11-07,-1.1558887847547439,2025-12-08,0,-0.04035694687325994,-0.04035694687325994,-1.246453967957688,-1.3729258285549928,2,up,510050.SS|2025-07-11,green,-0.09164802333925222,-0.5567168186005671
510050.SS|2025-11-10,510050.SS,2025-11-10,-1.194968553459097,2025-12-09,0,-0.04035694687325994,-0.04035694687325994,-1.246453967957688,-1.3729258285549928,2,up,510050.SS|2025-07-11,green,-0.09164802333925222,-0.5567168186005671
510050.SS|2025-11-11,510050.SS,2025-11-11,-2.033156083828569,2025-12-10,0,-0.04035694687325994,-0.04035694687325994,-1.5275407081369974,-1.5665658422119486,2,up,510050.SS|2025-07-11,green,-0.09164802333925222,-0.5567168186005671
510050.SS|2025-11-12,510050.SS,2025-11-12,-3.1356721515057417,2025-12-11,0,-0.04035694687325994,-0.04035694687325994,-1.246453967957688,-1.3729258285549928,2,up,510050.SS|2025-07-11,green,-0.09164802333925222,-0.5567168186005671
510050.SS|2025-11-13,510050.SS,2025-11-13,-1.5394282123782466,2025-12-12,0,-0.04035694687325994,-0.04035694687325994,-1.246453967957688,-1.3729258285549928,2,up,510050.SS|2025-07-11,green,-0.09164802333925222,-0.5567168186005671
510050.SS|2025-11-14,510050.SS,2025-11-14,-0.8230452674896971,2025-12-15,0,-0.04035694687325994,-0.04035694687325994,-1.246453967957688,-1.1946597325005281,2,up,510050.SS|2025-07-11,green,-0.09164802333925222,-0.5567168186005671
510050.SS|2025-11-17,510050.SS,2025-11-17,-1.4920634920634779,2025-12-16,0,-0.04035694687325994,-0.04035694687325994,-1.246453967957688,-1.3729258285549928,2,up,510050.SS|2025-07-11,gray,-0.09164802333925222,-0.1089415664043769
510050.SS|2025-11-18,510050.SS,2025-11-18,-0.8530805687203658,2025-12-17,0,-0.04035694687325994,-0.04035694687325994,-1.1035489866076154,-1.3729258285549928,2,up,510050.SS|2025-07-11,gray,-0.09164802333925222,-0.1089415664043769
510050.SS|2025-11-19,510050.SS,2025-11-19,-0.3752545837508947,2025-12-18,0,-0.04035694687325994,-0.04035694687325994,-1.246453967957688,-1.3729258285549928,2,up,510050.SS|2025-07-11,gray,-0.09164802333925222,-0.1089415664043769
510050.SS|2025-11-20,510050.SS,2025-11-20,1.8549892869849982,2025-12-19,0,-0.04035694687325994,-0.04035694687325994,-0.7419412262451773,-0.9539593633564023,2,up,510050.SS|2025-07-11,black,-0.09164802333925222,0.20124446493984416
510050.SS|2025-11-21,510050.SS,2025-11-21,2.549756633548439,2025-12-22,0,-0.04035694687325994,-0.04035694687325994,-1.0230279664244868,-1.1475993770133586,2,up,510050.SS|2025-07-11,black,-0.09164802333925222,0.20124446493984416
510050.SS|2025-11-24,510050.SS,2025-11-24,2.220142623112853,2025-12-23,0,-0.04035694687325994,-0.04035694687325994,-0.7419412262451773,-0.9539593633564023,2,up,510050.SS|2025-07-11,black,-0.09164802333925222,0.20124446493984416
510050.SS|2025-11-25,510050.SS,2025-11-25,2.121791794100214,2025-12-24,0,-0.04035694687325994,-0.04035694687325994,-0.7419412262451773,-0.9539593633564023,2,up,510050.SS|2025-07-11,black,-0.09164802333925222,0.20124446493984416
510050.SS|2025-11-26,510050.SS,2025-11-26,2.451217338818834,2025-12-25,0,-0.04035694687325994,-0.04035694687325994,-0.7419412262451773,-0.9539593633564023,2,up,510050.SS|2025-07-11,black,-0.09164802333925222,0.20124446493984416
510050.SS|2025-11-27,510050.SS,2025-11-27,2.846835051305985,2025-12-26,0,-0.04035694687325994,-0.04035694687325994,-0.23811568701696065,-0.48661175257469097,2,up,510050.SS|2025-07-11,black,-0.09164802333925222,0.20124446493984416
510050.SS|2025-11-28,510050.SS,2025-11-28,1.7001659344272557,2025-12-29,0,-0.04035694687325994,-0.04035694687325994,-0.23811568701696065,-0.48661175257469097,2,up,510050.SS|2025-07-11,black,-0.09164802333925222,0.20124446493984416
510050.SS|2025-12-01,510050.SS,2025-12-01,2.1559271131810887,2025-12-30,0,-0.04035694687325994,-0.04035694687325994,-0.23811568701696065,-0.48661175257469097,2,up,510050.SS|2025-07-11,black,-0.09164802333925222,0.20124446493984416
510050.SS|2025-12-02,510050.SS,2025-12-02,2.5170386681178325,2025-12-31,0,-0.04035694687325994,-0.04035694687325994,-0.23811568701696065,-0.48661175257469097,2,up,510050.SS|2025-07-11,black,-0.09164802333925222,0.20124446493984416
510300.SS|2025-01-02,510300.SS,2025-01-02,3.1791160506590144,2025-02-10,0,-0.04035694687325994,-0.04035694687325994,-0.5192024271962705,-0.5812742404658459,2,up,510300.SS|2024-11-07,black,-0.11347645077000644,-0.017639882166004203
510300.SS|2025-01-03,510300.SS,2025-01-03,3.192317674539269,2025-02-11,0,-0.04035694687325994,-0.04035694687325994,-0.5192024271962705,-0.6572865702719503,2,up,510300.SS|2024-11-07,black,-0.11347645077000644,-0.017639882166004203
510300.SS|2025-01-06,510300.SS,2025-01-06,3.4536082474226237,2025-02-12,0,-0.04035694687325994,-0.04035694687325994,-0.5192024271962705,-0.5812742404658459,2,up,510300.SS|2024-11-07,black,-0.11347645077000644,-0.017639882166004203
510300.SS|2025-01-07,510300.SS,2025-01-07,3.355704697986517,2025-02-13,0,-0.04035694687325994,-0.04035694687325994,-0.5192024271962705,-0.6541187709995255,2,up,510300.SS|2024-11-07,black,-0.11347645077000644,-0.017639882166004203
510300.SS|2025-01-08,510300.SS,2025-01-08,4.345576823590203,2025-02-14,0,-0.04035694687325994,-0.04035694687325994,-0.5192024271962705,-0.5781064411934211,2,up,510300.SS|2024-11-07,black,-0.11347645077000644,-0.017639882166004203
510300.SS|2025-01-09,510300.SS,2025-01-09,5.702328014648117,2025-02-17,0,-0.04035694687325994,-0.04035694687325994,-0.5192024271962705,-0.5781064411934211,2,up,510300.SS|2024-11-07,black,-0.11347645077000644,-0.017639882166004203
510300.SS|2025-01-10,510300.SS,2025-01-10,5.357142857142794,2025-02-18,0,-0.04035694687325994,-0.04035694687325994,-0.5192024271962705,-0.5812742404658459,2,up,510300.SS|2024-11-07,black,-0.11347645077000644,-0.017639882166004203
510300.SS|2025-01-13,510300.SS,2025-01-13,3.2514080901177023,2025-02-19,0,-0.04035694687325994,-0.04035694687325994,-0.5192024271962705,-0.6572865702719503,2,up,510300.SS|2024-11-07,black,-0.11347645077000644,-0.017639882166004203
510300.SS|2025-01-14,510300.SS,2025-01-14,3.553953129023868,2025-02-20,0,-0.04035694687325994,-0.04035694687325994,-0.5192024271962705,-0.6802517662316472,2,up,510300.SS|2024-11-07,black,-0.11347645077000644,-0.017639882166004203
510300.SS|2025-01-15,510300.SS,2025-01-15,4.890604890604822,2025-02-21,0,-0.04035694687325994,-0.04035694687325994,-0.5192024271962705,-0.7562640960377516,2,up,510300.SS|2024-11-07,black,-0.11347645077000644,-0.017639882166004203
510300.SS|2025-01-16,510300.SS,2025-01-16,4.207285787583315,2025-02-24,0,-0.04035694687325994,-0.04035694687325994,-0.5192024271962705,-0.7562640960377516,2,up,510300.SS|2024-11-07,black,-0.11347645077000644,-0.017639882166004203
510300.SS|2025-01-17,510300.SS,2025-01-17,2.6550931835587877,2025-02-25,0,-0.04035694687325994,-0.04035694687325994,-0.5192024271962705,-0.5019856701771822,2,up,510300.SS|2024-11-07,black,-0.11347645077000644,-0.017639882166004203
510300.SS|2025-01-20,510300.SS,2025-01-20,3.3656297807240776,2025-02-26,0,-0.04035694687325994,-0.04035694687325994,-0.5192024271962705,-0.5019856701771822,2,up,510300.SS|2024-11-07,black,-0.11347645077000644,-0.017639882166004203
510300.SS|2025-01-21,510300.SS,2025-01-21,4.657745753988651,2025-02-27,0,-0.04035694687325994,-0.04035694687325994,-0.5192024271962705,-0.5019856701771822,2,up,510300.SS|2024-11-07,black,-0.11347645077000644,-0.017639882166004203
510300.SS|2025-01-22,510300.SS,2025-01-22,2.489094175006401,2025-02-28,0,-0.04035694687325994,-0.04035694687325994,-0.5192024271962705,-0.4833512927495324,2,up,510300.SS|2024-11-07,black,-0.11347645077000644,-0.017639882166004203
510300.SS|2025-01-23,510300.SS,2025-01-23,1.3234919826927705,2025-03-03,0,-0.04035694687325994,-0.04035694687325994,-0.5192024271962705,-0.3755720497340888,2,up,510300.SS|2024-11-07,black,-0.11347645077000644,-0.017639882166004203
510300.SS|2025-01-24,510300.SS,2025-01-24,1.7916560020475814,2025-03-04,0,-0.04035694687325994,-0.04035694687325994,-0.5192024271962705,-0.3755720497340888,2,up,510300.SS|2024-11-07,gray,-0.11347645077000644,-0.4451496244707658
510300.SS|2025-01-27,510300.SS,2025-01-27,2.7527656290198044,2025-03-05,0,-0.04035694687325994,-0.04035694687325994,-0.5192024271962705,-0.5538381457885537,2,up,510300.SS|2024-11-07,black,-0.11347645077000644,-0.017639882166004203
510300.SS|2025-02-05,510300.SS,2025-02-05,2.9755849440488147,2025-03-06,0,-0.04035694687325994,-0.04035694687325994,-0.7932271031746242,-0.878310848963939,2,up,510300.SS|2024-11-07,black,-0.11347645077000644,-0.017639882166004203
510300.SS|2025-02-06,510300.SS,2025-02-06,1.2788365095285803,2025-03-07,0,-0.04035694687325994,-0.04035694687325994,-0.5192024271962705,-0.5538381457885537,2,up,510300.SS|2024-11-07,gray,-0.11347645077000644,-0.4451496244707658
510300.SS|2025-02-07,510300.SS,2025-02-07,0.7765531062124076,2025-03-10,0,-0.04035694687325994,-0.04035694687325994,-0.6621074085463431,-0.5538381457885537,2,up,510300.SS|2024-11-07,green,-0.11347645077000644,-0.10231122874128508
510300.SS|2025-02-10,510300.SS,2025-02-10,1.4839034205231139,2025-03-11,0,-0.04035694687325994,-0.04035694687325994,-0.6621074085463431,-0.5538381457885537,2,up,510300.SS|2024-11-07,green,-0.11347645077000644,-0.10231122874128508
510300.SS|2025-02-11,510300.SS,2025-02-11,0.2740408570004904,2025-03-12,0,-0.04035694687325994,-0.04035694687325994,-0.6621074085463431,-0.5538381457885537,2,up,510300.SS|2024-11-07,green,-0.11347645077000644,-0.10231122874128508
510300.SS|2025-02-12,510300.SS,2025-02-12,0.024975024975026905,2025-03-13,0,-0.04035694687325994,-0.04035694687325994,-0.6621074085463431,-0.6616173888039973,2,up,510300.SS|2024-11-07,green,-0.11347645077000644,-0.10231122874128508
510300.SS|2025-02-13,510300.SS,2025-02-13,1.784828953891937,2025-03-14,0,-0.04035694687325994,-0.04035694687325994,-0.6621074085463431,-0.7562640960377516,2,up,510300.SS|2024-11-07,green,-0.11347645077000644,-0.10231122874128508
510300.SS|2025-02-14,510300.SS,2025-02-14,1.3115565454095535,2025-03-17,0,-0.04035694687325994,-0.04035694687325994,-0.6621074085463431,-0.7562640960377516,2,up,510300.SS|2024-11-07,green,-0.11347645077000644,-0.10231122874128508
510300.SS|2025-02-17,510300.SS,2025-02-17,2.2681954137587335,2025-03-18,0,-0.04035694687325994,-0.04035694687325994,-0.6621074085463431,-0.6802517662316472,2,up,510300.SS|2024-11-07,green,-0.11347645077000644,-0.10231122874128508
510300.SS|2025-02-18,510300.SS,2025-02-18,1.8844532606000497,2025-03-19,0,-0.04035694687325994,-0.04035694687325994,-0.6621074085463431,-0.6802517662316472,2,up,510300.SS|2024-11-07,green,-0.11347645077000644,-0.10231122874128508
510300.SS|2025-02-19,510300.SS,2025-02-19,1.367818950509836,2025-03-20,0,-0.04035694687325994,-0.04035694687325994,-0.8848462075952499,-0.9539593633564023,2,up,510300.SS|2024-11-07,green,-0.11347645077000644,-0.10231122874128508
510300.SS|2025-02-20,510300.SS,2025-02-20,-1.5950920245398459,2025-03-21,0,-0.04035694687325994,-0.04035694687325994,-0.8848462075952499,-0.9539593633564023,2,up,510300.SS|2024-11-07,green,-0.11347645077000644,-0.10231122874128508
510300.SS|2025-02-21,510300.SS,2025-02-21,-0.8616445100935288,2025-03-24,0,-0.04035694687325994,-0.04035694687325994,-0.8848462075952499,-0.9539593633564023,2,up,510300.SS|2024-11-07,green,-0.11347645077000644,-0.10231122874128508
510300.SS|2025-02-24,510300.SS,2025-02-24,0.19895548371053895,2025-03-25,0,-0.04035694687325994,-0.04035694687325994,-0.8848462075952499,-0.9539593633564023,2,up,510300.SS|2024-11-07,green,-0.11347645077000644,-0.10231122874128508
510300.SS|2025-02-25,510300.SS,2025-02-25,-1.011346817957559,2025-03-26,0,-0.04035694687325994,-0.04035694687325994,-1.1659329477745595,-1.1475993770133586,2,up,510300.SS|2024-11-07,green,-0.11347645077000644,-0.10231122874128508
510300.SS|2025-02-26,510300.SS,2025-02-26,-0.9835259404966767,2025-03-27,0,-0.04035694687325994,-0.04035694687325994,-1.5275407081369974,-1.5665658422119486,2,up,510300.SS|2024-11-07,green,-0.11347645077000644,-0.10231122874128508
510300.SS|2025-02-27,510300.SS,2025-02-27,0.3505257886830204,2025-03-28,0,-0.04035694687325994,-0.04035694687325994,-1.246453967957688,-1.3729258285549928,2,up,510300.SS|2024-11-07,green,-0.11347645077000644,-0.10231122874128508
510300.SS|2025-02-28,510300.SS,2025-02-28,0.0753579502637658,2025-03-31,0,-0.04035694687325994,-0.04035694687325994,-1.5275407081369974,-1.5665658422119486,2,up,510300.SS|2024-11-07,gray,-0.11347645077000644,-0.4451496244707658
510300.SS|2025-03-03,510300.SS,2025-03-03,0.12572290671362119,2025-04-01,0,-0.04035694687325994,-0.04035694687325994,-1.5275407081369974,-1.5665658422119486,2,up,510300.SS|2024-11-07,gray,-0.11347645077000644,-0.4451496244707658
510300.SS|2025-03-04,510300.SS,2025-03-04,-0.37556334501752664,2025-04-02,0,-0.04035694687325994,-0.04035694687325994,-1.5275407081369974,-1.5665658422119486,2,up,510300.SS|2024-11-07,gray,-0.11347645077000644,-0.4451496244707658
510300.SS|2025-03-05,510300.SS,2025-03-05,-2.222771054581363,2025-04-03,0,-0.04035694687325994,-0.04035694687325994,-1.5275407081369974,-1.388299746157484,2,up,510300.SS|2024-11-07,gray,-0.11347645077000644,-0.4451496244707658
510300.SS|2025-03-06,510300.SS,2025-03-06,-8.516959643476095,2025-04-07,0,-0.04035694687325994,-0.04035694687325994,-1.5275407081369974,-1.388299746157484,2,up,510300.SS|2024-11-07,green,-0.11347645077000644,-0.10231122874128508
510300.SS|2025-03-07,510300.SS,2025-03-07,-7.28312204822269,2025-04-08,0,-0.04035694687325994,-0.04035694687325994,-1.5275407081369974,-1.388299746157484,2,up,510300.SS|2024-11-07,green,-0.11347645077000644,-0.10231122874128508
510300.SS|2025-03-10,510300.SS,2025-03-10,-6.666666666666643,2025-04-09,0,-0.04035694687325994,-0.04035694687325994,-1.5275407081369974,-1.388299746157484,2,up,510300.SS|2024-11-07,green,-0.11347645077000644,-0.10231122874128508
510300.SS|2025-03-11,510300.SS,2025-03-11,-4.869565217391303,2025-04-10,0,-0.04035694687325994,-0.04035694687325994,-1.5275407081369974,-1.388299746157484,2,up,510300.SS|2024-11-07,green,-0.11347645077000644,-0.10231122874128508
510300.SS|2025-03-12,510300.SS,2025-03-12,-4.119850187265916,2025-04-11,0,-0.04035694687325994,-0.04035694687325994,-1.3846357267869247,-1.388299746157484,2,up,510300.SS|2024-11-07,green,-0.11347645077000644,-0.10231122874128508
510300.SS|2025-03-13,510300.SS,2025-03-13,-6.2834875791524585,2025-04-14,0,-0.04035694687325994,-0.04035694687325994,-1.0230279664244868,-1.1475993770133586,3,sideways,510300.SS|2025-03-13,gray,-0.11347645077000644,-0.4451496244707658
510300.SS|2025-03-14,510300.SS,2025-03-14,-5.935515388373213,2025-04-15,0,-0.04035694687325994,-0.04035694687325994,-1.1659329477745595,-1.1475993770133586,3,sideways,510300.SS|2025-03-13,green,-0.11347645077000644,-0.10231122874128508
510300.SS|2025-03-17,510300.SS,2025-03-17,-5.922495734828159,2025-04-16,0,-0.04035694687325994,-0.04035694687325994,-1.1659329477745595,-1.1475993770133586,3,sideways,510300.SS|2025-03-13,green,-0.11347645077000644,-0.10231122874128508
510300.SS|2025-03-18,510300.SS,2025-03-18,-5.986858116330007,2025-04-17,0,-0.04035694687325994,-0.04035694687325994,-1.1659329477745595,-1.1475993770133586,3,sideways,510300.SS|2025-03-13,green,-0.11347645077000644,-0.10231122874128508
510300.SS|2025-03-19,510300.SS,2025-03-19,-4.980372914622189,2025-04-18,0,-0.04035694687325994,-0.04035694687325994,-1.1659329477745595,-1.1475993770133586,3,sideways,510300.SS|2025-03-13,green,-0.11347645077000644,-0.10231122874128508
510300.SS|2025-03-20,510300.SS,2025-03-20,-3.36658354114715,2025-04-21,0,-0.04035694687325994,-0.04035694687325994,-1.1659329477745595,-1.1475993770133586,3,sideways,510300.SS|2025-03-13,green,-0.11347645077000644,-0.10231122874128508
510300.SS|2025-03-21,510300.SS,2025-03-21,-3.700024832381432,2025-04-22,0,-0.04035694687325994,-0.04035694687325994,-1.0230279664244868,-1.1475993770133586,3,sideways,510300.SS|2025-03-13,black,-0.11347645077000644,-0.017639882166004203
510300.SS|2025-03-24,510300.SS,2025-03-24,-3.6485480268056647,2025-04-23,0,-0.04035694687325994,-0.04035694687325994,-1.0230279664244868,-1.1475993770133586,3,sideways,510300.SS|2025-03-13,black,-0.11347645077000644,-0.017639882166004203
510300.SS|2025-03-25,510300.SS,2025-03-25,-3.264390730127098,2025-04-24,0,-0.04035694687325994,-0.04035694687325994,-1.0230279664244868,-1.1475993770133586,3,sideways,510300.SS|2025-03-13,gray,-0.11347645077000644,-0.4451496244707658
510300.SS|2025-03-26,510300.SS,2025-03-26,-3.600695306679924,2025-04-25,0,-0.04035694687325994,-0.04035694687325994,-1.0230279664244868,-1.1475993770133586,3,sideways,510300.SS|2025-03-13,black,-0.11347645077000644,-0.017639882166004203
510300.SS|2025-03-27,510300.SS,2025-03-27,-3.293413173652704,2025-04-28,0,-0.04035694687325994,-0.04035694687325994,-0.5192024271962705,-0.6802517662316472,3,sideways,510300.SS|2025-03-13,black,-0.11347645077000644,-0.017639882166004203
510300.SS|2025-03-28,510300.SS,2025-03-28,-2.8865461847389695,2025-04-29,0,-0.04035694687325994,-0.04035694687325994,-0.5192024271962705,-0.6802517662316472,3,sideways,510300.SS|2025-03-13,gray,-0.11347645077000644,-0.4451496244707658
510300.SS|2025-03-31,510300.SS,2025-03-31,-2.9131089904570806,2025-04-30,0,-0.04035694687325994,-0.04035694687325994,-0.5192024271962705,-0.6802517662316472,3,sideways,510300.SS|2025-03-13,gray,-0.11347645077000644,-0.4451496244707658
510300.SS|2025-04-01,510300.SS,2025-04-01,-1.9100276451369913,2025-05-06,0,-0.04035694687325994,-0.04035694687325994,-0.5192024271962705,-0.6802517662316472,3,sideways,510300.SS|2025-03-13,gray,-0.11347645077000644,-0.4451496244707658
510300.SS|2025-04-02,510300.SS,2025-04-02,-0.8082849204344877,2025-05-07,0,-0.04035694687325994,-0.04035694687325994,-0.5192024271962705,-0.6802517662316472,3,sideways,510300.SS|2025-03-13,black,-0.11347645077000644,-0.017639882166004203
510300.SS|2025-04-03,510300.SS,2025-04-03,6.901217861975595,2025-05-08,0,-0.04035694687325994,-0.04035694687325994,-0.5192024271962705,-0.6802517662316472,3,sideways,510300.SS|2025-03-13,black,-0.11347645077000644,-0.017639882166004203
510300.SS|2025-04-07,510300.SS,2025-04-07,5.764075067024077,2025-05-09,0,-0.04035694687325994,-0.04035694687325994,-0.5192024271962705,0.300665421743146,3,sideways,510300.SS|2025-03-13,black,-0.11347645077000644,-0.017639882166004203
510300.SS|2025-04-08,510300.SS,2025-04-08,5.947955390334547,2025-05-12,0,-0.04035694687325994,-0.04035694687325994,-0.5192024271962705,0.300665421743146,3,sideways,510300.SS|2025-03-13,black,-0.11347645077000644,-0.017639882166004203
510300.SS|2025-04-09,510300.SS,2025-04-09,4.309219117262986,2025-05-13,0,-0.04035694687325994,-0.04035694687325994,-0.5192024271962705,0.3766777515492505,3,sideways,510300.SS|2025-03-13,black,-0.11347645077000644,-0.017639882166004203
510300.SS|2025-04-10,510300.SS,2025-04-10,5.338541666666652,2025-05-14,0,-0.04035694687325994,-0.04035694687325994,-0.5192024271962705,-0.40255622415390513,3,sideways,510300.SS|2025-03-13,black,-0.11347645077000644,-0.017639882166004203
510300.SS|2025-04-11,510300.SS,2025-04-11,4.235966735966712,2025-05-15,0,-0.04035694687325994,-0.04035694687325994,-0.5192024271962705,-0.7664044519862433,3,sideways,510300.SS|2025-03-13,black,-0.11347645077000644,-0.017639882166004203
510300.SS|2025-04-14,510300.SS,2025-04-14,3.583484809140458,2025-05-16,0,-0.04035694687325994,-0.04035694687325994,-0.5192024271962705,-0.6616173888039973,3,sideways,510300.SS|2025-03-13,black,-0.11347645077000644,-0.017639882166004203
510300.SS|2025-04-15,510300.SS,2025-04-15,3.186528497409302,2025-05-19,0,-0.04035694687325994,-0.04035694687325994,-0.5192024271962705,-0.5538381457885537,3,sideways,510300.SS|2025-03-13,black,-0.11347645077000644,-0.017639882166004203
510300.SS|2025-04-16,510300.SS,2025-04-16,3.62412632668907,2025-05-20,0,-0.04035694687325994,-0.04035694687325994,-0.5192024271962705,-0.5538381457885537,3,sideways,510300.SS|2025-03-13,black,-0.11347645077000644,-0.017639882166004203
510300.SS|2025-04-17,510300.SS,2025-04-17,3.769687580686787,2025-05-21,0,-0.04035694687325994,-0.04035694687325994,-0.7932271031746242,-1.0565769450184042,3,sideways,510300.SS|2025-03-13,black,-0.11347645077000644,-0.017639882166004203
510300.SS|2025-04-18,510300.SS,2025-04-18,3.664516129032225,2025-05-22,0,-0.04035694687325994,-0.04035694687325994,-0.7932271031746242,-1.0565769450184042,3,sideways,510300.SS|2025-03-13,black,-0.11347645077000644,-0.017639882166004203
510300.SS|2025-04-21,510300.SS,2025-04-21,2.836513666838547,2025-05-23,0,-0.04035694687325994,-0.04035694687325994,-0.7932271031746242,-1.0565769450184042,3,sideways,510300.SS|2025-03-13,black,-0.11347645077000644,-0.017639882166004203
510300.SS|2025-04-22,510300.SS,2025-04-22,2.1895929933023917,2025-05-26,0,-0.04035694687325994,-0.04035694687325994,-0.7932271031746242,-1.0565769450184042,3,sideways,510300.SS|2025-03-13,black,-0.11347645077000644,-0.017639882166004203
510300.SS|2025-04-23,510300.SS,2025-04-23,1.648634724368847,2025-05-27,0,-0.04035694687325994,-0.04035694687325994,-0.7932271031746242,-0.878310848963939,3,sideways,510300.SS|2025-03-13,black,-0.11347645077000644,-0.017639882166004203
510300.SS|2025-04-24,510300.SS,2025-04-24,1.5455950540957941,2025-05-28,0,-0.04035694687325994,-0.04035694687325994,-0.7932271031746242,-0.878310848963939,3,sideways,510300.SS|2025-03-13,black,-0.11347645077000644,-0.017639882166004203
510300.SS|2025-04-25,510300.SS,2025-04-25,2.321981424148567,2025-05-29,0,-0.04035694687325994,-0.04035694687325994,-0.7932271031746242,-0.878310848963939,3,sideways,510300.SS|2025-03-13,black,-0.11347645077000644,-0.017639882166004203
510300.SS|2025-04-28,510300.SS,2025-04-28,2.326182476091976,2025-05-30,0,-0.04035694687325994,-0.04035694687325994,-0.7932271031746242,-0.878310848963939,3,sideways,510300.SS|2025-03-13,black,-0.11347645077000644,-0.017639882166004203
510300.SS|2025-04-29,510300.SS,2025-04-29,2.35385411277802,2025-06-03,0,-0.04035694687325994,-0.04035694687325994,-0.7932271031746242,-0.878310848963939,3,sideways,510300.SS|2025-03-13,black,-0.11347645077000644,-0.017639882166004203
510300.SS|2025-04-30,510300.SS,2025-04-30,1.819113502434,2025-06-04,0,-0.04035694687325994,-0.04035694687325994,-0.7932271031746242,-0.878310848963939,3,sideways,510300.SS|2025-03-13,black,-0.11347645077000644,-0.017639882166004203
510300.SS|2025-05-06,510300.SS,2025-05-06,1.451489686783769,2025-06-05,0,-0.04035694687325994,-0.04035694687325994,-0.7932271031746242,-0.878310848963939,3,sideways,510300.SS|2025-03-13,gray,-0.11347645077000644,-0.4451496244707658
510300.SS|2025-05-07,510300.SS,2025-05-07,0.9113924050632605,2025-06-06,0,-0.04035694687325994,-0.04035694687325994,-0.5192024271962705,-0.3755720497340888,3,sideways,510300.SS|2025-03-13,gray,-0.11347645077000644,-0.4451496244707658
510300.SS|2025-05-08,510300.SS,2025-05-08,1.2674271229404122,2025-06-09,0,-0.04035694687325994,-0.04035694687325994,-0.3810206683670334,-0.18193203607713263,3,sideways,510300.SS|2025-03-13,green,-0.11347645077000644,-0.10231122874128508
510300.SS|2025-05-09,510300.SS,2025-05-09,-0.45112781954890213,2025-06-10,0,-0.04035694687325994,-0.04035694687325994,-0.3810206683670334,-0.18193203607713263,3,sideways,510300.SS|2025-03-13,green,-0.11347645077000644,-0.10231122874128508
510300.SS|2025-05-12,510300.SS,2025-05-12,0.25037556334497335,2025-06-11,0,-0.04035694687325994,-0.04035694687325994,-0.3810206683670334,-0.18193203607713263,3,sideways,510300.SS|2025-03-13,green,-0.11347645077000644,-0.10231122874128508
510300.SS|2025-05-13,510300.SS,2025-05-13,-0.9641532756489934,2025-06-12,0,-0.04035694687325994,-0.04035694687325994,-0.3810206683670334,-0.28971127909257627,3,sideways,510300.SS|2025-03-13,green,-0.11347645077000644,-0.10231122874128508
510300.SS|2025-05-14,510300.SS,2025-05-14,-0.7728745948641702,2025-06-13,0,-0.04035694687325994,-0.04035694687325994,-0.3810206683670334,-0.3083456565202261,3,sideways,510300.SS|2025-03-13,green,-0.11347645077000644,-0.10231122874128508
510300.SS|2025-05-15,510300.SS,2025-05-15,0.025068939583805516,2025-06-16,0,-0.04035694687325994,-0.04035694687325994,-0.3810206683670334,-0.3083456565202261,3,sideways,510300.SS|2025-03-13,green,-0.11347645077000644,-0.10231122874128508
510300.SS|2025-05-16,510300.SS,2025-05-16,0.1506402209389357,2025-06-17,0,-0.04035694687325994,-0.04035694687325994,-0.3810206683670334,-0.3083456565202261,3,sideways,510300.SS|2025-03-13,green,-0.11347645077000644,-0.10231122874128508
510300.SS|2025-05-19,510300.SS,2025-05-19,-0.2747939045716352,2025-06-18,0,-0.04035694687325994,-0.04035694687325994,-0.3810206683670334,-0.3083456565202261,3,sideways,510300.SS|2025-03-13,green,-0.11347645077000644,-0.10231122874128508
510300.SS|2025-05-20,510300.SS,2025-05-20,-1.4605317365465442,2025-06-19,0,-0.04035694687325994,-0.04035694687325994,-0.8848462075952499,-0.7756932673019372,3,sideways,510300.SS|2025-03-13,green,-0.11347645077000644,-0.10231122874128508
510300.SS|2025-05-21,510300.SS,2025-05-21,-1.2841938156278987,2025-06-20,0,-0.04035694687325994,-0.04035694687325994,-0.8848462075952499,-0.7756932673019372,3,sideways,510300.SS|2025-03-13,green,-0.11347645077000644,-0.10231122874128508
510300.SS|2025-05-22,510300.SS,2025-05-22,-0.23302489435526041,2025-06-23,0,-0.04035694687325994,-0.04035694687325994,-0.8848462075952499,-0.7756932673019372,3,sideways,510300.SS|2025-03-13,green,-0.11347645077000644,-0.10231122874128508
510300.SS|2025-05-23,510300.SS,2025-05-23,1.4550368408219772,2025-06-24,0,-0.04035694687325994,-0.04035694687325994,-0.8848462075952499,-0.7756932673019372,3,sideways,510300.SS|2025-03-13,green,-0.11347645077000644,-0.10231122874128508
510300.SS|2025-05-26,510300.SS,2025-05-26,3.6793328791138835,2025-06-25,0,-0.04035694687325994,-0.04035694687325994,-0.8848462075952499,-0.7756932673019372,3,sideways,510300.SS|2025-03-13,green,-0.11347645077000644,-0.10231122874128508
510300.SS|2025-05-27,510300.SS,2025-05-27,3.3954429390090413,2025-06-26,0,-0.04035694687325994,-0.04035694687325994,-0.8848462075952499,-0.9539593633564023,3,sideways,510300.SS|2025-03-13,gray,-0.11347645077000644,-0.4451496244707658
510300.SS|2025-05-28,510300.SS,2025-05-28,2.176750328612864,2025-06-27,0,-0.04035694687325994,-0.04035694687325994,-0.8848462075952499,-0.9539593633564023,3,sideways,510300.SS|2025-03-13,gray,-0.11347645077000644,-0.4451496244707658
510300.SS|2025-05-29,510300.SS,2025-05-29,2.848148439538023,2025-06-30,0,-0.04035694687325994,-0.04035694687325994,-1.246453967957688,-1.3729258285549928,3,sideways,510300.SS|2025-03-13,green,-0.11347645077000644,-0.10231122874128508
510300.SS|2025-05-30,510300.SS,2025-05-30,3.055179242429884,2025-07-01,0,-0.04035694687325994,-0.04035694687325994,-1.246453967957688,-1.3729258285549928,3,sideways,510300.SS|2025-03-13,gray,-0.11347645077000644,-0.4451496244707658
510300.SS|2025-06-03,510300.SS,2025-06-03,2.7172523039098007,2025-07-02,0,-0.04035694687325994,-0.04035694687325994,-1.246453967957688,-1.3729258285549928,3,sideways,510300.SS|2025-03-13,gray,-0.11347645077000644,-0.4451496244707658
510300.SS|2025-06-04,510300.SS,2025-06-04,3.049750230429882,2025-07-03,0,-0.04035694687325994,-0.04035694687325994,-1.246453967957688,-1.3729258285549928,3,sideways,510300.SS|2025-03-13,green,-0.11347645077000644,-0.10231122874128508
510300.SS|2025-06-05,510300.SS,2025-06-05,3.4341506749031137,2025-07-04,0,-0.04035694687325994,-0.04035694687325994,-1.246453967957688,-1.3729258285549928,3,sideways,510300.SS|2025-03-13,green,-0.11347645077000644,-0.10231122874128508
510300.SS|2025-06-06,510300.SS,2025-06-06,2.740413221444804,2025-07-07,0,-0.04035694687325994,-0.04035694687325994,-1.246453967957688,-1.3729258285549928,3,sideways,510300.SS|2025-03-13,green,-0.11347645077000644,-0.10231122874128508
510300.SS|2025-06-09,510300.SS,2025-06-09,4.210621894243283,2025-07-08,0,-0.04035694687325994,-0.04035694687325994,-1.246453967957688,-1.3729258285549928,3,sideways,510300.SS|2025-03-13,green,-0.11347645077000644,-0.10231122874128508
510300.SS|2025-06-10,510300.SS,2025-06-10,3.3011558114016903,2025-07-09,0,-0.04035694687325994,-0.04035694687325994,-1.1035489866076154,-1.3729258285549928,3,sideways,510300.SS|2025-03-13,gray,-0.11347645077000644,-0.4451496244707658
510300.SS|2025-06-11,510300.SS,2025-06-11,3.7600873280243308,2025-07-10,0,-0.04035694687325994,-0.04035694687325994,-1.1035489866076154,-1.3729258285549928,3,sideways,510300.SS|2025-03-13,green,-0.11347645077000644,-0.10231122874128508
510300.SS|2025-06-12,510300.SS,2025-06-12,4.797604827415758,2025-07-11,0,-0.04035694687325994,-0.04035694687325994,-1.1035489866076154,-1.3729258285549928,3,sideways,510300.SS|2025-03-13,gray,-0.11347645077000644,-0.4451496244707658
510300.SS|2025-06-13,510300.SS,2025-06-13,4.509326595176466,2025-07-14,0,-0.04035694687325994,-0.04035694687325994,-1.1035489866076154,-1.3729258285549928,3,sideways,510300.SS|2025-03-13,gray,-0.11347645077000644,-0.4451496244707658
510300.SS|2025-06-16,510300.SS,2025-06-16,4.535525975120103,2025-07-15,0,-0.04035694687325994,-0.04035694687325994,-1.1035489866076154,-1.3729258285549928,3,sideways,510300.SS|2025-03-13,green,-0.11347645077000644,-0.10231122874128508
510300.SS|2025-06-17,510300.SS,2025-06-17,4.226434426229497,2025-07-16,0,-0.04035694687325994,-0.04035694687325994,-1.1035489866076154,-1.3729258285549928,3,sideways,510300.SS|2025-03-13,green,-0.11347645077000644,-0.10231122874128508
510300.SS|2025-06-18,510300.SS,2025-06-18,5.9127291505292945,2025-07-17,0,-0.04035694687325994,-0.04035694687325994,-1.1035489866076154,-1.3729258285549928,3,sideways,510300.SS|2025-03-13,gray,-0.11347645077000644,-0.4451496244707658
510300.SS|2025-06-19,510300.SS,2025-06-19,6.549767921609084,2025-07-18,0,-0.04035694687325994,-0.04035694687325994,-0.7419412262451773,-0.9539593633564023,3,sideways,510300.SS|2025-03-13,black,-0.11347645077000644,-0.017639882166004203
510300.SS|2025-06-20,510300.SS,2025-06-20,6.836288871755336,2025-07-21,0,-0.04035694687325994,-0.04035694687325994,-0.7419412262451773,-0.9539593633564023,3,sideways,510300.SS|2025-03-13,black,-0.11347645077000644,-0.017639882166004203
510300.SS|2025-06-23,510300.SS,2025-06-23,6.732723577235777,2025-07-22,0,-0.04035694687325994,-0.04035694687325994,-0.7419412262451773,-0.9539593633564023,3,sideways,510300.SS|2025-03-13,gray,-0.11347645077000644,-0.4451496244707658
510300.SS|2025-06-24,510300.SS,2025-06-24,4.94876280929768,2025-07-23,0,-0.04035694687325994,-0.04035694687325994,-0.8848462075952499,-0.9539593633564023,3,sideways,510300.SS|2025-03-13,green,-0.11347645077000644,-0.10231122874128508
510300.SS|2025-06-25,510300.SS,2025-06-25,5.995985950827887,2025-07-24,0,-0.04035694687325994,-0.04035694687325994,-0.8848462075952499,-0.9539593633564023,3,sideways,510300.SS|2025-03-13,green,-0.11347645077000644,-0.10231122874128508
510300.SS|2025-06-26,510300.SS,2025-06-26,6.0560181680545,2025-07-25,0,-0.04035694687325994,-0.04035694687325994,-1.246453967957688,-1.3729258285549928,3,sideways,510300.SS|2025-03-13,green,-0.11347645077000644,-0.10231122874128508
510300.SS|2025-06-27,510300.SS,2025-06-27,5.826217980914095,2025-07-28,0,-0.04035694687325994,-0.04035694687325994,-1.246453967957688,-1.3729258285549928,3,sideways,510300.SS|2025-03-13,green,-0.11347645077000644,-0.10231122874128508
510300.SS|2025-06-30,510300.SS,2025-06-30,6.1935807422266675,2025-07-29,0,-0.04035694687325994,-0.04035694687325994,-1.246453967957688,-1.3729258285549928,3,sideways,510300.SS|2025-03-13,green,-0.11347645077000644,-0.10231122874128508
510300.SS|2025-07-01,510300.SS,2025-07-01,6.012024048096198,2025-07-30,0,-0.04035694687325994,-0.04035694687325994,-1.246453967957688,-1.3729258285549928,3,sideways,510300.SS|2025-03-13,green,-0.11347645077000644,-0.10231122874128508
510300.SS|2025-07-02,510300.SS,2025-07-02,3.4869240348692543,2025-07-31,0,-0.04035694687325994,-0.04035694687325994,-1.246453967957688,-1.3729258285549928,3,sideways,510300.SS|2025-03-13,green,-0.11347645077000644,-0.10231122874128508
510300.SS|2025-07-03,510300.SS,2025-07-03,2.504960317460325,2025-08-01,0,-0.04035694687325994,-0.04035694687325994,-1.246453967957688,-1.3729258285549928,3,sideways,510300.SS|2025-03-13,green,-0.11347645077000644,-0.10231122874128508
510300.SS|2025-07-04,510300.SS,2025-07-04,3.4379671150971847,2025-08-04,0,-0.04035694687325994,-0.04035694687325994,-1.246453967957688,-1.3729258285549928,3,sideways,510300.SS|2025-03-13,green,-0.11347645077000644,-0.10231122874128508
510300.SS|2025-07-07,510300.SS,2025-07-07,3.3349802371541726,2025-08-05,0,-0.04035694687325994,-0.04035694687325994,-1.246453967957688,-1.3729258285549928,3,sideways,510300.SS|2025-03-13,green,-0.11347645077000644,-0.10231122874128508
510300.SS|2025-07-08,510300.SS,2025-07-08,3.6835599505562477,2025-08-06,0,-0.04035694687325994,-0.04035694687325994,-1.246453967957688,-1.3729258285549928,3,sideways,510300.SS|2025-03-13,green,-0.11347645077000644,-0.10231122874128508
510300.SS|2025-07-09,510300.SS,2025-07-09,3.148831488314885,2025-08-07,0,-0.04035694687325994,-0.04035694687325994,-1.246453967957688,-1.3729258285549928,3,sideways,510300.SS|2025-03-13,green,-0.11347645077000644,-0.10231122874128508
510300.SS|2025-07-10,510300.SS,2025-07-10,2.5496445207158436,2025-08-08,0,-0.04035694687325994,-0.04035694687325994,-1.246453967957688,-1.3729258285549928,3,sideways,510300.SS|2025-03-13,green,-0.11347645077000644,-0.10231122874128508
510300.SS|2025-07-11,510300.SS,2025-07-11,3.0407062285433772,2025-08-11,0,-0.04035694687325994,-0.04035694687325994,-1.246453967957688,-1.3729258285549928,3,sideways,510300.SS|2025-03-13,green,-0.11347645077000644,-0.10231122874128508
510300.SS|2025-07-14,510300.SS,2025-07-14,3.6782736635605495,2025-08-12,0,-0.04035694687325994,-0.04035694687325994,-1.246453967957688,-1.3729258285549928,3,sideways,510300.SS|2025-03-13,green,-0.11347645077000644,-0.10231122874128508
510300.SS|2025-07-15,510300.SS,2025-07-15,4.767756205455886,2025-08-13,0,-0.04035694687325994,-0.04035694687325994,-1.246453967957688,-1.3729258285549928,3,sideways,510300.SS|2025-03-13,green,-0.11347645077000644,-0.10231122874128508
510300.SS|2025-07-16,510300.SS,2025-07-16,3.754266211604107,2025-08-14,0,-0.04035694687325994,-0.04035694687325994,-1.246453967957688,-1.1946597325005281,3,sideways,510300.SS|2025-03-13,green,-0.11347645077000644,-0.10231122874128508
510300.SS|2025-07-17,510300.SS,2025-07-17,3.9448209099709697,2025-08-15,0,-0.04035694687325994,-0.04035694687325994,-1.246453967957688,-1.1946597325005281,3,sideways,510300.SS|2025-03-13,green,-0.11347645077000644,-0.10231122874128508
510300.SS|2025-07-18,510300.SS,2025-07-18,4.0894876112581136,2025-08-18,0,-0.04035694687325994,-0.04035694687325994,-1.246453967957688,-1.1946597325005281,3,sideways,510300.SS|2025-03-13,green,-0.11347645077000644,-0.10231122874128508
510300.SS|2025-07-21,510300.SS,2025-07-21,2.4756010473696577,2025-08-19,0,-0.04035694687325994,-0.04035694687325994,-1.246453967957688,-1.1946597325005281,3,sideways,510300.SS|2025-03-13,green,-0.11347645077000644,-0.10231122874128508
510300.SS|2025-07-22,510300.SS,2025-07-22,3.9295070254822484,2025-08-20,0,-0.04035694687325994,-0.04035694687325994,-1.246453967957688,-1.1946597325005281,3,sideways,510300.SS|2025-03-13,green,-0.11347645077000644,-0.10231122874128508
510300.SS|2025-07-23,510300.SS,2025-07-23,3.621301775147945,2025-08-21,0,-0.04035694687325994,-0.04035694687325994,-1.246453967957688,-1.1946597325005281,3,sideways,510300.SS|2025-03-13,green,-0.11347645077000644,-0.10231122874128508
510300.SS|2025-07-24,510300.SS,2025-07-24,6.566738044254117,2025-08-22,0,-0.04035694687325994,-0.04035694687325994,-1.246453967957688,-1.1946597325005281,3,sideways,510300.SS|2025-03-13,green,-0.11347645077000644,-0.10231122874128508
510300.SS|2025-07-25,510300.SS,2025-07-25,8.329378262933073,2025-08-25,0,-0.04035694687325994,-0.04035694687325994,-1.246453967957688,-1.1946597325005281,3,sideways,510300.SS|2025-03-13,green,-0.11347645077000644,-0.10231122874128508
510300.SS|2025-07-28,510300.SS,2025-07-28,7.225501770956311,2025-08-26,0,-0.04035694687325994,-0.04035694687325994,-1.246453967957688,-1.1946597325005281,3,sideways,510300.SS|2025-03-13,green,-0.11347645077000644,-0.10231122874128508
510300.SS|2025-07-29,510300.SS,2025-07-29,5.741965973534957,2025-08-27,0,-0.04035694687325994,-0.04035694687325994,-1.246453967957688,-1.1946597325005281,3,sideways,510300.SS|2025-03-13,green,-0.11347645077000644,-0.10231122874128508
510300.SS|2025-07-30,510300.SS,2025-07-30,9.723225030084226,2025-08-28,0,-0.04035694687325994,-0.04035694687325994,-1.246453967957688,-1.1946597325005281,2,up,510300.SS|2025-07-30,green,-0.11347645077000644,-0.10231122874128508
510300.SS|2025-07-31,510300.SS,2025-07-31,11.32349383014757,2025-08-29,0,-0.04035694687325994,-0.04035694687325994,-1.246453967957688,-1.1946597325005281,2,up,510300.SS|2025-07-30,green,-0.11347645077000644,-0.10231122874128508
510300.SS|2025-08-01,510300.SS,2025-08-01,11.17533718689787,2025-09-01,0,-0.04035694687325994,-0.04035694687325994,-1.246453967957688,-1.1946597325005281,2,up,510300.SS|2025-07-30,gray,-0.11347645077000644,-0.4451496244707658
510300.SS|2025-08-04,510300.SS,2025-08-04,9.729858952904591,2025-09-02,0,-0.04035694687325994,-0.04035694687325994,-1.246453967957688,-1.1946597325005281,2,up,510300.SS|2025-07-30,green,-0.11347645077000644,-0.10231122874128508
510300.SS|2025-08-05,510300.SS,2025-08-05,8.464473056747712,2025-09-03,0,-0.04035694687325994,-0.04035694687325994,-1.246453967957688,-1.1946597325005281,2,up,510300.SS|2025-07-30,green,-0.11347645077000644,-0.10231122874128508
510300.SS|2025-08-06,510300.SS,2025-08-06,6.272358693059865,2025-09-04,0,-0.04035694687325994,-0.04035694687325994,-1.246453967957688,-1.1946597325005281,2,up,510300.SS|2025-07-30,green,-0.11347645077000644,-0.10231122874128508
510300.SS|2025-08-07,510300.SS,2025-08-07,8.86923260817596,2025-09-05,0,-0.04035694687325994,-0.04035694687325994,-1.246453967957688,-1.1946597325005281,2,up,510300.SS|2025-07-30,green,-0.11347645077000644,-0.10231122874128508
510300.SS|2025-08-08,510300.SS,2025-08-08,8.400761542122792,2025-09-08,0,-0.04035694687325994,-0.04035694687325994,-1.246453967957688,-1.1946597325005281,2,up,510300.SS|2025-07-30,green,-0.11347645077000644,-0.10231122874128508
510300.SS|2025-08-11,510300.SS,2025-08-11,7.095553453169323,2025-09-09,0,-0.04035694687325994,-0.04035694687325994,-1.246453967957688,-1.1946597325005281,2,up,510300.SS|2025-07-30,green,-0.11347645077000644,-0.10231122874128508
510300.SS|2025-08-12,510300.SS,2025-08-12,6.45085620455077,2025-09-10,0,-0.04035694687325994,-0.04035694687325994,-1.246453967957688,-1.1946597325005281,2,up,510300.SS|2025-07-30,green,-0.11347645077000644,-0.10231122874128508
510300.SS|2025-08-13,510300.SS,2025-08-13,9.492481203007518,2025-09-11,0,-0.04035694687325994,-0.04035694687325994,-1.246453967957688,-1.1946597325005281,2,up,510300.SS|2025-07-30,green,-0.11347645077000644,-0.10231122874128508
510300.SS|2025-08-14,510300.SS,2025-08-14,7.590221187427226,2025-09-12,0,-0.04035694687325994,-0.04035694687325994,-1.246453967957688,-1.1946597325005281,2,up,510300.SS|2025-07-30,green,-0.11347645077000644,-0.10231122874128508
510300.SS|2025-08-15,510300.SS,2025-08-15,6.979431476773734,2025-09-15,0,-0.04035694687325994,-0.04035694687325994,-1.246453967957688,-1.1946597325005281,2,up,510300.SS|2025-07-30,green,-0.11347645077000644,-0.10231122874128508
510300.SS|2025-08-18,510300.SS,2025-08-18,7.317073170731714,2025-09-16,0,-0.04035694687325994,-0.04035694687325994,-1.246453967957688,-1.1946597325005281,2,up,510300.SS|2025-07-30,green,-0.11347645077000644,-0.10231122874128508
510300.SS|2025-08-19,510300.SS,2025-08-19,6.622364802933101,2025-09-17,0,-0.04035694687325994,-0.04035694687325994,-1.246453967957688,-1.1946597325005281,2,up,510300.SS|2025-07-30,green,-0.11347645077000644,-0.10231122874128508
510300.SS|2025-08-20,510300.SS,2025-08-20,4.93375970762906,2025-09-18,0,-0.04035694687325994,-0.04035694687325994,-1.246453967957688,-1.1946597325005281,2,up,510300.SS|2025-07-30,green,-0.11347645077000644,-0.10231122874128508
510300.SS|2025-08-21,510300.SS,2025-08-21,2.7908015181960177,2025-09-19,0,-0.04035694687325994,-0.04035694687325994,-1.246453967957688,-1.1946597325005281,2,up,510300.SS|2025-07-30,green,-0.11347645077000644,-0.10231122874128508
510300.SS|2025-08-22,510300.SS,2025-08-22,1.1829134720701129,2025-09-22,0,-0.04035694687325994,-0.04035694687325994,-1.5275407081369974,-1.388299746157484,2,up,510300.SS|2025-07-30,green,-0.11347645077000644,-0.10231122874128508
510300.SS|2025-08-25,510300.SS,2025-08-25,1.7837480731116573,2025-09-23,0,-0.04035694687325994,-0.04035694687325994,-1.5275407081369974,-1.388299746157484,2,up,510300.SS|2025-07-30,green,-0.11347645077000644,-0.10231122874128508
510300.SS|2025-08-26,510300.SS,2025-08-26,4.201117318435754,2025-09-24,0,-0.04035694687325994,-0.04035694687325994,-1.5275407081369974,-1.388299746157484,2,up,510300.SS|2025-07-30,green,-0.11347645077000644,-0.10231122874128508
510300.SS|2025-08-27,510300.SS,2025-08-27,2.983110331212968,2025-09-25,0,-0.04035694687325994,-0.04035694687325994,-1.5275407081369974,-1.388299746157484,2,up,510300.SS|2025-07-30,green,-0.11347645077000644,-0.10231122874128508
510300.SS|2025-08-28,510300.SS,2025-08-28,1.0867202782003593,2025-09-26,0,-0.04035694687325994,-0.04035694687325994,-1.5275407081369974,-1.388299746157484,2,up,510300.SS|2025-07-30,green,-0.11347645077000644,-0.10231122874128508
510300.SS|2025-08-29,510300.SS,2025-08-29,2.4263431542461023,2025-09-29,0,-0.04035694687325994,-0.04035694687325994,-1.5275407081369974,-1.388299746157484,2,up,510300.SS|2025-07-30,green,-0.11347645077000644,-0.10231122874128508
510300.SS|2025-09-01,510300.SS,2025-09-01,3.289760348583859,2025-09-30,0,-0.04035694687325994,-0.04035694687325994,-1.5275407081369974,-1.388299746157484,2,up,510300.SS|2025-07-30,green,-0.11347645077000644,-0.10231122874128508
510300.SS|2025-09-02,510300.SS,2025-09-02,5.869421850956247,2025-10-09,0,-0.04035694687325994,-0.04035694687325994,-1.5275407081369974,-1.388299746157484,2,up,510300.SS|2025-07-30,green,-0.11347645077000644,-0.10231122874128508
510300.SS|2025-09-03,510300.SS,2025-09-03,5.902154398563719,2025-10-10,0,-0.04035694687325994,-0.04035694687325994,-1.5275407081369974,-1.388299746157484,2,up,510300.SS|2025-07-30,green,-0.11347645077000644,-0.10231122874128508
510300.SS|2025-09-04,510300.SS,2025-09-04,3.0303030303030276,2025-10-13,0,-0.04035694687325994,-0.04035694687325994,-1.5275407081369974,-1.388299746157484,2,up,510300.SS|2025-07-30,green,-0.11347645077000644,-0.10231122874128508
510300.SS|2025-09-05,510300.SS,2025-09-05,1.9758507135016368,2025-10-14,0,-0.04035694687325994,-0.04035694687325994,-1.5275407081369974,-1.388299746157484,2,up,510300.SS|2025-07-30,green,-0.11347645077000644,-0.10231122874128508
510300.SS|2025-09-08,510300.SS,2025-09-08,3.9310954063604298,2025-10-15,0,-0.04035694687325994,-0.04035694687325994,-1.5275407081369974,-1.388299746157484,2,up,510300.SS|2025-07-30,green,-0.11347645077000644,-0.10231122874128508
510300.SS|2025-09-09,510300.SS,2025-09-09,4.032613486117231,2025-10-16,0,-0.04035694687325994,-0.04035694687325994,-1.5275407081369974,-1.388299746157484,2,up,510300.SS|2025-07-30,green,-0.11347645077000644,-0.10231122874128508
510300.SS|2025-09-10,510300.SS,2025-09-10,-0.772532188841224,2025-10-17,0,-0.04035694687325994,-0.04035694687325994,-1.5275407081369974,-1.388299746157484,2,up,510300.SS|2025-07-30,green,-0.11347645077000644,-0.10231122874128508
510300.SS|2025-09-11,510300.SS,2025-09-11,0.4111664141960292,2025-10-20,0,-0.04035694687325994,-0.04035694687325994,-1.5275407081369974,-1.388299746157484,2,up,510300.SS|2025-07-30,green,-0.11347645077000644,-0.10231122874128508
510300.SS|2025-09-12,510300.SS,2025-09-12,1.7498379779649742,2025-10-21,0,-0.04035694687325994,-0.04035694687325994,-1.5275407081369974,-1.388299746157484,1,up,510300.SS|2025-07-30,green,-0.11347645077000644,-0.10231122874128508
510300.SS|2025-09-15,510300.SS,2025-09-15,1.6233766233765934,2025-10-22,0,-0.04035694687325994,-0.04035694687325994,-1.5275407081369974,-1.388299746157484,1,up,510300.SS|2025-07-30,green,-0.11347645077000644,-0.10231122874128508
510300.SS|2025-09-16,510300.SS,2025-09-16,1.2894906511927484,2025-10-23,0,-0.04035694687325994,-0.04035694687325994,-1.5275407081369974,-1.388299746157484,1,up,510300.SS|2025-07-30,green,-0.11347645077000644,-0.10231122874128508
510300.SS|2025-09-17,510300.SS,2025-09-17,3.831084022638187,2025-10-24,0,-0.04035694687325994,-0.04035694687325994,-1.5275407081369974,-1.388299746157484,1,up,510300.SS|2025-07-30,green,-0.11347645077000644,-0.10231122874128508
510300.SS|2025-09-18,510300.SS,2025-09-18,4.821894005212823,2025-10-27,0,-0.04035694687325994,-0.04035694687325994,-1.5275407081369974,-1.388299746157484,1,up,510300.SS|2025-07-30,green,-0.11347645077000644,-0.10231122874128508
510300.SS|2025-09-19,510300.SS,2025-09-19,3.961896514397023,2025-10-28,0,-0.04035694687325994,-0.04035694687325994,-1.5275407081369974,-1.388299746157484,1,up,510300.SS|2025-07-30,green,-0.11347645077000644,-0.10231122874128508
510300.SS|2025-09-22,510300.SS,2025-09-22,5.1925573344872245,2025-10-29,0,-0.04035694687325994,-0.04035694687325994,-1.5275407081369974,-1.388299746157484,2,up,510300.SS|2025-07-30,green,-0.11347645077000644,-0.10231122874128508
510300.SS|2025-09-23,510300.SS,2025-09-23,3.4312674244048713,2025-10-30,0,-0.04035694687325994,-0.04035694687325994,-1.5275407081369974,-1.388299746157484,2,up,510300.SS|2025-07-30,green,-0.11347645077000644,-0.10231122874128508
510300.SS|2025-09-24,510300.SS,2025-09-24,1.2992545260915866,2025-10-31,0,-0.04035694687325994,-0.04035694687325994,-1.5275407081369974,-1.388299746157484,2,up,510300.SS|2025-07-30,green,-0.11347645077000644,-0.10231122874128508
510300.SS|2025-09-25,510300.SS,2025-09-25,2.4080842829499183,2025-11-03,0,-0.04035694687325994,-0.04035694687325994,-1.5275407081369974,-1.388299746157484,2,up,510300.SS|2025-07-30,green,-0.11347645077000644,-0.10231122874128508
510300.SS|2025-09-26,510300.SS,2025-09-26,0.021150592216589992,2025-11-04,0,-0.04035694687325994,-0.04035694687325994,-1.5275407081369974,-1.388299746157484,2,up,510300.SS|2025-07-30,green,-0.11347645077000644,-0.10231122874128508
510300.SS|2025-09-29,510300.SS,2025-09-29,-0.1265555789917605,2025-11-05,0,-0.04035694687325994,-0.04035694687325994,-1.5275407081369974,-1.388299746157484,2,up,510300.SS|2025-07-30,green,-0.11347645077000644,-0.10231122874128508
510300.SS|2025-09-30,510300.SS,2025-09-30,-0.22840531561462152,2025-11-06,0,-0.04035694687325994,-0.04035694687325994,-1.5275407081369974,-1.388299746157484,2,up,510300.SS|2025-07-30,green,-0.11347645077000644,-0.10231122874128508
510300.SS|2025-10-09,510300.SS,2025-10-09,1.6105107014197984,2025-11-07,0,-0.04035694687325994,-0.04035694687325994,-1.5275407081369974,-1.388299746157484,2,up,510300.SS|2025-07-30,green,-0.11347645077000644,-0.10231122874128508
510300.SS|2025-10-10,510300.SS,2025-10-10,2.450980392156854,2025-11-10,0,-0.04035694687325994,-0.04035694687325994,-1.5275407081369974,-1.388299746157484,2,up,510300.SS|2025-07-30,green,-0.11347645077000644,-0.10231122874128508
510300.SS|2025-10-13,510300.SS,2025-10-13,2.5403659849300153,2025-11-11,0,-0.04035694687325994,-0.04035694687325994,-1.5275407081369974,-1.388299746157484,2,up,510300.SS|2025-07-30,green,-0.11347645077000644,-0.10231122874128508
510300.SS|2025-10-14,510300.SS,2025-10-14,1.2537186570335646,2025-11-12,0,-0.04035694687325994,-0.04035694687325994,-1.5275407081369974,-1.388299746157484,2,up,510300.SS|2025-07-30,gray,-0.11347645077000644,-0.4451496244707658
510300.SS|2025-10-15,510300.SS,2025-10-15,1.9275577208218264,2025-11-13,0,-0.04035694687325994,-0.04035694687325994,-1.5275407081369974,-1.388299746157484,2,up,510300.SS|2025-07-30,green,-0.11347645077000644,-0.10231122874128508
510300.SS|2025-10-16,510300.SS,2025-10-16,2.5302768166089784,2025-11-14,0,-0.04035694687325994,-0.04035694687325994,-1.5275407081369974,-1.388299746157484,2,up,510300.SS|2025-07-30,green,-0.11347645077000644,-0.10231122874128508
510300.SS|2025-10-17,510300.SS,2025-10-17,1.5086206896551602,2025-11-17,0,-0.04035694687325994,-0.04035694687325994,-1.3846357267869247,-1.5665658422119486,2,up,510300.SS|2025-07-30,black,-0.11347645077000644,-0.017639882166004203
510300.SS|2025-10-20,510300.SS,2025-10-20,-0.5732484076433342,2025-11-18,0,-0.04035694687325994,-0.04035694687325994,-1.3846357267869247,-1.5665658422119486,2,up,510300.SS|2025-07-30,gray,-0.11347645077000644,-0.4451496244707658
510300.SS|2025-10-21,510300.SS,2025-10-21,0.04259850905214968,2025-11-19,0,-0.04035694687325994,-0.04035694687325994,-1.5275407081369974,-1.5665658422119486,2,up,510300.SS|2025-07-30,green,-0.11347645077000644,-0.10231122874128508
510300.SS|2025-10-22,510300.SS,2025-10-22,-0.7850625928283672,2025-11-20,0,-0.04035694687325994,-0.04035694687325994,-1.5275407081369974,-1.5665658422119486,2,up,510300.SS|2025-07-30,green,-0.11347645077000644,-0.10231122874128508
510300.SS|2025-10-23,510300.SS,2025-10-23,-4.3186582809224605,2025-11-21,0,-0.04035694687325994,-0.04035694687325994,-1.5275407081369974,-1.5665658422119486,2,up,510300.SS|2025-07-30,green,-0.11347645077000644,-0.10231122874128508
510300.SS|2025-10-24,510300.SS,2025-10-24,-5.5739743058433655,2025-11-24,0,-0.04035694687325994,-0.04035694687325994,-1.5275407081369974,-1.5665658422119486,2,up,510300.SS|2025-07-30,green,-0.11347645077000644,-0.10231122874128508
510300.SS|2025-10-27,510300.SS,2025-10-27,-4.269054560599761,2025-11-25,0,-0.04035694687325994,-0.04035694687325994,-1.5275407081369974,-1.5665658422119486,2,up,510300.SS|2025-07-30,green,-0.11347645077000644,-0.10231122874128508
510300.SS|2025-10-28,510300.SS,2025-10-28,-4.853969559851922,2025-11-26,0,-0.04035694687325994,-0.04035694687325994,-1.5275407081369974,-1.5665658422119486,2,up,510300.SS|2025-07-30,green,-0.11347645077000644,-0.10231122874128508
510300.SS|2025-10-29,510300.SS,2025-10-29,-4.167530582624934,2025-11-27,0,-0.04035694687325994,-0.04035694687325994,-1.5275407081369974,-1.5665658422119486,2,up,510300.SS|2025-07-30,green,-0.11347645077000644,-0.10231122874128508
510300.SS|2025-10-30,510300.SS,2025-10-30,-2.544154751892369,2025-11-28,0,-0.04035694687325994,-0.04035694687325994,-1.5275407081369974,-1.5665658422119486,2,up,510300.SS|2025-07-30,green,-0.11347645077000644,-0.10231122874128508
510300.SS|2025-10-31,510300.SS,2025-10-31,-1.595633004409025,2025-12-01,0,-0.04035694687325994,-0.04035694687325994,-1.5275407081369974,-1.5665658422119486,2,up,510300.SS|2025-07-30,green,-0.11347645077000644,-0.10231122874128508
510300.SS|2025-11-03,510300.SS,2025-11-03,-1.3322055402833932,2025-12-02,0,-0.04035694687325994,-0.04035694687325994,-1.5275407081369974,-1.5665658422119486,2,up,510300.SS|2025-07-30,green,-0.11347645077000644,-0.10231122874128508
510300.SS|2025-11-04,510300.SS,2025-11-04,-1.9007391763463999,2025-12-03,0,-0.04035694687325994,-0.04035694687325994,-1.3846357267869247,-1.5665658422119486,2,up,510300.SS|2025-07-30,gray,-0.11347645077000644,-0.4451496244707658
510300.SS|2025-11-05,510300.SS,2025-11-05,-3.080124869927192,2025-12-04,0,-0.04035694687325994,-0.04035694687325994,-1.3846357267869247,-1.5665658422119486,2,up,510300.SS|2025-07-30,gray,-0.11347645077000644,-0.4451496244707658
510300.SS|2025-11-06,510300.SS,2025-11-06,-2.0229405630865727,2025-12-05,0,-0.04035694687325994,-0.04035694687325994,-1.3846357267869247,-1.5665658422119486,2,up,510300.SS|2025-07-30,gray,-0.11347645077000644,-0.4451496244707658
510300.SS|2025-11-07,510300.SS,2025-11-07,-1.5602246723528612,2025-12-08,0,-0.04035694687325994,-0.04035694687325994,-1.5275407081369974,-1.5665658422119486,2,up,510300.SS|2025-07-30,green,-0.11347645077000644,-0.10231122874128508
510300.SS|2025-11-10,510300.SS,2025-11-10,-1.1547344110854896,2025-12-09,0,-0.04035694687325994,-0.04035694687325994,-1.5275407081369974,-1.5665658422119486,2,up,510300.SS|2025-07-30,green,-0.11347645077000644,-0.10231122874128508
510300.SS|2025-11-11,510300.SS,2025-11-11,-1.3221406086044496,2025-12-10,0,-0.04035694687325994,-0.04035694687325994,-1.5275407081369974,-1.5665658422119486,2,up,510300.SS|2025-07-30,green,-0.11347645077000644,-0.10231122874128508
510300.SS|2025-11-12,510300.SS,2025-11-12,-2.99251870324192,2025-12-11,0,-0.04035694687325994,-0.04035694687325994,-1.5275407081369974,-1.5665658422119486,2,up,510300.SS|2025-07-30,green,-0.11347645077000644,-0.10231122874128508
510300.SS|2025-11-13,510300.SS,2025-11-13,-0.9913520354355887,2025-12-12,0,-0.04035694687325994,-0.04035694687325994,-1.5275407081369974,-1.5665658422119486,2,up,510300.SS|2025-07-30,green,-0.11347645077000644,-0.10231122874128508
510300.SS|2025-11-14,510300.SS,2025-11-14,-0.9129511677282709,2025-12-15,0,-0.04035694687325994,-0.04035694687325994,-1.5275407081369974,-1.5665658422119486,2,up,510300.SS|2025-07-30,gray,-0.11347645077000644,-0.4451496244707658
510300.SS|2025-11-17,510300.SS,2025-11-17,-1.345291479820665,2025-12-16,0,-0.04035694687325994,-0.04035694687325994,-1.5275407081369974,-1.5665658422119486,2,up,510300.SS|2025-07-30,gray,-0.11347645077000644,-0.4451496244707658
510300.SS|2025-11-18,510300.SS,2025-11-18,0.042580370449196714,2025-12-17,0,-0.04035694687325994,-0.04035694687325994,-1.3846357267869247,-1.5665658422119486,2,up,510300.SS|2025-07-30,black,-0.11347645077000644,-0.017639882166004203
510300.SS|2025-11-19,510300.SS,2025-11-19,-0.17108639863132602,2025-12-18,0,-0.04035694687325994,-0.04035694687325994,-1.0230279664244868,-1.1475993770133586,2,up,510300.SS|2025-07-30,gray,-0.11347645077000644,-0.4451496244707658
510300.SS|2025-11-20,510300.SS,2025-11-20,2.7169149868536024,2025-12-19,0,-0.04035694687325994,-0.04035694687325994,-1.0230279664244868,-1.1475993770133586,2,up,510300.SS|2025-07-30,black,-0.11347645077000644,-0.017639882166004203
510300.SS|2025-11-21,510300.SS,2025-11-21,3.7963572525784084,2025-12-22,0,-0.04035694687325994,-0.04035694687325994,-1.0230279664244868,-1.048621851247557,2,up,510300.SS|2025-07-30,black,-0.11347645077000644,-0.017639882166004203
510300.SS|2025-11-24,510300.SS,2025-11-24,3.110724385468755,2025-12-23,0,-0.04035694687325994,-0.04035694687325994,-1.0230279664244868,-1.048621851247557,2,up,510300.SS|2025-07-30,black,-0.11347645077000644,-0.017639882166004203
510300.SS|2025-11-25,510300.SS,2025-11-25,2.83182014699519,2025-12-24,0,-0.04035694687325994,-0.04035694687325994,-1.0230279664244868,-1.1475993770133586,2,up,510300.SS|2025-07-30,black,-0.11347645077000644,-0.017639882166004203
510300.SS|2025-11-26,510300.SS,2025-11-26,3.115534400692299,2025-12-25,0,-0.04035694687325994,-0.04035694687325994,-0.5192024271962705,-0.6802517662316472,2,up,510300.SS|2025-07-30,black,-0.11347645077000644,-0.017639882166004203
510300.SS|2025-11-27,510300.SS,2025-11-27,3.2146709816612162,2025-12-26,0,-0.04035694687325994,-0.04035694687325994,-0.5192024271962705,-0.6802517662316472,2,up,510300.SS|2025-07-30,black,-0.11347645077000644,-0.017639882166004203
510300.SS|2025-11-28,510300.SS,2025-11-28,1.6215062940046598,2025-12-29,0,-0.04035694687325994,-0.04035694687325994,-0.5192024271962705,-0.6802517662316472,2,up,510300.SS|2025-07-30,black,-0.11347645077000644,-0.017639882166004203
510300.SS|2025-12-01,510300.SS,2025-12-01,2.29318474067719,2025-12-30,0,-0.04035694687325994,-0.04035694687325994,-0.5192024271962705,-0.6802517662316472,2,up,510300.SS|2025-07-30,gray,-0.11347645077000644,-0.4451496244707658
510300.SS|2025-12-02,510300.SS,2025-12-02,2.3250807319698197,2025-12-31,0,-0.04035694687325994,-0.04035694687325994,-0.5192024271962705,-0.6802517662316472,2,up,510300.SS|2025-07-30,black,-0.11347645077000644,-0.017639882166004203
510500.SS|2025-01-02,510500.SS,2025-01-02,8.250408073993754,2025-02-10,0,-0.04035694687325994,-0.04035694687325994,-0.5192024271962705,0.3953121289769002,2,up,510500.SS|2024-11-11,black,-0.05498823169947953,0.3559493739999787
510500.SS|2025-01-03,510500.SS,2025-01-03,8.08152514334357,2025-02-11,0,-0.04035694687325994,-0.04035694687325994,-0.5192024271962705,0.3953121289769002,2,up,510500.SS|2024-11-11,black,-0.05498823169947953,0.3559493739999787
510500.SS|2025-01-06,510500.SS,2025-01-06,8.361306072627418,2025-02-12,0,-0.04035694687325994,-0.04035694687325994,-0.5192024271962705,0.3953121289769002,2,up,510500.SS|2024-11-11,black,-0.05498823169947953,0.3559493739999787
510500.SS|2025-01-07,510500.SS,2025-01-07,8.279186839318342,2025-02-13,0,-0.04035694687325994,-0.04035694687325994,-0.5192024271962705,0.3953121289769002,2,up,510500.SS|2024-11-11,black,-0.05498823169947953,0.3559493739999787
510500.SS|2025-01-08,510500.SS,2025-01-08,9.20117154479505,2025-02-14,0,-0.04035694687325994,-0.04035694687325994,-0.5192024271962705,0.3953121289769002,2,up,510500.SS|2024-11-11,black,-0.05498823169947953,0.3559493739999787
510500.SS|2025-01-09,510500.SS,2025-01-09,10.673914659538797,2025-02-17,0,-0.04035694687325994,-0.04035694687325994,-0.5192024271962705,0.3953121289769002,2,up,510500.SS|2024-11-11,black,-0.05498823169947953,0.3559493739999787
510500.SS|2025-01-10,510500.SS,2025-01-10,8.632873299380295,2025-02-18,0,-0.04035694687325994,-0.04035694687325994,-0.7932271031746242,-0.10742667025294998,2,up,510500.SS|2024-11-11,black,-0.05498823169947953,0.3559493739999787
510500.SS|2025-01-13,510500.SS,2025-01-13,6.71218314794757,2025-02-19,0,-0.04035694687325994,-0.04035694687325994,-0.7932271031746242,-0.10742667025294998,2,up,510500.SS|2024-11-11,black,-0.05498823169947953,0.3559493739999787
510500.SS|2025-01-14,510500.SS,2025-01-14,7.839937262113228,2025-02-20,0,-0.04035694687325994,-0.04035694687325994,-0.7932271031746242,-0.878310848963939,2,up,510500.SS|2024-11-11,black,-0.05498823169947953,0.3559493739999787
510500.SS|2025-01-15,510500.SS,2025-01-15,9.337186201914417,2025-02-21,0,-0.04035694687325994,-0.04035694687325994,-0.7932271031746242,-0.878310848963939,2,up,510500.SS|2024-11-11,black,-0.05498823169947953,0.3559493739999787
510500.SS|2025-01-16,510500.SS,2025-01-16,8.152660813474322,2025-02-24,0,-0.04035694687325994,-0.04035694687325994,-0.7932271031746242,-0.878310848963939,2,up,510500.SS|2024-11-11,black,-0.05498823169947953,0.3559493739999787
510500.SS|2025-01-17,510500.SS,2025-01-17,6.50855920114124,2025-02-25,0,-0.04035694687325994,-0.04035694687325994,-0.7932271031746242,-0.878310848963939,2,up,510500.SS|2024-11-11,black,-0.05498823169947953,0.3559493739999787
510500.SS|2025-01-20,510500.SS,2025-01-20,7.409381663113024,2025-02-26,0,-0.04035694687325994,-0.04035694687325994,-0.7932271031746242,-0.878310848963939,2,up,510500.SS|2024-11-11,gray,-0.05498823169947953,0.040801727248270386
510500.SS|2025-01-21,510500.SS,2025-01-21,7.526306402710903,2025-02-27,0,-0.04035694687325994,-0.04035694687325994,-0.5192024271962705,-0.3755720497340888,2,up,510500.SS|2024-11-11,gray,-0.05498823169947953,0.040801727248270386
510500.SS|2025-01-22,510500.SS,2025-01-22,5.068051575931243,2025-02-28,0,-0.04035694687325994,-0.04035694687325994,-0.5192024271962705,-0.5538381457885537,2,up,510500.SS|2024-11-11,black,-0.05498823169947953,0.3559493739999787
510500.SS|2025-01-23,510500.SS,2025-01-23,3.9808917197452276,2025-03-03,0,-0.04035694687325994,-0.04035694687325994,-0.5192024271962705,-0.5538381457885537,2,up,510500.SS|2024-11-11,black,-0.05498823169947953,0.3559493739999787
510500.SS|2025-01-24,510500.SS,2025-01-24,6.159355416293644,2025-03-04,0,-0.04035694687325994,-0.04035694687325994,-0.5192024271962705,-0.5538381457885537,2,up,510500.SS|2024-11-11,gray,-0.05498823169947953,0.040801727248270386
510500.SS|2025-01-27,510500.SS,2025-01-27,5.991440798858783,2025-03-05,0,-0.04035694687325994,-0.04035694687325994,-0.5192024271962705,-0.5538381457885537,2,up,510500.SS|2024-11-11,black,-0.05498823169947953,0.3559493739999787
510500.SS|2025-02-05,510500.SS,2025-02-05,5.209059233449476,2025-03-06,0,-0.04035694687325994,-0.04035694687325994,-0.5192024271962705,-0.5538381457885537,2,up,510500.SS|2024-11-11,black,-0.05498823169947953,0.3559493739999787
510500.SS|2025-02-06,510500.SS,2025-02-06,3.1212484993997647,2025-03-07,0,-0.04035694687325994,-0.04035694687325994,-0.5192024271962705,-0.5538381457885537,2,up,510500.SS|2024-11-11,green,-0.05498823169947953,-0.7235210141145574
510500.SS|2025-02-07,510500.SS,2025-02-07,2.108126487589246,2025-03-10,0,-0.04035694687325994,-0.04035694687325994,-0.6621074085463431,-0.5538381457885537,2,up,510500.SS|2024-11-11,green,-0.05498823169947953,-0.7235210141145574
510500.SS|2025-02-10,510500.SS,2025-02-10,3.0209933435739966,2025-03-11,0,-0.04035694687325994,-0.04035694687325994,-0.6621074085463431,-0.5538381457885537,2,up,510500.SS|2024-11-11,green,-0.05498823169947953,-0.7235210141145574
510500.SS|2025-02-11,510500.SS,2025-02-11,1.752021563342332,2025-03-12,0,-0.04035694687325994,-0.04035694687325994,-0.6621074085463431,-0.6616173888039973,2,up,510500.SS|2024-11-11,green,-0.05498823169947953,-0.7235210141145574
510500.SS|2025-02-12,510500.SS,2025-02-12,1.3881835110885588,2025-03-13,0,-0.04035694687325994,-0.04035694687325994,-0.6621074085463431,-0.7562640960377516,2,up,510500.SS|2024-11-11,green,-0.05498823169947953,-0.7235210141145574
510500.SS|2025-02-13,510500.SS,2025-02-13,2.4357466823450524,2025-03-14,0,-0.04035694687325994,-0.04035694687325994,-0.6621074085463431,-0.7562640960377516,2,up,510500.SS|2024-11-11,green,-0.05498823169947953,-0.7235210141145574
510500.SS|2025-02-14,510500.SS,2025-02-14,2.6244952893674345,2025-03-17,0,-0.04035694687325994,-0.04035694687325994,-0.6621074085463431,-0.7562640960377516,2,up,510500.SS|2024-11-11,green,-0.05498823169947953,-0.7235210141145574
510500.SS|2025-02-17,510500.SS,2025-02-17,4.825462012320347,2025-03-18,0,-0.04035694687325994,-0.04035694687325994,-1.1659329477745595,-1.1475993770133586,2,up,510500.SS|2024-11-11,green,-0.05498823169947953,-0.7235210141145574
510500.SS|2025-02-18,510500.SS,2025-02-18,2.7791814047498864,2025-03-19,0,-0.04035694687325994,-0.04035694687325994,-1.1659329477745595,-1.1475993770133586,2,up,510500.SS|2024-11-11,green,-0.05498823169947953,-0.7235210141145574
510500.SS|2025-02-19,510500.SS,2025-02-19,1.814516129032273,2025-03-20,0,-0.04035694687325994,-0.04035694687325994,-1.1659329477745595,-1.1475993770133586,2,up,510500.SS|2024-11-11,green,-0.05498823169947953,-0.7235210141145574
510500.SS|2025-02-20,510500.SS,2025-02-20,-1.4205483977535405,2025-03-21,0,-0.04035694687325994,-0.04035694687325994,-1.1659329477745595,-1.1475993770133586,2,up,510500.SS|2024-11-11,green,-0.05498823169947953,-0.7235210141145574
510500.SS|2025-02-21,510500.SS,2025-02-21,-1.2425447316103178,2025-03-24,0,-0.04035694687325994,-0.04035694687325994,-1.1659329477745595,-1.1475993770133586,2,up,510500.SS|2024-11-11,green,-0.05498823169947953,-0.7235210141145574
510500.SS|2025-02-24,510500.SS,2025-02-24,-0.5357441821529862,2025-03-25,0,-0.04035694687325994,-0.04035694687325994,-1.5275407081369974,-1.5665658422119486,2,up,510500.SS|2024-11-11,green,-0.05498823169947953,-0.7235210141145574
510500.SS|2025-02-25,510500.SS,2025-02-25,-1.720430107526849,2025-03-26,0,-0.04035694687325994,-0.04035694687325994,-1.5275407081369974,-1.5665658422119486,2,up,510500.SS|2024-11-11,green,-0.05498823169947953,-0.7235210141145574
510500.SS|2025-02-26,510500.SS,2025-02-26,-1.2108143970807395,2025-03-27,0,-0.04035694687325994,-0.04035694687325994,-1.5275407081369974,-1.5665658422119486,2,up,510500.SS|2024-11-11,green,-0.05498823169947953,-0.7235210141145574
510500.SS|2025-02-27,510500.SS,2025-02-27,0.715868416567278,2025-03-28,0,-0.04035694687325994,-0.04035694687325994,-1.5275407081369974,-1.5665658422119486,2,up,510500.SS|2024-11-11,green,-0.05498823169947953,-0.7235210141145574
510500.SS|2025-02-28,510500.SS,2025-02-28,-0.3913561340819771,2025-03-31,0,-0.04035694687325994,-0.04035694687325994,-1.5275407081369974,-1.5665658422119486,2,up,510500.SS|2024-11-11,gray,-0.05498823169947953,0.040801727248270386
510500.SS|2025-03-03,510500.SS,2025-03-03,-0.7252487771967964,2025-04-01,0,-0.04035694687325994,-0.04035694687325994,-1.5275407081369974,-1.388299746157484,2,up,510500.SS|2024-11-11,gray,-0.05498823169947953,0.040801727248270386
510500.SS|2025-03-04,510500.SS,2025-03-04,-0.8580080753700869,2025-04-02,0,-0.04035694687325994,-0.04035694687325994,-1.5275407081369974,-1.5665658422119486,2,up,510500.SS|2024-11-11,green,-0.05498823169947953,-0.7235210141145574
510500.SS|2025-03-05,510500.SS,2025-03-05,-3.2621294916376553,2025-04-03,0,-0.04035694687325994,-0.04035694687325994,-1.5275407081369974,-1.388299746157484,2,up,510500.SS|2024-11-11,green,-0.05498823169947953,-0.7235210141145574
510500.SS|2025-03-06,510500.SS,2025-03-06,-12.190254448694471,2025-04-07,0,-0.04035694687325994,-0.04035694687325994,-1.5275407081369974,-1.388299746157484,2,up,510500.SS|2024-11-11,green,-0.05498823169947953,-0.7235210141145574
510500.SS|2025-03-07,510500.SS,2025-03-07,-11.538461538461497,2025-04-08,0,-0.04035694687325994,-0.04035694687325994,-1.5275407081369974,-1.388299746157484,2,up,510500.SS|2024-11-11,green,-0.05498823169947953,-0.7235210141145574
510500.SS|2025-03-10,510500.SS,2025-03-10,-10.072895957587779,2025-04-09,0,-0.04035694687325994,-0.04035694687325994,-1.5275407081369974,-1.388299746157484,2,up,510500.SS|2024-11-11,green,-0.05498823169947953,-0.7235210141145574
510500.SS|2025-03-11,510500.SS,2025-03-11,-8.360927152317855,2025-04-10,0,-0.04035694687325994,-0.04035694687325994,-1.5275407081369974,-1.388299746157484,2,up,510500.SS|2024-11-11,green,-0.05498823169947953,-0.7235210141145574
510500.SS|2025-03-12,510500.SS,2025-03-12,-6.946067790950061,2025-04-11,0,-0.04035694687325994,-0.04035694687325994,-1.5275407081369974,-1.388299746157484,2,up,510500.SS|2024-11-11,green,-0.05498823169947953,-0.7235210141145574
510500.SS|2025-03-13,510500.SS,2025-03-13,-7.887832076090495,2025-04-14,0,-0.04035694687325994,-0.04035694687325994,-1.5275407081369974,-1.388299746157484,2,up,510500.SS|2024-11-11,green,-0.05498823169947953,-0.7235210141145574
510500.SS|2025-03-14,510500.SS,2025-03-14,-8.295081967213092,2025-04-15,0,-0.04035694687325994,-0.04035694687325994,-1.5275407081369974,-1.388299746157484,2,up,510500.SS|2024-11-11,green,-0.05498823169947953,-0.7235210141145574
510500.SS|2025-03-17,510500.SS,2025-03-17,-9.484165850473381,2025-04-16,0,-0.04035694687325994,-0.04035694687325994,-1.5275407081369974,-1.388299746157484,2,up,510500.SS|2024-11-11,green,-0.05498823169947953,-0.7235210141145574
510500.SS|2025-03-18,510500.SS,2025-03-18,-9.078990494919681,2025-04-17,0,-0.04035694687325994,-0.04035694687325994,-1.5275407081369974,-1.388299746157484,3,sideways,510500.SS|2025-03-18,green,-0.05498823169947953,-0.7235210141145574
510500.SS|2025-03-19,510500.SS,2025-03-19,-8.4158415841584,2025-04-18,0,-0.04035694687325994,-0.04035694687325994,-1.5275407081369974,-1.388299746157484,3,sideways,510500.SS|2025-03-18,green,-0.05498823169947953,-0.7235210141145574
510500.SS|2025-03-20,510500.SS,2025-03-20,-5.630026809651456,2025-04-21,0,-0.04035694687325994,-0.04035694687325994,-1.5275407081369974,-1.388299746157484,3,sideways,510500.SS|2025-03-18,green,-0.05498823169947953,-0.7235210141145574
510500.SS|2025-03-21,510500.SS,2025-03-21,-5.770843818151317,2025-04-22,0,-0.04035694687325994,-0.04035694687325994,-1.3846357267869247,-1.5665658422119486,3,sideways,510500.SS|2025-03-18,black,-0.05498823169947953,0.3559493739999787
510500.SS|2025-03-24,510500.SS,2025-03-24,-5.268473320989731,2025-04-23,0,-0.04035694687325994,-0.04035694687325994,-1.3846357267869247,-1.5665658422119486,3,sideways,510500.SS|2025-03-18,black,-0.05498823169947953,0.3559493739999787
510500.SS|2025-03-25,510500.SS,2025-03-25,-5.655613533075243,2025-04-24,0,-0.04035694687325994,-0.04035694687325994,-1.0230279664244868,-1.1475993770133586,3,sideways,510500.SS|2025-03-18,black,-0.05498823169947953,0.3559493739999787
510500.SS|2025-03-26,510500.SS,2025-03-26,-5.624580255204825,2025-04-25,0,-0.04035694687325994,-0.04035694687325994,-1.0230279664244868,-1.1475993770133586,3,sideways,510500.SS|2025-03-18,black,-0.05498823169947953,0.3559493739999787
510500.SS|2025-03-27,510500.SS,2025-03-27,-5.313927906583171,2025-04-28,0,-0.04035694687325994,-0.04035694687325994,-1.0230279664244868,-0.9693332809588933,3,sideways,510500.SS|2025-03-18,black,-0.05498823169947953,0.3559493739999787
510500.SS|2025-03-28,510500.SS,2025-03-28,-4.373078237102835,2025-04-29,0,-0.04035694687325994,-0.04035694687325994,-1.1659329477745595,-1.1475993770133586,3,sideways,510500.SS|2025-03-18,gray,-0.05498823169947953,0.040801727248270386
510500.SS|2025-03-31,510500.SS,2025-03-31,-4.417261297995245,2025-04-30,0,-0.04035694687325994,-0.04035694687325994,-1.0230279664244868,-1.1475993770133586,3,sideways,510500.SS|2025-03-18,black,-0.05498823169947953,0.3559493739999787
510500.SS|2025-04-01,510500.SS,2025-04-01,-2.7150856948922386,2025-05-06,0,-0.04035694687325994,-0.04035694687325994,-1.0230279664244868,-1.1475993770133586,3,sideways,510500.SS|2025-03-18,black,-0.05498823169947953,0.3559493739999787
510500.SS|2025-04-02,510500.SS,2025-04-02,-1.694625128380678,2025-05-07,0,-0.04035694687325994,-0.04035694687325994,-1.0230279664244868,-1.1475993770133586,3,sideways,510500.SS|2025-03-18,black,-0.05498823169947953,0.3559493739999787
510500.SS|2025-04-03,510500.SS,2025-04-03,9.223484848484853,2025-05-08,0,-0.04035694687325994,-0.04035694687325994,-0.23811568701696065,-0.48661175257469097,3,sideways,510500.SS|2025-03-18,black,-0.05498823169947953,0.3559493739999787
510500.SS|2025-04-07,510500.SS,2025-04-07,7.660455486542461,2025-05-09,0,-0.04035694687325994,-0.04035694687325994,-0.5192024271962705,0.21451273598854986,3,sideways,510500.SS|2025-03-18,black,-0.05498823169947953,0.3559493739999787
510500.SS|2025-04-08,510500.SS,2025-04-08,6.705969049373617,2025-05-12,0,-0.04035694687325994,-0.04035694687325994,-0.5192024271962705,0.29052506579465426,3,sideways,510500.SS|2025-03-18,black,-0.05498823169947953,0.3559493739999787
510500.SS|2025-04-09,510500.SS,2025-04-09,4.390243902439028,2025-05-13,0,-0.04035694687325994,-0.04035694687325994,-0.5192024271962705,0.29052506579465426,3,sideways,510500.SS|2025-03-18,black,-0.05498823169947953,0.3559493739999787
510500.SS|2025-04-10,510500.SS,2025-04-10,4.037322806387933,2025-05-14,0,-0.04035694687325994,-0.04035694687325994,-0.5192024271962705,0.29052506579465426,3,sideways,510500.SS|2025-03-18,black,-0.05498823169947953,0.3559493739999787
510500.SS|2025-04-11,510500.SS,2025-04-11,1.8515221648566893,2025-05-15,0,-0.04035694687325994,-0.04035694687325994,-0.5192024271962705,0.29052506579465426,3,sideways,510500.SS|2025-03-18,black,-0.05498823169947953,0.3559493739999787
510500.SS|2025-04-14,510500.SS,2025-04-14,2.0915266356810847,2025-05-16,0,-0.04035694687325994,-0.04035694687325994,-0.5192024271962705,-0.7477700745585935,3,sideways,510500.SS|2025-03-18,black,-0.05498823169947953,0.3559493739999787
510500.SS|2025-04-15,510500.SS,2025-04-15,3.2461677186654603,2025-05-19,0,-0.04035694687325994,-0.04035694687325994,-0.5192024271962705,-0.6399908315431498,3,sideways,510500.SS|2025-03-18,black,-0.05498823169947953,0.3559493739999787
510500.SS|2025-04-16,510500.SS,2025-04-16,3.6229271809661068,2025-05-20,0,-0.04035694687325994,-0.04035694687325994,-0.5192024271962705,-0.2761426037108118,3,sideways,510500.SS|2025-03-18,black,-0.05498823169947953,0.3559493739999787
510500.SS|2025-04-17,510500.SS,2025-04-17,3.711711711711696,2025-05-21,0,-0.04035694687325994,-0.04035694687325994,-0.7932271031746242,-0.7788814029406621,3,sideways,510500.SS|2025-03-18,black,-0.05498823169947953,0.3559493739999787
510500.SS|2025-04-18,510500.SS,2025-04-18,1.4026988636363535,2025-05-22,0,-0.04035694687325994,-0.04035694687325994,-0.7932271031746242,-0.878310848963939,3,sideways,510500.SS|2025-03-18,black,-0.05498823169947953,0.3559493739999787
510500.SS|2025-04-21,510500.SS,2025-04-21,0.8011393982553017,2025-05-23,0,-0.04035694687325994,-0.04035694687325994,-0.7932271031746242,-0.878310848963939,3,sideways,510500.SS|2025-03-18,black,-0.05498823169947953,0.3559493739999787
510500.SS|2025-04-22,510500.SS,2025-04-22,0.764036958066816,2025-05-26,0,-0.04035694687325994,-0.04035694687325994,-0.7932271031746242,-0.878310848963939,3,sideways,510500.SS|2025-03-18,black,-0.05498823169947953,0.3559493739999787
510500.SS|2025-04-23,510500.SS,2025-04-23,0.9277430865298752,2025-05-27,0,-0.04035694687325994,-0.04035694687325994,-0.7932271031746242,-0.878310848963939,3,sideways,510500.SS|2025-03-18,black,-0.05498823169947953,0.3559493739999787
510500.SS|2025-04-24,510500.SS,2025-04-24,0.46255114748263715,2025-05-28,0,-0.04035694687325994,-0.04035694687325994,-0.7932271031746242,-0.878310848963939,3,sideways,510500.SS|2025-03-18,black,-0.05498823169947953,0.3559493739999787
510500.SS|2025-04-25,510500.SS,2025-04-25,2.3592493297586836,2025-05-29,0,-0.04035694687325994,-0.04035694687325994,-0.7932271031746242,-0.878310848963939,3,sideways,510500.SS|2025-03-18,black,-0.05498823169947953,0.3559493739999787
510500.SS|2025-04-28,510500.SS,2025-04-28,1.714898177920654,2025-05-30,0,-0.04035694687325994,-0.04035694687325994,-0.7932271031746242,-0.878310848963939,3,sideways,510500.SS|2025-03-18,black,-0.05498823169947953,0.3559493739999787
510500.SS|2025-04-29,510500.SS,2025-04-29,1.3686455741201309,2025-06-03,0,-0.04035694687325994,-0.04035694687325994,-0.7932271031746242,-0.878310848963939,3,sideways,510500.SS|2025-03-18,black,-0.05498823169947953,0.3559493739999787
510500.SS|2025-04-30,510500.SS,2025-04-30,0.27908599337167495,2025-06-04,0,-0.04035694687325994,-0.04035694687325994,-0.7932271031746242,-0.878310848963939,3,sideways,510500.SS|2025-03-18,black,-0.05498823169947953,0.3559493739999787
510500.SS|2025-05-06,510500.SS,2025-05-06,0.7139125892390519,2025-06-05,0,-0.04035694687325994,-0.04035694687325994,-0.7932271031746242,-0.878310848963939,3,sideways,510500.SS|2025-03-18,gray,-0.05498823169947953,0.040801727248270386
510500.SS|2025-05-07,510500.SS,2025-05-07,0.31212068666548465,2025-06-06,0,-0.04035694687325994,-0.04035694687325994,-0.5192024271962705,-0.3755720497340888,3,sideways,510500.SS|2025-03-18,gray,-0.05498823169947953,0.040801727248270386
510500.SS|2025-05-08,510500.SS,2025-05-08,1.835664335664311,2025-06-09,0,-0.04035694687325994,-0.04035694687325994,-0.6621074085463431,-0.3755720497340888,3,sideways,510500.SS|2025-03-18,green,-0.05498823169947953,-0.7235210141145574
510500.SS|2025-05-09,510500.SS,2025-05-09,-0.258977900552515,2025-06-10,0,-0.04035694687325994,-0.04035694687325994,-0.6621074085463431,-0.3755720497340888,3,sideways,510500.SS|2025-03-18,green,-0.05498823169947953,-0.7235210141145574
510500.SS|2025-05-12,510500.SS,2025-05-12,0.6230529595015355,2025-06-11,0,-0.04035694687325994,-0.04035694687325994,-0.6621074085463431,-0.3755720497340888,3,sideways,510500.SS|2025-03-18,green,-0.05498823169947953,-0.7235210141145574
510500.SS|2025-05-13,510500.SS,2025-05-13,0.46567781993789303,2025-06-12,0,-0.04035694687325994,-0.04035694687325994,-0.3810206683670334,-0.28971127909257627,3,sideways,510500.SS|2025-03-18,green,-0.05498823169947953,-0.7235210141145574
510500.SS|2025-05-14,510500.SS,2025-05-14,0.9613703897919823,2025-06-13,0,-0.04035694687325994,-0.04035694687325994,-0.3810206683670334,-0.3083456565202261,3,sideways,510500.SS|2025-03-18,green,-0.05498823169947953,-0.7235210141145574
510500.SS|2025-05-15,510500.SS,2025-05-15,1.5058658728768881,2025-06-16,0,-0.04035694687325994,-0.04035694687325994,-0.6621074085463431,-0.5779979999832865,3,sideways,510500.SS|2025-03-18,green,-0.05498823169947953,-0.7235210141145574
510500.SS|2025-05-16,510500.SS,2025-05-16,1.0480349344978102,2025-06-17,0,-0.04035694687325994,-0.04035694687325994,-0.6621074085463431,-0.5779979999832865,3,sideways,510500.SS|2025-03-18,green,-0.05498823169947953,-0.7235210141145574
510500.SS|2025-05-19,510500.SS,2025-05-19,0.4696468951121746,2025-06-18,0,-0.04035694687325994,-0.04035694687325994,-0.3810206683670334,-0.3083456565202261,3,sideways,510500.SS|2025-03-18,green,-0.05498823169947953,-0.7235210141145574
510500.SS|2025-05-20,510500.SS,2025-05-20,-0.6601806810285105,2025-06-19,0,-0.04035694687325994,-0.04035694687325994,-0.8848462075952499,-0.7756932673019372,3,sideways,510500.SS|2025-03-18,green,-0.05498823169947953,-0.7235210141145574
510500.SS|2025-05-21,510500.SS,2025-05-21,-0.5603221852565343,2025-06-20,0,-0.04035694687325994,-0.04035694687325994,-0.8848462075952499,-0.7756932673019372,3,sideways,510500.SS|2025-03-18,green,-0.05498823169947953,-0.7235210141145574
510500.SS|2025-05-22,510500.SS,2025-05-22,0.8830801836806623,2025-06-23,0,-0.04035694687325994,-0.04035694687325994,-1.0627967861707253,-1.1229090768879124,3,sideways,510500.SS|2025-03-18,gray,-0.05498823169947953,0.040801727248270386
510500.SS|2025-05-23,510500.SS,2025-05-23,2.3452653852935823,2025-06-24,0,-0.04035694687325994,-0.04035694687325994,-1.0627967861707253,-1.1229090768879124,3,sideways,510500.SS|2025-03-18,gray,-0.05498823169947953,0.040801727248270386
510500.SS|2025-05-26,510500.SS,2025-05-26,4.525366802191977,2025-06-25,0,-0.04035694687325994,-0.04035694687325994,-1.0627967861707253,-1.1229090768879124,3,sideways,510500.SS|2025-03-18,gray,-0.05498823169947953,0.040801727248270386
510500.SS|2025-05-27,510500.SS,2025-05-27,4.26775278909155,2025-06-26,0,-0.04035694687325994,-0.04035694687325994,-1.0627967861707253,-1.1229090768879124,3,sideways,510500.SS|2025-03-18,gray,-0.05498823169947953,0.040801727248270386
510500.SS|2025-05-28,510500.SS,2025-05-28,3.1953902566788983,2025-06-27,0,-0.04035694687325994,-0.04035694687325994,-0.9198918048206528,-1.1229090768879124,3,sideways,510500.SS|2025-03-18,gray,-0.05498823169947953,0.040801727248270386
510500.SS|2025-05-29,510500.SS,2025-05-29,4.724271162627325,2025-06-30,0,-0.04035694687325994,-0.04035694687325994,-1.1659329477745595,-1.1475993770133586,3,sideways,510500.SS|2025-03-18,green,-0.05498823169947953,-0.7235210141145574
510500.SS|2025-05-30,510500.SS,2025-05-30,4.892162019989499,2025-07-01,0,-0.04035694687325994,-0.04035694687325994,-1.1659329477745595,-1.1475993770133586,3,sideways,510500.SS|2025-03-18,gray,-0.05498823169947953,0.040801727248270386
510500.SS|2025-06-03,510500.SS,2025-06-03,3.444077230822784,2025-07-02,0,-0.04035694687325994,-0.04035694687325994,-1.1659329477745595,-1.2236117068194632,3,sideways,510500.SS|2025-03-18,green,-0.05498823169947953,-0.7235210141145574
510500.SS|2025-06-04,510500.SS,2025-06-04,3.2330567081604533,2025-07-03,0,-0.04035694687325994,-0.04035694687325994,-0.7419412262451773,-0.9539593633564023,3,sideways,510500.SS|2025-03-18,green,-0.05498823169947953,-0.7235210141145574
510500.SS|2025-06-05,510500.SS,2025-06-05,3.076923076923088,2025-07-04,0,-0.04035694687325994,-0.04035694687325994,-0.8848462075952499,-1.029971693162507,3,sideways,510500.SS|2025-03-18,green,-0.05498823169947953,-0.7235210141145574
510500.SS|2025-06-06,510500.SS,2025-06-06,2.163090128755396,2025-07-07,0,-0.04035694687325994,-0.04035694687325994,-0.7419412262451773,-1.029971693162507,3,sideways,510500.SS|2025-03-18,green,-0.05498823169947953,-0.7235210141145574
510500.SS|2025-06-09,510500.SS,2025-06-09,4.396745715769446,2025-07-08,0,-0.04035694687325994,-0.04035694687325994,-0.8848462075952499,-0.9539593633564023,3,sideways,510500.SS|2025-03-18,green,-0.05498823169947953,-0.7235210141145574
510500.SS|2025-06-10,510500.SS,2025-06-10,3.285173718610257,2025-07-09,0,-0.04035694687325994,-0.04035694687325994,-0.7419412262451773,-1.029971693162507,3,sideways,510500.SS|2025-03-18,gray,-0.05498823169947953,0.040801727248270386
510500.SS|2025-06-11,510500.SS,2025-06-11,3.6566523605150225,2025-07-10,0,-0.04035694687325994,-0.04035694687325994,-0.8848462075952499,-1.029971693162507,3,sideways,510500.SS|2025-03-18,green,-0.05498823169947953,-0.7235210141145574
510500.SS|2025-06-12,510500.SS,2025-06-12,5.436288088642671,2025-07-11,0,-0.04035694687325994,-0.04035694687325994,-0.7419412262451773,-0.9539593633564023,3,sideways,510500.SS|2025-03-18,green,-0.05498823169947953,-0.7235210141145574
510500.SS|2025-06-13,510500.SS,2025-06-13,4.864585130239796,2025-07-14,0,-0.04035694687325994,-0.04035694687325994,-1.0627967861707253,-1.1229090768879124,3,sideways,510500.SS|2025-03-18,green,-0.05498823169947953,-0.7235210141145574
510500.SS|2025-06-16,510500.SS,2025-06-16,5.047536732930014,2025-07-15,0,-0.04035694687325994,-0.04035694687325994,-1.0627967861707253,-1.1229090768879124,3,sideways,510500.SS|2025-03-18,green,-0.05498823169947953,-0.7235210141145574
510500.SS|2025-06-17,510500.SS,2025-06-17,5.193905817174538,2025-07-16,0,-0.04035694687325994,-0.04035694687325994,-1.0627967861707253,-1.1229090768879124,3,sideways,510500.SS|2025-03-18,green,-0.05498823169947953,-0.7235210141145574
510500.SS|2025-06-18,510500.SS,2025-06-18,7.48513466246945,2025-07-17,0,-0.04035694687325994,-0.04035694687325994,-0.9198918048206528,-1.1229090768879124,3,sideways,510500.SS|2025-03-18,green,-0.05498823169947953,-0.7235210141145574
510500.SS|2025-06-19,510500.SS,2025-06-19,8.557844690966787,2025-07-18,0,-0.04035694687325994,-0.04035694687325994,-0.9198918048206528,-1.1229090768879124,3,sideways,510500.SS|2025-03-18,black,-0.05498823169947953,0.3559493739999787
510500.SS|2025-06-20,510500.SS,2025-06-20,8.998599439775967,2025-07-21,0,-0.04035694687325994,-0.04035694687325994,-0.9198918048206528,-1.1229090768879124,3,sideways,510500.SS|2025-03-18,black,-0.05498823169947953,0.3559493739999787
510500.SS|2025-06-23,510500.SS,2025-06-23,8.407994486561021,2025-07-22,0,-0.04035694687325994,-0.04035694687325994,-0.8848462075952499,-1.029971693162507,3,sideways,510500.SS|2025-03-18,gray,-0.05498823169947953,0.040801727248270386
510500.SS|2025-06-24,510500.SS,2025-06-24,6.037544393708827,2025-07-23,0,-0.04035694687325994,-0.04035694687325994,-0.8848462075952499,-0.9539593633564023,3,sideways,510500.SS|2025-03-18,green,-0.05498823169947953,-0.7235210141145574
510500.SS|2025-06-25,510500.SS,2025-06-25,8.06725543478266,2025-07-24,0,-0.04035694687325994,-0.04035694687325994,-1.1659329477745595,-1.1475993770133586,3,sideways,510500.SS|2025-03-18,green,-0.05498823169947953,-0.7235210141145574
510500.SS|2025-06-26,510500.SS,2025-06-26,7.698815566835937,2025-07-25,0,-0.04035694687325994,-0.04035694687325994,-1.5275407081369974,-1.5665658422119486,3,sideways,510500.SS|2025-03-18,green,-0.05498823169947953,-0.7235210141145574
510500.SS|2025-06-27,510500.SS,2025-06-27,7.177595170216389,2025-07-28,0,-0.04035694687325994,-0.04035694687325994,-1.5275407081369974,-1.5665658422119486,3,sideways,510500.SS|2025-03-18,green,-0.05498823169947953,-0.7235210141145574
510500.SS|2025-06-30,510500.SS,2025-06-30,7.505850885991339,2025-07-29,0,-0.04035694687325994,-0.04035694687325994,-1.5275407081369974,-1.5665658422119486,3,sideways,510500.SS|2025-03-18,green,-0.05498823169947953,-0.7235210141145574
510500.SS|2025-07-01,510500.SS,2025-07-01,7.432318816209871,2025-07-30,0,-0.04035694687325994,-0.04035694687325994,-1.5275407081369974,-1.5665658422119486,3,sideways,510500.SS|2025-03-18,green,-0.05498823169947953,-0.7235210141145574
510500.SS|2025-07-02,510500.SS,2025-07-02,5.459721989616506,2025-07-31,0,-0.04035694687325994,-0.04035694687325994,-1.5275407081369974,-1.5665658422119486,3,sideways,510500.SS|2025-03-18,green,-0.05498823169947953,-0.7235210141145574
510500.SS|2025-07-03,510500.SS,2025-07-03,5.433506624182494,2025-08-01,0,-0.04035694687325994,-0.04035694687325994,-1.5275407081369974,-1.5665658422119486,3,sideways,510500.SS|2025-03-18,green,-0.05498823169947953,-0.7235210141145574
510500.SS|2025-07-04,510500.SS,2025-07-04,6.452697025709986,2025-08-04,0,-0.04035694687325994,-0.04035694687325994,-1.5275407081369974,-1.5665658422119486,3,sideways,510500.SS|2025-03-18,green,-0.05498823169947953,-0.7235210141145574
510500.SS|2025-07-07,510500.SS,2025-07-07,5.720444370751143,2025-08-05,0,-0.04035694687325994,-0.04035694687325994,-1.5275407081369974,-1.5665658422119486,3,sideways,510500.SS|2025-03-18,green,-0.05498823169947953,-0.7235210141145574
510500.SS|2025-07-08,510500.SS,2025-07-08,7.044129891756912,2025-08-06,0,-0.04035694687325994,-0.04035694687325994,-1.5275407081369974,-1.5665658422119486,3,sideways,510500.SS|2025-03-18,green,-0.05498823169947953,-0.7235210141145574
510500.SS|2025-07-09,510500.SS,2025-07-09,6.127856906260387,2025-08-07,0,-0.04035694687325994,-0.04035694687325994,-1.5275407081369974,-1.5665658422119486,3,sideways,510500.SS|2025-03-18,green,-0.05498823169947953,-0.7235210141145574
510500.SS|2025-07-10,510500.SS,2025-07-10,5.041050903119904,2025-08-08,0,-0.04035694687325994,-0.04035694687325994,-1.5275407081369974,-1.5665658422119486,3,sideways,510500.SS|2025-03-18,green,-0.05498823169947953,-0.7235210141145574
510500.SS|2025-07-11,510500.SS,2025-07-11,6.33327849975327,2025-08-11,0,-0.04035694687325994,-0.04035694687325994,-1.5275407081369974,-1.5665658422119486,3,sideways,510500.SS|2025-03-18,green,-0.05498823169947953,-0.7235210141145574
510500.SS|2025-07-14,510500.SS,2025-07-14,6.911304920190897,2025-08-12,0,-0.04035694687325994,-0.04035694687325994,-1.5275407081369974,-1.5665658422119486,3,sideways,510500.SS|2025-03-18,green,-0.05498823169947953,-0.7235210141145574
510500.SS|2025-07-15,510500.SS,2025-07-15,8.327847267939426,2025-08-13,0,-0.04035694687325994,-0.04035694687325994,-1.5275407081369974,-1.5665658422119486,3,sideways,510500.SS|2025-03-18,green,-0.05498823169947953,-0.7235210141145574
510500.SS|2025-07-16,510500.SS,2025-07-16,5.987634233647898,2025-08-14,0,-0.04035694687325994,-0.04035694687325994,-1.5275407081369974,-1.388299746157484,3,sideways,510500.SS|2025-03-18,green,-0.05498823169947953,-0.7235210141145574
510500.SS|2025-07-17,510500.SS,2025-07-17,7.996755879967554,2025-08-15,0,-0.04035694687325994,-0.04035694687325994,-1.246453967957688,-1.1946597325005281,3,sideways,510500.SS|2025-03-18,green,-0.05498823169947953,-0.7235210141145574
510500.SS|2025-07-18,510500.SS,2025-07-18,8.384195309990371,2025-08-18,0,-0.04035694687325994,-0.04035694687325994,-1.246453967957688,-1.1946597325005281,3,sideways,510500.SS|2025-03-18,green,-0.05498823169947953,-0.7235210141145574
510500.SS|2025-07-21,510500.SS,2025-07-21,7.008900190718403,2025-08-19,0,-0.04035694687325994,-0.04035694687325994,-1.246453967957688,-1.1946597325005281,3,sideways,510500.SS|2025-03-18,green,-0.05498823169947953,-0.7235210141145574
510500.SS|2025-07-22,510500.SS,2025-07-22,8.835725677830952,2025-08-20,0,-0.04035694687325994,-0.04035694687325994,-1.246453967957688,-1.1946597325005281,3,sideways,510500.SS|2025-03-18,green,-0.05498823169947953,-0.7235210141145574
510500.SS|2025-07-23,510500.SS,2025-07-23,6.647807637906666,2025-08-21,0,-0.04035694687325994,-0.04035694687325994,-1.246453967957688,-1.1946597325005281,3,sideways,510500.SS|2025-03-18,green,-0.05498823169947953,-0.7235210141145574
510500.SS|2025-07-24,510500.SS,2025-07-24,8.641005498821697,2025-08-22,0,-0.04035694687325994,-0.04035694687325994,-1.246453967957688,-1.1946597325005281,3,sideways,510500.SS|2025-03-18,green,-0.05498823169947953,-0.7235210141145574
510500.SS|2025-07-25,510500.SS,2025-07-25,10.10796432483183,2025-08-25,0,-0.04035694687325994,-0.04035694687325994,-1.246453967957688,-1.1946597325005281,3,sideways,510500.SS|2025-03-18,green,-0.05498823169947953,-0.7235210141145574
510500.SS|2025-07-28,510500.SS,2025-07-28,9.594153319856979,2025-08-26,0,-0.04035694687325994,-0.04035694687325994,-1.246453967957688,-1.1946597325005281,3,sideways,510500.SS|2025-03-18,green,-0.05498823169947953,-0.7235210141145574
510500.SS|2025-07-29,510500.SS,2025-07-29,8.827672562216327,2025-08-27,0,-0.04035694687325994,-0.04035694687325994,-1.246453967957688,-1.1946597325005281,3,sideways,510500.SS|2025-03-18,green,-0.05498823169947953,-0.7235210141145574
510500.SS|2025-07-30,510500.SS,2025-07-30,12.81562648880421,2025-08-28,0,-0.04035694687325994,-0.04035694687325994,-1.246453967957688,-1.1946597325005281,3,sideways,510500.SS|2025-03-18,green,-0.05498823169947953,-0.7235210141145574
510500.SS|2025-07-31,510500.SS,2025-07-31,13.583585175759548,2025-08-29,0,-0.04035694687325994,-0.04035694687325994,-1.246453967957688,-1.1946597325005281,3,sideways,510500.SS|2025-03-18,green,-0.05498823169947953,-0.7235210141145574
510500.SS|2025-08-01,510500.SS,2025-08-01,13.749013417521727,2025-09-01,0,-0.04035694687325994,-0.04035694687325994,-1.246453967957688,-1.1946597325005281,3,sideways,510500.SS|2025-03-18,green,-0.05498823169947953,-0.7235210141145574
510500.SS|2025-08-04,510500.SS,2025-08-04,10.649309912170658,2025-09-02,0,-0.04035694687325994,-0.04035694687325994,-1.246453967957688,-1.1946597325005281,3,sideways,510500.SS|2025-03-18,green,-0.05498823169947953,-0.7235210141145574
510500.SS|2025-08-05,510500.SS,2025-08-05,7.965152457996294,2025-09-03,0,-0.04035694687325994,-0.04035694687325994,-1.246453967957688,-1.1946597325005281,3,sideways,510500.SS|2025-03-18,green,-0.05498823169947953,-0.7235210141145574
510500.SS|2025-08-06,510500.SS,2025-08-06,5.789637952559334,2025-09-04,0,-0.04035694687325994,-0.04035694687325994,-1.246453967957688,-1.1946597325005281,3,sideways,510500.SS|2025-03-18,green,-0.05498823169947953,-0.7235210141145574
510500.SS|2025-08-07,510500.SS,2025-08-07,9.598249179302831,2025-09-05,0,-0.04035694687325994,-0.04035694687325994,-1.246453967957688,-1.1946597325005281,3,sideways,510500.SS|2025-03-18,green,-0.05498823169947953,-0.7235210141145574
510500.SS|2025-08-08,510500.SS,2025-08-08,9.421410891089167,2025-09-08,0,-0.04035694687325994,-0.04035694687325994,-1.246453967957688,-1.1946597325005281,2,up,510500.SS|2025-08-08,green,-0.05498823169947953,-0.7235210141145574
510500.SS|2025-08-11,510500.SS,2025-08-11,7.834385100815822,2025-09-09,0,-0.04035694687325994,-0.04035694687325994,-1.246453967957688,-1.1946597325005281,2,up,510500.SS|2025-08-08,green,-0.05498823169947953,-0.7235210141145574
510500.SS|2025-08-12,510500.SS,2025-08-12,6.396232148283265,2025-09-10,0,-0.04035694687325994,-0.04035694687325994,-1.246453967957688,-1.1946597325005281,2,up,510500.SS|2025-08-08,green,-0.05498823169947953,-0.7235210141145574
510500.SS|2025-08-13,510500.SS,2025-08-13,10.899600859686887,2025-09-11,0,-0.04035694687325994,-0.04035694687325994,-1.246453967957688,-1.1946597325005281,2,up,510500.SS|2025-08-08,green,-0.05498823169947953,-0.7235210141145574
510500.SS|2025-08-14,510500.SS,2025-08-14,8.771402823670815,2025-09-12,0,-0.04035694687325994,-0.04035694687325994,-1.5275407081369974,-1.388299746157484,2,up,510500.SS|2025-08-08,green,-0.05498823169947953,-0.7235210141145574
510500.SS|2025-08-15,510500.SS,2025-08-15,7.083580320094907,2025-09-15,0,-0.04035694687325994,-0.04035694687325994,-1.5275407081369974,-1.388299746157484,2,up,510500.SS|2025-08-08,green,-0.05498823169947953,-0.7235210141145574
510500.SS|2025-08-18,510500.SS,2025-08-18,8.15386900341608,2025-09-16,0,-0.04035694687325994,-0.04035694687325994,-1.5275407081369974,-1.388299746157484,2,up,510500.SS|2025-08-08,green,-0.05498823169947953,-0.7235210141145574
510500.SS|2025-08-19,510500.SS,2025-08-19,7.810668229777318,2025-09-17,0,-0.04035694687325994,-0.04035694687325994,-1.5275407081369974,-1.388299746157484,2,up,510500.SS|2025-08-08,green,-0.05498823169947953,-0.7235210141145574
510500.SS|2025-08-20,510500.SS,2025-08-20,7.456528146183383,2025-09-18,0,-0.04035694687325994,-0.04035694687325994,-1.5275407081369974,-1.388299746157484,2,up,510500.SS|2025-08-08,green,-0.05498823169947953,-0.7235210141145574
510500.SS|2025-08-21,510500.SS,2025-08-21,5.003615328994981,2025-09-19,0,-0.04035694687325994,-0.04035694687325994,-1.5275407081369974,-1.388299746157484,2,up,510500.SS|2025-08-08,green,-0.05498823169947953,-0.7235210141145574
510500.SS|2025-08-22,510500.SS,2025-08-22,3.9931789114679983,2025-09-22,0,-0.04035694687325994,-0.04035694687325994,-1.5275407081369974,-1.388299746157484,2,up,510500.SS|2025-08-08,green,-0.05498823169947953,-0.7235210141145574
510500.SS|2025-08-25,510500.SS,2025-08-25,3.2491486946651937,2025-09-23,0,-0.04035694687325994,-0.04035694687325994,-1.5275407081369974,-1.388299746157484,2,up,510500.SS|2025-08-08,green,-0.05498823169947953,-0.7235210141145574
510500.SS|2025-08-26,510500.SS,2025-08-26,6.889112613260506,2025-09-24,0,-0.04035694687325994,-0.04035694687325994,-1.5275407081369974,-1.388299746157484,2,up,510500.SS|2025-08-08,green,-0.05498823169947953,-0.7235210141145574
510500.SS|2025-08-27,510500.SS,2025-08-27,4.743806306306331,2025-09-25,0,-0.04035694687325994,-0.04035694687325994,-1.5275407081369974,-1.388299746157484,2,up,510500.SS|2025-08-08,green,-0.05498823169947953,-0.7235210141145574
510500.SS|2025-08-28,510500.SS,2025-08-28,2.7307099845959915,2025-09-26,0,-0.04035694687325994,-0.04035694687325994,-1.5275407081369974,-1.388299746157484,2,up,510500.SS|2025-08-08,green,-0.05498823169947953,-0.7235210141145574
510500.SS|2025-08-29,510500.SS,2025-08-29,3.552595059672514,2025-09-29,0,-0.04035694687325994,-0.04035694687325994,-1.5275407081369974,-1.388299746157484,2,up,510500.SS|2025-08-08,green,-0.05498823169947953,-0.7235210141145574
510500.SS|2025-09-01,510500.SS,2025-09-01,6.576895818568418,2025-09-30,0,-0.04035694687325994,-0.04035694687325994,-1.5275407081369974,-1.388299746157484,2,up,510500.SS|2025-08-08,green,-0.05498823169947953,-0.7235210141145574
510500.SS|2025-09-02,510500.SS,2025-09-02,10.216138328530278,2025-10-09,0,-0.04035694687325994,-0.04035694687325994,-1.5275407081369974,-1.388299746157484,2,up,510500.SS|2025-08-08,green,-0.05498823169947953,-0.7235210141145574
510500.SS|2025-09-03,510500.SS,2025-09-03,10.709544180557629,2025-10-10,0,-0.04035694687325994,-0.04035694687325994,-1.5275407081369974,-1.388299746157484,2,up,510500.SS|2025-08-08,green,-0.05498823169947953,-0.7235210141145574
510500.SS|2025-09-04,510500.SS,2025-09-04,6.532591641705898,2025-10-13,0,-0.04035694687325994,-0.04035694687325994,-1.5275407081369974,-1.388299746157484,1,up,510500.SS|2025-08-08,gray,-0.05498823169947953,0.040801727248270386
510500.SS|2025-09-05,510500.SS,2025-09-05,3.053866817474926,2025-10-14,0,-0.04035694687325994,-0.04035694687325994,-1.5275407081369974,-1.388299746157484,1,up,510500.SS|2025-08-08,green,-0.05498823169947953,-0.7235210141145574
510500.SS|2025-09-08,510500.SS,2025-09-08,5.523836711390251,2025-10-15,0,-0.04035694687325994,-0.04035694687325994,-1.5275407081369974,-1.388299746157484,1,up,510500.SS|2025-08-08,green,-0.05498823169947953,-0.7235210141145574
510500.SS|2025-09-09,510500.SS,2025-09-09,4.755104955019296,2025-10-16,0,-0.04035694687325994,-0.04035694687325994,-1.5275407081369974,-1.388299746157484,1,up,510500.SS|2025-08-08,green,-0.05498823169947953,-0.7235210141145574
510500.SS|2025-09-10,510500.SS,2025-09-10,-1.5227021040974398,2025-10-17,0,-0.04035694687325994,-0.04035694687325994,-1.5275407081369974,-1.388299746157484,1,up,510500.SS|2025-08-08,green,-0.05498823169947953,-0.7235210141145574
510500.SS|2025-09-11,510500.SS,2025-09-11,-1.1322838994752726,2025-10-20,0,-0.04035694687325994,-0.04035694687325994,-1.5275407081369974,-1.388299746157484,1,up,510500.SS|2025-08-08,green,-0.05498823169947953,-0.7235210141145574
510500.SS|2025-09-12,510500.SS,2025-09-12,0.7473014115693344,2025-10-21,0,-0.04035694687325994,-0.04035694687325994,-1.5275407081369974,-1.388299746157484,1,up,510500.SS|2025-08-08,green,-0.05498823169947953,-0.7235210141145574
510500.SS|2025-09-15,510500.SS,2025-09-15,-0.796484482285087,2025-10-22,0,-0.04035694687325994,-0.04035694687325994,-1.5275407081369974,-1.388299746157484,1,up,510500.SS|2025-08-08,green,-0.05498823169947953,-0.7235210141145574
510500.SS|2025-09-16,510500.SS,2025-09-16,-1.4679896697023298,2025-10-23,0,-0.04035694687325994,-0.04035694687325994,-1.5275407081369974,-1.388299746157484,1,up,510500.SS|2025-08-08,green,-0.05498823169947953,-0.7235210141145574
510500.SS|2025-09-17,510500.SS,2025-09-17,1.0559517279209896,2025-10-24,0,-0.04035694687325994,-0.04035694687325994,-1.5275407081369974,-1.388299746157484,2,up,510500.SS|2025-08-08,green,-0.05498823169947953,-0.7235210141145574
510500.SS|2025-09-18,510500.SS,2025-09-18,2.988569067621505,2025-10-27,0,-0.04035694687325994,-0.04035694687325994,-1.5275407081369974,-1.388299746157484,2,up,510500.SS|2025-08-08,green,-0.05498823169947953,-0.7235210141145574
510500.SS|2025-09-19,510500.SS,2025-09-19,1.680787100300618,2025-10-28,0,-0.04035694687325994,-0.04035694687325994,-1.5275407081369974,-1.388299746157484,2,up,510500.SS|2025-08-08,green,-0.05498823169947953,-0.7235210141145574
510500.SS|2025-09-22,510500.SS,2025-09-22,4.3561907379414455,2025-10-29,0,-0.04035694687325994,-0.04035694687325994,-1.5275407081369974,-1.388299746157484,2,up,510500.SS|2025-08-08,green,-0.05498823169947953,-0.7235210141145574
510500.SS|2025-09-23,510500.SS,2025-09-23,0.8745963401507018,2025-10-30,0,-0.04035694687325994,-0.04035694687325994,-1.5275407081369974,-1.388299746157484,2,up,510500.SS|2025-08-08,green,-0.05498823169947953,-0.7235210141145574
510500.SS|2025-09-24,510500.SS,2025-09-24,-0.06719526945302423,2025-10-31,0,-0.04035694687325994,-0.04035694687325994,-1.5275407081369974,-1.388299746157484,2,up,510500.SS|2025-08-08,green,-0.05498823169947953,-0.7235210141145574
510500.SS|2025-09-25,510500.SS,2025-09-25,1.4040348964013072,2025-11-03,0,-0.04035694687325994,-0.04035694687325994,-1.5275407081369974,-1.388299746157484,2,up,510500.SS|2025-08-08,green,-0.05498823169947953,-0.7235210141145574
510500.SS|2025-09-26,510500.SS,2025-09-26,-1.9967837041007797,2025-11-04,0,-0.04035694687325994,-0.04035694687325994,-1.5275407081369974,-1.388299746157484,2,up,510500.SS|2025-08-08,green,-0.05498823169947953,-0.7235210141145574
510500.SS|2025-09-29,510500.SS,2025-09-29,-2.513632131932453,2025-11-05,0,-0.04035694687325994,-0.04035694687325994,-1.5275407081369974,-1.388299746157484,2,up,510500.SS|2025-08-08,green,-0.05498823169947953,-0.7235210141145574
510500.SS|2025-09-30,510500.SS,2025-09-30,-2.588573669760763,2025-11-06,0,-0.04035694687325994,-0.04035694687325994,-1.5275407081369974,-1.388299746157484,2,up,510500.SS|2025-08-08,green,-0.05498823169947953,-0.7235210141145574
510500.SS|2025-10-09,510500.SS,2025-10-09,-0.8660892738174719,2025-11-07,0,-0.04035694687325994,-0.04035694687325994,-1.5275407081369974,-1.388299746157484,2,up,510500.SS|2025-08-08,green,-0.05498823169947953,-0.7235210141145574
510500.SS|2025-10-10,510500.SS,2025-10-10,-0.2811621368322581,2025-11-10,0,-0.04035694687325994,-0.04035694687325994,-1.5275407081369974,-1.388299746157484,2,up,510500.SS|2025-08-08,green,-0.05498823169947953,-0.7235210141145574
510500.SS|2025-10-13,510500.SS,2025-10-13,1.4405268212374533,2025-11-11,0,-0.04035694687325994,-0.04035694687325994,-1.5275407081369974,-1.388299746157484,2,up,510500.SS|2025-08-08,green,-0.05498823169947953,-0.7235210141145574
510500.SS|2025-10-14,510500.SS,2025-10-14,-0.5004734208034822,2025-11-12,0,-0.04035694687325994,-0.04035694687325994,-1.5275407081369974,-1.388299746157484,2,up,510500.SS|2025-08-08,gray,-0.05498823169947953,0.040801727248270386
510500.SS|2025-10-15,510500.SS,2025-10-15,1.758451472191891,2025-11-13,0,-0.04035694687325994,-0.04035694687325994,-1.5275407081369974,-1.388299746157484,2,up,510500.SS|2025-08-08,green,-0.05498823169947953,-0.7235210141145574
510500.SS|2025-10-16,510500.SS,2025-10-16,3.1487208321618887,2025-11-14,0,-0.04035694687325994,-0.04035694687325994,-1.5275407081369974,-1.388299746157484,2,up,510500.SS|2025-08-08,green,-0.05498823169947953,-0.7235210141145574
510500.SS|2025-10-17,510500.SS,2025-10-17,2.4581005586591598,2025-11-17,0,-0.04035694687325994,-0.04035694687325994,-1.3846357267869247,-1.2027176143796103,2,up,510500.SS|2025-08-08,black,-0.05498823169947953,0.3559493739999787
510500.SS|2025-10-20,510500.SS,2025-10-20,-0.24725274725279078,2025-11-18,0,-0.04035694687325994,-0.04035694687325994,-1.3846357267869247,-1.5665658422119486,2,up,510500.SS|2025-08-08,black,-0.05498823169947953,0.3559493739999787
510500.SS|2025-10-21,510500.SS,2025-10-21,0.041528239202603956,2025-11-19,0,-0.04035694687325994,-0.04035694687325994,-1.5275407081369974,-1.5665658422119486,2,up,510500.SS|2025-08-08,gray,-0.05498823169947953,0.040801727248270386
510500.SS|2025-10-22,510500.SS,2025-10-22,-1.0898054904125098,2025-11-20,0,-0.04035694687325994,-0.04035694687325994,-1.0230279664244868,-1.1475993770133586,2,up,510500.SS|2025-08-08,black,-0.05498823169947953,0.3559493739999787
510500.SS|2025-10-23,510500.SS,2025-10-23,-6.065951960917371,2025-11-21,0,-0.04035694687325994,-0.04035694687325994,-1.0230279664244868,-1.1475993770133586,2,up,510500.SS|2025-08-08,black,-0.05498823169947953,0.3559493739999787
510500.SS|2025-10-24,510500.SS,2025-10-24,-6.793260230008036,2025-11-24,0,-0.04035694687325994,-0.04035694687325994,-1.1659329477745595,-1.1475993770133586,2,up,510500.SS|2025-08-08,green,-0.05498823169947953,-0.7235210141145574
510500.SS|2025-10-27,510500.SS,2025-10-27,-5.200913855664558,2025-11-25,0,-0.04035694687325994,-0.04035694687325994,-1.1659329477745595,-1.1475993770133586,2,up,510500.SS|2025-08-08,green,-0.05498823169947953,-0.7235210141145574
510500.SS|2025-10-28,510500.SS,2025-10-28,-6.966025809849896,2025-11-26,0,-0.04035694687325994,-0.04035694687325994,-1.1659329477745595,-1.1475993770133586,2,up,510500.SS|2025-08-08,green,-0.05498823169947953,-0.7235210141145574
510500.SS|2025-10-29,510500.SS,2025-10-29,-5.9623849539815925,2025-11-27,0,-0.04035694687325994,-0.04035694687325994,-1.1659329477745595,-1.1475993770133586,2,up,510500.SS|2025-08-08,green,-0.05498823169947953,-0.7235210141145574
510500.SS|2025-10-30,510500.SS,2025-10-30,-4.047875201721363,2025-11-28,0,-0.04035694687325994,-0.04035694687325994,-1.1659329477745595,-1.1475993770133586,2,up,510500.SS|2025-08-08,green,-0.05498823169947953,-0.7235210141145574
510500.SS|2025-10-31,510500.SS,2025-10-31,-3.185912084957654,2025-12-01,0,-0.04035694687325994,-0.04035694687325994,-1.0230279664244868,-1.1475993770133586,2,up,510500.SS|2025-08-08,gray,-0.05498823169947953,0.040801727248270386
510500.SS|2025-11-03,510500.SS,2025-11-03,-2.3519759332695123,2025-12-02,0,-0.04035694687325994,-0.04035694687325994,-1.1659329477745595,-1.1475993770133586,2,up,510500.SS|2025-08-08,green,-0.05498823169947953,-0.7235210141145574
510500.SS|2025-11-04,510500.SS,2025-11-04,-3.0968622100954746,2025-12-03,0,-0.04035694687325994,-0.04035694687325994,-1.0230279664244868,-1.1475993770133586,2,up,510500.SS|2025-08-08,black,-0.05498823169947953,0.3559493739999787
510500.SS|2025-11-05,510500.SS,2025-11-05,-4.375251644074584,2025-12-04,0,-0.04035694687325994,-0.04035694687325994,-1.0230279664244868,-1.1475993770133586,2,up,510500.SS|2025-08-08,black,-0.05498823169947953,0.3559493739999787
510500.SS|2025-11-06,510500.SS,2025-11-06,-3.0107526881720137,2025-12-05,0,-0.04035694687325994,-0.04035694687325994,-1.0230279664244868,-1.1475993770133586,2,up,510500.SS|2025-08-08,gray,-0.05498823169947953,0.040801727248270386
510500.SS|2025-11-07,510500.SS,2025-11-07,-2.282491944146048,2025-12-08,0,-0.04035694687325994,-0.04035694687325994,-1.0230279664244868,-1.1475993770133586,2,up,510500.SS|2025-08-08,gray,-0.05498823169947953,0.040801727248270386
510500.SS|2025-11-10,510500.SS,2025-11-10,-2.2991614822828965,2025-12-09,0,-0.04035694687325994,-0.04035694687325994,-1.0230279664244868,-1.1475993770133586,2,up,510500.SS|2025-08-08,gray,-0.05498823169947953,0.040801727248270386
510500.SS|2025-11-11,510500.SS,2025-11-11,-1.2642740619901782,2025-12-10,0,-0.04035694687325994,-0.04035694687325994,-1.1659329477745595,-1.1475993770133586,2,up,510500.SS|2025-08-08,green,-0.05498823169947953,-0.7235210141145574
510500.SS|2025-11-12,510500.SS,2025-11-12,-3.536503683857972,2025-12-11,0,-0.04035694687325994,-0.04035694687325994,-1.0230279664244868,-1.1475993770133586,2,up,510500.SS|2025-08-08,black,-0.05498823169947953,0.3559493739999787
510500.SS|2025-11-13,510500.SS,2025-11-13,-0.7222676478603862,2025-12-12,0,-0.04035694687325994,-0.04035694687325994,-1.1659329477745595,-1.1475993770133586,2,up,510500.SS|2025-08-08,green,-0.05498823169947953,-0.7235210141145574
510500.SS|2025-11-14,510500.SS,2025-11-14,-1.3631406761177245,2025-12-15,0,-0.04035694687325994,-0.04035694687325994,-1.1659329477745595,-1.1475993770133586,2,up,510500.SS|2025-08-08,gray,-0.05498823169947953,0.040801727248270386
510500.SS|2025-11-17,510500.SS,2025-11-17,-1.8727623244284897,2025-12-16,0,-0.04035694687325994,-0.04035694687325994,-1.1659329477745595,-1.1475993770133586,2,up,510500.SS|2025-08-08,gray,-0.05498823169947953,0.040801727248270386
510500.SS|2025-11-18,510500.SS,2025-11-18,0.44278400442789856,2025-12-17,0,-0.04035694687325994,-0.04035694687325994,-1.0230279664244868,-1.1475993770133586,2,up,510500.SS|2025-08-08,black,-0.05498823169947953,0.3559493739999787
510500.SS|2025-11-19,510500.SS,2025-11-19,0.7112970711297573,2025-12-18,0,-0.04035694687325994,-0.04035694687325994,-1.0230279664244868,-1.1475993770133586,2,up,510500.SS|2025-08-08,gray,-0.05498823169947953,0.040801727248270386
510500.SS|2025-11-20,510500.SS,2025-11-20,5.258595781566067,2025-12-19,0,-0.04035694687325994,-0.04035694687325994,-1.0230279664244868,-1.1475993770133586,2,up,510500.SS|2025-08-08,black,-0.05498823169947953,0.3559493739999787
510500.SS|2025-11-21,510500.SS,2025-11-21,5.710186513629889,2025-12-22,0,-0.04035694687325994,-0.04035694687325994,-1.0230279664244868,-0.0906698592324608,2,up,510500.SS|2025-08-08,black,-0.05498823169947953,0.3559493739999787
510500.SS|2025-11-24,510500.SS,2025-11-24,4.536433229373449,2025-12-23,0,-0.04035694687325994,-0.04035694687325994,-0.5192024271962705,0.3766777515492505,2,up,510500.SS|2025-08-08,black,-0.05498823169947953,0.3559493739999787
510500.SS|2025-11-25,510500.SS,2025-11-25,5.732484076433164,2025-12-24,0,-0.04035694687325994,-0.04035694687325994,-0.5192024271962705,-0.316403538399309,2,up,510500.SS|2025-08-08,black,-0.05498823169947953,0.3559493739999787
510500.SS|2025-11-26,510500.SS,2025-11-26,6.8652482269504045,2025-12-25,0,-0.04035694687325994,-0.04035694687325994,-0.5192024271962705,-0.6616173888039973,2,up,510500.SS|2025-08-08,black,-0.05498823169947953,0.3559493739999787
510500.SS|2025-11-27,510500.SS,2025-11-27,6.236860546601308,2025-12-26,0,-0.04035694687325994,-0.04035694687325994,-0.5192024271962705,-0.5538381457885537,2,up,510500.SS|2025-08-08,black,-0.05498823169947953,0.3559493739999787
510500.SS|2025-11-28,510500.SS,2025-11-28,4.804221049708457,2025-12-29,0,-0.04035694687325994,-0.04035694687325994,-0.5192024271962705,-0.5538381457885537,2,up,510500.SS|2025-08-08,black,-0.05498823169947953,0.3559493739999787
510500.SS|2025-12-01,510500.SS,2025-12-01,6.161602016524337,2025-12-30,0,-0.04035694687325994,-0.04035694687325994,-0.5192024271962705,-0.5538381457885537,2,up,510500.SS|2025-08-08,black,-0.05498823169947953,0.3559493739999787
510500.SS|2025-12-02,510500.SS,2025-12-02,6.8281008024778655,2025-12-31,0,-0.04035694687325994,-0.04035694687325994,-0.5192024271962705,-0.5538381457885537,2,up,510500.SS|2025-08-08,black,-0.05498823169947953,0.3559493739999787
512170.SS|2025-01-02,512170.SS,2025-01-02,6.9841269841269815,2025-02-10,0,-0.04035694687325994,-0.04035694687325994,0.36561722868477053,0.98852223391147,2,up,512170.SS|2024-11-14,black,-1.0193268734064391,0.172675693399356
512170.SS|2025-01-03,512170.SS,2025-01-03,5.714285714285716,2025-02-11,0,-0.04035694687325994,-0.04035694687325994,0.36561722868477053,0.98852223391147,2,up,512170.SS|2024-11-14,black,-1.0193268734064391,0.172675693399356
512170.SS|2025-01-06,512170.SS,2025-01-06,6.709265175718859,2025-02-12,0,-0.04035694687325994,-0.04035694687325994,-1.1983656173219877,-0.562639863038196,2,up,512170.SS|2024-11-14,black,-1.0193268734064391,0.172675693399356
512170.SS|2025-01-07,512170.SS,2025-01-07,7.7669902912621325,2025-02-13,0,-0.04035694687325994,-0.04035694687325994,-0.7682377813798992,-0.32028874110302963,2,up,512170.SS|2024-11-14,black,-1.0193268734064391,0.172675693399356
512170.SS|2025-01-08,512170.SS,2025-01-08,13.311688311688318,2025-02-14,0,-0.04035694687325994,-0.04035694687325994,-1.1983656173219877,-0.562639863038196,2,up,512170.SS|2024-11-14,black,-1.0193268734064391,0.172675693399356
512170.SS|2025-01-09,512170.SS,2025-01-09,16.77631578947367,2025-02-17,0,-0.04035694687325994,-0.04035694687325994,-0.8299168796272993,-0.19809874078883077,2,up,512170.SS|2024-11-14,black,-1.0193268734064391,0.172675693399356
512170.SS|2025-01-10,512170.SS,2025-01-10,13.114754098360649,2025-02-18,0,-0.04035694687325994,-0.04035694687325994,-0.8299168796272993,-0.19809874078883077,2,up,512170.SS|2024-11-14,black,-1.0193268734064391,0.172675693399356
512170.SS|2025-01-13,512170.SS,2025-01-13,10.7936507936508,2025-02-19,0,-0.04035694687325994,-0.04035694687325994,2.3316905531201884,3.0949560196196266,2,up,512170.SS|2024-11-14,black,-1.0193268734064391,0.172675693399356
512170.SS|2025-01-14,512170.SS,2025-01-14,16.129032258064502,2025-02-20,0,-0.04035694687325994,-0.04035694687325994,0.6932887821757625,0.20331721796508856,2,up,512170.SS|2024-11-14,black,-1.0193268734064391,0.172675693399356
512170.SS|2025-01-15,512170.SS,2025-01-15,17.041800643086823,2025-02-21,0,-0.04035694687325994,-0.04035694687325994,2.4096696895427003,2.5702307098984982,2,up,512170.SS|2024-11-14,black,-1.0193268734064391,0.172675693399356
512170.SS|2025-01-16,512170.SS,2025-01-16,14.469453376205777,2025-02-24,0,-0.04035694687325994,-0.04035694687325994,2.4096696895427003,2.5702307098984982,2,up,512170.SS|2024-11-14,black,-1.0193268734064391,0.172675693399356
512170.SS|2025-01-17,512170.SS,2025-01-17,11.146496815286632,2025-02-25,0,-0.04035694687325994,-0.04035694687325994,1.1234166181178509,0.8095165677325928,2,up,512170.SS|2024-11-14,black,-1.0193268734064391,0.172675693399356
512170.SS|2025-01-20,512170.SS,2025-01-20,12.779552715654962,2025-02-26,0,-0.04035694687325994,-0.04035694687325994,4.229077198246883,3.4097558646406028,2,up,512170.SS|2024-11-14,black,-1.0193268734064391,0.172675693399356
512170.SS|2025-01-21,512170.SS,2025-01-21,13.22580645161291,2025-02-27,0,-0.04035694687325994,-0.04035694687325994,4.229077198246883,3.4097558646406028,2,up,512170.SS|2024-11-14,black,-1.0193268734064391,0.172675693399356
512170.SS|2025-01-22,512170.SS,2025-01-22,10.322580645161295,2025-02-28,0,-0.04035694687325994,-0.04035694687325994,4.229077198246883,3.4097558646406028,2,up,512170.SS|2024-11-14,black,-1.0193268734064391,0.172675693399356
512170.SS|2025-01-23,512170.SS,2025-01-23,10.89743589743588,2025-03-03,0,-0.04035694687325994,-0.04035694687325994,2.4096696895427003,1.621080435133044,2,up,512170.SS|2024-11-14,black,-1.0193268734064391,0.172675693399356
512170.SS|2025-01-24,512170.SS,2025-01-24,12.218649517684877,2025-03-04,0,-0.04035694687325994,-0.04035694687325994,1.1234166181178509,0.4456683399002549,2,up,512170.SS|2024-11-14,black,-1.0193268734064391,0.172675693399356
512170.SS|2025-01-27,512170.SS,2025-01-27,10.223642172523984,2025-03-05,0,-0.04035694687325994,-0.04035694687325994,0.6932887821757625,0.20331721796508856,2,up,512170.SS|2024-11-14,black,-1.0193268734064391,0.172675693399356
512170.SS|2025-02-05,512170.SS,2025-02-05,10.65830721003136,2025-03-06,0,-0.04035694687325994,-0.04035694687325994,1.1234166181178509,0.4456683399002549,2,up,512170.SS|2024-11-14,black,-1.0193268734064391,0.172675693399356
512170.SS|2025-02-06,512170.SS,2025-02-06,6.0975609756097615,2025-03-07,0,-0.04035694687325994,-0.04035694687325994,2.4096696895427003,1.621080435133044,2,up,512170.SS|2024-11-14,gray,-1.0193268734064391,-2.905262069316655
512170.SS|2025-02-07,512170.SS,2025-02-07,3.857566765578624,2025-03-10,0,-0.04035694687325994,-0.04035694687325994,-0.6827663352900495,-0.8397439990202392,2,up,512170.SS|2024-11-14,green,-1.0193268734064391,-2.3915999268494157
512170.SS|2025-02-10,512170.SS,2025-02-10,5.105105105105112,2025-03-11,0,-0.04035694687325994,-0.04035694687325994,-0.6827663352900495,-0.8397439990202392,2,up,512170.SS|2024-11-14,green,-1.0193268734064391,-2.3915999268494157
512170.SS|2025-02-11,512170.SS,2025-02-11,3.592814371257491,2025-03-12,0,-0.04035694687325994,-0.04035694687325994,-0.5460739330002288,-0.8737470190319141,2,up,512170.SS|2024-11-14,green,-1.0193268734064391,-2.3915999268494157
512170.SS|2025-02-12,512170.SS,2025-02-12,3.003003003003002,2025-03-13,0,-0.04035694687325994,-0.04035694687325994,-0.0913706729899848,-0.6376639782291751,2,up,512170.SS|2024-11-14,green,-1.0193268734064391,-2.3915999268494157
512170.SS|2025-02-13,512170.SS,2025-02-13,0.8595988538681931,2025-03-14,0,-0.04035694687325994,-0.04035694687325994,0.22271224733469785,-0.448959844334867,2,up,512170.SS|2024-11-14,green,-1.0193268734064391,-2.3915999268494157
512170.SS|2025-02-14,512170.SS,2025-02-14,-1.1267605633802802,2025-03-17,0,-0.04035694687325994,-0.04035694687325994,-0.6827663352900495,-1.0421699492694372,2,up,512170.SS|2024-11-14,green,-1.0193268734064391,-2.3915999268494157
512170.SS|2025-02-17,512170.SS,2025-02-17,3.4782608695652195,2025-03-18,0,-0.04035694687325994,-0.04035694687325994,-0.6827663352900495,-0.9661576194633327,2,up,512170.SS|2024-11-14,green,-1.0193268734064391,-2.3915999268494157
512170.SS|2025-02-18,512170.SS,2025-02-18,1.7191977077363862,2025-03-19,0,-0.04035694687325994,-0.04035694687325994,-0.6827663352900495,-0.9661576194633327,2,up,512170.SS|2024-11-14,green,-1.0193268734064391,-2.3915999268494157
512170.SS|2025-02-19,512170.SS,2025-02-19,-2.777777777777768,2025-03-20,0,-0.04035694687325994,-0.04035694687325994,-0.6827663352900495,-0.9661576194633327,2,up,512170.SS|2024-11-14,green,-1.0193268734064391,-2.3915999268494157
512170.SS|2025-02-20,512170.SS,2025-02-20,-5.769230769230771,2025-03-21,0,-0.04035694687325994,-0.04035694687325994,-1.4066425208432116,-1.5475449923711733,2,up,512170.SS|2024-11-14,green,-1.0193268734064391,-2.3915999268494157
512170.SS|2025-02-21,512170.SS,2025-02-21,-4.49438202247191,2025-03-24,0,-0.04035694687325994,-0.04035694687325994,-1.4066425208432116,-1.5475449923711733,2,up,512170.SS|2024-11-14,green,-1.0193268734064391,-2.3915999268494157
512170.SS|2025-02-24,512170.SS,2025-02-24,-2.2922636103151928,2025-03-25,0,-0.04035694687325994,-0.04035694687325994,-1.4066425208432116,-1.5475449923711733,2,up,512170.SS|2024-11-14,green,-1.0193268734064391,-2.3915999268494157
512170.SS|2025-02-25,512170.SS,2025-02-25,-3.682719546742208,2025-03-26,0,-0.04035694687325994,-0.04035694687325994,-1.4066425208432116,-1.5475449923711733,2,up,512170.SS|2024-11-14,green,-1.0193268734064391,-2.3915999268494157
512170.SS|2025-02-26,512170.SS,2025-02-26,-1.9943019943019946,2025-03-27,0,-0.04035694687325994,-0.04035694687325994,-1.4066425208432116,-1.5475449923711733,2,up,512170.SS|2024-11-14,green,-1.0193268734064391,-2.3915999268494157
512170.SS|2025-02-27,512170.SS,2025-02-27,-0.29239766081871066,2025-03-28,0,-0.04035694687325994,-0.04035694687325994,-1.7682502812056498,-1.966511457569763,2,up,512170.SS|2024-11-14,green,-1.0193268734064391,-2.3915999268494157
512170.SS|2025-02-28,512170.SS,2025-02-28,-2.8901734104046173,2025-03-31,0,-0.04035694687325994,-0.04035694687325994,-1.7682502812056498,-1.766758290092674,2,up,512170.SS|2024-11-14,gray,-1.0193268734064391,-2.905262069316655
512170.SS|2025-03-03,512170.SS,2025-03-03,-1.4326647564469885,2025-04-01,0,-0.04035694687325994,-0.04035694687325994,-1.7682502812056498,-1.766758290092674,2,up,512170.SS|2024-11-14,green,-1.0193268734064391,-2.3915999268494157
512170.SS|2025-03-04,512170.SS,2025-03-04,-0.8695652173913104,2025-04-02,0,-0.04035694687325994,-0.04035694687325994,-1.7682502812056498,-1.766758290092674,2,up,512170.SS|2024-11-14,green,-1.0193268734064391,-2.3915999268494157
512170.SS|2025-03-05,512170.SS,2025-03-05,-4.532577903682711,2025-04-03,0,-0.04035694687325994,-0.04035694687325994,-1.7682502812056498,-1.766758290092674,3,sideways,512170.SS|2025-03-05,green,-1.0193268734064391,-2.3915999268494157
512170.SS|2025-03-06,512170.SS,2025-03-06,-12.356321839080453,2025-04-07,0,-0.04035694687325994,-0.04035694687325994,-1.7682502812056498,-1.966511457569763,3,sideways,512170.SS|2025-03-05,green,-1.0193268734064391,-2.3915999268494157
512170.SS|2025-03-07,512170.SS,2025-03-07,-12.0,2025-04-08,0,-0.04035694687325994,-0.04035694687325994,-1.7682502812056498,-1.966511457569763,3,sideways,512170.SS|2025-03-05,green,-1.0193268734064391,-2.3915999268494157
512170.SS|2025-03-10,512170.SS,2025-03-10,-11.71428571428571,2025-04-09,0,-0.04035694687325994,-0.04035694687325994,-1.7682502812056498,-1.966511457569763,3,sideways,512170.SS|2025-03-05,green,-1.0193268734064391,-2.3915999268494157
512170.SS|2025-03-11,512170.SS,2025-03-11,-8.959537572254328,2025-04-10,0,-0.04035694687325994,-0.04035694687325994,-1.7682502812056498,-1.966511457569763,3,sideways,512170.SS|2025-03-05,green,-1.0193268734064391,-2.3915999268494157
512170.SS|2025-03-12,512170.SS,2025-03-12,-8.163265306122447,2025-04-11,0,-0.04035694687325994,-0.04035694687325994,-1.7682502812056498,-1.966511457569763,3,sideways,512170.SS|2025-03-05,green,-1.0193268734064391,-2.3915999268494157
512170.SS|2025-03-13,512170.SS,2025-03-13,-10.22727272727273,2025-04-14,0,-0.04035694687325994,-0.04035694687325994,-1.7682502812056498,-1.766758290092674,3,sideways,512170.SS|2025-03-05,gray,-1.0193268734064391,-2.905262069316655
512170.SS|2025-03-14,512170.SS,2025-03-14,-10.541310541310544,2025-04-15,0,-0.04035694687325994,-0.04035694687325994,-1.7682502812056498,-1.766758290092674,3,sideways,512170.SS|2025-03-05,green,-1.0193268734064391,-2.3915999268494157
512170.SS|2025-03-17,512170.SS,2025-03-17,-13.165266106442575,2025-04-16,0,-0.04035694687325994,-0.04035694687325994,-1.625345299855577,-1.6806056043380777,3,sideways,512170.SS|2025-03-05,gray,-1.0193268734064391,-2.905262069316655
512170.SS|2025-03-18,512170.SS,2025-03-18,-12.394366197183093,2025-04-17,0,-0.04035694687325994,-0.04035694687325994,-1.7682502812056498,-1.6806056043380777,3,sideways,512170.SS|2025-03-05,green,-1.0193268734064391,-2.3915999268494157
512170.SS|2025-03-19,512170.SS,2025-03-19,-11.428571428571432,2025-04-18,0,-0.04035694687325994,-0.04035694687325994,-1.7682502812056498,-1.6806056043380777,3,sideways,512170.SS|2025-03-05,green,-1.0193268734064391,-2.3915999268494157
512170.SS|2025-03-20,512170.SS,2025-03-20,-8.746355685131203,2025-04-21,0,-0.04035694687325994,-0.04035694687325994,-1.625345299855577,-1.6806056043380777,3,sideways,512170.SS|2025-03-05,gray,-1.0193268734064391,-2.905262069316655
512170.SS|2025-03-21,512170.SS,2025-03-21,-7.941176470588241,2025-04-22,0,-0.04035694687325994,-0.04035694687325994,-1.625345299855577,-1.6806056043380777,3,sideways,512170.SS|2025-03-05,black,-1.0193268734064391,0.172675693399356
512170.SS|2025-03-24,512170.SS,2025-03-24,-8.211143695014666,2025-04-23,0,-0.04035694687325994,-0.04035694687325994,-1.625345299855577,-1.6806056043380777,3,sideways,512170.SS|2025-03-05,black,-1.0193268734064391,0.172675693399356
512170.SS|2025-03-25,512170.SS,2025-03-25,-7.941176470588241,2025-04-24,0,-0.04035694687325994,-0.04035694687325994,-1.263737539493139,-1.2616391391394879,4,down,512170.SS|2025-03-25,black,-1.0193268734064391,0.172675693399356
512170.SS|2025-03-26,512170.SS,2025-03-26,-8.720930232558144,2025-04-25,0,-0.04035694687325994,-0.04035694687325994,-1.263737539493139,-1.2616391391394879,4,down,512170.SS|2025-03-25,black,-1.0193268734064391,0.172675693399356
512170.SS|2025-03-27,512170.SS,2025-03-27,-8.797653958944274,2025-04-28,0,-0.04035694687325994,-0.04035694687325994,-1.263737539493139,-1.2616391391394879,4,down,512170.SS|2025-03-25,black,-1.0193268734064391,0.172675693399356
512170.SS|2025-03-28,512170.SS,2025-03-28,-6.25,2025-04-29,0,-0.04035694687325994,-0.04035694687325994,-1.263737539493139,-1.2616391391394879,4,down,512170.SS|2025-03-25,black,-1.0193268734064391,0.172675693399356
512170.SS|2025-03-31,512170.SS,2025-03-31,-7.848837209302328,2025-04-30,0,-0.04035694687325994,-0.04035694687325994,-1.263737539493139,-1.2616391391394879,4,down,512170.SS|2025-03-25,black,-1.0193268734064391,0.172675693399356
512170.SS|2025-04-01,512170.SS,2025-04-01,-5.847953216374268,2025-05-06,0,-0.04035694687325994,-0.04035694687325994,-1.263737539493139,-1.2616391391394879,4,down,512170.SS|2025-03-25,black,-1.0193268734064391,0.172675693399356
512170.SS|2025-04-02,512170.SS,2025-04-02,-4.747774480712175,2025-05-07,0,-0.04035694687325994,-0.04035694687325994,-0.5398613539399769,-0.6802517662316472,4,down,512170.SS|2025-03-25,black,-1.0193268734064391,0.172675693399356
512170.SS|2025-04-03,512170.SS,2025-04-03,5.573770491803276,2025-05-08,0,-0.04035694687325994,-0.04035694687325994,-0.5398613539399769,-0.6802517662316472,4,down,512170.SS|2025-03-25,black,-1.0193268734064391,0.172675693399356
512170.SS|2025-04-07,512170.SS,2025-04-07,3.8961038961038863,2025-05-09,0,-0.04035694687325994,-0.04035694687325994,-0.5398613539399769,0.21451273598854986,4,down,512170.SS|2025-03-25,black,-1.0193268734064391,0.172675693399356
512170.SS|2025-04-08,512170.SS,2025-04-08,3.8834951456310662,2025-05-12,0,-0.04035694687325994,-0.04035694687325994,-0.5398613539399769,0.29052506579465426,4,down,512170.SS|2025-03-25,black,-1.0193268734064391,0.172675693399356
512170.SS|2025-04-09,512170.SS,2025-04-09,3.4920634920634797,2025-05-13,0,-0.04035694687325994,-0.04035694687325994,-0.5398613539399769,0.30915944322230415,4,down,512170.SS|2025-03-25,black,-1.0193268734064391,0.172675693399356
512170.SS|2025-04-10,512170.SS,2025-04-10,3.809523809523796,2025-05-14,0,-0.04035694687325994,-0.04035694687325994,-0.5398613539399769,0.30915944322230415,4,down,512170.SS|2025-03-25,black,-1.0193268734064391,0.172675693399356
512170.SS|2025-04-11,512170.SS,2025-04-11,2.5316455696202667,2025-05-15,0,-0.04035694687325994,-0.04035694687325994,-0.5398613539399769,0.30915944322230415,3,sideways,512170.SS|2025-04-11,black,-1.0193268734064391,0.172675693399356
512170.SS|2025-04-14,512170.SS,2025-04-14,2.547770700636942,2025-05-16,0,-0.04035694687325994,-0.04035694687325994,-0.5398613539399769,0.30915944322230415,3,sideways,512170.SS|2025-04-11,black,-1.0193268734064391,0.172675693399356
512170.SS|2025-04-15,512170.SS,2025-04-15,3.548387096774186,2025-05-19,0,-0.04035694687325994,-0.04035694687325994,-0.5398613539399769,0.10940627574521468,3,sideways,512170.SS|2025-04-11,black,-1.0193268734064391,0.172675693399356
512170.SS|2025-04-16,512170.SS,2025-04-16,4.5016077170418,2025-05-20,0,-0.04035694687325994,-0.04035694687325994,-0.5398613539399769,0.10940627574521468,3,sideways,512170.SS|2025-04-11,black,-1.0193268734064391,0.172675693399356
512170.SS|2025-04-17,512170.SS,2025-04-17,5.161290322580636,2025-05-21,0,-0.04035694687325994,-0.04035694687325994,-1.0279113428602005,-0.39333252348463543,3,sideways,512170.SS|2025-04-11,black,-1.0193268734064391,0.172675693399356
512170.SS|2025-04-18,512170.SS,2025-04-18,3.514376996805124,2025-05-22,0,-0.04035694687325994,-0.04035694687325994,-1.0279113428602005,-0.39333252348463543,3,sideways,512170.SS|2025-04-11,black,-1.0193268734064391,0.172675693399356
512170.SS|2025-04-21,512170.SS,2025-04-21,4.153354632587858,2025-05-23,0,-0.04035694687325994,-0.04035694687325994,-1.0279113428602005,-0.39333252348463543,3,sideways,512170.SS|2025-04-11,black,-1.0193268734064391,0.172675693399356
512170.SS|2025-04-22,512170.SS,2025-04-22,3.194888178913735,2025-05-26,0,-0.04035694687325994,-0.04035694687325994,-1.0279113428602005,-0.9786345704177513,3,sideways,512170.SS|2025-04-11,black,-1.0193268734064391,0.172675693399356
512170.SS|2025-04-23,512170.SS,2025-04-23,3.514376996805124,2025-05-27,0,-0.04035694687325994,-0.04035694687325994,-1.0279113428602005,-1.34248279825009,3,sideways,512170.SS|2025-04-11,black,-1.0193268734064391,0.172675693399356
512170.SS|2025-04-24,512170.SS,2025-04-24,2.547770700636942,2025-05-28,0,-0.04035694687325994,-0.04035694687325994,-1.0279113428602005,-1.34248279825009,3,sideways,512170.SS|2025-04-11,black,-1.0193268734064391,0.172675693399356
512170.SS|2025-04-25,512170.SS,2025-04-25,5.787781350482302,2025-05-29,0,-0.04035694687325994,-0.04035694687325994,-1.0279113428602005,-1.34248279825009,3,sideways,512170.SS|2025-04-11,black,-1.0193268734064391,0.172675693399356
512170.SS|2025-04-28,512170.SS,2025-04-28,4.1269841269841345,2025-05-30,0,-0.04035694687325994,-0.04035694687325994,-1.0279113428602005,-1.34248279825009,3,sideways,512170.SS|2025-04-11,black,-1.0193268734064391,0.172675693399356
512170.SS|2025-04-29,512170.SS,2025-04-29,4.731861198738163,2025-06-03,0,-0.04035694687325994,-0.04035694687325994,-1.0279113428602005,-1.34248279825009,3,sideways,512170.SS|2025-04-11,black,-1.0193268734064391,0.172675693399356
512170.SS|2025-04-30,512170.SS,2025-04-30,3.7267080745341685,2025-06-04,0,-0.04035694687325994,-0.04035694687325994,-1.0279113428602005,-1.34248279825009,3,sideways,512170.SS|2025-04-11,black,-1.0193268734064391,0.172675693399356
512170.SS|2025-05-06,512170.SS,2025-05-06,3.738317757009346,2025-06-05,0,-0.04035694687325994,-0.04035694687325994,-1.0279113428602005,-1.34248279825009,3,sideways,512170.SS|2025-04-11,gray,-1.0193268734064391,-2.905262069316655
512170.SS|2025-05-07,512170.SS,2025-05-07,2.4844720496894457,2025-06-06,0,-0.04035694687325994,-0.04035694687325994,-0.5398613539399769,-0.8397439990202392,3,sideways,512170.SS|2025-04-11,gray,-1.0193268734064391,-2.905262069316655
512170.SS|2025-05-08,512170.SS,2025-05-08,4.6875,2025-06-09,0,-0.04035694687325994,-0.04035694687325994,-1.3412705986720606,-0.8397439990202392,3,sideways,512170.SS|2025-04-11,green,-1.0193268734064391,-2.3915999268494157
512170.SS|2025-05-09,512170.SS,2025-05-09,4.049844236760114,2025-06-10,0,-0.04035694687325994,-0.04035694687325994,-1.3412705986720606,-0.8397439990202392,3,sideways,512170.SS|2025-04-11,green,-1.0193268734064391,-2.3915999268494157
512170.SS|2025-05-12,512170.SS,2025-05-12,2.4539877300613577,2025-06-11,0,-0.04035694687325994,-0.04035694687325994,-1.3412705986720606,-0.8397439990202392,3,sideways,512170.SS|2025-04-11,green,-1.0193268734064391,-2.3915999268494157
512170.SS|2025-05-13,512170.SS,2025-05-13,2.752293577981657,2025-06-12,0,-0.04035694687325994,-0.04035694687325994,-1.3412705986720606,-0.9475232420356828,3,sideways,512170.SS|2025-04-11,green,-1.0193268734064391,-2.3915999268494157
512170.SS|2025-05-14,512170.SS,2025-05-14,2.1604938271605034,2025-06-13,0,-0.04035694687325994,-0.04035694687325994,-1.3412705986720606,-0.9661576194633327,3,sideways,512170.SS|2025-04-11,green,-1.0193268734064391,-2.3915999268494157
512170.SS|2025-05-15,512170.SS,2025-05-15,2.1739130434782705,2025-06-16,0,-0.04035694687325994,-0.04035694687325994,-1.3412705986720606,-1.0421699492694372,3,sideways,512170.SS|2025-04-11,green,-1.0193268734064391,-2.3915999268494157
512170.SS|2025-05-16,512170.SS,2025-05-16,1.869158878504673,2025-06-17,0,-0.04035694687325994,-0.04035694687325994,-1.6632459684575174,-1.008860516066794,3,sideways,512170.SS|2025-04-11,green,-1.0193268734064391,-2.3915999268494157
512170.SS|2025-05-19,512170.SS,2025-05-19,-0.3076923076923088,2025-06-18,0,-0.04035694687325994,-0.04035694687325994,-1.0601838584927505,-0.5626240823807954,3,sideways,512170.SS|2025-04-11,gray,-1.0193268734064391,-2.905262069316655
512170.SS|2025-05-20,512170.SS,2025-05-20,-1.8404907975460127,2025-06-19,0,-0.04035694687325994,-0.04035694687325994,-1.3412705986720606,-0.7562640960377516,3,sideways,512170.SS|2025-04-11,green,-1.0193268734064391,-2.3915999268494157
512170.SS|2025-05-21,512170.SS,2025-05-21,-1.5432098765432167,2025-06-20,0,-0.04035694687325994,-0.04035694687325994,-2.565072732586155,-1.3972794194683547,3,sideways,512170.SS|2025-04-11,green,-1.0193268734064391,-2.3915999268494157
512170.SS|2025-05-22,512170.SS,2025-05-22,-1.5337423312883458,2025-06-23,0,-0.04035694687325994,-0.04035694687325994,-2.373251983024684,-1.2260335498434987,3,sideways,512170.SS|2025-04-11,green,-1.0193268734064391,-2.3915999268494157
512170.SS|2025-05-23,512170.SS,2025-05-23,0.3095975232198178,2025-06-24,0,-0.04035694687325994,-0.04035694687325994,-2.478022837473855,-1.4645918726826725,3,sideways,512170.SS|2025-04-11,green,-1.0193268734064391,-2.3915999268494157
512170.SS|2025-05-26,512170.SS,2025-05-26,1.2345679012345734,2025-06-25,0,-0.04035694687325994,-0.04035694687325994,-2.243097362800698,-1.4305888526709978,3,sideways,512170.SS|2025-04-11,green,-1.0193268734064391,-2.3915999268494157
512170.SS|2025-05-27,512170.SS,2025-05-27,0.9316770186335477,2025-06-26,0,-0.04035694687325994,-0.04035694687325994,-2.478022837473855,-1.4645918726826725,3,sideways,512170.SS|2025-04-11,green,-1.0193268734064391,-2.3915999268494157
512170.SS|2025-05-28,512170.SS,2025-05-28,-0.911854103343468,2025-06-27,0,-0.04035694687325994,-0.04035694687325994,-2.478022837473855,-1.4645918726826725,3,sideways,512170.SS|2025-04-11,gray,-1.0193268734064391,-2.905262069316655
512170.SS|2025-05-29,512170.SS,2025-05-29,0.9146341463414753,2025-06-30,0,-0.04035694687325994,-0.04035694687325994,-2.426754544587661,-1.7566179341441823,3,sideways,512170.SS|2025-04-11,green,-1.0193268734064391,-2.3915999268494157
512170.SS|2025-05-30,512170.SS,2025-05-30,0.30120481927709,2025-07-01,0,-0.04035694687325994,-0.04035694687325994,-2.604705123163136,-1.8495553178695876,3,sideways,512170.SS|2025-04-11,green,-1.0193268734064391,-2.3915999268494157
512170.SS|2025-06-03,512170.SS,2025-06-03,-0.8982035928143617,2025-07-02,0,-0.04035694687325994,-0.04035694687325994,-2.604705123163136,-1.8495553178695876,3,sideways,512170.SS|2025-04-11,green,-1.0193268734064391,-2.3915999268494157
512170.SS|2025-06-04,512170.SS,2025-06-04,-0.30030030030029353,2025-07-03,0,-0.04035694687325994,-0.04035694687325994,-2.426754544587661,-1.6806056043380777,3,sideways,512170.SS|2025-04-11,green,-1.0193268734064391,-2.3915999268494157
512170.SS|2025-06-05,512170.SS,2025-06-05,0.60606060606061,2025-07-04,0,-0.04035694687325994,-0.04035694687325994,-2.94668245803887,-2.1752173436519113,3,sideways,512170.SS|2025-04-11,green,-1.0193268734064391,-2.3915999268494157
512170.SS|2025-06-06,512170.SS,2025-06-06,-1.7910447761193993,2025-07-07,0,-0.04035694687325994,-0.04035694687325994,-2.604705123163136,-1.8495553178695876,3,sideways,512170.SS|2025-04-11,green,-1.0193268734064391,-2.3915999268494157
512170.SS|2025-06-09,512170.SS,2025-06-09,-0.5988023952095745,2025-07-08,0,-0.04035694687325994,-0.04035694687325994,-2.426754544587661,-1.7566179341441823,3,sideways,512170.SS|2025-04-11,green,-1.0193268734064391,-2.3915999268494157
512170.SS|2025-06-10,512170.SS,2025-06-10,-0.29940119760478723,2025-07-09,0,-0.04035694687325994,-0.04035694687325994,-2.426754544587661,-1.7566179341441823,3,sideways,512170.SS|2025-04-11,green,-1.0193268734064391,-2.3915999268494157
512170.SS|2025-06-11,512170.SS,2025-06-11,-0.29761904761904656,2025-07-10,0,-0.04035694687325994,-0.04035694687325994,-2.426754544587661,-1.7566179341441823,3,sideways,512170.SS|2025-04-11,green,-1.0193268734064391,-2.3915999268494157
512170.SS|2025-06-12,512170.SS,2025-06-12,3.0211480362537735,2025-07-11,0,-0.04035694687325994,-0.04035694687325994,-2.426754544587661,-1.6806056043380777,3,sideways,512170.SS|2025-04-11,green,-1.0193268734064391,-2.3915999268494157
512170.SS|2025-06-13,512170.SS,2025-06-13,3.3434650455927084,2025-07-14,0,-0.04035694687325994,-0.04035694687325994,-2.94668245803887,-2.1752173436519113,3,sideways,512170.SS|2025-04-11,green,-1.0193268734064391,-2.3915999268494157
512170.SS|2025-06-16,512170.SS,2025-06-16,3.669724770642202,2025-07-15,0,-0.04035694687325994,-0.04035694687325994,-2.94668245803887,-2.1752173436519113,3,sideways,512170.SS|2025-04-11,gray,-1.0193268734064391,-2.905262069316655
512170.SS|2025-06-17,512170.SS,2025-06-17,5.246913580246915,2025-07-16,0,-0.04035694687325994,-0.04035694687325994,-3.1816079327120272,-2.209220363663586,3,sideways,512170.SS|2025-04-11,gray,-1.0193268734064391,-2.905262069316655
512170.SS|2025-06-18,512170.SS,2025-06-18,7.8125,2025-07-17,0,-0.04035694687325994,-0.04035694687325994,-3.0387029513619543,-2.209220363663586,4,down,512170.SS|2025-06-18,black,-1.0193268734064391,0.172675693399356
512170.SS|2025-06-19,512170.SS,2025-06-19,9.090909090909104,2025-07-18,0,-0.04035694687325994,-0.04035694687325994,-2.335117856123782,-1.4645918726826725,4,down,512170.SS|2025-06-18,black,-1.0193268734064391,0.172675693399356
512170.SS|2025-06-20,512170.SS,2025-06-20,8.411214953271017,2025-07-21,0,-0.04035694687325994,-0.04035694687325994,-2.100192381450625,-1.4305888526709978,4,down,512170.SS|2025-06-18,black,-1.0193268734064391,0.172675693399356
512170.SS|2025-06-23,512170.SS,2025-06-23,8.024691358024683,2025-07-22,0,-0.04035694687325994,-0.04035694687325994,-2.100192381450625,-1.4305888526709978,4,down,512170.SS|2025-06-18,black,-1.0193268734064391,0.172675693399356
512170.SS|2025-06-24,512170.SS,2025-06-24,7.92682926829269,2025-07-23,0,-0.04035694687325994,-0.04035694687325994,-2.100192381450625,-1.4305888526709978,4,down,512170.SS|2025-06-18,gray,-1.0193268734064391,-2.905262069316655
512170.SS|2025-06-25,512170.SS,2025-06-25,11.99999999999999,2025-07-24,0,-0.04035694687325994,-0.04035694687325994,-2.065146784225223,-1.3376514689455925,4,down,512170.SS|2025-06-18,green,-1.0193268734064391,-2.3915999268494157
512170.SS|2025-06-26,512170.SS,2025-06-26,12.576687116564411,2025-07-25,0,-0.04035694687325994,-0.04035694687325994,-2.243097362800698,-1.4305888526709978,4,down,512170.SS|2025-06-18,gray,-1.0193268734064391,-2.905262069316655
512170.SS|2025-06-27,512170.SS,2025-06-27,11.178247734138957,2025-07-28,0,-0.04035694687325994,-0.04035694687325994,-1.9222418028751498,-1.3376514689455925,4,down,512170.SS|2025-06-18,black,-1.0193268734064391,0.172675693399356
512170.SS|2025-06-30,512170.SS,2025-06-30,13.213213213213226,2025-07-29,0,-0.04035694687325994,-0.04035694687325994,-2.065146784225223,-1.2616391391394879,4,down,512170.SS|2025-06-18,green,-1.0193268734064391,-2.3915999268494157
512170.SS|2025-07-01,512170.SS,2025-07-01,13.293051359516618,2025-07-30,0,-0.04035694687325994,-0.04035694687325994,-1.9222418028751498,-1.2616391391394879,4,down,512170.SS|2025-06-18,green,-1.0193268734064391,-2.3915999268494157
512170.SS|2025-07-02,512170.SS,2025-07-02,11.144578313252996,2025-07-31,0,-0.04035694687325994,-0.04035694687325994,-1.9222418028751498,-1.2616391391394879,4,down,512170.SS|2025-06-18,gray,-1.0193268734064391,-2.905262069316655
512170.SS|2025-07-03,512170.SS,2025-07-03,10.542168674698793,2025-08-01,0,-0.04035694687325994,-0.04035694687325994,-1.9222418028751498,-1.2616391391394879,4,down,512170.SS|2025-06-18,gray,-1.0193268734064391,-2.905262069316655
512170.SS|2025-07-04,512170.SS,2025-07-04,11.550151975683875,2025-08-04,0,-0.04035694687325994,-0.04035694687325994,-2.065146784225223,-1.2616391391394879,4,down,512170.SS|2025-06-18,green,-1.0193268734064391,-2.3915999268494157
512170.SS|2025-07-07,512170.SS,2025-07-07,10.843373493975905,2025-08-05,0,-0.04035694687325994,-0.04035694687325994,-1.9222418028751498,-1.2616391391394879,4,down,512170.SS|2025-06-18,gray,-1.0193268734064391,-2.905262069316655
512170.SS|2025-07-08,512170.SS,2025-07-08,10.510510510510507,2025-08-06,0,-0.04035694687325994,-0.04035694687325994,-1.9222418028751498,-1.2616391391394879,4,down,512170.SS|2025-06-18,gray,-1.0193268734064391,-2.905262069316655
512170.SS|2025-07-09,512170.SS,2025-07-09,10.149253731343277,2025-08-07,0,-0.04035694687325994,-0.04035694687325994,-1.9222418028751498,-1.2616391391394879,4,down,512170.SS|2025-06-18,gray,-1.0193268734064391,-2.905262069316655
512170.SS|2025-07-10,512170.SS,2025-07-10,7.331378299120228,2025-08-08,0,-0.04035694687325994,-0.04035694687325994,-1.9222418028751498,-1.2616391391394879,4,down,512170.SS|2025-06-18,gray,-1.0193268734064391,-2.905262069316655
512170.SS|2025-07-11,512170.SS,2025-07-11,9.411764705882364,2025-08-11,0,-0.04035694687325994,-0.04035694687325994,-2.065146784225223,-1.2616391391394879,4,down,512170.SS|2025-06-18,green,-1.0193268734064391,-2.3915999268494157
512170.SS|2025-07-14,512170.SS,2025-07-14,10.029498525073755,2025-08-12,0,-0.04035694687325994,-0.04035694687325994,-2.065146784225223,-1.2616391391394879,4,down,512170.SS|2025-06-18,green,-1.0193268734064391,-2.3915999268494157
512170.SS|2025-07-15,512170.SS,2025-07-15,11.143695014662768,2025-08-13,0,-0.04035694687325994,-0.04035694687325994,-2.065146784225223,-1.2616391391394879,4,down,512170.SS|2025-06-18,green,-1.0193268734064391,-2.3915999268494157
512170.SS|2025-07-16,512170.SS,2025-07-16,8.405797101449263,2025-08-14,0,-0.04035694687325994,-0.04035694687325994,-2.065146784225223,-1.2616391391394879,4,down,512170.SS|2025-06-18,green,-1.0193268734064391,-2.3915999268494157
512170.SS|2025-07-17,512170.SS,2025-07-17,8.62068965517242,2025-08-15,0,-0.04035694687325994,-0.04035694687325994,-2.065146784225223,-1.2616391391394879,4,down,512170.SS|2025-06-18,green,-1.0193268734064391,-2.3915999268494157
512170.SS|2025-07-18,512170.SS,2025-07-18,9.482758620689658,2025-08-18,0,-0.04035694687325994,-0.04035694687325994,-2.426754544587661,-1.6806056043380777,3,sideways,512170.SS|2025-07-18,green,-1.0193268734064391,-2.3915999268494157
512170.SS|2025-07-21,512170.SS,2025-07-21,8.000000000000007,2025-08-19,0,-0.04035694687325994,-0.04035694687325994,-2.426754544587661,-1.6806056043380777,3,sideways,512170.SS|2025-07-18,green,-1.0193268734064391,-2.3915999268494157
512170.SS|2025-07-22,512170.SS,2025-07-22,7.34463276836157,2025-08-20,0,-0.04035694687325994,-0.04035694687325994,-2.426754544587661,-1.6806056043380777,3,sideways,512170.SS|2025-07-18,green,-1.0193268734064391,-2.3915999268494157
512170.SS|2025-07-23,512170.SS,2025-07-23,4.94505494505495,2025-08-21,0,-0.04035694687325994,-0.04035694687325994,-2.426754544587661,-1.6806056043380777,3,sideways,512170.SS|2025-07-18,green,-1.0193268734064391,-2.3915999268494157
512170.SS|2025-07-24,512170.SS,2025-07-24,4.904632152588562,2025-08-22,0,-0.04035694687325994,-0.04035694687325994,-2.426754544587661,-1.6806056043380777,3,sideways,512170.SS|2025-07-18,green,-1.0193268734064391,-2.3915999268494157
512170.SS|2025-07-25,512170.SS,2025-07-25,6.793478260869579,2025-08-25,0,-0.04035694687325994,-0.04035694687325994,-2.426754544587661,-1.6806056043380777,3,sideways,512170.SS|2025-07-18,green,-1.0193268734064391,-2.3915999268494157
512170.SS|2025-07-28,512170.SS,2025-07-28,2.917771883289122,2025-08-26,0,-0.04035694687325994,-0.04035694687325994,-2.426754544587661,-1.6806056043380777,3,sideways,512170.SS|2025-07-18,green,-1.0193268734064391,-2.3915999268494157
512170.SS|2025-07-29,512170.SS,2025-07-29,1.3333333333333197,2025-08-27,0,-0.04035694687325994,-0.04035694687325994,-2.426754544587661,-1.6806056043380777,3,sideways,512170.SS|2025-07-18,green,-1.0193268734064391,-2.3915999268494157
512170.SS|2025-07-30,512170.SS,2025-07-30,3.5230352303523116,2025-08-28,0,-0.04035694687325994,-0.04035694687325994,-2.426754544587661,-1.6806056043380777,3,sideways,512170.SS|2025-07-18,green,-1.0193268734064391,-2.3915999268494157
512170.SS|2025-07-31,512170.SS,2025-07-31,5.449591280653943,2025-08-29,0,-0.04035694687325994,-0.04035694687325994,-2.426754544587661,-1.966511457569763,3,sideways,512170.SS|2025-07-18,green,-1.0193268734064391,-2.3915999268494157
512170.SS|2025-08-01,512170.SS,2025-08-01,8.174386920980915,2025-09-01,0,-0.04035694687325994,-0.04035694687325994,-2.426754544587661,-1.966511457569763,3,sideways,512170.SS|2025-07-18,green,-1.0193268734064391,-2.3915999268494157
512170.SS|2025-08-04,512170.SS,2025-08-04,6.793478260869579,2025-09-02,0,-0.04035694687325994,-0.04035694687325994,-2.426754544587661,-1.966511457569763,3,sideways,512170.SS|2025-07-18,green,-1.0193268734064391,-2.3915999268494157
512170.SS|2025-08-05,512170.SS,2025-08-05,5.434782608695654,2025-09-03,0,-0.04035694687325994,-0.04035694687325994,-2.426754544587661,-1.966511457569763,3,sideways,512170.SS|2025-07-18,green,-1.0193268734064391,-2.3915999268494157
512170.SS|2025-08-06,512170.SS,2025-08-06,1.8970189701897011,2025-09-04,0,-0.04035694687325994,-0.04035694687325994,-2.426754544587661,-1.966511457569763,3,sideways,512170.SS|2025-07-18,green,-1.0193268734064391,-2.3915999268494157
512170.SS|2025-08-07,512170.SS,2025-08-07,5.737704918032782,2025-09-05,0,-0.04035694687325994,-0.04035694687325994,-2.426754544587661,-1.966511457569763,3,sideways,512170.SS|2025-07-18,green,-1.0193268734064391,-2.3915999268494157
512170.SS|2025-08-08,512170.SS,2025-08-08,8.064516129032251,2025-09-08,0,-0.04035694687325994,-0.04035694687325994,-2.426754544587661,-1.966511457569763,3,sideways,512170.SS|2025-07-18,green,-1.0193268734064391,-2.3915999268494157
512170.SS|2025-08-11,512170.SS,2025-08-11,5.093833780160861,2025-09-09,0,-0.04035694687325994,-0.04035694687325994,-2.426754544587661,-1.966511457569763,3,sideways,512170.SS|2025-07-18,green,-1.0193268734064391,-2.3915999268494157
512170.SS|2025-08-12,512170.SS,2025-08-12,3.430079155672816,2025-09-10,0,-0.04035694687325994,-0.04035694687325994,-2.426754544587661,-1.966511457569763,3,sideways,512170.SS|2025-07-18,green,-1.0193268734064391,-2.3915999268494157
512170.SS|2025-08-13,512170.SS,2025-08-13,5.614973262032108,2025-09-11,0,-0.04035694687325994,-0.04035694687325994,-2.426754544587661,-1.966511457569763,2,up,512170.SS|2025-08-13,green,-1.0193268734064391,-2.3915999268494157
512170.SS|2025-08-14,512170.SS,2025-08-14,3.9682539682539764,2025-09-12,0,-0.04035694687325994,-0.04035694687325994,-2.191323645040655,-1.966511457569763,2,up,512170.SS|2025-08-13,green,-1.0193268734064391,-2.3915999268494157
512170.SS|2025-08-15,512170.SS,2025-08-15,3.6745406824147064,2025-09-15,0,-0.04035694687325994,-0.04035694687325994,-2.191323645040655,-1.966511457569763,2,up,512170.SS|2025-08-13,green,-1.0193268734064391,-2.3915999268494157
512170.SS|2025-08-18,512170.SS,2025-08-18,5.026455026455023,2025-09-16,0,-0.04035694687325994,-0.04035694687325994,-2.191323645040655,-1.966511457569763,2,up,512170.SS|2025-08-13,green,-1.0193268734064391,-2.3915999268494157
512170.SS|2025-08-19,512170.SS,2025-08-19,4.473684210526319,2025-09-17,0,-0.04035694687325994,-0.04035694687325994,-1.7682502812056498,-1.966511457569763,2,up,512170.SS|2025-08-13,green,-1.0193268734064391,-2.3915999268494157
512170.SS|2025-08-20,512170.SS,2025-08-20,2.617801047120416,2025-09-18,0,-0.04035694687325994,-0.04035694687325994,-1.7682502812056498,-1.966511457569763,2,up,512170.SS|2025-08-13,green,-1.0193268734064391,-2.3915999268494157
512170.SS|2025-08-21,512170.SS,2025-08-21,0.7792207792207906,2025-09-19,0,-0.04035694687325994,-0.04035694687325994,-2.426754544587661,-1.966511457569763,2,up,512170.SS|2025-08-13,green,-1.0193268734064391,-2.3915999268494157
512170.SS|2025-08-22,512170.SS,2025-08-22,-1.7811704834605702,2025-09-22,0,-0.04035694687325994,-0.04035694687325994,-2.426754544587661,-1.966511457569763,2,up,512170.SS|2025-08-13,green,-1.0193268734064391,-2.3915999268494157
512170.SS|2025-08-25,512170.SS,2025-08-25,-2.319587628865971,2025-09-23,0,-0.04035694687325994,-0.04035694687325994,-2.426754544587661,-1.966511457569763,2,up,512170.SS|2025-08-13,green,-1.0193268734064391,-2.3915999268494157
512170.SS|2025-08-26,512170.SS,2025-08-26,1.3157894736842035,2025-09-24,0,-0.04035694687325994,-0.04035694687325994,-2.426754544587661,-1.966511457569763,2,up,512170.SS|2025-08-13,green,-1.0193268734064391,-2.3915999268494157
512170.SS|2025-08-27,512170.SS,2025-08-27,1.5706806282722363,2025-09-25,0,-0.04035694687325994,-0.04035694687325994,-2.191323645040655,-1.966511457569763,2,up,512170.SS|2025-08-13,green,-1.0193268734064391,-2.3915999268494157
512170.SS|2025-08-28,512170.SS,2025-08-28,-1.2919896640826711,2025-09-26,0,-0.04035694687325994,-0.04035694687325994,-2.426754544587661,-1.966511457569763,2,up,512170.SS|2025-08-13,green,-1.0193268734064391,-2.3915999268494157
512170.SS|2025-08-29,512170.SS,2025-08-29,-3.2745591939546626,2025-09-29,0,-0.04035694687325994,-0.04035694687325994,-2.426754544587661,-1.966511457569763,2,up,512170.SS|2025-08-13,green,-1.0193268734064391,-2.3915999268494157
512170.SS|2025-09-01,512170.SS,2025-09-01,-0.2544529262086481,2025-09-30,0,-0.04035694687325994,-0.04035694687325994,-1.7682502812056498,-1.966511457569763,2,up,512170.SS|2025-08-13,green,-1.0193268734064391,-2.3915999268494157
512170.SS|2025-09-02,512170.SS,2025-09-02,1.5463917525773363,2025-10-09,0,-0.04035694687325994,-0.04035694687325994,-1.7682502812056498,-1.966511457569763,2,up,512170.SS|2025-08-13,green,-1.0193268734064391,-2.3915999268494157
512170.SS|2025-09-03,512170.SS,2025-09-03,2.659574468085091,2025-10-10,0,-0.04035694687325994,-0.04035694687325994,-1.7682502812056498,-1.966511457569763,2,up,512170.SS|2025-08-13,green,-1.0193268734064391,-2.3915999268494157
512170.SS|2025-09-04,512170.SS,2025-09-04,-2.3255813953488302,2025-10-13,0,-0.04035694687325994,-0.04035694687325994,-1.7682502812056498,-1.966511457569763,2,up,512170.SS|2025-08-13,gray,-1.0193268734064391,-2.905262069316655
512170.SS|2025-09-05,512170.SS,2025-09-05,-7.213930348258712,2025-10-14,0,-0.04035694687325994,-0.04035694687325994,-1.7682502812056498,-1.966511457569763,2,up,512170.SS|2025-08-13,green,-1.0193268734064391,-2.3915999268494157
512170.SS|2025-09-08,512170.SS,2025-09-08,-3.57142857142857,2025-10-15,0,-0.04035694687325994,-0.04035694687325994,-1.7682502812056498,-1.966511457569763,2,up,512170.SS|2025-08-13,green,-1.0193268734064391,-2.3915999268494157
512170.SS|2025-09-09,512170.SS,2025-09-09,-3.826530612244905,2025-10-16,0,-0.04035694687325994,-0.04035694687325994,-1.7682502812056498,-1.966511457569763,2,up,512170.SS|2025-08-13,green,-1.0193268734064391,-2.3915999268494157
512170.SS|2025-09-10,512170.SS,2025-09-10,-6.835443037974698,2025-10-17,0,-0.04035694687325994,-0.04035694687325994,-1.7682502812056498,-1.966511457569763,2,up,512170.SS|2025-08-13,green,-1.0193268734064391,-2.3915999268494157
512170.SS|2025-09-11,512170.SS,2025-09-11,-6.361323155216292,2025-10-20,0,-0.04035694687325994,-0.04035694687325994,-1.7682502812056498,-1.966511457569763,2,up,512170.SS|2025-08-13,green,-1.0193268734064391,-2.3915999268494157
512170.SS|2025-09-12,512170.SS,2025-09-12,-5.822784810126591,2025-10-21,0,-0.04035694687325994,-0.04035694687325994,-1.7682502812056498,-1.966511457569763,2,up,512170.SS|2025-08-13,green,-1.0193268734064391,-2.3915999268494157
512170.SS|2025-09-15,512170.SS,2025-09-15,-6.801007556675054,2025-10-22,0,-0.04035694687325994,-0.04035694687325994,-1.7682502812056498,-1.966511457569763,2,up,512170.SS|2025-08-13,green,-1.0193268734064391,-2.3915999268494157
512170.SS|2025-09-16,512170.SS,2025-09-16,-6.801007556675054,2025-10-23,0,-0.04035694687325994,-0.04035694687325994,-1.7682502812056498,-1.966511457569763,2,up,512170.SS|2025-08-13,green,-1.0193268734064391,-2.3915999268494157
512170.SS|2025-09-17,512170.SS,2025-09-17,-5.102040816326525,2025-10-24,0,-0.04035694687325994,-0.04035694687325994,-1.7682502812056498,-1.966511457569763,2,up,512170.SS|2025-08-13,green,-1.0193268734064391,-2.3915999268494157
512170.SS|2025-09-18,512170.SS,2025-09-18,-3.6082474226804107,2025-10-27,0,-0.04035694687325994,-0.04035694687325994,-1.7682502812056498,-1.966511457569763,2,up,512170.SS|2025-08-13,green,-1.0193268734064391,-2.3915999268494157
512170.SS|2025-09-19,512170.SS,2025-09-19,-3.626943005181338,2025-10-28,0,-0.04035694687325994,-0.04035694687325994,-1.7682502812056498,-1.766758290092674,2,up,512170.SS|2025-08-13,gray,-1.0193268734064391,-2.905262069316655
512170.SS|2025-09-22,512170.SS,2025-09-22,-1.055408970976257,2025-10-29,0,-0.04035694687325994,-0.04035694687325994,-1.625345299855577,-1.766758290092674,2,up,512170.SS|2025-08-13,black,-1.0193268734064391,0.172675693399356
512170.SS|2025-09-23,512170.SS,2025-09-23,-4.675324675324677,2025-10-30,0,-0.04035694687325994,-0.04035694687325994,-1.625345299855577,-1.766758290092674,2,up,512170.SS|2025-08-13,black,-1.0193268734064391,0.172675693399356
512170.SS|2025-09-24,512170.SS,2025-09-24,-4.639175257731953,2025-10-31,0,-0.04035694687325994,-0.04035694687325994,-1.4066425208432116,-1.3477918248940841,2,up,512170.SS|2025-08-13,gray,-1.0193268734064391,-2.905262069316655
512170.SS|2025-09-25,512170.SS,2025-09-25,-3.4031413612565564,2025-11-03,0,-0.04035694687325994,-0.04035694687325994,-1.4066425208432116,-1.3477918248940841,2,up,512170.SS|2025-08-13,green,-1.0193268734064391,-2.3915999268494157
512170.SS|2025-09-26,512170.SS,2025-09-26,-5.468749999999989,2025-11-04,0,-0.04035694687325994,-0.04035694687325994,-1.263737539493139,-1.3477918248940841,2,up,512170.SS|2025-08-13,black,-1.0193268734064391,0.172675693399356
512170.SS|2025-09-29,512170.SS,2025-09-29,-7.397959183673475,2025-11-05,0,-0.04035694687325994,-0.04035694687325994,-1.263737539493139,-1.2616391391394879,2,up,512170.SS|2025-08-13,black,-1.0193268734064391,0.172675693399356
512170.SS|2025-09-30,512170.SS,2025-09-30,-8.121827411167516,2025-11-06,0,-0.04035694687325994,-0.04035694687325994,-1.263737539493139,-1.2616391391394879,2,up,512170.SS|2025-08-13,gray,-1.0193268734064391,-2.905262069316655
512170.SS|2025-10-09,512170.SS,2025-10-09,-6.476683937823835,2025-11-07,0,-0.04035694687325994,-0.04035694687325994,-1.4066425208432116,-1.2616391391394879,2,up,512170.SS|2025-08-13,green,-1.0193268734064391,-2.3915999268494157
512170.SS|2025-10-10,512170.SS,2025-10-10,-2.910052910052918,2025-11-10,0,-0.04035694687325994,-0.04035694687325994,-1.4066425208432116,-1.2616391391394879,2,up,512170.SS|2025-08-13,gray,-1.0193268734064391,-2.905262069316655
512170.SS|2025-10-13,512170.SS,2025-10-13,-2.144772117962457,2025-11-11,0,-0.04035694687325994,-0.04035694687325994,-1.263737539493139,-1.2616391391394879,2,up,512170.SS|2025-08-13,black,-1.0193268734064391,0.172675693399356
512170.SS|2025-10-14,512170.SS,2025-10-14,-3.1746031746031855,2025-11-12,0,-0.04035694687325994,-0.04035694687325994,-1.263737539493139,-0.20470962135859,2,up,512170.SS|2025-08-13,black,-1.0193268734064391,0.172675693399356
512170.SS|2025-10-15,512170.SS,2025-10-15,-2.3872679045092826,2025-11-13,0,-0.04035694687325994,-0.04035694687325994,-0.5398613539399769,-0.6802517662316472,2,up,512170.SS|2025-08-13,black,-1.0193268734064391,0.172675693399356
512170.SS|2025-10-16,512170.SS,2025-10-16,-0.8152173913043459,2025-11-14,0,-0.04035694687325994,-0.04035694687325994,-0.5398613539399769,-0.6802517662316472,2,up,512170.SS|2025-08-13,black,-1.0193268734064391,0.172675693399356
512170.SS|2025-10-17,512170.SS,2025-10-17,-2.717391304347816,2025-11-17,0,-0.04035694687325994,-0.04035694687325994,-0.5398613539399769,0.3766777515492505,2,up,512170.SS|2025-08-13,black,-1.0193268734064391,0.172675693399356
512170.SS|2025-10-20,512170.SS,2025-10-20,-4.032258064516137,2025-11-18,0,-0.04035694687325994,-0.04035694687325994,-0.5398613539399769,0.3766777515492505,2,up,512170.SS|2025-08-13,black,-1.0193268734064391,0.172675693399356
512170.SS|2025-10-21,512170.SS,2025-10-21,-4.324324324324325,2025-11-19,0,-0.04035694687325994,-0.04035694687325994,-0.5398613539399769,-0.6802517662316472,2,up,512170.SS|2025-08-13,black,-1.0193268734064391,0.172675693399356
512170.SS|2025-10-22,512170.SS,2025-10-22,-5.135135135135139,2025-11-20,0,-0.04035694687325994,-0.04035694687325994,-0.5398613539399769,-0.2977691609716593,2,up,512170.SS|2025-08-13,black,-1.0193268734064391,0.172675693399356
512170.SS|2025-10-23,512170.SS,2025-10-23,-7.5268817204301115,2025-11-21,0,-0.04035694687325994,-0.04035694687325994,-0.5398613539399769,-0.5538381457885537,2,up,512170.SS|2025-08-13,black,-1.0193268734064391,0.172675693399356
512170.SS|2025-10-24,512170.SS,2025-10-24,-6.951871657754005,2025-11-24,0,-0.04035694687325994,-0.04035694687325994,-0.5398613539399769,-0.5538381457885537,2,up,512170.SS|2025-08-13,black,-1.0193268734064391,0.172675693399356
512170.SS|2025-10-27,512170.SS,2025-10-27,-6.720430107526887,2025-11-25,0,-0.04035694687325994,-0.04035694687325994,-0.5398613539399769,-0.5538381457885537,2,up,512170.SS|2025-08-13,black,-1.0193268734064391,0.172675693399356
512170.SS|2025-10-28,512170.SS,2025-10-28,-7.199999999999996,2025-11-26,0,-0.04035694687325994,-0.04035694687325994,-0.5398613539399769,-0.5538381457885537,2,up,512170.SS|2025-08-13,black,-1.0193268734064391,0.172675693399356
512170.SS|2025-10-29,512170.SS,2025-10-29,-5.994550408719334,2025-11-27,0,-0.04035694687325994,-0.04035694687325994,-0.5398613539399769,-0.5538381457885537,2,up,512170.SS|2025-08-13,black,-1.0193268734064391,0.172675693399356
512170.SS|2025-10-30,512170.SS,2025-10-30,-6.486486486486498,2025-11-28,0,-0.04035694687325994,-0.04035694687325994,-0.5398613539399769,-0.5538381457885537,2,up,512170.SS|2025-08-13,black,-1.0193268734064391,0.172675693399356
512170.SS|2025-10-31,512170.SS,2025-10-31,-5.691056910569103,2025-12-01,0,-0.04035694687325994,-0.04035694687325994,-0.5398613539399769,-0.5538381457885537,2,up,512170.SS|2025-08-13,black,-1.0193268734064391,0.172675693399356
512170.SS|2025-11-03,512170.SS,2025-11-03,-5.5096418732782375,2025-12-02,0,-0.04035694687325994,-0.04035694687325994,-0.5398613539399769,-0.5538381457885537,2,up,512170.SS|2025-08-13,black,-1.0193268734064391,0.172675693399356
512170.SS|2025-11-04,512170.SS,2025-11-04,-6.060606060606066,2025-12-03,0,-0.04035694687325994,-0.04035694687325994,-0.5398613539399769,0.3953121289769002,2,up,512170.SS|2025-08-13,black,-1.0193268734064391,0.172675693399356
512170.SS|2025-11-05,512170.SS,2025-11-05,-5.8011049723756924,2025-12-04,0,-0.04035694687325994,-0.04035694687325994,-1.0279113428602005,-0.9786345704177513,2,up,512170.SS|2025-08-13,black,-1.0193268734064391,0.172675693399356
512170.SS|2025-11-06,512170.SS,2025-11-06,-4.709141274238227,2025-12-05,0,-0.04035694687325994,-0.04035694687325994,-1.0279113428602005,-0.9786345704177513,2,up,512170.SS|2025-08-13,black,-1.0193268734064391,0.172675693399356
512170.SS|2025-11-07,512170.SS,2025-11-07,-5.994550408719334,2025-12-08,0,-0.04035694687325994,-0.04035694687325994,-1.6864156062422113,-1.2403374732118633,2,up,512170.SS|2025-08-13,black,-1.0193268734064391,0.172675693399356
512170.SS|2025-11-10,512170.SS,2025-11-10,-6.02739726027397,2025-12-09,0,-0.04035694687325994,-0.04035694687325994,-1.6864156062422113,-1.34248279825009,2,up,512170.SS|2025-08-13,black,-1.0193268734064391,0.172675693399356
512170.SS|2025-11-11,512170.SS,2025-11-11,-6.284153005464477,2025-12-10,0,-0.04035694687325994,-0.04035694687325994,-1.6864156062422113,-1.34248279825009,2,up,512170.SS|2025-08-13,black,-1.0193268734064391,0.172675693399356
512170.SS|2025-11-12,512170.SS,2025-11-12,-7.608695652173914,2025-12-11,0,-0.04035694687325994,-0.04035694687325994,-1.6864156062422113,-1.34248279825009,2,up,512170.SS|2025-08-13,black,-1.0193268734064391,0.172675693399356
512170.SS|2025-11-13,512170.SS,2025-11-13,-6.301369863013706,2025-12-12,0,-0.04035694687325994,-0.04035694687325994,-1.6864156062422113,-1.34248279825009,2,up,512170.SS|2025-08-13,black,-1.0193268734064391,0.172675693399356
512170.SS|2025-11-14,512170.SS,2025-11-14,-5.027932960893866,2025-12-15,0,-0.04035694687325994,-0.04035694687325994,-1.6864156062422113,-1.34248279825009,2,up,512170.SS|2025-08-13,black,-1.0193268734064391,0.172675693399356
512170.SS|2025-11-17,512170.SS,2025-11-17,-5.3221288515406195,2025-12-16,0,-0.04035694687325994,-0.04035694687325994,-1.6864156062422113,-1.2403374732118633,2,up,512170.SS|2025-08-13,black,-1.0193268734064391,0.172675693399356
512170.SS|2025-11-18,512170.SS,2025-11-18,-3.1073446327683607,2025-12-17,0,-0.04035694687325994,-0.04035694687325994,-0.14423776085361276,0.3054625430033146,2,up,512170.SS|2025-08-13,black,-1.0193268734064391,0.172675693399356
512170.SS|2025-11-19,512170.SS,2025-11-19,-1.4245014245014342,2025-12-18,0,-0.04035694687325994,-0.04035694687325994,-0.14423776085361276,0.1945155007154462,2,up,512170.SS|2025-08-13,black,-1.0193268734064391,0.172675693399356
512170.SS|2025-11-20,512170.SS,2025-11-20,1.4534883720930258,2025-12-19,0,-0.04035694687325994,-0.04035694687325994,0.03478451879375173,0.1945155007154462,2,up,512170.SS|2025-08-13,black,-1.0193268734064391,0.172675693399356
512170.SS|2025-11-21,512170.SS,2025-11-21,-0.2873563218390829,2025-12-22,0,-0.04035694687325994,-0.04035694687325994,3.5705729348648716,3.4009541473909595,2,up,512170.SS|2025-08-13,black,-1.0193268734064391,0.172675693399356
512170.SS|2025-11-24,512170.SS,2025-11-24,-0.8645533141210304,2025-12-23,0,-0.04035694687325994,-0.04035694687325994,1.7511654261606893,1.612278717883402,2,up,512170.SS|2025-08-13,black,-1.0193268734064391,0.172675693399356
512170.SS|2025-11-25,512170.SS,2025-11-25,-0.8620689655172376,2025-12-24,0,-0.04035694687325994,-0.04035694687325994,3.5705729348648716,3.4009541473909595,2,up,512170.SS|2025-08-13,black,-1.0193268734064391,0.172675693399356
512170.SS|2025-11-26,512170.SS,2025-11-26,1.1594202898550732,2025-12-25,0,-0.04035694687325994,-0.04035694687325994,3.5705729348648716,3.4009541473909595,2,up,512170.SS|2025-08-13,black,-1.0193268734064391,0.172675693399356
512170.SS|2025-11-27,512170.SS,2025-11-27,0.28901734104045396,2025-12-26,0,-0.04035694687325994,-0.04035694687325994,0.8377943940751692,1.3357288872795374,2,up,512170.SS|2025-08-13,black,-1.0193268734064391,0.172675693399356
512170.SS|2025-11-28,512170.SS,2025-11-28,-0.8620689655172376,2025-12-29,0,-0.04035694687325994,-0.04035694687325994,0.8377943940751692,1.3357288872795374,2,up,512170.SS|2025-08-13,black,-1.0193268734064391,0.172675693399356
512170.SS|2025-12-01,512170.SS,2025-12-01,-0.2915451895043719,2025-12-30,0,-0.04035694687325994,-0.04035694687325994,2.6572019027793474,3.133206034036738,2,up,512170.SS|2025-08-13,black,-1.0193268734064391,0.172675693399356
512170.SS|2025-12-02,512170.SS,2025-12-02,-0.2932551319648091,2025-12-31,0,-0.04035694687325994,-0.04035694687325994,2.3316905531201884,2.809050166387941,2,up,512170.SS|2025-08-13,black,-1.0193268734064391,0.172675693399356
512400.SS|2025-01-02,512400.SS,2025-01-02,9.053497942386812,2025-02-10,0,-0.04035694687325994,-0.04035694687325994,-0.5192024271962705,-0.6629911227552191,2,up,512400.SS|2024-11-25,black,-0.49995212670864053,0.7485912992607121
512400.SS|2025-01-03,512400.SS,2025-01-03,8.053007135575928,2025-02-11,0,-0.04035694687325994,-0.04035694687325994,-0.5192024271962705,-0.6629911227552191,2,up,512400.SS|2024-11-25,black,-0.49995212670864053,0.7485912992607121
512400.SS|2025-01-06,512400.SS,2025-01-06,5.400000000000005,2025-02-12,0,-0.04035694687325994,-0.04035694687325994,-0.5192024271962705,-0.6541894055055769,2,up,512400.SS|2024-11-25,black,-0.49995212670864053,0.7485912992607121
512400.SS|2025-01-07,512400.SS,2025-01-07,6.402439024390261,2025-02-13,0,-0.04035694687325994,-0.04035694687325994,-0.5192024271962705,-0.3755720497340888,2,up,512400.SS|2024-11-25,black,-0.49995212670864053,0.7485912992607121
512400.SS|2025-01-08,512400.SS,2025-01-08,6.458123107971758,2025-02-14,0,-0.04035694687325994,-0.04035694687325994,-0.5192024271962705,-0.3755720497340888,2,up,512400.SS|2024-11-25,black,-0.49995212670864053,0.7485912992607121
512400.SS|2025-01-09,512400.SS,2025-01-09,4.35663627152989,2025-02-17,0,-0.04035694687325994,-0.04035694687325994,-0.7932271031746242,-0.878310848963939,2,up,512400.SS|2024-11-25,black,-0.49995212670864053,0.7485912992607121
512400.SS|2025-01-10,512400.SS,2025-01-10,1.08910891089109,2025-02-18,0,-0.04035694687325994,-0.04035694687325994,-0.7932271031746242,-0.878310848963939,2,up,512400.SS|2024-11-25,black,-0.49995212670864053,0.7485912992607121
512400.SS|2025-01-13,512400.SS,2025-01-13,0.4878048780487809,2025-02-19,0,-0.04035694687325994,-0.04035694687325994,-0.7932271031746242,-0.878310848963939,2,up,512400.SS|2024-11-25,gray,-0.49995212670864053,-2.2494756285662896
512400.SS|2025-01-14,512400.SS,2025-01-14,2.071005917159763,2025-02-20,0,-0.04035694687325994,-0.04035694687325994,-0.5192024271962705,-0.3755720497340888,2,up,512400.SS|2024-11-25,green,-0.49995212670864053,-1.4946631391693148
512400.SS|2025-01-15,512400.SS,2025-01-15,-0.09689922480619062,2025-02-21,0,-0.04035694687325994,-0.04035694687325994,-0.5192024271962705,-0.6541894055055769,2,up,512400.SS|2024-11-25,gray,-0.49995212670864053,-2.2494756285662896
512400.SS|2025-01-16,512400.SS,2025-01-16,-0.6750241080038522,2025-02-24,0,-0.04035694687325994,-0.04035694687325994,-0.6621074085463431,-0.6541894055055769,2,up,512400.SS|2024-11-25,green,-0.49995212670864053,-1.4946631391693148
512400.SS|2025-01-17,512400.SS,2025-01-17,-0.9737098344693274,2025-02-25,0,-0.04035694687325994,-0.04035694687325994,-0.6621074085463431,-0.6541894055055769,2,up,512400.SS|2024-11-25,green,-0.49995212670864053,-1.4946631391693148
512400.SS|2025-01-20,512400.SS,2025-01-20,0.19588638589618235,2025-02-26,0,-0.04035694687325994,-0.04035694687325994,-0.6621074085463431,-0.7619686485210205,2,up,512400.SS|2024-11-25,green,-0.49995212670864053,-1.4946631391693148
512400.SS|2025-01-21,512400.SS,2025-01-21,-0.2938295788442735,2025-02-27,0,-0.04035694687325994,-0.04035694687325994,-0.6621074085463431,-0.8566153557547748,2,up,512400.SS|2024-11-25,green,-0.49995212670864053,-1.4946631391693148
512400.SS|2025-01-22,512400.SS,2025-01-22,-1.3806706114398382,2025-02-28,0,-0.04035694687325994,-0.04035694687325994,-0.6621074085463431,-0.7806030259486704,2,up,512400.SS|2024-11-25,green,-0.49995212670864053,-1.4946631391693148
512400.SS|2025-01-23,512400.SS,2025-01-23,0.29296875,2025-03-03,0,-0.04035694687325994,-0.04035694687325994,-0.6621074085463431,-0.7806030259486704,2,up,512400.SS|2024-11-25,green,-0.49995212670864053,-1.4946631391693148
512400.SS|2025-01-24,512400.SS,2025-01-24,0.9803921568627416,2025-03-04,0,-0.04035694687325994,-0.04035694687325994,-0.6621074085463431,-0.7806030259486704,2,up,512400.SS|2024-11-25,green,-0.49995212670864053,-1.4946631391693148
512400.SS|2025-01-27,512400.SS,2025-01-27,0.775193798449636,2025-03-05,0,-0.04035694687325994,-0.04035694687325994,-1.3438835263500346,-1.4169003502618915,2,up,512400.SS|2024-11-25,green,-0.49995212670864053,-1.4946631391693148
512400.SS|2025-02-05,512400.SS,2025-02-05,0.8612440191387627,2025-03-06,0,-0.04035694687325994,-0.04035694687325994,-1.1659329477745595,-1.3239629665364863,2,up,512400.SS|2024-11-25,green,-0.49995212670864053,-1.4946631391693148
512400.SS|2025-02-06,512400.SS,2025-02-06,0.945179584120992,2025-03-07,0,-0.04035694687325994,-0.04035694687325994,-1.3438835263500346,-1.4169003502618915,2,up,512400.SS|2024-11-25,green,-0.49995212670864053,-1.4946631391693148
512400.SS|2025-02-07,512400.SS,2025-02-07,1.8867924528301883,2025-03-10,0,-0.04035694687325994,-0.04035694687325994,-1.3438835263500346,-1.4169003502618915,2,up,512400.SS|2024-11-25,green,-0.49995212670864053,-1.4946631391693148
512400.SS|2025-02-10,512400.SS,2025-02-10,2.452830188679256,2025-03-11,0,-0.04035694687325994,-0.04035694687325994,-1.3438835263500346,-1.4169003502618915,2,up,512400.SS|2024-11-25,green,-0.49995212670864053,-1.4946631391693148
512400.SS|2025-02-11,512400.SS,2025-02-11,3.0360531309297834,2025-03-12,0,-0.04035694687325994,-0.04035694687325994,-1.5275407081369974,-1.742929431735076,2,up,512400.SS|2024-11-25,green,-0.49995212670864053,-1.4946631391693148
512400.SS|2025-02-12,512400.SS,2025-02-12,4.393505253104091,2025-03-13,0,-0.04035694687325994,-0.04035694687325994,-1.705491286712473,-1.8358668154604818,2,up,512400.SS|2024-11-25,green,-0.49995212670864053,-1.4946631391693148
512400.SS|2025-02-13,512400.SS,2025-02-13,4.83412322274881,2025-03-14,0,-0.04035694687325994,-0.04035694687325994,-1.5275407081369974,-1.742929431735076,2,up,512400.SS|2024-11-25,green,-0.49995212670864053,-1.4946631391693148
512400.SS|2025-02-14,512400.SS,2025-02-14,6.4077669902912415,2025-03-17,0,-0.04035694687325994,-0.04035694687325994,-1.5275407081369974,-1.742929431735076,2,up,512400.SS|2024-11-25,green,-0.49995212670864053,-1.4946631391693148
512400.SS|2025-02-17,512400.SS,2025-02-17,8.814887365328094,2025-03-18,0,-0.04035694687325994,-0.04035694687325994,-1.5275407081369974,-1.6669171019289717,2,up,512400.SS|2024-11-25,gray,-0.49995212670864053,-2.2494756285662896
512400.SS|2025-02-18,512400.SS,2025-02-18,7.7669902912621325,2025-03-19,0,-0.04035694687325994,-0.04035694687325994,-1.5275407081369974,-1.6669171019289717,2,up,512400.SS|2024-11-25,gray,-0.49995212670864053,-2.2494756285662896
512400.SS|2025-02-19,512400.SS,2025-02-19,6.956521739130439,2025-03-20,0,-0.04035694687325994,-0.04035694687325994,-1.3846357267869247,-1.388299746157484,2,up,512400.SS|2024-11-25,gray,-0.49995212670864053,-2.2494756285662896
512400.SS|2025-02-20,512400.SS,2025-02-20,4.849660523763344,2025-03-21,0,-0.04035694687325994,-0.04035694687325994,-1.5275407081369974,-1.388299746157484,2,up,512400.SS|2024-11-25,green,-0.49995212670864053,-1.4946631391693148
512400.SS|2025-02-21,512400.SS,2025-02-21,6.990291262135906,2025-03-24,0,-0.04035694687325994,-0.04035694687325994,-1.3846357267869247,-1.742929431735076,2,up,512400.SS|2024-11-25,black,-0.49995212670864053,0.7485912992607121
512400.SS|2025-02-24,512400.SS,2025-02-24,8.554572271386407,2025-03-25,0,-0.04035694687325994,-0.04035694687325994,-1.0230279664244868,-1.3239629665364863,2,up,512400.SS|2024-11-25,black,-0.49995212670864053,0.7485912992607121
512400.SS|2025-02-25,512400.SS,2025-02-25,7.2336265884652695,2025-03-26,0,-0.04035694687325994,-0.04035694687325994,-1.0230279664244868,-1.2479506367303816,2,up,512400.SS|2024-11-25,black,-0.49995212670864053,0.7485912992607121
512400.SS|2025-02-26,512400.SS,2025-02-26,6.6797642436149385,2025-03-27,0,-0.04035694687325994,-0.04035694687325994,-1.0230279664244868,-1.2479506367303816,2,up,512400.SS|2024-11-25,gray,-0.49995212670864053,-2.2494756285662896
512400.SS|2025-02-27,512400.SS,2025-02-27,8.599999999999985,2025-03-28,0,-0.04035694687325994,-0.04035694687325994,-1.0230279664244868,-1.2479506367303816,3,sideways,512400.SS|2025-02-27,black,-0.49995212670864053,0.7485912992607121
512400.SS|2025-02-28,512400.SS,2025-02-28,4.868549172346626,2025-03-31,0,-0.04035694687325994,-0.04035694687325994,-1.0230279664244868,-1.1458053116921556,3,sideways,512400.SS|2025-02-27,black,-0.49995212670864053,0.7485912992607121
512400.SS|2025-03-03,512400.SS,2025-03-03,4.854368932038811,2025-04-01,0,-0.04035694687325994,-0.04035694687325994,-1.0230279664244868,-1.2479506367303816,3,sideways,512400.SS|2025-02-27,green,-0.49995212670864053,-1.4946631391693148
512400.SS|2025-03-04,512400.SS,2025-03-04,2.7884615384615286,2025-04-02,0,-0.04035694687325994,-0.04035694687325994,-1.1659329477745595,-1.2479506367303816,3,sideways,512400.SS|2025-02-27,green,-0.49995212670864053,-1.4946631391693148
512400.SS|2025-03-05,512400.SS,2025-03-05,-0.09487666034156961,2025-04-03,0,-0.04035694687325994,-0.04035694687325994,-1.1659329477745595,-1.2479506367303816,3,sideways,512400.SS|2025-02-27,green,-0.49995212670864053,-1.4946631391693148
512400.SS|2025-03-06,512400.SS,2025-03-06,-11.23595505617978,2025-04-07,0,-0.04035694687325994,-0.04035694687325994,-1.1659329477745595,-1.2479506367303816,3,sideways,512400.SS|2025-02-27,green,-0.49995212670864053,-1.4946631391693148
512400.SS|2025-03-07,512400.SS,2025-03-07,-11.018518518518515,2025-04-08,0,-0.04035694687325994,-0.04035694687325994,-1.1659329477745595,-1.2479506367303816,3,sideways,512400.SS|2025-02-27,green,-0.49995212670864053,-1.4946631391693148
512400.SS|2025-03-10,512400.SS,2025-03-10,-10.405156537753212,2025-04-09,0,-0.04035694687325994,-0.04035694687325994,-1.1659329477745595,-1.2479506367303816,3,sideways,512400.SS|2025-02-27,green,-0.49995212670864053,-1.4946631391693148
512400.SS|2025-03-11,512400.SS,2025-03-11,-6.998158379373843,2025-04-10,0,-0.04035694687325994,-0.04035694687325994,-1.1659329477745595,-1.2479506367303816,3,sideways,512400.SS|2025-02-27,green,-0.49995212670864053,-1.4946631391693148
512400.SS|2025-03-12,512400.SS,2025-03-12,-6.861848124428183,2025-04-11,0,-0.04035694687325994,-0.04035694687325994,-1.1659329477745595,-1.2479506367303816,3,sideways,512400.SS|2025-02-27,green,-0.49995212670864053,-1.4946631391693148
512400.SS|2025-03-13,512400.SS,2025-03-13,-5.696202531645578,2025-04-14,0,-0.04035694687325994,-0.04035694687325994,-1.1659329477745595,-1.2479506367303816,3,sideways,512400.SS|2025-02-27,green,-0.49995212670864053,-1.4946631391693148
512400.SS|2025-03-14,512400.SS,2025-03-14,-5.565693430656937,2025-04-15,0,-0.04035694687325994,-0.04035694687325994,-1.1659329477745595,-1.2479506367303816,3,sideways,512400.SS|2025-02-27,green,-0.49995212670864053,-1.4946631391693148
512400.SS|2025-03-17,512400.SS,2025-03-17,-6.930693069306915,2025-04-16,0,-0.04035694687325994,-0.04035694687325994,-1.1659329477745595,-1.2479506367303816,3,sideways,512400.SS|2025-02-27,green,-0.49995212670864053,-1.4946631391693148
512400.SS|2025-03-18,512400.SS,2025-03-18,-7.2972972972973,2025-04-17,0,-0.04035694687325994,-0.04035694687325994,-1.1659329477745595,-1.2479506367303816,3,sideways,512400.SS|2025-02-27,green,-0.49995212670864053,-1.4946631391693148
512400.SS|2025-03-19,512400.SS,2025-03-19,-7.317073170731714,2025-04-18,0,-0.04035694687325994,-0.04035694687325994,-1.1659329477745595,-1.2479506367303816,3,sideways,512400.SS|2025-02-27,green,-0.49995212670864053,-1.4946631391693148
512400.SS|2025-03-20,512400.SS,2025-03-20,-1.4801110083256352,2025-04-21,0,-0.04035694687325994,-0.04035694687325994,-1.1659329477745595,-1.2479506367303816,3,sideways,512400.SS|2025-02-27,green,-0.49995212670864053,-1.4946631391693148
512400.SS|2025-03-21,512400.SS,2025-03-21,-3.8112522686025496,2025-04-22,0,-0.04035694687325994,-0.04035694687325994,-1.1659329477745595,-1.2479506367303816,3,sideways,512400.SS|2025-02-27,green,-0.49995212670864053,-1.4946631391693148
512400.SS|2025-03-24,512400.SS,2025-03-24,-5.344202898550721,2025-04-23,0,-0.04035694687325994,-0.04035694687325994,-1.5275407081369974,-1.6669171019289717,3,sideways,512400.SS|2025-02-27,green,-0.49995212670864053,-1.4946631391693148
512400.SS|2025-03-25,512400.SS,2025-03-25,-5.378304466727435,2025-04-24,0,-0.04035694687325994,-0.04035694687325994,-1.5275407081369974,-1.388299746157484,3,sideways,512400.SS|2025-02-27,green,-0.49995212670864053,-1.4946631391693148
512400.SS|2025-03-26,512400.SS,2025-03-26,-4.235727440147318,2025-04-25,0,-0.04035694687325994,-0.04035694687325994,-1.5275407081369974,-1.388299746157484,3,sideways,512400.SS|2025-02-27,green,-0.49995212670864053,-1.4946631391693148
512400.SS|2025-03-27,512400.SS,2025-03-27,-4.604051565377542,2025-04-28,0,-0.04035694687325994,-0.04035694687325994,-1.5275407081369974,-1.388299746157484,3,sideways,512400.SS|2025-02-27,green,-0.49995212670864053,-1.4946631391693148
512400.SS|2025-03-28,512400.SS,2025-03-28,-3.992571959145763,2025-04-29,0,-0.04035694687325994,-0.04035694687325994,-1.5275407081369974,-1.388299746157484,3,sideways,512400.SS|2025-02-27,green,-0.49995212670864053,-1.4946631391693148
512400.SS|2025-03-31,512400.SS,2025-03-31,-4.444444444444439,2025-04-30,0,-0.04035694687325994,-0.04035694687325994,-1.5275407081369974,-1.388299746157484,3,sideways,512400.SS|2025-02-27,gray,-0.49995212670864053,-2.2494756285662896
512400.SS|2025-04-01,512400.SS,2025-04-01,-1.1225444340504986,2025-05-06,0,-0.04035694687325994,-0.04035694687325994,-1.5275407081369974,-1.388299746157484,3,sideways,512400.SS|2025-02-27,gray,-0.49995212670864053,-2.2494756285662896
512400.SS|2025-04-02,512400.SS,2025-04-02,0.6647673314339908,2025-05-07,0,-0.04035694687325994,-0.04035694687325994,-1.5275407081369974,-1.388299746157484,3,sideways,512400.SS|2025-02-27,gray,-0.49995212670864053,-2.2494756285662896
512400.SS|2025-04-03,512400.SS,2025-04-03,10.970464135021096,2025-05-08,0,-0.04035694687325994,-0.04035694687325994,-1.3846357267869247,-1.388299746157484,3,sideways,512400.SS|2025-02-27,black,-0.49995212670864053,0.7485912992607121
512400.SS|2025-04-07,512400.SS,2025-04-07,9.15712799167534,2025-05-09,0,-0.04035694687325994,-0.04035694687325994,-1.0230279664244868,0.08759623682200413,3,sideways,512400.SS|2025-02-27,black,-0.49995212670864053,0.7485912992607121
512400.SS|2025-04-08,512400.SS,2025-04-08,8.73586844809866,2025-05-12,0,-0.04035694687325994,-0.04035694687325994,-1.0230279664244868,0.08759623682200413,3,sideways,512400.SS|2025-02-27,black,-0.49995212670864053,0.7485912992607121
512400.SS|2025-04-09,512400.SS,2025-04-09,5.148514851485131,2025-05-13,0,-0.04035694687325994,-0.04035694687325994,-1.0230279664244868,0.08759623682200413,3,sideways,512400.SS|2025-02-27,black,-0.49995212670864053,0.7485912992607121
512400.SS|2025-04-10,512400.SS,2025-04-10,5.108055009823165,2025-05-14,0,-0.04035694687325994,-0.04035694687325994,-1.0230279664244868,0.08759623682200413,3,sideways,512400.SS|2025-02-27,black,-0.49995212670864053,0.7485912992607121
512400.SS|2025-04-11,512400.SS,2025-04-11,1.3422818791946511,2025-05-15,0,-0.04035694687325994,-0.04035694687325994,-1.0230279664244868,-0.9693332809588933,3,sideways,512400.SS|2025-02-27,black,-0.49995212670864053,0.7485912992607121
512400.SS|2025-04-14,512400.SS,2025-04-14,1.9323671497584627,2025-05-16,0,-0.04035694687325994,-0.04035694687325994,-1.0230279664244868,-1.3341033224849776,3,sideways,512400.SS|2025-02-27,gray,-0.49995212670864053,-2.2494756285662896
512400.SS|2025-04-15,512400.SS,2025-04-15,1.644100580270802,2025-05-19,0,-0.04035694687325994,-0.04035694687325994,-0.5192024271962705,-0.8667557117032664,3,sideways,512400.SS|2025-02-27,black,-0.49995212670864053,0.7485912992607121
512400.SS|2025-04-16,512400.SS,2025-04-16,2.526724975704564,2025-05-20,0,-0.04035694687325994,-0.04035694687325994,-0.5192024271962705,-0.8667557117032664,3,sideways,512400.SS|2025-02-27,black,-0.49995212670864053,0.7485912992607121
512400.SS|2025-04-17,512400.SS,2025-04-17,5.068226120857711,2025-05-21,0,-0.04035694687325994,-0.04035694687325994,-0.5192024271962705,-0.8667557117032664,3,sideways,512400.SS|2025-02-27,black,-0.49995212670864053,0.7485912992607121
512400.SS|2025-04-18,512400.SS,2025-04-18,0.28169014084507005,2025-05-22,0,-0.04035694687325994,-0.04035694687325994,-0.5192024271962705,-0.8667557117032664,3,sideways,512400.SS|2025-02-27,black,-0.49995212670864053,0.7485912992607121
512400.SS|2025-04-21,512400.SS,2025-04-21,0.8490566037735903,2025-05-23,0,-0.04035694687325994,-0.04035694687325994,-0.5192024271962705,-0.8667557117032664,3,sideways,512400.SS|2025-02-27,gray,-0.49995212670864053,-2.2494756285662896
512400.SS|2025-04-22,512400.SS,2025-04-22,2.2966507177033524,2025-05-26,0,-0.04035694687325994,-0.04035694687325994,-0.5192024271962705,-0.8481213342756165,3,sideways,512400.SS|2025-02-27,gray,-0.49995212670864053,-2.2494756285662896
512400.SS|2025-04-23,512400.SS,2025-04-23,0.9633911368015502,2025-05-27,0,-0.04035694687325994,-0.04035694687325994,-0.5192024271962705,-0.7403420912601729,3,sideways,512400.SS|2025-02-27,gray,-0.49995212670864053,-2.2494756285662896
512400.SS|2025-04-24,512400.SS,2025-04-24,0.6730769230769207,2025-05-28,0,-0.04035694687325994,-0.04035694687325994,-0.5192024271962705,-0.7403420912601729,3,sideways,512400.SS|2025-02-27,black,-0.49995212670864053,0.7485912992607121
512400.SS|2025-04-25,512400.SS,2025-04-25,1.5444015444015413,2025-05-29,0,-0.04035694687325994,-0.04035694687325994,-0.5192024271962705,-0.7403420912601729,3,sideways,512400.SS|2025-02-27,black,-0.49995212670864053,0.7485912992607121
512400.SS|2025-04-28,512400.SS,2025-04-28,0.9671179883945946,2025-05-30,0,-0.04035694687325994,-0.04035694687325994,-0.5192024271962705,-0.7403420912601729,3,sideways,512400.SS|2025-02-27,black,-0.49995212670864053,0.7485912992607121
512400.SS|2025-04-29,512400.SS,2025-04-29,2.422480620155043,2025-06-03,0,-0.04035694687325994,-0.04035694687325994,-0.5192024271962705,-0.7403420912601729,3,sideways,512400.SS|2025-02-27,black,-0.49995212670864053,0.7485912992607121
512400.SS|2025-04-30,512400.SS,2025-04-30,1.229895931882674,2025-06-04,0,-0.04035694687325994,-0.04035694687325994,-0.5192024271962705,-0.7403420912601729,3,sideways,512400.SS|2025-02-27,black,-0.49995212670864053,0.7485912992607121
512400.SS|2025-05-06,512400.SS,2025-05-06,0.5660377358490676,2025-06-05,0,-0.04035694687325994,-0.04035694687325994,-0.5192024271962705,-0.7403420912601729,3,sideways,512400.SS|2025-02-27,gray,-0.49995212670864053,-2.2494756285662896
512400.SS|2025-05-07,512400.SS,2025-05-07,2.5665399239543696,2025-06-06,0,-0.04035694687325994,-0.04035694687325994,-0.6621074085463431,-0.7403420912601729,3,sideways,512400.SS|2025-02-27,green,-0.49995212670864053,-1.4946631391693148
512400.SS|2025-05-08,512400.SS,2025-05-08,3.1458531935176337,2025-06-09,0,-0.04035694687325994,-0.04035694687325994,-0.6621074085463431,-0.6541894055055769,3,sideways,512400.SS|2025-02-27,green,-0.49995212670864053,-1.4946631391693148
512400.SS|2025-05-09,512400.SS,2025-05-09,2.3629489603024467,2025-06-10,0,-0.04035694687325994,-0.04035694687325994,-0.6621074085463431,-0.6541894055055769,3,sideways,512400.SS|2025-02-27,green,-0.49995212670864053,-1.4946631391693148
512400.SS|2025-05-12,512400.SS,2025-05-12,4.048964218455753,2025-06-11,0,-0.04035694687325994,-0.04035694687325994,-0.6621074085463431,-0.7619686485210205,3,sideways,512400.SS|2025-02-27,green,-0.49995212670864053,-1.4946631391693148
512400.SS|2025-05-13,512400.SS,2025-05-13,4.39252336448599,2025-06-12,0,-0.04035694687325994,-0.04035694687325994,-0.6621074085463431,-0.7806030259486704,3,sideways,512400.SS|2025-02-27,green,-0.49995212670864053,-1.4946631391693148
512400.SS|2025-05-14,512400.SS,2025-05-14,5.581835383159883,2025-06-13,0,-0.04035694687325994,-0.04035694687325994,-1.1659329477745595,-1.2479506367303816,2,up,512400.SS|2025-05-14,green,-0.49995212670864053,-1.4946631391693148
512400.SS|2025-05-15,512400.SS,2025-05-15,5.402843601895735,2025-06-16,0,-0.04035694687325994,-0.04035694687325994,-1.1659329477745595,-1.2479506367303816,2,up,512400.SS|2025-05-14,green,-0.49995212670864053,-1.4946631391693148
512400.SS|2025-05-16,512400.SS,2025-05-16,5.803996194100858,2025-06-17,0,-0.04035694687325994,-0.04035694687325994,-1.1659329477745595,-1.2479506367303816,2,up,512400.SS|2025-05-14,green,-0.49995212670864053,-1.4946631391693148
512400.SS|2025-05-19,512400.SS,2025-05-19,5.213270142180093,2025-06-18,0,-0.04035694687325994,-0.04035694687325994,-1.1659329477745595,-1.2479506367303816,2,up,512400.SS|2025-05-14,green,-0.49995212670864053,-1.4946631391693148
512400.SS|2025-05-20,512400.SS,2025-05-20,1.2059369202226389,2025-06-19,0,-0.04035694687325994,-0.04035694687325994,-1.1659329477745595,-1.2479506367303816,2,up,512400.SS|2025-05-14,green,-0.49995212670864053,-1.4946631391693148
512400.SS|2025-05-21,512400.SS,2025-05-21,1.7790262172284521,2025-06-20,0,-0.04035694687325994,-0.04035694687325994,-1.1659329477745595,-1.2479506367303816,2,up,512400.SS|2025-05-14,green,-0.49995212670864053,-1.4946631391693148
512400.SS|2025-05-22,512400.SS,2025-05-22,2.6192703461178635,2025-06-23,0,-0.04035694687325994,-0.04035694687325994,-1.0230279664244868,-1.2479506367303816,2,up,512400.SS|2025-05-14,green,-0.49995212670864053,-1.4946631391693148
512400.SS|2025-05-23,512400.SS,2025-05-23,3.1805425631431294,2025-06-24,0,-0.04035694687325994,-0.04035694687325994,-1.1659329477745595,-1.2479506367303816,2,up,512400.SS|2025-05-14,green,-0.49995212670864053,-1.4946631391693148
512400.SS|2025-05-26,512400.SS,2025-05-26,6.011450381679384,2025-06-25,0,-0.04035694687325994,-0.04035694687325994,-1.1659329477745595,-0.9693332809588933,2,up,512400.SS|2025-05-14,green,-0.49995212670864053,-1.4946631391693148
512400.SS|2025-05-27,512400.SS,2025-05-27,6.590257879656147,2025-06-26,0,-0.04035694687325994,-0.04035694687325994,-1.1659329477745595,-1.2479506367303816,2,up,512400.SS|2025-05-14,gray,-0.49995212670864053,-2.2494756285662896
512400.SS|2025-05-28,512400.SS,2025-05-28,8.174904942965778,2025-06-27,0,-0.04035694687325994,-0.04035694687325994,-1.1659329477745595,-1.2479506367303816,2,up,512400.SS|2025-05-14,gray,-0.49995212670864053,-2.2494756285662896
512400.SS|2025-05-29,512400.SS,2025-05-29,9.099616858237546,2025-06-30,0,-0.04035694687325994,-0.04035694687325994,-1.1659329477745595,-1.2479506367303816,2,up,512400.SS|2025-05-14,gray,-0.49995212670864053,-2.2494756285662896
512400.SS|2025-05-30,512400.SS,2025-05-30,9.271523178807929,2025-07-01,0,-0.04035694687325994,-0.04035694687325994,-1.1659329477745595,-1.2479506367303816,2,up,512400.SS|2025-05-14,gray,-0.49995212670864053,-2.2494756285662896
512400.SS|2025-06-03,512400.SS,2025-06-03,8.78504672897198,2025-07-02,0,-0.04035694687325994,-0.04035694687325994,-1.5275407081369974,-1.6669171019289717,2,up,512400.SS|2025-05-14,green,-0.49995212670864053,-1.4946631391693148
512400.SS|2025-06-04,512400.SS,2025-06-04,9.380863039399646,2025-07-03,0,-0.04035694687325994,-0.04035694687325994,-1.5275407081369974,-1.388299746157484,2,up,512400.SS|2025-05-14,green,-0.49995212670864053,-1.4946631391693148
512400.SS|2025-06-05,512400.SS,2025-06-05,6.487488415199261,2025-07-04,0,-0.04035694687325994,-0.04035694687325994,-1.5275407081369974,-1.388299746157484,2,up,512400.SS|2025-05-14,green,-0.49995212670864053,-1.4946631391693148
512400.SS|2025-06-06,512400.SS,2025-06-06,5.360443622920519,2025-07-07,0,-0.04035694687325994,-0.04035694687325994,-1.5275407081369974,-1.388299746157484,2,up,512400.SS|2025-05-14,green,-0.49995212670864053,-1.4946631391693148
512400.SS|2025-06-09,512400.SS,2025-06-09,6.371191135734078,2025-07-08,0,-0.04035694687325994,-0.04035694687325994,-1.5275407081369974,-1.388299746157484,2,up,512400.SS|2025-05-14,green,-0.49995212670864053,-1.4946631391693148
512400.SS|2025-06-10,512400.SS,2025-06-10,2.262443438914019,2025-07-09,0,-0.04035694687325994,-0.04035694687325994,-1.5275407081369974,-1.388299746157484,2,up,512400.SS|2025-05-14,green,-0.49995212670864053,-1.4946631391693148
512400.SS|2025-06-11,512400.SS,2025-06-11,2.5962399283796067,2025-07-10,0,-0.04035694687325994,-0.04035694687325994,-1.5275407081369974,-1.388299746157484,2,up,512400.SS|2025-05-14,green,-0.49995212670864053,-1.4946631391693148
512400.SS|2025-06-12,512400.SS,2025-06-12,4.659498207885293,2025-07-11,0,-0.04035694687325994,-0.04035694687325994,-1.5275407081369974,-1.388299746157484,2,up,512400.SS|2025-05-14,green,-0.49995212670864053,-1.4946631391693148
512400.SS|2025-06-13,512400.SS,2025-06-13,5.485611510791366,2025-07-14,0,-0.04035694687325994,-0.04035694687325994,-1.5275407081369974,-1.388299746157484,2,up,512400.SS|2025-05-14,green,-0.49995212670864053,-1.4946631391693148
512400.SS|2025-06-16,512400.SS,2025-06-16,4.226618705035978,2025-07-15,0,-0.04035694687325994,-0.04035694687325994,-1.5275407081369974,-1.388299746157484,2,up,512400.SS|2025-05-14,green,-0.49995212670864053,-1.4946631391693148
512400.SS|2025-06-17,512400.SS,2025-06-17,4.144144144144146,2025-07-16,0,-0.04035694687325994,-0.04035694687325994,-1.5275407081369974,-1.388299746157484,2,up,512400.SS|2025-05-14,green,-0.49995212670864053,-1.4946631391693148
512400.SS|2025-06-18,512400.SS,2025-06-18,6.324472960586602,2025-07-17,0,-0.04035694687325994,-0.04035694687325994,-1.5275407081369974,-1.388299746157484,2,up,512400.SS|2025-05-14,green,-0.49995212670864053,-1.4946631391693148
512400.SS|2025-06-19,512400.SS,2025-06-19,9.38362465501379,2025-07-18,0,-0.04035694687325994,-0.04035694687325994,-1.5275407081369974,-1.388299746157484,2,up,512400.SS|2025-05-14,green,-0.49995212670864053,-1.4946631391693148
512400.SS|2025-06-20,512400.SS,2025-06-20,11.485870556061982,2025-07-21,0,-0.04035694687325994,-0.04035694687325994,-1.5275407081369974,-1.388299746157484,2,up,512400.SS|2025-05-14,green,-0.49995212670864053,-1.4946631391693148
512400.SS|2025-06-23,512400.SS,2025-06-23,13.508612873980063,2025-07-22,0,-0.04035694687325994,-0.04035694687325994,-1.5275407081369974,-1.388299746157484,2,up,512400.SS|2025-05-14,green,-0.49995212670864053,-1.4946631391693148
512400.SS|2025-06-24,512400.SS,2025-06-24,12.241224122412264,2025-07-23,0,-0.04035694687325994,-0.04035694687325994,-1.5275407081369974,-1.388299746157484,3,sideways,512400.SS|2025-06-24,green,-0.49995212670864053,-1.4946631391693148
512400.SS|2025-06-25,512400.SS,2025-06-25,15.412186379928317,2025-07-24,0,-0.04035694687325994,-0.04035694687325994,-1.5275407081369974,-1.388299746157484,3,sideways,512400.SS|2025-06-24,green,-0.49995212670864053,-1.4946631391693148
512400.SS|2025-06-26,512400.SS,2025-06-26,13.181019332161714,2025-07-25,0,-0.04035694687325994,-0.04035694687325994,-1.5275407081369974,-1.388299746157484,3,sideways,512400.SS|2025-06-24,green,-0.49995212670864053,-1.4946631391693148
512400.SS|2025-06-27,512400.SS,2025-06-27,12.554872695346786,2025-07-28,0,-0.04035694687325994,-0.04035694687325994,-1.5275407081369974,-1.388299746157484,3,sideways,512400.SS|2025-06-24,green,-0.49995212670864053,-1.4946631391693148
512400.SS|2025-06-30,512400.SS,2025-06-30,10.735930735930754,2025-07-29,0,-0.04035694687325994,-0.04035694687325994,-1.5275407081369974,-1.388299746157484,3,sideways,512400.SS|2025-06-24,green,-0.49995212670864053,-1.4946631391693148
512400.SS|2025-07-01,512400.SS,2025-07-01,9.192439862542967,2025-07-30,0,-0.04035694687325994,-0.04035694687325994,-1.5275407081369974,-1.388299746157484,3,sideways,512400.SS|2025-06-24,green,-0.49995212670864053,-1.4946631391693148
512400.SS|2025-07-02,512400.SS,2025-07-02,5.4030874785591765,2025-07-31,0,-0.04035694687325994,-0.04035694687325994,-1.5275407081369974,-1.388299746157484,3,sideways,512400.SS|2025-06-24,green,-0.49995212670864053,-1.4946631391693148
512400.SS|2025-07-03,512400.SS,2025-07-03,6.5274151436031325,2025-08-01,0,-0.04035694687325994,-0.04035694687325994,-1.5275407081369974,-1.388299746157484,3,sideways,512400.SS|2025-06-24,green,-0.49995212670864053,-1.4946631391693148
512400.SS|2025-07-04,512400.SS,2025-07-04,9.210526315789469,2025-08-04,0,-0.04035694687325994,-0.04035694687325994,-1.5275407081369974,-1.388299746157484,2,up,512400.SS|2025-07-04,green,-0.49995212670864053,-1.4946631391693148
512400.SS|2025-07-07,512400.SS,2025-07-07,8.50694444444442,2025-08-05,0,-0.04035694687325994,-0.04035694687325994,-1.5275407081369974,-1.388299746157484,2,up,512400.SS|2025-07-04,green,-0.49995212670864053,-1.4946631391693148
512400.SS|2025-07-08,512400.SS,2025-07-08,11.858407079646028,2025-08-06,0,-0.04035694687325994,-0.04035694687325994,-1.5275407081369974,-1.388299746157484,2,up,512400.SS|2025-07-04,green,-0.49995212670864053,-1.4946631391693148
512400.SS|2025-07-09,512400.SS,2025-07-09,11.780104712041894,2025-08-07,0,-0.04035694687325994,-0.04035694687325994,-1.5275407081369974,-1.388299746157484,2,up,512400.SS|2025-07-04,green,-0.49995212670864053,-1.4946631391693148
512400.SS|2025-07-10,512400.SS,2025-07-10,11.044520547945202,2025-08-08,0,-0.04035694687325994,-0.04035694687325994,-1.5275407081369974,-1.388299746157484,2,up,512400.SS|2025-07-04,green,-0.49995212670864053,-1.4946631391693148
512400.SS|2025-07-11,512400.SS,2025-07-11,11.253196930946284,2025-08-11,0,-0.04035694687325994,-0.04035694687325994,-1.5275407081369974,-1.388299746157484,2,up,512400.SS|2025-07-04,green,-0.49995212670864053,-1.4946631391693148
512400.SS|2025-07-14,512400.SS,2025-07-14,12.079378774805871,2025-08-12,0,-0.04035694687325994,-0.04035694687325994,-1.5275407081369974,-1.388299746157484,2,up,512400.SS|2025-07-04,green,-0.49995212670864053,-1.4946631391693148
512400.SS|2025-07-15,512400.SS,2025-07-15,14.792387543252584,2025-08-13,0,-0.04035694687325994,-0.04035694687325994,-1.5275407081369974,-1.388299746157484,2,up,512400.SS|2025-07-04,green,-0.49995212670864053,-1.4946631391693148
512400.SS|2025-07-16,512400.SS,2025-07-16,13.793103448275868,2025-08-14,0,-0.04035694687325994,-0.04035694687325994,-1.5275407081369974,-1.388299746157484,2,up,512400.SS|2025-07-04,green,-0.49995212670864053,-1.4946631391693148
512400.SS|2025-07-17,512400.SS,2025-07-17,13.20437342304459,2025-08-15,0,-0.04035694687325994,-0.04035694687325994,-1.5275407081369974,-1.388299746157484,2,up,512400.SS|2025-07-04,green,-0.49995212670864053,-1.4946631391693148
512400.SS|2025-07-18,512400.SS,2025-07-18,10.547833197056411,2025-08-18,0,-0.04035694687325994,-0.04035694687325994,-1.5275407081369974,-1.388299746157484,2,up,512400.SS|2025-07-04,green,-0.49995212670864053,-1.4946631391693148
512400.SS|2025-07-21,512400.SS,2025-07-21,7.348242811501593,2025-08-19,0,-0.04035694687325994,-0.04035694687325994,-1.5275407081369974,-1.388299746157484,2,up,512400.SS|2025-07-04,green,-0.49995212670864053,-1.4946631391693148
512400.SS|2025-07-22,512400.SS,2025-07-22,8.740978348035288,2025-08-20,0,-0.04035694687325994,-0.04035694687325994,-1.5275407081369974,-1.388299746157484,2,up,512400.SS|2025-07-04,green,-0.49995212670864053,-1.4946631391693148
512400.SS|2025-07-23,512400.SS,2025-07-23,4.891304347826075,2025-08-21,0,-0.04035694687325994,-0.04035694687325994,-1.5275407081369974,-1.388299746157484,2,up,512400.SS|2025-07-04,green,-0.49995212670864053,-1.4946631391693148
512400.SS|2025-07-24,512400.SS,2025-07-24,6.211180124223592,2025-08-22,0,-0.04035694687325994,-0.04035694687325994,-1.5275407081369974,-1.388299746157484,2,up,512400.SS|2025-07-04,green,-0.49995212670864053,-1.4946631391693148
512400.SS|2025-07-25,512400.SS,2025-07-25,12.792511700468022,2025-08-25,0,-0.04035694687325994,-0.04035694687325994,-1.5275407081369974,-1.388299746157484,2,up,512400.SS|2025-07-04,green,-0.49995212670864053,-1.4946631391693148
512400.SS|2025-07-28,512400.SS,2025-07-28,11.571540265832692,2025-08-26,0,-0.04035694687325994,-0.04035694687325994,-1.5275407081369974,-1.388299746157484,2,up,512400.SS|2025-07-04,green,-0.49995212670864053,-1.4946631391693148
512400.SS|2025-07-29,512400.SS,2025-07-29,11.4870180959874,2025-08-27,0,-0.04035694687325994,-0.04035694687325994,-1.5275407081369974,-1.388299746157484,2,up,512400.SS|2025-07-04,green,-0.49995212670864053,-1.4946631391693148
512400.SS|2025-07-30,512400.SS,2025-07-30,17.412530512611866,2025-08-28,0,-0.04035694687325994,-0.04035694687325994,-1.5275407081369974,-1.388299746157484,2,up,512400.SS|2025-07-04,green,-0.49995212670864053,-1.4946631391693148
512400.SS|2025-07-31,512400.SS,2025-07-31,21.405228758169926,2025-08-29,0,-0.04035694687325994,-0.04035694687325994,-1.5275407081369974,-1.388299746157484,2,up,512400.SS|2025-07-04,green,-0.49995212670864053,-1.4946631391693148
512400.SS|2025-08-01,512400.SS,2025-08-01,23.13253012048193,2025-09-01,0,-0.04035694687325994,-0.04035694687325994,-1.5275407081369974,-1.388299746157484,2,up,512400.SS|2025-07-04,green,-0.49995212670864053,-1.4946631391693148
512400.SS|2025-08-04,512400.SS,2025-08-04,20.88000000000001,2025-09-02,0,-0.04035694687325994,-0.04035694687325994,-1.5275407081369974,-1.388299746157484,2,up,512400.SS|2025-07-04,green,-0.49995212670864053,-1.4946631391693148
512400.SS|2025-08-05,512400.SS,2025-08-05,19.145569620253156,2025-09-03,0,-0.04035694687325994,-0.04035694687325994,-1.5275407081369974,-1.388299746157484,2,up,512400.SS|2025-07-04,green,-0.49995212670864053,-1.4946631391693148
512400.SS|2025-08-06,512400.SS,2025-08-06,12.724434035909438,2025-09-04,0,-0.04035694687325994,-0.04035694687325994,-1.5275407081369974,-1.388299746157484,2,up,512400.SS|2025-07-04,green,-0.49995212670864053,-1.4946631391693148
512400.SS|2025-08-07,512400.SS,2025-08-07,16.191210485736306,2025-09-05,0,-0.04035694687325994,-0.04035694687325994,-1.5275407081369974,-1.388299746157484,2,up,512400.SS|2025-07-04,green,-0.49995212670864053,-1.4946631391693148
512400.SS|2025-08-08,512400.SS,2025-08-08,15.249042145593862,2025-09-08,0,-0.04035694687325994,-0.04035694687325994,-1.5275407081369974,-1.388299746157484,2,up,512400.SS|2025-07-04,green,-0.49995212670864053,-1.4946631391693148
512400.SS|2025-08-11,512400.SS,2025-08-11,16.628175519630496,2025-09-09,0,-0.04035694687325994,-0.04035694687325994,-1.5275407081369974,-1.388299746157484,2,up,512400.SS|2025-07-04,green,-0.49995212670864053,-1.4946631391693148
512400.SS|2025-08-12,512400.SS,2025-08-12,13.03692539562924,2025-09-10,0,-0.04035694687325994,-0.04035694687325994,-1.5275407081369974,-1.388299746157484,2,up,512400.SS|2025-07-04,green,-0.49995212670864053,-1.4946631391693148
512400.SS|2025-08-13,512400.SS,2025-08-13,15.454545454545453,2025-09-11,0,-0.04035694687325994,-0.04035694687325994,-1.5275407081369974,-1.388299746157484,1,up,512400.SS|2025-07-04,green,-0.49995212670864053,-1.4946631391693148
512400.SS|2025-08-14,512400.SS,2025-08-14,16.04754829123327,2025-09-12,0,-0.04035694687325994,-0.04035694687325994,-1.5275407081369974,-1.388299746157484,1,up,512400.SS|2025-07-04,green,-0.49995212670864053,-1.4946631391693148
512400.SS|2025-08-15,512400.SS,2025-08-15,14.644970414201186,2025-09-15,0,-0.04035694687325994,-0.04035694687325994,-1.5275407081369974,-1.388299746157484,1,up,512400.SS|2025-07-04,green,-0.49995212670864053,-1.4946631391693148
512400.SS|2025-08-18,512400.SS,2025-08-18,13.82474406700791,2025-09-16,0,-0.04035694687325994,-0.04035694687325994,-1.5275407081369974,-1.388299746157484,1,up,512400.SS|2025-07-04,green,-0.49995212670864053,-1.4946631391693148
512400.SS|2025-08-19,512400.SS,2025-08-19,13.040846329019029,2025-09-17,0,-0.04035694687325994,-0.04035694687325994,-1.5275407081369974,-1.388299746157484,1,up,512400.SS|2025-07-04,green,-0.49995212670864053,-1.4946631391693148
512400.SS|2025-08-20,512400.SS,2025-08-20,9.423107988533053,2025-09-18,0,-0.04035694687325994,-0.04035694687325994,-1.5275407081369974,-1.388299746157484,1,up,512400.SS|2025-07-04,green,-0.49995212670864053,-1.4946631391693148
512400.SS|2025-08-21,512400.SS,2025-08-21,9.465778996895068,2025-09-19,0,-0.04035694687325994,-0.04035694687325994,-1.5275407081369974,-1.388299746157484,1,up,512400.SS|2025-07-04,green,-0.49995212670864053,-1.4946631391693148
512400.SS|2025-08-22,512400.SS,2025-08-22,4.538635165637217,2025-09-22,0,-0.04035694687325994,-0.04035694687325994,-1.5275407081369974,-1.388299746157484,1,up,512400.SS|2025-07-04,green,-0.49995212670864053,-1.4946631391693148
512400.SS|2025-08-25,512400.SS,2025-08-25,4.9398638176261,2025-09-23,0,-0.04035694687325994,-0.04035694687325994,-1.5275407081369974,-1.388299746157484,1,up,512400.SS|2025-07-04,green,-0.49995212670864053,-1.4946631391693148
512400.SS|2025-08-26,512400.SS,2025-08-26,7.105666649042908,2025-09-24,0,-0.04035694687325994,-0.04035694687325994,-1.5275407081369974,-1.388299746157484,1,up,512400.SS|2025-07-04,green,-0.49995212670864053,-1.4946631391693148
512400.SS|2025-08-27,512400.SS,2025-08-27,7.27515287775875,2025-09-25,0,-0.04035694687325994,-0.04035694687325994,-1.5275407081369974,-1.388299746157484,1,up,512400.SS|2025-07-04,green,-0.49995212670864053,-1.4946631391693148
512400.SS|2025-08-28,512400.SS,2025-08-28,4.10300700128452,2025-09-26,0,-0.04035694687325994,-0.04035694687325994,-1.5275407081369974,-1.388299746157484,1,up,512400.SS|2025-07-04,green,-0.49995212670864053,-1.4946631391693148
512400.SS|2025-08-29,512400.SS,2025-08-29,5.061077574575412,2025-09-29,0,-0.04035694687325994,-0.04035694687325994,-1.5275407081369974,-1.388299746157484,1,up,512400.SS|2025-07-04,green,-0.49995212670864053,-1.4946631391693148
512400.SS|2025-09-01,512400.SS,2025-09-01,10.466783220552012,2025-09-30,0,-0.04035694687325994,-0.04035694687325994,-1.5275407081369974,-1.388299746157484,1,up,512400.SS|2025-07-04,green,-0.49995212670864053,-1.4946631391693148
512400.SS|2025-09-02,512400.SS,2025-09-02,20.48872912259756,2025-10-09,0,-0.04035694687325994,-0.04035694687325994,-1.5275407081369974,-1.388299746157484,1,up,512400.SS|2025-07-04,green,-0.49995212670864053,-1.4946631391693148
512400.SS|2025-09-03,512400.SS,2025-09-03,21.11669539011252,2025-10-10,0,-0.04035694687325994,-0.04035694687325994,-1.5275407081369974,-1.388299746157484,1,up,512400.SS|2025-07-04,green,-0.49995212670864053,-1.4946631391693148
512400.SS|2025-09-04,512400.SS,2025-09-04,20.54278729663308,2025-10-13,0,-0.04035694687325994,-0.04035694687325994,-1.5275407081369974,-1.388299746157484,1,up,512400.SS|2025-07-04,green,-0.49995212670864053,-1.4946631391693148
512400.SS|2025-09-05,512400.SS,2025-09-05,16.016355949823293,2025-10-14,0,-0.04035694687325994,-0.04035694687325994,-1.5275407081369974,-1.388299746157484,1,up,512400.SS|2025-07-04,green,-0.49995212670864053,-1.4946631391693148
512400.SS|2025-09-08,512400.SS,2025-09-08,16.24041883015661,2025-10-15,0,-0.04035694687325994,-0.04035694687325994,-1.5275407081369974,-1.388299746157484,1,up,512400.SS|2025-07-04,green,-0.49995212670864053,-1.4946631391693148
512400.SS|2025-09-09,512400.SS,2025-09-09,14.710097719869708,2025-10-16,0,-0.04035694687325994,-0.04035694687325994,-1.5275407081369974,-1.388299746157484,1,up,512400.SS|2025-07-04,green,-0.49995212670864053,-1.4946631391693148
512400.SS|2025-09-10,512400.SS,2025-09-10,10.717125343045474,2025-10-17,0,-0.04035694687325994,-0.04035694687325994,-1.5275407081369974,-1.388299746157484,1,up,512400.SS|2025-07-04,green,-0.49995212670864053,-1.4946631391693148
512400.SS|2025-09-11,512400.SS,2025-09-11,6.536762773859639,2025-10-20,0,-0.04035694687325994,-0.04035694687325994,-1.5275407081369974,-1.388299746157484,1,up,512400.SS|2025-07-04,green,-0.49995212670864053,-1.4946631391693148
512400.SS|2025-09-12,512400.SS,2025-09-12,9.055374592833875,2025-10-21,0,-0.04035694687325994,-0.04035694687325994,-1.5275407081369974,-1.388299746157484,2,up,512400.SS|2025-07-04,green,-0.49995212670864053,-1.4946631391693148
512400.SS|2025-09-15,512400.SS,2025-09-15,9.042904290429043,2025-10-22,0,-0.04035694687325994,-0.04035694687325994,-1.5275407081369974,-1.388299746157484,2,up,512400.SS|2025-07-04,green,-0.49995212670864053,-1.4946631391693148
512400.SS|2025-09-16,512400.SS,2025-09-16,10.079051383399218,2025-10-23,0,-0.04035694687325994,-0.04035694687325994,-1.5275407081369974,-1.388299746157484,2,up,512400.SS|2025-07-04,green,-0.49995212670864053,-1.4946631391693148
512400.SS|2025-09-17,512400.SS,2025-09-17,16.12021857923498,2025-10-24,0,-0.04035694687325994,-0.04035694687325994,-1.5275407081369974,-1.388299746157484,2,up,512400.SS|2025-07-04,green,-0.49995212670864053,-1.4946631391693148
512400.SS|2025-09-18,512400.SS,2025-09-18,17.397167902899536,2025-10-27,0,-0.04035694687325994,-0.04035694687325994,-1.5275407081369974,-1.388299746157484,2,up,512400.SS|2025-07-04,green,-0.49995212670864053,-1.4946631391693148
512400.SS|2025-09-19,512400.SS,2025-09-19,12.625250501002006,2025-10-28,0,-0.04035694687325994,-0.04035694687325994,-1.5275407081369974,-1.388299746157484,2,up,512400.SS|2025-07-04,green,-0.49995212670864053,-1.4946631391693148
512400.SS|2025-09-22,512400.SS,2025-09-22,18.948078219824673,2025-10-29,0,-0.04035694687325994,-0.04035694687325994,-1.5275407081369974,-1.388299746157484,2,up,512400.SS|2025-07-04,green,-0.49995212670864053,-1.4946631391693148
512400.SS|2025-09-23,512400.SS,2025-09-23,18.695941450432475,2025-10-30,0,-0.04035694687325994,-0.04035694687325994,-1.5275407081369974,-1.388299746157484,2,up,512400.SS|2025-07-04,green,-0.49995212670864053,-1.4946631391693148
512400.SS|2025-09-24,512400.SS,2025-09-24,13.763861709067182,2025-10-31,0,-0.04035694687325994,-0.04035694687325994,-1.5275407081369974,-1.388299746157484,2,up,512400.SS|2025-07-04,green,-0.49995212670864053,-1.4946631391693148
512400.SS|2025-09-25,512400.SS,2025-09-25,12.20626631853785,2025-11-03,0,-0.04035694687325994,-0.04035694687325994,-1.5275407081369974,-1.388299746157484,2,up,512400.SS|2025-07-04,green,-0.49995212670864053,-1.4946631391693148
512400.SS|2025-09-26,512400.SS,2025-09-26,4.514106583072097,2025-11-04,0,-0.04035694687325994,-0.04035694687325994,-1.5275407081369974,-1.388299746157484,2,up,512400.SS|2025-07-04,green,-0.49995212670864053,-1.4946631391693148
512400.SS|2025-09-29,512400.SS,2025-09-29,1.2704174228675091,2025-11-05,0,-0.04035694687325994,-0.04035694687325994,-1.5275407081369974,-1.388299746157484,1,up,512400.SS|2025-07-04,green,-0.49995212670864053,-1.4946631391693148
512400.SS|2025-09-30,512400.SS,2025-09-30,-3.8397328881469073,2025-11-06,0,-0.04035694687325994,-0.04035694687325994,-1.5275407081369974,-1.388299746157484,1,up,512400.SS|2025-07-04,green,-0.49995212670864053,-1.4946631391693148
512400.SS|2025-10-09,512400.SS,2025-10-09,0.34642032332563577,2025-11-07,0,-0.04035694687325994,-0.04035694687325994,-1.5275407081369974,-1.388299746157484,1,up,512400.SS|2025-07-04,green,-0.49995212670864053,-1.4946631391693148
512400.SS|2025-10-10,512400.SS,2025-10-10,-2.9460811561978772,2025-11-10,0,-0.04035694687325994,-0.04035694687325994,-1.5275407081369974,-1.388299746157484,1,up,512400.SS|2025-07-04,green,-0.49995212670864053,-1.4946631391693148
512400.SS|2025-10-13,512400.SS,2025-10-13,-0.347222222222221,2025-11-11,0,-0.04035694687325994,-0.04035694687325994,-1.5275407081369974,-1.388299746157484,1,up,512400.SS|2025-07-04,green,-0.49995212670864053,-1.4946631391693148
512400.SS|2025-10-14,512400.SS,2025-10-14,-1.2041284403669694,2025-11-12,0,-0.04035694687325994,-0.04035694687325994,-1.5275407081369974,-1.388299746157484,1,up,512400.SS|2025-07-04,green,-0.49995212670864053,-1.4946631391693148
512400.SS|2025-10-15,512400.SS,2025-10-15,5.281690140845052,2025-11-13,0,-0.04035694687325994,-0.04035694687325994,-1.5275407081369974,-1.388299746157484,1,up,512400.SS|2025-07-04,green,-0.49995212670864053,-1.4946631391693148
512400.SS|2025-10-16,512400.SS,2025-10-16,5.326152004787543,2025-11-14,0,-0.04035694687325994,-0.04035694687325994,-1.5275407081369974,-1.388299746157484,1,up,512400.SS|2025-07-04,green,-0.49995212670864053,-1.4946631391693148
512400.SS|2025-10-17,512400.SS,2025-10-17,6.25,2025-11-17,0,-0.04035694687325994,-0.04035694687325994,-1.5275407081369974,-1.388299746157484,1,up,512400.SS|2025-07-04,green,-0.49995212670864053,-1.4946631391693148
512400.SS|2025-10-20,512400.SS,2025-10-20,1.6726403823178027,2025-11-18,0,-0.04035694687325994,-0.04035694687325994,-1.5275407081369974,-1.388299746157484,1,up,512400.SS|2025-07-04,green,-0.49995212670864053,-1.4946631391693148
512400.SS|2025-10-21,512400.SS,2025-10-21,5.932203389830515,2025-11-19,0,-0.04035694687325994,-0.04035694687325994,-1.5275407081369974,-1.388299746157484,1,up,512400.SS|2025-07-04,green,-0.49995212670864053,-1.4946631391693148
512400.SS|2025-10-22,512400.SS,2025-10-22,4.248952722920407,2025-11-20,0,-0.04035694687325994,-0.04035694687325994,-1.5275407081369974,-1.388299746157484,1,up,512400.SS|2025-07-04,green,-0.49995212670864053,-1.4946631391693148
512400.SS|2025-10-23,512400.SS,2025-10-23,-2.941176470588247,2025-11-21,0,-0.04035694687325994,-0.04035694687325994,-1.5275407081369974,-1.388299746157484,1,up,512400.SS|2025-07-04,green,-0.49995212670864053,-1.4946631391693148
512400.SS|2025-10-24,512400.SS,2025-10-24,-5.916140149339455,2025-11-24,0,-0.04035694687325994,-0.04035694687325994,-1.5275407081369974,-1.388299746157484,1,up,512400.SS|2025-07-04,green,-0.49995212670864053,-1.4946631391693148
512400.SS|2025-10-27,512400.SS,2025-10-27,-0.7117437722420017,2025-11-25,0,-0.04035694687325994,-0.04035694687325994,-1.5275407081369974,-1.388299746157484,1,up,512400.SS|2025-07-04,green,-0.49995212670864053,-1.4946631391693148
512400.SS|2025-10-28,512400.SS,2025-10-28,-5.102040816326536,2025-11-26,0,-0.04035694687325994,-0.04035694687325994,-1.5275407081369974,-1.388299746157484,1,up,512400.SS|2025-07-04,green,-0.49995212670864053,-1.4946631391693148
512400.SS|2025-10-29,512400.SS,2025-10-29,-6.053811659192821,2025-11-27,0,-0.04035694687325994,-0.04035694687325994,-0.4172413203658343,0.269221885676571,1,up,512400.SS|2025-07-04,green,-0.49995212670864053,-1.4946631391693148
512400.SS|2025-10-30,512400.SS,2025-10-30,-2.2935779816513735,2025-11-28,0,-0.04035694687325994,-0.04035694687325994,-0.4172413203658343,0.269221885676571,1,up,512400.SS|2025-07-04,green,-0.49995212670864053,-1.4946631391693148
512400.SS|2025-10-31,512400.SS,2025-10-31,2.1524141942990127,2025-12-01,0,-0.04035694687325994,-0.04035694687325994,-0.4172413203658343,0.269221885676571,1,up,512400.SS|2025-07-04,green,-0.49995212670864053,-1.4946631391693148
512400.SS|2025-11-03,512400.SS,2025-11-03,3.839232153569272,2025-12-02,0,-0.04035694687325994,-0.04035694687325994,-0.4172413203658343,0.269221885676571,1,up,512400.SS|2025-07-04,green,-0.49995212670864053,-1.4946631391693148
512400.SS|2025-11-04,512400.SS,2025-11-04,4.062126642771813,2025-12-03,0,-0.04035694687325994,-0.04035694687325994,-0.4172413203658343,0.269221885676571,1,up,512400.SS|2025-07-04,gray,-0.49995212670864053,-2.2494756285662896
512400.SS|2025-11-05,512400.SS,2025-11-05,1.157407407407396,2025-12-04,0,-0.04035694687325994,-0.04035694687325994,-0.4172413203658343,0.269221885676571,1,up,512400.SS|2025-07-04,gray,-0.49995212670864053,-2.2494756285662896
512400.SS|2025-11-06,512400.SS,2025-11-06,3.1645569620253333,2025-12-05,0,-0.04035694687325994,-0.04035694687325994,-1.3846357267869247,-1.388299746157484,1,up,512400.SS|2025-07-04,gray,-0.49995212670864053,-2.2494756285662896
512400.SS|2025-11-07,512400.SS,2025-11-07,3.4364261168384758,2025-12-08,0,-0.04035694687325994,-0.04035694687325994,-1.3846357267869247,-1.388299746157484,1,up,512400.SS|2025-07-04,green,-0.49995212670864053,-1.4946631391693148
512400.SS|2025-11-10,512400.SS,2025-11-10,1.3937282229965264,2025-12-09,0,-0.04035694687325994,-0.04035694687325994,-1.3846357267869247,-1.753069787683568,1,up,512400.SS|2025-07-04,gray,-0.49995212670864053,-2.2494756285662896
512400.SS|2025-11-11,512400.SS,2025-11-11,2.3795705165409187,2025-12-10,0,-0.04035694687325994,-0.04035694687325994,-1.3846357267869247,-1.753069787683568,1,up,512400.SS|2025-07-04,gray,-0.49995212670864053,-2.2494756285662896
512400.SS|2025-11-12,512400.SS,2025-11-12,-2.3968784838349966,2025-12-11,0,-0.04035694687325994,-0.04035694687325994,-1.3846357267869247,-1.753069787683568,1,up,512400.SS|2025-07-04,gray,-0.49995212670864053,-2.2494756285662896
512400.SS|2025-11-13,512400.SS,2025-11-13,0.5681818181818121,2025-12-12,0,-0.04035694687325994,-0.04035694687325994,-1.5275407081369974,-1.753069787683568,1,up,512400.SS|2025-07-04,green,-0.49995212670864053,-1.4946631391693148
512400.SS|2025-11-14,512400.SS,2025-11-14,0.6282124500285535,2025-12-15,0,-0.04035694687325994,-0.04035694687325994,-1.5275407081369974,-1.753069787683568,1,up,512400.SS|2025-07-04,green,-0.49995212670864053,-1.4946631391693148
512400.SS|2025-11-17,512400.SS,2025-11-17,0.763807285546414,2025-12-16,0,-0.04035694687325994,-0.04035694687325994,-1.5275407081369974,-1.753069787683568,1,up,512400.SS|2025-07-04,green,-0.49995212670864053,-1.4946631391693148
512400.SS|2025-11-18,512400.SS,2025-11-18,1.4285714285714235,2025-12-17,0,-0.04035694687325994,-0.04035694687325994,-1.5275407081369974,-1.753069787683568,1,up,512400.SS|2025-07-04,gray,-0.49995212670864053,-2.2494756285662896
512400.SS|2025-11-19,512400.SS,2025-11-19,1.7221584385763489,2025-12-18,0,-0.04035694687325994,-0.04035694687325994,-1.5275407081369974,-1.753069787683568,1,up,512400.SS|2025-07-04,green,-0.49995212670864053,-1.4946631391693148
512400.SS|2025-11-20,512400.SS,2025-11-20,9.515151515151521,2025-12-19,0,-0.04035694687325994,-0.04035694687325994,-1.5275407081369974,-1.753069787683568,1,up,512400.SS|2025-07-04,green,-0.49995212670864053,-1.4946631391693148
512400.SS|2025-11-21,512400.SS,2025-11-21,12.759462759462759,2025-12-22,0,-0.04035694687325994,-0.04035694687325994,-1.3846357267869247,-0.6430082662406554,1,up,512400.SS|2025-07-04,black,-0.49995212670864053,0.7485912992607121
512400.SS|2025-11-24,512400.SS,2025-11-24,11.051373954599764,2025-12-23,0,-0.04035694687325994,-0.04035694687325994,-1.0230279664244868,-0.27717380470408004,1,up,512400.SS|2025-07-04,black,-0.49995212670864053,0.7485912992607121
512400.SS|2025-11-25,512400.SS,2025-11-25,11.648745519713266,2025-12-24,0,-0.04035694687325994,-0.04035694687325994,-1.0230279664244868,-1.3341033224849776,1,up,512400.SS|2025-07-04,black,-0.49995212670864053,0.7485912992607121
512400.SS|2025-11-26,512400.SS,2025-11-26,10.202863961813847,2025-12-25,0,-0.04035694687325994,-0.04035694687325994,-1.0230279664244868,-1.3341033224849776,1,up,512400.SS|2025-07-04,black,-0.49995212670864053,0.7485912992607121
512400.SS|2025-11-27,512400.SS,2025-11-27,12.676056338028175,2025-12-26,0,-0.04035694687325994,-0.04035694687325994,-1.0230279664244868,-1.3341033224849776,1,up,512400.SS|2025-07-04,black,-0.49995212670864053,0.7485912992607121
512400.SS|2025-11-28,512400.SS,2025-11-28,6.947608200455568,2025-12-29,0,-0.04035694687325994,-0.04035694687325994,-1.0230279664244868,-1.3341033224849776,1,up,512400.SS|2025-07-04,gray,-0.49995212670864053,-2.2494756285662896
512400.SS|2025-12-01,512400.SS,2025-12-01,10.283073367995389,2025-12-30,0,-0.04035694687325994,-0.04035694687325994,-1.1659329477745595,-1.3341033224849776,1,up,512400.SS|2025-07-04,green,-0.49995212670864053,-1.4946631391693148
512400.SS|2025-12-02,512400.SS,2025-12-02,10.619977037887484,2025-12-31,0,-0.04035694687325994,-0.04035694687325994,-1.1659329477745595,-1.3341033224849776,1,up,512400.SS|2025-07-04,green,-0.49995212670864053,-1.4946631391693148
512480.SS|2025-01-02,512480.SS,2025-01-02,14.012738853503205,2025-02-10,0,-0.04035694687325994,-0.04035694687325994,-0.8113068465177081,-0.1768225449870569,1,up,512480.SS|2024-10-22,black,0.8259446471800205,3.167574508528961
512480.SS|2025-01-03,512480.SS,2025-01-03,13.475935828877006,2025-02-11,0,-0.04035694687325994,-0.04035694687325994,-0.8113068465177081,-0.1768225449870569,1,up,512480.SS|2024-10-22,black,0.8259446471800205,3.167574508528961
512480.SS|2025-01-06,512480.SS,2025-01-06,12.28249744114638,2025-02-12,0,-0.04035694687325994,-0.04035694687325994,-0.8113068465177081,-0.1768225449870569,1,up,512480.SS|2024-10-22,black,0.8259446471800205,3.167574508528961
512480.SS|2025-01-07,512480.SS,2025-01-07,8.802456499488208,2025-02-13,0,-0.04035694687325994,-0.04035694687325994,-0.8113068465177081,-0.8699038349356164,1,up,512480.SS|2024-10-22,black,0.8259446471800205,3.167574508528961
512480.SS|2025-01-08,512480.SS,2025-01-08,8.3673469387755,2025-02-14,0,-0.04035694687325994,-0.04035694687325994,-0.8113068465177081,-1.2337520627679546,1,up,512480.SS|2024-10-22,black,0.8259446471800205,3.167574508528961
512480.SS|2025-01-09,512480.SS,2025-01-09,10.358974358974372,2025-02-17,0,-0.04035694687325994,-0.04035694687325994,-0.30748130728949175,-0.7664044519862433,1,up,512480.SS|2024-10-22,black,0.8259446471800205,3.167574508528961
512480.SS|2025-01-10,512480.SS,2025-01-10,8.547888774459334,2025-02-18,0,-0.04035694687325994,-0.04035694687325994,-0.30748130728949175,-0.7664044519862433,1,up,512480.SS|2024-10-22,black,0.8259446471800205,3.167574508528961
512480.SS|2025-01-13,512480.SS,2025-01-13,9.009900990098995,2025-02-19,0,-0.04035694687325994,-0.04035694687325994,-0.30748130728949175,-0.7664044519862433,1,up,512480.SS|2024-10-22,black,0.8259446471800205,3.167574508528961
512480.SS|2025-01-14,512480.SS,2025-01-14,8.62239841427157,2025-02-20,0,-0.04035694687325994,-0.04035694687325994,-0.6621074085463431,-0.7664044519862433,1,up,512480.SS|2024-10-22,green,0.8259446471800205,-2.0702839402809867
512480.SS|2025-01-15,512480.SS,2025-01-15,16.599190283400823,2025-02-21,0,-0.04035694687325994,-0.04035694687325994,-1.1659329477745595,-1.2337520627679546,1,up,512480.SS|2024-10-22,green,0.8259446471800205,-2.0702839402809867
512480.SS|2025-01-16,512480.SS,2025-01-16,14.34223541048465,2025-02-24,0,-0.04035694687325994,-0.04035694687325994,-0.30748130728949175,-0.7664044519862433,1,up,512480.SS|2024-10-22,black,0.8259446471800205,3.167574508528961
512480.SS|2025-01-17,512480.SS,2025-01-17,13.960396039603973,2025-02-25,0,-0.04035694687325994,-0.04035694687325994,-0.30748130728949175,-0.7664044519862433,1,up,512480.SS|2024-10-22,gray,0.8259446471800205,0.8448450920444189
512480.SS|2025-01-20,512480.SS,2025-01-20,14.35546875,2025-02-26,0,-0.04035694687325994,-0.04035694687325994,-0.30748130728949175,-0.7664044519862433,1,up,512480.SS|2024-10-22,gray,0.8259446471800205,0.8448450920444189
512480.SS|2025-01-21,512480.SS,2025-01-21,13.894324853228968,2025-02-27,0,-0.04035694687325994,-0.04035694687325994,-0.30748130728949175,-0.7664044519862433,1,up,512480.SS|2024-10-22,gray,0.8259446471800205,0.8448450920444189
512480.SS|2025-01-22,512480.SS,2025-01-22,9.82142857142858,2025-02-28,0,-0.04035694687325994,-0.04035694687325994,-0.30748130728949175,-0.7664044519862433,1,up,512480.SS|2024-10-22,gray,0.8259446471800205,0.8448450920444189
512480.SS|2025-01-23,512480.SS,2025-01-23,7.367387033398831,2025-03-03,0,-0.04035694687325994,-0.04035694687325994,-0.30748130728949175,-0.7664044519862433,1,up,512480.SS|2024-10-22,gray,0.8259446471800205,0.8448450920444189
512480.SS|2025-01-24,512480.SS,2025-01-24,13.434343434343443,2025-03-04,0,-0.04035694687325994,-0.04035694687325994,-0.30748130728949175,-0.629148748478234,1,up,512480.SS|2024-10-22,gray,0.8259446471800205,0.8448450920444189
512480.SS|2025-01-27,512480.SS,2025-01-27,10.914454277286145,2025-03-05,0,-0.04035694687325994,-0.04035694687325994,-0.30748130728949175,-0.5213695054627904,1,up,512480.SS|2024-10-22,black,0.8259446471800205,3.167574508528961
512480.SS|2025-02-05,512480.SS,2025-02-05,9.245283018867934,2025-03-06,0,-0.04035694687325994,-0.04035694687325994,-0.30748130728949175,-0.5213695054627904,1,up,512480.SS|2024-10-22,gray,0.8259446471800205,0.8448450920444189
512480.SS|2025-02-06,512480.SS,2025-02-06,7.53295668549907,2025-03-07,0,-0.04035694687325994,-0.04035694687325994,-0.6621074085463431,-0.5213695054627904,1,up,512480.SS|2024-10-22,green,0.8259446471800205,-2.0702839402809867
512480.SS|2025-02-07,512480.SS,2025-02-07,6.238361266294223,2025-03-10,0,-0.04035694687325994,-0.04035694687325994,-1.1659329477745595,-1.0964963592599455,1,up,512480.SS|2024-10-22,green,0.8259446471800205,-2.0702839402809867
512480.SS|2025-02-10,512480.SS,2025-02-10,6.69180018850144,2025-03-11,0,-0.04035694687325994,-0.04035694687325994,-1.1659329477745595,-1.2337520627679546,1,up,512480.SS|2024-10-22,green,0.8259446471800205,-2.0702839402809867
512480.SS|2025-02-11,512480.SS,2025-02-11,2.8258887876025485,2025-03-12,0,-0.04035694687325994,-0.04035694687325994,-1.1659329477745595,-1.2337520627679546,1,up,512480.SS|2024-10-22,green,0.8259446471800205,-2.0702839402809867
512480.SS|2025-02-12,512480.SS,2025-02-12,3.010348071495783,2025-03-13,0,-0.04035694687325994,-0.04035694687325994,-1.1659329477745595,-1.2337520627679546,1,up,512480.SS|2024-10-22,green,0.8259446471800205,-2.0702839402809867
512480.SS|2025-02-13,512480.SS,2025-02-13,5.178907721280601,2025-03-14,0,-0.04035694687325994,-0.04035694687325994,-1.1659329477745595,-1.2337520627679546,1,up,512480.SS|2024-10-22,green,0.8259446471800205,-2.0702839402809867
512480.SS|2025-02-14,512480.SS,2025-02-14,3.2527881040892215,2025-03-17,0,-0.04035694687325994,-0.04035694687325994,-1.5275407081369974,-1.6527185279665448,2,up,512480.SS|2024-10-22,green,0.8259446471800205,-2.0702839402809867
512480.SS|2025-02-17,512480.SS,2025-02-17,6.166982922201125,2025-03-18,0,-0.04035694687325994,-0.04035694687325994,-1.5275407081369974,-1.6527185279665448,2,up,512480.SS|2024-10-22,green,0.8259446471800205,-2.0702839402809867
512480.SS|2025-02-18,512480.SS,2025-02-18,0.36330608537693543,2025-03-19,0,-0.04035694687325994,-0.04035694687325994,-1.5275407081369974,-1.6527185279665448,2,up,512480.SS|2024-10-22,green,0.8259446471800205,-2.0702839402809867
512480.SS|2025-02-19,512480.SS,2025-02-19,-0.18248175182481452,2025-03-20,0,-0.04035694687325994,-0.04035694687325994,-1.5275407081369974,-1.6527185279665448,2,up,512480.SS|2024-10-22,green,0.8259446471800205,-2.0702839402809867
512480.SS|2025-02-20,512480.SS,2025-02-20,-7.638888888888906,2025-03-21,0,-0.04035694687325994,-0.04035694687325994,-1.5275407081369974,-1.6527185279665448,2,up,512480.SS|2024-10-22,green,0.8259446471800205,-2.0702839402809867
512480.SS|2025-02-21,512480.SS,2025-02-21,-7.266435986159159,2025-03-24,0,-0.04035694687325994,-0.04035694687325994,-1.5275407081369974,-1.6527185279665448,2,up,512480.SS|2024-10-22,green,0.8259446471800205,-2.0702839402809867
512480.SS|2025-02-24,512480.SS,2025-02-24,-8.60121633362294,2025-03-25,0,-0.04035694687325994,-0.04035694687325994,-1.5275407081369974,-1.6527185279665448,2,up,512480.SS|2024-10-22,green,0.8259446471800205,-2.0702839402809867
512480.SS|2025-02-25,512480.SS,2025-02-25,-10.162254483347565,2025-03-26,0,-0.04035694687325994,-0.04035694687325994,-1.5275407081369974,-1.6527185279665448,2,up,512480.SS|2024-10-22,green,0.8259446471800205,-2.0702839402809867
512480.SS|2025-02-26,512480.SS,2025-02-26,-8.591065292096223,2025-03-27,0,-0.04035694687325994,-0.04035694687325994,-1.5275407081369974,-1.6527185279665448,2,up,512480.SS|2024-10-22,green,0.8259446471800205,-2.0702839402809867
512480.SS|2025-02-27,512480.SS,2025-02-27,-5.329719963866308,2025-03-28,0,-0.04035694687325994,-0.04035694687325994,-1.5275407081369974,-1.6527185279665448,2,up,512480.SS|2024-10-22,green,0.8259446471800205,-2.0702839402809867
512480.SS|2025-02-28,512480.SS,2025-02-28,-4.025617566331208,2025-03-31,0,-0.04035694687325994,-0.04035694687325994,-1.5275407081369974,-1.6527185279665448,2,up,512480.SS|2024-10-22,green,0.8259446471800205,-2.0702839402809867
512480.SS|2025-03-03,512480.SS,2025-03-03,-6.500445235975061,2025-04-01,0,-0.04035694687325994,-0.04035694687325994,-1.5275407081369974,-1.6527185279665448,2,up,512480.SS|2024-10-22,gray,0.8259446471800205,0.8448450920444189
512480.SS|2025-03-04,512480.SS,2025-03-04,-7.180851063829796,2025-04-02,0,-0.04035694687325994,-0.04035694687325994,-1.5275407081369974,-1.6527185279665448,2,up,512480.SS|2024-10-22,green,0.8259446471800205,-2.0702839402809867
512480.SS|2025-03-05,512480.SS,2025-03-05,-10.103626943005173,2025-04-03,0,-0.04035694687325994,-0.04035694687325994,-1.5275407081369974,-1.388299746157484,2,up,512480.SS|2024-10-22,green,0.8259446471800205,-2.0702839402809867
512480.SS|2025-03-06,512480.SS,2025-03-06,-17.338003502626965,2025-04-07,0,-0.04035694687325994,-0.04035694687325994,-1.5275407081369974,-1.388299746157484,2,up,512480.SS|2024-10-22,green,0.8259446471800205,-2.0702839402809867
512480.SS|2025-03-07,512480.SS,2025-03-07,-17.090271691498682,2025-04-08,0,-0.04035694687325994,-0.04035694687325994,-1.5275407081369974,-1.388299746157484,2,up,512480.SS|2024-10-22,green,0.8259446471800205,-2.0702839402809867
512480.SS|2025-03-10,512480.SS,2025-03-10,-12.279151943462907,2025-04-09,0,-0.04035694687325994,-0.04035694687325994,-1.5275407081369974,-1.388299746157484,2,up,512480.SS|2024-10-22,green,0.8259446471800205,-2.0702839402809867
512480.SS|2025-03-11,512480.SS,2025-03-11,-10.904255319148938,2025-04-10,0,-0.04035694687325994,-0.04035694687325994,-1.5275407081369974,-1.388299746157484,2,up,512480.SS|2024-10-22,green,0.8259446471800205,-2.0702839402809867
512480.SS|2025-03-12,512480.SS,2025-03-12,-3.6529680365296913,2025-04-11,0,-0.04035694687325994,-0.04035694687325994,-1.5275407081369974,-1.388299746157484,2,up,512480.SS|2024-10-22,green,0.8259446471800205,-2.0702839402809867
512480.SS|2025-03-13,512480.SS,2025-03-13,-5.550581915846009,2025-04-14,0,-0.04035694687325994,-0.04035694687325994,-1.5275407081369974,-1.6527185279665448,2,up,512480.SS|2024-10-22,gray,0.8259446471800205,0.8448450920444189
512480.SS|2025-03-14,512480.SS,2025-03-14,-6.210621062106214,2025-04-15,0,-0.04035694687325994,-0.04035694687325994,-1.5275407081369974,-1.6527185279665448,2,up,512480.SS|2024-10-22,green,0.8259446471800205,-2.0702839402809867
512480.SS|2025-03-17,512480.SS,2025-03-17,-6.255585344057191,2025-04-16,0,-0.04035694687325994,-0.04035694687325994,-1.5275407081369974,-1.6527185279665448,2,up,512480.SS|2024-10-22,gray,0.8259446471800205,0.8448450920444189
512480.SS|2025-03-18,512480.SS,2025-03-18,-4.52488687782806,2025-04-17,0,-0.04035694687325994,-0.04035694687325994,-1.5275407081369974,-1.6527185279665448,2,up,512480.SS|2024-10-22,green,0.8259446471800205,-2.0702839402809867
512480.SS|2025-03-19,512480.SS,2025-03-19,-4.570383912248632,2025-04-18,0,-0.04035694687325994,-0.04035694687325994,-1.1729146068801461,-1.6527185279665448,2,up,512480.SS|2024-10-22,gray,0.8259446471800205,0.8448450920444189
512480.SS|2025-03-20,512480.SS,2025-03-20,-0.8458646616541388,2025-04-21,0,-0.04035694687325994,-0.04035694687325994,-0.8113068465177081,-1.2337520627679546,2,up,512480.SS|2024-10-22,black,0.8259446471800205,3.167574508528961
512480.SS|2025-03-21,512480.SS,2025-03-21,-1.7723880597014907,2025-04-22,0,-0.04035694687325994,-0.04035694687325994,-0.8113068465177081,-0.1768225449870569,2,up,512480.SS|2024-10-22,black,0.8259446471800205,3.167574508528961
512480.SS|2025-03-24,512480.SS,2025-03-24,0.0950570342205248,2025-04-23,0,-0.04035694687325994,-0.04035694687325994,-0.8113068465177081,-0.1768225449870569,2,up,512480.SS|2024-10-22,black,0.8259446471800205,3.167574508528961
512480.SS|2025-03-25,512480.SS,2025-03-25,-1.2357414448669224,2025-04-24,0,-0.04035694687325994,-0.04035694687325994,-0.8113068465177081,-0.1768225449870569,2,up,512480.SS|2024-10-22,black,0.8259446471800205,3.167574508528961
512480.SS|2025-03-26,512480.SS,2025-03-26,-2.631578947368418,2025-04-25,0,-0.04035694687325994,-0.04035694687325994,-0.8113068465177081,-0.1768225449870569,2,up,512480.SS|2024-10-22,black,0.8259446471800205,3.167574508528961
512480.SS|2025-03-27,512480.SS,2025-03-27,-1.0496183206106902,2025-04-28,0,-0.04035694687325994,-0.04035694687325994,-0.30748130728949175,-0.40255622415390513,2,up,512480.SS|2024-10-22,black,0.8259446471800205,3.167574508528961
512480.SS|2025-03-28,512480.SS,2025-03-28,-0.19065776930410339,2025-04-29,0,-0.04035694687325994,-0.04035694687325994,-0.30748130728949175,0.3766777515492505,2,up,512480.SS|2024-10-22,black,0.8259446471800205,3.167574508528961
512480.SS|2025-03-31,512480.SS,2025-03-31,0.952380952380949,2025-04-30,0,-0.04035694687325994,-0.04035694687325994,-0.30748130728949175,0.3766777515492505,2,up,512480.SS|2024-10-22,black,0.8259446471800205,3.167574508528961
512480.SS|2025-04-01,512480.SS,2025-04-01,2.9608404966571245,2025-05-06,0,-0.04035694687325994,-0.04035694687325994,-0.30748130728949175,0.3766777515492505,2,up,512480.SS|2024-10-22,black,0.8259446471800205,3.167574508528961
512480.SS|2025-04-02,512480.SS,2025-04-02,2.9779058597502406,2025-05-07,0,-0.04035694687325994,-0.04035694687325994,-0.30748130728949175,-0.316403538399309,2,up,512480.SS|2024-10-22,black,0.8259446471800205,3.167574508528961
512480.SS|2025-04-03,512480.SS,2025-04-03,13.135593220338993,2025-05-08,0,-0.04035694687325994,-0.04035694687325994,-0.30748130728949175,0.3766777515492505,2,up,512480.SS|2024-10-22,black,0.8259446471800205,3.167574508528961
512480.SS|2025-04-07,512480.SS,2025-04-07,10.253699788583504,2025-05-09,0,-0.04035694687325994,-0.04035694687325994,-0.30748130728949175,0.29052506579465426,2,up,512480.SS|2024-10-22,black,0.8259446471800205,3.167574508528961
512480.SS|2025-04-08,512480.SS,2025-04-08,5.740181268882183,2025-05-12,0,-0.04035694687325994,-0.04035694687325994,-0.30748130728949175,0.4277807693026637,2,up,512480.SS|2024-10-22,black,0.8259446471800205,3.167574508528961
512480.SS|2025-04-09,512480.SS,2025-04-09,3.7810945273631935,2025-05-13,0,-0.04035694687325994,-0.04035694687325994,-0.30748130728949175,0.4277807693026637,2,up,512480.SS|2024-10-22,black,0.8259446471800205,3.167574508528961
512480.SS|2025-04-10,512480.SS,2025-04-10,-0.758293838862556,2025-05-14,0,-0.04035694687325994,-0.04035694687325994,-0.30748130728949175,0.4277807693026637,2,up,512480.SS|2024-10-22,black,0.8259446471800205,3.167574508528961
512480.SS|2025-04-11,512480.SS,2025-04-11,-2.843601895734593,2025-05-15,0,-0.04035694687325994,-0.04035694687325994,-0.30748130728949175,-0.5213695054627904,2,up,512480.SS|2024-10-22,gray,0.8259446471800205,0.8448450920444189
512480.SS|2025-04-14,512480.SS,2025-04-14,-1.8234165067178454,2025-05-16,0,-0.04035694687325994,-0.04035694687325994,-0.30748130728949175,-0.5213695054627904,2,up,512480.SS|2024-10-22,gray,0.8259446471800205,0.8448450920444189
512480.SS|2025-04-15,512480.SS,2025-04-15,-2.0019065776930467,2025-05-19,0,-0.04035694687325994,-0.04035694687325994,-0.30748130728949175,-0.5213695054627904,2,up,512480.SS|2024-10-22,black,0.8259446471800205,3.167574508528961
512480.SS|2025-04-16,512480.SS,2025-04-16,-2.180094786729847,2025-05-20,0,-0.04035694687325994,-0.04035694687325994,-0.30748130728949175,-0.5213695054627904,2,up,512480.SS|2024-10-22,gray,0.8259446471800205,0.8448450920444189
512480.SS|2025-04-17,512480.SS,2025-04-17,-2.1072796934865967,2025-05-21,0,-0.04035694687325994,-0.04035694687325994,-0.30748130728949175,-0.5213695054627904,2,up,512480.SS|2024-10-22,gray,0.8259446471800205,0.8448450920444189
512480.SS|2025-04-18,512480.SS,2025-04-18,-3.6018957345971603,2025-05-22,0,-0.04035694687325994,-0.04035694687325994,-0.30748130728949175,-0.5213695054627904,2,up,512480.SS|2024-10-22,black,0.8259446471800205,3.167574508528961
512480.SS|2025-04-21,512480.SS,2025-04-21,-4.653371320037991,2025-05-23,0,-0.04035694687325994,-0.04035694687325994,-0.30748130728949175,-0.5213695054627904,2,up,512480.SS|2024-10-22,gray,0.8259446471800205,0.8448450920444189
512480.SS|2025-04-22,512480.SS,2025-04-22,-3.7986704653371395,2025-05-26,0,-0.04035694687325994,-0.04035694687325994,-0.30748130728949175,-0.5213695054627904,2,up,512480.SS|2024-10-22,gray,0.8259446471800205,0.8448450920444189
512480.SS|2025-04-23,512480.SS,2025-04-23,-4.042348411934549,2025-05-27,0,-0.04035694687325994,-0.04035694687325994,-0.30748130728949175,-0.5213695054627904,2,up,512480.SS|2024-10-22,green,0.8259446471800205,-2.0702839402809867
512480.SS|2025-04-24,512480.SS,2025-04-24,-4.440154440154442,2025-05-28,0,-0.04035694687325994,-0.04035694687325994,-0.30748130728949175,-0.5213695054627904,2,up,512480.SS|2024-10-22,black,0.8259446471800205,3.167574508528961
512480.SS|2025-04-25,512480.SS,2025-04-25,-2.507232401157178,2025-05-29,0,-0.04035694687325994,-0.04035694687325994,-0.30748130728949175,-0.5213695054627904,2,up,512480.SS|2024-10-22,black,0.8259446471800205,3.167574508528961
512480.SS|2025-04-28,512480.SS,2025-04-28,-4.871060171919761,2025-05-30,0,-0.04035694687325994,-0.04035694687325994,-0.30748130728949175,-0.5213695054627904,2,up,512480.SS|2024-10-22,black,0.8259446471800205,3.167574508528961
512480.SS|2025-04-29,512480.SS,2025-04-29,-5.2830188679245165,2025-06-03,0,-0.04035694687325994,-0.04035694687325994,-0.30748130728949175,-0.5213695054627904,2,up,512480.SS|2024-10-22,gray,0.8259446471800205,0.8448450920444189
512480.SS|2025-04-30,512480.SS,2025-04-30,-6.493506493506507,2025-06-04,0,-0.04035694687325994,-0.04035694687325994,-0.6621074085463431,-0.5213695054627904,2,up,512480.SS|2024-10-22,green,0.8259446471800205,-2.0702839402809867
512480.SS|2025-05-06,512480.SS,2025-05-06,-4.197761194029859,2025-06-05,0,-0.04035694687325994,-0.04035694687325994,-0.6621074085463431,-0.5213695054627904,2,up,512480.SS|2024-10-22,green,0.8259446471800205,-2.0702839402809867
512480.SS|2025-05-07,512480.SS,2025-05-07,-3.838951310861427,2025-06-06,0,-0.04035694687325994,-0.04035694687325994,-1.1659329477745595,-1.0964963592599455,2,up,512480.SS|2024-10-22,green,0.8259446471800205,-2.0702839402809867
512480.SS|2025-05-08,512480.SS,2025-05-08,-1.34228187919464,2025-06-09,0,-0.04035694687325994,-0.04035694687325994,-1.1659329477745595,-1.1475993770133586,2,up,512480.SS|2024-10-22,green,0.8259446471800205,-2.0702839402809867
512480.SS|2025-05-09,512480.SS,2025-05-09,-4.095238095238085,2025-06-10,0,-0.04035694687325994,-0.04035694687325994,-1.1659329477745595,-1.2337520627679546,2,up,512480.SS|2024-10-22,gray,0.8259446471800205,0.8448450920444189
512480.SS|2025-05-12,512480.SS,2025-05-12,-3.547459252157237,2025-06-11,0,-0.04035694687325994,-0.04035694687325994,-1.1659329477745595,-1.1475993770133586,2,up,512480.SS|2024-10-22,gray,0.8259446471800205,0.8448450920444189
512480.SS|2025-05-13,512480.SS,2025-05-13,-4.775549188156624,2025-06-12,0,-0.04035694687325994,-0.04035694687325994,-1.3438835263500346,-1.3165490905448685,2,up,512480.SS|2024-10-22,gray,0.8259446471800205,0.8448450920444189
512480.SS|2025-05-14,512480.SS,2025-05-14,-3.121951219512198,2025-06-13,0,-0.04035694687325994,-0.04035694687325994,-0.8113068465177081,-1.1475993770133586,2,up,512480.SS|2024-10-22,black,0.8259446471800205,3.167574508528961
512480.SS|2025-05-15,512480.SS,2025-05-15,-2.639296187683282,2025-06-16,0,-0.04035694687325994,-0.04035694687325994,-0.30748130728949175,-0.7562640960377516,2,up,512480.SS|2024-10-22,black,0.8259446471800205,3.167574508528961
512480.SS|2025-05-16,512480.SS,2025-05-16,-3.599221789883267,2025-06-17,0,-0.04035694687325994,-0.04035694687325994,-0.30748130728949175,-0.7562640960377516,2,up,512480.SS|2024-10-22,black,0.8259446471800205,3.167574508528961
512480.SS|2025-05-19,512480.SS,2025-05-19,-3.197674418604657,2025-06-18,0,-0.04035694687325994,-0.04035694687325994,-0.30748130728949175,-0.6802517662316472,2,up,512480.SS|2024-10-22,black,0.8259446471800205,3.167574508528961
512480.SS|2025-05-20,512480.SS,2025-05-20,-2.2504892367906093,2025-06-19,0,-0.04035694687325994,-0.04035694687325994,-0.30748130728949175,-0.7562640960377516,2,up,512480.SS|2024-10-22,black,0.8259446471800205,3.167574508528961
512480.SS|2025-05-21,512480.SS,2025-05-21,-2.4582104228121904,2025-06-20,0,-0.04035694687325994,-0.04035694687325994,-0.30748130728949175,-0.7562640960377516,2,up,512480.SS|2024-10-22,black,0.8259446471800205,3.167574508528961
512480.SS|2025-05-22,512480.SS,2025-05-22,-0.09960159362549792,2025-06-23,0,-0.04035694687325994,-0.04035694687325994,0.5979972753352556,-0.16305399110318147,2,up,512480.SS|2024-10-22,black,0.8259446471800205,3.167574508528961
512480.SS|2025-05-23,512480.SS,2025-05-23,0.6910167818361179,2025-06-24,0,-0.04035694687325994,-0.04035694687325994,0.5979972753352556,-0.06407646533738014,2,up,512480.SS|2024-10-22,black,0.8259446471800205,3.167574508528961
512480.SS|2025-05-26,512480.SS,2025-05-26,4.513540621865597,2025-06-25,0,-0.04035694687325994,-0.04035694687325994,0.5979972753352556,0.050214042210932244,2,up,512480.SS|2024-10-22,black,0.8259446471800205,3.167574508528961
512480.SS|2025-05-27,512480.SS,2025-05-27,3.838383838383841,2025-06-26,0,-0.04035694687325994,-0.04035694687325994,0.5979972753352556,0.1491915679767336,2,up,512480.SS|2024-10-22,black,0.8259446471800205,3.167574508528961
512480.SS|2025-05-28,512480.SS,2025-05-28,2.1760633036597365,2025-06-27,0,-0.04035694687325994,-0.04035694687325994,0.5979972753352556,0.1491915679767336,2,up,512480.SS|2024-10-22,black,0.8259446471800205,3.167574508528961
512480.SS|2025-05-29,512480.SS,2025-05-29,5.3212851405622486,2025-06-30,0,-0.04035694687325994,-0.04035694687325994,-0.17078890499967112,-0.5769990827353126,3,sideways,512480.SS|2025-05-29,black,0.8259446471800205,3.167574508528961
512480.SS|2025-05-30,512480.SS,2025-05-30,3.984063745019917,2025-07-01,0,-0.04035694687325994,-0.04035694687325994,-0.17078890499967112,-0.03488475884850968,3,sideways,512480.SS|2025-05-29,black,0.8259446471800205,3.167574508528961
512480.SS|2025-06-03,512480.SS,2025-06-03,1.488095238095255,2025-07-02,0,-0.04035694687325994,-0.04035694687325994,0.8914327089875232,0.6126135232276819,3,sideways,512480.SS|2025-05-29,black,0.8259446471800205,3.167574508528961
512480.SS|2025-06-04,512480.SS,2025-06-04,-0.2921129503407949,2025-07-03,0,-0.04035694687325994,-0.04035694687325994,0.8914327089875232,0.6126135232276819,3,sideways,512480.SS|2025-05-29,black,0.8259446471800205,3.167574508528961
512480.SS|2025-06-05,512480.SS,2025-06-05,-0.4868549172346581,2025-07-04,0,-0.04035694687325994,-0.04035694687325994,0.8914327089875232,0.43434742717321706,3,sideways,512480.SS|2025-05-29,gray,0.8259446471800205,0.8448450920444189
512480.SS|2025-06-06,512480.SS,2025-06-06,-0.9718172983479101,2025-07-07,0,-0.04035694687325994,-0.04035694687325994,0.8914327089875232,0.6126135232276819,3,sideways,512480.SS|2025-05-29,gray,0.8259446471800205,0.8448450920444189
512480.SS|2025-06-09,512480.SS,2025-06-09,2.3833167825223267,2025-07-08,0,-0.04035694687325994,-0.04035694687325994,0.5773497886628407,0.32926268209961973,3,sideways,512480.SS|2025-05-29,gray,0.8259446471800205,0.8448450920444189
512480.SS|2025-06-10,512480.SS,2025-06-10,1.2922465208747402,2025-07-09,0,-0.04035694687325994,-0.04035694687325994,0.8914327089875232,0.43434742717321706,3,sideways,512480.SS|2025-05-29,black,0.8259446471800205,3.167574508528961
512480.SS|2025-06-11,512480.SS,2025-06-11,1.9057171514543558,2025-07-10,0,-0.04035694687325994,-0.04035694687325994,0.8914327089875232,0.6126135232276819,3,sideways,512480.SS|2025-05-29,black,0.8259446471800205,3.167574508528961
512480.SS|2025-06-12,512480.SS,2025-06-12,3.8267875125881146,2025-07-11,0,-0.04035694687325994,-0.04035694687325994,0.5773497886628407,0.32926268209961973,3,sideways,512480.SS|2025-05-29,black,0.8259446471800205,3.167574508528961
512480.SS|2025-06-13,512480.SS,2025-06-13,2.9116465863453733,2025-07-14,0,-0.04035694687325994,-0.04035694687325994,0.8914327089875232,0.6126135232276819,3,sideways,512480.SS|2025-05-29,black,0.8259446471800205,3.167574508528961
512480.SS|2025-06-16,512480.SS,2025-06-16,3.128153380423826,2025-07-15,0,-0.04035694687325994,-0.04035694687325994,0.8914327089875232,0.6126135232276819,3,sideways,512480.SS|2025-05-29,black,0.8259446471800205,3.167574508528961
512480.SS|2025-06-17,512480.SS,2025-06-17,2.6026026026026106,2025-07-16,0,-0.04035694687325994,-0.04035694687325994,0.8914327089875232,0.6126135232276819,3,sideways,512480.SS|2025-05-29,black,0.8259446471800205,3.167574508528961
512480.SS|2025-06-18,512480.SS,2025-06-18,3.3033033033033066,2025-07-17,0,-0.04035694687325994,-0.04035694687325994,0.5773497886628407,0.32926268209961973,4,down,512480.SS|2025-06-18,black,0.8259446471800205,3.167574508528961
512480.SS|2025-06-19,512480.SS,2025-06-19,4.233870967741948,2025-07-18,0,-0.04035694687325994,-0.04035694687325994,0.12264652865259656,-0.014599601718563004,4,down,512480.SS|2025-06-18,black,0.8259446471800205,3.167574508528961
512480.SS|2025-06-20,512480.SS,2025-06-20,3.1904287138584397,2025-07-21,0,-0.04035694687325994,-0.04035694687325994,-0.30748130728949175,-0.25695072365372934,4,down,512480.SS|2025-06-18,black,0.8259446471800205,3.167574508528961
512480.SS|2025-06-23,512480.SS,2025-06-23,1.6666666666666607,2025-07-22,0,-0.04035694687325994,-0.04035694687325994,-0.30748130728949175,-0.25695072365372934,4,down,512480.SS|2025-06-18,black,0.8259446471800205,3.167574508528961
512480.SS|2025-06-24,512480.SS,2025-06-24,0.19193857965451588,2025-07-23,0,-0.04035694687325994,-0.04035694687325994,-0.6621074085463431,-0.4352168197081942,4,down,512480.SS|2025-06-18,green,0.8259446471800205,-2.0702839402809867
512480.SS|2025-06-25,512480.SS,2025-06-25,3.112840466926059,2025-07-24,0,-0.04035694687325994,-0.04035694687325994,-0.6621074085463431,-0.4352168197081942,4,down,512480.SS|2025-06-18,green,0.8259446471800205,-2.0702839402809867
512480.SS|2025-06-26,512480.SS,2025-06-26,4.7434656340755055,2025-07-25,0,-0.04035694687325994,-0.04035694687325994,-0.6621074085463431,-0.4352168197081942,4,down,512480.SS|2025-06-18,green,0.8259446471800205,-2.0702839402809867
512480.SS|2025-06-27,512480.SS,2025-06-27,3.0505243088655876,2025-07-28,0,-0.04035694687325994,-0.04035694687325994,-0.6621074085463431,-0.5429960627236379,4,down,512480.SS|2025-06-18,green,0.8259446471800205,-2.0702839402809867
512480.SS|2025-06-30,512480.SS,2025-06-30,5.076628352490431,2025-07-29,0,-0.04035694687325994,-0.04035694687325994,-0.6621074085463431,-0.6802517662316472,4,down,512480.SS|2025-06-18,green,0.8259446471800205,-2.0702839402809867
512480.SS|2025-07-01,512480.SS,2025-07-01,6.256109481915928,2025-07-30,0,-0.04035694687325994,-0.04035694687325994,-0.6621074085463431,-0.6802517662316472,4,down,512480.SS|2025-06-18,green,0.8259446471800205,-2.0702839402809867
512480.SS|2025-07-02,512480.SS,2025-07-02,4.8828125,2025-07-31,0,-0.04035694687325994,-0.04035694687325994,-0.6621074085463431,-0.5019856701771822,4,down,512480.SS|2025-06-18,green,0.8259446471800205,-2.0702839402809867
512480.SS|2025-07-03,512480.SS,2025-07-03,4.207436399217213,2025-08-01,0,-0.04035694687325994,-0.04035694687325994,-0.30748130728949175,-0.6802517662316472,4,down,512480.SS|2025-06-18,gray,0.8259446471800205,0.8448450920444189
512480.SS|2025-07-04,512480.SS,2025-07-04,5.888125613346418,2025-08-04,0,-0.04035694687325994,-0.04035694687325994,-0.30748130728949175,-0.6802517662316472,4,down,512480.SS|2025-06-18,gray,0.8259446471800205,0.8448450920444189
512480.SS|2025-07-07,512480.SS,2025-07-07,4.849660523763322,2025-08-05,0,-0.04035694687325994,-0.04035694687325994,-0.30748130728949175,-0.6802517662316472,4,down,512480.SS|2025-06-18,black,0.8259446471800205,3.167574508528961
512480.SS|2025-07-08,512480.SS,2025-07-08,7.065750736015719,2025-08-06,0,-0.04035694687325994,-0.04035694687325994,-0.6621074085463431,-0.6802517662316472,4,down,512480.SS|2025-06-18,green,0.8259446471800205,-2.0702839402809867
512480.SS|2025-07-09,512480.SS,2025-07-09,7.972440944881898,2025-08-07,0,-0.04035694687325994,-0.04035694687325994,-0.6621074085463431,-0.6802517662316472,4,down,512480.SS|2025-06-18,gray,0.8259446471800205,0.8448450920444189
512480.SS|2025-07-10,512480.SS,2025-07-10,4.3646944713870095,2025-08-08,0,-0.04035694687325994,-0.04035694687325994,-0.6621074085463431,-0.7562640960377516,4,down,512480.SS|2025-06-18,gray,0.8259446471800205,0.8448450920444189
512480.SS|2025-07-11,512480.SS,2025-07-11,5.756097560975593,2025-08-11,0,-0.04035694687325994,-0.04035694687325994,-1.1659329477745595,-1.1475993770133586,4,down,512480.SS|2025-06-18,green,0.8259446471800205,-2.0702839402809867
512480.SS|2025-07-14,512480.SS,2025-07-14,8.90410958904111,2025-08-12,0,-0.04035694687325994,-0.04035694687325994,-1.1659329477745595,-1.1475993770133586,4,down,512480.SS|2025-06-18,green,0.8259446471800205,-2.0702839402809867
512480.SS|2025-07-15,512480.SS,2025-07-15,9.658536585365841,2025-08-13,0,-0.04035694687325994,-0.04035694687325994,-1.1659329477745595,-1.1475993770133586,4,down,512480.SS|2025-06-18,gray,0.8259446471800205,0.8448450920444189
512480.SS|2025-07-16,512480.SS,2025-07-16,9.593023255813948,2025-08-14,0,-0.04035694687325994,-0.04035694687325994,-1.1659329477745595,-1.1475993770133586,4,down,512480.SS|2025-06-18,green,0.8259446471800205,-2.0702839402809867
512480.SS|2025-07-17,512480.SS,2025-07-17,11.605415860735025,2025-08-15,0,-0.04035694687325994,-0.04035694687325994,-1.1659329477745595,-1.1475993770133586,4,down,512480.SS|2025-06-18,green,0.8259446471800205,-2.0702839402809867
512480.SS|2025-07-18,512480.SS,2025-07-18,14.009661835748787,2025-08-18,0,-0.04035694687325994,-0.04035694687325994,-1.1659329477745595,-1.1475993770133586,4,down,512480.SS|2025-06-18,green,0.8259446471800205,-2.0702839402809867
512480.SS|2025-07-21,512480.SS,2025-07-21,12.150433944069427,2025-08-19,0,-0.04035694687325994,-0.04035694687325994,-1.5275407081369974,-1.5665658422119486,4,down,512480.SS|2025-06-18,green,0.8259446471800205,-2.0702839402809867
512480.SS|2025-07-22,512480.SS,2025-07-22,15.708812260536398,2025-08-20,0,-0.04035694687325994,-0.04035694687325994,-1.5275407081369974,-1.5665658422119486,4,down,512480.SS|2025-06-18,green,0.8259446471800205,-2.0702839402809867
512480.SS|2025-07-23,512480.SS,2025-07-23,13.301886792452834,2025-08-21,0,-0.04035694687325994,-0.04035694687325994,-1.1729146068801461,-1.5665658422119486,4,down,512480.SS|2025-06-18,green,0.8259446471800205,-2.0702839402809867
512480.SS|2025-07-24,512480.SS,2025-07-24,21.164510166358586,2025-08-22,0,-0.04035694687325994,-0.04035694687325994,-1.5275407081369974,-1.5665658422119486,4,down,512480.SS|2025-06-18,green,0.8259446471800205,-2.0702839402809867
512480.SS|2025-07-25,512480.SS,2025-07-25,23.03422756706752,2025-08-25,0,-0.04035694687325994,-0.04035694687325994,-1.5275407081369974,-1.5665658422119486,4,down,512480.SS|2025-06-18,green,0.8259446471800205,-2.0702839402809867
512480.SS|2025-07-28,512480.SS,2025-07-28,19.872379216043747,2025-08-26,0,-0.04035694687325994,-0.04035694687325994,-1.5275407081369974,-1.5665658422119486,4,down,512480.SS|2025-06-18,green,0.8259446471800205,-2.0702839402809867
512480.SS|2025-07-29,512480.SS,2025-07-29,21.527138914443423,2025-08-27,0,-0.04035694687325994,-0.04035694687325994,-1.5275407081369974,-1.5665658422119486,4,down,512480.SS|2025-06-18,green,0.8259446471800205,-2.0702839402809867
512480.SS|2025-07-30,512480.SS,2025-07-30,31.84357541899441,2025-08-28,0,-0.04035694687325994,-0.04035694687325994,-1.5275407081369974,-1.5665658422119486,4,down,512480.SS|2025-06-18,green,0.8259446471800205,-2.0702839402809867
512480.SS|2025-07-31,512480.SS,2025-07-31,29.5774647887324,2025-08-29,0,-0.04035694687325994,-0.04035694687325994,-1.5275407081369974,-1.5665658422119486,4,down,512480.SS|2025-06-18,green,0.8259446471800205,-2.0702839402809867
512480.SS|2025-08-01,512480.SS,2025-08-01,30.02780352177945,2025-09-01,0,-0.04035694687325994,-0.04035694687325994,-1.5275407081369974,-1.5665658422119486,4,down,512480.SS|2025-06-18,green,0.8259446471800205,-2.0702839402809867
512480.SS|2025-08-04,512480.SS,2025-08-04,25.34690101757633,2025-09-02,0,-0.04035694687325994,-0.04035694687325994,-1.5275407081369974,-1.5665658422119486,4,down,512480.SS|2025-06-18,green,0.8259446471800205,-2.0702839402809867
512480.SS|2025-08-05,512480.SS,2025-08-05,22.089825847846,2025-09-03,0,-0.04035694687325994,-0.04035694687325994,-1.5275407081369974,-1.5665658422119486,4,down,512480.SS|2025-06-18,green,0.8259446471800205,-2.0702839402809867
512480.SS|2025-08-06,512480.SS,2025-08-06,12.488605287146747,2025-09-04,0,-0.04035694687325994,-0.04035694687325994,-1.5275407081369974,-1.5665658422119486,4,down,512480.SS|2025-06-18,green,0.8259446471800205,-2.0702839402809867
512480.SS|2025-08-07,512480.SS,2025-08-07,18.680297397769507,2025-09-05,0,-0.04035694687325994,-0.04035694687325994,-1.5275407081369974,-1.388299746157484,4,down,512480.SS|2025-06-18,green,0.8259446471800205,-2.0702839402809867
512480.SS|2025-08-08,512480.SS,2025-08-08,17.804428044280442,2025-09-08,0,-0.04035694687325994,-0.04035694687325994,-1.5275407081369974,-1.388299746157484,4,down,512480.SS|2025-06-18,green,0.8259446471800205,-2.0702839402809867
512480.SS|2025-08-11,512480.SS,2025-08-11,12.039532794249785,2025-09-09,0,-0.04035694687325994,-0.04035694687325994,-1.5275407081369974,-1.388299746157484,4,down,512480.SS|2025-06-18,green,0.8259446471800205,-2.0702839402809867
512480.SS|2025-08-12,512480.SS,2025-08-12,12.455516014234892,2025-09-10,0,-0.04035694687325994,-0.04035694687325994,-1.5275407081369974,-1.388299746157484,4,down,512480.SS|2025-06-18,green,0.8259446471800205,-2.0702839402809867
512480.SS|2025-08-13,512480.SS,2025-08-13,18.56763925729443,2025-09-11,0,-0.04035694687325994,-0.04035694687325994,-1.5275407081369974,-1.388299746157484,4,down,512480.SS|2025-06-18,green,0.8259446471800205,-2.0702839402809867
512480.SS|2025-08-14,512480.SS,2025-08-14,18.370883882149023,2025-09-12,0,-0.04035694687325994,-0.04035694687325994,-1.5275407081369974,-1.388299746157484,4,down,512480.SS|2025-06-18,green,0.8259446471800205,-2.0702839402809867
512480.SS|2025-08-15,512480.SS,2025-08-15,16.440677966101692,2025-09-15,0,-0.04035694687325994,-0.04035694687325994,-1.5275407081369974,-1.388299746157484,4,down,512480.SS|2025-06-18,green,0.8259446471800205,-2.0702839402809867
512480.SS|2025-08-18,512480.SS,2025-08-18,19.26053310404128,2025-09-16,0,-0.04035694687325994,-0.04035694687325994,-1.5275407081369974,-1.388299746157484,3,sideways,512480.SS|2025-08-18,green,0.8259446471800205,-2.0702839402809867
512480.SS|2025-08-19,512480.SS,2025-08-19,16.55629139072847,2025-09-17,0,-0.04035694687325994,-0.04035694687325994,-1.5275407081369974,-1.388299746157484,3,sideways,512480.SS|2025-08-18,green,0.8259446471800205,-2.0702839402809867
512480.SS|2025-08-20,512480.SS,2025-08-20,18.734388009991676,2025-09-18,0,-0.04035694687325994,-0.04035694687325994,-1.5275407081369974,-1.388299746157484,3,sideways,512480.SS|2025-08-18,green,0.8259446471800205,-2.0702839402809867
512480.SS|2025-08-21,512480.SS,2025-08-21,7.475209763539281,2025-09-19,0,-0.04035694687325994,-0.04035694687325994,-1.5275407081369974,-1.388299746157484,3,sideways,512480.SS|2025-08-18,green,0.8259446471800205,-2.0702839402809867
512480.SS|2025-08-22,512480.SS,2025-08-22,9.92481203007518,2025-09-22,0,-0.04035694687325994,-0.04035694687325994,-1.5275407081369974,-1.388299746157484,3,sideways,512480.SS|2025-08-18,green,0.8259446471800205,-2.0702839402809867
512480.SS|2025-08-25,512480.SS,2025-08-25,11.558935361216726,2025-09-23,0,-0.04035694687325994,-0.04035694687325994,-1.5275407081369974,-1.388299746157484,3,sideways,512480.SS|2025-08-18,green,0.8259446471800205,-2.0702839402809867
512480.SS|2025-08-26,512480.SS,2025-08-26,16.805450416351242,2025-09-24,0,-0.04035694687325994,-0.04035694687325994,-1.5275407081369974,-1.388299746157484,3,sideways,512480.SS|2025-08-18,green,0.8259446471800205,-2.0702839402809867
512480.SS|2025-08-27,512480.SS,2025-08-27,9.180790960451969,2025-09-25,0,-0.04035694687325994,-0.04035694687325994,-1.5275407081369974,-1.388299746157484,3,sideways,512480.SS|2025-08-18,green,0.8259446471800205,-2.0702839402809867
512480.SS|2025-08-28,512480.SS,2025-08-28,10.362318840579698,2025-09-26,0,-0.04035694687325994,-0.04035694687325994,-1.5275407081369974,-1.388299746157484,2,up,512480.SS|2025-08-28,green,0.8259446471800205,-2.0702839402809867
512480.SS|2025-08-29,512480.SS,2025-08-29,9.76478973627939,2025-09-29,0,-0.04035694687325994,-0.04035694687325994,-1.5275407081369974,-1.388299746157484,2,up,512480.SS|2025-08-28,green,0.8259446471800205,-2.0702839402809867
512480.SS|2025-09-01,512480.SS,2025-09-01,16.309963099631,2025-09-30,0,-0.04035694687325994,-0.04035694687325994,-1.5275407081369974,-1.388299746157484,2,up,512480.SS|2025-08-28,green,0.8259446471800205,-2.0702839402809867
512480.SS|2025-09-02,512480.SS,2025-09-02,21.696696696696694,2025-10-09,0,-0.04035694687325994,-0.04035694687325994,-1.5275407081369974,-1.388299746157484,2,up,512480.SS|2025-08-28,green,0.8259446471800205,-2.0702839402809867
512480.SS|2025-09-03,512480.SS,2025-09-03,23.500810372771475,2025-10-10,0,-0.04035694687325994,-0.04035694687325994,-1.5275407081369974,-1.388299746157484,2,up,512480.SS|2025-08-28,green,0.8259446471800205,-2.0702839402809867
512480.SS|2025-09-04,512480.SS,2025-09-04,21.926389976507444,2025-10-13,0,-0.04035694687325994,-0.04035694687325994,-0.4172413203658343,0.269221885676571,2,up,512480.SS|2025-08-28,gray,0.8259446471800205,0.8448450920444189
512480.SS|2025-09-05,512480.SS,2025-09-05,15.11354737666406,2025-10-14,0,-0.04035694687325994,-0.04035694687325994,-0.4172413203658343,0.269221885676571,2,up,512480.SS|2025-08-28,green,0.8259446471800205,-2.0702839402809867
512480.SS|2025-09-08,512480.SS,2025-09-08,19.647153167602237,2025-10-15,0,-0.04035694687325994,-0.04035694687325994,-0.4172413203658343,0.269221885676571,2,up,512480.SS|2025-08-28,green,0.8259446471800205,-2.0702839402809867
512480.SS|2025-09-09,512480.SS,2025-09-09,17.40506329113922,2025-10-16,0,-0.04035694687325994,-0.04035694687325994,-0.4172413203658343,0.0048031038675099905,2,up,512480.SS|2025-08-28,gray,0.8259446471800205,0.8448450920444189
512480.SS|2025-09-10,512480.SS,2025-09-10,6.1148396718866405,2025-10-17,0,-0.04035694687325994,-0.04035694687325994,-0.4172413203658343,0.0048031038675099905,2,up,512480.SS|2025-08-28,green,0.8259446471800205,-2.0702839402809867
512480.SS|2025-09-11,512480.SS,2025-09-11,4.904831625183026,2025-10-20,0,-0.04035694687325994,-0.04035694687325994,-0.4172413203658343,0.0048031038675099905,2,up,512480.SS|2025-08-28,green,0.8259446471800205,-2.0702839402809867
512480.SS|2025-09-12,512480.SS,2025-09-12,7.2052401746725,2025-10-21,0,-0.04035694687325994,-0.04035694687325994,-0.4172413203658343,0.0048031038675099905,1,up,512480.SS|2025-08-28,green,0.8259446471800205,-2.0702839402809867
512480.SS|2025-09-15,512480.SS,2025-09-15,5.767844268204758,2025-10-22,0,-0.04035694687325994,-0.04035694687325994,-0.4172413203658343,0.0048031038675099905,1,up,512480.SS|2025-08-28,green,0.8259446471800205,-2.0702839402809867
512480.SS|2025-09-16,512480.SS,2025-09-16,3.338068181818188,2025-10-23,0,-0.04035694687325994,-0.04035694687325994,-0.4172413203658343,0.0048031038675099905,1,up,512480.SS|2025-08-28,green,0.8259446471800205,-2.0702839402809867
512480.SS|2025-09-17,512480.SS,2025-09-17,7.152875175315576,2025-10-24,0,-0.04035694687325994,-0.04035694687325994,-0.4172413203658343,0.0048031038675099905,1,up,512480.SS|2025-08-28,green,0.8259446471800205,-2.0702839402809867
512480.SS|2025-09-18,512480.SS,2025-09-18,11.07168204400284,2025-10-27,0,-0.04035694687325994,-0.04035694687325994,-0.4172413203658343,0.0048031038675099905,1,up,512480.SS|2025-08-28,green,0.8259446471800205,-2.0702839402809867
512480.SS|2025-09-19,512480.SS,2025-09-19,6.087551299589622,2025-10-28,0,-0.04035694687325994,-0.04035694687325994,-0.4172413203658343,0.0048031038675099905,1,up,512480.SS|2025-08-28,green,0.8259446471800205,-2.0702839402809867
512480.SS|2025-09-22,512480.SS,2025-09-22,5.998636673483304,2025-10-29,0,-0.04035694687325994,-0.04035694687325994,-0.4172413203658343,0.0048031038675099905,1,up,512480.SS|2025-08-28,green,0.8259446471800205,-2.0702839402809867
512480.SS|2025-09-23,512480.SS,2025-09-23,-1.4906027219701912,2025-10-30,0,-0.04035694687325994,-0.04035694687325994,-0.4172413203658343,0.0048031038675099905,1,up,512480.SS|2025-08-28,green,0.8259446471800205,-2.0702839402809867
512480.SS|2025-09-24,512480.SS,2025-09-24,-5.239327296248386,2025-10-31,0,-0.04035694687325994,-0.04035694687325994,-0.4172413203658343,0.0048031038675099905,1,up,512480.SS|2025-08-28,green,0.8259446471800205,-2.0702839402809867
512480.SS|2025-09-25,512480.SS,2025-09-25,-4.6618516086671,2025-11-03,0,-0.04035694687325994,-0.04035694687325994,-1.5275407081369974,-1.6527185279665448,1,up,512480.SS|2025-08-28,green,0.8259446471800205,-2.0702839402809867
512480.SS|2025-09-26,512480.SS,2025-09-26,-6.753246753246744,2025-11-04,0,-0.04035694687325994,-0.04035694687325994,-1.5275407081369974,-1.6527185279665448,1,up,512480.SS|2025-08-28,green,0.8259446471800205,-2.0702839402809867
512480.SS|2025-09-29,512480.SS,2025-09-29,-9.644670050761416,2025-11-05,0,-0.04035694687325994,-0.04035694687325994,-1.5275407081369974,-1.6527185279665448,1,up,512480.SS|2025-08-28,green,0.8259446471800205,-2.0702839402809867
512480.SS|2025-09-30,512480.SS,2025-09-30,-8.698334361505244,2025-11-06,0,-0.04035694687325994,-0.04035694687325994,-1.5275407081369974,-1.6527185279665448,1,up,512480.SS|2025-08-28,green,0.8259446471800205,-2.0702839402809867
512480.SS|2025-10-09,512480.SS,2025-10-09,-4.133858267716539,2025-11-07,0,-0.04035694687325994,-0.04035694687325994,-1.5275407081369974,-1.6527185279665448,1,up,512480.SS|2025-08-28,green,0.8259446471800205,-2.0702839402809867
512480.SS|2025-10-10,512480.SS,2025-10-10,-6.679511881824007,2025-11-10,0,-0.04035694687325994,-0.04035694687325994,-1.5275407081369974,-1.388299746157484,1,up,512480.SS|2025-08-28,green,0.8259446471800205,-2.0702839402809867
512480.SS|2025-10-13,512480.SS,2025-10-13,-2.789115646258511,2025-11-11,0,-0.04035694687325994,-0.04035694687325994,-1.5275407081369974,-1.388299746157484,1,up,512480.SS|2025-08-28,green,0.8259446471800205,-2.0702839402809867
512480.SS|2025-10-14,512480.SS,2025-10-14,-4.6916890080428875,2025-11-12,0,-0.04035694687325994,-0.04035694687325994,-1.5275407081369974,-1.388299746157484,1,up,512480.SS|2025-08-28,green,0.8259446471800205,-2.0702839402809867
512480.SS|2025-10-15,512480.SS,2025-10-15,-2.4932614555256083,2025-11-13,0,-0.04035694687325994,-0.04035694687325994,-1.5275407081369974,-1.388299746157484,1,up,512480.SS|2025-08-28,green,0.8259446471800205,-2.0702839402809867
512480.SS|2025-10-16,512480.SS,2025-10-16,-1.6163035839774964,2025-11-14,0,-0.04035694687325994,-0.04035694687325994,-1.5275407081369974,-1.388299746157484,1,up,512480.SS|2025-08-28,green,0.8259446471800205,-2.0702839402809867
512480.SS|2025-10-17,512480.SS,2025-10-17,-2.512212142358683,2025-11-17,0,-0.04035694687325994,-0.04035694687325994,-1.5275407081369974,-0.27823822471457127,2,up,512480.SS|2025-08-28,gray,0.8259446471800205,0.8448450920444189
512480.SS|2025-10-20,512480.SS,2025-10-20,-4.209097080787516,2025-11-18,0,-0.04035694687325994,-0.04035694687325994,-1.5275407081369974,-1.388299746157484,2,up,512480.SS|2025-08-28,gray,0.8259446471800205,0.8448450920444189
512480.SS|2025-10-21,512480.SS,2025-10-21,-4.703476482617585,2025-11-19,0,-0.04035694687325994,-0.04035694687325994,-1.5275407081369974,-1.388299746157484,2,up,512480.SS|2025-08-28,green,0.8259446471800205,-2.0702839402809867
512480.SS|2025-10-22,512480.SS,2025-10-22,-5.223367697594505,2025-11-20,0,-0.04035694687325994,-0.04035694687325994,-1.5275407081369974,-1.388299746157484,1,up,512480.SS|2025-08-28,green,0.8259446471800205,-2.0702839402809867
512480.SS|2025-10-23,512480.SS,2025-10-23,-13.481675392670155,2025-11-21,0,-0.04035694687325994,-0.04035694687325994,-1.5275407081369974,-1.6527185279665448,1,up,512480.SS|2025-08-28,gray,0.8259446471800205,0.8448450920444189
512480.SS|2025-10-24,512480.SS,2025-10-24,-14.824281150159745,2025-11-24,0,-0.04035694687325994,-0.04035694687325994,-1.5275407081369974,-1.6527185279665448,1,up,512480.SS|2025-08-28,green,0.8259446471800205,-2.0702839402809867
512480.SS|2025-10-27,512480.SS,2025-10-27,-13.152804642166348,2025-11-25,0,-0.04035694687325994,-0.04035694687325994,-1.5275407081369974,-1.6527185279665448,1,up,512480.SS|2025-08-28,green,0.8259446471800205,-2.0702839402809867
512480.SS|2025-10-28,512480.SS,2025-10-28,-11.961414790996795,2025-11-26,0,-0.04035694687325994,-0.04035694687325994,-1.5275407081369974,-1.6527185279665448,1,up,512480.SS|2025-08-28,green,0.8259446471800205,-2.0702839402809867
512480.SS|2025-10-29,512480.SS,2025-10-29,-9.53947368421052,2025-11-27,0,-0.04035694687325994,-0.04035694687325994,-1.5275407081369974,-1.6527185279665448,1,up,512480.SS|2025-08-28,green,0.8259446471800205,-2.0702839402809867
512480.SS|2025-10-30,512480.SS,2025-10-30,-5.051194539249149,2025-11-28,0,-0.04035694687325994,-0.04035694687325994,-1.1729146068801461,-1.6527185279665448,1,up,512480.SS|2025-08-28,gray,0.8259446471800205,0.8448450920444189
512480.SS|2025-10-31,512480.SS,2025-10-31,-2.4793388429752095,2025-12-01,0,-0.04035694687325994,-0.04035694687325994,-1.1729146068801461,-1.6527185279665448,1,up,512480.SS|2025-08-28,black,0.8259446471800205,3.167574508528961
512480.SS|2025-11-03,512480.SS,2025-11-03,-2.785515320334264,2025-12-02,0,-0.04035694687325994,-0.04035694687325994,-0.8113068465177081,-1.2337520627679546,1,up,512480.SS|2025-08-28,black,0.8259446471800205,3.167574508528961
512480.SS|2025-11-04,512480.SS,2025-11-04,-2.8089887640449285,2025-12-03,0,-0.04035694687325994,-0.04035694687325994,-0.8113068465177081,-0.1768225449870569,1,up,512480.SS|2025-08-28,black,0.8259446471800205,3.167574508528961
512480.SS|2025-11-05,512480.SS,2025-11-05,-4.662162162162153,2025-12-04,0,-0.04035694687325994,-0.04035694687325994,-0.8113068465177081,-0.1768225449870569,1,up,512480.SS|2025-08-28,black,0.8259446471800205,3.167574508528961
512480.SS|2025-11-06,512480.SS,2025-11-06,-3.7645448323066377,2025-12-05,0,-0.04035694687325994,-0.04035694687325994,-0.8113068465177081,-1.2337520627679546,1,up,512480.SS|2025-08-28,gray,0.8259446471800205,0.8448450920444189
512480.SS|2025-11-07,512480.SS,2025-11-07,-0.8258774948382563,2025-12-08,0,-0.04035694687325994,-0.04035694687325994,-0.8113068465177081,-1.2337520627679546,1,up,512480.SS|2025-08-28,black,0.8259446471800205,3.167574508528961
512480.SS|2025-11-10,512480.SS,2025-11-10,0.4898530440867743,2025-12-09,0,-0.04035694687325994,-0.04035694687325994,-0.8113068465177081,-1.2337520627679546,1,up,512480.SS|2025-08-28,black,0.8259446471800205,3.167574508528961
512480.SS|2025-11-11,512480.SS,2025-11-11,1.1251758087201136,2025-12-10,0,-0.04035694687325994,-0.04035694687325994,-0.30748130728949175,-0.40255622415390513,1,up,512480.SS|2025-08-28,black,0.8259446471800205,3.167574508528961
512480.SS|2025-11-12,512480.SS,2025-11-12,-2.2114720110573582,2025-12-11,0,-0.04035694687325994,-0.04035694687325994,-0.30748130728949175,0.29052506579465426,1,up,512480.SS|2025-08-28,black,0.8259446471800205,3.167574508528961
512480.SS|2025-11-13,512480.SS,2025-11-13,2.857142857142869,2025-12-12,0,-0.04035694687325994,-0.04035694687325994,-0.30748130728949175,-0.7664044519862433,1,up,512480.SS|2025-08-28,black,0.8259446471800205,3.167574508528961
512480.SS|2025-11-14,512480.SS,2025-11-14,0.7158196134573913,2025-12-15,0,-0.04035694687325994,-0.04035694687325994,-0.30748130728949175,0.29052506579465426,1,up,512480.SS|2025-08-28,black,0.8259446471800205,3.167574508528961
512480.SS|2025-11-17,512480.SS,2025-11-17,-2.0552799433026125,2025-12-16,0,-0.04035694687325994,-0.04035694687325994,-0.30748130728949175,0.29052506579465426,1,up,512480.SS|2025-08-28,black,0.8259446471800205,3.167574508528961
512480.SS|2025-11-18,512480.SS,2025-11-18,1.0014306151645114,2025-12-17,0,-0.04035694687325994,-0.04035694687325994,-0.30748130728949175,-0.40255622415390513,1,up,512480.SS|2025-08-28,black,0.8259446471800205,3.167574508528961
512480.SS|2025-11-19,512480.SS,2025-11-19,1.5953589557650583,2025-12-18,0,-0.04035694687325994,-0.04035694687325994,-0.30748130728949175,0.4277807693026637,1,up,512480.SS|2025-08-28,black,0.8259446471800205,3.167574508528961
512480.SS|2025-11-20,512480.SS,2025-11-20,5.748865355521926,2025-12-19,0,-0.04035694687325994,-0.04035694687325994,-0.30748130728949175,0.4277807693026637,1,up,512480.SS|2025-08-28,black,0.8259446471800205,3.167574508528961
512480.SS|2025-11-21,512480.SS,2025-11-21,7.72693173293324,2025-12-22,0,-0.04035694687325994,-0.04035694687325994,-0.30748130728949175,0.4277807693026637,1,up,512480.SS|2025-08-28,black,0.8259446471800205,3.167574508528961
512480.SS|2025-11-24,512480.SS,2025-11-24,7.646622123236835,2025-12-23,0,-0.04035694687325994,-0.04035694687325994,-0.30748130728949175,0.4277807693026637,1,up,512480.SS|2025-08-28,black,0.8259446471800205,3.167574508528961
512480.SS|2025-11-25,512480.SS,2025-11-25,7.523739956172393,2025-12-24,0,-0.04035694687325994,-0.04035694687325994,-0.30748130728949175,0.4277807693026637,1,up,512480.SS|2025-08-28,black,0.8259446471800205,3.167574508528961
512480.SS|2025-11-26,512480.SS,2025-11-26,6.981818181818178,2025-12-25,0,-0.04035694687325994,-0.04035694687325994,-0.30748130728949175,-0.15752127763045232,1,up,512480.SS|2025-08-28,black,0.8259446471800205,3.167574508528961
512480.SS|2025-11-27,512480.SS,2025-11-27,5.319913731128678,2025-12-26,0,-0.04035694687325994,-0.04035694687325994,-0.3146194019919089,-0.7596895228835795,1,up,512480.SS|2025-08-28,black,0.8259446471800205,3.167574508528961
512480.SS|2025-11-28,512480.SS,2025-11-28,3.5310734463276816,2025-12-29,0,-0.04035694687325994,-0.04035694687325994,-0.3146194019919089,-0.7596895228835795,1,up,512480.SS|2025-08-28,black,0.8259446471800205,3.167574508528961
512480.SS|2025-12-01,512480.SS,2025-12-01,6.4469914040114595,2025-12-30,0,-0.04035694687325994,-0.04035694687325994,-0.30748130728949175,-0.5213695054627904,1,up,512480.SS|2025-08-28,gray,0.8259446471800205,0.8448450920444189
512480.SS|2025-12-02,512480.SS,2025-12-02,5.780346820809235,2025-12-31,0,-0.04035694687325994,-0.04035694687325994,-0.30748130728949175,-0.5213695054627904,1,up,512480.SS|2025-08-28,black,0.8259446471800205,3.167574508528961
512800.SS|2025-01-02,512800.SS,2025-01-02,2.4271844660194164,2025-02-10,0,-0.04035694687325994,-0.04035694687325994,-0.978916304285514,-0.9129054675823032,2,up,512800.SS|2024-03-22,gray,0.6753585574409274,0.28477668097850184
512800.SS|2025-01-03,512800.SS,2025-01-03,2.405498281786933,2025-02-11,0,-0.04035694687325994,-0.04035694687325994,-0.978916304285514,-0.9129054675823032,2,up,512800.SS|2024-03-22,gray,0.6753585574409274,0.28477668097850184
512800.SS|2025-01-06,512800.SS,2025-01-06,2.4590163934426146,2025-02-12,0,-0.04035694687325994,-0.04035694687325994,-0.978916304285514,-0.9129054675823032,2,up,512800.SS|2024-03-22,green,0.6753585574409274,-0.5109391329048825
512800.SS|2025-01-07,512800.SS,2025-01-07,1.8305084745762645,2025-02-13,0,-0.04035694687325994,-0.04035694687325994,-0.978916304285514,-0.9129054675823032,2,up,512800.SS|2024-03-22,green,0.6753585574409274,-0.5109391329048825
512800.SS|2025-01-08,512800.SS,2025-01-08,3.003412969283281,2025-02-14,0,-0.04035694687325994,-0.04035694687325994,-0.978916304285514,-0.9129054675823032,2,up,512800.SS|2024-03-22,green,0.6753585574409274,-0.5109391329048825
512800.SS|2025-01-09,512800.SS,2025-01-09,3.434065934065944,2025-02-17,0,-0.04035694687325994,-0.04035694687325994,-0.978916304285514,-0.9129054675823032,2,up,512800.SS|2024-03-22,green,0.6753585574409274,-0.5109391329048825
512800.SS|2025-01-10,512800.SS,2025-01-10,5.988857938718661,2025-02-18,0,-0.04035694687325994,-0.04035694687325994,-0.978916304285514,-0.9129054675823032,2,up,512800.SS|2024-03-22,green,0.6753585574409274,-0.5109391329048825
512800.SS|2025-01-13,512800.SS,2025-01-13,3.7697052775873985,2025-02-19,0,-0.04035694687325994,-0.04035694687325994,-0.978916304285514,-1.0911715636367685,2,up,512800.SS|2024-03-22,gray,0.6753585574409274,0.28477668097850184
512800.SS|2025-01-14,512800.SS,2025-01-14,2.9911624745071252,2025-02-20,0,-0.04035694687325994,-0.04035694687325994,-0.978916304285514,-1.0911715636367685,2,up,512800.SS|2024-03-22,green,0.6753585574409274,-0.5109391329048825
512800.SS|2025-01-15,512800.SS,2025-01-15,0.60606060606061,2025-02-21,0,-0.04035694687325994,-0.04035694687325994,-0.978916304285514,-1.0911715636367685,2,up,512800.SS|2024-03-22,green,0.6753585574409274,-0.5109391329048825
512800.SS|2025-01-16,512800.SS,2025-01-16,0.27081922816520887,2025-02-24,0,-0.04035694687325994,-0.04035694687325994,-0.978916304285514,-1.0911715636367685,2,up,512800.SS|2024-03-22,green,0.6753585574409274,-0.5109391329048825
512800.SS|2025-01-17,512800.SS,2025-01-17,-0.06798096532971698,2025-02-25,0,-0.04035694687325994,-0.04035694687325994,-0.978916304285514,-1.0911715636367685,2,up,512800.SS|2024-03-22,green,0.6753585574409274,-0.5109391329048825
512800.SS|2025-01-20,512800.SS,2025-01-20,0.47586675730795225,2025-02-26,0,-0.04035694687325994,-0.04035694687325994,-0.978916304285514,-1.0911715636367685,2,up,512800.SS|2024-03-22,green,0.6753585574409274,-0.5109391329048825
512800.SS|2025-01-21,512800.SS,2025-01-21,3.7422037422037313,2025-02-27,0,-0.04035694687325994,-0.04035694687325994,-0.978916304285514,-1.0911715636367685,2,up,512800.SS|2024-03-22,green,0.6753585574409274,-0.5109391329048825
512800.SS|2025-01-22,512800.SS,2025-01-22,0.6761325219743153,2025-02-28,0,-0.04035694687325994,-0.04035694687325994,-0.8360113229354413,-1.0911715636367685,2,up,512800.SS|2024-03-22,black,0.6753585574409274,2.0892054827390054
512800.SS|2025-01-23,512800.SS,2025-01-23,0.20229265003370855,2025-03-03,0,-0.04035694687325994,-0.04035694687325994,-0.8360113229354413,-1.0911715636367685,2,up,512800.SS|2024-03-22,gray,0.6753585574409274,0.28477668097850184
512800.SS|2025-01-24,512800.SS,2025-01-24,-1.19760479041916,2025-03-04,0,-0.04035694687325994,-0.04035694687325994,-0.8360113229354413,-1.0911715636367685,2,up,512800.SS|2024-03-22,gray,0.6753585574409274,0.28477668097850184
512800.SS|2025-01-27,512800.SS,2025-01-27,1.959459459459456,2025-03-05,0,-0.04035694687325994,-0.04035694687325994,-0.978916304285514,-1.0911715636367685,2,up,512800.SS|2024-03-22,green,0.6753585574409274,-0.5109391329048825
512800.SS|2025-02-05,512800.SS,2025-02-05,1.4864864864864824,2025-03-06,0,-0.04035694687325994,-0.04035694687325994,-0.8360113229354413,-1.0911715636367685,2,up,512800.SS|2024-03-22,gray,0.6753585574409274,0.28477668097850184
512800.SS|2025-02-06,512800.SS,2025-02-06,1.8305084745762645,2025-03-07,0,-0.04035694687325994,-0.04035694687325994,-0.8360113229354413,-1.0911715636367685,2,up,512800.SS|2024-03-22,gray,0.6753585574409274,0.28477668097850184
512800.SS|2025-02-07,512800.SS,2025-02-07,0.8801624915369066,2025-03-10,0,-0.04035694687325994,-0.04035694687325994,-0.978916304285514,-1.0911715636367685,2,up,512800.SS|2024-03-22,green,0.6753585574409274,-0.5109391329048825
512800.SS|2025-02-10,512800.SS,2025-02-10,0.5369127516778649,2025-03-11,0,-0.04035694687325994,-0.04035694687325994,-0.978916304285514,-1.0911715636367685,2,up,512800.SS|2024-03-22,green,0.6753585574409274,-0.5109391329048825
512800.SS|2025-02-11,512800.SS,2025-02-11,-0.19999999999998908,2025-03-12,0,-0.04035694687325994,-0.04035694687325994,-0.978916304285514,-1.0911715636367685,2,up,512800.SS|2024-03-22,green,0.6753585574409274,-0.5109391329048825
512800.SS|2025-02-12,512800.SS,2025-02-12,0.0,2025-03-13,0,-0.04035694687325994,-0.04035694687325994,-0.978916304285514,-1.0911715636367685,2,up,512800.SS|2024-03-22,green,0.6753585574409274,-0.5109391329048825
512800.SS|2025-02-13,512800.SS,2025-02-13,0.8614976805831676,2025-03-14,0,-0.04035694687325994,-0.04035694687325994,-0.978916304285514,-1.0911715636367685,2,up,512800.SS|2024-03-22,green,0.6753585574409274,-0.5109391329048825
512800.SS|2025-02-14,512800.SS,2025-02-14,1.3944223107569709,2025-03-17,0,-0.04035694687325994,-0.04035694687325994,-0.978916304285514,-1.0911715636367685,2,up,512800.SS|2024-03-22,green,0.6753585574409274,-0.5109391329048825
512800.SS|2025-02-17,512800.SS,2025-02-17,0.13140604467807293,2025-03-18,0,-0.04035694687325994,-0.04035694687325994,-0.978916304285514,-1.0911715636367685,2,up,512800.SS|2024-03-22,green,0.6753585574409274,-0.5109391329048825
512800.SS|2025-02-18,512800.SS,2025-02-18,2.179656538969632,2025-03-19,0,-0.04035694687325994,-0.04035694687325994,-0.978916304285514,-1.0911715636367685,2,up,512800.SS|2024-03-22,green,0.6753585574409274,-0.5109391329048825
512800.SS|2025-02-19,512800.SS,2025-02-19,1.4521452145214608,2025-03-20,0,-0.04035694687325994,-0.04035694687325994,-0.978916304285514,-1.0911715636367685,2,up,512800.SS|2024-03-22,green,0.6753585574409274,-0.5109391329048825
512800.SS|2025-02-20,512800.SS,2025-02-20,1.6064257028112428,2025-03-21,0,-0.04035694687325994,-0.04035694687325994,-0.978916304285514,-1.0911715636367685,2,up,512800.SS|2024-03-22,green,0.6753585574409274,-0.5109391329048825
512800.SS|2025-02-21,512800.SS,2025-02-21,3.443619176232282,2025-03-24,0,-0.04035694687325994,-0.04035694687325994,-0.978916304285514,-1.0911715636367685,2,up,512800.SS|2024-03-22,green,0.6753585574409274,-0.5109391329048825
512800.SS|2025-02-24,512800.SS,2025-02-24,4.761904761904745,2025-03-25,0,-0.04035694687325994,-0.04035694687325994,-0.8360113229354413,-1.0911715636367685,2,up,512800.SS|2024-03-22,gray,0.6753585574409274,0.28477668097850184
512800.SS|2025-02-25,512800.SS,2025-02-25,2.6387009472259804,2025-03-26,0,-0.04035694687325994,-0.04035694687325994,-0.8360113229354413,-1.0911715636367685,2,up,512800.SS|2024-03-22,black,0.6753585574409274,2.0892054827390054
512800.SS|2025-02-26,512800.SS,2025-02-26,1.7368069472277758,2025-03-27,0,-0.04035694687325994,-0.04035694687325994,-0.8360113229354413,-1.0911715636367685,2,up,512800.SS|2024-03-22,gray,0.6753585574409274,0.28477668097850184
512800.SS|2025-02-27,512800.SS,2025-02-27,2.0147750167897938,2025-03-28,0,-0.04035694687325994,-0.04035694687325994,-0.978916304285514,-1.0911715636367685,2,up,512800.SS|2024-03-22,green,0.6753585574409274,-0.5109391329048825
512800.SS|2025-02-28,512800.SS,2025-02-28,2.5572005383580176,2025-03-31,0,-0.04035694687325994,-0.04035694687325994,-0.978916304285514,-1.0911715636367685,2,up,512800.SS|2024-03-22,green,0.6753585574409274,-0.5109391329048825
512800.SS|2025-03-03,512800.SS,2025-03-03,2.020202020202011,2025-04-01,0,-0.04035694687325994,-0.04035694687325994,-0.8360113229354413,-1.0911715636367685,2,up,512800.SS|2024-03-22,gray,0.6753585574409274,0.28477668097850184
512800.SS|2025-03-04,512800.SS,2025-03-04,1.2591119946984808,2025-04-02,0,-0.04035694687325994,-0.04035694687325994,-0.4744035625730034,-0.6722050984381783,2,up,512800.SS|2024-03-22,black,0.6753585574409274,2.0892054827390054
512800.SS|2025-03-05,512800.SS,2025-03-05,2.0639147802929303,2025-04-03,0,-0.04035694687325994,-0.04035694687325994,-0.617308543923076,-0.6722050984381783,2,up,512800.SS|2024-03-22,green,0.6753585574409274,-0.5109391329048825
512800.SS|2025-03-06,512800.SS,2025-03-06,-1.131824234354195,2025-04-07,0,-0.04035694687325994,-0.04035694687325994,-0.617308543923076,-0.6722050984381783,2,up,512800.SS|2024-03-22,green,0.6753585574409274,-0.5109391329048825
512800.SS|2025-03-07,512800.SS,2025-03-07,-0.3355704697986406,2025-04-08,0,-0.04035694687325994,-0.04035694687325994,-0.617308543923076,-0.6722050984381783,2,up,512800.SS|2024-03-22,green,0.6753585574409274,-0.5109391329048825
512800.SS|2025-03-10,512800.SS,2025-03-10,-1.7356475300400631,2025-04-09,0,-0.04035694687325994,-0.04035694687325994,-0.617308543923076,-0.6722050984381783,2,up,512800.SS|2024-03-22,gray,0.6753585574409274,0.28477668097850184
512800.SS|2025-03-11,512800.SS,2025-03-11,-0.8684034736138879,2025-04-10,0,-0.04035694687325994,-0.04035694687325994,-0.617308543923076,-0.6722050984381783,2,up,512800.SS|2024-03-22,green,0.6753585574409274,-0.5109391329048825
512800.SS|2025-03-12,512800.SS,2025-03-12,-0.9320905459387463,2025-04-11,0,-0.04035694687325994,-0.04035694687325994,-0.4744035625730034,-0.6722050984381783,2,up,512800.SS|2024-03-22,gray,0.6753585574409274,0.28477668097850184
512800.SS|2025-03-13,512800.SS,2025-03-13,-1.708278580814715,2025-04-14,0,-0.04035694687325994,-0.04035694687325994,-0.4744035625730034,-0.6722050984381783,2,up,512800.SS|2024-03-22,gray,0.6753585574409274,0.28477668097850184
512800.SS|2025-03-14,512800.SS,2025-03-14,-0.5893909626719096,2025-04-15,0,-0.04035694687325994,-0.04035694687325994,-0.617308543923076,-0.6722050984381783,2,up,512800.SS|2024-03-22,green,0.6753585574409274,-0.5109391329048825
512800.SS|2025-03-17,512800.SS,2025-03-17,0.5249343832020914,2025-04-16,0,-0.04035694687325994,-0.04035694687325994,-0.617308543923076,-0.6722050984381783,2,up,512800.SS|2024-03-22,green,0.6753585574409274,-0.5109391329048825
512800.SS|2025-03-18,512800.SS,2025-03-18,-0.9049773755656076,2025-04-17,0,-0.04035694687325994,-0.04035694687325994,-0.4744035625730034,-0.6722050984381783,2,up,512800.SS|2024-03-22,green,0.6753585574409274,-0.5109391329048825
512800.SS|2025-03-19,512800.SS,2025-03-19,0.7156798959011113,2025-04-18,0,-0.04035694687325994,-0.04035694687325994,-0.617308543923076,-0.6722050984381783,2,up,512800.SS|2024-03-22,green,0.6753585574409274,-0.5109391329048825
512800.SS|2025-03-20,512800.SS,2025-03-20,0.6587615283267567,2025-04-21,0,-0.04035694687325994,-0.04035694687325994,-0.617308543923076,-0.6722050984381783,2,up,512800.SS|2024-03-22,green,0.6753585574409274,-0.5109391329048825
512800.SS|2025-03-21,512800.SS,2025-03-21,0.5874673629242766,2025-04-22,0,-0.04035694687325994,-0.04035694687325994,-0.617308543923076,-0.6722050984381783,2,up,512800.SS|2024-03-22,green,0.6753585574409274,-0.5109391329048825
512800.SS|2025-03-24,512800.SS,2025-03-24,-0.4545454545454519,2025-04-23,0,-0.04035694687325994,-0.04035694687325994,-0.617308543923076,-0.6722050984381783,2,up,512800.SS|2024-03-22,green,0.6753585574409274,-0.5109391329048825
512800.SS|2025-03-25,512800.SS,2025-03-25,2.175346077785112,2025-04-24,0,-0.04035694687325994,-0.04035694687325994,-0.978916304285514,-1.0911715636367685,2,up,512800.SS|2024-03-22,green,0.6753585574409274,-0.5109391329048825
512800.SS|2025-03-26,512800.SS,2025-03-26,1.4445173998686833,2025-04-25,0,-0.04035694687325994,-0.04035694687325994,-0.978916304285514,-1.0911715636367685,2,up,512800.SS|2024-03-22,green,0.6753585574409274,-0.5109391329048825
512800.SS|2025-03-27,512800.SS,2025-03-27,2.5674786043449638,2025-04-28,0,-0.04035694687325994,-0.04035694687325994,-0.978916304285514,-1.0911715636367685,2,up,512800.SS|2024-03-22,green,0.6753585574409274,-0.5109391329048825
512800.SS|2025-03-28,512800.SS,2025-03-28,1.9685039370078705,2025-04-29,0,-0.04035694687325994,-0.04035694687325994,-0.978916304285514,-1.0911715636367685,2,up,512800.SS|2024-03-22,green,0.6753585574409274,-0.5109391329048825
512800.SS|2025-03-31,512800.SS,2025-03-31,0.3300330033003229,2025-04-30,0,-0.04035694687325994,-0.04035694687325994,-0.978916304285514,-1.0911715636367685,2,up,512800.SS|2024-03-22,green,0.6753585574409274,-0.5109391329048825
512800.SS|2025-04-01,512800.SS,2025-04-01,-0.5890052356020914,2025-05-06,0,-0.04035694687325994,-0.04035694687325994,-0.978916304285514,-1.0911715636367685,2,up,512800.SS|2024-03-22,gray,0.6753585574409274,0.28477668097850184
512800.SS|2025-04-02,512800.SS,2025-04-02,0.5870841487279899,2025-05-07,0,-0.04035694687325994,-0.04035694687325994,-0.978916304285514,-1.0911715636367685,2,up,512800.SS|2024-03-22,green,0.6753585574409274,-0.5109391329048825
512800.SS|2025-04-03,512800.SS,2025-04-03,4.915824915824896,2025-05-08,0,-0.04035694687325994,-0.04035694687325994,-0.978916304285514,-1.0911715636367685,2,up,512800.SS|2024-03-22,green,0.6753585574409274,-0.5109391329048825
512800.SS|2025-04-07,512800.SS,2025-04-07,6.195286195286176,2025-05-09,0,-0.04035694687325994,-0.04035694687325994,-0.8360113229354413,-1.0911715636367685,2,up,512800.SS|2024-03-22,black,0.6753585574409274,2.0892054827390054
512800.SS|2025-04-08,512800.SS,2025-04-08,7.472826086956519,2025-05-12,0,-0.04035694687325994,-0.04035694687325994,-0.8360113229354413,-1.0911715636367685,2,up,512800.SS|2024-03-22,black,0.6753585574409274,2.0892054827390054
512800.SS|2025-04-09,512800.SS,2025-04-09,8.153638814016162,2025-05-13,0,-0.04035694687325994,-0.04035694687325994,-0.8360113229354413,-0.5016254546823992,2,up,512800.SS|2024-03-22,black,0.6753585574409274,2.0892054827390054
512800.SS|2025-04-10,512800.SS,2025-04-10,8.803763440860223,2025-05-14,0,-0.04035694687325994,-0.04035694687325994,-0.4744035625730034,-0.6722050984381783,2,up,512800.SS|2024-03-22,black,0.6753585574409274,2.0892054827390054
512800.SS|2025-04-11,512800.SS,2025-04-11,7.954545454545459,2025-05-15,0,-0.04035694687325994,-0.04035694687325994,-0.4744035625730034,-0.6722050984381783,2,up,512800.SS|2024-03-22,black,0.6753585574409274,2.0892054827390054
512800.SS|2025-04-14,512800.SS,2025-04-14,5.4677206851119875,2025-05-16,0,-0.04035694687325994,-0.04035694687325994,-0.4744035625730034,-0.6722050984381783,2,up,512800.SS|2024-03-22,black,0.6753585574409274,2.0892054827390054
512800.SS|2025-04-15,512800.SS,2025-04-15,4.177545691906004,2025-05-19,0,-0.04035694687325994,-0.04035694687325994,-0.4744035625730034,-0.6722050984381783,2,up,512800.SS|2024-03-22,gray,0.6753585574409274,0.28477668097850184
512800.SS|2025-04-16,512800.SS,2025-04-16,4.435746901500326,2025-05-20,0,-0.04035694687325994,-0.04035694687325994,-0.617308543923076,-0.6722050984381783,2,up,512800.SS|2024-03-22,green,0.6753585574409274,-0.5109391329048825
512800.SS|2025-04-17,512800.SS,2025-04-17,4.134366925064592,2025-05-21,0,-0.04035694687325994,-0.04035694687325994,-0.4744035625730034,-0.6722050984381783,2,up,512800.SS|2024-03-22,gray,0.6753585574409274,0.28477668097850184
512800.SS|2025-04-18,512800.SS,2025-04-18,6.413612565445015,2025-05-22,0,-0.04035694687325994,-0.04035694687325994,-0.617308543923076,-0.6722050984381783,2,up,512800.SS|2024-03-22,green,0.6753585574409274,-0.5109391329048825
512800.SS|2025-04-21,512800.SS,2025-04-21,4.47761194029852,2025-05-23,0,-0.04035694687325994,-0.04035694687325994,-0.617308543923076,-0.6722050984381783,2,up,512800.SS|2024-03-22,green,0.6753585574409274,-0.5109391329048825
512800.SS|2025-04-22,512800.SS,2025-04-22,4.24005218525767,2025-05-26,0,-0.04035694687325994,-0.04035694687325994,-0.617308543923076,-0.6722050984381783,2,up,512800.SS|2024-03-22,green,0.6753585574409274,-0.5109391329048825
512800.SS|2025-04-23,512800.SS,2025-04-23,3.677419354838718,2025-05-27,0,-0.04035694687325994,-0.04035694687325994,-0.4744035625730034,-0.6722050984381783,2,up,512800.SS|2024-03-22,gray,0.6753585574409274,0.28477668097850184
512800.SS|2025-04-24,512800.SS,2025-04-24,3.8834951456310662,2025-05-28,0,-0.04035694687325994,-0.04035694687325994,-0.617308543923076,-0.6722050984381783,2,up,512800.SS|2024-03-22,green,0.6753585574409274,-0.5109391329048825
512800.SS|2025-04-25,512800.SS,2025-04-25,2.9525032092426295,2025-05-29,0,-0.04035694687325994,-0.04035694687325994,-0.617308543923076,-0.6722050984381783,2,up,512800.SS|2024-03-22,green,0.6753585574409274,-0.5109391329048825
512800.SS|2025-04-28,512800.SS,2025-04-28,3.925353925353936,2025-05-30,0,-0.04035694687325994,-0.04035694687325994,-0.617308543923076,-0.6722050984381783,2,up,512800.SS|2024-03-22,green,0.6753585574409274,-0.5109391329048825
512800.SS|2025-04-29,512800.SS,2025-04-29,8.09210526315789,2025-06-03,0,-0.04035694687325994,-0.04035694687325994,-0.617308543923076,-0.6722050984381783,2,up,512800.SS|2024-03-22,green,0.6753585574409274,-0.5109391329048825
512800.SS|2025-04-30,512800.SS,2025-04-30,8.294930875576046,2025-06-04,0,-0.04035694687325994,-0.04035694687325994,-0.4744035625730034,-0.6722050984381783,2,up,512800.SS|2024-03-22,gray,0.6753585574409274,0.28477668097850184
512800.SS|2025-05-06,512800.SS,2025-05-06,5.901426718547342,2025-06-05,0,-0.04035694687325994,-0.04035694687325994,-0.4744035625730034,-0.6722050984381783,2,up,512800.SS|2024-03-22,black,0.6753585574409274,2.0892054827390054
512800.SS|2025-05-07,512800.SS,2025-05-07,5.134788189987183,2025-06-06,0,-0.04035694687325994,-0.04035694687325994,-0.617308543923076,-0.6722050984381783,2,up,512800.SS|2024-03-22,green,0.6753585574409274,-0.5109391329048825
512800.SS|2025-05-08,512800.SS,2025-05-08,4.185161699429307,2025-06-09,0,-0.04035694687325994,-0.04035694687325994,-0.617308543923076,-0.6722050984381783,2,up,512800.SS|2024-03-22,green,0.6753585574409274,-0.5109391329048825
512800.SS|2025-05-09,512800.SS,2025-05-09,4.361567635903918,2025-06-10,0,-0.04035694687325994,-0.04035694687325994,-0.617308543923076,-0.6722050984381783,2,up,512800.SS|2024-03-22,green,0.6753585574409274,-0.5109391329048825
512800.SS|2025-05-12,512800.SS,2025-05-12,3.2398753894080867,2025-06-11,0,-0.04035694687325994,-0.04035694687325994,-0.617308543923076,-0.6722050984381783,2,up,512800.SS|2024-03-22,green,0.6753585574409274,-0.5109391329048825
512800.SS|2025-05-13,512800.SS,2025-05-13,2.7177269919703484,2025-06-12,0,-0.04035694687325994,-0.04035694687325994,-0.978916304285514,-1.0911715636367685,2,up,512800.SS|2024-03-22,green,0.6753585574409274,-0.5109391329048825
512800.SS|2025-05-14,512800.SS,2025-05-14,2.1671826625387025,2025-06-13,0,-0.04035694687325994,-0.04035694687325994,-0.978916304285514,-1.0911715636367685,2,up,512800.SS|2024-03-22,green,0.6753585574409274,-0.5109391329048825
512800.SS|2025-05-15,512800.SS,2025-05-15,4.309806371018121,2025-06-16,0,-0.04035694687325994,-0.04035694687325994,-0.978916304285514,-1.0911715636367685,2,up,512800.SS|2024-03-22,green,0.6753585574409274,-0.5109391329048825
512800.SS|2025-05-16,512800.SS,2025-05-16,4.385964912280693,2025-06-17,0,-0.04035694687325994,-0.04035694687325994,-0.978916304285514,-1.0911715636367685,2,up,512800.SS|2024-03-22,green,0.6753585574409274,-0.5109391329048825
512800.SS|2025-05-19,512800.SS,2025-05-19,5.121798875702699,2025-06-18,0,-0.04035694687325994,-0.04035694687325994,-0.978916304285514,-1.0911715636367685,2,up,512800.SS|2024-03-22,green,0.6753585574409274,-0.5109391329048825
512800.SS|2025-05-20,512800.SS,2025-05-20,4.280397022332516,2025-06-19,0,-0.04035694687325994,-0.04035694687325994,-0.978916304285514,-1.0911715636367685,2,up,512800.SS|2024-03-22,green,0.6753585574409274,-0.5109391329048825
512800.SS|2025-05-21,512800.SS,2025-05-21,4.5510455104551095,2025-06-20,0,-0.04035694687325994,-0.04035694687325994,-0.978916304285514,-1.0911715636367685,2,up,512800.SS|2024-03-22,green,0.6753585574409274,-0.5109391329048825
512800.SS|2025-05-22,512800.SS,2025-05-22,6.894409937888191,2025-06-23,0,-0.04035694687325994,-0.04035694687325994,-0.978916304285514,-1.0911715636367685,2,up,512800.SS|2024-03-22,green,0.6753585574409274,-0.5109391329048825
512800.SS|2025-05-23,512800.SS,2025-05-23,8.010012515644549,2025-06-24,0,-0.04035694687325994,-0.04035694687325994,-0.978916304285514,-1.0911715636367685,2,up,512800.SS|2024-03-22,green,0.6753585574409274,-0.5109391329048825
512800.SS|2025-05-26,512800.SS,2025-05-26,8.525202240199125,2025-06-25,0,-0.04035694687325994,-0.04035694687325994,-0.978916304285514,-1.0911715636367685,2,up,512800.SS|2024-03-22,green,0.6753585574409274,-0.5109391329048825
512800.SS|2025-05-27,512800.SS,2025-05-27,9.781931464174454,2025-06-26,0,-0.04035694687325994,-0.04035694687325994,-0.978916304285514,-1.0911715636367685,2,up,512800.SS|2024-03-22,green,0.6753585574409274,-0.5109391329048825
512800.SS|2025-05-28,512800.SS,2025-05-28,6.79551122194515,2025-06-27,0,-0.04035694687325994,-0.04035694687325994,-0.978916304285514,-1.0911715636367685,2,up,512800.SS|2024-03-22,green,0.6753585574409274,-0.5109391329048825
512800.SS|2025-05-29,512800.SS,2025-05-29,5.944272445820431,2025-06-30,0,-0.04035694687325994,-0.04035694687325994,-0.978916304285514,-1.0911715636367685,2,up,512800.SS|2024-03-22,green,0.6753585574409274,-0.5109391329048825
512800.SS|2025-05-30,512800.SS,2025-05-30,5.721241631162499,2025-07-01,0,-0.04035694687325994,-0.04035694687325994,-0.978916304285514,-0.9129054675823032,2,up,512800.SS|2024-03-22,green,0.6753585574409274,-0.5109391329048825
512800.SS|2025-06-03,512800.SS,2025-06-03,6.139817629179345,2025-07-02,0,-0.04035694687325994,-0.04035694687325994,-0.978916304285514,-0.9129054675823032,2,up,512800.SS|2024-03-22,green,0.6753585574409274,-0.5109391329048825
512800.SS|2025-06-04,512800.SS,2025-06-04,6.919779546846305,2025-07-03,0,-0.04035694687325994,-0.04035694687325994,-0.978916304285514,-0.9129054675823032,2,up,512800.SS|2024-03-22,green,0.6753585574409274,-0.5109391329048825
512800.SS|2025-06-05,512800.SS,2025-06-05,8.485958485958477,2025-07-04,0,-0.04035694687325994,-0.04035694687325994,-0.978916304285514,-0.9129054675823032,2,up,512800.SS|2024-03-22,green,0.6753585574409274,-0.5109391329048825
512800.SS|2025-06-06,512800.SS,2025-06-06,8.825319537431508,2025-07-07,0,-0.04035694687325994,-0.04035694687325994,-0.978916304285514,-0.9129054675823032,2,up,512800.SS|2024-03-22,green,0.6753585574409274,-0.5109391329048825
512800.SS|2025-06-09,512800.SS,2025-06-09,7.9345850999394285,2025-07-08,0,-0.04035694687325994,-0.04035694687325994,-0.6978295641062044,-0.7192654539253472,2,up,512800.SS|2024-03-22,green,0.6753585574409274,-0.5109391329048825
512800.SS|2025-06-10,512800.SS,2025-06-10,8.02655401327701,2025-07-09,0,-0.04035694687325994,-0.04035694687325994,-0.6978295641062044,-0.7192654539253472,2,up,512800.SS|2024-03-22,green,0.6753585574409274,-0.5109391329048825
512800.SS|2025-06-11,512800.SS,2025-06-11,8.959711365002999,2025-07-10,0,-0.04035694687325994,-0.04035694687325994,-0.6978295641062044,-0.7192654539253472,2,up,512800.SS|2024-03-22,green,0.6753585574409274,-0.5109391329048825
512800.SS|2025-06-12,512800.SS,2025-06-12,7.636363636363641,2025-07-11,0,-0.04035694687325994,-0.04035694687325994,-0.6978295641062044,-0.7192654539253472,2,up,512800.SS|2024-03-22,green,0.6753585574409274,-0.5109391329048825
512800.SS|2025-06-13,512800.SS,2025-06-13,7.18562874251496,2025-07-14,0,-0.04035694687325994,-0.04035694687325994,-0.6978295641062044,-0.7192654539253472,2,up,512800.SS|2024-03-22,green,0.6753585574409274,-0.5109391329048825
512800.SS|2025-06-16,512800.SS,2025-06-16,6.362545018007215,2025-07-15,0,-0.04035694687325994,-0.04035694687325994,-0.6978295641062044,-0.7192654539253472,2,up,512800.SS|2024-03-22,green,0.6753585574409274,-0.5109391329048825
512800.SS|2025-06-17,512800.SS,2025-06-17,4.8128342245989275,2025-07-16,0,-0.04035694687325994,-0.04035694687325994,-0.6978295641062044,-0.7192654539253472,2,up,512800.SS|2024-03-22,green,0.6753585574409274,-0.5109391329048825
512800.SS|2025-06-18,512800.SS,2025-06-18,4.580606781677576,2025-07-17,0,-0.04035694687325994,-0.04035694687325994,-0.6978295641062044,-0.7192654539253472,2,up,512800.SS|2024-03-22,green,0.6753585574409274,-0.5109391329048825
512800.SS|2025-06-19,512800.SS,2025-06-19,3.88235294117647,2025-07-18,0,-0.04035694687325994,-0.04035694687325994,-0.6978295641062044,-0.7192654539253472,2,up,512800.SS|2024-03-22,green,0.6753585574409274,-0.5109391329048825
512800.SS|2025-06-20,512800.SS,2025-06-20,2.2661243463103053,2025-07-21,0,-0.04035694687325994,-0.04035694687325994,-0.6978295641062044,-0.7192654539253472,2,up,512800.SS|2024-03-22,green,0.6753585574409274,-0.5109391329048825
512800.SS|2025-06-23,512800.SS,2025-06-23,0.4634994206257126,2025-07-22,0,-0.04035694687325994,-0.04035694687325994,-0.6978295641062044,-0.7192654539253472,2,up,512800.SS|2024-03-22,green,0.6753585574409274,-0.5109391329048825
512800.SS|2025-06-24,512800.SS,2025-06-24,0.0,2025-07-23,0,-0.04035694687325994,-0.04035694687325994,-0.6978295641062044,-0.7192654539253472,2,up,512800.SS|2024-03-22,green,0.6753585574409274,-0.5109391329048825
512800.SS|2025-06-25,512800.SS,2025-06-25,-2.497162315550505,2025-07-24,0,-0.04035694687325994,-0.04035694687325994,-0.6978295641062044,-0.7192654539253472,2,up,512800.SS|2024-03-22,green,0.6753585574409274,-0.5109391329048825
512800.SS|2025-06-26,512800.SS,2025-06-26,0.17513134851137035,2025-07-25,0,-0.04035694687325994,-0.04035694687325994,-0.6978295641062044,-0.7192654539253472,2,up,512800.SS|2024-03-22,green,0.6753585574409274,-0.5109391329048825
512800.SS|2025-06-27,512800.SS,2025-06-27,0.5260081823495133,2025-07-28,0,-0.04035694687325994,-0.04035694687325994,-0.978916304285514,-0.9129054675823032,2,up,512800.SS|2024-03-22,green,0.6753585574409274,-0.5109391329048825
512800.SS|2025-06-30,512800.SS,2025-06-30,-2.2452504317789335,2025-07-29,0,-0.04035694687325994,-0.04035694687325994,-0.978916304285514,-0.9129054675823032,2,up,512800.SS|2024-03-22,green,0.6753585574409274,-0.5109391329048825
512800.SS|2025-07-01,512800.SS,2025-07-01,-2.1764032073310458,2025-07-30,0,-0.04035694687325994,-0.04035694687325994,-0.978916304285514,-0.9129054675823032,2,up,512800.SS|2024-03-22,green,0.6753585574409274,-0.5109391329048825
512800.SS|2025-07-02,512800.SS,2025-07-02,-2.863688430698741,2025-07-31,0,-0.04035694687325994,-0.04035694687325994,-0.978916304285514,-0.9129054675823032,2,up,512800.SS|2024-03-22,green,0.6753585574409274,-0.5109391329048825
512800.SS|2025-07-03,512800.SS,2025-07-03,-3.995498030388289,2025-08-01,0,-0.04035694687325994,-0.04035694687325994,-0.978916304285514,-0.9129054675823032,2,up,512800.SS|2024-03-22,green,0.6753585574409274,-0.5109391329048825
512800.SS|2025-07-04,512800.SS,2025-07-04,-4.026845637583898,2025-08-04,0,-0.04035694687325994,-0.04035694687325994,-0.978916304285514,-0.9129054675823032,2,up,512800.SS|2024-03-22,green,0.6753585574409274,-0.5109391329048825
512800.SS|2025-07-07,512800.SS,2025-07-07,-2.244668911335579,2025-08-05,0,-0.04035694687325994,-0.04035694687325994,-0.978916304285514,-0.9129054675823032,2,up,512800.SS|2024-03-22,green,0.6753585574409274,-0.5109391329048825
512800.SS|2025-07-08,512800.SS,2025-07-08,-2.7932960893854775,2025-08-06,0,-0.04035694687325994,-0.04035694687325994,-0.978916304285514,-0.9129054675823032,2,up,512800.SS|2024-03-22,green,0.6753585574409274,-0.5109391329048825
512800.SS|2025-07-09,512800.SS,2025-07-09,-3.532008830022082,2025-08-07,0,-0.04035694687325994,-0.04035694687325994,-0.978916304285514,-0.9129054675823032,2,up,512800.SS|2024-03-22,green,0.6753585574409274,-0.5109391329048825
512800.SS|2025-07-10,512800.SS,2025-07-10,-2.0270270270270285,2025-08-08,0,-0.04035694687325994,-0.04035694687325994,-0.978916304285514,-0.9129054675823032,2,up,512800.SS|2024-03-22,green,0.6753585574409274,-0.5109391329048825
512800.SS|2025-07-11,512800.SS,2025-07-11,-3.575418994413415,2025-08-11,0,-0.04035694687325994,-0.04035694687325994,-0.978916304285514,-0.9129054675823032,2,up,512800.SS|2024-03-22,green,0.6753585574409274,-0.5109391329048825
512800.SS|2025-07-14,512800.SS,2025-07-14,-2.3702031602708895,2025-08-12,0,-0.04035694687325994,-0.04035694687325994,-0.978916304285514,-0.9129054675823032,2,up,512800.SS|2024-03-22,green,0.6753585574409274,-0.5109391329048825
512800.SS|2025-07-15,512800.SS,2025-07-15,-2.8344671201814053,2025-08-13,0,-0.04035694687325994,-0.04035694687325994,-0.978916304285514,-0.9129054675823032,2,up,512800.SS|2024-03-22,green,0.6753585574409274,-0.5109391329048825
512800.SS|2025-07-16,512800.SS,2025-07-16,-2.6166097838452806,2025-08-14,0,-0.04035694687325994,-0.04035694687325994,-0.978916304285514,-0.9129054675823032,1,up,512800.SS|2024-03-22,green,0.6753585574409274,-0.5109391329048825
512800.SS|2025-07-17,512800.SS,2025-07-17,-4.416761041902594,2025-08-15,0,-0.04035694687325994,-0.04035694687325994,-0.978916304285514,-0.9129054675823032,1,up,512800.SS|2024-03-22,green,0.6753585574409274,-0.5109391329048825
512800.SS|2025-07-18,512800.SS,2025-07-18,-3.863636363636369,2025-08-18,0,-0.04035694687325994,-0.04035694687325994,-0.978916304285514,-0.9129054675823032,1,up,512800.SS|2024-03-22,green,0.6753585574409274,-0.5109391329048825
512800.SS|2025-07-21,512800.SS,2025-07-21,-2.3068050749711633,2025-08-19,0,-0.04035694687325994,-0.04035694687325994,-0.978916304285514,-0.9129054675823032,2,up,512800.SS|2024-03-22,green,0.6753585574409274,-0.5109391329048825
512800.SS|2025-07-22,512800.SS,2025-07-22,-2.40825688073395,2025-08-20,0,-0.04035694687325994,-0.04035694687325994,-0.8360113229354413,-0.9129054675823032,2,up,512800.SS|2024-03-22,gray,0.6753585574409274,0.28477668097850184
512800.SS|2025-07-23,512800.SS,2025-07-23,-0.465657741559955,2025-08-21,0,-0.04035694687325994,-0.04035694687325994,-0.8360113229354413,-0.9129054675823032,2,up,512800.SS|2024-03-22,gray,0.6753585574409274,0.28477668097850184
512800.SS|2025-07-24,512800.SS,2025-07-24,-0.6993006993006978,2025-08-22,0,-0.04035694687325994,-0.04035694687325994,-0.8360113229354413,-0.9129054675823032,2,up,512800.SS|2024-03-22,black,0.6753585574409274,2.0892054827390054
512800.SS|2025-07-25,512800.SS,2025-07-25,-0.23255813953487747,2025-08-25,0,-0.04035694687325994,-0.04035694687325994,-0.8360113229354413,-1.0911715636367685,2,up,512800.SS|2024-03-22,gray,0.6753585574409274,0.28477668097850184
512800.SS|2025-07-28,512800.SS,2025-07-28,0.4711425206124886,2025-08-26,0,-0.04035694687325994,-0.04035694687325994,-0.617308543923076,-0.6722050984381783,2,up,512800.SS|2024-03-22,gray,0.6753585574409274,0.28477668097850184
512800.SS|2025-07-29,512800.SS,2025-07-29,-1.87353629976581,2025-08-27,0,-0.04035694687325994,-0.04035694687325994,-0.4744035625730034,-0.6722050984381783,2,up,512800.SS|2024-03-22,black,0.6753585574409274,2.0892054827390054
512800.SS|2025-07-30,512800.SS,2025-07-30,-0.7075471698113289,2025-08-28,0,-0.04035694687325994,-0.04035694687325994,-0.4744035625730034,-0.6722050984381783,2,up,512800.SS|2024-03-22,black,0.6753585574409274,2.0892054827390054
512800.SS|2025-07-31,512800.SS,2025-07-31,-1.992966002344676,2025-08-29,0,-0.04035694687325994,-0.04035694687325994,-0.4744035625730034,-0.6722050984381783,2,up,512800.SS|2024-03-22,black,0.6753585574409274,2.0892054827390054
512800.SS|2025-08-01,512800.SS,2025-08-01,-3.7296037296037143,2025-09-01,0,-0.04035694687325994,-0.04035694687325994,-0.4744035625730034,-0.6722050984381783,2,up,512800.SS|2024-03-22,black,0.6753585574409274,2.0892054827390054
512800.SS|2025-08-04,512800.SS,2025-08-04,-3.3295063145809545,2025-09-02,0,-0.04035694687325994,-0.04035694687325994,0.029421976655213435,-0.2048574876564668,2,up,512800.SS|2024-03-22,black,0.6753585574409274,2.0892054827390054
512800.SS|2025-08-05,512800.SS,2025-08-05,-4.597701149425282,2025-09-03,0,-0.04035694687325994,-0.04035694687325994,0.029421976655213435,-0.2048574876564668,2,up,512800.SS|2024-03-22,gray,0.6753585574409274,0.28477668097850184
512800.SS|2025-08-06,512800.SS,2025-08-06,-4.11899313501144,2025-09-04,0,-0.04035694687325994,-0.04035694687325994,0.029421976655213435,-0.2048574876564668,2,up,512800.SS|2024-03-22,gray,0.6753585574409274,0.28477668097850184
512800.SS|2025-08-07,512800.SS,2025-08-07,-4.597701149425282,2025-09-05,0,-0.04035694687325994,-0.04035694687325994,0.029421976655213435,-0.2048574876564668,2,up,512800.SS|2024-03-22,gray,0.6753585574409274,0.28477668097850184
512800.SS|2025-08-08,512800.SS,2025-08-08,-4.287369640787942,2025-09-08,0,-0.04035694687325994,-0.04035694687325994,0.029421976655213435,-0.2048574876564668,2,up,512800.SS|2024-03-22,gray,0.6753585574409274,0.28477668097850184
512800.SS|2025-08-11,512800.SS,2025-08-11,-3.8150289017340966,2025-09-09,0,-0.04035694687325994,-0.04035694687325994,0.029421976655213435,-0.2048574876564668,2,up,512800.SS|2024-03-22,black,0.6753585574409274,2.0892054827390054
512800.SS|2025-08-12,512800.SS,2025-08-12,-2.8004667444574194,2025-09-10,0,-0.04035694687325994,-0.04035694687325994,0.029421976655213435,-0.18622311022881702,2,up,512800.SS|2024-03-22,black,0.6753585574409274,2.0892054827390054
512800.SS|2025-08-13,512800.SS,2025-08-13,-2.219626168224287,2025-09-11,0,-0.04035694687325994,-0.04035694687325994,0.029421976655213435,-0.07844386721337333,2,up,512800.SS|2024-03-22,black,0.6753585574409274,2.0892054827390054
512800.SS|2025-08-14,512800.SS,2025-08-14,-2.369668246445511,2025-09-12,0,-0.04035694687325994,-0.04035694687325994,0.029421976655213435,-0.07844386721337333,2,up,512800.SS|2024-03-22,black,0.6753585574409274,2.0892054827390054
512800.SS|2025-08-15,512800.SS,2025-08-15,-3.546099290780147,2025-09-15,0,-0.04035694687325994,-0.04035694687325994,0.029421976655213435,-0.07844386721337333,2,up,512800.SS|2024-03-22,black,0.6753585574409274,2.0892054827390054
512800.SS|2025-08-18,512800.SS,2025-08-18,-4.604486422668231,2025-09-16,0,-0.04035694687325994,-0.04035694687325994,0.029421976655213435,-0.07844386721337333,2,up,512800.SS|2024-03-22,black,0.6753585574409274,2.0892054827390054
512800.SS|2025-08-19,512800.SS,2025-08-19,-5.405405405405395,2025-09-17,0,-0.04035694687325994,-0.04035694687325994,0.029421976655213435,-0.07844386721337333,2,up,512800.SS|2024-03-22,black,0.6753585574409274,2.0892054827390054
512800.SS|2025-08-20,512800.SS,2025-08-20,-7.602339181286544,2025-09-18,0,-0.04035694687325994,-0.04035694687325994,0.029421976655213435,-0.07844386721337333,2,up,512800.SS|2024-03-22,black,0.6753585574409274,2.0892054827390054
512800.SS|2025-08-21,512800.SS,2025-08-21,-7.042253521126751,2025-09-19,0,-0.04035694687325994,-0.04035694687325994,0.31050871683452286,0.11519614644358273,2,up,512800.SS|2024-03-22,black,0.6753585574409274,2.0892054827390054
512800.SS|2025-08-22,512800.SS,2025-08-22,-8.62470862470862,2025-09-22,0,-0.04035694687325994,-0.04035694687325994,0.31050871683452286,0.11519614644358273,2,up,512800.SS|2024-03-22,black,0.6753585574409274,2.0892054827390054
512800.SS|2025-08-25,512800.SS,2025-08-25,-6.916764361078553,2025-09-23,0,-0.04035694687325994,-0.04035694687325994,0.029421976655213435,-0.07844386721337333,2,up,512800.SS|2024-03-22,gray,0.6753585574409274,0.28477668097850184
512800.SS|2025-08-26,512800.SS,2025-08-26,-5.4892601431980825,2025-09-24,0,-0.04035694687325994,-0.04035694687325994,0.31050871683452286,0.11519614644358273,2,up,512800.SS|2024-03-22,gray,0.6753585574409274,0.28477668097850184
512800.SS|2025-08-27,512800.SS,2025-08-27,-6.413301662707838,2025-09-25,0,-0.04035694687325994,-0.04035694687325994,0.029421976655213435,-0.07844386721337333,2,up,512800.SS|2024-03-22,black,0.6753585574409274,2.0892054827390054
512800.SS|2025-08-28,512800.SS,2025-08-28,-5.622009569377983,2025-09-26,0,-0.04035694687325994,-0.04035694687325994,0.029421976655213435,-0.07844386721337333,2,up,512800.SS|2024-03-22,black,0.6753585574409274,2.0892054827390054
512800.SS|2025-08-29,512800.SS,2025-08-29,-4.842615012106544,2025-09-29,0,-0.04035694687325994,-0.04035694687325994,0.029421976655213435,-0.07844386721337333,2,up,512800.SS|2024-03-22,black,0.6753585574409274,2.0892054827390054
512800.SS|2025-09-01,512800.SS,2025-09-01,-7.600950118764837,2025-09-30,0,-0.04035694687325994,-0.04035694687325994,0.029421976655213435,0.5111022417409959,2,up,512800.SS|2024-03-22,black,0.6753585574409274,2.0892054827390054
512800.SS|2025-09-02,512800.SS,2025-09-02,-6.385542168674707,2025-10-09,0,-0.04035694687325994,-0.04035694687325994,0.029421976655213435,-0.07844386721337333,2,up,512800.SS|2024-03-22,black,0.6753585574409274,2.0892054827390054
512800.SS|2025-09-03,512800.SS,2025-09-03,-6.921241050119331,2025-10-10,0,-0.04035694687325994,-0.04035694687325994,0.029421976655213435,-0.07844386721337333,2,up,512800.SS|2024-03-22,black,0.6753585574409274,2.0892054827390054
512800.SS|2025-09-04,512800.SS,2025-09-04,-5.180722891566269,2025-10-13,0,-0.04035694687325994,-0.04035694687325994,0.029421976655213435,-0.07844386721337333,2,up,512800.SS|2024-03-22,black,0.6753585574409274,2.0892054827390054
512800.SS|2025-09-05,512800.SS,2025-09-05,-2.421307506053283,2025-10-14,0,-0.04035694687325994,-0.04035694687325994,-0.2446026993231409,-0.4751672082365827,2,up,512800.SS|2024-03-22,black,0.6753585574409274,2.0892054827390054
512800.SS|2025-09-08,512800.SS,2025-09-08,-2.644230769230771,2025-10-15,0,-0.04035694687325994,-0.04035694687325994,-0.2446026993231409,-0.4751672082365827,2,up,512800.SS|2024-03-22,black,0.6753585574409274,2.0892054827390054
512800.SS|2025-09-09,512800.SS,2025-09-09,-1.3205282112845107,2025-10-16,0,-0.04035694687325994,-0.04035694687325994,-0.2446026993231409,-0.4751672082365827,2,up,512800.SS|2024-03-22,black,0.6753585574409274,2.0892054827390054
512800.SS|2025-09-10,512800.SS,2025-09-10,-1.9115890083632014,2025-10-17,0,-0.04035694687325994,-0.04035694687325994,-0.2446026993231409,-0.4751672082365827,2,up,512800.SS|2024-03-22,black,0.6753585574409274,2.0892054827390054
512800.SS|2025-09-11,512800.SS,2025-09-11,-0.6067961165048374,2025-10-20,0,-0.04035694687325994,-0.04035694687325994,-0.2446026993231409,-0.4751672082365827,2,up,512800.SS|2024-03-22,black,0.6753585574409274,2.0892054827390054
512800.SS|2025-09-12,512800.SS,2025-09-12,0.7352941176470562,2025-10-21,0,-0.04035694687325994,-0.04035694687325994,-0.2446026993231409,-0.4751672082365827,2,up,512800.SS|2024-03-22,black,0.6753585574409274,2.0892054827390054
512800.SS|2025-09-15,512800.SS,2025-09-15,2.59900990099009,2025-10-22,0,-0.04035694687325994,-0.04035694687325994,-0.2446026993231409,0.11437890071778661,2,up,512800.SS|2024-03-22,black,0.6753585574409274,2.0892054827390054
512800.SS|2025-09-16,512800.SS,2025-09-16,3.602484472049694,2025-10-23,0,-0.04035694687325994,-0.04035694687325994,1.2975751460654577,1.5492318746450966,2,up,512800.SS|2024-03-22,black,0.6753585574409274,2.0892054827390054
512800.SS|2025-09-17,512800.SS,2025-09-17,4.936708860759476,2025-10-24,0,-0.04035694687325994,-0.04035694687325994,1.4765974257128223,1.5492318746450966,2,up,512800.SS|2024-03-22,black,0.6753585574409274,2.0892054827390054
512800.SS|2025-09-18,512800.SS,2025-09-18,4.797979797979801,2025-10-27,0,-0.04035694687325994,-0.04035694687325994,4.463761437932459,4.3525268805932535,2,up,512800.SS|2024-03-22,black,0.6753585574409274,2.0892054827390054
512800.SS|2025-09-19,512800.SS,2025-09-19,5.739795918367352,2025-10-28,0,-0.04035694687325994,-0.04035694687325994,1.4765974257128223,1.5492318746450966,2,up,512800.SS|2024-03-22,black,0.6753585574409274,2.0892054827390054
512800.SS|2025-09-22,512800.SS,2025-09-22,2.3929471032745564,2025-10-29,0,-0.04035694687325994,-0.04035694687325994,1.6105975095324836,1.6409986840441113,2,up,512800.SS|2024-03-22,black,0.6753585574409274,2.0892054827390054
512800.SS|2025-09-23,512800.SS,2025-09-23,2.5252525252525304,2025-10-30,0,-0.04035694687325994,-0.04035694687325994,1.6105975095324836,1.6409986840441113,2,up,512800.SS|2024-03-22,black,0.6753585574409274,2.0892054827390054
512800.SS|2025-09-24,512800.SS,2025-09-24,3.172588832487322,2025-10-31,0,-0.04035694687325994,-0.04035694687325994,2.812623591290263,2.7321837896098295,2,up,512800.SS|2024-03-22,black,0.6753585574409274,2.0892054827390054
512800.SS|2025-09-25,512800.SS,2025-09-25,4.309252217997472,2025-11-03,0,-0.04035694687325994,-0.04035694687325994,2.812623591290263,2.7321837896098295,2,up,512800.SS|2024-03-22,black,0.6753585574409274,2.0892054827390054
512800.SS|2025-09-26,512800.SS,2025-09-26,6.870229007633588,2025-11-04,0,-0.04035694687325994,-0.04035694687325994,4.463761437932459,4.463473922881122,2,up,512800.SS|2024-03-22,black,0.6753585574409274,2.0892054827390054
512800.SS|2025-09-29,512800.SS,2025-09-29,7.969151670951158,2025-11-05,0,-0.04035694687325994,-0.04035694687325994,4.463761437932459,4.463473922881122,2,up,512800.SS|2024-03-22,black,0.6753585574409274,2.0892054827390054
512800.SS|2025-09-30,512800.SS,2025-09-30,7.5933075933075855,2025-11-06,0,-0.04035694687325994,-0.04035694687325994,3.224879056187775,3.7606228995902344,2,up,512800.SS|2024-03-22,black,0.6753585574409274,2.0892054827390054
512800.SS|2025-10-09,512800.SS,2025-10-09,7.051282051282048,2025-11-07,0,-0.04035694687325994,-0.04035694687325994,3.224879056187775,3.7606228995902344,2,up,512800.SS|2024-03-22,black,0.6753585574409274,2.0892054827390054
512800.SS|2025-10-10,512800.SS,2025-10-10,6.607369758576875,2025-11-10,0,-0.04035694687325994,-0.04035694687325994,3.224879056187775,3.871569941878103,2,up,512800.SS|2024-03-22,black,0.6753585574409274,2.0892054827390054
512800.SS|2025-10-13,512800.SS,2025-10-13,4.590570719602982,2025-11-11,0,-0.04035694687325994,-0.04035694687325994,3.224879056187775,3.2820238329237346,3,sideways,512800.SS|2025-10-13,black,0.6753585574409274,2.0892054827390054
512800.SS|2025-10-14,512800.SS,2025-10-14,4.691358024691361,2025-11-12,0,-0.04035694687325994,-0.04035694687325994,4.463761437932459,3.8739278139267537,3,sideways,512800.SS|2025-10-13,gray,0.6753585574409274,0.28477668097850184
512800.SS|2025-10-15,512800.SS,2025-10-15,2.919708029197099,2025-11-13,0,-0.04035694687325994,-0.04035694687325994,0.16342206047487465,0.19158903824010617,3,sideways,512800.SS|2025-10-13,gray,0.6753585574409274,0.28477668097850184
512800.SS|2025-10-16,512800.SS,2025-10-16,3.410475030450666,2025-11-14,0,-0.04035694687325994,-0.04035694687325994,0.029421976655213435,0.09982222884109154,3,sideways,512800.SS|2025-10-13,gray,0.6753585574409274,0.28477668097850184
512800.SS|2025-10-17,512800.SS,2025-10-17,2.3199023199023117,2025-11-17,0,-0.04035694687325994,-0.04035694687325994,0.029421976655213435,0.09982222884109154,3,sideways,512800.SS|2025-10-13,gray,0.6753585574409274,0.28477668097850184
512800.SS|2025-10-20,512800.SS,2025-10-20,1.4598540145985384,2025-11-18,0,-0.04035694687325994,-0.04035694687325994,0.029421976655213435,0.09982222884109154,3,sideways,512800.SS|2025-10-13,gray,0.6753585574409274,0.28477668097850184
512800.SS|2025-10-21,512800.SS,2025-10-21,1.5681544028950611,2025-11-19,0,-0.04035694687325994,-0.04035694687325994,-0.11348300469485925,0.09982222884109154,3,sideways,512800.SS|2025-10-13,green,0.6753585574409274,-0.5109391329048825
512800.SS|2025-10-22,512800.SS,2025-10-22,1.7985611510791255,2025-11-20,0,-0.04035694687325994,-0.04035694687325994,-0.11348300469485925,0.09982222884109154,3,sideways,512800.SS|2025-10-13,green,0.6753585574409274,-0.5109391329048825
512800.SS|2025-10-23,512800.SS,2025-10-23,1.3268998793727338,2025-11-21,0,-0.04035694687325994,-0.04035694687325994,-0.11348300469485925,0.09982222884109154,3,sideways,512800.SS|2025-10-13,green,0.6753585574409274,-0.5109391329048825
512800.SS|2025-10-24,512800.SS,2025-10-24,0.6024096385542244,2025-11-24,0,-0.04035694687325994,-0.04035694687325994,-0.11348300469485925,-0.007957014174352135,3,sideways,512800.SS|2025-10-13,green,0.6753585574409274,-0.5109391329048825
512800.SS|2025-10-27,512800.SS,2025-10-27,2.0506634499396936,2025-11-25,0,-0.04035694687325994,-0.04035694687325994,-0.11348300469485925,-0.02659139160200193,3,sideways,512800.SS|2025-10-13,green,0.6753585574409274,-0.5109391329048825
512800.SS|2025-10-28,512800.SS,2025-10-28,3.1980319803198043,2025-11-26,0,-0.04035694687325994,-0.04035694687325994,-0.617308543923076,-0.5699513321898176,3,sideways,512800.SS|2025-10-13,green,0.6753585574409274,-0.5109391329048825
512800.SS|2025-10-29,512800.SS,2025-10-29,3.6945812807881673,2025-11-27,0,-0.04035694687325994,-0.04035694687325994,-0.617308543923076,-0.7482174282442827,3,sideways,512800.SS|2025-10-13,gray,0.6753585574409274,0.28477668097850184
512800.SS|2025-10-30,512800.SS,2025-10-30,2.829028290282909,2025-11-28,0,-0.04035694687325994,-0.04035694687325994,-0.7952591224985515,-0.8411548119696882,3,sideways,512800.SS|2025-10-13,gray,0.6753585574409274,0.28477668097850184
512800.SS|2025-10-31,512800.SS,2025-10-31,2.3086269744835963,2025-12-01,0,-0.04035694687325994,-0.04035694687325994,-0.617308543923076,-0.7482174282442827,3,sideways,512800.SS|2025-10-13,gray,0.6753585574409274,0.28477668097850184
512800.SS|2025-11-03,512800.SS,2025-11-03,0.11904761904761862,2025-12-02,0,-0.04035694687325994,-0.04035694687325994,-0.617308543923076,-0.7482174282442827,3,sideways,512800.SS|2025-10-13,green,0.6753585574409274,-0.5109391329048825
512800.SS|2025-11-04,512800.SS,2025-11-04,-0.7142857142857117,2025-12-03,0,-0.04035694687325994,-0.04035694687325994,-0.617308543923076,-0.6722050984381783,3,sideways,512800.SS|2025-10-13,green,0.6753585574409274,-0.5109391329048825
512800.SS|2025-11-05,512800.SS,2025-11-05,-0.5980861244019198,2025-12-04,0,-0.04035694687325994,-0.04035694687325994,-0.617308543923076,-0.7482174282442827,4,down,512800.SS|2025-11-05,green,0.6753585574409274,-0.5109391329048825
512800.SS|2025-11-06,512800.SS,2025-11-06,-0.9580838323353325,2025-12-05,0,-0.04035694687325994,-0.04035694687325994,-0.617308543923076,-0.7482174282442827,4,down,512800.SS|2025-11-05,green,0.6753585574409274,-0.5109391329048825
512800.SS|2025-11-07,512800.SS,2025-11-07,-1.430274135876053,2025-12-08,0,-0.04035694687325994,-0.04035694687325994,-0.978916304285514,-1.1671838934428727,4,down,512800.SS|2025-11-05,green,0.6753585574409274,-0.5109391329048825
512800.SS|2025-11-10,512800.SS,2025-11-10,-2.01660735468564,2025-12-09,0,-0.04035694687325994,-0.04035694687325994,-0.978916304285514,-1.1671838934428727,4,down,512800.SS|2025-11-05,green,0.6753585574409274,-0.5109391329048825
512800.SS|2025-11-11,512800.SS,2025-11-11,-4.009433962264152,2025-12-10,0,-0.04035694687325994,-0.04035694687325994,-0.978916304285514,-1.0911715636367685,4,down,512800.SS|2025-11-05,green,0.6753585574409274,-0.5109391329048825
512800.SS|2025-11-12,512800.SS,2025-11-12,-3.664302600472824,2025-12-11,0,-0.04035694687325994,-0.04035694687325994,-0.978916304285514,-1.0911715636367685,4,down,512800.SS|2025-11-05,green,0.6753585574409274,-0.5109391329048825
512800.SS|2025-11-13,512800.SS,2025-11-13,-4.240282685512364,2025-12-12,0,-0.04035694687325994,-0.04035694687325994,-0.978916304285514,-1.0911715636367685,4,down,512800.SS|2025-11-05,green,0.6753585574409274,-0.5109391329048825
512800.SS|2025-11-14,512800.SS,2025-11-14,-2.7446300715990524,2025-12-15,0,-0.04035694687325994,-0.04035694687325994,-0.978916304285514,-1.0911715636367685,4,down,512800.SS|2025-11-05,green,0.6753585574409274,-0.5109391329048825
512800.SS|2025-11-17,512800.SS,2025-11-17,-2.877697841726612,2025-12-16,0,-0.04035694687325994,-0.04035694687325994,-0.978916304285514,-0.9129054675823032,4,down,512800.SS|2025-11-05,green,0.6753585574409274,-0.5109391329048825
512800.SS|2025-11-18,512800.SS,2025-11-18,-3.562945368171011,2025-12-17,0,-0.04035694687325994,-0.04035694687325994,-0.978916304285514,-0.9129054675823032,4,down,512800.SS|2025-11-05,green,0.6753585574409274,-0.5109391329048825
512800.SS|2025-11-19,512800.SS,2025-11-19,-2.5912838633686652,2025-12-18,0,-0.04035694687325994,-0.04035694687325994,-0.978916304285514,-0.9129054675823032,4,down,512800.SS|2025-11-05,green,0.6753585574409274,-0.5109391329048825
512800.SS|2025-11-20,512800.SS,2025-11-20,-1.904761904761909,2025-12-19,0,-0.04035694687325994,-0.04035694687325994,-0.978916304285514,-0.9129054675823032,4,down,512800.SS|2025-11-05,green,0.6753585574409274,-0.5109391329048825
512800.SS|2025-11-21,512800.SS,2025-11-21,-1.916167664670665,2025-12-22,0,-0.04035694687325994,-0.04035694687325994,-0.978916304285514,-0.9129054675823032,4,down,512800.SS|2025-11-05,green,0.6753585574409274,-0.5109391329048825
512800.SS|2025-11-24,512800.SS,2025-11-24,-3.0732860520094607,2025-12-23,0,-0.04035694687325994,-0.04035694687325994,-0.978916304285514,-1.0911715636367685,4,down,512800.SS|2025-11-05,gray,0.6753585574409274,0.28477668097850184
512800.SS|2025-11-25,512800.SS,2025-11-25,-2.2646007151370773,2025-12-24,0,-0.04035694687325994,-0.04035694687325994,-0.978916304285514,-1.0911715636367685,4,down,512800.SS|2025-11-05,green,0.6753585574409274,-0.5109391329048825
512800.SS|2025-11-26,512800.SS,2025-11-26,-2.7315914489311033,2025-12-25,0,-0.04035694687325994,-0.04035694687325994,-0.978916304285514,-1.0911715636367685,4,down,512800.SS|2025-11-05,green,0.6753585574409274,-0.5109391329048825
512800.SS|2025-11-27,512800.SS,2025-11-27,-2.392344497607657,2025-12-26,0,-0.04035694687325994,-0.04035694687325994,-0.978916304285514,-1.0911715636367685,4,down,512800.SS|2025-11-05,green,0.6753585574409274,-0.5109391329048825
512800.SS|2025-11-28,512800.SS,2025-11-28,-2.137767220902609,2025-12-29,0,-0.04035694687325994,-0.04035694687325994,-0.978916304285514,-1.0911715636367685,4,down,512800.SS|2025-11-05,gray,0.6753585574409274,0.28477668097850184
512800.SS|2025-12-01,512800.SS,2025-12-01,-2.021403091557672,2025-12-30,0,-0.04035694687325994,-0.04035694687325994,-0.978916304285514,-1.0911715636367685,4,down,512800.SS|2025-11-05,green,0.6753585574409274,-0.5109391329048825
512800.SS|2025-12-02,512800.SS,2025-12-02,-1.3189448441247031,2025-12-31,0,-0.04035694687325994,-0.04035694687325994,-0.5549245827561319,-0.8975315499798123,4,down,512800.SS|2025-11-05,green,0.6753585574409274,-0.5109391329048825
588000.SS|2025-01-02,588000.SS,2025-01-02,10.171198388721049,2025-02-10,0,-0.04035694687325994,-0.04035694687325994,-1.2025380856045045,-0.40188641299319544,1,up,588000.SS|2024-10-25,black,-0.04476707368320988,1.2946190369205228
588000.SS|2025-01-03,588000.SS,2025-01-03,9.201213346814964,2025-02-11,0,-0.04035694687325994,-0.04035694687325994,-1.1612799093188495,-0.19893367945001061,1,up,588000.SS|2024-10-25,black,-0.04476707368320988,1.2946190369205228
588000.SS|2025-01-06,588000.SS,2025-01-06,7.9567779960707075,2025-02-12,0,-0.04035694687325994,-0.04035694687325994,-1.1612799093188495,-0.19893367945001061,1,up,588000.SS|2024-10-25,black,-0.04476707368320988,1.2946190369205228
588000.SS|2025-01-07,588000.SS,2025-01-07,5.506391347099293,2025-02-13,0,-0.04035694687325994,-0.04035694687325994,-1.1612799093188495,-1.2558631972309084,1,up,588000.SS|2024-10-25,black,-0.04476707368320988,1.2946190369205228
588000.SS|2025-01-08,588000.SS,2025-01-08,6.20689655172415,2025-02-14,0,-0.04035694687325994,-0.04035694687325994,-0.6574543700906333,-0.788515586449197,1,up,588000.SS|2024-10-25,black,-0.04476707368320988,1.2946190369205228
588000.SS|2025-01-09,588000.SS,2025-01-09,8.756218905472647,2025-02-17,0,-0.04035694687325994,-0.04035694687325994,-0.6574543700906333,-0.788515586449197,1,up,588000.SS|2024-10-25,black,-0.04476707368320988,1.2946190369205228
588000.SS|2025-01-10,588000.SS,2025-01-10,6.069651741293525,2025-02-18,0,-0.04035694687325994,-0.04035694687325994,-0.6574543700906333,-0.4246673586168589,1,up,588000.SS|2024-10-25,black,-0.04476707368320988,1.2946190369205228
588000.SS|2025-01-13,588000.SS,2025-01-13,5.303760848601735,2025-02-19,0,-0.04035694687325994,-0.04035694687325994,-0.6574543700906333,-0.8645279162553013,1,up,588000.SS|2024-10-25,black,-0.04476707368320988,1.2946190369205228
588000.SS|2025-01-14,588000.SS,2025-01-14,5.717054263565902,2025-02-20,0,-0.04035694687325994,-0.04035694687325994,-0.8003593514407059,-0.788515586449197,1,up,588000.SS|2024-10-25,green,-0.04476707368320988,-1.9873199718525516
588000.SS|2025-01-15,588000.SS,2025-01-15,14.441147378832841,2025-02-21,0,-0.04035694687325994,-0.04035694687325994,-0.8003593514407059,-0.788515586449197,1,up,588000.SS|2024-10-25,green,-0.04476707368320988,-1.9873199718525516
588000.SS|2025-01-16,588000.SS,2025-01-16,13.823529411764724,2025-02-24,0,-0.04035694687325994,-0.04035694687325994,-0.6574543700906333,-0.788515586449197,1,up,588000.SS|2024-10-25,black,-0.04476707368320988,1.2946190369205228
588000.SS|2025-01-17,588000.SS,2025-01-17,13.698630136986312,2025-02-25,0,-0.04035694687325994,-0.04035694687325994,-0.6574543700906333,-0.788515586449197,1,up,588000.SS|2024-10-25,black,-0.04476707368320988,1.2946190369205228
588000.SS|2025-01-20,588000.SS,2025-01-20,15.033947623666366,2025-02-26,0,-0.04035694687325994,-0.04035694687325994,-0.6574543700906333,-0.788515586449197,1,up,588000.SS|2024-10-25,black,-0.04476707368320988,1.2946190369205228
588000.SS|2025-01-21,588000.SS,2025-01-21,15.160349854227428,2025-02-27,0,-0.04035694687325994,-0.04035694687325994,-0.6574543700906333,-0.788515586449197,1,up,588000.SS|2024-10-25,gray,-0.04476707368320988,-0.8943864734573244
588000.SS|2025-01-22,588000.SS,2025-01-22,10.969637610186123,2025-02-28,0,-0.04035694687325994,-0.04035694687325994,-0.6574543700906333,-0.788515586449197,1,up,588000.SS|2024-10-25,gray,-0.04476707368320988,-0.8943864734573244
588000.SS|2025-01-23,588000.SS,2025-01-23,8.746355685131224,2025-03-03,0,-0.04035694687325994,-0.04035694687325994,-0.6574543700906333,-0.788515586449197,1,up,588000.SS|2024-10-25,black,-0.04476707368320988,1.2946190369205228
588000.SS|2025-01-24,588000.SS,2025-01-24,12.884043607532213,2025-03-04,0,-0.04035694687325994,-0.04035694687325994,-0.6574543700906333,-0.7698812090215471,1,up,588000.SS|2024-10-25,gray,-0.04476707368320988,-0.8943864734573244
588000.SS|2025-01-27,588000.SS,2025-01-27,10.12536162005786,2025-03-05,0,-0.04035694687325994,-0.04035694687325994,-0.6574543700906333,-0.6621019660061035,1,up,588000.SS|2024-10-25,black,-0.04476707368320988,1.2946190369205228
588000.SS|2025-02-05,588000.SS,2025-02-05,10.68416119962512,2025-03-06,0,-0.04035694687325994,-0.04035694687325994,-0.6574543700906333,-0.7482546517606996,1,up,588000.SS|2024-10-25,gray,-0.04476707368320988,-0.8943864734573244
588000.SS|2025-02-06,588000.SS,2025-02-06,8.457249070631967,2025-03-07,0,-0.04035694687325994,-0.04035694687325994,-0.8003593514407059,-0.7482546517606996,2,up,588000.SS|2024-10-25,green,-0.04476707368320988,-1.9873199718525516
588000.SS|2025-02-07,588000.SS,2025-02-07,6.3071297989031105,2025-03-10,0,-0.04035694687325994,-0.04035694687325994,-0.8003593514407059,-0.7698812090215471,2,up,588000.SS|2024-10-25,green,-0.04476707368320988,-1.9873199718525516
588000.SS|2025-02-10,588000.SS,2025-02-10,7.222222222222241,2025-03-11,0,-0.04035694687325994,-0.04035694687325994,-0.8003593514407059,-0.788515586449197,2,up,588000.SS|2024-10-25,green,-0.04476707368320988,-1.9873199718525516
588000.SS|2025-02-11,588000.SS,2025-02-11,4.640582347588729,2025-03-12,0,-0.04035694687325994,-0.04035694687325994,-0.8003593514407059,-0.788515586449197,2,up,588000.SS|2024-10-25,green,-0.04476707368320988,-1.9873199718525516
588000.SS|2025-02-12,588000.SS,2025-02-12,4.9394221808015,2025-03-13,0,-0.04035694687325994,-0.04035694687325994,-1.3041848906689222,-1.2558631972309084,2,up,588000.SS|2024-10-25,green,-0.04476707368320988,-1.9873199718525516
588000.SS|2025-02-13,588000.SS,2025-02-13,6.307977736549164,2025-03-14,0,-0.04035694687325994,-0.04035694687325994,-1.3041848906689222,-1.2558631972309084,2,up,588000.SS|2024-10-25,green,-0.04476707368320988,-1.9873199718525516
588000.SS|2025-02-14,588000.SS,2025-02-14,4.300091491308322,2025-03-17,0,-0.04035694687325994,-0.04035694687325994,-1.3041848906689222,-1.331875527037013,2,up,588000.SS|2024-10-25,green,-0.04476707368320988,-1.9873199718525516
588000.SS|2025-02-17,588000.SS,2025-02-17,7.504690431519712,2025-03-18,0,-0.04035694687325994,-0.04035694687325994,-1.3041848906689222,-1.2558631972309084,2,up,588000.SS|2024-10-25,green,-0.04476707368320988,-1.9873199718525516
588000.SS|2025-02-18,588000.SS,2025-02-18,3.5714285714285587,2025-03-19,0,-0.04035694687325994,-0.04035694687325994,-1.3041848906689222,-1.2558631972309084,2,up,588000.SS|2024-10-25,green,-0.04476707368320988,-1.9873199718525516
588000.SS|2025-02-19,588000.SS,2025-02-19,2.5664527956003713,2025-03-20,0,-0.04035694687325994,-0.04035694687325994,-1.3041848906689222,-1.2558631972309084,2,up,588000.SS|2024-10-25,green,-0.04476707368320988,-1.9873199718525516
588000.SS|2025-02-20,588000.SS,2025-02-20,-5.358686257562672,2025-03-21,0,-0.04035694687325994,-0.04035694687325994,-1.3041848906689222,-1.2558631972309084,2,up,588000.SS|2024-10-25,green,-0.04476707368320988,-1.9873199718525516
588000.SS|2025-02-21,588000.SS,2025-02-21,-5.167958656330763,2025-03-24,0,-0.04035694687325994,-0.04035694687325994,-1.6657926510313603,-1.7609823481840947,2,up,588000.SS|2024-10-25,green,-0.04476707368320988,-1.9873199718525516
588000.SS|2025-02-24,588000.SS,2025-02-24,-6.798623063683329,2025-03-25,0,-0.04035694687325994,-0.04035694687325994,-1.6657926510313603,-1.7609823481840947,2,up,588000.SS|2024-10-25,green,-0.04476707368320988,-1.9873199718525516
588000.SS|2025-02-25,588000.SS,2025-02-25,-8.85328836424959,2025-03-26,0,-0.04035694687325994,-0.04035694687325994,-1.6657926510313603,-1.7609823481840947,2,up,588000.SS|2024-10-25,green,-0.04476707368320988,-1.9873199718525516
588000.SS|2025-02-26,588000.SS,2025-02-26,-7.848101265822804,2025-03-27,0,-0.04035694687325994,-0.04035694687325994,-1.6657926510313603,-1.7609823481840947,2,up,588000.SS|2024-10-25,green,-0.04476707368320988,-1.9873199718525516
588000.SS|2025-02-27,588000.SS,2025-02-27,-4.589585172109478,2025-03-28,0,-0.04035694687325994,-0.04035694687325994,-1.6657926510313603,-1.7609823481840947,2,up,588000.SS|2024-10-25,green,-0.04476707368320988,-1.9873199718525516
588000.SS|2025-02-28,588000.SS,2025-02-28,-4.02144772117966,2025-03-31,0,-0.04035694687325994,-0.04035694687325994,-1.6657926510313603,-1.7609823481840947,2,up,588000.SS|2024-10-25,green,-0.04476707368320988,-1.9873199718525516
588000.SS|2025-03-03,588000.SS,2025-03-03,-5.531167690956995,2025-04-01,0,-0.04035694687325994,-0.04035694687325994,-1.6657926510313603,-1.388299746157484,2,up,588000.SS|2024-10-25,green,-0.04476707368320988,-1.9873199718525516
588000.SS|2025-03-04,588000.SS,2025-03-04,-5.95446584938707,2025-04-02,0,-0.04035694687325994,-0.04035694687325994,-1.6657926510313603,-1.388299746157484,2,up,588000.SS|2024-10-25,green,-0.04476707368320988,-1.9873199718525516
588000.SS|2025-03-05,588000.SS,2025-03-05,-9.568162574089767,2025-04-03,0,-0.04035694687325994,-0.04035694687325994,-1.6657926510313603,-1.388299746157484,1,up,588000.SS|2024-10-25,green,-0.04476707368320988,-1.9873199718525516
588000.SS|2025-03-06,588000.SS,2025-03-06,-16.880891173950317,2025-04-07,0,-0.04035694687325994,-0.04035694687325994,-1.6657926510313603,-1.388299746157484,1,up,588000.SS|2024-10-25,green,-0.04476707368320988,-1.9873199718525516
588000.SS|2025-03-07,588000.SS,2025-03-07,-15.219260533104062,2025-04-08,0,-0.04035694687325994,-0.04035694687325994,-1.6657926510313603,-1.388299746157484,1,up,588000.SS|2024-10-25,green,-0.04476707368320988,-1.9873199718525516
588000.SS|2025-03-10,588000.SS,2025-03-10,-11.226252158894667,2025-04-09,0,-0.04035694687325994,-0.04035694687325994,-1.6657926510313603,-1.388299746157484,1,up,588000.SS|2024-10-25,green,-0.04476707368320988,-1.9873199718525516
588000.SS|2025-03-11,588000.SS,2025-03-11,-9.391304347826102,2025-04-10,0,-0.04035694687325994,-0.04035694687325994,-1.6657926510313603,-1.388299746157484,1,up,588000.SS|2024-10-25,green,-0.04476707368320988,-1.9873199718525516
588000.SS|2025-03-12,588000.SS,2025-03-12,-5.772646536412096,2025-04-11,0,-0.04035694687325994,-0.04035694687325994,-1.6657926510313603,-1.388299746157484,1,up,588000.SS|2024-10-25,green,-0.04476707368320988,-1.9873199718525516
588000.SS|2025-03-13,588000.SS,2025-03-13,-7.155322862129165,2025-04-14,0,-0.04035694687325994,-0.04035694687325994,-1.6657926510313603,-1.388299746157484,1,up,588000.SS|2024-10-25,gray,-0.04476707368320988,-0.8943864734573244
588000.SS|2025-03-14,588000.SS,2025-03-14,-7.543859649122819,2025-04-15,0,-0.04035694687325994,-0.04035694687325994,-1.6657926510313603,-1.388299746157484,1,up,588000.SS|2024-10-25,green,-0.04476707368320988,-1.9873199718525516
588000.SS|2025-03-17,588000.SS,2025-03-17,-7.417102966841194,2025-04-16,0,-0.04035694687325994,-0.04035694687325994,-1.6657926510313603,-1.388299746157484,1,up,588000.SS|2024-10-25,green,-0.04476707368320988,-1.9873199718525516
588000.SS|2025-03-18,588000.SS,2025-03-18,-5.747126436781624,2025-04-17,0,-0.04035694687325994,-0.04035694687325994,-1.6657926510313603,-1.388299746157484,2,up,588000.SS|2024-10-25,green,-0.04476707368320988,-1.9873199718525516
588000.SS|2025-03-19,588000.SS,2025-03-19,-5.361930294906192,2025-04-18,0,-0.04035694687325994,-0.04035694687325994,-1.6657926510313603,-1.7609823481840947,2,up,588000.SS|2024-10-25,gray,-0.04476707368320988,-0.8943864734573244
588000.SS|2025-03-20,588000.SS,2025-03-20,-2.283105022831078,2025-04-21,0,-0.04035694687325994,-0.04035694687325994,-1.6657926510313603,-1.7609823481840947,2,up,588000.SS|2024-10-25,gray,-0.04476707368320988,-0.8943864734573244
588000.SS|2025-03-21,588000.SS,2025-03-21,-3.178928247048163,2025-04-22,0,-0.04035694687325994,-0.04035694687325994,-1.5228876696812876,-0.564768140986586,2,up,588000.SS|2024-10-25,black,-0.04476707368320988,1.2946190369205228
588000.SS|2025-03-24,588000.SS,2025-03-24,-1.8467220683287433,2025-04-23,0,-0.04035694687325994,-0.04035694687325994,-1.1612799093188495,-1.2558631972309084,2,up,588000.SS|2024-10-25,black,-0.04476707368320988,1.2946190369205228
588000.SS|2025-03-25,588000.SS,2025-03-25,-2.682701202590221,2025-04-24,0,-0.04035694687325994,-0.04035694687325994,-1.1612799093188495,-0.19893367945001061,2,up,588000.SS|2024-10-25,black,-0.04476707368320988,1.2946190369205228
588000.SS|2025-03-26,588000.SS,2025-03-26,-3.479853479853501,2025-04-25,0,-0.04035694687325994,-0.04035694687325994,-1.1612799093188495,-0.19893367945001061,2,up,588000.SS|2024-10-25,black,-0.04476707368320988,1.2946190369205228
588000.SS|2025-03-27,588000.SS,2025-03-27,-2.775208140610552,2025-04-28,0,-0.04035694687325994,-0.04035694687325994,-1.1612799093188495,-1.2558631972309084,2,up,588000.SS|2024-10-25,black,-0.04476707368320988,1.2946190369205228
588000.SS|2025-03-28,588000.SS,2025-03-28,-1.9553072625698387,2025-04-29,0,-0.04035694687325994,-0.04035694687325994,-1.1612799093188495,-0.19893367945001061,2,up,588000.SS|2024-10-25,black,-0.04476707368320988,1.2946190369205228
588000.SS|2025-03-31,588000.SS,2025-03-31,-1.3011152416357086,2025-04-30,0,-0.04035694687325994,-0.04035694687325994,-0.6574543700906333,0.26841393133170055,2,up,588000.SS|2024-10-25,black,-0.04476707368320988,1.2946190369205228
588000.SS|2025-04-01,588000.SS,2025-04-01,0.3724394785847185,2025-05-06,0,-0.04035694687325994,-0.04035694687325994,-0.6574543700906333,-0.4246673586168589,2,up,588000.SS|2024-10-25,black,-0.04476707368320988,1.2946190369205228
588000.SS|2025-04-02,588000.SS,2025-04-02,1.2172284644194509,2025-05-07,0,-0.04035694687325994,-0.04035694687325994,-0.6574543700906333,-0.4246673586168589,2,up,588000.SS|2024-10-25,black,-0.04476707368320988,1.2946190369205228
588000.SS|2025-04-03,588000.SS,2025-04-03,11.030927835051529,2025-05-08,0,-0.04035694687325994,-0.04035694687325994,-0.6574543700906333,-0.6895380606833956,2,up,588000.SS|2024-10-25,black,-0.04476707368320988,1.2946190369205228
588000.SS|2025-04-07,588000.SS,2025-04-07,7.099391480730199,2025-05-09,0,-0.04035694687325994,-0.04035694687325994,-0.6574543700906333,0.106248915771,2,up,588000.SS|2024-10-25,black,-0.04476707368320988,1.2946190369205228
588000.SS|2025-04-08,588000.SS,2025-04-08,3.404669260700377,2025-05-12,0,-0.04035694687325994,-0.04035694687325994,-0.6574543700906333,0.18226124557710444,2,up,588000.SS|2024-10-25,black,-0.04476707368320988,1.2946190369205228
588000.SS|2025-04-09,588000.SS,2025-04-09,1.7274472168905763,2025-05-13,0,-0.04035694687325994,-0.04035694687325994,-0.6574543700906333,0.20089562300475428,2,up,588000.SS|2024-10-25,black,-0.04476707368320988,1.2946190369205228
588000.SS|2025-04-10,588000.SS,2025-04-10,0.37700282752117786,2025-05-14,0,-0.04035694687325994,-0.04035694687325994,-0.6574543700906333,-0.38440642392836155,2,up,588000.SS|2024-10-25,black,-0.04476707368320988,1.2946190369205228
588000.SS|2025-04-11,588000.SS,2025-04-11,-1.3157894736842257,2025-05-15,0,-0.04035694687325994,-0.04035694687325994,-0.6574543700906333,-0.3755720497340888,2,up,588000.SS|2024-10-25,black,-0.04476707368320988,1.2946190369205228
588000.SS|2025-04-14,588000.SS,2025-04-14,-0.948766603415585,2025-05-16,0,-0.04035694687325994,-0.04035694687325994,-0.6574543700906333,-0.3755720497340888,2,up,588000.SS|2024-10-25,black,-0.04476707368320988,1.2946190369205228
588000.SS|2025-04-15,588000.SS,2025-04-15,-1.5080113100848558,2025-05-19,0,-0.04035694687325994,-0.04035694687325994,-0.7932271031746242,-0.878310848963939,2,up,588000.SS|2024-10-25,black,-0.04476707368320988,1.2946190369205228
588000.SS|2025-04-16,588000.SS,2025-04-16,-1.6885553470919468,2025-05-20,0,-0.04035694687325994,-0.04035694687325994,-0.7932271031746242,-0.878310848963939,2,up,588000.SS|2024-10-25,black,-0.04476707368320988,1.2946190369205228
588000.SS|2025-04-17,588000.SS,2025-04-17,-1.3220018885741314,2025-05-21,0,-0.04035694687325994,-0.04035694687325994,-0.7932271031746242,-0.878310848963939,2,up,588000.SS|2024-10-25,black,-0.04476707368320988,1.2946190369205228
588000.SS|2025-04-18,588000.SS,2025-04-18,-2.8971962616822444,2025-05-22,0,-0.04035694687325994,-0.04035694687325994,-0.7932271031746242,-0.878310848963939,2,up,588000.SS|2024-10-25,black,-0.04476707368320988,1.2946190369205228
588000.SS|2025-04-21,588000.SS,2025-04-21,-3.3771106941838713,2025-05-23,0,-0.04035694687325994,-0.04035694687325994,-0.7932271031746242,-0.878310848963939,2,up,588000.SS|2024-10-25,gray,-0.04476707368320988,-0.8943864734573244
588000.SS|2025-04-22,588000.SS,2025-04-22,-2.6340545625587963,2025-05-26,0,-0.04035694687325994,-0.04035694687325994,-0.7932271031746242,-0.878310848963939,2,up,588000.SS|2024-10-25,black,-0.04476707368320988,1.2946190369205228
588000.SS|2025-04-23,588000.SS,2025-04-23,-2.281368821292773,2025-05-27,0,-0.04035694687325994,-0.04035694687325994,-0.7932271031746242,-0.878310848963939,2,up,588000.SS|2024-10-25,black,-0.04476707368320988,1.2946190369205228
588000.SS|2025-04-24,588000.SS,2025-04-24,-2.941176470588236,2025-05-28,0,-0.04035694687325994,-0.04035694687325994,-0.7932271031746242,-0.878310848963939,2,up,588000.SS|2024-10-25,black,-0.04476707368320988,1.2946190369205228
588000.SS|2025-04-25,588000.SS,2025-04-25,-1.0466222645099998,2025-05-29,0,-0.04035694687325994,-0.04035694687325994,-0.7932271031746242,-0.878310848963939,2,up,588000.SS|2024-10-25,black,-0.04476707368320988,1.2946190369205228
588000.SS|2025-04-28,588000.SS,2025-04-28,-2.1842355175688666,2025-05-30,0,-0.04035694687325994,-0.04035694687325994,-0.7932271031746242,-0.878310848963939,2,up,588000.SS|2024-10-25,black,-0.04476707368320988,1.2946190369205228
588000.SS|2025-04-29,588000.SS,2025-04-29,-2.6365348399246757,2025-06-03,0,-0.04035694687325994,-0.04035694687325994,-0.7932271031746242,-0.878310848963939,2,up,588000.SS|2024-10-25,black,-0.04476707368320988,1.2946190369205228
588000.SS|2025-04-30,588000.SS,2025-04-30,-3.5250463821892453,2025-06-04,0,-0.04035694687325994,-0.04035694687325994,-0.6574543700906333,-0.7482546517606996,2,up,588000.SS|2024-10-25,gray,-0.04476707368320988,-0.8943864734573244
588000.SS|2025-05-06,588000.SS,2025-05-06,-2.775208140610552,2025-06-05,0,-0.04035694687325994,-0.04035694687325994,-0.6574543700906333,-0.7482546517606996,2,up,588000.SS|2024-10-25,green,-0.04476707368320988,-1.9873199718525516
588000.SS|2025-05-07,588000.SS,2025-05-07,-2.7855153203342864,2025-06-06,0,-0.04035694687325994,-0.04035694687325994,-0.8003593514407059,-0.7482546517606996,2,up,588000.SS|2024-10-25,green,-0.04476707368320988,-1.9873199718525516
588000.SS|2025-05-08,588000.SS,2025-05-08,-0.28409090909091717,2025-06-09,0,-0.04035694687325994,-0.04035694687325994,-0.8003593514407059,-0.6621019660061035,2,up,588000.SS|2024-10-25,green,-0.04476707368320988,-1.9873199718525516
588000.SS|2025-05-09,588000.SS,2025-05-09,-2.9162746942615336,2025-06-10,0,-0.04035694687325994,-0.04035694687325994,-0.8003593514407059,-0.6621019660061035,2,up,588000.SS|2024-10-25,gray,-0.04476707368320988,-0.8943864734573244
588000.SS|2025-05-12,588000.SS,2025-05-12,-2.7358490566038007,2025-06-11,0,-0.04035694687325994,-0.04035694687325994,-0.8003593514407059,-0.6621019660061035,2,up,588000.SS|2024-10-25,gray,-0.04476707368320988,-0.8943864734573244
588000.SS|2025-05-13,588000.SS,2025-05-13,-3.568075117370917,2025-06-12,0,-0.04035694687325994,-0.04035694687325994,-0.8003593514407059,-0.6621019660061035,2,up,588000.SS|2024-10-25,gray,-0.04476707368320988,-0.8943864734573244
588000.SS|2025-05-14,588000.SS,2025-05-14,-2.6666666666666727,2025-06-13,0,-0.04035694687325994,-0.04035694687325994,-0.6574543700906333,-0.7698812090215471,2,up,588000.SS|2024-10-25,green,-0.04476707368320988,-1.9873199718525516
588000.SS|2025-05-15,588000.SS,2025-05-15,-2.2030651340996243,2025-06-16,0,-0.04035694687325994,-0.04035694687325994,-0.6574543700906333,-0.7698812090215471,2,up,588000.SS|2024-10-25,black,-0.04476707368320988,1.2946190369205228
588000.SS|2025-05-16,588000.SS,2025-05-16,-3.157894736842104,2025-06-17,0,-0.04035694687325994,-0.04035694687325994,-0.6574543700906333,-0.7698812090215471,2,up,588000.SS|2024-10-25,black,-0.04476707368320988,1.2946190369205228
588000.SS|2025-05-19,588000.SS,2025-05-19,-2.862595419847336,2025-06-18,0,-0.04035694687325994,-0.04035694687325994,-0.6574543700906333,-0.7698812090215471,2,up,588000.SS|2024-10-25,black,-0.04476707368320988,1.2946190369205228
588000.SS|2025-05-20,588000.SS,2025-05-20,-3.157894736842126,2025-06-19,0,-0.04035694687325994,-0.04035694687325994,-0.6574543700906333,-0.7698812090215471,2,up,588000.SS|2024-10-25,black,-0.04476707368320988,1.2946190369205228
588000.SS|2025-05-21,588000.SS,2025-05-21,-3.1761308950914335,2025-06-20,0,-0.04035694687325994,-0.04035694687325994,-0.6574543700906333,-0.7698812090215471,2,up,588000.SS|2024-10-25,black,-0.04476707368320988,1.2946190369205228
588000.SS|2025-05-22,588000.SS,2025-05-22,-1.7475728155339931,2025-06-23,0,-0.04035694687325994,-0.04035694687325994,-0.9908581692105672,-0.7685750850899964,2,up,588000.SS|2024-10-25,black,-0.04476707368320988,1.2946190369205228
588000.SS|2025-05-23,588000.SS,2025-05-23,-0.5797101449275588,2025-06-24,0,-0.04035694687325994,-0.04035694687325994,-0.9908581692105672,-0.7685750850899964,2,up,588000.SS|2024-10-25,black,-0.04476707368320988,1.2946190369205228
588000.SS|2025-05-26,588000.SS,2025-05-26,1.9455252918287647,2025-06-25,0,-0.04035694687325994,-0.04035694687325994,-0.9908581692105672,-0.7685750850899964,2,up,588000.SS|2024-10-25,black,-0.04476707368320988,1.2946190369205228
588000.SS|2025-05-27,588000.SS,2025-05-27,1.7595307917888325,2025-06-26,0,-0.04035694687325994,-0.04035694687325994,-0.9908581692105672,-0.7685750850899964,2,up,588000.SS|2024-10-25,black,-0.04476707368320988,1.2946190369205228
588000.SS|2025-05-28,588000.SS,2025-05-28,0.09615384615382361,2025-06-27,0,-0.04035694687325994,-0.04035694687325994,-0.9908581692105672,-0.7685750850899964,3,sideways,588000.SS|2025-05-28,black,-0.04476707368320988,1.2946190369205228
588000.SS|2025-05-29,588000.SS,2025-05-29,2.5242718446601975,2025-06-30,0,-0.04035694687325994,-0.04035694687325994,-0.8923798447637902,-0.803884229033222,3,sideways,588000.SS|2025-05-28,black,-0.04476707368320988,1.2946190369205228
588000.SS|2025-05-30,588000.SS,2025-05-30,1.3539651837524147,2025-07-01,0,-0.04035694687325994,-0.04035694687325994,-0.8923798447637902,-0.803884229033222,3,sideways,588000.SS|2025-05-28,black,-0.04476707368320988,1.2946190369205228
588000.SS|2025-06-03,588000.SS,2025-06-03,-0.48076923076921796,2025-07-02,0,-0.04035694687325994,-0.04035694687325994,-0.9794297398760904,-0.7365717758189041,3,sideways,588000.SS|2025-05-28,black,-0.04476707368320988,1.2946190369205228
588000.SS|2025-06-04,588000.SS,2025-06-04,-1.4272121788772463,2025-07-03,0,-0.04035694687325994,-0.04035694687325994,-0.6859943062238227,-0.35243839085661915,3,sideways,588000.SS|2025-05-28,black,-0.04476707368320988,1.2946190369205228
588000.SS|2025-06-05,588000.SS,2025-06-05,-1.1461318051575686,2025-07-04,0,-0.04035694687325994,-0.04035694687325994,-0.6974227355582996,-0.38444170012771145,3,sideways,588000.SS|2025-05-28,gray,-0.04476707368320988,-0.8943864734573244
588000.SS|2025-06-06,588000.SS,2025-06-06,-2.2792022792022637,2025-07-07,0,-0.04035694687325994,-0.04035694687325994,-0.6974227355582996,-0.38444170012771145,3,sideways,588000.SS|2025-05-28,gray,-0.04476707368320988,-0.8943864734573244
588000.SS|2025-06-09,588000.SS,2025-06-09,1.1627906976744207,2025-07-08,0,-0.04035694687325994,-0.04035694687325994,-0.9794297398760904,-0.6287925328034604,3,sideways,588000.SS|2025-05-28,gray,-0.04476707368320988,-0.8943864734573244
588000.SS|2025-06-10,588000.SS,2025-06-10,0.4849660523763566,2025-07-09,0,-0.04035694687325994,-0.04035694687325994,-0.9908581692105672,-0.6607958420745527,3,sideways,588000.SS|2025-05-28,black,-0.04476707368320988,1.2946190369205228
588000.SS|2025-06-11,588000.SS,2025-06-11,0.5842259006816342,2025-07-10,0,-0.04035694687325994,-0.04035694687325994,-0.9908581692105672,-0.6607958420745527,3,sideways,588000.SS|2025-05-28,black,-0.04476707368320988,1.2946190369205228
588000.SS|2025-06-12,588000.SS,2025-06-12,2.4461839530332874,2025-07-11,0,-0.04035694687325994,-0.04035694687325994,-0.5989444111115227,-0.13322092779892253,3,sideways,588000.SS|2025-05-28,black,-0.04476707368320988,1.2946190369205228
588000.SS|2025-06-13,588000.SS,2025-06-13,2.4485798237022793,2025-07-14,0,-0.04035694687325994,-0.04035694687325994,-0.6974227355582996,-0.09791178385569677,3,sideways,588000.SS|2025-05-28,black,-0.04476707368320988,1.2946190369205228
588000.SS|2025-06-16,588000.SS,2025-06-16,3.5573122529644285,2025-07-15,0,-0.04035694687325994,-0.04035694687325994,-0.6974227355582996,-0.09791178385569677,3,sideways,588000.SS|2025-05-28,black,-0.04476707368320988,1.2946190369205228
588000.SS|2025-06-17,588000.SS,2025-06-17,3.045186640471531,2025-07-16,0,-0.04035694687325994,-0.04035694687325994,-0.6974227355582996,-0.09791178385569677,3,sideways,588000.SS|2025-05-28,black,-0.04476707368320988,1.2946190369205228
588000.SS|2025-06-18,588000.SS,2025-06-18,4.446640316205563,2025-07-17,0,-0.04035694687325994,-0.04035694687325994,-0.6974227355582996,-0.09791178385569677,4,down,588000.SS|2025-06-18,black,-0.04476707368320988,1.2946190369205228
588000.SS|2025-06-19,588000.SS,2025-06-19,5.367793240556695,2025-07-18,0,-0.04035694687325994,-0.04035694687325994,-0.6859943062238227,-0.06590847458460453,4,down,588000.SS|2025-06-18,black,-0.04476707368320988,1.2946190369205228
588000.SS|2025-06-20,588000.SS,2025-06-20,4.841897233201609,2025-07-21,0,-0.04035694687325994,-0.04035694687325994,-0.5989444111115227,-0.13322092779892253,4,down,588000.SS|2025-06-18,black,-0.04476707368320988,1.2946190369205228
588000.SS|2025-06-23,588000.SS,2025-06-23,3.8872691933916848,2025-07-22,0,-0.04035694687325994,-0.04035694687325994,-0.5989444111115227,-0.13322092779892253,4,down,588000.SS|2025-06-18,black,-0.04476707368320988,1.2946190369205228
588000.SS|2025-06-24,588000.SS,2025-06-24,2.4809160305343747,2025-07-23,0,-0.04035694687325994,-0.04035694687325994,-0.6574543700906333,-0.6621019660061035,4,down,588000.SS|2025-06-18,gray,-0.04476707368320988,-0.8943864734573244
588000.SS|2025-06-25,588000.SS,2025-06-25,4.322766570605219,2025-07-24,0,-0.04035694687325994,-0.04035694687325994,-0.8003593514407059,-0.6621019660061035,4,down,588000.SS|2025-06-18,green,-0.04476707368320988,-1.9873199718525516
588000.SS|2025-06-26,588000.SS,2025-06-26,6.532180595581227,2025-07-25,0,-0.04035694687325994,-0.04035694687325994,-0.8003593514407059,-0.6621019660061035,4,down,588000.SS|2025-06-18,green,-0.04476707368320988,-1.9873199718525516
588000.SS|2025-06-27,588000.SS,2025-06-27,5.113636363636398,2025-07-28,0,-0.04035694687325994,-0.04035694687325994,-0.6574543700906333,-0.6621019660061035,4,down,588000.SS|2025-06-18,green,-0.04476707368320988,-1.9873199718525516
588000.SS|2025-06-30,588000.SS,2025-06-30,7.347328244274842,2025-07-29,0,-0.04035694687325994,-0.04035694687325994,-0.8003593514407059,-0.7698812090215471,4,down,588000.SS|2025-06-18,green,-0.04476707368320988,-1.9873199718525516
588000.SS|2025-07-01,588000.SS,2025-07-01,7.439613526570077,2025-07-30,0,-0.04035694687325994,-0.04035694687325994,-0.8003593514407059,-0.788515586449197,4,down,588000.SS|2025-06-18,green,-0.04476707368320988,-1.9873199718525516
588000.SS|2025-07-02,588000.SS,2025-07-02,6.2741312741313005,2025-07-31,0,-0.04035694687325994,-0.04035694687325994,-0.6574543700906333,-0.8645279162553013,4,down,588000.SS|2025-06-18,black,-0.04476707368320988,1.2946190369205228
588000.SS|2025-07-03,588000.SS,2025-07-03,5.410628019323682,2025-08-01,0,-0.04035694687325994,-0.04035694687325994,-0.6574543700906333,-0.788515586449197,4,down,588000.SS|2025-06-18,gray,-0.04476707368320988,-0.8943864734573244
588000.SS|2025-07-04,588000.SS,2025-07-04,7.288629737609353,2025-08-04,0,-0.04035694687325994,-0.04035694687325994,-0.6574543700906333,-0.788515586449197,4,down,588000.SS|2025-06-18,black,-0.04476707368320988,1.2946190369205228
588000.SS|2025-07-07,588000.SS,2025-07-07,6.226053639846785,2025-08-05,0,-0.04035694687325994,-0.04035694687325994,-0.6574543700906333,-0.788515586449197,4,down,588000.SS|2025-06-18,black,-0.04476707368320988,1.2946190369205228
588000.SS|2025-07-08,588000.SS,2025-07-08,7.432432432432479,2025-08-06,0,-0.04035694687325994,-0.04035694687325994,-0.8003593514407059,-0.788515586449197,4,down,588000.SS|2025-06-18,green,-0.04476707368320988,-1.9873199718525516
588000.SS|2025-07-09,588000.SS,2025-07-09,7.647628267182993,2025-08-07,0,-0.04035694687325994,-0.04035694687325994,-0.6574543700906333,-0.788515586449197,4,down,588000.SS|2025-06-18,green,-0.04476707368320988,-1.9873199718525516
588000.SS|2025-07-10,588000.SS,2025-07-10,4.680038204393555,2025-08-08,0,-0.04035694687325994,-0.04035694687325994,-0.8003593514407059,-0.788515586449197,4,down,588000.SS|2025-06-18,gray,-0.04476707368320988,-0.8943864734573244
588000.SS|2025-07-11,588000.SS,2025-07-11,5.449330783938855,2025-08-11,0,-0.04035694687325994,-0.04035694687325994,-0.8003593514407059,-0.788515586449197,4,down,588000.SS|2025-06-18,green,-0.04476707368320988,-1.9873199718525516
588000.SS|2025-07-14,588000.SS,2025-07-14,7.251908396946605,2025-08-12,0,-0.04035694687325994,-0.04035694687325994,-1.3041848906689222,-1.2558631972309084,4,down,588000.SS|2025-06-18,green,-0.04476707368320988,-1.9873199718525516
588000.SS|2025-07-15,588000.SS,2025-07-15,8.007626310772187,2025-08-13,0,-0.04035694687325994,-0.04035694687325994,-1.3041848906689222,-1.2558631972309084,4,down,588000.SS|2025-06-18,green,-0.04476707368320988,-1.9873199718525516
588000.SS|2025-07-16,588000.SS,2025-07-16,8.041627246925298,2025-08-14,0,-0.04035694687325994,-0.04035694687325994,-1.3041848906689222,-1.2558631972309084,4,down,588000.SS|2025-06-18,green,-0.04476707368320988,-1.9873199718525516
588000.SS|2025-07-17,588000.SS,2025-07-17,9.245283018867934,2025-08-15,0,-0.04035694687325994,-0.04035694687325994,-1.3041848906689222,-1.2558631972309084,4,down,588000.SS|2025-06-18,green,-0.04476707368320988,-1.9873199718525516
588000.SS|2025-07-18,588000.SS,2025-07-18,11.498586239396813,2025-08-18,0,-0.04035694687325994,-0.04035694687325994,-1.3041848906689222,-1.2558631972309084,4,down,588000.SS|2025-06-18,green,-0.04476707368320988,-1.9873199718525516
588000.SS|2025-07-21,588000.SS,2025-07-21,9.448082319925199,2025-08-19,0,-0.04035694687325994,-0.04035694687325994,-1.6657926510313603,-1.6748296624294985,4,down,588000.SS|2025-06-18,green,-0.04476707368320988,-1.9873199718525516
588000.SS|2025-07-22,588000.SS,2025-07-22,12.476722532588491,2025-08-20,0,-0.04035694687325994,-0.04035694687325994,-1.6657926510313603,-1.6748296624294985,4,down,588000.SS|2025-06-18,green,-0.04476707368320988,-1.9873199718525516
588000.SS|2025-07-23,588000.SS,2025-07-23,11.233885819521205,2025-08-21,0,-0.04035694687325994,-0.04035694687325994,-1.6657926510313603,-1.6748296624294985,4,down,588000.SS|2025-06-18,green,-0.04476707368320988,-1.9873199718525516
588000.SS|2025-07-24,588000.SS,2025-07-24,19.296663660955836,2025-08-22,0,-0.04035694687325994,-0.04035694687325994,-1.6657926510313603,-1.6748296624294985,4,down,588000.SS|2025-06-18,green,-0.04476707368320988,-1.9873199718525516
588000.SS|2025-07-25,588000.SS,2025-07-25,22.16216216216218,2025-08-25,0,-0.04035694687325994,-0.04035694687325994,-1.6657926510313603,-1.6748296624294985,4,down,588000.SS|2025-06-18,green,-0.04476707368320988,-1.9873199718525516
588000.SS|2025-07-28,588000.SS,2025-07-28,18.75555555555557,2025-08-26,0,-0.04035694687325994,-0.04035694687325994,-1.6657926510313603,-1.6748296624294985,4,down,588000.SS|2025-06-18,green,-0.04476707368320988,-1.9873199718525516
588000.SS|2025-07-29,588000.SS,2025-07-29,20.233812949640306,2025-08-27,0,-0.04035694687325994,-0.04035694687325994,-1.6657926510313603,-1.6748296624294985,4,down,588000.SS|2025-06-18,green,-0.04476707368320988,-1.9873199718525516
588000.SS|2025-07-30,588000.SS,2025-07-30,30.154405086285195,2025-08-28,0,-0.04035694687325994,-0.04035694687325994,-1.6657926510313603,-1.6748296624294985,4,down,588000.SS|2025-06-18,green,-0.04476707368320988,-1.9873199718525516
588000.SS|2025-07-31,588000.SS,2025-07-31,29.422548120989944,2025-08-29,0,-0.04035694687325994,-0.04035694687325994,-1.6657926510313603,-1.6748296624294985,4,down,588000.SS|2025-06-18,green,-0.04476707368320988,-1.9873199718525516
588000.SS|2025-08-01,588000.SS,2025-08-01,29.619565217391308,2025-09-01,0,-0.04035694687325994,-0.04035694687325994,-1.6657926510313603,-1.6748296624294985,4,down,588000.SS|2025-06-18,green,-0.04476707368320988,-1.9873199718525516
588000.SS|2025-08-04,588000.SS,2025-08-04,25.69882777276826,2025-09-02,0,-0.04035694687325994,-0.04035694687325994,-1.6657926510313603,-1.388299746157484,4,down,588000.SS|2025-06-18,green,-0.04476707368320988,-1.9873199718525516
588000.SS|2025-08-05,588000.SS,2025-08-05,22.64150943396226,2025-09-03,0,-0.04035694687325994,-0.04035694687325994,-1.6657926510313603,-1.388299746157484,4,down,588000.SS|2025-06-18,green,-0.04476707368320988,-1.9873199718525516
588000.SS|2025-08-06,588000.SS,2025-08-06,15.287769784172657,2025-09-04,0,-0.04035694687325994,-0.04035694687325994,-1.6657926510313603,-1.388299746157484,4,down,588000.SS|2025-06-18,green,-0.04476707368320988,-1.9873199718525516
588000.SS|2025-08-07,588000.SS,2025-08-07,20.985401459853993,2025-09-05,0,-0.04035694687325994,-0.04035694687325994,-1.6657926510313603,-1.388299746157484,4,down,588000.SS|2025-06-18,green,-0.04476707368320988,-1.9873199718525516
588000.SS|2025-08-08,588000.SS,2025-08-08,20.398912058023576,2025-09-08,0,-0.04035694687325994,-0.04035694687325994,-1.6657926510313603,-1.388299746157484,4,down,588000.SS|2025-06-18,green,-0.04476707368320988,-1.9873199718525516
588000.SS|2025-08-11,588000.SS,2025-08-11,16.281138790035588,2025-09-09,0,-0.04035694687325994,-0.04035694687325994,-1.6657926510313603,-1.388299746157484,4,down,588000.SS|2025-06-18,green,-0.04476707368320988,-1.9873199718525516
588000.SS|2025-08-12,588000.SS,2025-08-12,16.59311562224184,2025-09-10,0,-0.04035694687325994,-0.04035694687325994,-1.6657926510313603,-1.388299746157484,4,down,588000.SS|2025-06-18,green,-0.04476707368320988,-1.9873199718525516
588000.SS|2025-08-13,588000.SS,2025-08-13,21.978984238178633,2025-09-11,0,-0.04035694687325994,-0.04035694687325994,-1.6657926510313603,-1.388299746157484,4,down,588000.SS|2025-06-18,green,-0.04476707368320988,-1.9873199718525516
588000.SS|2025-08-14,588000.SS,2025-08-14,21.416234887737474,2025-09-12,0,-0.04035694687325994,-0.04035694687325994,-1.6657926510313603,-1.388299746157484,4,down,588000.SS|2025-06-18,green,-0.04476707368320988,-1.9873199718525516
588000.SS|2025-08-15,588000.SS,2025-08-15,19.103972950126803,2025-09-15,0,-0.04035694687325994,-0.04035694687325994,-1.6657926510313603,-1.388299746157484,4,down,588000.SS|2025-06-18,green,-0.04476707368320988,-1.9873199718525516
588000.SS|2025-08-18,588000.SS,2025-08-18,21.88034188034187,2025-09-16,0,-0.04035694687325994,-0.04035694687325994,-1.6657926510313603,-1.388299746157484,3,sideways,588000.SS|2025-08-18,green,-0.04476707368320988,-1.9873199718525516
588000.SS|2025-08-19,588000.SS,2025-08-19,19.20529801324504,2025-09-17,0,-0.04035694687325994,-0.04035694687325994,-1.6657926510313603,-1.388299746157484,3,sideways,588000.SS|2025-08-18,green,-0.04476707368320988,-1.9873199718525516
588000.SS|2025-08-20,588000.SS,2025-08-20,20.033112582781463,2025-09-18,0,-0.04035694687325994,-0.04035694687325994,-1.6657926510313603,-1.388299746157484,3,sideways,588000.SS|2025-08-18,green,-0.04476707368320988,-1.9873199718525516
588000.SS|2025-08-21,588000.SS,2025-08-21,8.163265306122458,2025-09-19,0,-0.04035694687325994,-0.04035694687325994,-1.6657926510313603,-1.388299746157484,3,sideways,588000.SS|2025-08-18,green,-0.04476707368320988,-1.9873199718525516
588000.SS|2025-08-22,588000.SS,2025-08-22,9.07079646017699,2025-09-22,0,-0.04035694687325994,-0.04035694687325994,-1.6657926510313603,-1.388299746157484,3,sideways,588000.SS|2025-08-18,green,-0.04476707368320988,-1.9873199718525516
588000.SS|2025-08-25,588000.SS,2025-08-25,10.404191616766468,2025-09-23,0,-0.04035694687325994,-0.04035694687325994,-1.6657926510313603,-1.388299746157484,3,sideways,588000.SS|2025-08-18,green,-0.04476707368320988,-1.9873199718525516
588000.SS|2025-08-26,588000.SS,2025-08-26,14.435302916978321,2025-09-24,0,-0.04035694687325994,-0.04035694687325994,-1.6657926510313603,-1.388299746157484,3,sideways,588000.SS|2025-08-18,green,-0.04476707368320988,-1.9873199718525516
588000.SS|2025-08-27,588000.SS,2025-08-27,8.025122121423589,2025-09-25,0,-0.04035694687325994,-0.04035694687325994,-1.6657926510313603,-1.388299746157484,3,sideways,588000.SS|2025-08-18,green,-0.04476707368320988,-1.9873199718525516
588000.SS|2025-08-28,588000.SS,2025-08-28,7.932011331444766,2025-09-26,0,-0.04035694687325994,-0.04035694687325994,-1.6657926510313603,-1.388299746157484,2,up,588000.SS|2025-08-28,green,-0.04476707368320988,-1.9873199718525516
588000.SS|2025-08-29,588000.SS,2025-08-29,7.826694619147467,2025-09-29,0,-0.04035694687325994,-0.04035694687325994,-1.6657926510313603,-1.388299746157484,2,up,588000.SS|2025-08-28,green,-0.04476707368320988,-1.9873199718525516
588000.SS|2025-09-01,588000.SS,2025-09-01,12.625538020086102,2025-09-30,0,-0.04035694687325994,-0.04035694687325994,-1.6657926510313603,-1.388299746157484,2,up,588000.SS|2025-08-28,green,-0.04476707368320988,-1.9873199718525516
588000.SS|2025-09-02,588000.SS,2025-09-02,18.534798534798558,2025-10-09,0,-0.04035694687325994,-0.04035694687325994,-1.6657926510313603,-1.388299746157484,2,up,588000.SS|2025-08-28,green,-0.04476707368320988,-1.9873199718525516
588000.SS|2025-09-03,588000.SS,2025-09-03,19.188767550702046,2025-10-10,0,-0.04035694687325994,-0.04035694687325994,-1.6657926510313603,-1.388299746157484,2,up,588000.SS|2025-08-28,green,-0.04476707368320988,-1.9873199718525516
588000.SS|2025-09-04,588000.SS,2025-09-04,16.59125188536954,2025-10-13,0,-0.04035694687325994,-0.04035694687325994,-0.5554932632601974,0.269221885676571,2,up,588000.SS|2025-08-28,green,-0.04476707368320988,-1.9873199718525516
588000.SS|2025-09-05,588000.SS,2025-09-05,11.521084337349397,2025-10-14,0,-0.04035694687325994,-0.04035694687325994,-0.5554932632601974,0.269221885676571,2,up,588000.SS|2025-08-28,green,-0.04476707368320988,-1.9873199718525516
588000.SS|2025-09-08,588000.SS,2025-09-08,14.843152257077286,2025-10-15,0,-0.04035694687325994,-0.04035694687325994,-0.5554932632601974,0.269221885676571,2,up,588000.SS|2025-08-28,green,-0.04476707368320988,-1.9873199718525516
588000.SS|2025-09-09,588000.SS,2025-09-09,12.5662376987131,2025-10-16,0,-0.04035694687325994,-0.04035694687325994,-0.5554932632601974,0.269221885676571,2,up,588000.SS|2025-08-28,green,-0.04476707368320988,-1.9873199718525516
588000.SS|2025-09-10,588000.SS,2025-09-10,2.871500358937573,2025-10-17,0,-0.04035694687325994,-0.04035694687325994,-0.5554932632601974,0.269221885676571,2,up,588000.SS|2025-08-28,green,-0.04476707368320988,-1.9873199718525516
588000.SS|2025-09-11,588000.SS,2025-09-11,2.204836415362754,2025-10-20,0,-0.04035694687325994,-0.04035694687325994,-0.5554932632601974,0.269221885676571,2,up,588000.SS|2025-08-28,green,-0.04476707368320988,-1.9873199718525516
588000.SS|2025-09-12,588000.SS,2025-09-12,4.826117814052555,2025-10-21,0,-0.04035694687325994,-0.04035694687325994,-0.5554932632601974,0.269221885676571,1,up,588000.SS|2025-08-28,green,-0.04476707368320988,-1.9873199718525516
588000.SS|2025-09-15,588000.SS,2025-09-15,3.506311360448855,2025-10-22,0,-0.04035694687325994,-0.04035694687325994,-0.5554932632601974,0.269221885676571,1,up,588000.SS|2025-08-28,green,-0.04476707368320988,-1.9873199718525516
588000.SS|2025-09-16,588000.SS,2025-09-16,2.291666666666692,2025-10-23,0,-0.04035694687325994,-0.04035694687325994,-0.5554932632601974,0.269221885676571,1,up,588000.SS|2025-08-28,green,-0.04476707368320988,-1.9873199718525516
588000.SS|2025-09-17,588000.SS,2025-09-17,5.862068965517264,2025-10-24,0,-0.04035694687325994,-0.04035694687325994,-0.5554932632601974,0.269221885676571,1,up,588000.SS|2025-08-28,green,-0.04476707368320988,-1.9873199718525516
588000.SS|2025-09-18,588000.SS,2025-09-18,8.87491264849758,2025-10-27,0,-0.04035694687325994,-0.04035694687325994,-0.5554932632601974,0.269221885676571,1,up,588000.SS|2025-08-28,green,-0.04476707368320988,-1.9873199718525516
588000.SS|2025-09-19,588000.SS,2025-09-19,4.462474645030445,2025-10-28,0,-0.04035694687325994,-0.04035694687325994,-1.6657926510313603,-1.388299746157484,1,up,588000.SS|2025-08-28,green,-0.04476707368320988,-1.9873199718525516
588000.SS|2025-09-22,588000.SS,2025-09-22,6.101694915254252,2025-10-29,0,-0.04035694687325994,-0.04035694687325994,-1.6657926510313603,-1.388299746157484,1,up,588000.SS|2025-08-28,green,-0.04476707368320988,-1.9873199718525516
588000.SS|2025-09-23,588000.SS,2025-09-23,0.32679738562091387,2025-10-30,0,-0.04035694687325994,-0.04035694687325994,-1.6657926510313603,-1.388299746157484,1,up,588000.SS|2025-08-28,green,-0.04476707368320988,-1.9873199718525516
588000.SS|2025-09-24,588000.SS,2025-09-24,-3.8759689922480467,2025-10-31,0,-0.04035694687325994,-0.04035694687325994,-1.6657926510313603,-1.388299746157484,1,up,588000.SS|2025-08-28,green,-0.04476707368320988,-1.9873199718525516
588000.SS|2025-09-25,588000.SS,2025-09-25,-3.543307086614167,2025-11-03,0,-0.04035694687325994,-0.04035694687325994,-1.6657926510313603,-1.388299746157484,1,up,588000.SS|2025-08-28,green,-0.04476707368320988,-1.9873199718525516
588000.SS|2025-09-26,588000.SS,2025-09-26,-5.703175631885927,2025-11-04,0,-0.04035694687325994,-0.04035694687325994,-1.6657926510313603,-1.388299746157484,1,up,588000.SS|2025-08-28,green,-0.04476707368320988,-1.9873199718525516
588000.SS|2025-09-29,588000.SS,2025-09-29,-7.006369426751579,2025-11-05,0,-0.04035694687325994,-0.04035694687325994,-1.6657926510313603,-1.388299746157484,1,up,588000.SS|2025-08-28,green,-0.04476707368320988,-1.9873199718525516
588000.SS|2025-09-30,588000.SS,2025-09-30,-6.736711990111221,2025-11-06,0,-0.04035694687325994,-0.04035694687325994,-1.6657926510313603,-1.388299746157484,1,up,588000.SS|2025-08-28,green,-0.04476707368320988,-1.9873199718525516
588000.SS|2025-10-09,588000.SS,2025-10-09,-2.6832460732983843,2025-11-07,0,-0.04035694687325994,-0.04035694687325994,-1.6657926510313603,-1.388299746157484,1,up,588000.SS|2025-08-28,green,-0.04476707368320988,-1.9873199718525516
588000.SS|2025-10-10,588000.SS,2025-10-10,-4.398447606726997,2025-11-10,0,-0.04035694687325994,-0.04035694687325994,-1.6657926510313603,-1.388299746157484,1,up,588000.SS|2025-08-28,green,-0.04476707368320988,-1.9873199718525516
588000.SS|2025-10-13,588000.SS,2025-10-13,-1.6205266711680766,2025-11-11,0,-0.04035694687325994,-0.04035694687325994,-1.6657926510313603,-1.388299746157484,1,up,588000.SS|2025-08-28,green,-0.04476707368320988,-1.9873199718525516
588000.SS|2025-10-14,588000.SS,2025-10-14,-3.4643570952697766,2025-11-12,0,-0.04035694687325994,-0.04035694687325994,-1.6657926510313603,-1.388299746157484,1,up,588000.SS|2025-08-28,green,-0.04476707368320988,-1.9873199718525516
588000.SS|2025-10-15,588000.SS,2025-10-15,-1.2104909213180415,2025-11-13,0,-0.04035694687325994,-0.04035694687325994,-1.6657926510313603,-1.388299746157484,2,up,588000.SS|2025-08-28,green,-0.04476707368320988,-1.9873199718525516
588000.SS|2025-10-16,588000.SS,2025-10-16,-0.13956734124209724,2025-11-14,0,-0.04035694687325994,-0.04035694687325994,-1.6657926510313603,-1.388299746157484,2,up,588000.SS|2025-08-28,green,-0.04476707368320988,-1.9873199718525516
588000.SS|2025-10-17,588000.SS,2025-10-17,-1.0438413361168575,2025-11-17,0,-0.04035694687325994,-0.04035694687325994,-1.6657926510313603,-0.27823822471457127,2,up,588000.SS|2025-08-28,gray,-0.04476707368320988,-0.8943864734573244
588000.SS|2025-10-20,588000.SS,2025-10-20,-3.3852403520649554,2025-11-18,0,-0.04035694687325994,-0.04035694687325994,-1.6657926510313603,-1.388299746157484,2,up,588000.SS|2025-08-28,gray,-0.04476707368320988,-0.8943864734573244
588000.SS|2025-10-21,588000.SS,2025-10-21,-4.2682926829268,2025-11-19,0,-0.04035694687325994,-0.04035694687325994,-1.6657926510313603,-1.388299746157484,2,up,588000.SS|2025-08-28,green,-0.04476707368320988,-1.9873199718525516
588000.SS|2025-10-22,588000.SS,2025-10-22,-5.227427019687669,2025-11-20,0,-0.04035694687325994,-0.04035694687325994,-1.6657926510313603,-1.388299746157484,2,up,588000.SS|2025-08-28,green,-0.04476707368320988,-1.9873199718525516
588000.SS|2025-10-23,588000.SS,2025-10-23,-11.986970684039056,2025-11-21,0,-0.04035694687325994,-0.04035694687325994,-1.6657926510313603,-1.388299746157484,1,up,588000.SS|2025-08-28,green,-0.04476707368320988,-1.9873199718525516
588000.SS|2025-10-24,588000.SS,2025-10-24,-12.708600770218181,2025-11-24,0,-0.04035694687325994,-0.04035694687325994,-1.6657926510313603,-1.388299746157484,1,up,588000.SS|2025-08-28,green,-0.04476707368320988,-1.9873199718525516
588000.SS|2025-10-27,588000.SS,2025-10-27,-11.391585760517764,2025-11-25,0,-0.04035694687325994,-0.04035694687325994,-1.6657926510313603,-1.388299746157484,1,up,588000.SS|2025-08-28,green,-0.04476707368320988,-1.9873199718525516
588000.SS|2025-10-28,588000.SS,2025-10-28,-11.693290734824235,2025-11-26,0,-0.04035694687325994,-0.04035694687325994,-1.6657926510313603,-1.388299746157484,1,up,588000.SS|2025-08-28,green,-0.04476707368320988,-1.9873199718525516
588000.SS|2025-10-29,588000.SS,2025-10-29,-10.162866449511354,2025-11-27,0,-0.04035694687325994,-0.04035694687325994,-1.6657926510313603,-1.388299746157484,1,up,588000.SS|2025-08-28,green,-0.04476707368320988,-1.9873199718525516
588000.SS|2025-10-30,588000.SS,2025-10-30,-6.3844086021504936,2025-11-28,0,-0.04035694687325994,-0.04035694687325994,-1.5228876696812876,-1.388299746157484,1,up,588000.SS|2025-08-28,green,-0.04476707368320988,-1.9873199718525516
588000.SS|2025-10-31,588000.SS,2025-10-31,-4.489795918367301,2025-12-01,0,-0.04035694687325994,-0.04035694687325994,-1.5228876696812876,-1.7609823481840947,1,up,588000.SS|2025-08-28,black,-0.04476707368320988,1.2946190369205228
588000.SS|2025-11-03,588000.SS,2025-11-03,-4.673539518900305,2025-12-02,0,-0.04035694687325994,-0.04035694687325994,-1.5228876696812876,-1.7609823481840947,1,up,588000.SS|2025-08-28,black,-0.04476707368320988,1.2946190369205228
588000.SS|2025-11-04,588000.SS,2025-11-04,-5.821917808219146,2025-12-03,0,-0.04035694687325994,-0.04035694687325994,-1.1612799093188495,-0.9781676551531662,1,up,588000.SS|2025-08-28,black,-0.04476707368320988,1.2946190369205228
588000.SS|2025-11-05,588000.SS,2025-11-05,-7.620941020543393,2025-12-04,0,-0.04035694687325994,-0.04035694687325994,-1.1612799093188495,-1.3420158829855044,1,up,588000.SS|2025-08-28,black,-0.04476707368320988,1.2946190369205228
588000.SS|2025-11-06,588000.SS,2025-11-06,-6.254203093476796,2025-12-05,0,-0.04035694687325994,-0.04035694687325994,-1.1612799093188495,-1.3420158829855044,1,up,588000.SS|2025-08-28,gray,-0.04476707368320988,-0.8943864734573244
588000.SS|2025-11-07,588000.SS,2025-11-07,-3.9242219215155583,2025-12-08,0,-0.04035694687325994,-0.04035694687325994,-1.1612799093188495,-1.3420158829855044,1,up,588000.SS|2025-08-28,black,-0.04476707368320988,1.2946190369205228
588000.SS|2025-11-10,588000.SS,2025-11-10,-2.9512697323267,2025-12-09,0,-0.04035694687325994,-0.04035694687325994,-1.1612799093188495,-1.3420158829855044,1,up,588000.SS|2025-08-28,black,-0.04476707368320988,1.2946190369205228
588000.SS|2025-11-11,588000.SS,2025-11-11,-2.3464458247067,2025-12-10,0,-0.04035694687325994,-0.04035694687325994,-1.1612799093188495,-1.3420158829855044,1,up,588000.SS|2025-08-28,black,-0.04476707368320988,1.2946190369205228
588000.SS|2025-11-12,588000.SS,2025-11-12,-5.241660993873376,2025-12-11,0,-0.04035694687325994,-0.04035694687325994,-0.6574543700906333,-0.8746682722037931,1,up,588000.SS|2025-08-28,black,-0.04476707368320988,1.2946190369205228
588000.SS|2025-11-13,588000.SS,2025-11-13,-0.908455625436766,2025-12-12,0,-0.04035694687325994,-0.04035694687325994,-0.6574543700906333,-0.8746682722037931,1,up,588000.SS|2025-08-28,black,-0.04476707368320988,1.2946190369205228
588000.SS|2025-11-14,588000.SS,2025-11-14,-2.320675105485237,2025-12-15,0,-0.04035694687325994,-0.04035694687325994,-0.6574543700906333,0.18226124557710444,1,up,588000.SS|2025-08-28,black,-0.04476707368320988,1.2946190369205228
588000.SS|2025-11-17,588000.SS,2025-11-17,-4.625087596356003,2025-12-16,0,-0.04035694687325994,-0.04035694687325994,-0.6574543700906333,0.18226124557710444,1,up,588000.SS|2025-08-28,black,-0.04476707368320988,1.2946190369205228
588000.SS|2025-11-18,588000.SS,2025-11-18,-1.2031139419674597,2025-12-17,0,-0.04035694687325994,-0.04035694687325994,-0.6574543700906333,-0.5108200443714551,1,up,588000.SS|2025-08-28,black,-0.04476707368320988,1.2946190369205228
588000.SS|2025-11-19,588000.SS,2025-11-19,-1.4326647564469996,2025-12-18,0,-0.04035694687325994,-0.04035694687325994,-0.6574543700906333,0.18226124557710444,1,up,588000.SS|2025-08-28,black,-0.04476707368320988,1.2946190369205228
588000.SS|2025-11-20,588000.SS,2025-11-20,2.14655810510731,2025-12-19,0,-0.04035694687325994,-0.04035694687325994,-0.6574543700906333,0.18226124557710444,1,up,588000.SS|2025-08-28,black,-0.04476707368320988,1.2946190369205228
588000.SS|2025-11-21,588000.SS,2025-11-21,3.308823529411753,2025-12-22,0,-0.04035694687325994,-0.04035694687325994,-0.6574543700906333,0.28704830875935033,1,up,588000.SS|2025-08-28,black,-0.04476707368320988,1.2946190369205228
588000.SS|2025-11-24,588000.SS,2025-11-24,2.994886778670569,2025-12-23,0,-0.04035694687325994,-0.04035694687325994,-0.6574543700906333,0.28704830875935033,1,up,588000.SS|2025-08-28,black,-0.04476707368320988,1.2946190369205228
588000.SS|2025-11-25,588000.SS,2025-11-25,2.9667149059334097,2025-12-24,0,-0.04035694687325994,-0.04035694687325994,-0.6574543700906333,0.28704830875935033,1,up,588000.SS|2025-08-28,black,-0.04476707368320988,1.2946190369205228
588000.SS|2025-11-26,588000.SS,2025-11-26,3.118201595358938,2025-12-25,0,-0.04035694687325994,-0.04035694687325994,-0.6574543700906333,0.28704830875935033,1,up,588000.SS|2025-08-28,black,-0.04476707368320988,1.2946190369205228
588000.SS|2025-11-27,588000.SS,2025-11-27,1.8664752333093837,2025-12-26,0,-0.04035694687325994,-0.04035694687325994,-0.7932271031746242,0.07083942580151492,1,up,588000.SS|2025-08-28,black,-0.04476707368320988,1.2946190369205228
588000.SS|2025-11-28,588000.SS,2025-11-28,0.9259259259259078,2025-12-29,0,-0.04035694687325994,-0.04035694687325994,-0.7932271031746242,-0.878310848963939,1,up,588000.SS|2025-08-28,black,-0.04476707368320988,1.2946190369205228
588000.SS|2025-12-01,588000.SS,2025-12-01,3.316510454217725,2025-12-30,0,-0.04035694687325994,-0.04035694687325994,-0.7932271031746242,-0.878310848963939,1,up,588000.SS|2025-08-28,black,-0.04476707368320988,1.2946190369205228
588000.SS|2025-12-02,588000.SS,2025-12-02,3.054545454545443,2025-12-31,0,-0.04035694687325994,-0.04035694687325994,-0.7932271031746242,-0.878310848963939,1,up,588000.SS|2025-08-28,black,-0.04476707368320988,1.2946190369205228
510050.SS|2026-01-05,510050.SS,2026-01-05,-3.9258114374033815,2026-02-03,1,0.5405503184734887,0.5405503184734887,0.7244653271708442,0.24178943892525595,2,up,510050.SS|2025-07-11,green,0.25928066342744166,0.006418175164783818
510050.SS|2026-01-06,510050.SS,2026-01-06,-2.2670807453415986,2026-02-04,1,0.5405503184734887,0.5405503184734887,0.2042494648855912,-0.044181748033542155,2,up,510050.SS|2025-07-11,green,0.25928066342744166,0.006418175164783818
510050.SS|2026-01-07,510050.SS,2026-01-07,-1.9074421513445738,2026-02-05,1,0.5405503184734887,0.5405503184734887,0.2042494648855912,-0.044181748033542155,2,up,510050.SS|2025-07-11,green,0.25928066342744166,0.006418175164783818
510050.SS|2026-01-08,510050.SS,2026-01-08,-2.9292614521657656,2026-02-06,1,0.5405503184734887,0.5405503184734887,0.2042494648855912,0.5616564843051033,2,up,510050.SS|2025-07-11,green,0.25928066342744166,0.006418175164783818
510050.SS|2026-01-09,510050.SS,2026-01-09,-1.7712865133623246,2026-02-09,1,0.5405503184734887,0.5405503184734887,0.2042494648855912,0.5616564843051033,2,up,510050.SS|2025-07-11,green,0.25928066342744166,0.006418175164783818
510050.SS|2026-01-12,510050.SS,2026-01-12,-1.3690105787180884,2026-02-10,1,0.5405503184734887,0.5405503184734887,0.2042494648855912,0.5616564843051033,2,up,510050.SS|2025-07-11,green,0.25928066342744166,0.006418175164783818
510050.SS|2026-01-13,510050.SS,2026-01-13,-0.5334170065892541,2026-02-11,1,0.5405503184734887,0.5405503184734887,0.2042494648855912,0.5616564843051033,2,up,510050.SS|2025-07-11,green,0.25928066342744166,0.006418175164783818
510050.SS|2026-01-14,510050.SS,2026-01-14,-0.597484276729543,2026-02-12,1,0.5405503184734887,0.5405503184734887,0.2042494648855912,0.5616564843051033,2,up,510050.SS|2025-07-11,green,0.25928066342744166,0.006418175164783818
510050.SS|2026-01-15,510050.SS,2026-01-15,-1.45569620253162,2026-02-13,1,0.5405503184734887,0.5405503184734887,0.7927171331323243,0.5616564843051033,2,up,510050.SS|2025-07-11,green,0.25928066342744166,0.006418175164783818
510050.SS|2026-01-16,510050.SS,2026-01-16,-1.0783380907072537,2026-02-24,1,0.5405503184734887,0.5405503184734887,0.7927171331323243,0.5616564843051033,2,up,510050.SS|2025-07-11,green,0.25928066342744166,0.006418175164783818
510050.SS|2026-01-19,510050.SS,2026-01-19,-0.5079365079364906,2026-02-25,1,0.5405503184734887,0.5405503184734887,0.2042494648855912,0.5616564843051033,2,up,510050.SS|2025-07-11,gray,0.25928066342744166,0.13826991917355747
510050.SS|2026-01-20,510050.SS,2026-01-20,-0.9538950715421213,2026-02-26,1,0.5405503184734887,0.5405503184734887,0.2042494648855912,0.5616564843051033,2,up,510050.SS|2025-07-11,gray,0.25928066342744166,0.13826991917355747
510050.SS|2026-01-21,510050.SS,2026-01-21,-0.2555094219099274,2026-02-27,1,0.5405503184734887,0.5405503184734887,0.2042494648855912,0.5616564843051033,2,up,510050.SS|2025-07-11,gray,0.25928066342744166,0.13826991917355747
510050.SS|2026-01-22,510050.SS,2026-01-22,0.6117192530586069,2026-03-02,1,0.5405503184734887,0.5405503184734887,0.2042494648855912,0.5616564843051033,2,up,510050.SS|2025-07-11,gray,0.25928066342744166,0.13826991917355747
510050.SS|2026-01-23,510050.SS,2026-01-23,-1.0546500479386323,2026-03-03,1,0.5405503184734887,0.5405503184734887,0.2042494648855912,0.5616564843051033,2,up,510050.SS|2025-07-11,gray,0.25928066342744166,0.13826991917355747
510050.SS|2026-01-26,510050.SS,2026-01-26,-2.5550942190993298,2026-03-04,1,0.5405503184734887,0.5405503184734887,0.2042494648855912,0.5616564843051033,2,up,510050.SS|2025-07-11,gray,0.25928066342744166,0.13826991917355747
510050.SS|2026-01-27,510050.SS,2026-01-27,-2.294455066921608,2026-03-05,1,0.5405503184734887,0.5405503184734887,0.2042494648855912,0.5616564843051033,2,up,510050.SS|2025-07-11,gray,0.25928066342744166,0.13826991917355747
510050.SS|2026-01-28,510050.SS,2026-01-28,-4.0050062578222745,2026-03-06,1,0.5405503184734887,0.5405503184734887,0.2042494648855912,0.5616564843051033,2,up,510050.SS|2025-07-11,gray,0.25928066342744166,0.13826991917355747
510050.SS|2026-01-29,510050.SS,2026-01-29,-3.3682872577057377,2026-03-09,1,0.5405503184734887,0.5405503184734887,0.2042494648855912,0.5616564843051033,2,up,510050.SS|2025-07-11,green,0.25928066342744166,0.006418175164783818
510050.SS|2026-01-30,510050.SS,2026-01-30,-0.6493506493506329,2026-03-10,1,0.5405503184734887,0.5405503184734887,0.2042494648855912,-0.044181748033542155,2,up,510050.SS|2025-07-11,gray,0.25928066342744166,0.13826991917355747
510050.SS|2026-02-02,510050.SS,2026-02-02,-1.4800514800514697,2026-03-11,1,0.5405503184734887,0.5405503184734887,0.2042494648855912,-0.044181748033542155,2,up,510050.SS|2025-07-11,black,0.25928066342744166,0.5297966753285902
510050.SS|2026-02-03,510050.SS,2026-02-03,-3.1776294884016343,2026-03-12,1,0.5405503184734887,0.5405503184734887,0.2042494648855912,-0.044181748033542155,2,up,510050.SS|2025-07-11,black,0.25928066342744166,0.5297966753285902
510050.SS|2026-02-04,510050.SS,2026-02-04,-3.2515141855275487,2026-03-13,1,0.5405503184734887,0.5405503184734887,0.2042494648855912,-0.044181748033542155,2,up,510050.SS|2025-07-11,gray,0.25928066342744166,0.13826991917355747
510050.SS|2026-02-05,510050.SS,2026-02-05,-2.792937399678963,2026-03-16,1,0.5405503184734887,0.5405503184734887,0.2042494648855912,-0.044181748033542155,2,up,510050.SS|2025-07-11,black,0.25928066342744166,0.5297966753285902
510050.SS|2026-02-06,510050.SS,2026-02-06,-3.8595381208478163,2026-03-17,1,0.5405503184734887,0.5405503184734887,0.2042494648855912,-0.044181748033542155,2,up,510050.SS|2025-07-11,black,0.25928066342744166,0.5297966753285902
510050.SS|2026-02-09,510050.SS,2026-02-09,-4.2586750788643375,2026-03-18,1,0.5405503184734887,0.5405503184734887,0.2042494648855912,-0.044181748033542155,2,up,510050.SS|2025-07-11,gray,0.25928066342744166,0.13826991917355747
510050.SS|2026-02-10,510050.SS,2026-02-10,-5.583596214511033,2026-03-19,1,0.5405503184734887,0.5405503184734887,0.2042494648855912,-0.044181748033542155,2,up,510050.SS|2025-07-11,gray,0.25928066342744166,0.13826991917355747
510050.SS|2026-02-11,510050.SS,2026-02-11,-6.453653906991441,2026-03-20,1,0.5405503184734887,0.5405503184734887,0.2042494648855912,-0.044181748033542155,2,up,510050.SS|2025-07-11,gray,0.25928066342744166,0.13826991917355747
510050.SS|2026-02-12,510050.SS,2026-02-12,-7.899807321772623,2026-03-23,1,0.5405503184734887,0.5405503184734887,0.2042494648855912,-0.044181748033542155,2,up,510050.SS|2025-07-11,gray,0.25928066342744166,0.13826991917355747
510050.SS|2026-02-13,510050.SS,2026-02-13,-7.021481243988448,2026-03-24,1,0.5405503184734887,0.5405503184734887,0.15678899752156925,-0.2099450470421687,3,sideways,510050.SS|2026-02-13,black,0.25928066342744166,0.5297966753285902
510050.SS|2026-02-24,510050.SS,2026-02-24,-6.509253350350974,2026-03-25,1,0.5405503184734887,0.5405503184734887,0.15678899752156925,-0.2099450470421687,3,sideways,510050.SS|2026-02-13,black,0.25928066342744166,0.5297966753285902
510050.SS|2026-02-25,510050.SS,2026-02-25,-6.998394863563384,2026-03-26,1,0.5405503184734887,0.5405503184734887,0.15678899752156925,-0.2099450470421687,3,sideways,510050.SS|2026-02-13,black,0.25928066342744166,0.5297966753285902
510050.SS|2026-02-26,510050.SS,2026-02-26,-6.852385526737093,2026-03-27,1,0.5405503184734887,0.5405503184734887,0.15678899752156925,-0.2099450470421687,3,sideways,510050.SS|2026-02-13,black,0.25928066342744166,0.5297966753285902
510050.SS|2026-02-27,510050.SS,2026-02-27,-7.03999999999998,2026-03-30,1,0.5405503184734887,0.5405503184734887,0.15678899752156925,-0.2099450470421687,3,sideways,510050.SS|2026-02-13,black,0.25928066342744166,0.5297966753285902
510050.SS|2026-03-02,510050.SS,2026-03-02,-6.266149870801008,2026-03-31,1,0.5405503184734887,0.5405503184734887,0.15678899752156925,-0.2099450470421687,3,sideways,510050.SS|2026-02-13,gray,0.25928066342744166,0.13826991917355747
510050.SS|2026-03-03,510050.SS,2026-03-03,-3.277613897082887,2026-04-01,1,0.5405503184734887,0.5405503184734887,0.15678899752156925,-0.2099450470421687,3,sideways,510050.SS|2026-02-13,black,0.25928066342744166,0.5297966753285902
510050.SS|2026-03-04,510050.SS,2026-03-04,-4.566210045662067,2026-04-02,1,0.5405503184734887,0.5405503184734887,0.15678899752156925,-0.2099450470421687,3,sideways,510050.SS|2026-02-13,black,0.25928066342744166,0.5297966753285902
510050.SS|2026-03-05,510050.SS,2026-03-05,-5.443285528031261,2026-04-03,1,0.5405503184734887,0.5405503184734887,0.15678899752156925,-0.2099450470421687,3,sideways,510050.SS|2026-02-13,black,0.25928066342744166,0.5297966753285902
510050.SS|2026-03-06,510050.SS,2026-03-06,-4.636632686616227,2026-04-07,1,0.5405503184734887,0.5405503184734887,0.2042494648855912,-0.044181748033542155,3,sideways,510050.SS|2026-02-13,black,0.25928066342744166,0.5297966753285902
510050.SS|2026-03-09,510050.SS,2026-03-09,-2.6797385620914826,2026-04-08,1,0.5405503184734887,0.5405503184734887,0.2042494648855912,-0.044181748033542155,3,sideways,510050.SS|2026-02-13,black,0.25928066342744166,0.5297966753285902
510050.SS|2026-03-10,510050.SS,2026-03-10,-3.396472893533631,2026-04-09,1,0.5405503184734887,0.5405503184734887,0.2042494648855912,-0.044181748033542155,3,sideways,510050.SS|2026-02-13,black,0.25928066342744166,0.5297966753285902
510050.SS|2026-03-11,510050.SS,2026-03-11,-2.4614374794880267,2026-04-10,1,0.5405503184734887,0.5405503184734887,0.2042494648855912,-0.044181748033542155,3,sideways,510050.SS|2026-02-13,black,0.25928066342744166,0.5297966753285902
510050.SS|2026-03-12,510050.SS,2026-03-12,-2.07578253706755,2026-04-13,1,0.5405503184734887,0.5405503184734887,0.7244653271708442,0.24178943892525595,3,sideways,510050.SS|2026-02-13,black,0.25928066342744166,0.5297966753285902
510050.SS|2026-03-13,510050.SS,2026-03-13,-1.0237780713342137,2026-04-14,1,0.5405503184734887,0.5405503184734887,0.7244653271708442,0.24178943892525595,3,sideways,510050.SS|2026-02-13,black,0.25928066342744166,0.5297966753285902
510050.SS|2026-03-16,510050.SS,2026-03-16,-1.0200723922342947,2026-04-15,1,0.5405503184734887,0.5405503184734887,0.7244653271708442,0.24178943892525595,3,sideways,510050.SS|2026-02-13,black,0.25928066342744166,0.5297966753285902
510050.SS|2026-03-17,510050.SS,2026-03-17,-0.691927512355861,2026-04-16,1,0.5405503184734887,0.5405503184734887,0.7244653271708442,0.32595459576784874,3,sideways,510050.SS|2026-02-13,black,0.25928066342744166,0.5297966753285902
510050.SS|2026-03-18,510050.SS,2026-03-18,-0.36752422318745426,2026-04-17,1,0.5405503184734887,0.5405503184734887,0.7244653271708442,0.32595459576784874,3,sideways,510050.SS|2026-02-13,black,0.25928066342744166,0.5297966753285902
510050.SS|2026-03-19,510050.SS,2026-03-19,1.6909029421710908,2026-04-20,1,0.5405503184734887,0.5405503184734887,0.2030905431930023,0.08049921660272975,3,sideways,510050.SS|2026-02-13,black,0.25928066342744166,0.5297966753285902
510050.SS|2026-03-20,510050.SS,2026-03-20,4.811715481171519,2026-04-21,1,0.5405503184734887,0.5405503184734887,0.2030905431930023,0.6308368784587643,3,sideways,510050.SS|2026-02-13,black,0.25928066342744166,0.5297966753285902
510050.SS|2026-03-23,510050.SS,2026-03-23,3.6206896551723933,2026-04-22,1,0.5405503184734887,0.5405503184734887,-0.2922624818153008,0.3448656914999661,3,sideways,510050.SS|2026-02-13,black,0.25928066342744166,0.5297966753285902
510050.SS|2026-03-24,510050.SS,2026-03-24,2.423208191126247,2026-04-23,1,0.5405503184734887,0.5405503184734887,-0.44006160327793137,0.3448656914999661,3,sideways,510050.SS|2026-02-13,black,0.25928066342744166,0.5297966753285902
510050.SS|2026-03-25,510050.SS,2026-03-25,4.176734552985817,2026-04-24,1,0.5405503184734887,0.5405503184734887,-0.31712531909225067,0.36160031524101843,3,sideways,510050.SS|2026-02-13,black,0.25928066342744166,0.5297966753285902
510050.SS|2026-03-26,510050.SS,2026-03-26,3.5751117222412754,2026-04-27,1,0.5405503184734887,0.5405503184734887,-0.2922624818153008,0.3448656914999661,3,sideways,510050.SS|2026-02-13,black,0.25928066342744166,0.5297966753285902
510050.SS|2026-03-27,510050.SS,2026-03-27,4.0963855421686235,2026-04-28,1,0.5405503184734887,0.5405503184734887,-0.21678666499364208,0.1791023924913395,3,sideways,510050.SS|2026-02-13,black,0.25928066342744166,0.5297966753285902
510050.SS|2026-03-30,510050.SS,2026-03-30,4.78980013783592,2026-04-29,1,0.5405503184734887,0.5405503184734887,-0.2922624818153008,0.36160031524101843,3,sideways,510050.SS|2026-02-13,black,0.25928066342744166,0.5297966753285902
510050.SS|2026-03-31,510050.SS,2026-03-31,3.761436801084317,2026-04-30,1,0.5405503184734887,0.5405503184734887,-0.1693261976296201,0.36160031524101843,3,sideways,510050.SS|2026-02-13,black,0.25928066342744166,0.5297966753285902
510050.SS|2026-04-01,510050.SS,2026-04-01,5.946684894053256,2026-05-06,1,0.5405503184734887,0.5405503184734887,-0.24835582244156246,0.1504378061313575,3,sideways,510050.SS|2026-02-13,black,0.25928066342744166,0.5297966753285902
510050.SS|2026-04-02,510050.SS,2026-04-02,6.963116166838956,2026-05-07,1,0.5405503184734887,0.5405503184734887,-0.10055670097893186,0.1504378061313575,3,sideways,510050.SS|2026-02-13,black,0.25928066342744166,0.5297966753285902
510050.SS|2026-04-03,510050.SS,2026-04-03,6.034482758620641,2026-05-08,1,0.5405503184734887,0.5405503184734887,-0.21678666499364208,0.1504378061313575,3,sideways,510050.SS|2026-02-13,black,0.25928066342744166,0.5297966753285902
510050.SS|2026-04-07,510050.SS,2026-04-07,4.633982538616466,2026-05-11,1,0.5405503184734887,0.5405503184734887,-0.10055670097893186,0.1504378061313575,3,sideways,510050.SS|2026-02-13,black,0.25928066342744166,0.5297966753285902
510050.SS|2026-04-08,510050.SS,2026-04-08,5.44286680189312,2026-05-12,1,0.5405503184734887,0.5405503184734887,-0.10055670097893186,0.1504378061313575,3,sideways,510050.SS|2026-02-13,gray,0.25928066342744166,0.13826991917355747
510050.SS|2026-04-09,510050.SS,2026-04-09,5.08075370121126,2026-05-13,1,0.5405503184734887,0.5405503184734887,1.7851155215568224,1.6221125757998405,3,sideways,510050.SS|2026-02-13,black,0.25928066342744166,0.5297966753285902
510050.SS|2026-04-10,510050.SS,2026-04-10,3.4320323014804366,2026-05-14,1,0.5405503184734887,0.5405503184734887,0.15678899752156925,-0.2099450470421687,3,sideways,510050.SS|2026-02-13,gray,0.25928066342744166,0.13826991917355747
510050.SS|2026-04-13,510050.SS,2026-04-13,1.2679346012678838,2026-05-15,1,0.5405503184734887,0.5405503184734887,0.15678899752156925,-0.2099450470421687,3,sideways,510050.SS|2026-02-13,gray,0.25928066342744166,0.13826991917355747
510050.SS|2026-04-14,510050.SS,2026-04-14,-3.3306690738754696e-14,2026-05-18,1,0.5405503184734887,0.5405503184734887,0.15678899752156925,-0.2099450470421687,3,sideways,510050.SS|2026-02-13,gray,0.25928066342744166,0.13826991917355747
510050.SS|2026-04-15,510050.SS,2026-04-15,0.3981420039813832,2026-05-19,1,0.5405503184734887,0.5405503184734887,0.15678899752156925,-0.2099450470421687,3,sideways,510050.SS|2026-02-13,gray,0.25928066342744166,0.13826991917355747
510050.SS|2026-04-16,510050.SS,2026-04-16,1.5761234071093089,2026-05-20,1,0.5405503184734887,0.5405503184734887,0.15678899752156925,-0.2099450470421687,3,sideways,510050.SS|2026-02-13,gray,0.25928066342744166,0.13826991917355747
510050.SS|2026-04-17,510050.SS,2026-04-17,-0.43232457598937346,2026-05-21,1,0.5405503184734887,0.5405503184734887,0.15678899752156925,-0.2099450470421687,3,sideways,510050.SS|2026-02-13,gray,0.25928066342744166,0.13826991917355747
510050.SS|2026-04-20,510050.SS,2026-04-20,-0.3659347970725424,2026-05-22,1,0.5405503184734887,0.5405503184734887,0.15678899752156925,-0.2099450470421687,3,sideways,510050.SS|2026-02-13,green,0.25928066342744166,0.006418175164783818
510050.SS|2026-04-21,510050.SS,2026-04-21,1.131447587354395,2026-05-25,1,0.5405503184734887,0.5405503184734887,0.2042494648855912,-0.044181748033542155,3,sideways,510050.SS|2026-02-13,green,0.25928066342744166,0.006418175164783818
510050.SS|2026-04-22,510050.SS,2026-04-22,1.499500166611134,2026-05-26,1,0.5405503184734887,0.5405503184734887,0.2042494648855912,-0.044181748033542155,3,sideways,510050.SS|2026-02-13,green,0.25928066342744166,0.006418175164783818
510050.SS|2026-04-23,510050.SS,2026-04-23,-0.3313452617627721,2026-05-27,1,0.5405503184734887,0.5405503184734887,0.2042494648855912,-0.044181748033542155,3,sideways,510050.SS|2026-02-13,green,0.25928066342744166,0.006418175164783818
510050.SS|2026-04-24,510050.SS,2026-04-24,-0.9293063391968226,2026-05-28,1,0.5405503184734887,0.5405503184734887,0.2042494648855912,-0.044181748033542155,3,sideways,510050.SS|2026-02-13,green,0.25928066342744166,0.006418175164783818
510050.SS|2026-04-27,510050.SS,2026-04-27,-0.8928571428571397,2026-05-29,1,0.5405503184734887,0.5405503184734887,0.2042494648855912,-0.044181748033542155,3,sideways,510050.SS|2026-02-13,green,0.25928066342744166,0.006418175164783818
510050.SS|2026-04-28,510050.SS,2026-04-28,-2.4005261427162194,2026-06-01,1,0.5405503184734887,0.5405503184734887,0.2042494648855912,-0.044181748033542155,3,sideways,510050.SS|2026-02-13,green,0.25928066342744166,0.006418175164783818
510050.SS|2026-04-29,510050.SS,2026-04-29,-2.253429131286744,2026-06-02,1,0.5405503184734887,0.5405503184734887,0.2042494648855912,-0.044181748033542155,3,sideways,510050.SS|2026-02-13,green,0.25928066342744166,0.006418175164783818
510050.SS|2026-04-30,510050.SS,2026-04-30,-3.3548387096774213,2026-06-03,1,0.5405503184734887,0.5405503184734887,0.2042494648855912,-0.044181748033542155,3,sideways,510050.SS|2026-02-13,green,0.25928066342744166,0.006418175164783818
510050.SS|2026-05-06,510050.SS,2026-05-06,-4.479535932968092,2026-06-04,1,0.5405503184734887,0.5405503184734887,0.2042494648855912,-0.044181748033542155,3,sideways,510050.SS|2026-02-13,green,0.25928066342744166,0.006418175164783818
510050.SS|2026-05-07,510050.SS,2026-05-07,-4.390243902439028,2026-06-05,1,0.5405503184734887,0.5405503184734887,0.2042494648855912,-0.044181748033542155,3,sideways,510050.SS|2026-02-13,green,0.25928066342744166,0.006418175164783818
510050.SS|2026-05-08,510050.SS,2026-05-08,-6.899871630295252,2026-06-08,1,0.5405503184734887,0.5405503184734887,0.2042494648855912,-0.044181748033542155,4,down,510050.SS|2026-05-08,green,0.25928066342744166,0.006418175164783818
510050.SS|2026-05-11,510050.SS,2026-05-11,-6.4764347547290875,2026-06-09,1,0.5405503184734887,0.5405503184734887,0.7244653271708442,0.9317928281064941,3,sideways,510050.SS|2026-05-11,green,0.25928066342744166,0.006418175164783818
510050.SS|2026-05-12,510050.SS,2026-05-12,-6.147934678194056,2026-06-10,1,0.5405503184734887,0.5405503184734887,1.3129329954175775,0.9317928281064941,3,sideways,510050.SS|2026-05-11,green,0.25928066342744166,0.006418175164783818
510050.SS|2026-05-13,510050.SS,2026-05-13,-4.749512036434622,2026-06-11,1,0.5405503184734887,0.5405503184734887,1.3129329954175775,0.9317928281064941,4,down,510050.SS|2026-05-13,green,0.25928066342744166,0.006418175164783818
510050.SS|2026-05-14,510050.SS,2026-05-14,-1.7462932454695324,2026-06-12,1,0.5405503184734887,0.5405503184734887,1.3129329954175775,0.8476276712639013,4,down,510050.SS|2026-05-13,green,0.25928066342744166,0.006418175164783818
510050.SS|2026-05-15,510050.SS,2026-05-15,0.5319148936170137,2026-06-15,1,0.5405503184734887,0.5405503184734887,0.2042494648855912,0.5616564843051033,4,down,510050.SS|2026-05-13,gray,0.25928066342744166,0.13826991917355747
510050.SS|2026-05-18,510050.SS,2026-05-18,-1.0905485789821756,2026-06-16,1,0.5405503184734887,0.5405503184734887,0.2042494648855912,-0.044181748033542155,4,down,510050.SS|2026-05-13,black,0.25928066342744166,0.5297966753285902
510050.SS|2026-05-19,510050.SS,2026-05-19,-0.4621987454605847,2026-06-17,1,0.5405503184734887,0.5405503184734887,0.2042494648855912,-0.044181748033542155,4,down,510050.SS|2026-05-13,gray,0.25928066342744166,0.13826991917355747
510050.SS|2026-05-20,510050.SS,2026-05-20,0.7682030728122458,2026-06-18,1,0.5405503184734887,0.5405503184734887,0.2042494648855912,-0.044181748033542155,4,down,510050.SS|2026-05-13,gray,0.25928066342744166,0.13826991917355747
510050.SS|2026-05-21,510050.SS,2026-05-21,3.405676126878099,2026-06-22,1,0.5405503184734887,0.5405503184734887,0.2042494648855912,-0.044181748033542155,4,down,510050.SS|2026-05-13,black,0.25928066342744166,0.5297966753285902
510050.SS|2026-05-22,510050.SS,2026-05-22,-1.1187890753537544,2026-06-23,1,0.5405503184734887,0.5405503184734887,0.2042494648855912,-0.044181748033542155,4,down,510050.SS|2026-05-13,black,0.25928066342744166,0.5297966753285902
510050.SS|2026-05-25,510050.SS,2026-05-25,-0.7222586999343639,2026-06-24,1,0.5405503184734887,0.5405503184734887,0.2042494648855912,-0.044181748033542155,4,down,510050.SS|2026-05-13,green,0.25928066342744166,0.006418175164783818
510050.SS|2026-05-26,510050.SS,2026-05-26,1.6954787234042312,2026-06-25,1,0.5405503184734887,0.5405503184734887,0.2042494648855912,-0.044181748033542155,4,down,510050.SS|2026-05-13,green,0.25928066342744166,0.006418175164783818
510050.SS|2026-05-27,510050.SS,2026-05-27,0.5025125628140614,2026-06-26,1,0.5405503184734887,0.5405503184734887,0.2042494648855912,-0.044181748033542155,4,down,510050.SS|2026-05-13,black,0.25928066342744166,0.5297966753285902
510050.SS|2026-05-28,510050.SS,2026-05-28,2.869536202869538,2026-06-29,1,0.5405503184734887,0.5405503184734887,0.2042494648855912,-0.044181748033542155,4,down,510050.SS|2026-05-13,black,0.25928066342744166,0.5297966753285902
510050.SS|2026-05-29,510050.SS,2026-05-29,3.8746630727762854,2026-06-30,1,0.5405503184734887,0.5405503184734887,0.2042494648855912,-0.044181748033542155,4,down,510050.SS|2026-05-13,black,0.25928066342744166,0.5297966753285902
510300.SS|2026-01-05,510300.SS,2026-01-05,-2.722526199226971,2026-02-03,1,0.5405503184734887,0.5405503184734887,0.2042494648855912,-0.044181748033542155,2,up,510300.SS|2025-07-30,green,0.3137421212481489,0.6557637100378796
510300.SS|2026-01-06,510300.SS,2026-01-06,-1.4651044673561375,2026-02-04,1,0.5405503184734887,0.5405503184734887,0.2042494648855912,-0.044181748033542155,2,up,510300.SS|2025-07-30,green,0.3137421212481489,0.6557637100378796
510300.SS|2026-01-07,510300.SS,2026-01-07,-1.2858659043351373,2026-02-05,1,0.5405503184734887,0.5405503184734887,0.2042494648855912,-0.044181748033542155,2,up,510300.SS|2025-07-30,green,0.3137421212481489,0.6557637100378796
510300.SS|2026-01-08,510300.SS,2026-01-08,-2.360500891548245,2026-02-06,1,0.5405503184734887,0.5405503184734887,0.2042494648855912,-0.044181748033542155,2,up,510300.SS|2025-07-30,green,0.3137421212481489,0.6557637100378796
510300.SS|2026-01-09,510300.SS,2026-01-09,-1.2881246393021573,2026-02-09,1,0.5405503184734887,0.5405503184734887,0.2042494648855912,-0.044181748033542155,2,up,510300.SS|2025-07-30,green,0.3137421212481489,0.6557637100378796
510300.SS|2026-01-12,510300.SS,2026-01-12,-0.8196446406056435,2026-02-10,1,0.5405503184734887,0.5405503184734887,0.2042494648855912,-0.044181748033542155,2,up,510300.SS|2025-07-30,green,0.3137421212481489,0.6557637100378796
510300.SS|2026-01-13,510300.SS,2026-01-13,-0.41901777254739203,2026-02-11,1,0.5405503184734887,0.5405503184734887,0.2042494648855912,-0.044181748033542155,2,up,510300.SS|2025-07-30,green,0.3137421212481489,0.6557637100378796
510300.SS|2026-01-14,510300.SS,2026-01-14,-0.5186782262341372,2026-02-12,1,0.5405503184734887,0.5405503184734887,0.2042494648855912,-0.044181748033542155,2,up,510300.SS|2025-07-30,green,0.3137421212481489,0.6557637100378796
510300.SS|2026-01-15,510300.SS,2026-01-15,-1.3735200966104255,2026-02-13,1,0.5405503184734887,0.5405503184734887,0.2042494648855912,0.5616564843051033,2,up,510300.SS|2025-07-30,green,0.3137421212481489,0.6557637100378796
510300.SS|2026-01-16,510300.SS,2026-01-16,-0.4643309413254304,2026-02-24,1,0.5405503184734887,0.5405503184734887,0.7244653271708442,0.8476276712639013,2,up,510300.SS|2025-07-30,green,0.3137421212481489,0.6557637100378796
510300.SS|2026-01-19,510300.SS,2026-01-19,0.5503810330228731,2026-02-25,1,0.5405503184734887,0.5405503184734887,1.3129329954175775,2.088527576538911,2,up,510300.SS|2025-07-30,green,0.3137421212481489,0.6557637100378796
510300.SS|2026-01-20,510300.SS,2026-01-20,0.10570824524311906,2026-02-26,1,0.5405503184734887,0.5405503184734887,1.3129329954175775,2.088527576538911,2,up,510300.SS|2025-07-30,green,0.3137421212481489,0.6557637100378796
510300.SS|2026-01-21,510300.SS,2026-01-21,-0.042310133276945994,2026-02-27,1,0.5405503184734887,0.5405503184734887,1.3129329954175775,2.172692733381503,2,up,510300.SS|2025-07-30,green,0.3137421212481489,0.6557637100378796
510300.SS|2026-01-22,510300.SS,2026-01-22,0.7440476190475831,2026-03-02,1,0.5405503184734887,0.5405503184734887,1.3129329954175775,2.172692733381503,2,up,510300.SS|2025-07-30,green,0.3137421212481489,0.6557637100378796
510300.SS|2026-01-23,510300.SS,2026-01-23,-0.7215619694397657,2026-03-03,1,0.5405503184734887,0.5405503184734887,0.7244653271708442,0.8476276712639013,2,up,510300.SS|2025-07-30,gray,0.3137421212481489,-0.39126589291329
510300.SS|2026-01-26,510300.SS,2026-01-26,-2.1231422505308073,2026-03-04,1,0.5405503184734887,0.5405503184734887,0.7244653271708442,0.8476276712639013,2,up,510300.SS|2025-07-30,green,0.3137421212481489,0.6557637100378796
510300.SS|2026-01-27,510300.SS,2026-01-27,-1.5026455026455277,2026-03-05,1,0.5405503184734887,0.5405503184734887,0.7244653271708442,0.9317928281064941,2,up,510300.SS|2025-07-30,green,0.3137421212481489,0.6557637100378796
510300.SS|2026-01-28,510300.SS,2026-01-28,-2.118288590604034,2026-03-06,1,0.5405503184734887,0.5405503184734887,0.7244653271708442,0.9317928281064941,2,up,510300.SS|2025-07-30,green,0.3137421212481489,0.6557637100378796
510300.SS|2026-01-29,510300.SS,2026-01-29,-1.7406070897898585,2026-03-09,1,0.5405503184734887,0.5405503184734887,0.7244653271708442,0.8476276712639013,2,up,510300.SS|2025-07-30,green,0.3137421212481489,0.6557637100378796
510300.SS|2026-01-30,510300.SS,2026-01-30,1.8043478260869383,2026-03-10,1,0.5405503184734887,0.5405503184734887,0.2042494648855912,-0.044181748033542155,2,up,510300.SS|2025-07-30,gray,0.3137421212481489,-0.39126589291329
510300.SS|2026-02-02,510300.SS,2026-02-02,1.00771869639793,2026-03-11,1,0.5405503184734887,0.5405503184734887,0.2042494648855912,-0.044181748033542155,2,up,510300.SS|2025-07-30,black,0.3137421212481489,0.29355235040746497
510300.SS|2026-02-03,510300.SS,2026-02-03,-0.2761844062035279,2026-03-12,1,0.5405503184734887,0.5405503184734887,0.2042494648855912,-0.044181748033542155,2,up,510300.SS|2025-07-30,black,0.3137421212481489,0.29355235040746497
510300.SS|2026-02-04,510300.SS,2026-02-04,-0.04274417610601322,2026-03-13,1,0.5405503184734887,0.5405503184734887,0.2042494648855912,-0.044181748033542155,2,up,510300.SS|2025-07-30,gray,0.3137421212481489,-0.39126589291329
510300.SS|2026-02-05,510300.SS,2026-02-05,0.6668100666809895,2026-03-16,1,0.5405503184734887,0.5405503184734887,0.2042494648855912,-0.044181748033542155,2,up,510300.SS|2025-07-30,black,0.3137421212481489,0.29355235040746497
510300.SS|2026-02-06,510300.SS,2026-02-06,-1.7135603977152636,2026-03-17,1,0.5405503184734887,0.5405503184734887,0.2042494648855912,-0.044181748033542155,2,up,510300.SS|2025-07-30,black,0.3137421212481489,0.29355235040746497
510300.SS|2026-02-09,510300.SS,2026-02-09,-1.5001056412423663,2026-03-18,1,0.5405503184734887,0.5405503184734887,0.2042494648855912,-0.044181748033542155,2,up,510300.SS|2025-07-30,gray,0.3137421212481489,-0.39126589291329
510300.SS|2026-02-10,510300.SS,2026-02-10,-2.625449925894585,2026-03-19,1,0.5405503184734887,0.5405503184734887,0.2042494648855912,-0.044181748033542155,2,up,510300.SS|2025-07-30,gray,0.3137421212481489,-0.39126589291329
510300.SS|2026-02-11,510300.SS,2026-02-11,-3.194415062407474,2026-03-20,1,0.5405503184734887,0.5405503184734887,0.2042494648855912,-0.044181748033542155,3,sideways,510300.SS|2026-02-11,gray,0.3137421212481489,-0.39126589291329
510300.SS|2026-02-12,510300.SS,2026-02-12,-5.159494754870497,2026-03-23,1,0.5405503184734887,0.5405503184734887,0.2042494648855912,-0.044181748033542155,3,sideways,510300.SS|2026-02-11,gray,0.3137421212481489,-0.39126589291329
510300.SS|2026-02-13,510300.SS,2026-02-13,-5.025445292620878,2026-03-24,1,0.5405503184734887,0.5405503184734887,0.2042494648855912,-0.044181748033542155,3,sideways,510300.SS|2026-02-11,black,0.3137421212481489,0.29355235040746497
510300.SS|2026-02-24,510300.SS,2026-02-24,-4.336842105263161,2026-03-25,1,0.5405503184734887,0.5405503184734887,0.2042494648855912,-0.044181748033542155,3,sideways,510300.SS|2026-02-11,gray,0.3137421212481489,-0.39126589291329
510300.SS|2026-02-25,510300.SS,2026-02-25,-5.216473072861671,2026-03-26,1,0.5405503184734887,0.5405503184734887,0.2042494648855912,-0.044181748033542155,3,sideways,510300.SS|2026-02-11,green,0.3137421212481489,0.6557637100378796
510300.SS|2026-02-26,510300.SS,2026-02-26,-4.592592592592593,2026-03-27,1,0.5405503184734887,0.5405503184734887,0.2042494648855912,-0.044181748033542155,3,sideways,510300.SS|2026-02-11,green,0.3137421212481489,0.6557637100378796
510300.SS|2026-02-27,510300.SS,2026-02-27,-5.043258071323065,2026-03-30,1,0.5405503184734887,0.5405503184734887,0.2042494648855912,-0.044181748033542155,3,sideways,510300.SS|2026-02-11,gray,0.3137421212481489,-0.39126589291329
510300.SS|2026-03-02,510300.SS,2026-03-02,-4.595981188542098,2026-03-31,1,0.5405503184734887,0.5405503184734887,0.2042494648855912,-0.044181748033542155,3,sideways,510300.SS|2026-02-11,green,0.3137421212481489,0.6557637100378796
510300.SS|2026-03-03,510300.SS,2026-03-03,-1.6485900216919647,2026-04-01,1,0.5405503184734887,0.5405503184734887,0.15678899752156925,-0.2099450470421687,3,sideways,510300.SS|2026-02-11,black,0.3137421212481489,0.29355235040746497
510300.SS|2026-03-04,510300.SS,2026-03-04,-3.545337344220023,2026-04-02,1,0.5405503184734887,0.5405503184734887,0.15678899752156925,-0.2099450470421687,2,up,510300.SS|2026-03-04,black,0.3137421212481489,0.29355235040746497
510300.SS|2026-03-05,510300.SS,2026-03-05,-4.563959717163069,2026-04-03,1,0.5405503184734887,0.5405503184734887,0.15678899752156925,-0.2099450470421687,2,up,510300.SS|2026-03-04,black,0.3137421212481489,0.29355235040746497
510300.SS|2026-03-06,510300.SS,2026-03-06,-3.953337653920941,2026-04-07,1,0.5405503184734887,0.5405503184734887,0.15678899752156925,-0.2099450470421687,2,up,510300.SS|2026-03-04,black,0.3137421212481489,0.29355235040746497
510300.SS|2026-03-09,510300.SS,2026-03-09,-1.7296604740550836,2026-04-08,1,0.5405503184734887,0.5405503184734887,0.15678899752156925,-0.2099450470421687,2,up,510300.SS|2026-03-04,black,0.3137421212481489,0.29355235040746497
510300.SS|2026-03-10,510300.SS,2026-03-10,-2.950541286351105,2026-04-09,1,0.5405503184734887,0.5405503184734887,0.2042494648855912,-0.044181748033542155,2,up,510300.SS|2026-03-04,gray,0.3137421212481489,-0.39126589291329
510300.SS|2026-03-11,510300.SS,2026-03-11,-1.107797187899462,2026-04-10,1,0.5405503184734887,0.5405503184734887,0.2042494648855912,-0.044181748033542155,2,up,510300.SS|2026-03-04,green,0.3137421212481489,0.6557637100378796
510300.SS|2026-03-12,510300.SS,2026-03-12,-0.5345306820611628,2026-04-13,1,0.5405503184734887,0.5405503184734887,0.2042494648855912,-0.044181748033542155,3,sideways,510300.SS|2026-03-12,gray,0.3137421212481489,-0.39126589291329
510300.SS|2026-03-13,510300.SS,2026-03-13,0.6837606837606813,2026-04-14,1,0.5405503184734887,0.5405503184734887,0.2042494648855912,-0.044181748033542155,3,sideways,510300.SS|2026-03-12,black,0.3137421212481489,0.29355235040746497
510300.SS|2026-03-16,510300.SS,2026-03-16,1.0331467929401539,2026-04-15,1,0.5405503184734887,0.5405503184734887,0.2042494648855912,-0.044181748033542155,3,sideways,510300.SS|2026-03-12,gray,0.3137421212481489,-0.39126589291329
510300.SS|2026-03-17,510300.SS,2026-03-17,1.8018018018018056,2026-04-16,1,0.5405503184734887,0.5405503184734887,0.2042494648855912,-0.044181748033542155,3,sideways,510300.SS|2026-03-12,black,0.3137421212481489,0.29355235040746497
510300.SS|2026-03-18,510300.SS,2026-03-18,3.0441400304414,2026-04-17,1,0.5405503184734887,0.5405503184734887,0.2042494648855912,-0.044181748033542155,3,sideways,510300.SS|2026-03-12,black,0.3137421212481489,0.29355235040746497
510300.SS|2026-03-19,510300.SS,2026-03-19,4.1302447552447275,2026-04-20,1,0.5405503184734887,0.5405503184734887,0.2042494648855912,-0.044181748033542155,3,sideways,510300.SS|2026-03-12,black,0.3137421212481489,0.29355235040746497
510300.SS|2026-03-20,510300.SS,2026-03-20,7.810383747178307,2026-04-21,1,0.5405503184734887,0.5405503184734887,0.2042494648855912,-0.044181748033542155,3,sideways,510300.SS|2026-03-12,black,0.3137421212481489,0.29355235040746497
510300.SS|2026-03-23,510300.SS,2026-03-23,7.412368832328631,2026-04-22,1,0.5405503184734887,0.5405503184734887,0.15678899752156925,0.012691596529635396,3,sideways,510300.SS|2026-03-12,black,0.3137421212481489,0.29355235040746497
510300.SS|2026-03-24,510300.SS,2026-03-24,5.655809859154903,2026-04-23,1,0.5405503184734887,0.5405503184734887,0.15678899752156925,0.012691596529635396,3,sideways,510300.SS|2026-03-12,black,0.3137421212481489,0.29355235040746497
510300.SS|2026-03-25,510300.SS,2026-03-25,6.550802139037426,2026-04-24,1,0.5405503184734887,0.5405503184734887,0.15678899752156925,-0.2099450470421687,3,sideways,510300.SS|2026-03-12,black,0.3137421212481489,0.29355235040746497
510300.SS|2026-03-26,510300.SS,2026-03-26,6.078083407275936,2026-04-27,1,0.5405503184734887,0.5405503184734887,0.15678899752156925,0.02942622027068774,3,sideways,510300.SS|2026-03-12,black,0.3137421212481489,0.29355235040746497
510300.SS|2026-03-27,510300.SS,2026-03-27,6.000000000000005,2026-04-28,1,0.5405503184734887,0.5405503184734887,0.15678899752156925,-0.2099450470421687,3,sideways,510300.SS|2026-03-12,black,0.3137421212481489,0.29355235040746497
510300.SS|2026-03-30,510300.SS,2026-03-30,8.021510194936132,2026-04-29,1,0.5405503184734887,0.5405503184734887,0.15678899752156925,-0.2099450470421687,3,sideways,510300.SS|2026-03-12,black,0.3137421212481489,0.29355235040746497
510300.SS|2026-03-31,510300.SS,2026-03-31,6.3961182179091525,2026-04-30,1,0.5405503184734887,0.5405503184734887,0.15678899752156925,0.02942622027068774,3,sideways,510300.SS|2026-03-12,black,0.3137421212481489,0.29355235040746497
510300.SS|2026-04-01,510300.SS,2026-04-01,8.888393851637355,2026-05-06,1,0.5405503184734887,0.5405503184734887,0.15678899752156925,-0.2099450470421687,3,sideways,510300.SS|2026-03-12,black,0.3137421212481489,0.29355235040746497
510300.SS|2026-04-02,510300.SS,2026-04-02,10.282891782667258,2026-05-07,1,0.5405503184734887,0.5405503184734887,0.15678899752156925,-0.2099450470421687,3,sideways,510300.SS|2026-03-12,black,0.3137421212481489,0.29355235040746497
510300.SS|2026-04-03,510300.SS,2026-04-03,9.896536212325667,2026-05-08,1,0.5405503184734887,0.5405503184734887,0.15678899752156925,-0.2099450470421687,3,sideways,510300.SS|2026-03-12,black,0.3137421212481489,0.29355235040746497
510300.SS|2026-04-07,510300.SS,2026-04-07,7.909604519774005,2026-05-11,1,0.5405503184734887,0.5405503184734887,0.15678899752156925,-0.2099450470421687,3,sideways,510300.SS|2026-03-12,black,0.3137421212481489,0.29355235040746497
510300.SS|2026-04-08,510300.SS,2026-04-08,8.552055993000863,2026-05-12,1,0.5405503184734887,0.5405503184734887,0.15678899752156925,-0.2099450470421687,3,sideways,510300.SS|2026-03-12,gray,0.3137421212481489,-0.39126589291329
510300.SS|2026-04-09,510300.SS,2026-04-09,8.078414476518736,2026-05-13,1,0.5405503184734887,0.5405503184734887,0.15678899752156925,-0.2099450470421687,3,sideways,510300.SS|2026-03-12,gray,0.3137421212481489,-0.39126589291329
510300.SS|2026-04-10,510300.SS,2026-04-10,6.212381771281161,2026-05-14,1,0.5405503184734887,0.5405503184734887,0.11657678941839358,-0.30033579223013646,3,sideways,510300.SS|2026-03-12,gray,0.3137421212481489,-0.39126589291329
510300.SS|2026-04-13,510300.SS,2026-04-13,3.522920203735147,2026-05-15,1,0.5405503184734887,0.5405503184734887,0.11657678941839358,0.3055024401085088,3,sideways,510300.SS|2026-03-12,gray,0.3137421212481489,-0.39126589291329
510300.SS|2026-04-14,510300.SS,2026-04-14,3.3659991478483198,2026-05-18,1,0.5405503184734887,0.5405503184734887,0.11657678941839358,0.3055024401085088,3,sideways,510300.SS|2026-03-12,green,0.3137421212481489,0.6557637100378796
510300.SS|2026-04-15,510300.SS,2026-04-15,2.5916561314791364,2026-05-19,1,0.5405503184734887,0.5405503184734887,0.11657678941839358,0.3055024401085088,3,sideways,510300.SS|2026-03-12,green,0.3137421212481489,0.6557637100378796
510300.SS|2026-04-16,510300.SS,2026-04-16,2.785397763241182,2026-05-20,1,0.5405503184734887,0.5405503184734887,0.11657678941839358,0.3055024401085088,3,sideways,510300.SS|2026-03-12,green,0.3137421212481489,0.6557637100378796
510300.SS|2026-04-17,510300.SS,2026-04-17,0.9024134312696885,2026-05-21,1,0.5405503184734887,0.5405503184734887,0.11657678941839358,0.3055024401085088,3,sideways,510300.SS|2026-03-12,green,0.3137421212481489,0.6557637100378796
510300.SS|2026-04-20,510300.SS,2026-04-20,1.8006700167504164,2026-05-22,1,0.5405503184734887,0.5405503184734887,0.11657678941839358,0.3055024401085088,3,sideways,510300.SS|2026-03-12,green,0.3137421212481489,0.6557637100378796
510300.SS|2026-04-21,510300.SS,2026-04-21,2.6189981292870534,2026-05-25,1,0.5405503184734887,0.5405503184734887,0.15678899752156925,0.39589318529647655,3,sideways,510300.SS|2026-03-12,green,0.3137421212481489,0.6557637100378796
510300.SS|2026-04-22,510300.SS,2026-04-22,3.5617579670902177,2026-05-26,1,0.5405503184734887,0.5405503184734887,0.15678899752156925,0.39589318529647655,3,sideways,510300.SS|2026-03-12,green,0.3137421212481489,0.6557637100378796
510300.SS|2026-04-23,510300.SS,2026-04-23,3.1367628607277487,2026-05-27,1,0.5405503184734887,0.5405503184734887,0.15678899752156925,0.39589318529647655,3,sideways,510300.SS|2026-03-12,green,0.3137421212481489,0.6557637100378796
510300.SS|2026-04-24,510300.SS,2026-04-24,3.1367628607277487,2026-05-28,1,0.5405503184734887,0.5405503184734887,0.15678899752156925,0.39589318529647655,3,sideways,510300.SS|2026-03-12,green,0.3137421212481489,0.6557637100378796
510300.SS|2026-04-27,510300.SS,2026-04-27,3.207547169811331,2026-05-29,1,0.5405503184734887,0.5405503184734887,0.15678899752156925,0.39589318529647655,3,sideways,510300.SS|2026-03-12,green,0.3137421212481489,0.6557637100378796
510300.SS|2026-04-28,510300.SS,2026-04-28,0.9749014727234995,2026-06-01,1,0.5405503184734887,0.5405503184734887,0.15678899752156925,0.39589318529647655,3,sideways,510300.SS|2026-03-12,green,0.3137421212481489,0.6557637100378796
510300.SS|2026-04-29,510300.SS,2026-04-29,2.3217247097844007,2026-06-02,1,0.5405503184734887,0.5405503184734887,0.15678899752156925,0.39589318529647655,3,sideways,510300.SS|2026-03-12,green,0.3137421212481489,0.6557637100378796
510300.SS|2026-04-30,510300.SS,2026-04-30,1.5752864157119406,2026-06-03,1,0.5405503184734887,0.5405503184734887,0.15678899752156925,0.39589318529647655,3,sideways,510300.SS|2026-03-12,green,0.3137421212481489,0.6557637100378796
510300.SS|2026-05-06,510300.SS,2026-05-06,0.2850162866449679,2026-06-04,1,0.5405503184734887,0.5405503184734887,0.2042494648855912,0.5616564843051033,3,sideways,510300.SS|2026-03-12,green,0.3137421212481489,0.6557637100378796
510300.SS|2026-05-07,510300.SS,2026-05-07,-0.8800654932460072,2026-06-05,1,0.5405503184734887,0.5405503184734887,0.2042494648855912,0.5616564843051033,3,sideways,510300.SS|2026-03-12,green,0.3137421212481489,0.6557637100378796
510300.SS|2026-05-08,510300.SS,2026-05-08,-4.571083366894868,2026-06-08,1,0.5405503184734887,0.5405503184734887,0.7927171331323243,0.5616564843051033,3,sideways,510300.SS|2026-03-12,green,0.3137421212481489,0.6557637100378796
510300.SS|2026-05-11,510300.SS,2026-05-11,-2.760427160991308,2026-06-09,1,0.5405503184734887,0.5405503184734887,1.3129329954175775,0.8476276712639013,3,sideways,510300.SS|2026-03-12,green,0.3137421212481489,0.6557637100378796
510300.SS|2026-05-12,510300.SS,2026-05-12,-4.644209687063949,2026-06-10,1,0.5405503184734887,0.5405503184734887,1.3129329954175775,0.8476276712639013,3,sideways,510300.SS|2026-03-12,green,0.3137421212481489,0.6557637100378796
510300.SS|2026-05-13,510300.SS,2026-05-13,-3.84537543007486,2026-06-11,1,0.5405503184734887,0.5405503184734887,1.3129329954175775,0.9317928281064941,3,sideways,510300.SS|2026-03-12,green,0.3137421212481489,0.6557637100378796
510300.SS|2026-05-14,510300.SS,2026-05-14,-1.2300123001229846,2026-06-12,1,0.5405503184734887,0.5405503184734887,0.7927171331323243,1.8025563895801135,3,sideways,510300.SS|2026-03-12,green,0.3137421212481489,0.6557637100378796
510300.SS|2026-05-15,510300.SS,2026-05-15,1.3808738664468745,2026-06-15,1,0.5405503184734887,0.5405503184734887,0.7927171331323243,1.8025563895801135,3,sideways,510300.SS|2026-03-12,green,0.3137421212481489,0.6557637100378796
510300.SS|2026-05-18,510300.SS,2026-05-18,0.8420620250565225,2026-06-16,1,0.5405503184734887,0.5405503184734887,0.7927171331323243,1.8025563895801135,3,sideways,510300.SS|2026-03-12,green,0.3137421212481489,0.6557637100378796
510300.SS|2026-05-19,510300.SS,2026-05-19,1.7860808868815914,2026-06-17,1,0.5405503184734887,0.5405503184734887,0.7927171331323243,1.8025563895801135,3,sideways,510300.SS|2026-03-12,green,0.3137421212481489,0.6557637100378796
510300.SS|2026-05-20,510300.SS,2026-05-20,3.6605657237937184,2026-06-18,1,0.5405503184734887,0.5405503184734887,0.7927171331323243,1.8025563895801135,3,sideways,510300.SS|2026-03-12,green,0.3137421212481489,0.6557637100378796
510300.SS|2026-05-21,510300.SS,2026-05-21,4.709995886466523,2026-06-22,1,0.5405503184734887,0.5405503184734887,0.2042494648855912,0.5616564843051033,3,sideways,510300.SS|2026-03-12,gray,0.3137421212481489,-0.39126589291329
510300.SS|2026-05-22,510300.SS,2026-05-22,0.10127607859027332,2026-06-23,1,0.5405503184734887,0.5405503184734887,0.2042494648855912,0.5616564843051033,3,sideways,510300.SS|2026-03-12,green,0.3137421212481489,0.6557637100378796
510300.SS|2026-05-25,510300.SS,2026-05-25,-0.10056315366044899,2026-06-24,1,0.5405503184734887,0.5405503184734887,0.2042494648855912,0.5616564843051033,3,sideways,510300.SS|2026-03-12,green,0.3137421212481489,0.6557637100378796
510300.SS|2026-05-26,510300.SS,2026-05-26,2.351987023519908,2026-06-25,1,0.5405503184734887,0.5405503184734887,0.2042494648855912,0.5616564843051033,3,sideways,510300.SS|2026-03-12,green,0.3137421212481489,0.6557637100378796
510300.SS|2026-05-27,510300.SS,2026-05-27,-0.5068937550688934,2026-06-26,1,0.5405503184734887,0.5405503184734887,0.2042494648855912,0.5616564843051033,3,sideways,510300.SS|2026-03-12,green,0.3137421212481489,0.6557637100378796
510300.SS|2026-05-28,510300.SS,2026-05-28,0.7312614259598282,2026-06-29,1,0.5405503184734887,0.5405503184734887,0.2042494648855912,0.5616564843051033,3,sideways,510300.SS|2026-03-12,green,0.3137421212481489,0.6557637100378796
510300.SS|2026-05-29,510300.SS,2026-05-29,3.10188989318001,2026-06-30,1,0.5405503184734887,0.5405503184734887,0.2042494648855912,0.5616564843051033,3,sideways,510300.SS|2026-03-12,green,0.3137421212481489,0.6557637100378796
510500.SS|2026-01-05,510500.SS,2026-01-05,5.872763234935463,2026-02-03,1,0.5405503184734887,0.5405503184734887,0.15678899752156925,-0.2099450470421687,2,up,510500.SS|2025-08-08,green,0.4676029320292655,0.4773087572773083
510500.SS|2026-01-06,510500.SS,2026-01-06,5.64689483111247,2026-02-04,1,0.5405503184734887,0.5405503184734887,0.15678899752156925,-0.2099450470421687,2,up,510500.SS|2025-08-08,green,0.4676029320292655,0.4773087572773083
510500.SS|2026-01-07,510500.SS,2026-01-07,3.1707003762672104,2026-02-05,1,0.5405503184734887,0.5405503184734887,0.15678899752156925,-0.2099450470421687,2,up,510500.SS|2025-08-08,green,0.4676029320292655,0.4773087572773083
510500.SS|2026-01-08,510500.SS,2026-01-08,0.7106511765220258,2026-02-06,1,0.5405503184734887,0.5405503184734887,0.15678899752156925,-0.2099450470421687,2,up,510500.SS|2025-08-08,green,0.4676029320292655,0.4773087572773083
510500.SS|2026-01-09,510500.SS,2026-01-09,0.49604845788728813,2026-02-09,1,0.5405503184734887,0.5405503184734887,0.15678899752156925,-0.2099450470421687,2,up,510500.SS|2025-08-08,green,0.4676029320292655,0.4773087572773083
510500.SS|2026-01-12,510500.SS,2026-01-12,1.6086311020581556,2026-02-10,1,0.5405503184734887,0.5405503184734887,0.6814437935178485,0.39589318529647655,2,up,510500.SS|2025-08-08,green,0.4676029320292655,0.4773087572773083
510500.SS|2026-01-13,510500.SS,2026-01-13,1.3014587965370028,2026-02-11,1,0.5405503184734887,0.5405503184734887,0.15678899752156925,0.39589318529647655,2,up,510500.SS|2025-08-08,green,0.4676029320292655,0.4773087572773083
510500.SS|2026-01-14,510500.SS,2026-01-14,2.8616967225397083,2026-02-12,1,0.5405503184734887,0.5405503184734887,0.15678899752156925,0.39589318529647655,2,up,510500.SS|2025-08-08,green,0.4676029320292655,0.4773087572773083
510500.SS|2026-01-15,510500.SS,2026-01-15,0.9403254972875308,2026-02-13,1,0.5405503184734887,0.5405503184734887,1.2699114617645817,1.6367930905714871,2,up,510500.SS|2025-08-08,green,0.4676029320292655,0.4773087572773083
510500.SS|2026-01-16,510500.SS,2026-01-16,1.4494489698131385,2026-02-24,1,0.5405503184734887,0.5405503184734887,0.7452566657683023,1.6367930905714871,2,up,510500.SS|2025-08-08,green,0.4676029320292655,0.4773087572773083
510500.SS|2026-01-19,510500.SS,2026-01-19,3.3397405093704924,2026-02-25,1,0.5405503184734887,0.5405503184734887,0.7452566657683023,1.6367930905714871,2,up,510500.SS|2025-08-08,green,0.4676029320292655,0.4773087572773083
510500.SS|2026-01-20,510500.SS,2026-01-20,2.3481973434535286,2026-02-26,1,0.5405503184734887,0.5405503184734887,0.7452566657683023,1.6367930905714871,2,up,510500.SS|2025-08-08,green,0.4676029320292655,0.4773087572773083
510500.SS|2026-01-21,510500.SS,2026-01-21,3.1644822293068975,2026-02-27,1,0.5405503184734887,0.5405503184734887,0.7452566657683023,1.6367930905714871,2,up,510500.SS|2025-08-08,green,0.4676029320292655,0.4773087572773083
510500.SS|2026-01-22,510500.SS,2026-01-22,0.16056887257711594,2026-03-02,1,0.5405503184734887,0.5405503184734887,0.7452566657683023,1.6367930905714871,2,up,510500.SS|2025-08-08,green,0.4676029320292655,0.4773087572773083
510500.SS|2026-01-23,510500.SS,2026-01-23,-2.2069126576366394,2026-03-03,1,0.5405503184734887,0.5405503184734887,1.2699114617645817,1.6367930905714871,2,up,510500.SS|2025-08-08,green,0.4676029320292655,0.4773087572773083
510500.SS|2026-01-26,510500.SS,2026-01-26,-3.5038867618053304,2026-03-04,1,0.5405503184734887,0.5405503184734887,0.7452566657683023,1.6367930905714871,2,up,510500.SS|2025-08-08,green,0.4676029320292655,0.4773087572773083
510500.SS|2026-01-27,510500.SS,2026-01-27,-3.681969853871836,2026-03-05,1,0.5405503184734887,0.5405503184734887,0.7452566657683023,1.6367930905714871,2,up,510500.SS|2025-08-08,green,0.4676029320292655,0.4773087572773083
510500.SS|2026-01-28,510500.SS,2026-01-28,-1.9788150389943082,2026-03-06,1,0.5405503184734887,0.5405503184734887,0.7452566657683023,1.6367930905714871,2,up,510500.SS|2025-08-08,green,0.4676029320292655,0.4773087572773083
510500.SS|2026-01-29,510500.SS,2026-01-29,-0.9952606635071248,2026-03-09,1,0.5405503184734887,0.5405503184734887,0.7452566657683023,1.6367930905714871,2,up,510500.SS|2025-08-08,green,0.4676029320292655,0.4773087572773083
510500.SS|2026-01-30,510500.SS,2026-01-30,5.367126351099505,2026-03-10,1,0.5405503184734887,0.5405503184734887,0.7050444576651266,1.5464023453835194,2,up,510500.SS|2025-08-08,green,0.4676029320292655,0.4773087572773083
510500.SS|2026-02-02,510500.SS,2026-02-02,1.2192206550322604,2026-03-11,1,0.5405503184734887,0.5405503184734887,-0.4836264474426035,0.9741771901588054,2,up,510500.SS|2025-08-08,gray,0.4676029320292655,-0.32295391246770866
510500.SS|2026-02-03,510500.SS,2026-02-03,0.4530281354315546,2026-03-12,1,0.5405503184734887,0.5405503184734887,-0.4836264474426035,0.05374743070064658,2,up,510500.SS|2025-08-08,green,0.4676029320292655,0.4773087572773083
510500.SS|2026-02-04,510500.SS,2026-02-04,1.143969818668622,2026-03-13,1,0.5405503184734887,0.5405503184734887,-0.4836264474426035,0.05374743070064658,2,up,510500.SS|2025-08-08,green,0.4676029320292655,0.4773087572773083
510500.SS|2026-02-05,510500.SS,2026-02-05,0.5600876658955256,2026-03-16,1,0.5405503184734887,0.5405503184734887,-0.4836264474426035,-0.7134922058584541,2,up,510500.SS|2025-08-08,gray,0.4676029320292655,-0.32295391246770866
510500.SS|2026-02-06,510500.SS,2026-02-06,-3.7760571768910234,2026-03-17,1,0.5405503184734887,0.5405503184734887,-0.4836264474426035,-0.7134922058584541,2,up,510500.SS|2025-08-08,gray,0.4676029320292655,-0.32295391246770866
510500.SS|2026-02-09,510500.SS,2026-02-09,-2.6381759579802044,2026-03-18,1,0.5405503184734887,0.5405503184734887,-0.4836264474426035,-0.7134922058584541,2,up,510500.SS|2025-08-08,green,0.4676029320292655,0.4773087572773083
510500.SS|2026-02-10,510500.SS,2026-02-10,-5.540363809297377,2026-03-19,1,0.5405503184734887,0.5405503184734887,-0.4836264474426035,-0.9364325679397059,2,up,510500.SS|2025-08-08,green,0.4676029320292655,0.4773087572773083
510500.SS|2026-02-11,510500.SS,2026-02-11,-8.245243128964086,2026-03-20,1,0.5405503184734887,0.5405503184734887,-0.4836264474426035,-0.9364325679397059,2,up,510500.SS|2025-08-08,green,0.4676029320292655,0.4773087572773083
510500.SS|2026-02-12,510500.SS,2026-02-12,-10.283052669294202,2026-03-23,1,0.5405503184734887,0.5405503184734887,-0.4836264474426035,-0.9364325679397059,2,up,510500.SS|2025-08-08,green,0.4676029320292655,0.4773087572773083
510500.SS|2026-02-13,510500.SS,2026-02-13,-9.646947691581087,2026-03-24,1,0.5405503184734887,0.5405503184734887,-0.4836264474426035,-0.9364325679397059,2,up,510500.SS|2025-08-08,green,0.4676029320292655,0.4773087572773083
510500.SS|2026-02-24,510500.SS,2026-02-24,-9.02115787026274,2026-03-25,1,0.5405503184734887,0.5405503184734887,-0.4836264474426035,-0.9364325679397059,2,up,510500.SS|2025-08-08,green,0.4676029320292655,0.4773087572773083
510500.SS|2026-02-25,510500.SS,2026-02-25,-10.776361529548117,2026-03-26,1,0.5405503184734887,0.5405503184734887,-0.4836264474426035,-0.9364325679397059,2,up,510500.SS|2025-08-08,green,0.4676029320292655,0.4773087572773083
510500.SS|2026-02-26,510500.SS,2026-02-26,-10.6901682499714,2026-03-27,1,0.5405503184734887,0.5405503184734887,-0.4836264474426035,-0.9364325679397059,2,up,510500.SS|2025-08-08,green,0.4676029320292655,0.4773087572773083
510500.SS|2026-02-27,510500.SS,2026-02-27,-10.477499141188606,2026-03-30,1,0.5405503184734887,0.5405503184734887,-0.4836264474426035,-0.9364325679397059,2,up,510500.SS|2025-08-08,green,0.4676029320292655,0.4773087572773083
510500.SS|2026-03-02,510500.SS,2026-03-02,-8.26268656716419,2026-03-31,1,0.5405503184734887,0.5405503184734887,-0.4836264474426035,-0.9364325679397059,2,up,510500.SS|2025-08-08,green,0.4676029320292655,0.4773087572773083
510500.SS|2026-03-03,510500.SS,2026-03-03,-6.107971624383801,2026-04-01,1,0.5405503184734887,0.5405503184734887,-0.4836264474426035,-0.9364325679397059,2,up,510500.SS|2025-08-08,black,0.4676029320292655,0.740319472761882
510500.SS|2026-03-04,510500.SS,2026-03-04,-8.350256839087333,2026-04-02,1,0.5405503184734887,0.5405503184734887,-0.4836264474426035,-0.9364325679397059,2,up,510500.SS|2025-08-08,black,0.4676029320292655,0.740319472761882
510500.SS|2026-03-05,510500.SS,2026-03-05,-9.713810711316961,2026-04-03,1,0.5405503184734887,0.5405503184734887,-0.4836264474426035,-0.9364325679397059,2,up,510500.SS|2025-08-08,black,0.4676029320292655,0.740319472761882
510500.SS|2026-03-06,510500.SS,2026-03-06,-8.700335088559141,2026-04-07,1,0.5405503184734887,0.5405503184734887,-0.4836264474426035,-0.9364325679397059,2,up,510500.SS|2025-08-08,black,0.4676029320292655,0.740319472761882
510500.SS|2026-03-09,510500.SS,2026-03-09,-5.364933380497606,2026-04-08,1,0.5405503184734887,0.5405503184734887,-0.4836264474426035,-0.9364325679397059,2,up,510500.SS|2025-08-08,black,0.4676029320292655,0.740319472761882
510500.SS|2026-03-10,510500.SS,2026-03-10,-5.951818611242365,2026-04-09,1,0.5405503184734887,0.5405503184734887,0.11657678941839358,-0.5232761543113883,2,up,510500.SS|2025-08-08,green,0.4676029320292655,0.4773087572773083
510500.SS|2026-03-11,510500.SS,2026-03-11,-4.640398765725173,2026-04-10,1,0.5405503184734887,0.5405503184734887,0.11657678941839358,-0.5232761543113883,2,up,510500.SS|2025-08-08,green,0.4676029320292655,0.4773087572773083
510500.SS|2026-03-12,510500.SS,2026-03-12,-3.405125736975123,2026-04-13,1,0.5405503184734887,0.5405503184734887,0.11657678941839358,-0.5232761543113883,2,up,510500.SS|2025-08-08,gray,0.4676029320292655,-0.32295391246770866
510500.SS|2026-03-13,510500.SS,2026-03-13,-1.2108003390241318,2026-04-14,1,0.5405503184734887,0.5405503184734887,0.11657678941839358,-0.5232761543113883,2,up,510500.SS|2025-08-08,gray,0.4676029320292655,-0.32295391246770866
510500.SS|2026-03-16,510500.SS,2026-03-16,0.4085169596434346,2026-04-15,1,0.5405503184734887,0.5405503184734887,0.11657678941839358,-0.5232761543113883,2,up,510500.SS|2025-08-08,gray,0.4676029320292655,-0.32295391246770866
510500.SS|2026-03-17,510500.SS,2026-03-17,1.1893084845512103,2026-04-16,1,0.5405503184734887,0.5405503184734887,0.11657678941839358,0.9010839206869189,2,up,510500.SS|2025-08-08,black,0.4676029320292655,0.740319472761882
510500.SS|2026-03-18,510500.SS,2026-03-18,4.342353681560707,2026-04-17,1,0.5405503184734887,0.5405503184734887,0.11657678941839358,-0.30033579223013646,2,up,510500.SS|2025-08-08,black,0.4676029320292655,0.740319472761882
510500.SS|2026-03-19,510500.SS,2026-03-19,6.950844854070626,2026-04-20,1,0.5405503184734887,0.5405503184734887,0.2822146830134502,0.9010839206869189,2,up,510500.SS|2025-08-08,black,0.4676029320292655,0.740319472761882
510500.SS|2026-03-20,510500.SS,2026-03-20,10.9025559105431,2026-04-21,1,0.5405503184734887,0.5405503184734887,0.15927839882776954,0.9010839206869189,2,up,510500.SS|2025-08-08,black,0.4676029320292655,0.740319472761882
510500.SS|2026-03-23,510500.SS,2026-03-23,10.493988499738593,2026-04-22,1,0.5405503184734887,0.5405503184734887,0.013417672090193112,0.9010839206869189,2,up,510500.SS|2025-08-08,black,0.4676029320292655,0.740319472761882
510500.SS|2026-03-24,510500.SS,2026-03-24,7.015077945310466,2026-04-23,1,0.5405503184734887,0.5405503184734887,0.15927839882776954,0.9010839206869189,2,up,510500.SS|2025-08-08,black,0.4676029320292655,0.740319472761882
510500.SS|2026-03-25,510500.SS,2026-03-25,8.09090909090906,2026-04-24,1,0.5405503184734887,0.5405503184734887,-0.3766126085176827,0.5489791832741794,2,up,510500.SS|2025-08-08,black,0.4676029320292655,0.740319472761882
510500.SS|2026-03-26,510500.SS,2026-03-26,7.240804818659452,2026-04-27,1,0.5405503184734887,0.5405503184734887,0.21438094864971213,0.5489791832741794,2,up,510500.SS|2025-08-08,black,0.4676029320292655,0.740319472761882
510500.SS|2026-03-27,510500.SS,2026-03-27,5.819902788436893,2026-04-28,1,0.5405503184734887,0.5405503184734887,0.21438094864971213,0.5489791832741794,2,up,510500.SS|2025-08-08,black,0.4676029320292655,0.740319472761882
510500.SS|2026-03-30,510500.SS,2026-03-30,9.618638552648662,2026-04-29,1,0.5405503184734887,0.5405503184734887,0.21438094864971213,0.40090961081152693,2,up,510500.SS|2025-08-08,black,0.4676029320292655,0.740319472761882
510500.SS|2026-03-31,510500.SS,2026-03-31,7.952362658470968,2026-04-30,1,0.5405503184734887,0.5405503184734887,0.15927839882776954,0.9010839206869189,2,up,510500.SS|2025-08-08,black,0.4676029320292655,0.740319472761882
510500.SS|2026-04-01,510500.SS,2026-04-01,12.85192909280497,2026-05-06,1,0.5405503184734887,0.5405503184734887,0.2822146830134502,-0.30033579223013646,2,up,510500.SS|2025-08-08,black,0.4676029320292655,0.740319472761882
510500.SS|2026-04-02,510500.SS,2026-04-02,15.362356964356149,2026-05-07,1,0.5405503184734887,0.5405503184734887,0.15927839882776954,0.9010839206869189,2,up,510500.SS|2025-08-08,black,0.4676029320292655,0.740319472761882
510500.SS|2026-04-03,510500.SS,2026-04-03,14.942980731419574,2026-05-08,1,0.5405503184734887,0.5405503184734887,0.15927839882776954,0.9010839206869189,2,up,510500.SS|2025-08-08,black,0.4676029320292655,0.740319472761882
510500.SS|2026-04-07,510500.SS,2026-04-07,11.039122850735117,2026-05-11,1,0.5405503184734887,0.5405503184734887,0.15927839882776954,1.3129500958137421,2,up,510500.SS|2025-08-08,black,0.4676029320292655,0.740319472761882
510500.SS|2026-04-08,510500.SS,2026-04-08,11.27574083375189,2026-05-12,1,0.5405503184734887,0.5405503184734887,-0.3179885538475469,-0.7134922058584541,2,up,510500.SS|2025-08-08,gray,0.4676029320292655,-0.32295391246770866
510500.SS|2026-04-09,510500.SS,2026-04-09,12.121966397013084,2026-05-13,1,0.5405503184734887,0.5405503184734887,-0.3179885538475469,0.05374743070064658,2,up,510500.SS|2025-08-08,gray,0.4676029320292655,-0.32295391246770866
510500.SS|2026-04-10,510500.SS,2026-04-10,9.267563527653211,2026-05-14,1,0.5405503184734887,0.5405503184734887,-0.4836264474426035,0.05374743070064658,2,up,510500.SS|2025-08-08,gray,0.4676029320292655,-0.32295391246770866
510500.SS|2026-04-13,510500.SS,2026-04-13,5.552150998896921,2026-05-15,1,0.5405503184734887,0.5405503184734887,-0.4836264474426035,0.05374743070064658,2,up,510500.SS|2025-08-08,gray,0.4676029320292655,-0.32295391246770866
510500.SS|2026-04-14,510500.SS,2026-04-14,6.411046726667502,2026-05-18,1,0.5405503184734887,0.5405503184734887,-0.4836264474426035,0.05374743070064658,2,up,510500.SS|2025-08-08,gray,0.4676029320292655,-0.32295391246770866
510500.SS|2026-04-15,510500.SS,2026-04-15,5.452562704471098,2026-05-19,1,0.5405503184734887,0.5405503184734887,-0.4836264474426035,0.05374743070064658,2,up,510500.SS|2025-08-08,green,0.4676029320292655,0.4773087572773083
510500.SS|2026-04-16,510500.SS,2026-04-16,5.524728588661043,2026-05-20,1,0.5405503184734887,0.5405503184734887,-0.4836264474426035,0.05374743070064658,2,up,510500.SS|2025-08-08,green,0.4676029320292655,0.4773087572773083
510500.SS|2026-04-17,510500.SS,2026-04-17,1.7713943746259897,2026-05-21,1,0.5405503184734887,0.5405503184734887,-0.4836264474426035,0.05374743070064658,2,up,510500.SS|2025-08-08,green,0.4676029320292655,0.4773087572773083
510500.SS|2026-04-20,510500.SS,2026-04-20,3.925099027727774,2026-05-22,1,0.5405503184734887,0.5405503184734887,-0.4836264474426035,0.05374743070064658,2,up,510500.SS|2025-08-08,green,0.4676029320292655,0.4773087572773083
510500.SS|2026-04-21,510500.SS,2026-04-21,3.9148432879953177,2026-05-25,1,0.5405503184734887,0.5405503184734887,0.11657678941839358,0.3055024401085088,2,up,510500.SS|2025-08-08,green,0.4676029320292655,0.4773087572773083
510500.SS|2026-04-22,510500.SS,2026-04-22,4.501492537313467,2026-05-26,1,0.5405503184734887,0.5405503184734887,0.11657678941839358,0.3055024401085088,2,up,510500.SS|2025-08-08,green,0.4676029320292655,0.4773087572773083
510500.SS|2026-04-23,510500.SS,2026-04-23,3.496335455965438,2026-05-27,1,0.5405503184734887,0.5405503184734887,0.11657678941839358,0.3055024401085088,2,up,510500.SS|2025-08-08,green,0.4676029320292655,0.4773087572773083
510500.SS|2026-04-24,510500.SS,2026-04-24,3.3580305927342513,2026-05-28,1,0.5405503184734887,0.5405503184734887,0.11657678941839358,0.3055024401085088,2,up,510500.SS|2025-08-08,green,0.4676029320292655,0.4773087572773083
510500.SS|2026-04-27,510500.SS,2026-04-27,2.0548773117370134,2026-05-29,1,0.5405503184734887,0.5405503184734887,0.11657678941839358,0.3055024401085088,2,up,510500.SS|2025-08-08,green,0.4676029320292655,0.4773087572773083
510500.SS|2026-04-28,510500.SS,2026-04-28,-0.6174305390643009,2026-06-01,1,0.5405503184734887,0.5405503184734887,0.11657678941839358,0.3055024401085088,2,up,510500.SS|2025-08-08,green,0.4676029320292655,0.4773087572773083
510500.SS|2026-04-29,510500.SS,2026-04-29,-0.2846975088967474,2026-06-02,1,0.5405503184734887,0.5405503184734887,0.11657678941839358,0.3055024401085088,2,up,510500.SS|2025-08-08,green,0.4676029320292655,0.4773087572773083
510500.SS|2026-04-30,510500.SS,2026-04-30,-2.3446523446523093,2026-06-03,1,0.5405503184734887,0.5405503184734887,0.11657678941839358,0.3055024401085088,2,up,510500.SS|2025-08-08,green,0.4676029320292655,0.4773087572773083
510500.SS|2026-05-06,510500.SS,2026-05-06,-3.682590354577542,2026-06-04,1,0.5405503184734887,0.5405503184734887,0.11657678941839358,0.3055024401085088,2,up,510500.SS|2025-08-08,green,0.4676029320292655,0.4773087572773083
510500.SS|2026-05-07,510500.SS,2026-05-07,-4.903637815030182,2026-06-05,1,0.5405503184734887,0.5405503184734887,0.11657678941839358,0.3055024401085088,2,up,510500.SS|2025-08-08,green,0.4676029320292655,0.4773087572773083
510500.SS|2026-05-08,510500.SS,2026-05-08,-9.470377019748621,2026-06-08,1,0.5405503184734887,0.5405503184734887,0.7050444576651266,0.3055024401085088,2,up,510500.SS|2025-08-08,green,0.4676029320292655,0.4773087572773083
510500.SS|2026-05-11,510500.SS,2026-05-11,-6.680207628074896,2026-06-09,1,0.5405503184734887,0.5405503184734887,0.7452566657683023,0.39589318529647655,2,up,510500.SS|2025-08-08,green,0.4676029320292655,0.4773087572773083
510500.SS|2026-05-12,510500.SS,2026-05-12,-9.301809301809271,2026-06-10,1,0.5405503184734887,0.5405503184734887,0.7452566657683023,0.39589318529647655,2,up,510500.SS|2025-08-08,green,0.4676029320292655,0.4773087572773083
510500.SS|2026-05-13,510500.SS,2026-05-13,-7.284541723666161,2026-06-11,1,0.5405503184734887,0.5405503184734887,0.7452566657683023,0.39589318529647655,2,up,510500.SS|2025-08-08,green,0.4676029320292655,0.4773087572773083
510500.SS|2026-05-14,510500.SS,2026-05-14,-4.296330701346895,2026-06-12,1,0.5405503184734887,0.5405503184734887,0.7452566657683023,0.39589318529647655,2,up,510500.SS|2025-08-08,green,0.4676029320292655,0.4773087572773083
510500.SS|2026-05-15,510500.SS,2026-05-15,-1.0079944386513162,2026-06-15,1,0.5405503184734887,0.5405503184734887,0.7050444576651266,1.5464023453835194,2,up,510500.SS|2025-08-08,green,0.4676029320292655,0.4773087572773083
510500.SS|2026-05-18,510500.SS,2026-05-18,-0.8158106400091292,2026-06-16,1,0.5405503184734887,0.5405503184734887,0.7452566657683023,1.6367930905714871,2,up,510500.SS|2025-08-08,green,0.4676029320292655,0.4773087572773083
510500.SS|2026-05-19,510500.SS,2026-05-19,0.17146776406040676,2026-06-17,1,0.5405503184734887,0.5405503184734887,0.7452566657683023,1.6367930905714871,2,up,510500.SS|2025-08-08,green,0.4676029320292655,0.4773087572773083
510500.SS|2026-05-20,510500.SS,2026-05-20,3.822180406915243,2026-06-18,1,0.5405503184734887,0.5405503184734887,0.7452566657683023,1.6367930905714871,2,up,510500.SS|2025-08-08,green,0.4676029320292655,0.4773087572773083
510500.SS|2026-05-21,510500.SS,2026-05-21,4.030954030954059,2026-06-22,1,0.5405503184734887,0.5405503184734887,0.11657678941839358,0.3055024401085088,2,up,510500.SS|2025-08-08,gray,0.4676029320292655,-0.32295391246770866
510500.SS|2026-05-22,510500.SS,2026-05-22,0.33007056681084723,2026-06-23,1,0.5405503184734887,0.5405503184734887,0.11657678941839358,0.3055024401085088,2,up,510500.SS|2025-08-08,green,0.4676029320292655,0.4773087572773083
510500.SS|2026-05-25,510500.SS,2026-05-25,2.6622486288848446,2026-06-24,1,0.5405503184734887,0.5405503184734887,0.11657678941839358,0.3055024401085088,2,up,510500.SS|2025-08-08,green,0.4676029320292655,0.4773087572773083
510500.SS|2026-05-26,510500.SS,2026-05-26,5.4678430462038685,2026-06-25,1,0.5405503184734887,0.5405503184734887,0.11657678941839358,0.3055024401085088,2,up,510500.SS|2025-08-08,green,0.4676029320292655,0.4773087572773083
510500.SS|2026-05-27,510500.SS,2026-05-27,2.4511504220141145,2026-06-26,1,0.5405503184734887,0.5405503184734887,0.11657678941839358,-0.30033579223013646,2,up,510500.SS|2025-08-08,gray,0.4676029320292655,-0.32295391246770866
510500.SS|2026-05-28,510500.SS,2026-05-28,6.289233684709239,2026-06-29,1,0.5405503184734887,0.5405503184734887,0.11657678941839358,-0.30033579223013646,2,up,510500.SS|2025-08-08,green,0.4676029320292655,0.4773087572773083
510500.SS|2026-05-29,510500.SS,2026-05-29,9.844683393070497,2026-06-30,1,0.5405503184734887,0.5405503184734887,0.11657678941839358,-0.30033579223013646,2,up,510500.SS|2025-08-08,gray,0.4676029320292655,-0.32295391246770866
512170.SS|2026-01-05,512170.SS,2026-01-05,-2.209944751381221,2026-02-03,1,0.5405503184734887,0.5405503184734887,-0.49904755237640347,-0.5803025964947106,4,down,512170.SS|2025-12-24,green,-0.6648728284071596,-1.310853319083251
512170.SS|2026-01-06,512170.SS,2026-01-06,-0.5524861878453025,2026-02-04,1,0.5405503184734887,0.5405503184734887,-0.5541803885434292,-0.5408098922749376,4,down,512170.SS|2025-12-24,green,-0.6648728284071596,-1.310853319083251
512170.SS|2026-01-07,512170.SS,2026-01-07,-1.6393442622950838,2026-02-05,1,0.5405503184734887,0.5405503184734887,-0.5541803885434292,-0.5408098922749376,4,down,512170.SS|2025-12-24,green,-0.6648728284071596,-1.310853319083251
512170.SS|2026-01-08,512170.SS,2026-01-08,-4.533333333333333,2026-02-06,1,0.5405503184734887,0.5405503184734887,-0.5541803885434292,-0.5408098922749376,4,down,512170.SS|2025-12-24,green,-0.6648728284071596,-1.310853319083251
512170.SS|2026-01-09,512170.SS,2026-01-09,-5.774278215223094,2026-02-09,1,0.5405503184734887,0.5405503184734887,-0.5541803885434292,-0.6545955507291022,4,down,512170.SS|2025-12-24,green,-0.6648728284071596,-1.310853319083251
512170.SS|2026-01-12,512170.SS,2026-01-12,-6.459948320413433,2026-02-10,1,0.5405503184734887,0.5405503184734887,-0.5541803885434292,-0.6545955507291022,4,down,512170.SS|2025-12-24,green,-0.6648728284071596,-1.310853319083251
512170.SS|2026-01-13,512170.SS,2026-01-13,-7.692307692307699,2026-02-11,1,0.5405503184734887,0.5405503184734887,-0.5541803885434292,-0.6545955507291022,4,down,512170.SS|2025-12-24,green,-0.6648728284071596,-1.310853319083251
512170.SS|2026-01-14,512170.SS,2026-01-14,-7.012987012987004,2026-02-12,1,0.5405503184734887,0.5405503184734887,-0.5541803885434292,-0.5408098922749376,4,down,512170.SS|2025-12-24,green,-0.6648728284071596,-1.310853319083251
512170.SS|2026-01-15,512170.SS,2026-01-15,-5.8666666666666645,2026-02-13,1,0.5405503184734887,0.5405503184734887,-0.5541803885434292,-0.6545955507291022,4,down,512170.SS|2025-12-24,green,-0.6648728284071596,-1.310853319083251
512170.SS|2026-01-16,512170.SS,2026-01-16,-5.107526881720437,2026-02-24,1,0.5405503184734887,0.5405503184734887,-0.5541803885434292,-0.6545955507291022,4,down,512170.SS|2025-12-24,green,-0.6648728284071596,-1.310853319083251
512170.SS|2026-01-19,512170.SS,2026-01-19,-2.997275204359673,2026-02-25,1,0.5405503184734887,0.5405503184734887,-0.5541803885434292,-0.6545955507291022,4,down,512170.SS|2025-12-24,green,-0.6648728284071596,-1.310853319083251
512170.SS|2026-01-20,512170.SS,2026-01-20,-4.347826086956519,2026-02-26,1,0.5405503184734887,0.5405503184734887,-0.5541803885434292,-0.6545955507291022,4,down,512170.SS|2025-12-24,green,-0.6648728284071596,-1.310853319083251
512170.SS|2026-01-21,512170.SS,2026-01-21,-3.2786885245901565,2026-02-27,1,0.5405503184734887,0.5405503184734887,-0.5541803885434292,-0.6545955507291022,4,down,512170.SS|2025-12-24,green,-0.6648728284071596,-1.310853319083251
512170.SS|2026-01-22,512170.SS,2026-01-22,-6.199460916442057,2026-03-02,1,0.5405503184734887,0.5405503184734887,-0.5541803885434292,-0.6545955507291022,4,down,512170.SS|2025-12-24,gray,-0.6648728284071596,-2.543414248580085
512170.SS|2026-01-23,512170.SS,2026-01-23,-8.13008130081302,2026-03-03,1,0.5405503184734887,0.5405503184734887,-0.5541803885434292,-0.6545955507291022,4,down,512170.SS|2025-12-24,green,-0.6648728284071596,-1.310853319083251
512170.SS|2026-01-26,512170.SS,2026-01-26,-7.9889807162534465,2026-03-04,1,0.5405503184734887,0.5405503184734887,-0.5541803885434292,-0.6545955507291022,4,down,512170.SS|2025-12-24,green,-0.6648728284071596,-1.310853319083251
512170.SS|2026-01-27,512170.SS,2026-01-27,-6.442577030812336,2026-03-05,1,0.5405503184734887,0.5405503184734887,-0.5541803885434292,-0.6545955507291022,4,down,512170.SS|2025-12-24,gray,-0.6648728284071596,-2.543414248580085
512170.SS|2026-01-28,512170.SS,2026-01-28,-5.524861878453036,2026-03-06,1,0.5405503184734887,0.5405503184734887,-1.1543836254044266,-1.0677519643574198,4,down,512170.SS|2025-12-24,gray,-0.6648728284071596,-2.543414248580085
512170.SS|2026-01-29,512170.SS,2026-01-29,-5.33707865168539,2026-03-09,1,0.5405503184734887,0.5405503184734887,-1.1543836254044266,-1.0677519643574198,4,down,512170.SS|2025-12-24,gray,-0.6648728284071596,-2.543414248580085
512170.SS|2026-01-30,512170.SS,2026-01-30,-1.7241379310344862,2026-03-10,1,0.5405503184734887,0.5405503184734887,-1.1543836254044266,-1.0677519643574198,4,down,512170.SS|2025-12-24,gray,-0.6648728284071596,-2.543414248580085
512170.SS|2026-02-02,512170.SS,2026-02-02,-3.1073446327683607,2026-03-11,1,0.5405503184734887,0.5405503184734887,-0.5541803885434292,0.5468241621879533,4,down,512170.SS|2025-12-24,black,-0.6648728284071596,0.24544640205082582
512170.SS|2026-02-03,512170.SS,2026-02-03,-5.555555555555558,2026-03-12,1,0.5405503184734887,0.5405503184734887,-0.5541803885434292,-0.6545955507291022,4,down,512170.SS|2025-12-24,black,-0.6648728284071596,0.24544640205082582
512170.SS|2026-02-04,512170.SS,2026-02-04,-6.1111111111111,2026-03-13,1,0.5405503184734887,0.5405503184734887,-0.5541803885434292,-0.6545955507291022,4,down,512170.SS|2025-12-24,black,-0.6648728284071596,0.24544640205082582
512170.SS|2026-02-05,512170.SS,2026-02-05,-5.307262569832416,2026-03-16,1,0.5405503184734887,0.5405503184734887,-0.5541803885434292,-0.6545955507291022,4,down,512170.SS|2025-12-24,black,-0.6648728284071596,0.24544640205082582
512170.SS|2026-02-06,512170.SS,2026-02-06,-5.571030640668539,2026-03-17,1,0.5405503184734887,0.5405503184734887,-0.5541803885434292,-0.6545955507291022,4,down,512170.SS|2025-12-24,black,-0.6648728284071596,0.24544640205082582
512170.SS|2026-02-09,512170.SS,2026-02-09,-6.62983425414364,2026-03-18,1,0.5405503184734887,0.5405503184734887,-0.24075040202417897,-0.5408098922749376,4,down,512170.SS|2025-12-24,black,-0.6648728284071596,0.24544640205082582
512170.SS|2026-02-10,512170.SS,2026-02-10,-7.777777777777772,2026-03-19,1,0.5405503184734887,0.5405503184734887,-0.2005381939210033,-0.45041914708696984,4,down,512170.SS|2025-12-24,gray,-0.6648728284071596,-2.543414248580085
512170.SS|2026-02-11,512170.SS,2026-02-11,-8.938547486033531,2026-03-20,1,0.5405503184734887,0.5405503184734887,0.10769533194922866,-0.45041914708696984,4,down,512170.SS|2025-12-24,black,-0.6648728284071596,0.24544640205082582
512170.SS|2026-02-12,512170.SS,2026-02-12,-11.614730878186963,2026-03-23,1,0.5405503184734887,0.5405503184734887,0.10769533194922866,-0.45041914708696984,4,down,512170.SS|2025-12-24,black,-0.6648728284071596,0.24544640205082582
512170.SS|2026-02-13,512170.SS,2026-02-13,-9.631728045325783,2026-03-24,1,0.5405503184734887,0.5405503184734887,-0.2005381939210033,-0.45041914708696984,4,down,512170.SS|2025-12-24,black,-0.6648728284071596,0.24544640205082582
512170.SS|2026-02-24,512170.SS,2026-02-24,-8.98876404494382,2026-03-25,1,0.5405503184734887,0.5405503184734887,-0.5139681804402535,-0.45041914708696984,4,down,512170.SS|2025-12-24,black,-0.6648728284071596,0.24544640205082582
512170.SS|2026-02-25,512170.SS,2026-02-25,-9.37500000000001,2026-03-26,1,0.5405503184734887,0.5405503184734887,-0.5139681804402535,-0.45041914708696984,4,down,512170.SS|2025-12-24,black,-0.6648728284071596,0.24544640205082582
512170.SS|2026-02-26,512170.SS,2026-02-26,-7.6271186440677985,2026-03-27,1,0.5405503184734887,0.5405503184734887,-0.5139681804402535,-0.45041914708696984,4,down,512170.SS|2025-12-24,black,-0.6648728284071596,0.24544640205082582
512170.SS|2026-02-27,512170.SS,2026-02-27,-5.1724137931034475,2026-03-30,1,0.5405503184734887,0.5405503184734887,-0.5139681804402535,-0.45041914708696984,4,down,512170.SS|2025-12-24,black,-0.6648728284071596,0.24544640205082582
512170.SS|2026-03-02,512170.SS,2026-03-02,-2.654867256637161,2026-03-31,1,0.5405503184734887,0.5405503184734887,-0.2005381939210033,0.6639826695830113,4,down,512170.SS|2025-12-24,black,-0.6648728284071596,0.24544640205082582
512170.SS|2026-03-03,512170.SS,2026-03-03,2.095808383233533,2026-04-01,1,0.5405503184734887,0.5405503184734887,-0.2974494880139031,1.2443868997273495,4,down,512170.SS|2025-12-24,black,-0.6648728284071596,0.24544640205082582
512170.SS|2026-03-04,512170.SS,2026-03-04,1.4970059880239583,2026-04-02,1,0.5405503184734887,0.5405503184734887,-0.2974494880139031,0.5055451866649666,4,down,512170.SS|2025-12-24,black,-0.6648728284071596,0.24544640205082582
512170.SS|2026-03-05,512170.SS,2026-03-05,-3.508771929824561,2026-04-03,1,0.5405503184734887,0.5405503184734887,-0.6056830138841351,0.5055451866649666,4,down,512170.SS|2025-12-24,black,-0.6648728284071596,0.24544640205082582
512170.SS|2026-03-06,512170.SS,2026-03-06,-1.4836795252225476,2026-04-07,1,0.5405503184734887,0.5405503184734887,-0.6458952219873109,-0.7862652714400563,4,down,512170.SS|2025-12-24,black,-0.6648728284071596,0.24544640205082582
512170.SS|2026-03-09,512170.SS,2026-03-09,-0.8771929824561431,2026-04-08,1,0.5405503184734887,0.5405503184734887,-0.6056830138841351,0.3756327547451624,4,down,512170.SS|2025-12-24,black,-0.6648728284071596,0.24544640205082582
512170.SS|2026-03-10,512170.SS,2026-03-10,-2.0408163265306145,2026-04-09,1,0.5405503184734887,0.5405503184734887,-0.9191130004033854,-0.6318149009600709,4,down,512170.SS|2025-12-24,black,-0.6648728284071596,0.24544640205082582
512170.SS|2026-03-11,512170.SS,2026-03-11,-0.2941176470588225,2026-04-10,1,0.5405503184734887,0.5405503184734887,-0.9191130004033854,-0.6318149009600709,4,down,512170.SS|2025-12-24,black,-0.6648728284071596,0.24544640205082582
512170.SS|2026-03-12,512170.SS,2026-03-12,-0.887573964497046,2026-04-13,1,0.5405503184734887,0.5405503184734887,-0.6056830138841351,-0.6318149009600709,4,down,512170.SS|2025-12-24,black,-0.6648728284071596,0.24544640205082582
512170.SS|2026-03-13,512170.SS,2026-03-13,-0.5899705014749124,2026-04-14,1,0.5405503184734887,0.5405503184734887,-0.6056830138841351,-0.6318149009600709,4,down,512170.SS|2025-12-24,black,-0.6648728284071596,0.24544640205082582
512170.SS|2026-03-16,512170.SS,2026-03-16,-0.5899705014749124,2026-04-15,1,0.5405503184734887,0.5405503184734887,-0.6056830138841351,-0.6318149009600709,4,down,512170.SS|2025-12-24,black,-0.6648728284071596,0.24544640205082582
512170.SS|2026-03-17,512170.SS,2026-03-17,-0.295857988165682,2026-04-16,1,0.5405503184734887,0.5405503184734887,-0.6056830138841351,-0.6318149009600709,4,down,512170.SS|2025-12-24,black,-0.6648728284071596,0.24544640205082582
512170.SS|2026-03-18,512170.SS,2026-03-18,-0.3012048192771122,2026-04-17,1,0.5405503184734887,0.5405503184734887,-0.6056830138841351,-0.6318149009600709,4,down,512170.SS|2025-12-24,black,-0.6648728284071596,0.24544640205082582
512170.SS|2026-03-19,512170.SS,2026-03-19,2.4539877300613577,2026-04-20,1,0.5405503184734887,0.5405503184734887,-0.2974494880139031,0.3756327547451624,4,down,512170.SS|2025-12-24,black,-0.6648728284071596,0.24544640205082582
512170.SS|2026-03-20,512170.SS,2026-03-20,6.41025641025641,2026-04-21,1,0.5405503184734887,0.5405503184734887,-0.2974494880139031,1.1144744678075449,4,down,512170.SS|2025-12-24,black,-0.6648728284071596,0.24544640205082582
512170.SS|2026-03-23,512170.SS,2026-03-23,5.329153605015691,2026-04-22,1,0.5405503184734887,0.5405503184734887,1.8997334103535237,2.381972833833894,4,down,512170.SS|2025-12-24,black,-0.6648728284071596,0.24544640205082582
512170.SS|2026-03-24,512170.SS,2026-03-24,3.3950617283950546,2026-04-23,1,0.5405503184734887,0.5405503184734887,1.8570921939062088,2.134847494355351,4,down,512170.SS|2025-12-24,black,-0.6648728284071596,0.24544640205082582
512170.SS|2026-03-25,512170.SS,2026-03-25,5.0156739811912265,2026-04-24,1,0.5405503184734887,0.5405503184734887,1.8570921939062088,2.134847494355351,4,down,512170.SS|2025-12-24,black,-0.6648728284071596,0.24544640205082582
512170.SS|2026-03-26,512170.SS,2026-03-26,1.5290519877676045,2026-04-27,1,0.5405503184734887,0.5405503184734887,2.0455941370911006,2.381972833833894,4,down,512170.SS|2025-12-24,black,-0.6648728284071596,0.24544640205082582
512170.SS|2026-03-27,512170.SS,2026-03-27,3.0303030303030276,2026-04-28,1,0.5405503184734887,0.5405503184734887,-0.873552703462531,-1.0877463140100656,4,down,512170.SS|2025-12-24,black,-0.6648728284071596,0.24544640205082582
512170.SS|2026-03-30,512170.SS,2026-03-30,2.4242424242424176,2026-04-29,1,0.5405503184734887,0.5405503184734887,-1.5595284453675582,-1.0877463140100656,4,down,512170.SS|2025-12-24,black,-0.6648728284071596,0.24544640205082582
512170.SS|2026-03-31,512170.SS,2026-03-31,-1.4662756598240456,2026-04-30,1,0.5405503184734887,0.5405503184734887,-0.9593252085065611,-0.8359913046022033,3,sideways,512170.SS|2026-03-31,black,-0.6648728284071596,0.24544640205082582
512170.SS|2026-04-01,512170.SS,2026-04-01,-1.179941002949847,2026-05-06,1,0.5405503184734887,0.5405503184734887,-1.5595284453675582,-1.0877463140100656,3,sideways,512170.SS|2026-03-31,green,-0.6648728284071596,-1.310853319083251
512170.SS|2026-04-02,512170.SS,2026-04-02,2.4242424242424176,2026-05-07,1,0.5405503184734887,0.5405503184734887,-1.1543836254044266,-0.8422909348449464,3,sideways,512170.SS|2026-03-31,green,-0.6648728284071596,-1.310853319083251
512170.SS|2026-04-03,512170.SS,2026-04-03,1.5060240963855387,2026-05-08,1,0.5405503184734887,0.5405503184734887,-1.1543836254044266,-0.8422909348449464,3,sideways,512170.SS|2026-03-31,black,-0.6648728284071596,0.24544640205082582
512170.SS|2026-04-07,512170.SS,2026-04-07,0.2949852507374562,2026-05-11,1,0.5405503184734887,0.5405503184734887,-1.1543836254044266,-0.8422909348449464,3,sideways,512170.SS|2026-03-31,black,-0.6648728284071596,0.24544640205082582
512170.SS|2026-04-08,512170.SS,2026-04-08,0.29761904761904656,2026-05-12,1,0.5405503184734887,0.5405503184734887,-1.1543836254044266,-1.0677519643574198,3,sideways,512170.SS|2026-03-31,gray,-0.6648728284071596,-2.543414248580085
512170.SS|2026-04-09,512170.SS,2026-04-09,-0.8849557522123797,2026-05-13,1,0.5405503184734887,0.5405503184734887,-1.1543836254044266,-1.0677519643574198,3,sideways,512170.SS|2026-03-31,gray,-0.6648728284071596,-2.543414248580085
512170.SS|2026-04-10,512170.SS,2026-04-10,-1.7910447761193993,2026-05-14,1,0.5405503184734887,0.5405503184734887,-1.1543836254044266,-1.0677519643574198,3,sideways,512170.SS|2026-03-31,gray,-0.6648728284071596,-2.543414248580085
512170.SS|2026-04-13,512170.SS,2026-04-13,-2.9673590504451064,2026-05-15,1,0.5405503184734887,0.5405503184734887,-1.0992507892374008,-1.1072446685771928,3,sideways,512170.SS|2026-03-31,gray,-0.6648728284071596,-2.543414248580085
512170.SS|2026-04-14,512170.SS,2026-04-14,-4.4510385756676545,2026-05-18,1,0.5405503184734887,0.5405503184734887,-0.7791556815353583,-0.8560959994729801,3,sideways,512170.SS|2026-03-31,gray,-0.6648728284071596,-2.543414248580085
512170.SS|2026-04-15,512170.SS,2026-04-15,-3.5608308605341255,2026-05-19,1,0.5405503184734887,0.5405503184734887,-0.7791556815353583,-0.8560959994729801,3,sideways,512170.SS|2026-03-31,gray,-0.6648728284071596,-2.543414248580085
512170.SS|2026-04-16,512170.SS,2026-04-16,-3.0211480362537846,2026-05-20,1,0.5405503184734887,0.5405503184734887,-0.7791556815353583,-0.8560959994729801,4,down,512170.SS|2026-04-16,gray,-0.6648728284071596,-2.543414248580085
512170.SS|2026-04-17,512170.SS,2026-04-17,-2.9940119760478945,2026-05-21,1,0.5405503184734887,0.5405503184734887,-0.7791556815353583,-0.8560959994729801,4,down,512170.SS|2026-04-16,black,-0.6648728284071596,0.24544640205082582
512170.SS|2026-04-20,512170.SS,2026-04-20,-3.3132530120482007,2026-05-22,1,0.5405503184734887,0.5405503184734887,-0.7791556815353583,-0.8560959994729801,4,down,512170.SS|2026-04-16,gray,-0.6648728284071596,-2.543414248580085
512170.SS|2026-04-21,512170.SS,2026-04-21,-4.1666666666666625,2026-05-25,1,0.5405503184734887,0.5405503184734887,-0.17895244467436147,-0.44293958584466236,4,down,512170.SS|2026-04-16,gray,-0.6648728284071596,-2.543414248580085
512170.SS|2026-04-22,512170.SS,2026-04-22,-4.477611940298509,2026-05-26,1,0.5405503184734887,0.5405503184734887,-0.17895244467436147,-0.44293958584466236,4,down,512170.SS|2026-04-16,green,-0.6648728284071596,-1.310853319083251
512170.SS|2026-04-23,512170.SS,2026-04-23,-5.3731343283582085,2026-05-27,1,0.5405503184734887,0.5405503184734887,-0.49904755237640347,-0.6940882549488753,4,down,512170.SS|2026-04-16,green,-0.6648728284071596,-1.310853319083251
512170.SS|2026-04-24,512170.SS,2026-04-24,-5.722891566265076,2026-05-28,1,0.5405503184734887,0.5405503184734887,-0.49904755237640347,-0.5803025964947106,4,down,512170.SS|2026-04-16,green,-0.6648728284071596,-1.310853319083251
512170.SS|2026-04-27,512170.SS,2026-04-27,-7.352941176470584,2026-05-29,1,0.5405503184734887,0.5405503184734887,-0.4588353442732278,-0.4899118513067428,4,down,512170.SS|2026-04-16,gray,-0.6648728284071596,-2.543414248580085
512170.SS|2026-04-28,512170.SS,2026-04-28,-7.396449704142016,2026-06-01,1,0.5405503184734887,0.5405503184734887,-0.49904755237640347,-0.5803025964947106,4,down,512170.SS|2026-04-16,green,-0.6648728284071596,-1.310853319083251
512170.SS|2026-04-29,512170.SS,2026-04-29,-8.03571428571429,2026-06-02,1,0.5405503184734887,0.5405503184734887,-0.49904755237640347,-0.5803025964947106,4,down,512170.SS|2026-04-16,green,-0.6648728284071596,-1.310853319083251
512170.SS|2026-04-30,512170.SS,2026-04-30,-8.955223880597007,2026-06-03,1,0.5405503184734887,0.5405503184734887,-0.5139681804402535,-0.45041914708696984,4,down,512170.SS|2026-04-16,gray,-0.6648728284071596,-2.543414248580085
512170.SS|2026-05-06,512170.SS,2026-05-06,-10.946745562130179,2026-06-04,1,0.5405503184734887,0.5405503184734887,-0.5139681804402535,-0.45041914708696984,4,down,512170.SS|2026-04-16,black,-0.6648728284071596,0.24544640205082582
512170.SS|2026-05-07,512170.SS,2026-05-07,-10.979228486646885,2026-06-05,1,0.5405503184734887,0.5405503184734887,-0.5139681804402535,-0.45041914708696984,4,down,512170.SS|2026-04-16,green,-0.6648728284071596,-1.310853319083251
512170.SS|2026-05-08,512170.SS,2026-05-08,-13.823529411764701,2026-06-08,1,0.5405503184734887,0.5405503184734887,-0.5139681804402535,-0.45041914708696984,4,down,512170.SS|2026-04-16,green,-0.6648728284071596,-1.310853319083251
512170.SS|2026-05-11,512170.SS,2026-05-11,-13.353115727002972,2026-06-09,1,0.5405503184734887,0.5405503184734887,-0.4665077130762316,-0.2846558480783432,4,down,512170.SS|2026-04-16,green,-0.6648728284071596,-1.310853319083251
512170.SS|2026-05-12,512170.SS,2026-05-12,-13.392857142857139,2026-06-10,1,0.5405503184734887,0.5405503184734887,-0.4665077130762316,-0.2846558480783432,4,down,512170.SS|2026-04-16,green,-0.6648728284071596,-1.310853319083251
512170.SS|2026-05-13,512170.SS,2026-05-13,-10.942249240121582,2026-06-11,1,0.5405503184734887,0.5405503184734887,-0.4665077130762316,-0.2846558480783432,4,down,512170.SS|2026-04-16,black,-0.6648728284071596,0.24544640205082582
512170.SS|2026-05-14,512170.SS,2026-05-14,-8.868501529051976,2026-06-12,1,0.5405503184734887,0.5405503184734887,-0.4588353442732278,-0.4899118513067428,4,down,512170.SS|2026-04-16,black,-0.6648728284071596,0.24544640205082582
512170.SS|2026-05-15,512170.SS,2026-05-15,-7.7639751552795015,2026-06-15,1,0.5405503184734887,0.5405503184734887,-0.4588353442732278,-0.4899118513067428,4,down,512170.SS|2026-04-16,black,-0.6648728284071596,0.24544640205082582
512170.SS|2026-05-18,512170.SS,2026-05-18,-9.846153846153861,2026-06-16,1,0.5405503184734887,0.5405503184734887,-0.1387402365711858,-0.01612653863072574,4,down,512170.SS|2026-04-16,black,-0.6648728284071596,0.24544640205082582
512170.SS|2026-05-19,512170.SS,2026-05-19,-8.41121495327103,2026-06-17,1,0.5405503184734887,0.5405503184734887,-0.1387402365711858,-0.23876318220252984,4,down,512170.SS|2026-04-16,black,-0.6648728284071596,0.24544640205082582
512170.SS|2026-05-20,512170.SS,2026-05-20,-8.64197530864198,2026-06-18,1,0.5405503184734887,0.5405503184734887,-0.1387402365711858,-0.01612653863072574,4,down,512170.SS|2026-04-16,black,-0.6648728284071596,0.24544640205082582
512170.SS|2026-05-21,512170.SS,2026-05-21,-7.476635514018682,2026-06-22,1,0.5405503184734887,0.5405503184734887,-0.1387402365711858,-0.23876318220252984,4,down,512170.SS|2026-04-16,black,-0.6648728284071596,0.24544640205082582
512170.SS|2026-05-22,512170.SS,2026-05-22,-7.453416149068315,2026-06-23,1,0.5405503184734887,0.5405503184734887,-0.4588353442732278,-0.2505405839938863,4,down,512170.SS|2026-04-16,black,-0.6648728284071596,0.24544640205082582
512170.SS|2026-05-25,512170.SS,2026-05-25,-5.624999999999991,2026-06-24,1,0.5405503184734887,0.5405503184734887,-0.4588353442732278,-0.4899118513067428,4,down,512170.SS|2026-04-16,black,-0.6648728284071596,0.24544640205082582
512170.SS|2026-05-26,512170.SS,2026-05-26,-4.731861198738175,2026-06-25,1,0.5405503184734887,0.5405503184734887,-0.1387402365711858,0.0006080851103265478,4,down,512170.SS|2026-04-16,black,-0.6648728284071596,0.24544640205082582
512170.SS|2026-05-27,512170.SS,2026-05-27,-5.4313099041533475,2026-06-26,1,0.5405503184734887,0.5405503184734887,-0.10717810766170226,-0.01612653863072574,4,down,512170.SS|2026-04-16,black,-0.6648728284071596,0.24544640205082582
512170.SS|2026-05-28,512170.SS,2026-05-28,-1.2698412698412653,2026-06-29,1,0.5405503184734887,0.5405503184734887,-0.10717810766170226,-0.01612653863072574,4,down,512170.SS|2026-04-16,black,-0.6648728284071596,0.24544640205082582
512170.SS|2026-05-29,512170.SS,2026-05-29,-2.2364217252396124,2026-06-30,1,0.5405503184734887,0.5405503184734887,0.6389451347408098,-0.2585122896554674,4,down,512170.SS|2026-04-16,black,-0.6648728284071596,0.24544640205082582
512400.SS|2026-01-05,512400.SS,2026-01-05,9.174757281553392,2026-02-03,1,0.5405503184734887,0.5405503184734887,-0.4836264474426035,-0.7134922058584541,1,up,512400.SS|2025-07-04,green,0.9781216658267461,1.6426902640979026
512400.SS|2026-01-06,512400.SS,2026-01-06,8.94584139264991,2026-02-04,1,0.5405503184734887,0.5405503184734887,-0.4836264474426035,-0.9364325679397059,1,up,512400.SS|2025-07-04,green,0.9781216658267461,1.6426902640979026
512400.SS|2026-01-07,512400.SS,2026-01-07,5.5118110236220375,2026-02-05,1,0.5405503184734887,0.5405503184734887,-0.4836264474426035,-0.9364325679397059,2,up,512400.SS|2025-07-04,green,0.9781216658267461,1.6426902640979026
512400.SS|2026-01-08,512400.SS,2026-01-08,2.8175740210124145,2026-02-06,1,0.5405503184734887,0.5405503184734887,-0.4836264474426035,-0.9364325679397059,2,up,512400.SS|2025-07-04,green,0.9781216658267461,1.6426902640979026
512400.SS|2026-01-09,512400.SS,2026-01-09,3.8243626062322678,2026-02-09,1,0.5405503184734887,0.5405503184734887,0.04102834855367568,-0.9364325679397059,2,up,512400.SS|2025-07-04,green,0.9781216658267461,1.6426902640979026
512400.SS|2026-01-12,512400.SS,2026-01-12,2.522185894441842,2026-02-10,1,0.5405503184734887,0.5405503184734887,0.04102834855367568,0.05374743070064658,2,up,512400.SS|2025-07-04,green,0.9781216658267461,1.6426902640979026
512400.SS|2026-01-13,512400.SS,2026-01-13,5.027932960893877,2026-02-11,1,0.5405503184734887,0.5405503184734887,0.04102834855367568,0.05374743070064658,2,up,512400.SS|2025-07-04,green,0.9781216658267461,1.6426902640979026
512400.SS|2026-01-14,512400.SS,2026-01-14,2.946509519492313,2026-02-12,1,0.5405503184734887,0.5405503184734887,0.04102834855367568,0.05374743070064658,2,up,512400.SS|2025-07-04,green,0.9781216658267461,1.6426902640979026
512400.SS|2026-01-15,512400.SS,2026-01-15,0.8275862068965578,2026-02-13,1,0.5405503184734887,0.5405503184734887,0.6294960168004089,1.294647335975657,2,up,512400.SS|2025-07-04,green,0.9781216658267461,1.6426902640979026
512400.SS|2026-01-16,512400.SS,2026-01-16,3.8125861276986583,2026-02-24,1,0.5405503184734887,0.5405503184734887,0.6294960168004089,1.294647335975657,2,up,512400.SS|2025-07-04,green,0.9781216658267461,1.6426902640979026
512400.SS|2026-01-19,512400.SS,2026-01-19,7.463369963369959,2026-02-25,1,0.5405503184734887,0.5405503184734887,0.6294960168004089,1.294647335975657,2,up,512400.SS|2025-07-04,green,0.9781216658267461,1.6426902640979026
512400.SS|2026-01-20,512400.SS,2026-01-20,3.373280071016427,2026-02-26,1,0.5405503184734887,0.5405503184734887,0.6294960168004089,1.294647335975657,1,up,512400.SS|2025-07-04,green,0.9781216658267461,1.6426902640979026
512400.SS|2026-01-21,512400.SS,2026-01-21,7.78175313059033,2026-02-27,1,0.5405503184734887,0.5405503184734887,0.6294960168004089,1.294647335975657,1,up,512400.SS|2025-07-04,green,0.9781216658267461,1.6426902640979026
512400.SS|2026-01-22,512400.SS,2026-01-22,8.940252943741832,2026-03-02,1,0.5405503184734887,0.5405503184734887,0.6294960168004089,1.294647335975657,1,up,512400.SS|2025-07-04,green,0.9781216658267461,1.6426902640979026
512400.SS|2026-01-23,512400.SS,2026-01-23,-2.1541010770505298,2026-03-03,1,0.5405503184734887,0.5405503184734887,0.6294960168004089,1.294647335975657,1,up,512400.SS|2025-07-04,green,0.9781216658267461,1.6426902640979026
512400.SS|2026-01-26,512400.SS,2026-01-26,-1.9238812212463374,2026-03-04,1,0.5405503184734887,0.5405503184734887,0.6294960168004089,1.294647335975657,1,up,512400.SS|2025-07-04,green,0.9781216658267461,1.6426902640979026
512400.SS|2026-01-27,512400.SS,2026-01-27,-8.748528834837199,2026-03-05,1,0.5405503184734887,0.5405503184734887,0.6294960168004089,1.294647335975657,1,up,512400.SS|2025-07-04,green,0.9781216658267461,1.6426902640979026
512400.SS|2026-01-28,512400.SS,2026-01-28,-12.17726396917148,2026-03-06,1,0.5405503184734887,0.5405503184734887,0.6294960168004089,1.294647335975657,1,up,512400.SS|2025-07-04,green,0.9781216658267461,1.6426902640979026
512400.SS|2026-01-29,512400.SS,2026-01-29,-3.5057716973065367,2026-03-09,1,0.5405503184734887,0.5405503184734887,0.6294960168004089,1.294647335975657,1,up,512400.SS|2025-07-04,green,0.9781216658267461,1.6426902640979026
512400.SS|2026-01-30,512400.SS,2026-01-30,8.26603325415678,2026-03-10,1,0.5405503184734887,0.5405503184734887,1.2421980752724044,1.9499900466810278,1,up,512400.SS|2025-07-04,green,0.9781216658267461,1.6426902640979026
512400.SS|2026-02-02,512400.SS,2026-02-02,0.978212538906198,2026-03-11,1,0.5405503184734887,0.5405503184734887,0.12907561102939163,1.2313550862282778,1,up,512400.SS|2025-07-04,gray,0.9781216658267461,-1.3358380011038997
512400.SS|2026-02-03,512400.SS,2026-02-03,0.04438526409231702,2026-03-12,1,0.5405503184734887,0.5405503184734887,0.12907561102939163,0.709090141406017,1,up,512400.SS|2025-07-04,green,0.9781216658267461,1.6426902640979026
512400.SS|2026-02-04,512400.SS,2026-02-04,2.285447761194015,2026-03-13,1,0.5405503184734887,0.5405503184734887,0.12907561102939163,0.709090141406017,1,up,512400.SS|2025-07-04,green,0.9781216658267461,1.6426902640979026
512400.SS|2026-02-05,512400.SS,2026-02-05,-1.2540640966093752,2026-03-16,1,0.5405503184734887,0.5405503184734887,0.12907561102939163,0.4351471447997474,1,up,512400.SS|2025-07-04,gray,0.9781216658267461,-1.3358380011038997
512400.SS|2026-02-06,512400.SS,2026-02-06,-4.9113233287858,2026-03-17,1,0.5405503184734887,0.5405503184734887,0.12907561102939163,0.4351471447997474,1,up,512400.SS|2025-07-04,gray,0.9781216658267461,-1.3358380011038997
512400.SS|2026-02-09,512400.SS,2026-02-09,-5.46697038724373,2026-03-18,1,0.5405503184734887,0.5405503184734887,0.12907561102939163,-0.28108985723433544,1,up,512400.SS|2025-07-04,gray,0.9781216658267461,-1.3358380011038997
512400.SS|2026-02-10,512400.SS,2026-02-10,-13.829787234042556,2026-03-19,1,0.5405503184734887,0.5405503184734887,0.12907561102939163,-0.28108985723433544,1,up,512400.SS|2025-07-04,gray,0.9781216658267461,-1.3358380011038997
512400.SS|2026-02-11,512400.SS,2026-02-11,-15.587846763540291,2026-03-20,1,0.5405503184734887,0.5405503184734887,0.12907561102939163,-0.28108985723433544,1,up,512400.SS|2025-07-04,green,0.9781216658267461,1.6426902640979026
512400.SS|2026-02-12,512400.SS,2026-02-12,-16.871865025079803,2026-03-23,1,0.5405503184734887,0.5405503184734887,0.12907561102939163,-0.28108985723433544,2,up,512400.SS|2025-07-04,green,0.9781216658267461,1.6426902640979026
512400.SS|2026-02-13,512400.SS,2026-02-13,-16.283185840707947,2026-03-24,1,0.5405503184734887,0.5405503184734887,0.12907561102939163,-0.28108985723433544,2,up,512400.SS|2025-07-04,gray,0.9781216658267461,-1.3358380011038997
512400.SS|2026-02-24,512400.SS,2026-02-24,-16.82999573924159,2026-03-25,1,0.5405503184734887,0.5405503184734887,0.12907561102939163,-0.28108985723433544,2,up,512400.SS|2025-07-04,green,0.9781216658267461,1.6426902640979026
512400.SS|2026-02-25,512400.SS,2026-02-25,-17.60412194074711,2026-03-26,1,0.5405503184734887,0.5405503184734887,0.12907561102939163,-0.28108985723433544,2,up,512400.SS|2025-07-04,green,0.9781216658267461,1.6426902640979026
512400.SS|2026-02-26,512400.SS,2026-02-26,-18.008298755186715,2026-03-27,1,0.5405503184734887,0.5405503184734887,0.12907561102939163,-0.28108985723433544,2,up,512400.SS|2025-07-04,green,0.9781216658267461,1.6426902640979026
512400.SS|2026-02-27,512400.SS,2026-02-27,-19.61569255404324,2026-03-30,1,0.5405503184734887,0.5405503184734887,0.12907561102939163,-0.28108985723433544,2,up,512400.SS|2025-07-04,green,0.9781216658267461,1.6426902640979026
512400.SS|2026-03-02,512400.SS,2026-03-02,-16.04572396274344,2026-03-31,1,0.5405503184734887,0.5405503184734887,0.12907561102939163,-0.28108985723433544,2,up,512400.SS|2025-07-04,green,0.9781216658267461,1.6426902640979026
512400.SS|2026-03-03,512400.SS,2026-03-03,-13.603411513859287,2026-04-01,1,0.5405503184734887,0.5405503184734887,0.12907561102939163,-0.28108985723433544,2,up,512400.SS|2025-07-04,gray,0.9781216658267461,-1.3358380011038997
512400.SS|2026-03-04,512400.SS,2026-03-04,-14.402407566637997,2026-04-02,1,0.5405503184734887,0.5405503184734887,0.12907561102939163,-0.28108985723433544,2,up,512400.SS|2025-07-04,gray,0.9781216658267461,-1.3358380011038997
512400.SS|2026-03-05,512400.SS,2026-03-05,-13.514699429574373,2026-04-03,1,0.5405503184734887,0.5405503184734887,0.2360894499543125,-0.28108985723433544,1,up,512400.SS|2025-07-04,gray,0.9781216658267461,-1.3358380011038997
512400.SS|2026-03-06,512400.SS,2026-03-06,-11.74124944616748,2026-04-07,1,0.5405503184734887,0.5405503184734887,0.8270830071217075,-0.28108985723433544,1,up,512400.SS|2025-07-04,black,0.9781216658267461,1.1701973759306061
512400.SS|2026-03-09,512400.SS,2026-03-09,-7.020623080298383,2026-04-08,1,0.5405503184734887,0.5405503184734887,2.214969691800376,0.7338875758170884,1,up,512400.SS|2025-07-04,black,0.9781216658267461,1.1701973759306061
512400.SS|2026-03-10,512400.SS,2026-03-10,-7.3976221928665815,2026-04-09,1,0.5405503184734887,0.5405503184734887,-0.4836264474426035,-0.9364325679397059,1,up,512400.SS|2025-07-04,gray,0.9781216658267461,-1.3358380011038997
512400.SS|2026-03-11,512400.SS,2026-03-11,-7.009760425909494,2026-04-10,1,0.5405503184734887,0.5405503184734887,-0.4836264474426035,-0.9364325679397059,1,up,512400.SS|2025-07-04,gray,0.9781216658267461,-1.3358380011038997
512400.SS|2026-03-12,512400.SS,2026-03-12,-4.423164614683084,2026-04-13,1,0.5405503184734887,0.5405503184734887,-0.4836264474426035,-0.9364325679397059,1,up,512400.SS|2025-07-04,gray,0.9781216658267461,-1.3358380011038997
512400.SS|2026-03-13,512400.SS,2026-03-13,0.470366886171214,2026-04-14,1,0.5405503184734887,0.5405503184734887,-0.4836264474426035,0.32603882119292754,1,up,512400.SS|2025-07-04,gray,0.9781216658267461,-1.3358380011038997
512400.SS|2026-03-16,512400.SS,2026-03-16,0.6217120994739256,2026-04-15,1,0.5405503184734887,0.5405503184734887,-0.4836264474426035,0.32603882119292754,1,up,512400.SS|2025-07-04,black,0.9781216658267461,1.1701973759306061
512400.SS|2026-03-17,512400.SS,2026-03-17,4.578313253012034,2026-04-16,1,0.5405503184734887,0.5405503184734887,-0.4836264474426035,0.32603882119292754,1,up,512400.SS|2025-07-04,black,0.9781216658267461,1.1701973759306061
512400.SS|2026-03-18,512400.SS,2026-03-18,11.47119341563787,2026-04-17,1,0.5405503184734887,0.5405503184734887,-0.3179885538475469,0.32603882119292754,1,up,512400.SS|2025-07-04,black,0.9781216658267461,1.1701973759306061
512400.SS|2026-03-19,512400.SS,2026-03-19,13.667188315075652,2026-04-20,1,0.5405503184734887,0.5405503184734887,0.21438094864971213,0.5489791832741794,1,up,512400.SS|2025-07-04,black,0.9781216658267461,1.1701973759306061
512400.SS|2026-03-20,512400.SS,2026-03-20,19.583104772353277,2026-04-21,1,0.5405503184734887,0.5405503184734887,0.21438094864971213,0.5489791832741794,1,up,512400.SS|2025-07-04,black,0.9781216658267461,1.1701973759306061
512400.SS|2026-03-23,512400.SS,2026-03-23,15.169133192389017,2026-04-22,1,0.5405503184734887,0.5405503184734887,0.21438094864971213,0.5489791832741794,1,up,512400.SS|2025-07-04,black,0.9781216658267461,1.1701973759306061
512400.SS|2026-03-24,512400.SS,2026-03-24,7.479508196721318,2026-04-23,1,0.5405503184734887,0.5405503184734887,0.21438094864971213,0.5489791832741794,1,up,512400.SS|2025-07-04,black,0.9781216658267461,1.1701973759306061
512400.SS|2026-03-25,512400.SS,2026-03-25,10.369984366857743,2026-04-24,1,0.5405503184734887,0.5405503184734887,0.21438094864971213,0.5489791832741794,1,up,512400.SS|2025-07-04,black,0.9781216658267461,1.1701973759306061
512400.SS|2026-03-26,512400.SS,2026-03-26,6.022267206477738,2026-04-27,1,0.5405503184734887,0.5405503184734887,0.21438094864971213,0.5489791832741794,2,up,512400.SS|2025-07-04,black,0.9781216658267461,1.1701973759306061
512400.SS|2026-03-27,512400.SS,2026-03-27,1.7430278884462247,2026-04-28,1,0.5405503184734887,0.5405503184734887,0.21438094864971213,0.5489791832741794,2,up,512400.SS|2025-07-04,black,0.9781216658267461,1.1701973759306061
512400.SS|2026-03-30,512400.SS,2026-03-30,7.917297024710024,2026-04-29,1,0.5405503184734887,0.5405503184734887,0.21438094864971213,0.5489791832741794,2,up,512400.SS|2025-07-04,black,0.9781216658267461,1.1701973759306061
512400.SS|2026-03-31,512400.SS,2026-03-31,4.590325765054315,2026-04-30,1,0.5405503184734887,0.5405503184734887,0.21438094864971213,0.5489791832741794,2,up,512400.SS|2025-07-04,black,0.9781216658267461,1.1701973759306061
512400.SS|2026-04-01,512400.SS,2026-04-01,10.447011551983909,2026-05-06,1,0.5405503184734887,0.5405503184734887,-0.19076387131341954,-0.9589475850235729,2,up,512400.SS|2025-07-04,black,0.9781216658267461,1.1701973759306061
512400.SS|2026-04-02,512400.SS,2026-04-02,11.973617453069508,2026-05-07,1,0.5405503184734887,0.5405503184734887,-0.19076387131341954,0.876791383456339,2,up,512400.SS|2025-07-04,black,0.9781216658267461,1.1701973759306061
512400.SS|2026-04-03,512400.SS,2026-04-03,10.742971887550201,2026-05-08,1,0.5405503184734887,0.5405503184734887,-0.19076387131341954,0.876791383456339,2,up,512400.SS|2025-07-04,black,0.9781216658267461,1.1701973759306061
512400.SS|2026-04-07,512400.SS,2026-04-07,4.20009438414346,2026-05-11,1,0.5405503184734887,0.5405503184734887,-0.19076387131341954,-0.1917079484644726,2,up,512400.SS|2025-07-04,black,0.9781216658267461,1.1701973759306061
512400.SS|2026-04-08,512400.SS,2026-04-08,4.04184498335709,2026-05-12,1,0.5405503184734887,0.5405503184734887,-0.7817574284808146,-0.1917079484644726,2,up,512400.SS|2025-07-04,gray,0.9781216658267461,-1.3358380011038997
512400.SS|2026-04-09,512400.SS,2026-04-09,5.391221374045796,2026-05-13,1,0.5405503184734887,0.5405503184734887,-0.3766126085176827,0.05374743070064658,2,up,512400.SS|2025-07-04,gray,0.9781216658267461,-1.3358380011038997
512400.SS|2026-04-10,512400.SS,2026-04-10,1.6221374045801484,2026-05-14,1,0.5405503184734887,0.5405503184734887,-0.3766126085176827,0.05374743070064658,2,up,512400.SS|2025-07-04,gray,0.9781216658267461,-1.3358380011038997
512400.SS|2026-04-13,512400.SS,2026-04-13,-4.541198501872657,2026-05-15,1,0.5405503184734887,0.5405503184734887,-0.4836264474426035,0.05374743070064658,2,up,512400.SS|2025-07-04,gray,0.9781216658267461,-1.3358380011038997
512400.SS|2026-04-14,512400.SS,2026-04-14,-4.515209125475284,2026-05-18,1,0.5405503184734887,0.5405503184734887,-0.4836264474426035,0.05374743070064658,2,up,512400.SS|2025-07-04,green,0.9781216658267461,1.6426902640979026
512400.SS|2026-04-15,512400.SS,2026-04-15,-8.709677419354833,2026-05-19,1,0.5405503184734887,0.5405503184734887,-0.4836264474426035,0.05374743070064658,2,up,512400.SS|2025-07-04,green,0.9781216658267461,1.6426902640979026
512400.SS|2026-04-16,512400.SS,2026-04-16,-8.398707891093682,2026-05-20,1,0.5405503184734887,0.5405503184734887,-0.4836264474426035,0.05374743070064658,2,up,512400.SS|2025-07-04,green,0.9781216658267461,1.6426902640979026
512400.SS|2026-04-17,512400.SS,2026-04-17,-10.647085819183122,2026-05-21,1,0.5405503184734887,0.5405503184734887,-0.4836264474426035,0.05374743070064658,2,up,512400.SS|2025-07-04,green,0.9781216658267461,1.6426902640979026
512400.SS|2026-04-20,512400.SS,2026-04-20,-7.38532110091743,2026-05-22,1,0.5405503184734887,0.5405503184734887,-0.4836264474426035,0.05374743070064658,2,up,512400.SS|2025-07-04,green,0.9781216658267461,1.6426902640979026
512400.SS|2026-04-21,512400.SS,2026-04-21,-7.067462138595692,2026-05-25,1,0.5405503184734887,0.5405503184734887,0.04102834855367568,0.05374743070064658,2,up,512400.SS|2025-07-04,green,0.9781216658267461,1.6426902640979026
512400.SS|2026-04-22,512400.SS,2026-04-22,-0.1429933269780692,2026-05-26,1,0.5405503184734887,0.5405503184734887,-0.4836264474426035,0.05374743070064658,2,up,512400.SS|2025-07-04,green,0.9781216658267461,1.6426902640979026
512400.SS|2026-04-23,512400.SS,2026-04-23,-4.95750708215299,2026-05-27,1,0.5405503184734887,0.5405503184734887,-0.4836264474426035,-0.7134922058584541,2,up,512400.SS|2025-07-04,gray,0.9781216658267461,-1.3358380011038997
512400.SS|2026-04-24,512400.SS,2026-04-24,-4.964200477326974,2026-05-28,1,0.5405503184734887,0.5405503184734887,-0.4836264474426035,-0.7134922058584541,2,up,512400.SS|2025-07-04,green,0.9781216658267461,1.6426902640979026
512400.SS|2026-04-27,512400.SS,2026-04-27,-3.8179148311306865,2026-05-29,1,0.5405503184734887,0.5405503184734887,-0.4836264474426035,-0.7134922058584541,2,up,512400.SS|2025-07-04,gray,0.9781216658267461,-1.3358380011038997
512400.SS|2026-04-28,512400.SS,2026-04-28,-8.925233644859809,2026-06-01,1,0.5405503184734887,0.5405503184734887,-0.20019377855525222,0.6125655756959668,2,up,512400.SS|2025-07-04,gray,0.9781216658267461,-1.3358380011038997
512400.SS|2026-04-29,512400.SS,2026-04-29,-4.907975460122705,2026-06-02,1,0.5405503184734887,0.5405503184734887,-0.20019377855525222,-0.5018362409740142,2,up,512400.SS|2025-07-04,green,0.9781216658267461,1.6426902640979026
512400.SS|2026-04-30,512400.SS,2026-04-30,-7.594361073215083,2026-06-03,1,0.5405503184734887,0.5405503184734887,-0.20019377855525222,-0.5018362409740142,2,up,512400.SS|2025-07-04,green,0.9781216658267461,1.6426902640979026
512400.SS|2026-05-06,512400.SS,2026-05-06,-10.738559130040793,2026-06-04,1,0.5405503184734887,0.5405503184734887,-0.20019377855525222,-0.5018362409740142,2,up,512400.SS|2025-07-04,green,0.9781216658267461,1.6426902640979026
512400.SS|2026-05-07,512400.SS,2026-05-07,-12.692656391659106,2026-06-05,1,0.5405503184734887,0.5405503184734887,-0.20019377855525222,-0.5018362409740142,2,up,512400.SS|2025-07-04,green,0.9781216658267461,1.6426902640979026
512400.SS|2026-05-08,512400.SS,2026-05-08,-17.57246376811594,2026-06-08,1,0.5405503184734887,0.5405503184734887,-0.4836264474426035,-0.7134922058584541,2,up,512400.SS|2025-07-04,green,0.9781216658267461,1.6426902640979026
512400.SS|2026-05-11,512400.SS,2026-05-11,-14.579524680073131,2026-06-09,1,0.5405503184734887,0.5405503184734887,-0.4836264474426035,-0.7134922058584541,2,up,512400.SS|2025-07-04,green,0.9781216658267461,1.6426902640979026
512400.SS|2026-05-12,512400.SS,2026-05-12,-16.5685830692621,2026-06-10,1,0.5405503184734887,0.5405503184734887,-0.4836264474426035,-0.7134922058584541,2,up,512400.SS|2025-07-04,green,0.9781216658267461,1.6426902640979026
512400.SS|2026-05-13,512400.SS,2026-05-13,-11.737089201877925,2026-06-11,1,0.5405503184734887,0.5405503184734887,-0.4836264474426035,-0.7134922058584541,1,up,512400.SS|2025-07-04,green,0.9781216658267461,1.6426902640979026
512400.SS|2026-05-14,512400.SS,2026-05-14,-3.0897498773908794,2026-06-12,1,0.5405503184734887,0.5405503184734887,-0.4836264474426035,-0.7134922058584541,1,up,512400.SS|2025-07-04,gray,0.9781216658267461,-1.3358380011038997
512400.SS|2026-05-15,512400.SS,2026-05-15,2.6879044300647026,2026-06-15,1,0.5405503184734887,0.5405503184734887,-0.4836264474426035,0.5489791832741794,2,up,512400.SS|2025-07-04,black,0.9781216658267461,1.1701973759306061
512400.SS|2026-05-18,512400.SS,2026-05-18,3.432609793033814,2026-06-16,1,0.5405503184734887,0.5405503184734887,-0.4284936112755777,0.5094864790544064,2,up,512400.SS|2025-07-04,black,0.9781216658267461,1.1701973759306061
512400.SS|2026-05-19,512400.SS,2026-05-19,3.0226700251889227,2026-06-17,1,0.5405503184734887,0.5405503184734887,0.7742814484403734,0.7606351481586192,2,up,512400.SS|2025-07-04,black,0.9781216658267461,1.1701973759306061
512400.SS|2026-05-20,512400.SS,2026-05-20,5.2901900359527465,2026-06-18,1,0.5405503184734887,0.5405503184734887,0.8946527269584168,0.7606351481586192,2,up,512400.SS|2025-07-04,black,0.9781216658267461,1.1701973759306061
512400.SS|2026-05-21,512400.SS,2026-05-21,6.736007924715204,2026-06-22,1,0.5405503184734887,0.5405503184734887,1.4856462841258113,0.7606351481586192,2,up,512400.SS|2025-07-04,black,0.9781216658267461,1.1701973759306061
512400.SS|2026-05-22,512400.SS,2026-05-22,-2.4197530864197514,2026-06-23,1,0.5405503184734887,0.5405503184734887,-0.026828119307888698,0.5489791832741794,2,up,512400.SS|2025-07-04,black,0.9781216658267461,1.1701973759306061
512400.SS|2026-05-25,512400.SS,2026-05-25,-5.489260143198105,2026-06-24,1,0.5405503184734887,0.5405503184734887,0.7742814484403734,-0.5018362409740142,2,up,512400.SS|2025-07-04,black,0.9781216658267461,1.1701973759306061
512400.SS|2026-05-26,512400.SS,2026-05-26,-4.520615996025823,2026-06-25,1,0.5405503184734887,0.5405503184734887,-0.20019377855525222,-0.5018362409740142,2,up,512400.SS|2025-07-04,gray,0.9781216658267461,-1.3358380011038997
512400.SS|2026-05-27,512400.SS,2026-05-27,-7.63435459568057,2026-06-26,1,0.5405503184734887,0.5405503184734887,-0.20019377855525222,0.6125655756959668,2,up,512400.SS|2025-07-04,black,0.9781216658267461,1.1701973759306061
512400.SS|2026-05-28,512400.SS,2026-05-28,-5.139949109414765,2026-06-29,1,0.5405503184734887,0.5405503184734887,-0.20019377855525222,0.7606351481586192,2,up,512400.SS|2025-07-04,black,0.9781216658267461,1.1701973759306061
512400.SS|2026-05-29,512400.SS,2026-05-29,-4.874294510005129,2026-06-30,1,0.5405503184734887,0.5405503184734887,-0.20019377855525222,0.7606351481586192,3,sideways,512400.SS|2026-05-29,black,0.9781216658267461,1.1701973759306061
512480.SS|2026-01-05,512480.SS,2026-01-05,5.054382597568785,2026-02-03,1,0.5405503184734887,0.5405503184734887,0.274553175821095,-0.15616900387324842,2,up,512480.SS|2025-08-28,green,1.501313971102327,0.27966709958834657
512480.SS|2026-01-06,512480.SS,2026-01-06,0.3119151590767366,2026-02-04,1,0.5405503184734887,0.5405503184734887,-0.3256500610399021,-0.5693254175015661,2,up,512480.SS|2025-08-28,green,1.501313971102327,0.27966709958834657
512480.SS|2026-01-07,512480.SS,2026-01-07,-0.995644057249534,2026-02-05,1,0.5405503184734887,0.5405503184734887,-0.3256500610399021,-0.5693254175015661,2,up,512480.SS|2025-08-28,green,1.501313971102327,0.27966709958834657
512480.SS|2026-01-08,512480.SS,2026-01-08,-2.5339925834363397,2026-02-06,1,0.5405503184734887,0.5405503184734887,0.274553175821095,-0.15616900387324842,2,up,512480.SS|2025-08-28,green,1.501313971102327,0.27966709958834657
512480.SS|2026-01-09,512480.SS,2026-01-09,-1.0935601458080146,2026-02-09,1,0.5405503184734887,0.5405503184734887,0.274553175821095,-0.15616900387324842,2,up,512480.SS|2025-08-28,green,1.501313971102327,0.27966709958834657
512480.SS|2026-01-12,512480.SS,2026-01-12,2.6993094789704797,2026-02-10,1,0.5405503184734887,0.5405503184734887,0.274553175821095,-0.15616900387324842,2,up,512480.SS|2025-08-28,green,1.501313971102327,0.27966709958834657
512480.SS|2026-01-13,512480.SS,2026-01-13,0.0,2026-02-11,1,0.5405503184734887,0.5405503184734887,-0.3256500610399021,-0.5693254175015661,2,up,512480.SS|2025-08-28,green,1.501313971102327,0.27966709958834657
512480.SS|2026-01-14,512480.SS,2026-01-14,0.1819284414796618,2026-02-12,1,0.5405503184734887,0.5405503184734887,-0.3256500610399021,-0.5693254175015661,2,up,512480.SS|2025-08-28,green,1.501313971102327,0.27966709958834657
512480.SS|2026-01-15,512480.SS,2026-01-15,-2.761457109283205,2026-02-13,1,0.5405503184734887,0.5405503184734887,0.7992079718173741,0.44966922846539686,1,up,512480.SS|2025-08-28,green,1.501313971102327,0.27966709958834657
512480.SS|2026-01-16,512480.SS,2026-01-16,-1.9480519480519431,2026-02-24,1,0.5405503184734887,0.5405503184734887,0.7992079718173741,0.44966922846539686,1,up,512480.SS|2025-08-28,green,1.501313971102327,0.27966709958834657
512480.SS|2026-01-19,512480.SS,2026-01-19,-0.4161712247324645,2026-02-25,1,0.5405503184734887,0.5405503184734887,0.7992079718173741,0.44966922846539686,1,up,512480.SS|2025-08-28,green,1.501313971102327,0.27966709958834657
512480.SS|2026-01-20,512480.SS,2026-01-20,-2.691867124856817,2026-02-26,1,0.5405503184734887,0.5405503184734887,0.6464860753159373,1.438814124332545,1,up,512480.SS|2025-08-28,green,1.501313971102327,0.27966709958834657
512480.SS|2026-01-21,512480.SS,2026-01-21,-2.8818443804034533,2026-02-27,1,0.5405503184734887,0.5405503184734887,0.6464860753159373,1.438814124332545,1,up,512480.SS|2025-08-28,green,1.501313971102327,0.27966709958834657
512480.SS|2026-01-22,512480.SS,2026-01-22,-4.775604142692758,2026-03-02,1,0.5405503184734887,0.5405503184734887,0.6464860753159373,1.438814124332545,1,up,512480.SS|2025-08-28,green,1.501313971102327,0.27966709958834657
512480.SS|2026-01-23,512480.SS,2026-01-23,-8.186101295641935,2026-03-03,1,0.5405503184734887,0.5405503184734887,0.6464860753159373,1.438814124332545,1,up,512480.SS|2025-08-28,green,1.501313971102327,0.27966709958834657
512480.SS|2026-01-26,512480.SS,2026-01-26,-10.607798165137627,2026-03-04,1,0.5405503184734887,0.5405503184734887,0.12183127931965804,1.438814124332545,2,up,512480.SS|2025-08-28,green,1.501313971102327,0.27966709958834657
512480.SS|2026-01-27,512480.SS,2026-01-27,-10.09070294784581,2026-03-05,1,0.5405503184734887,0.5405503184734887,0.6464860753159373,1.438814124332545,2,up,512480.SS|2025-08-28,green,1.501313971102327,0.27966709958834657
512480.SS|2026-01-28,512480.SS,2026-01-28,-6.375442739079096,2026-03-06,1,0.5405503184734887,0.5405503184734887,0.6464860753159373,1.438814124332545,2,up,512480.SS|2025-08-28,green,1.501313971102327,0.27966709958834657
512480.SS|2026-01-29,512480.SS,2026-01-29,-9.175920514319102,2026-03-09,1,0.5405503184734887,0.5405503184734887,0.12183127931965804,1.438814124332545,2,up,512480.SS|2025-08-28,green,1.501313971102327,0.27966709958834657
512480.SS|2026-01-30,512480.SS,2026-01-30,-1.4215080346106301,2026-03-10,1,0.5405503184734887,0.5405503184734887,0.6464860753159373,1.438814124332545,2,up,512480.SS|2025-08-28,green,1.501313971102327,0.27966709958834657
512480.SS|2026-02-02,512480.SS,2026-02-02,-3.958587088915966,2026-03-11,1,0.5405503184734887,0.5405503184734887,-0.3256500610399021,0.19791421905753462,2,up,512480.SS|2025-08-28,gray,1.501313971102327,0.8998302024282436
512480.SS|2026-02-03,512480.SS,2026-02-03,-3.2960199004975044,2026-03-12,1,0.5405503184734887,0.5405503184734887,-0.3256500610399021,0.19791421905753462,2,up,512480.SS|2025-08-28,gray,1.501313971102327,0.8998302024282436
512480.SS|2026-02-04,512480.SS,2026-02-04,-2.9541169076052864,2026-03-13,1,0.5405503184734887,0.5405503184734887,-0.3256500610399021,1.1183439785156934,2,up,512480.SS|2025-08-28,gray,1.501313971102327,0.8998302024282436
512480.SS|2026-02-05,512480.SS,2026-02-05,0.0,2026-03-16,1,0.5405503184734887,0.5405503184734887,-0.3256500610399021,1.2664135509783458,2,up,512480.SS|2025-08-28,black,1.501313971102327,3.015848560031762
512480.SS|2026-02-06,512480.SS,2026-02-06,-5.773955773955775,2026-03-17,1,0.5405503184734887,0.5405503184734887,-0.3256500610399021,1.2664135509783458,2,up,512480.SS|2025-08-28,black,1.501313971102327,3.015848560031762
512480.SS|2026-02-09,512480.SS,2026-02-09,-4.156479217603904,2026-03-18,1,0.5405503184734887,0.5405503184734887,-0.3256500610399021,0.19791421905753462,2,up,512480.SS|2025-08-28,black,1.501313971102327,3.015848560031762
512480.SS|2026-02-10,512480.SS,2026-02-10,-5.565862708719848,2026-03-19,1,0.5405503184734887,0.5405503184734887,-0.3256500610399021,-0.7922657795828179,2,up,512480.SS|2025-08-28,gray,1.501313971102327,0.8998302024282436
512480.SS|2026-02-11,512480.SS,2026-02-11,-9.140435835351091,2026-03-20,1,0.5405503184734887,0.5405503184734887,-0.3256500610399021,-0.7922657795828179,2,up,512480.SS|2025-08-28,gray,1.501313971102327,0.8998302024282436
512480.SS|2026-02-12,512480.SS,2026-02-12,-13.897280966767378,2026-03-23,1,0.5405503184734887,0.5405503184734887,-0.3256500610399021,-0.7922657795828179,2,up,512480.SS|2025-08-28,green,1.501313971102327,0.27966709958834657
512480.SS|2026-02-13,512480.SS,2026-02-13,-12.642986152919933,2026-03-24,1,0.5405503184734887,0.5405503184734887,-0.3256500610399021,-0.7922657795828179,2,up,512480.SS|2025-08-28,gray,1.501313971102327,0.8998302024282436
512480.SS|2026-02-24,512480.SS,2026-02-24,-11.044776119402977,2026-03-25,1,0.5405503184734887,0.5405503184734887,-0.3256500610399021,-0.7922657795828179,2,up,512480.SS|2025-08-28,gray,1.501313971102327,0.8998302024282436
512480.SS|2026-02-25,512480.SS,2026-02-25,-14.479105356091814,2026-03-26,1,0.5405503184734887,0.5405503184734887,-0.3256500610399021,-0.7922657795828179,2,up,512480.SS|2025-08-28,gray,1.501313971102327,0.8998302024282436
512480.SS|2026-02-26,512480.SS,2026-02-26,-12.878338278931755,2026-03-27,1,0.5405503184734887,0.5405503184734887,-0.3256500610399021,-0.7922657795828179,2,up,512480.SS|2025-08-28,gray,1.501313971102327,0.8998302024282436
512480.SS|2026-02-27,512480.SS,2026-02-27,-11.359516616314203,2026-03-30,1,0.5405503184734887,0.5405503184734887,-0.3256500610399021,-0.7922657795828179,2,up,512480.SS|2025-08-28,gray,1.501313971102327,0.8998302024282436
512480.SS|2026-03-02,512480.SS,2026-03-02,-9.236690186016672,2026-03-31,1,0.5405503184734887,0.5405503184734887,-0.3256500610399021,-0.7922657795828179,2,up,512480.SS|2025-08-28,gray,1.501313971102327,0.8998302024282436
512480.SS|2026-03-03,512480.SS,2026-03-03,-6.478511866581127,2026-04-01,1,0.5405503184734887,0.5405503184734887,-0.2186362221149813,0.6931459716310674,2,up,512480.SS|2025-08-28,black,1.501313971102327,3.015848560031762
512480.SS|2026-03-04,512480.SS,2026-03-04,-10.907944514501889,2026-04-02,1,0.5405503184734887,0.5405503184734887,0.37235733505241353,0.6931459716310674,2,up,512480.SS|2025-08-28,black,1.501313971102327,3.015848560031762
512480.SS|2026-03-05,512480.SS,2026-03-05,-10.907944514501889,2026-04-03,1,0.5405503184734887,0.5405503184734887,-0.2186362221149813,0.545076399168415,2,up,512480.SS|2025-08-28,black,1.501313971102327,3.015848560031762
512480.SS|2026-03-06,512480.SS,2026-03-06,-7.528957528957525,2026-04-07,1,0.5405503184734887,0.5405503184734887,-0.16001216744484542,0.545076399168415,2,up,512480.SS|2025-08-28,black,1.501313971102327,3.015848560031762
512480.SS|2026-03-09,512480.SS,2026-03-09,-4.012539184952968,2026-04-08,1,0.5405503184734887,0.5405503184734887,-0.2186362221149813,0.6931459716310674,2,up,512480.SS|2025-08-28,black,1.501313971102327,3.015848560031762
512480.SS|2026-03-10,512480.SS,2026-03-10,-2.853519340519961,2026-04-09,1,0.5405503184734887,0.5405503184734887,-0.3256500610399021,-0.5693254175015661,2,up,512480.SS|2025-08-28,black,1.501313971102327,3.015848560031762
512480.SS|2026-03-11,512480.SS,2026-03-11,0.38585209003214604,2026-04-10,1,0.5405503184734887,0.5405503184734887,-0.3256500610399021,-0.5693254175015661,2,up,512480.SS|2025-08-28,black,1.501313971102327,3.015848560031762
512480.SS|2026-03-12,512480.SS,2026-03-12,1.4248704663212486,2026-04-13,1,0.5405503184734887,0.5405503184734887,-0.3256500610399021,0.6931459716310674,2,up,512480.SS|2025-08-28,black,1.501313971102327,3.015848560031762
512480.SS|2026-03-13,512480.SS,2026-03-13,1.9657577679137672,2026-04-14,1,0.5405503184734887,0.5405503184734887,-0.3256500610399021,0.6931459716310674,2,up,512480.SS|2025-08-28,black,1.501313971102327,3.015848560031762
512480.SS|2026-03-16,512480.SS,2026-03-16,4.17209908735332,2026-04-15,1,0.5405503184734887,0.5405503184734887,-0.3256500610399021,-0.5693254175015661,2,up,512480.SS|2025-08-28,gray,1.501313971102327,0.8998302024282436
512480.SS|2026-03-17,512480.SS,2026-03-17,3.316326530612246,2026-04-16,1,0.5405503184734887,0.5405503184734887,-0.16001216744484542,0.6931459716310674,2,up,512480.SS|2025-08-28,black,1.501313971102327,3.015848560031762
512480.SS|2026-03-18,512480.SS,2026-03-18,6.614276358873616,2026-04-17,1,0.5405503184734887,0.5405503184734887,-0.3256500610399021,-0.5693254175015661,2,up,512480.SS|2025-08-28,black,1.501313971102327,3.015848560031762
512480.SS|2026-03-19,512480.SS,2026-03-19,10.126582278481022,2026-04-20,1,0.5405503184734887,0.5405503184734887,-0.16001216744484542,0.6931459716310674,2,up,512480.SS|2025-08-28,black,1.501313971102327,3.015848560031762
512480.SS|2026-03-20,512480.SS,2026-03-20,14.73684210526316,2026-04-21,1,0.5405503184734887,0.5405503184734887,-0.2186362221149813,0.6931459716310674,2,up,512480.SS|2025-08-28,black,1.501313971102327,3.015848560031762
512480.SS|2026-03-23,512480.SS,2026-03-23,15.57546519641626,2026-04-22,1,0.5405503184734887,0.5405503184734887,0.37235733505241353,0.6931459716310674,2,up,512480.SS|2025-08-28,black,1.501313971102327,3.015848560031762
512480.SS|2026-03-24,512480.SS,2026-03-24,10.604026845637593,2026-04-23,1,0.5405503184734887,0.5405503184734887,0.37235733505241353,0.6931459716310674,2,up,512480.SS|2025-08-28,black,1.501313971102327,3.015848560031762
512480.SS|2026-03-25,512480.SS,2026-03-25,15.416379903647615,2026-04-24,1,0.5405503184734887,0.5405503184734887,0.37235733505241353,0.6931459716310674,2,up,512480.SS|2025-08-28,black,1.501313971102327,3.015848560031762
512480.SS|2026-03-26,512480.SS,2026-03-26,19.55040871934606,2026-04-27,1,0.5405503184734887,0.5405503184734887,0.37235733505241353,0.6931459716310674,2,up,512480.SS|2025-08-28,black,1.501313971102327,3.015848560031762
512480.SS|2026-03-27,512480.SS,2026-03-27,18.26857532379005,2026-04-28,1,0.5405503184734887,0.5405503184734887,-0.03278748491071816,0.4476905924659486,2,up,512480.SS|2025-08-28,black,1.501313971102327,3.015848560031762
512480.SS|2026-03-30,512480.SS,2026-03-30,22.40282685512367,2026-04-29,1,0.5405503184734887,0.5405503184734887,-0.03278748491071816,1.020958171813227,2,up,512480.SS|2025-08-28,black,1.501313971102327,3.015848560031762
512480.SS|2026-03-31,512480.SS,2026-03-31,24.622770919067214,2026-04-30,1,0.5405503184734887,0.5405503184734887,-0.6237810420781132,1.020958171813227,2,up,512480.SS|2025-08-28,black,1.501313971102327,3.015848560031762
512480.SS|2026-04-01,512480.SS,2026-04-01,35.3857041755131,2026-05-06,1,0.5405503184734887,0.5405503184734887,-0.5651569874079772,1.020958171813227,2,up,512480.SS|2025-08-28,black,1.501313971102327,3.015848560031762
512480.SS|2026-04-02,512480.SS,2026-04-02,37.93347487615004,2026-05-07,1,0.5405503184734887,0.5405503184734887,-0.03278748491071816,1.020958171813227,2,up,512480.SS|2025-08-28,black,1.501313971102327,3.015848560031762
512480.SS|2026-04-03,512480.SS,2026-04-03,32.359081419624204,2026-05-08,1,0.5405503184734887,0.5405503184734887,-0.03278748491071816,1.020958171813227,2,up,512480.SS|2025-08-28,black,1.501313971102327,3.015848560031762
512480.SS|2026-04-07,512480.SS,2026-04-07,31.80927498367079,2026-05-11,1,0.5405503184734887,0.5405503184734887,-0.6237810420781132,1.020958171813227,2,up,512480.SS|2025-08-28,black,1.501313971102327,3.015848560031762
512480.SS|2026-04-08,512480.SS,2026-04-08,32.18015665796343,2026-05-12,1,0.5405503184734887,0.5405503184734887,-0.7307948810030338,-0.8147807966666849,2,up,512480.SS|2025-08-28,gray,1.501313971102327,0.8998302024282436
512480.SS|2026-04-09,512480.SS,2026-04-09,33.76040999359387,2026-05-13,1,0.5405503184734887,0.5405503184734887,-0.3256500610399021,-0.5693254175015661,2,up,512480.SS|2025-08-28,gray,1.501313971102327,0.8998302024282436
512480.SS|2026-04-10,512480.SS,2026-04-10,30.45977011494252,2026-05-14,1,0.5405503184734887,0.5405503184734887,-0.3256500610399021,-0.5693254175015661,2,up,512480.SS|2025-08-28,green,1.501313971102327,0.27966709958834657
512480.SS|2026-04-13,512480.SS,2026-04-13,26.554726368159187,2026-05-15,1,0.5405503184734887,0.5405503184734887,-0.3256500610399021,-0.5693254175015661,2,up,512480.SS|2025-08-28,green,1.501313971102327,0.27966709958834657
512480.SS|2026-04-14,512480.SS,2026-04-14,28.785982478097626,2026-05-18,1,0.5405503184734887,0.5405503184734887,-0.3256500610399021,0.19791421905753462,2,up,512480.SS|2025-08-28,green,1.501313971102327,0.27966709958834657
512480.SS|2026-04-15,512480.SS,2026-04-15,31.543209876543223,2026-05-19,1,0.5405503184734887,0.5405503184734887,-0.3256500610399021,0.19791421905753462,2,up,512480.SS|2025-08-28,green,1.501313971102327,0.27966709958834657
512480.SS|2026-04-16,512480.SS,2026-04-16,36.79361179361178,2026-05-20,1,0.5405503184734887,0.5405503184734887,-0.3256500610399021,0.19791421905753462,2,up,512480.SS|2025-08-28,green,1.501313971102327,0.27966709958834657
512480.SS|2026-04-17,512480.SS,2026-04-17,28.97761645493042,2026-05-21,1,0.5405503184734887,0.5405503184734887,-0.3256500610399021,0.19791421905753462,2,up,512480.SS|2025-08-28,green,1.501313971102327,0.27966709958834657
512480.SS|2026-04-20,512480.SS,2026-04-20,33.883792048929664,2026-05-22,1,0.5405503184734887,0.5405503184734887,-0.3256500610399021,0.19791421905753462,2,up,512480.SS|2025-08-28,green,1.501313971102327,0.27966709958834657
512480.SS|2026-04-21,512480.SS,2026-04-21,40.01192605843771,2026-05-25,1,0.5405503184734887,0.5405503184734887,-0.3256500610399021,0.19791421905753462,2,up,512480.SS|2025-08-28,green,1.501313971102327,0.27966709958834657
512480.SS|2026-04-22,512480.SS,2026-04-22,40.8373786407767,2026-05-26,1,0.5405503184734887,0.5405503184734887,-0.3256500610399021,0.19791421905753462,2,up,512480.SS|2025-08-28,green,1.501313971102327,0.27966709958834657
512480.SS|2026-04-23,512480.SS,2026-04-23,35.06261180679786,2026-05-27,1,0.5405503184734887,0.5405503184734887,-0.3256500610399021,0.19791421905753462,2,up,512480.SS|2025-08-28,green,1.501313971102327,0.27966709958834657
512480.SS|2026-04-24,512480.SS,2026-04-24,30.71225071225072,2026-05-28,1,0.5405503184734887,0.5405503184734887,-0.3256500610399021,0.19791421905753462,2,up,512480.SS|2025-08-28,green,1.501313971102327,0.27966709958834657
512480.SS|2026-04-27,512480.SS,2026-04-27,24.49567723342938,2026-05-29,1,0.5405503184734887,0.5405503184734887,0.1990047349563771,0.19791421905753462,2,up,512480.SS|2025-08-28,green,1.501313971102327,0.27966709958834657
512480.SS|2026-04-28,512480.SS,2026-04-28,18.129330254041577,2026-06-01,1,0.5405503184734887,0.5405503184734887,0.1990047349563771,0.19791421905753462,2,up,512480.SS|2025-08-28,green,1.501313971102327,0.27966709958834657
512480.SS|2026-04-29,512480.SS,2026-04-29,14.47440836543754,2026-06-02,1,0.5405503184734887,0.5405503184734887,0.1990047349563771,0.19791421905753462,2,up,512480.SS|2025-08-28,green,1.501313971102327,0.27966709958834657
512480.SS|2026-04-30,512480.SS,2026-04-30,12.388917929952958,2026-06-03,1,0.5405503184734887,0.5405503184734887,0.1990047349563771,0.19791421905753462,2,up,512480.SS|2025-08-28,green,1.501313971102327,0.27966709958834657
512480.SS|2026-05-06,512480.SS,2026-05-06,12.519240636223694,2026-06-04,1,0.5405503184734887,0.5405503184734887,0.1990047349563771,0.19791421905753462,2,up,512480.SS|2025-08-28,green,1.501313971102327,0.27966709958834657
512480.SS|2026-05-07,512480.SS,2026-05-07,9.936908517350162,2026-06-05,1,0.5405503184734887,0.5405503184734887,0.1990047349563771,0.19791421905753462,2,up,512480.SS|2025-08-28,green,1.501313971102327,0.27966709958834657
512480.SS|2026-05-08,512480.SS,2026-05-08,-1.1397423191278566,2026-06-08,1,0.5405503184734887,0.5405503184734887,0.6464860753159373,0.19791421905753462,2,up,512480.SS|2025-08-28,green,1.501313971102327,0.27966709958834657
512480.SS|2026-05-11,512480.SS,2026-05-11,4.148148148148145,2026-06-09,1,0.5405503184734887,0.5405503184734887,0.6464860753159373,0.19791421905753462,2,up,512480.SS|2025-08-28,green,1.501313971102327,0.27966709958834657
512480.SS|2026-05-12,512480.SS,2026-05-12,0.5747126436781658,2026-06-10,1,0.5405503184734887,0.5405503184734887,0.6464860753159373,1.438814124332545,2,up,512480.SS|2025-08-28,green,1.501313971102327,0.27966709958834657
512480.SS|2026-05-13,512480.SS,2026-05-13,4.258443465491912,2026-06-11,1,0.5405503184734887,0.5405503184734887,0.6464860753159373,1.438814124332545,2,up,512480.SS|2025-08-28,green,1.501313971102327,0.27966709958834657
512480.SS|2026-05-14,512480.SS,2026-05-14,3.488943488943508,2026-06-12,1,0.5405503184734887,0.5405503184734887,0.6464860753159373,1.438814124332545,2,up,512480.SS|2025-08-28,green,1.501313971102327,0.27966709958834657
512480.SS|2026-05-15,512480.SS,2026-05-15,8.406219630709423,2026-06-15,1,0.5405503184734887,0.5405503184734887,0.6464860753159373,1.438814124332545,2,up,512480.SS|2025-08-28,green,1.501313971102327,0.27966709958834657
512480.SS|2026-05-18,512480.SS,2026-05-18,5.771938057250114,2026-06-16,1,0.5405503184734887,0.5405503184734887,0.6464860753159373,1.438814124332545,2,up,512480.SS|2025-08-28,green,1.501313971102327,0.27966709958834657
512480.SS|2026-05-19,512480.SS,2026-05-19,7.184553210597211,2026-06-17,1,0.5405503184734887,0.5405503184734887,0.6464860753159373,1.438814124332545,2,up,512480.SS|2025-08-28,green,1.501313971102327,0.27966709958834657
512480.SS|2026-05-20,512480.SS,2026-05-20,16.369606003752367,2026-06-18,1,0.5405503184734887,0.5405503184734887,0.6464860753159373,1.438814124332545,2,up,512480.SS|2025-08-28,green,1.501313971102327,0.27966709958834657
512480.SS|2026-05-21,512480.SS,2026-05-21,16.582914572864315,2026-06-22,1,0.5405503184734887,0.5405503184734887,0.6464860753159373,1.438814124332545,2,up,512480.SS|2025-08-28,green,1.501313971102327,0.27966709958834657
512480.SS|2026-05-22,512480.SS,2026-05-22,6.984667802385003,2026-06-23,1,0.5405503184734887,0.5405503184734887,0.6464860753159373,1.438814124332545,2,up,512480.SS|2025-08-28,green,1.501313971102327,0.27966709958834657
512480.SS|2026-05-25,512480.SS,2026-05-25,14.261094355881099,2026-06-24,1,0.5405503184734887,0.5405503184734887,1.259188133787933,2.094156835037915,2,up,512480.SS|2025-08-28,green,1.501313971102327,0.27966709958834657
512480.SS|2026-05-26,512480.SS,2026-05-26,22.472406181015447,2026-06-25,1,0.5405503184734887,0.5405503184734887,1.259188133787933,2.094156835037915,1,up,512480.SS|2025-08-28,green,1.501313971102327,0.27966709958834657
512480.SS|2026-05-27,512480.SS,2026-05-27,19.747166521360082,2026-06-26,1,0.5405503184734887,0.5405503184734887,1.259188133787933,2.094156835037915,1,up,512480.SS|2025-08-28,green,1.501313971102327,0.27966709958834657
512480.SS|2026-05-28,512480.SS,2026-05-28,34.675925925925924,2026-06-29,1,0.5405503184734887,0.5405503184734887,1.259188133787933,2.094156835037915,1,up,512480.SS|2025-08-28,green,1.501313971102327,0.27966709958834657
512480.SS|2026-05-29,512480.SS,2026-05-29,46.871945259042036,2026-06-30,1,0.5405503184734887,0.5405503184734887,1.259188133787933,2.094156835037915,1,up,512480.SS|2025-08-28,green,1.501313971102327,0.27966709958834657
512800.SS|2026-01-05,512800.SS,2026-01-05,-6.909090909090909,2026-02-03,1,0.5405503184734887,0.5405503184734887,0.7244653271708442,0.32595459576784874,3,sideways,512800.SS|2025-12-31,black,0.790094742042968,1.8055216156717744
512800.SS|2026-01-06,512800.SS,2026-01-06,-4.8840048840049,2026-02-04,1,0.5405503184734887,0.5405503184734887,0.7244653271708442,0.32595459576784874,3,sideways,512800.SS|2025-12-31,gray,0.790094742042968,0.3837716579587554
512800.SS|2026-01-07,512800.SS,2026-01-07,-2.3427866831072675,2026-02-05,1,0.5405503184734887,0.5405503184734887,0.7244653271708442,0.24178943892525595,3,sideways,512800.SS|2025-12-31,black,0.790094742042968,1.8055216156717744
512800.SS|2026-01-08,512800.SS,2026-01-08,-2.2277227722772297,2026-02-06,1,0.5405503184734887,0.5405503184734887,0.7244653271708442,0.24178943892525595,3,sideways,512800.SS|2025-12-31,black,0.790094742042968,1.8055216156717744
512800.SS|2026-01-09,512800.SS,2026-01-09,-2.463054187192115,2026-02-09,1,0.5405503184734887,0.5405503184734887,0.7244653271708442,0.32595459576784874,3,sideways,512800.SS|2025-12-31,black,0.790094742042968,1.8055216156717744
512800.SS|2026-01-12,512800.SS,2026-01-12,-2.5766871165644023,2026-02-10,1,0.5405503184734887,0.5405503184734887,0.7244653271708442,0.32595459576784874,3,sideways,512800.SS|2025-12-31,black,0.790094742042968,1.8055216156717744
512800.SS|2026-01-13,512800.SS,2026-01-13,-0.995024875621886,2026-02-11,1,0.5405503184734887,0.5405503184734887,0.7244653271708442,0.32595459576784874,3,sideways,512800.SS|2025-12-31,gray,0.790094742042968,0.3837716579587554
512800.SS|2026-01-14,512800.SS,2026-01-14,-1.383647798742138,2026-02-12,1,0.5405503184734887,0.5405503184734887,0.7244653271708442,0.24178943892525595,3,sideways,512800.SS|2025-12-31,black,0.790094742042968,1.8055216156717744
512800.SS|2026-01-15,512800.SS,2026-01-15,-1.016518424396451,2026-02-13,1,0.5405503184734887,0.5405503184734887,0.2042494648855912,0.5803732353707107,3,sideways,512800.SS|2025-12-31,black,0.790094742042968,1.8055216156717744
512800.SS|2026-01-16,512800.SS,2026-01-16,-0.8928571428571397,2026-02-24,1,0.5405503184734887,0.5405503184734887,0.2042494648855912,0.5636386116296584,3,sideways,512800.SS|2025-12-31,black,0.790094742042968,1.8055216156717744
512800.SS|2026-01-19,512800.SS,2026-01-19,-2.0253164556962022,2026-02-25,1,0.5405503184734887,0.5405503184734887,0.7244653271708442,0.8496097985884562,3,sideways,512800.SS|2025-12-31,black,0.790094742042968,1.8055216156717744
512800.SS|2026-01-20,512800.SS,2026-01-20,-0.7712082262210873,2026-02-26,1,0.5405503184734887,0.5405503184734887,0.7244653271708442,0.32595459576784874,3,sideways,512800.SS|2025-12-31,black,0.790094742042968,1.8055216156717744
512800.SS|2026-01-21,512800.SS,2026-01-21,-0.2580645161290307,2026-02-27,1,0.5405503184734887,0.5405503184734887,0.7244653271708442,0.8496097985884562,3,sideways,512800.SS|2025-12-31,black,0.790094742042968,1.8055216156717744
512800.SS|2026-01-22,512800.SS,2026-01-22,1.303780964797907,2026-03-02,1,0.5405503184734887,0.5405503184734887,0.6082353631561341,0.8496097985884562,3,sideways,512800.SS|2025-12-31,black,0.790094742042968,1.8055216156717744
512800.SS|2026-01-23,512800.SS,2026-01-23,1.6861219195849486,2026-03-03,1,0.5405503184734887,0.5405503184734887,0.6082353631561341,0.8496097985884562,3,sideways,512800.SS|2025-12-31,black,0.790094742042968,1.8055216156717744
512800.SS|2026-01-26,512800.SS,2026-01-26,0.6493506493506551,2026-03-04,1,0.5405503184734887,0.5405503184734887,0.08801950087088105,0.5636386116296584,3,sideways,512800.SS|2025-12-31,black,0.790094742042968,1.8055216156717744
512800.SS|2026-01-27,512800.SS,2026-01-27,2.35294117647058,2026-03-05,1,0.5405503184734887,0.5405503184734887,0.08801950087088105,0.5636386116296584,3,sideways,512800.SS|2025-12-31,black,0.790094742042968,1.8055216156717744
512800.SS|2026-01-28,512800.SS,2026-01-28,0.7712082262210762,2026-03-06,1,0.5405503184734887,0.5405503184734887,0.8350835681802475,0.8496097985884562,3,sideways,512800.SS|2025-12-31,black,0.790094742042968,1.8055216156717744
512800.SS|2026-01-29,512800.SS,2026-01-29,0.3870967741935516,2026-03-09,1,0.5405503184734887,0.5405503184734887,0.08801950087088105,-0.044181748033542155,3,sideways,512800.SS|2025-12-31,black,0.790094742042968,1.8055216156717744
512800.SS|2026-01-30,512800.SS,2026-01-30,0.3865979381443285,2026-03-10,1,0.5405503184734887,0.5405503184734887,1.527844081721243,0.9349123029912778,3,sideways,512800.SS|2025-12-31,black,0.790094742042968,1.8055216156717744
512800.SS|2026-02-02,512800.SS,2026-02-02,2.34375,2026-03-11,1,0.5405503184734887,0.5405503184734887,1.527844081721243,0.9349123029912778,3,sideways,512800.SS|2025-12-31,black,0.790094742042968,1.8055216156717744
512800.SS|2026-02-03,512800.SS,2026-02-03,1.797175866495504,2026-03-12,1,0.5405503184734887,0.5405503184734887,1.4921547776122297,1.6793719682106498,3,sideways,512800.SS|2025-12-31,black,0.790094742042968,1.8055216156717744
512800.SS|2026-02-04,512800.SS,2026-02-04,0.37878787878786735,2026-03-13,1,0.5405503184734887,0.5405503184734887,1.6440740457359533,1.540750535329923,3,sideways,512800.SS|2025-12-31,black,0.790094742042968,1.8055216156717744
512800.SS|2026-02-05,512800.SS,2026-02-05,0.8860759493670711,2026-03-16,1,0.5405503184734887,0.5405503184734887,-0.05309623361490991,-0.289637127198661,3,sideways,512800.SS|2025-12-31,gray,0.790094742042968,0.3837716579587554
512800.SS|2026-02-06,512800.SS,2026-02-06,1.5151515151515138,2026-03-17,1,0.5405503184734887,0.5405503184734887,0.2042494648855912,-0.044181748033542155,3,sideways,512800.SS|2025-12-31,gray,0.790094742042968,0.3837716579587554
512800.SS|2026-02-09,512800.SS,2026-02-09,1.0075566750629594,2026-03-18,1,0.5405503184734887,0.5405503184734887,0.2042494648855912,0.5616564843051033,3,sideways,512800.SS|2025-12-31,gray,0.790094742042968,0.3837716579587554
512800.SS|2026-02-10,512800.SS,2026-02-10,0.3768844221105683,2026-03-19,1,0.5405503184734887,0.5405503184734887,0.2042494648855912,0.5616564843051033,3,sideways,512800.SS|2025-12-31,gray,0.790094742042968,0.3837716579587554
512800.SS|2026-02-11,512800.SS,2026-02-11,1.658163265306123,2026-03-20,1,0.5405503184734887,0.5405503184734887,0.2042494648855912,0.5616564843051033,3,sideways,512800.SS|2025-12-31,gray,0.790094742042968,0.3837716579587554
512800.SS|2026-02-12,512800.SS,2026-02-12,-1.0269576379974277,2026-03-23,1,0.5405503184734887,0.5405503184734887,0.2042494648855912,0.5616564843051033,3,sideways,512800.SS|2025-12-31,black,0.790094742042968,1.8055216156717744
512800.SS|2026-02-13,512800.SS,2026-02-13,1.2870012870012992,2026-03-24,1,0.5405503184734887,0.5405503184734887,0.2042494648855912,0.5616564843051033,3,sideways,512800.SS|2025-12-31,black,0.790094742042968,1.8055216156717744
512800.SS|2026-02-24,512800.SS,2026-02-24,2.5839793281653645,2026-03-25,1,0.5405503184734887,0.5405503184734887,0.03519105375871261,0.413659873487513,3,sideways,512800.SS|2025-12-31,black,0.790094742042968,1.8055216156717744
512800.SS|2026-02-25,512800.SS,2026-02-25,3.1088082901554515,2026-03-26,1,0.5405503184734887,0.5405503184734887,0.2042494648855912,0.5616564843051033,3,sideways,512800.SS|2025-12-31,black,0.790094742042968,1.8055216156717744
512800.SS|2026-02-26,512800.SS,2026-02-26,2.4579560155239433,2026-03-27,1,0.5405503184734887,0.5405503184734887,0.2042494648855912,0.5616564843051033,3,sideways,512800.SS|2025-12-31,black,0.790094742042968,1.8055216156717744
512800.SS|2026-02-27,512800.SS,2026-02-27,2.316602316602312,2026-03-30,1,0.5405503184734887,0.5405503184734887,0.03519105375871261,0.413659873487513,3,sideways,512800.SS|2025-12-31,black,0.790094742042968,1.8055216156717744
512800.SS|2026-03-02,512800.SS,2026-03-02,2.2959183673469497,2026-03-31,1,0.5405503184734887,0.5405503184734887,0.2042494648855912,-0.044181748033542155,3,sideways,512800.SS|2025-12-31,gray,0.790094742042968,0.3837716579587554
512800.SS|2026-03-03,512800.SS,2026-03-03,3.483870967741942,2026-04-01,1,0.5405503184734887,0.5405503184734887,0.2042494648855912,-0.044181748033542155,4,down,512800.SS|2026-03-03,green,0.790094742042968,0.1646051376123328
512800.SS|2026-03-04,512800.SS,2026-03-04,2.809706257982114,2026-04-02,1,0.5405503184734887,0.5405503184734887,0.2042494648855912,-0.044181748033542155,4,down,512800.SS|2026-03-03,gray,0.790094742042968,0.3837716579587554
512800.SS|2026-03-05,512800.SS,2026-03-05,1.658163265306123,2026-04-03,1,0.5405503184734887,0.5405503184734887,0.2042494648855912,-0.044181748033542155,4,down,512800.SS|2026-03-03,green,0.790094742042968,0.1646051376123328
512800.SS|2026-03-06,512800.SS,2026-03-06,1.285347043701801,2026-04-07,1,0.5405503184734887,0.5405503184734887,0.2042494648855912,-0.044181748033542155,4,down,512800.SS|2026-03-03,green,0.790094742042968,0.1646051376123328
512800.SS|2026-03-09,512800.SS,2026-03-09,1.9255455712452019,2026-04-08,1,0.5405503184734887,0.5405503184734887,0.2042494648855912,-0.044181748033542155,4,down,512800.SS|2026-03-03,gray,0.790094742042968,0.3837716579587554
512800.SS|2026-03-10,512800.SS,2026-03-10,0.2544529262086481,2026-04-09,1,0.5405503184734887,0.5405503184734887,0.2042494648855912,-0.044181748033542155,4,down,512800.SS|2026-03-03,gray,0.790094742042968,0.3837716579587554
512800.SS|2026-03-11,512800.SS,2026-03-11,-0.7566204287515754,2026-04-10,1,0.5405503184734887,0.5405503184734887,0.2042494648855912,-0.044181748033542155,4,down,512800.SS|2026-03-03,green,0.790094742042968,0.1646051376123328
512800.SS|2026-03-12,512800.SS,2026-03-12,-0.7547169811320753,2026-04-13,1,0.5405503184734887,0.5405503184734887,0.2042494648855912,-0.044181748033542155,4,down,512800.SS|2026-03-03,green,0.790094742042968,0.1646051376123328
512800.SS|2026-03-13,512800.SS,2026-03-13,-0.37641154328731385,2026-04-14,1,0.5405503184734887,0.5405503184734887,0.7244653271708442,0.24178943892525595,4,down,512800.SS|2026-03-03,green,0.790094742042968,0.1646051376123328
512800.SS|2026-03-16,512800.SS,2026-03-16,-0.24875621890546595,2026-04-15,1,0.5405503184734887,0.5405503184734887,0.7244653271708442,0.24178943892525595,4,down,512800.SS|2026-03-03,green,0.790094742042968,0.1646051376123328
512800.SS|2026-03-17,512800.SS,2026-03-17,-0.12468827930173232,2026-04-16,1,0.5405503184734887,0.5405503184734887,0.7244653271708442,0.24178943892525595,4,down,512800.SS|2026-03-03,green,0.790094742042968,0.1646051376123328
512800.SS|2026-03-18,512800.SS,2026-03-18,-0.3754693366708417,2026-04-17,1,0.5405503184734887,0.5405503184734887,0.7244653271708442,0.24178943892525595,4,down,512800.SS|2026-03-03,green,0.790094742042968,0.1646051376123328
512800.SS|2026-03-19,512800.SS,2026-03-19,1.0037641154328814,2026-04-20,1,0.5405503184734887,0.5405503184734887,0.7244653271708442,0.24178943892525595,4,down,512800.SS|2026-03-03,green,0.790094742042968,0.1646051376123328
512800.SS|2026-03-20,512800.SS,2026-03-20,4.79896238651103,2026-04-21,1,0.5405503184734887,0.5405503184734887,0.7244653271708442,0.32595459576784874,4,down,512800.SS|2026-03-03,green,0.790094742042968,0.1646051376123328
512800.SS|2026-03-23,512800.SS,2026-03-23,1.9059720457433205,2026-04-22,1,0.5405503184734887,0.5405503184734887,0.2042494648855912,-0.044181748033542155,4,down,512800.SS|2026-03-03,black,0.790094742042968,1.8055216156717744
512800.SS|2026-03-24,512800.SS,2026-03-24,1.2594458438287104,2026-04-23,1,0.5405503184734887,0.5405503184734887,0.15678899752156925,-0.2099450470421687,4,down,512800.SS|2026-03-03,gray,0.790094742042968,0.3837716579587554
512800.SS|2026-03-25,512800.SS,2026-03-25,0.8793969849246297,2026-04-24,1,0.5405503184734887,0.5405503184734887,0.15678899752156925,-0.2099450470421687,4,down,512800.SS|2026-03-03,green,0.790094742042968,0.1646051376123328
512800.SS|2026-03-26,512800.SS,2026-03-26,1.0101010101009944,2026-04-27,1,0.5405503184734887,0.5405503184734887,0.15678899752156925,-0.2099450470421687,4,down,512800.SS|2026-03-03,green,0.790094742042968,0.1646051376123328
512800.SS|2026-03-27,512800.SS,2026-03-27,1.0062893081761004,2026-04-28,1,0.5405503184734887,0.5405503184734887,0.15678899752156925,-0.2099450470421687,4,down,512800.SS|2026-03-03,green,0.790094742042968,0.1646051376123328
512800.SS|2026-03-30,512800.SS,2026-03-30,-0.24937655860348684,2026-04-29,1,0.5405503184734887,0.5405503184734887,0.15678899752156925,-0.2099450470421687,4,down,512800.SS|2026-03-03,green,0.790094742042968,0.1646051376123328
512800.SS|2026-03-31,512800.SS,2026-03-31,-0.8728179551122262,2026-04-30,1,0.5405503184734887,0.5405503184734887,0.15678899752156925,-0.2099450470421687,4,down,512800.SS|2026-03-03,green,0.790094742042968,0.1646051376123328
512800.SS|2026-04-01,512800.SS,2026-04-01,-2.1118012422360333,2026-05-06,1,0.5405503184734887,0.5405503184734887,0.15678899752156925,-0.2099450470421687,4,down,512800.SS|2026-03-03,green,0.790094742042968,0.1646051376123328
512800.SS|2026-04-02,512800.SS,2026-04-02,-1.6311166875784155,2026-05-07,1,0.5405503184734887,0.5405503184734887,0.15678899752156925,-0.2099450470421687,4,down,512800.SS|2026-03-03,green,0.790094742042968,0.1646051376123328
512800.SS|2026-04-03,512800.SS,2026-04-03,-0.3807106598984644,2026-05-08,1,0.5405503184734887,0.5405503184734887,0.15678899752156925,-0.2099450470421687,4,down,512800.SS|2026-03-03,green,0.790094742042968,0.1646051376123328
512800.SS|2026-04-07,512800.SS,2026-04-07,-1.133501259445846,2026-05-11,1,0.5405503184734887,0.5405503184734887,0.15678899752156925,-0.2099450470421687,4,down,512800.SS|2026-03-03,gray,0.790094742042968,0.3837716579587554
512800.SS|2026-04-08,512800.SS,2026-04-08,-0.761421319796951,2026-05-12,1,0.5405503184734887,0.5405503184734887,0.15678899752156925,-0.2099450470421687,4,down,512800.SS|2026-03-03,green,0.790094742042968,0.1646051376123328
512800.SS|2026-04-09,512800.SS,2026-04-09,-0.8894536213468918,2026-05-13,1,0.5405503184734887,0.5405503184734887,0.15678899752156925,-0.2099450470421687,4,down,512800.SS|2026-03-03,gray,0.790094742042968,0.3837716579587554
512800.SS|2026-04-10,512800.SS,2026-04-10,-0.6337135614702172,2026-05-14,1,0.5405503184734887,0.5405503184734887,0.15678899752156925,-0.2099450470421687,4,down,512800.SS|2026-03-03,black,0.790094742042968,1.8055216156717744
512800.SS|2026-04-13,512800.SS,2026-04-13,-1.8891687657430878,2026-05-15,1,0.5405503184734887,0.5405503184734887,0.15678899752156925,-0.2099450470421687,4,down,512800.SS|2026-03-03,black,0.790094742042968,1.8055216156717744
512800.SS|2026-04-14,512800.SS,2026-04-14,-3.8653366583541127,2026-05-18,1,0.5405503184734887,0.5405503184734887,0.15678899752156925,-0.2099450470421687,4,down,512800.SS|2026-03-03,gray,0.790094742042968,0.3837716579587554
512800.SS|2026-04-15,512800.SS,2026-04-15,-3.2459425717852763,2026-05-19,1,0.5405503184734887,0.5405503184734887,0.15678899752156925,-0.2099450470421687,4,down,512800.SS|2026-03-03,gray,0.790094742042968,0.3837716579587554
512800.SS|2026-04-16,512800.SS,2026-04-16,-3.5175879396984966,2026-05-20,1,0.5405503184734887,0.5405503184734887,0.15678899752156925,-0.2099450470421687,4,down,512800.SS|2026-03-03,gray,0.790094742042968,0.3837716579587554
512800.SS|2026-04-17,512800.SS,2026-04-17,-4.223602484472055,2026-05-21,1,0.5405503184734887,0.5405503184734887,0.15678899752156925,-0.2099450470421687,4,down,512800.SS|2026-03-03,gray,0.790094742042968,0.3837716579587554
512800.SS|2026-04-20,512800.SS,2026-04-20,-4.8267326732673315,2026-05-22,1,0.5405503184734887,0.5405503184734887,0.15678899752156925,-0.2099450470421687,4,down,512800.SS|2026-03-03,green,0.790094742042968,0.1646051376123328
512800.SS|2026-04-21,512800.SS,2026-04-21,-4.364089775561086,2026-05-25,1,0.5405503184734887,0.5405503184734887,0.2042494648855912,-0.044181748033542155,4,down,512800.SS|2026-03-03,green,0.790094742042968,0.1646051376123328
512800.SS|2026-04-22,512800.SS,2026-04-22,-4.104477611940293,2026-05-26,1,0.5405503184734887,0.5405503184734887,0.7244653271708442,0.24178943892525595,4,down,512800.SS|2026-03-03,green,0.790094742042968,0.1646051376123328
512800.SS|2026-04-23,512800.SS,2026-04-23,-4.483188044831876,2026-05-27,1,0.5405503184734887,0.5405503184734887,0.7244653271708442,0.32595459576784874,4,down,512800.SS|2026-03-03,green,0.790094742042968,0.1646051376123328
512800.SS|2026-04-24,512800.SS,2026-04-24,-4.875000000000007,2026-05-28,1,0.5405503184734887,0.5405503184734887,0.7244653271708442,0.32595459576784874,4,down,512800.SS|2026-03-03,green,0.790094742042968,0.1646051376123328
512800.SS|2026-04-27,512800.SS,2026-04-27,-3.3623910336239127,2026-05-29,1,0.5405503184734887,0.5405503184734887,0.7244653271708442,0.32595459576784874,4,down,512800.SS|2026-03-03,green,0.790094742042968,0.1646051376123328
512800.SS|2026-04-28,512800.SS,2026-04-28,-1.8749999999999933,2026-06-01,1,0.5405503184734887,0.5405503184734887,0.7244653271708442,0.32595459576784874,4,down,512800.SS|2026-03-03,green,0.790094742042968,0.1646051376123328
512800.SS|2026-04-29,512800.SS,2026-04-29,-0.6289308176100517,2026-06-02,1,0.5405503184734887,0.5405503184734887,0.7244653271708442,0.32595459576784874,4,down,512800.SS|2026-03-03,gray,0.790094742042968,0.3837716579587554
512800.SS|2026-04-30,512800.SS,2026-04-30,-0.6345177664974444,2026-06-03,1,0.5405503184734887,0.5405503184734887,0.7244653271708442,0.32595459576784874,4,down,512800.SS|2026-03-03,black,0.790094742042968,1.8055216156717744
512800.SS|2026-05-06,512800.SS,2026-05-06,-1.2755102040816202,2026-06-04,1,0.5405503184734887,0.5405503184734887,0.7244653271708442,0.24178943892525595,4,down,512800.SS|2026-03-03,black,0.790094742042968,1.8055216156717744
512800.SS|2026-05-07,512800.SS,2026-05-07,-0.1273885350318582,2026-06-05,1,0.5405503184734887,0.5405503184734887,0.7244653271708442,0.32595459576784874,4,down,512800.SS|2026-03-03,black,0.790094742042968,1.8055216156717744
512800.SS|2026-05-08,512800.SS,2026-05-08,0.5095541401273884,2026-06-08,1,0.5405503184734887,0.5405503184734887,0.7244653271708442,0.32595459576784874,4,down,512800.SS|2026-03-03,black,0.790094742042968,1.8055216156717744
512800.SS|2026-05-11,512800.SS,2026-05-11,1.278772378516635,2026-06-09,1,0.5405503184734887,0.5405503184734887,0.7244653271708442,0.32595459576784874,4,down,512800.SS|2026-03-03,black,0.790094742042968,1.8055216156717744
512800.SS|2026-05-12,512800.SS,2026-05-12,3.3333333333333215,2026-06-10,1,0.5405503184734887,0.5405503184734887,0.7244653271708442,0.32595459576784874,4,down,512800.SS|2026-03-03,black,0.790094742042968,1.8055216156717744
512800.SS|2026-05-13,512800.SS,2026-05-13,2.2959183673469497,2026-06-11,1,0.5405503184734887,0.5405503184734887,0.7244653271708442,0.32595459576784874,4,down,512800.SS|2026-03-03,black,0.790094742042968,1.8055216156717744
512800.SS|2026-05-14,512800.SS,2026-05-14,4.492939666238782,2026-06-12,1,0.5405503184734887,0.5405503184734887,0.7244653271708442,0.32595459576784874,4,down,512800.SS|2026-03-03,black,0.790094742042968,1.8055216156717744
512800.SS|2026-05-15,512800.SS,2026-05-15,4.020752269779493,2026-06-15,1,0.5405503184734887,0.5405503184734887,0.7244653271708442,0.32595459576784874,4,down,512800.SS|2026-03-03,black,0.790094742042968,1.8055216156717744
512800.SS|2026-05-18,512800.SS,2026-05-18,2.1935483870967776,2026-06-16,1,0.5405503184734887,0.5405503184734887,0.7244653271708442,0.32595459576784874,4,down,512800.SS|2026-03-03,black,0.790094742042968,1.8055216156717744
512800.SS|2026-05-19,512800.SS,2026-05-19,2.213541666666674,2026-06-17,1,0.5405503184734887,0.5405503184734887,0.7244653271708442,0.32595459576784874,4,down,512800.SS|2026-03-03,black,0.790094742042968,1.8055216156717744
512800.SS|2026-05-20,512800.SS,2026-05-20,-0.6485084306096067,2026-06-18,1,0.5405503184734887,0.5405503184734887,0.7244653271708442,0.9317928281064941,4,down,512800.SS|2026-03-03,black,0.790094742042968,1.8055216156717744
512800.SS|2026-05-21,512800.SS,2026-05-21,0.2600780234070177,2026-06-22,1,0.5405503184734887,0.5405503184734887,0.7244653271708442,0.9317928281064941,4,down,512800.SS|2026-03-03,black,0.790094742042968,1.8055216156717744
512800.SS|2026-05-22,512800.SS,2026-05-22,1.4341590612777066,2026-06-23,1,0.5405503184734887,0.5405503184734887,0.7244653271708442,0.9317928281064941,4,down,512800.SS|2026-03-03,black,0.790094742042968,1.8055216156717744
512800.SS|2026-05-25,512800.SS,2026-05-25,-1.2970168612192023,2026-06-24,1,0.5405503184734887,0.5405503184734887,0.7244653271708442,0.9317928281064941,3,sideways,512800.SS|2026-05-25,black,0.790094742042968,1.8055216156717744
512800.SS|2026-05-26,512800.SS,2026-05-26,-1.8252933507170832,2026-06-25,1,0.5405503184734887,0.5405503184734887,0.7244653271708442,0.9317928281064941,3,sideways,512800.SS|2026-05-25,black,0.790094742042968,1.8055216156717744
512800.SS|2026-05-27,512800.SS,2026-05-27,-1.9710906701708275,2026-06-26,1,0.5405503184734887,0.5405503184734887,0.7244653271708442,0.9317928281064941,3,sideways,512800.SS|2026-05-25,black,0.790094742042968,1.8055216156717744
512800.SS|2026-05-28,512800.SS,2026-05-28,-3.350515463917536,2026-06-29,1,0.5405503184734887,0.5405503184734887,0.7244653271708442,0.9317928281064941,3,sideways,512800.SS|2026-05-25,black,0.790094742042968,1.8055216156717744
512800.SS|2026-05-29,512800.SS,2026-05-29,-6.496815286624214,2026-06-30,1,0.5405503184734887,0.5405503184734887,0.3193205072077125,0.6021722920987823,3,sideways,512800.SS|2026-05-25,black,0.790094742042968,1.8055216156717744
588000.SS|2026-01-05,588000.SS,2026-01-05,2.8571428571428026,2026-02-03,1,0.5405503184734887,0.5405503184734887,0.1717096255854193,-0.3398284964499094,2,up,588000.SS|2025-08-28,green,0.6791192805181738,0.4714985835528431
588000.SS|2026-01-06,588000.SS,2026-01-06,0.7236842105262653,2026-02-04,1,0.5405503184734887,0.5405503184734887,0.11657678941839358,-0.30033579223013646,2,up,588000.SS|2025-08-28,green,0.6791192805181738,0.4714985835528431
588000.SS|2026-01-07,588000.SS,2026-01-07,-1.5022860875245625,2026-02-05,1,0.5405503184734887,0.5405503184734887,0.11657678941839358,-0.30033579223013646,2,up,588000.SS|2025-08-28,green,0.6791192805181738,0.4714985835528431
588000.SS|2026-01-08,588000.SS,2026-01-08,-3.539253539253606,2026-02-06,1,0.5405503184734887,0.5405503184734887,0.11657678941839358,-0.30033579223013646,2,up,588000.SS|2025-08-28,green,0.6791192805181738,0.4714985835528431
588000.SS|2026-01-09,588000.SS,2026-01-09,-3.701380175658797,2026-02-09,1,0.5405503184734887,0.5405503184734887,0.11657678941839358,-0.30033579223013646,2,up,588000.SS|2025-08-28,green,0.6791192805181738,0.4714985835528431
588000.SS|2026-01-12,588000.SS,2026-01-12,0.06455777921232642,2026-02-10,1,0.5405503184734887,0.5405503184734887,0.11657678941839358,-0.30033579223013646,2,up,588000.SS|2025-08-28,green,0.6791192805181738,0.4714985835528431
588000.SS|2026-01-13,588000.SS,2026-01-13,-2.913236225459237,2026-02-11,1,0.5405503184734887,0.5405503184734887,-0.4836264474426035,0.05374743070064658,2,up,588000.SS|2025-08-28,green,0.6791192805181738,0.4714985835528431
588000.SS|2026-01-14,588000.SS,2026-01-14,-0.8900190718373113,2026-02-12,1,0.5405503184734887,0.5405503184734887,0.11657678941839358,0.3055024401085088,2,up,588000.SS|2025-08-28,green,0.6791192805181738,0.4714985835528431
588000.SS|2026-01-15,588000.SS,2026-01-15,-2.8248587570621986,2026-02-13,1,0.5405503184734887,0.5405503184734887,0.11657678941839358,0.3055024401085088,2,up,588000.SS|2025-08-28,green,0.6791192805181738,0.4714985835528431
588000.SS|2026-01-16,588000.SS,2026-01-16,-2.7112232030265138,2026-02-24,1,0.5405503184734887,0.5405503184734887,0.11657678941839358,0.3055024401085088,2,up,588000.SS|2025-08-28,green,0.6791192805181738,0.4714985835528431
588000.SS|2026-01-19,588000.SS,2026-01-19,-0.5128205128205443,2026-02-25,1,0.5405503184734887,0.5405503184734887,0.11657678941839358,0.3055024401085088,2,up,588000.SS|2025-08-28,green,0.6791192805181738,0.4714985835528431
588000.SS|2026-01-20,588000.SS,2026-01-20,-3.217821782178232,2026-02-26,1,0.5405503184734887,0.5405503184734887,0.7050444576651266,1.5464023453835194,2,up,588000.SS|2025-08-28,green,0.6791192805181738,0.4714985835528431
588000.SS|2026-01-21,588000.SS,2026-01-21,-3.4525277435265456,2026-02-27,1,0.5405503184734887,0.5405503184734887,0.7050444576651266,1.5464023453835194,2,up,588000.SS|2025-08-28,green,0.6791192805181738,0.4714985835528431
588000.SS|2026-01-22,588000.SS,2026-01-22,-5.565749235474026,2026-03-02,1,0.5405503184734887,0.5405503184734887,0.7050444576651266,1.5464023453835194,2,up,588000.SS|2025-08-28,green,0.6791192805181738,0.4714985835528431
588000.SS|2026-01-23,588000.SS,2026-01-23,-9.349845201238416,2026-03-03,1,0.5405503184734887,0.5405503184734887,0.7050444576651266,1.5464023453835194,2,up,588000.SS|2025-08-28,green,0.6791192805181738,0.4714985835528431
588000.SS|2026-01-26,588000.SS,2026-01-26,-11.036585365853679,2026-03-04,1,0.5405503184734887,0.5405503184734887,0.7050444576651266,1.5464023453835194,2,up,588000.SS|2025-08-28,green,0.6791192805181738,0.4714985835528431
588000.SS|2026-01-27,588000.SS,2026-01-27,-9.357798165137632,2026-03-05,1,0.5405503184734887,0.5405503184734887,0.7050444576651266,1.5464023453835194,2,up,588000.SS|2025-08-28,green,0.6791192805181738,0.4714985835528431
588000.SS|2026-01-28,588000.SS,2026-01-28,-6.167400881057283,2026-03-06,1,0.5405503184734887,0.5405503184734887,0.7050444576651266,1.5464023453835194,2,up,588000.SS|2025-08-28,green,0.6791192805181738,0.4714985835528431
588000.SS|2026-01-29,588000.SS,2026-01-29,-7.745591939546614,2026-03-09,1,0.5405503184734887,0.5405503184734887,0.10484122080412975,1.294647335975657,2,up,588000.SS|2025-08-28,green,0.6791192805181738,0.4714985835528431
588000.SS|2026-01-30,588000.SS,2026-01-30,-2.15968586387435,2026-03-10,1,0.5405503184734887,0.5405503184734887,0.10484122080412975,1.294647335975657,2,up,588000.SS|2025-08-28,green,0.6791192805181738,0.4714985835528431
588000.SS|2026-02-02,588000.SS,2026-02-02,-4.586563307493541,2026-03-11,1,0.5405503184734887,0.5405503184734887,-0.4836264474426035,0.05374743070064658,2,up,588000.SS|2025-08-28,gray,0.6791192805181738,-0.8221211168632873
588000.SS|2026-02-03,588000.SS,2026-02-03,-4.898758981058126,2026-03-12,1,0.5405503184734887,0.5405503184734887,-0.4836264474426035,0.05374743070064658,2,up,588000.SS|2025-08-28,gray,0.6791192805181738,-0.8221211168632873
588000.SS|2026-02-04,588000.SS,2026-02-04,-3.8461538461538547,2026-03-13,1,0.5405503184734887,0.5405503184734887,-0.4836264474426035,0.05374743070064658,2,up,588000.SS|2025-08-28,gray,0.6791192805181738,-0.8221211168632873
588000.SS|2026-02-05,588000.SS,2026-02-05,-2.735156771180791,2026-03-16,1,0.5405503184734887,0.5405503184734887,-0.4836264474426035,1.1222467626214578,2,up,588000.SS|2025-08-28,black,0.6791192805181738,1.3064644749230574
588000.SS|2026-02-06,588000.SS,2026-02-06,-6.970684039087949,2026-03-17,1,0.5405503184734887,0.5405503184734887,-0.4836264474426035,1.1222467626214578,2,up,588000.SS|2025-08-28,black,0.6791192805181738,1.3064644749230574
588000.SS|2026-02-09,588000.SS,2026-02-09,-6.774193548387075,2026-03-18,1,0.5405503184734887,0.5405503184734887,-0.4836264474426035,0.05374743070064658,2,up,588000.SS|2025-08-28,black,0.6791192805181738,1.3064644749230574
588000.SS|2026-02-10,588000.SS,2026-02-10,-7.9582517938681985,2026-03-19,1,0.5405503184734887,0.5405503184734887,-0.4836264474426035,-0.7134922058584541,2,up,588000.SS|2025-08-28,green,0.6791192805181738,0.4714985835528431
588000.SS|2026-02-11,588000.SS,2026-02-11,-10.968569595894785,2026-03-20,1,0.5405503184734887,0.5405503184734887,0.11657678941839358,-0.30033579223013646,2,up,588000.SS|2025-08-28,black,0.6791192805181738,1.3064644749230574
588000.SS|2026-02-12,588000.SS,2026-02-12,-14.147286821705418,2026-03-23,1,0.5405503184734887,0.5405503184734887,-0.4836264474426035,-0.7134922058584541,2,up,588000.SS|2025-08-28,gray,0.6791192805181738,-0.8221211168632873
588000.SS|2026-02-13,588000.SS,2026-02-13,-11.924821775761519,2026-03-24,1,0.5405503184734887,0.5405503184734887,-0.4836264474426035,-0.7134922058584541,2,up,588000.SS|2025-08-28,black,0.6791192805181738,1.3064644749230574
588000.SS|2026-02-24,588000.SS,2026-02-24,-10.760309278350533,2026-03-25,1,0.5405503184734887,0.5405503184734887,-0.4836264474426035,-0.7134922058584541,2,up,588000.SS|2025-08-28,black,0.6791192805181738,1.3064644749230574
588000.SS|2026-02-25,588000.SS,2026-02-25,-13.23529411764708,2026-03-26,1,0.5405503184734887,0.5405503184734887,0.11657678941839358,-0.5232761543113883,2,up,588000.SS|2025-08-28,gray,0.6791192805181738,-0.8221211168632873
588000.SS|2026-02-26,588000.SS,2026-02-26,-12.515964240102184,2026-03-27,1,0.5405503184734887,0.5405503184734887,0.11657678941839358,-0.5232761543113883,2,up,588000.SS|2025-08-28,gray,0.6791192805181738,-0.8221211168632873
588000.SS|2026-02-27,588000.SS,2026-02-27,-11.981865284974102,2026-03-30,1,0.5405503184734887,0.5405503184734887,0.11657678941839358,-0.5232761543113883,2,up,588000.SS|2025-08-28,gray,0.6791192805181738,-0.8221211168632873
588000.SS|2026-03-02,588000.SS,2026-03-02,-9.562841530054655,2026-03-31,1,0.5405503184734887,0.5405503184734887,0.2822146830134502,-0.30033579223013646,2,up,588000.SS|2025-08-28,black,0.6791192805181738,1.3064644749230574
588000.SS|2026-03-03,588000.SS,2026-03-03,-6.168608636052097,2026-04-01,1,0.5405503184734887,0.5405503184734887,-0.3766126085176827,0.5489791832741794,2,up,588000.SS|2025-08-28,black,0.6791192805181738,1.3064644749230574
588000.SS|2026-03-04,588000.SS,2026-03-04,-10.256410256410264,2026-04-02,1,0.5405503184734887,0.5405503184734887,0.21438094864971213,0.5489791832741794,2,up,588000.SS|2025-08-28,black,0.6791192805181738,1.3064644749230574
588000.SS|2026-03-05,588000.SS,2026-03-05,-11.200536552649233,2026-04-03,1,0.5405503184734887,0.5405503184734887,-0.3766126085176827,0.5489791832741794,2,up,588000.SS|2025-08-28,black,0.6791192805181738,1.3064644749230574
588000.SS|2026-03-06,588000.SS,2026-03-06,-8.395904436860068,2026-04-07,1,0.5405503184734887,0.5405503184734887,-0.3179885538475469,-0.7134922058584541,2,up,588000.SS|2025-08-28,black,0.6791192805181738,1.3064644749230574
588000.SS|2026-03-09,588000.SS,2026-03-09,-4.682274247491646,2026-04-08,1,0.5405503184734887,0.5405503184734887,-0.3766126085176827,0.5489791832741794,2,up,588000.SS|2025-08-28,black,0.6791192805181738,1.3064644749230574
588000.SS|2026-03-10,588000.SS,2026-03-10,-4.197698036560604,2026-04-09,1,0.5405503184734887,0.5405503184734887,0.11657678941839358,-0.30033579223013646,2,up,588000.SS|2025-08-28,black,0.6791192805181738,1.3064644749230574
588000.SS|2026-03-11,588000.SS,2026-03-11,-1.3049450549450614,2026-04-10,1,0.5405503184734887,0.5405503184734887,0.11657678941839358,-0.30033579223013646,2,up,588000.SS|2025-08-28,black,0.6791192805181738,1.3064644749230574
588000.SS|2026-03-12,588000.SS,2026-03-12,-0.13793103448275223,2026-04-13,1,0.5405503184734887,0.5405503184734887,0.11657678941839358,0.9010839206869189,2,up,588000.SS|2025-08-28,black,0.6791192805181738,1.3064644749230574
588000.SS|2026-03-13,588000.SS,2026-03-13,1.4403292181069949,2026-04-14,1,0.5405503184734887,0.5405503184734887,0.11657678941839358,0.9010839206869189,2,up,588000.SS|2025-08-28,black,0.6791192805181738,1.3064644749230574
588000.SS|2026-03-16,588000.SS,2026-03-16,3.7815126050420256,2026-04-15,1,0.5405503184734887,0.5405503184734887,0.11657678941839358,0.8140660244398447,2,up,588000.SS|2025-08-28,black,0.6791192805181738,1.3064644749230574
588000.SS|2026-03-17,588000.SS,2026-03-17,3.667820069204164,2026-04-16,1,0.5405503184734887,0.5405503184734887,0.15927839882776954,0.9010839206869189,2,up,588000.SS|2025-08-28,black,0.6791192805181738,1.3064644749230574
588000.SS|2026-03-18,588000.SS,2026-03-18,6.236711552090712,2026-04-17,1,0.5405503184734887,0.5405503184734887,0.2822146830134502,0.8140660244398447,2,up,588000.SS|2025-08-28,black,0.6791192805181738,1.3064644749230574
588000.SS|2026-03-19,588000.SS,2026-03-19,10.01440922190202,2026-04-20,1,0.5405503184734887,0.5405503184734887,0.15927839882776954,0.9010839206869189,2,up,588000.SS|2025-08-28,black,0.6791192805181738,1.3064644749230574
588000.SS|2026-03-20,588000.SS,2026-03-20,13.167795334838228,2026-04-21,1,0.5405503184734887,0.5405503184734887,0.013417672090193112,1.3129500958137421,2,up,588000.SS|2025-08-28,black,0.6791192805181738,1.3064644749230574
588000.SS|2026-03-23,588000.SS,2026-03-23,12.509197939661544,2026-04-22,1,0.5405503184734887,0.5405503184734887,0.21438094864971213,1.1222467626214578,2,up,588000.SS|2025-08-28,black,0.6791192805181738,1.3064644749230574
588000.SS|2026-03-24,588000.SS,2026-03-24,8.880866425992796,2026-04-23,1,0.5405503184734887,0.5405503184734887,0.21438094864971213,1.1222467626214578,2,up,588000.SS|2025-08-28,black,0.6791192805181738,1.3064644749230574
588000.SS|2026-03-25,588000.SS,2026-03-25,12.82240235814298,2026-04-24,1,0.5405503184734887,0.5405503184734887,0.21438094864971213,1.1222467626214578,2,up,588000.SS|2025-08-28,black,0.6791192805181738,1.3064644749230574
588000.SS|2026-03-26,588000.SS,2026-03-26,16.131386861313878,2026-04-27,1,0.5405503184734887,0.5405503184734887,-0.19076387131341954,0.876791383456339,2,up,588000.SS|2025-08-28,black,0.6791192805181738,1.3064644749230574
588000.SS|2026-03-27,588000.SS,2026-03-27,15.378955114054449,2026-04-28,1,0.5405503184734887,0.5405503184734887,-0.19076387131341954,0.876791383456339,2,up,588000.SS|2025-08-28,black,0.6791192805181738,1.3064644749230574
588000.SS|2026-03-30,588000.SS,2026-03-30,18.95770392749243,2026-04-29,1,0.5405503184734887,0.5405503184734887,-0.19076387131341954,0.876791383456339,2,up,588000.SS|2025-08-28,black,0.6791192805181738,1.3064644749230574
588000.SS|2026-03-31,588000.SS,2026-03-31,20.818115412709993,2026-04-30,1,0.5405503184734887,0.5405503184734887,-0.633958307018184,0.876791383456339,2,up,588000.SS|2025-08-28,black,0.6791192805181738,1.3064644749230574
588000.SS|2026-04-01,588000.SS,2026-04-01,31.12781954887214,2026-05-06,1,0.5405503184734887,0.5405503184734887,-0.7231333738106785,0.7287218109936866,2,up,588000.SS|2025-08-28,black,0.6791192805181738,1.3064644749230574
588000.SS|2026-04-02,588000.SS,2026-04-02,33.610271903323216,2026-05-07,1,0.5405503184734887,0.5405503184734887,-0.04296474985078897,0.876791383456339,2,up,588000.SS|2025-08-28,black,0.6791192805181738,1.3064644749230574
588000.SS|2026-04-03,588000.SS,2026-04-03,28.68852459016391,2026-05-08,1,0.5405503184734887,0.5405503184734887,2.0039900187098687,2.1013408136462766,2,up,588000.SS|2025-08-28,black,0.6791192805181738,1.3064644749230574
588000.SS|2026-04-07,588000.SS,2026-04-07,27.08771929824558,2026-05-11,1,0.5405503184734887,0.5405503184734887,-0.7817574284808146,0.876791383456339,2,up,588000.SS|2025-08-28,black,0.6791192805181738,1.3064644749230574
588000.SS|2026-04-08,588000.SS,2026-04-08,28.339222614840963,2026-05-12,1,0.5405503184734887,0.5405503184734887,-0.8887712674057352,-0.1917079484644726,2,up,588000.SS|2025-08-28,gray,0.6791192805181738,-0.8221211168632873
588000.SS|2026-04-09,588000.SS,2026-04-09,29.784272790535816,2026-05-13,1,0.5405503184734887,0.5405503184734887,-0.4836264474426035,0.05374743070064658,2,up,588000.SS|2025-08-28,gray,0.6791192805181738,-0.8221211168632873
588000.SS|2026-04-10,588000.SS,2026-04-10,25.345303867403302,2026-05-14,1,0.5405503184734887,0.5405503184734887,-0.4836264474426035,0.05374743070064658,2,up,588000.SS|2025-08-28,gray,0.6791192805181738,-0.8221211168632873
588000.SS|2026-04-13,588000.SS,2026-04-13,20.824881676808605,2026-05-15,1,0.5405503184734887,0.5405503184734887,-0.4836264474426035,0.05374743070064658,2,up,588000.SS|2025-08-28,gray,0.6791192805181738,-0.8221211168632873
588000.SS|2026-04-14,588000.SS,2026-04-14,21.659919028340035,2026-05-18,1,0.5405503184734887,0.5405503184734887,-0.4836264474426035,0.05374743070064658,2,up,588000.SS|2025-08-28,green,0.6791192805181738,0.4714985835528431
588000.SS|2026-04-15,588000.SS,2026-04-15,24.89986648865148,2026-05-19,1,0.5405503184734887,0.5405503184734887,-0.4836264474426035,0.05374743070064658,2,up,588000.SS|2025-08-28,green,0.6791192805181738,0.4714985835528431
588000.SS|2026-04-16,588000.SS,2026-04-16,28.819212808538985,2026-05-20,1,0.5405503184734887,0.5405503184734887,-0.4836264474426035,0.05374743070064658,2,up,588000.SS|2025-08-28,green,0.6791192805181738,0.4714985835528431
588000.SS|2026-04-17,588000.SS,2026-04-17,21.807465618860444,2026-05-21,1,0.5405503184734887,0.5405503184734887,-0.4836264474426035,0.05374743070064658,2,up,588000.SS|2025-08-28,green,0.6791192805181738,0.4714985835528431
588000.SS|2026-04-20,588000.SS,2026-04-20,25.465425531914843,2026-05-22,1,0.5405503184734887,0.5405503184734887,-0.4836264474426035,0.05374743070064658,2,up,588000.SS|2025-08-28,green,0.6791192805181738,0.4714985835528431
588000.SS|2026-04-21,588000.SS,2026-04-21,30.673642903858656,2026-05-25,1,0.5405503184734887,0.5405503184734887,-0.4836264474426035,0.05374743070064658,2,up,588000.SS|2025-08-28,green,0.6791192805181738,0.4714985835528431
588000.SS|2026-04-22,588000.SS,2026-04-22,30.50397877984079,2026-05-26,1,0.5405503184734887,0.5405503184734887,-0.4836264474426035,0.05374743070064658,3,sideways,588000.SS|2026-04-22,green,0.6791192805181738,0.4714985835528431
588000.SS|2026-04-23,588000.SS,2026-04-23,24.820378837361147,2026-05-27,1,0.5405503184734887,0.5405503184734887,-0.4836264474426035,0.05374743070064658,3,sideways,588000.SS|2026-04-22,green,0.6791192805181738,0.4714985835528431
588000.SS|2026-04-24,588000.SS,2026-04-24,22.06159648020105,2026-05-28,1,0.5405503184734887,0.5405503184734887,-0.4836264474426035,0.05374743070064658,3,sideways,588000.SS|2026-04-22,green,0.6791192805181738,0.4714985835528431
588000.SS|2026-04-27,588000.SS,2026-04-27,17.602040816326458,2026-05-29,1,0.5405503184734887,0.5405503184734887,-0.4836264474426035,0.05374743070064658,3,sideways,588000.SS|2026-04-22,green,0.6791192805181738,0.4714985835528431
588000.SS|2026-04-28,588000.SS,2026-04-28,11.36507936507931,2026-06-01,1,0.5405503184734887,0.5405503184734887,-0.4836264474426035,0.05374743070064658,3,sideways,588000.SS|2026-04-22,green,0.6791192805181738,0.4714985835528431
588000.SS|2026-04-29,588000.SS,2026-04-29,7.6783555018137495,2026-06-02,1,0.5405503184734887,0.5405503184734887,0.04102834855367568,0.05374743070064658,3,sideways,588000.SS|2026-04-22,green,0.6791192805181738,0.4714985835528431
588000.SS|2026-04-30,588000.SS,2026-04-30,4.529816513761453,2026-06-03,1,0.5405503184734887,0.5405503184734887,0.04102834855367568,0.05374743070064658,3,sideways,588000.SS|2026-04-22,green,0.6791192805181738,0.4714985835528431
588000.SS|2026-05-06,588000.SS,2026-05-06,3.5613340870548127,2026-06-04,1,0.5405503184734887,0.5405503184734887,0.04102834855367568,0.05374743070064658,3,sideways,588000.SS|2026-04-22,green,0.6791192805181738,0.4714985835528431
588000.SS|2026-05-07,588000.SS,2026-05-07,2.0845396641574476,2026-06-05,1,0.5405503184734887,0.5405503184734887,0.04102834855367568,0.05374743070064658,3,sideways,588000.SS|2026-04-22,green,0.6791192805181738,0.4714985835528431
588000.SS|2026-05-08,588000.SS,2026-05-08,-7.06791827719494,2026-06-08,1,0.5405503184734887,0.5405503184734887,0.6294960168004089,0.05374743070064658,3,sideways,588000.SS|2026-04-22,green,0.6791192805181738,0.4714985835528431
588000.SS|2026-05-11,588000.SS,2026-05-11,-3.3590308370044397,2026-06-09,1,0.5405503184734887,0.5405503184734887,0.6294960168004089,0.05374743070064658,3,sideways,588000.SS|2026-04-22,green,0.6791192805181738,0.4714985835528431
588000.SS|2026-05-12,588000.SS,2026-05-12,-6.487935656836486,2026-06-10,1,0.5405503184734887,0.5405503184734887,0.6294960168004089,0.05374743070064658,3,sideways,588000.SS|2026-04-22,green,0.6791192805181738,0.4714985835528431
588000.SS|2026-05-13,588000.SS,2026-05-13,-3.2506887052341726,2026-06-11,1,0.5405503184734887,0.5405503184734887,0.6294960168004089,0.05374743070064658,3,sideways,588000.SS|2026-04-22,green,0.6791192805181738,0.4714985835528431
588000.SS|2026-05-14,588000.SS,2026-05-14,-1.734750979294919,2026-06-12,1,0.5405503184734887,0.5405503184734887,0.6294960168004089,1.294647335975657,2,up,588000.SS|2026-05-14,green,0.6791192805181738,0.4714985835528431
588000.SS|2026-05-15,588000.SS,2026-05-15,2.27398779811423,2026-06-15,1,0.5405503184734887,0.5405503184734887,0.6294960168004089,1.294647335975657,2,up,588000.SS|2026-05-14,green,0.6791192805181738,0.4714985835528431
588000.SS|2026-05-18,588000.SS,2026-05-18,-0.8551576696953722,2026-06-16,1,0.5405503184734887,0.5405503184734887,0.6294960168004089,1.294647335975657,2,up,588000.SS|2026-05-14,green,0.6791192805181738,0.4714985835528431
588000.SS|2026-05-19,588000.SS,2026-05-19,0.4142931123769955,2026-06-17,1,0.5405503184734887,0.5405503184734887,0.6294960168004089,1.294647335975657,2,up,588000.SS|2026-05-14,green,0.6791192805181738,0.4714985835528431
588000.SS|2026-05-20,588000.SS,2026-05-20,8.44086021505377,2026-06-18,1,0.5405503184734887,0.5405503184734887,0.6294960168004089,1.294647335975657,2,up,588000.SS|2026-05-14,green,0.6791192805181738,0.4714985835528431
588000.SS|2026-05-21,588000.SS,2026-05-21,8.956014838367787,2026-06-22,1,0.5405503184734887,0.5405503184734887,0.6294960168004089,1.294647335975657,2,up,588000.SS|2026-05-14,green,0.6791192805181738,0.4714985835528431
588000.SS|2026-05-22,588000.SS,2026-05-22,1.2512512512512508,2026-06-23,1,0.5405503184734887,0.5405503184734887,0.6294960168004089,1.294647335975657,2,up,588000.SS|2026-05-14,green,0.6791192805181738,0.4714985835528431
588000.SS|2026-05-25,588000.SS,2026-05-25,6.50406504065042,2026-06-24,1,0.5405503184734887,0.5405503184734887,0.6294960168004089,1.294647335975657,2,up,588000.SS|2026-05-14,green,0.6791192805181738,0.4714985835528431
588000.SS|2026-05-26,588000.SS,2026-05-26,13.971742543171128,2026-06-25,1,0.5405503184734887,0.5405503184734887,0.6294960168004089,1.294647335975657,2,up,588000.SS|2026-05-14,green,0.6791192805181738,0.4714985835528431
588000.SS|2026-05-27,588000.SS,2026-05-27,9.835221421215268,2026-06-26,1,0.5405503184734887,0.5405503184734887,0.6294960168004089,1.294647335975657,2,up,588000.SS|2026-05-14,green,0.6791192805181738,0.4714985835528431
588000.SS|2026-05-28,588000.SS,2026-05-28,21.908893709327558,2026-06-29,1,0.5405503184734887,0.5405503184734887,0.6294960168004089,1.294647335975657,2,up,588000.SS|2026-05-14,green,0.6791192805181738,0.4714985835528431
588000.SS|2026-05-29,588000.SS,2026-05-29,33.6374002280502,2026-06-30,1,0.5405503184734887,0.5405503184734887,1.2421980752724044,1.9499900466810278,2,up,588000.SS|2026-05-14,green,0.6791192805181738,0.4714985835528431
