config,position_id,variant,field,reported,independent,difference
A20E,A20E-sh510300-T1,S,entry_price,4.668,4.668,0.000
A20E,A20E-sh510300-T1,S,initial_shares,1000.0,1000.0,0.0
A20E,A20E-sh510300-T1,S,final_shares,0.0,0,0.0
A20E,A20E-sh510300-T1,S,entry_notional,4668.0,4668.0000,0.0000
A20E,A20E-sh510300-T1,S,buy_fee,4.668,4.6680000,0E-7
A20E,A20E-sh510300-T1,S,sell_fee,4.573,4.5730000,0E-7
A20E,A20E-sh510300-T1,S,dividends,0.0,0.0000,0.0000
A20E,A20E-sh510300-T1,S,exit_notional,4573.0,4573.0000,0.0000
A20E,A20E-sh510300-T1,S,terminal_market_value,0.0,0.000,0.000
A20E,A20E-sh510300-T1,S,terminal_value_from_entry_cash,-104.24099999999999,-104.2410000,1E-14
A20E,A20E-sh510300-T1,S,net_pnl,-104.24100000000001,-104.2410000,1E-14
A20E,A20E-sh510300-T1,S,baseline_net_pnl,-104.24100000000001,-104.2410000,1E-14
A20E,A20E-sh510300-T1,S,initial_stop,4.653,4.653,0.000
A20E,A20E-sh510300-T1,S,final_stop,4.653,4.653,0.000
A20E,A20E-sh510300-T1,S,exit_price,4.573,4.573,0.000
A20E,A20E-sh510300-T1,S,"event:('2016-01-19', 'dividend_recorded', '510300-cash-2016-01-20'):shares",0.0,0,0.0
A20E,A20E-sh510300-T1,S,"event:('2016-01-20', 'dividend_receivable', '510300-cash-2016-01-20'):amount",0.0,0.000,0.000
A20E,A20E-sh510300-T1,S,"event:('2016-01-20', 'dividend_receivable', '510300-cash-2016-01-20'):entitled_shares",0.0,0,0.0
A20E,A20E-sh510300-T1,S,"event:('2016-01-20', 'dividend_receivable', '510300-cash-2016-01-20'):stop_after",4.653,4.653,0.000
A20E,A20E-sh510300-T1,S,"event:('2016-01-25', 'dividend_paid', '510300-cash-2016-01-20'):amount",0.0,0.000,0.000
A20E,A20E-sh510300-T1,S,"event:('2017-01-20', 'dividend_recorded', '510300-cash-2017-01-23'):shares",0.0,0,0.0
A20E,A20E-sh510300-T1,S,"event:('2017-01-23', 'dividend_receivable', '510300-cash-2017-01-23'):amount",0.0,0.000,0.000
A20E,A20E-sh510300-T1,S,"event:('2017-01-23', 'dividend_receivable', '510300-cash-2017-01-23'):entitled_shares",0.0,0,0.0
A20E,A20E-sh510300-T1,S,"event:('2017-01-23', 'dividend_receivable', '510300-cash-2017-01-23'):stop_after",4.653,4.653,0.000
A20E,A20E-sh510300-T1,S,"event:('2017-01-26', 'dividend_paid', '510300-cash-2017-01-23'):amount",0.0,0.000,0.000
A20E,A20E-sh510300-T1,S,"event:('2018-01-22', 'dividend_recorded', '510300-cash-2018-01-23'):shares",0.0,0,0.0
A20E,A20E-sh510300-T1,S,"event:('2018-01-23', 'dividend_receivable', '510300-cash-2018-01-23'):amount",0.0,0.000,0.000
A20E,A20E-sh510300-T1,S,"event:('2018-01-23', 'dividend_receivable', '510300-cash-2018-01-23'):entitled_shares",0.0,0,0.0
A20E,A20E-sh510300-T1,S,"event:('2018-01-23', 'dividend_receivable', '510300-cash-2018-01-23'):stop_after",4.653,4.653,0.000
A20E,A20E-sh510300-T1,S,"event:('2018-01-26', 'dividend_paid', '510300-cash-2018-01-23'):amount",0.0,0.000,0.000
A20E,A20E-sh510300-T1,S,"event:('2019-01-15', 'dividend_recorded', '510300-cash-2019-01-16'):shares",0.0,0,0.0
A20E,A20E-sh510300-T1,S,"event:('2019-01-16', 'dividend_receivable', '510300-cash-2019-01-16'):amount",0.0,0.000,0.000
A20E,A20E-sh510300-T1,S,"event:('2019-01-16', 'dividend_receivable', '510300-cash-2019-01-16'):entitled_shares",0.0,0,0.0
A20E,A20E-sh510300-T1,S,"event:('2019-01-16', 'dividend_receivable', '510300-cash-2019-01-16'):stop_after",4.653,4.653,0.000
A20E,A20E-sh510300-T1,S,"event:('2019-01-21', 'dividend_paid', '510300-cash-2019-01-16'):amount",0.0,0.000,0.000
A20E,A20E-sh510300-T1,S,"event:('2019-12-10', 'dividend_recorded', '510300-cash-2019-12-11'):shares",0.0,0,0.0
A20E,A20E-sh510300-T1,S,"event:('2019-12-11', 'dividend_receivable', '510300-cash-2019-12-11'):amount",0.0,0.000,0.000
A20E,A20E-sh510300-T1,S,"event:('2019-12-11', 'dividend_receivable', '510300-cash-2019-12-11'):entitled_shares",0.0,0,0.0
A20E,A20E-sh510300-T1,S,"event:('2019-12-11', 'dividend_receivable', '510300-cash-2019-12-11'):stop_after",4.653,4.653,0.000
A20E,A20E-sh510300-T1,S,"event:('2019-12-16', 'dividend_paid', '510300-cash-2019-12-11'):amount",0.0,0.000,0.000
A20E,A20E-sh510300-T1,S,"event:('2021-01-15', 'dividend_recorded', '510300-cash-2021-01-18'):shares",0.0,0,0.0
A20E,A20E-sh510300-T1,S,"event:('2021-01-18', 'dividend_receivable', '510300-cash-2021-01-18'):amount",0.0,0.000,0.000
A20E,A20E-sh510300-T1,S,"event:('2021-01-18', 'dividend_receivable', '510300-cash-2021-01-18'):entitled_shares",0.0,0,0.0
A20E,A20E-sh510300-T1,S,"event:('2021-01-18', 'dividend_receivable', '510300-cash-2021-01-18'):stop_after",4.653,4.653,0.000
A20E,A20E-sh510300-T1,S,"event:('2021-01-21', 'dividend_paid', '510300-cash-2021-01-18'):amount",0.0,0.000,0.000
A20E,A20E-sh510300-T1,S,"event:('2022-01-18', 'dividend_recorded', '510300-cash-2022-01-19'):shares",0.0,0,0.0
A20E,A20E-sh510300-T1,S,"event:('2022-01-19', 'dividend_receivable', '510300-cash-2022-01-19'):amount",0.0,0.0000,0.0000
A20E,A20E-sh510300-T1,S,"event:('2022-01-19', 'dividend_receivable', '510300-cash-2022-01-19'):entitled_shares",0.0,0,0.0
A20E,A20E-sh510300-T1,S,"event:('2022-01-19', 'dividend_receivable', '510300-cash-2022-01-19'):stop_after",4.653,4.653,0.000
A20E,A20E-sh510300-T1,S,"event:('2022-01-24', 'dividend_paid', '510300-cash-2022-01-19'):amount",0.0,0.0000,0.0000
A20E,A20E-sh510300-T1,S,"event:('2023-01-13', 'dividend_recorded', '510300-cash-2023-01-16'):shares",0.0,0,0.0
A20E,A20E-sh510300-T1,S,"event:('2023-01-16', 'dividend_receivable', '510300-cash-2023-01-16'):amount",0.0,0.0000,0.0000
A20E,A20E-sh510300-T1,S,"event:('2023-01-16', 'dividend_receivable', '510300-cash-2023-01-16'):entitled_shares",0.0,0,0.0
A20E,A20E-sh510300-T1,S,"event:('2023-01-16', 'dividend_receivable', '510300-cash-2023-01-16'):stop_after",4.653,4.653,0.000
A20E,A20E-sh510300-T1,S,"event:('2023-01-19', 'dividend_paid', '510300-cash-2023-01-16'):amount",0.0,0.0000,0.0000
A20E,A20E-sh510300-T1,S,"event:('2024-01-17', 'dividend_recorded', '510300-cash-2024-01-18'):shares",0.0,0,0.0
A20E,A20E-sh510300-T1,S,"event:('2024-01-18', 'dividend_receivable', '510300-cash-2024-01-18'):amount",0.0,0.0000,0.0000
A20E,A20E-sh510300-T1,S,"event:('2024-01-18', 'dividend_receivable', '510300-cash-2024-01-18'):entitled_shares",0.0,0,0.0
A20E,A20E-sh510300-T1,S,"event:('2024-01-18', 'dividend_receivable', '510300-cash-2024-01-18'):stop_after",4.653,4.653,0.000
A20E,A20E-sh510300-T1,S,"event:('2024-01-23', 'dividend_paid', '510300-cash-2024-01-18'):amount",0.0,0.0000,0.0000
A20E,A20E-sh510300-T1,S,"event:('2025-06-17', 'dividend_recorded', '510300-cash-2025-06-18'):shares",0.0,0,0.0
A20E,A20E-sh510300-T1,S,"event:('2025-06-18', 'dividend_receivable', '510300-cash-2025-06-18'):amount",0.0,0.000,0.000
A20E,A20E-sh510300-T1,S,"event:('2025-06-18', 'dividend_receivable', '510300-cash-2025-06-18'):entitled_shares",0.0,0,0.0
A20E,A20E-sh510300-T1,S,"event:('2025-06-18', 'dividend_receivable', '510300-cash-2025-06-18'):stop_after",4.653,4.653,0.000
A20E,A20E-sh510300-T1,S,"event:('2025-06-27', 'dividend_paid', '510300-cash-2025-06-18'):amount",0.0,0.000,0.000
A20E,A20E-sh510300-T1,S,"event:('2026-01-16', 'dividend_recorded', '510300-cash-2026-01-19'):shares",0.0,0,0.0
A20E,A20E-sh510300-T1,S,"event:('2026-01-19', 'dividend_receivable', '510300-cash-2026-01-19'):amount",0.0,0.0000,0.0000
A20E,A20E-sh510300-T1,S,"event:('2026-01-19', 'dividend_receivable', '510300-cash-2026-01-19'):entitled_shares",0.0,0,0.0
A20E,A20E-sh510300-T1,S,"event:('2026-01-19', 'dividend_receivable', '510300-cash-2026-01-19'):stop_after",4.653,4.653,0.000
A20E,A20E-sh510300-T1,S,"event:('2026-01-27', 'dividend_paid', '510300-cash-2026-01-19'):amount",0.0,0.0000,0.0000
A20E,A20E-sh510300-T1,S,"event:('2015-05-15', 'exit_signal', None):close",4.588,4.588,0.000
A20E,A20E-sh510300-T1,S,"event:('2015-05-15', 'exit_signal', None):stop",4.653,4.653,0.000
A20E,A20E-sh510300-T1,S,"event:('2015-05-18', 'sell', None):shares",1000.0,1000.0,0.0
A20E,A20E-sh510300-T1,S,"event:('2015-05-18', 'sell', None):price",4.573,4.573,0.000
A20E,A20E-sh510300-T1,S,"event:('2015-05-18', 'sell', None):fee",4.573,4.5730000,0E-7
A20E,A20E-sh510300-T1,T,entry_price,4.668,4.668,0.000
A20E,A20E-sh510300-T1,T,initial_shares,1000.0,1000.0,0.0
A20E,A20E-sh510300-T1,T,final_shares,0.0,0,0.0
A20E,A20E-sh510300-T1,T,entry_notional,4668.0,4668.0000,0.0000
A20E,A20E-sh510300-T1,T,buy_fee,4.668,4.6680000,0E-7
A20E,A20E-sh510300-T1,T,sell_fee,4.573,4.5730000,0E-7
A20E,A20E-sh510300-T1,T,dividends,0.0,0.0000,0.0000
A20E,A20E-sh510300-T1,T,exit_notional,4573.0,4573.0000,0.0000
A20E,A20E-sh510300-T1,T,terminal_market_value,0.0,0.000,0.000
A20E,A20E-sh510300-T1,T,terminal_value_from_entry_cash,-104.24099999999999,-104.2410000,1E-14
A20E,A20E-sh510300-T1,T,net_pnl,-104.24100000000001,-104.2410000,1E-14
A20E,A20E-sh510300-T1,T,baseline_net_pnl,-104.24100000000001,-104.2410000,1E-14
A20E,A20E-sh510300-T1,T,initial_stop,4.653,4.653,0.000
A20E,A20E-sh510300-T1,T,final_stop,4.653,4.653,0.000
A20E,A20E-sh510300-T1,T,exit_price,4.573,4.573,0.000
A20E,A20E-sh510300-T1,T,"event:('2016-01-19', 'dividend_recorded', '510300-cash-2016-01-20'):shares",0.0,0,0.0
A20E,A20E-sh510300-T1,T,"event:('2016-01-20', 'dividend_receivable', '510300-cash-2016-01-20'):amount",0.0,0.000,0.000
A20E,A20E-sh510300-T1,T,"event:('2016-01-20', 'dividend_receivable', '510300-cash-2016-01-20'):entitled_shares",0.0,0,0.0
A20E,A20E-sh510300-T1,T,"event:('2016-01-20', 'dividend_receivable', '510300-cash-2016-01-20'):stop_after",4.653,4.653,0.000
A20E,A20E-sh510300-T1,T,"event:('2016-01-25', 'dividend_paid', '510300-cash-2016-01-20'):amount",0.0,0.000,0.000
A20E,A20E-sh510300-T1,T,"event:('2017-01-20', 'dividend_recorded', '510300-cash-2017-01-23'):shares",0.0,0,0.0
A20E,A20E-sh510300-T1,T,"event:('2017-01-23', 'dividend_receivable', '510300-cash-2017-01-23'):amount",0.0,0.000,0.000
A20E,A20E-sh510300-T1,T,"event:('2017-01-23', 'dividend_receivable', '510300-cash-2017-01-23'):entitled_shares",0.0,0,0.0
A20E,A20E-sh510300-T1,T,"event:('2017-01-23', 'dividend_receivable', '510300-cash-2017-01-23'):stop_after",4.653,4.653,0.000
A20E,A20E-sh510300-T1,T,"event:('2017-01-26', 'dividend_paid', '510300-cash-2017-01-23'):amount",0.0,0.000,0.000
A20E,A20E-sh510300-T1,T,"event:('2018-01-22', 'dividend_recorded', '510300-cash-2018-01-23'):shares",0.0,0,0.0
A20E,A20E-sh510300-T1,T,"event:('2018-01-23', 'dividend_receivable', '510300-cash-2018-01-23'):amount",0.0,0.000,0.000
A20E,A20E-sh510300-T1,T,"event:('2018-01-23', 'dividend_receivable', '510300-cash-2018-01-23'):entitled_shares",0.0,0,0.0
A20E,A20E-sh510300-T1,T,"event:('2018-01-23', 'dividend_receivable', '510300-cash-2018-01-23'):stop_after",4.653,4.653,0.000
A20E,A20E-sh510300-T1,T,"event:('2018-01-26', 'dividend_paid', '510300-cash-2018-01-23'):amount",0.0,0.000,0.000
A20E,A20E-sh510300-T1,T,"event:('2019-01-15', 'dividend_recorded', '510300-cash-2019-01-16'):shares",0.0,0,0.0
A20E,A20E-sh510300-T1,T,"event:('2019-01-16', 'dividend_receivable', '510300-cash-2019-01-16'):amount",0.0,0.000,0.000
A20E,A20E-sh510300-T1,T,"event:('2019-01-16', 'dividend_receivable', '510300-cash-2019-01-16'):entitled_shares",0.0,0,0.0
A20E,A20E-sh510300-T1,T,"event:('2019-01-16', 'dividend_receivable', '510300-cash-2019-01-16'):stop_after",4.653,4.653,0.000
A20E,A20E-sh510300-T1,T,"event:('2019-01-21', 'dividend_paid', '510300-cash-2019-01-16'):amount",0.0,0.000,0.000
A20E,A20E-sh510300-T1,T,"event:('2019-12-10', 'dividend_recorded', '510300-cash-2019-12-11'):shares",0.0,0,0.0
A20E,A20E-sh510300-T1,T,"event:('2019-12-11', 'dividend_receivable', '510300-cash-2019-12-11'):amount",0.0,0.000,0.000
A20E,A20E-sh510300-T1,T,"event:('2019-12-11', 'dividend_receivable', '510300-cash-2019-12-11'):entitled_shares",0.0,0,0.0
A20E,A20E-sh510300-T1,T,"event:('2019-12-11', 'dividend_receivable', '510300-cash-2019-12-11'):stop_after",4.653,4.653,0.000
A20E,A20E-sh510300-T1,T,"event:('2019-12-16', 'dividend_paid', '510300-cash-2019-12-11'):amount",0.0,0.000,0.000
A20E,A20E-sh510300-T1,T,"event:('2021-01-15', 'dividend_recorded', '510300-cash-2021-01-18'):shares",0.0,0,0.0
A20E,A20E-sh510300-T1,T,"event:('2021-01-18', 'dividend_receivable', '510300-cash-2021-01-18'):amount",0.0,0.000,0.000
A20E,A20E-sh510300-T1,T,"event:('2021-01-18', 'dividend_receivable', '510300-cash-2021-01-18'):entitled_shares",0.0,0,0.0
A20E,A20E-sh510300-T1,T,"event:('2021-01-18', 'dividend_receivable', '510300-cash-2021-01-18'):stop_after",4.653,4.653,0.000
A20E,A20E-sh510300-T1,T,"event:('2021-01-21', 'dividend_paid', '510300-cash-2021-01-18'):amount",0.0,0.000,0.000
A20E,A20E-sh510300-T1,T,"event:('2022-01-18', 'dividend_recorded', '510300-cash-2022-01-19'):shares",0.0,0,0.0
A20E,A20E-sh510300-T1,T,"event:('2022-01-19', 'dividend_receivable', '510300-cash-2022-01-19'):amount",0.0,0.0000,0.0000
A20E,A20E-sh510300-T1,T,"event:('2022-01-19', 'dividend_receivable', '510300-cash-2022-01-19'):entitled_shares",0.0,0,0.0
A20E,A20E-sh510300-T1,T,"event:('2022-01-19', 'dividend_receivable', '510300-cash-2022-01-19'):stop_after",4.653,4.653,0.000
A20E,A20E-sh510300-T1,T,"event:('2022-01-24', 'dividend_paid', '510300-cash-2022-01-19'):amount",0.0,0.0000,0.0000
A20E,A20E-sh510300-T1,T,"event:('2023-01-13', 'dividend_recorded', '510300-cash-2023-01-16'):shares",0.0,0,0.0
A20E,A20E-sh510300-T1,T,"event:('2023-01-16', 'dividend_receivable', '510300-cash-2023-01-16'):amount",0.0,0.0000,0.0000
A20E,A20E-sh510300-T1,T,"event:('2023-01-16', 'dividend_receivable', '510300-cash-2023-01-16'):entitled_shares",0.0,0,0.0
A20E,A20E-sh510300-T1,T,"event:('2023-01-16', 'dividend_receivable', '510300-cash-2023-01-16'):stop_after",4.653,4.653,0.000
A20E,A20E-sh510300-T1,T,"event:('2023-01-19', 'dividend_paid', '510300-cash-2023-01-16'):amount",0.0,0.0000,0.0000
A20E,A20E-sh510300-T1,T,"event:('2024-01-17', 'dividend_recorded', '510300-cash-2024-01-18'):shares",0.0,0,0.0
A20E,A20E-sh510300-T1,T,"event:('2024-01-18', 'dividend_receivable', '510300-cash-2024-01-18'):amount",0.0,0.0000,0.0000
A20E,A20E-sh510300-T1,T,"event:('2024-01-18', 'dividend_receivable', '510300-cash-2024-01-18'):entitled_shares",0.0,0,0.0
A20E,A20E-sh510300-T1,T,"event:('2024-01-18', 'dividend_receivable', '510300-cash-2024-01-18'):stop_after",4.653,4.653,0.000
A20E,A20E-sh510300-T1,T,"event:('2024-01-23', 'dividend_paid', '510300-cash-2024-01-18'):amount",0.0,0.0000,0.0000
A20E,A20E-sh510300-T1,T,"event:('2025-06-17', 'dividend_recorded', '510300-cash-2025-06-18'):shares",0.0,0,0.0
A20E,A20E-sh510300-T1,T,"event:('2025-06-18', 'dividend_receivable', '510300-cash-2025-06-18'):amount",0.0,0.000,0.000
A20E,A20E-sh510300-T1,T,"event:('2025-06-18', 'dividend_receivable', '510300-cash-2025-06-18'):entitled_shares",0.0,0,0.0
A20E,A20E-sh510300-T1,T,"event:('2025-06-18', 'dividend_receivable', '510300-cash-2025-06-18'):stop_after",4.653,4.653,0.000
A20E,A20E-sh510300-T1,T,"event:('2025-06-27', 'dividend_paid', '510300-cash-2025-06-18'):amount",0.0,0.000,0.000
A20E,A20E-sh510300-T1,T,"event:('2026-01-16', 'dividend_recorded', '510300-cash-2026-01-19'):shares",0.0,0,0.0
A20E,A20E-sh510300-T1,T,"event:('2026-01-19', 'dividend_receivable', '510300-cash-2026-01-19'):amount",0.0,0.0000,0.0000
A20E,A20E-sh510300-T1,T,"event:('2026-01-19', 'dividend_receivable', '510300-cash-2026-01-19'):entitled_shares",0.0,0,0.0
A20E,A20E-sh510300-T1,T,"event:('2026-01-19', 'dividend_receivable', '510300-cash-2026-01-19'):stop_after",4.653,4.653,0.000
A20E,A20E-sh510300-T1,T,"event:('2026-01-27', 'dividend_paid', '510300-cash-2026-01-19'):amount",0.0,0.0000,0.0000
A20E,A20E-sh510300-T1,T,"event:('2015-05-15', 'exit_signal', None):close",4.588,4.588,0.000
A20E,A20E-sh510300-T1,T,"event:('2015-05-15', 'exit_signal', None):stop",4.653,4.653,0.000
A20E,A20E-sh510300-T1,T,"event:('2015-05-18', 'sell', None):shares",1000.0,1000.0,0.0
A20E,A20E-sh510300-T1,T,"event:('2015-05-18', 'sell', None):price",4.573,4.573,0.000
A20E,A20E-sh510300-T1,T,"event:('2015-05-18', 'sell', None):fee",4.573,4.5730000,0E-7
A20E,A20E-sz159915-T2,S,entry_price,2.658,2.658,0.000
A20E,A20E-sz159915-T2,S,initial_shares,4700.0,4700.0,0.0
A20E,A20E-sz159915-T2,S,final_shares,0.0,0,0.0
A20E,A20E-sz159915-T2,S,entry_notional,12492.6,12492.6000,0.0000
A20E,A20E-sz159915-T2,S,buy_fee,12.4926,12.4926000,0E-7
A20E,A20E-sz159915-T2,S,sell_fee,12.2059,12.2059000,0E-7
A20E,A20E-sz159915-T2,S,dividends,0.0,0,0.0
A20E,A20E-sz159915-T2,S,exit_notional,12205.9,12205.9000,0.0000
A20E,A20E-sz159915-T2,S,terminal_market_value,0.0,0.000,0.000
A20E,A20E-sz159915-T2,S,terminal_value_from_entry_cash,-311.39850000000115,-311.3985000,1.15E-12
A20E,A20E-sz159915-T2,S,net_pnl,-311.3985000000007,-311.3985000,7E-13
A20E,A20E-sz159915-T2,S,baseline_net_pnl,-311.3985000000007,-311.3985000,7E-13
A20E,A20E-sz159915-T2,S,initial_stop,2.631,2.631,0.000
A20E,A20E-sz159915-T2,S,final_stop,2.631,2.631,0.000
A20E,A20E-sz159915-T2,S,exit_price,2.597,2.597,0.000
A20E,A20E-sz159915-T2,S,"event:('2015-12-23', 'exit_signal', None):close",2.6,2.6,0.0
A20E,A20E-sz159915-T2,S,"event:('2015-12-23', 'exit_signal', None):stop",2.631,2.631,0.000
A20E,A20E-sz159915-T2,S,"event:('2015-12-24', 'sell', None):shares",4700.0,4700.0,0.0
A20E,A20E-sz159915-T2,S,"event:('2015-12-24', 'sell', None):price",2.597,2.597,0.000
A20E,A20E-sz159915-T2,S,"event:('2015-12-24', 'sell', None):fee",12.2059,12.2059000,0E-7
A20E,A20E-sz159915-T2,T,entry_price,2.658,2.658,0.000
A20E,A20E-sz159915-T2,T,initial_shares,4700.0,4700.0,0.0
A20E,A20E-sz159915-T2,T,final_shares,0.0,0,0.0
A20E,A20E-sz159915-T2,T,entry_notional,12492.6,12492.6000,0.0000
A20E,A20E-sz159915-T2,T,buy_fee,12.4926,12.4926000,0E-7
A20E,A20E-sz159915-T2,T,sell_fee,12.2059,12.2059000,0E-7
A20E,A20E-sz159915-T2,T,dividends,0.0,0,0.0
A20E,A20E-sz159915-T2,T,exit_notional,12205.9,12205.9000,0.0000
A20E,A20E-sz159915-T2,T,terminal_market_value,0.0,0.000,0.000
A20E,A20E-sz159915-T2,T,terminal_value_from_entry_cash,-311.39850000000115,-311.3985000,1.15E-12
A20E,A20E-sz159915-T2,T,net_pnl,-311.3985000000007,-311.3985000,7E-13
A20E,A20E-sz159915-T2,T,baseline_net_pnl,-311.3985000000007,-311.3985000,7E-13
A20E,A20E-sz159915-T2,T,initial_stop,2.631,2.631,0.000
A20E,A20E-sz159915-T2,T,final_stop,2.631,2.631,0.000
A20E,A20E-sz159915-T2,T,exit_price,2.597,2.597,0.000
A20E,A20E-sz159915-T2,T,"event:('2015-12-23', 'exit_signal', None):close",2.6,2.6,0.0
A20E,A20E-sz159915-T2,T,"event:('2015-12-23', 'exit_signal', None):stop",2.631,2.631,0.000
A20E,A20E-sz159915-T2,T,"event:('2015-12-24', 'sell', None):shares",4700.0,4700.0,0.0
A20E,A20E-sz159915-T2,T,"event:('2015-12-24', 'sell', None):price",2.597,2.597,0.000
A20E,A20E-sz159915-T2,T,"event:('2015-12-24', 'sell', None):fee",12.2059,12.2059000,0E-7
A20E,A20E-sh513100-T3,S,entry_price,1.793,1.793,0.000
A20E,A20E-sh513100-T3,S,initial_shares,14200.0,14200.0,0.0
A20E,A20E-sh513100-T3,S,final_shares,71000.0,71000.0,0.0
A20E,A20E-sh513100-T3,S,entry_notional,25460.6,25460.6000,0.0000
A20E,A20E-sh513100-T3,S,buy_fee,25.4606,25.4606000,0E-7
A20E,A20E-sh513100-T3,S,sell_fee,0.0,0,0.0
A20E,A20E-sh513100-T3,S,dividends,0.0,0,0.0
A20E,A20E-sh513100-T3,S,exit_notional,0.0,0,0.0
A20E,A20E-sh513100-T3,S,terminal_market_value,156484.0,156484.0000,0.0000
A20E,A20E-sh513100-T3,S,terminal_value_from_entry_cash,130997.9394,130997.9394000,0E-7
A20E,A20E-sh513100-T3,S,net_pnl,130997.93939999999,130997.9394000,1E-11
A20E,A20E-sh513100-T3,S,baseline_net_pnl,130997.93939999999,130997.9394000,1E-11
A20E,A20E-sh513100-T3,S,initial_stop,1.78,1.78,0.00
A20E,A20E-sh513100-T3,S,final_stop,0.356,0.356,0.000
A20E,A20E-sh513100-T3,S,"event:('2022-01-13', 'split', '513100-split-2022-01-13'):shares_after",71000.0,71000.0,0.0
A20E,A20E-sh513100-T3,S,"event:('2022-01-13', 'split', '513100-split-2022-01-13'):stop_after",0.356,0.356,0.000
A20E,A20E-sh513100-T3,T,entry_price,1.793,1.793,0.000
A20E,A20E-sh513100-T3,T,initial_shares,14200.0,14200.0,0.0
A20E,A20E-sh513100-T3,T,final_shares,0.0,0,0.0
A20E,A20E-sh513100-T3,T,entry_notional,25460.6,25460.6000,0.0000
A20E,A20E-sh513100-T3,T,buy_fee,25.4606,25.4606000,0E-7
A20E,A20E-sh513100-T3,T,sell_fee,27.7326,27.7326000,0E-7
A20E,A20E-sh513100-T3,T,dividends,0.0,0,0.0
A20E,A20E-sh513100-T3,T,exit_notional,27732.600000000002,27732.6000,2E-12
A20E,A20E-sh513100-T3,T,terminal_market_value,0.0,0.000,0.000
A20E,A20E-sh513100-T3,T,terminal_value_from_entry_cash,2218.8068000000058,2218.8068000,5.8E-12
A20E,A20E-sh513100-T3,T,net_pnl,2218.806800000004,2218.8068000,4E-12
A20E,A20E-sh513100-T3,T,baseline_net_pnl,130997.93939999999,130997.9394000,1E-11
A20E,A20E-sh513100-T3,T,initial_stop,1.78,1.78,0.00
A20E,A20E-sh513100-T3,T,final_stop,1.78,1.78,0.00
A20E,A20E-sh513100-T3,T,exit_price,1.953,1.953,0.000
A20E,A20E-sh513100-T3,T,"event:('2022-01-13', 'split', '513100-split-2022-01-13'):shares_after",0.0,0,0.0
A20E,A20E-sh513100-T3,T,"event:('2022-01-13', 'split', '513100-split-2022-01-13'):stop_after",1.78,1.78,0.00
A20E,A20E-sh513100-T3,T,"event:('2017-03-24', 'exit_signal', None):close",1.955,1.955,0.000
A20E,A20E-sh513100-T3,T,"event:('2017-03-24', 'exit_signal', None):stop",1.78,1.78,0.00
A20E,A20E-sh513100-T3,T,"event:('2017-03-27', 'sell', None):shares",14200.0,14200.0,0.0
A20E,A20E-sh513100-T3,T,"event:('2017-03-27', 'sell', None):price",1.953,1.953,0.000
A20E,A20E-sh513100-T3,T,"event:('2017-03-27', 'sell', None):fee",27.7326,27.7326000,0E-7
A20E,A20E-sh510300-T4,S,entry_price,4.946,4.946,0.000
A20E,A20E-sh510300-T4,S,initial_shares,15400.0,15400.0,0.0
A20E,A20E-sh510300-T4,S,final_shares,0.0,0,0.0
A20E,A20E-sh510300-T4,S,entry_notional,76168.4,76168.4000,0.0000
A20E,A20E-sh510300-T4,S,buy_fee,76.16839999999999,76.1684000,1E-14
A20E,A20E-sh510300-T4,S,sell_fee,73.9662,73.9662000,0E-7
A20E,A20E-sh510300-T4,S,dividends,1108.8,1108.8000,0.0000
A20E,A20E-sh510300-T4,S,exit_notional,73966.2,73966.2000,0.0000
A20E,A20E-sh510300-T4,S,terminal_market_value,0.0,0.000,0.000
A20E,A20E-sh510300-T4,S,terminal_value_from_entry_cash,-1243.5345999999845,-1243.5346000,1.55E-11
A20E,A20E-sh510300-T4,S,net_pnl,-1243.5345999999943,-1243.5346000,5.7E-12
A20E,A20E-sh510300-T4,S,baseline_net_pnl,-1243.5345999999943,-1243.5346000,5.7E-12
A20E,A20E-sh510300-T4,S,initial_stop,4.934,4.934,0.000
A20E,A20E-sh510300-T4,S,final_stop,4.8697133550488605,4.869713355048859934853420195439739413681,5.65146579804560260586319E-16
A20E,A20E-sh510300-T4,S,exit_price,4.803,4.803,0.000
A20E,A20E-sh510300-T4,S,"event:('2021-01-15', 'dividend_recorded', '510300-cash-2021-01-18'):shares",15400.0,15400.0,0.0
A20E,A20E-sh510300-T4,S,"event:('2021-01-18', 'dividend_receivable', '510300-cash-2021-01-18'):amount",1108.8,1108.8000,0.0000
A20E,A20E-sh510300-T4,S,"event:('2021-01-18', 'dividend_receivable', '510300-cash-2021-01-18'):entitled_shares",15400.0,15400.0,0.0
A20E,A20E-sh510300-T4,S,"event:('2021-01-18', 'dividend_receivable', '510300-cash-2021-01-18'):stop_after",4.8697133550488605,4.869713355048859934853420195439739413681,5.65146579804560260586319E-16
A20E,A20E-sh510300-T4,S,"event:('2021-01-21', 'dividend_paid', '510300-cash-2021-01-18'):amount",1108.8,1108.8000,0.0000
A20E,A20E-sh510300-T4,S,"event:('2022-01-18', 'dividend_recorded', '510300-cash-2022-01-19'):shares",0.0,0,0.0
A20E,A20E-sh510300-T4,S,"event:('2022-01-19', 'dividend_receivable', '510300-cash-2022-01-19'):amount",0.0,0.0000,0.0000
A20E,A20E-sh510300-T4,S,"event:('2022-01-19', 'dividend_receivable', '510300-cash-2022-01-19'):entitled_shares",0.0,0,0.0
A20E,A20E-sh510300-T4,S,"event:('2022-01-19', 'dividend_receivable', '510300-cash-2022-01-19'):stop_after",4.8697133550488605,4.869713355048859934853420195439739413681,5.65146579804560260586319E-16
A20E,A20E-sh510300-T4,S,"event:('2022-01-24', 'dividend_paid', '510300-cash-2022-01-19'):amount",0.0,0.0000,0.0000
A20E,A20E-sh510300-T4,S,"event:('2023-01-13', 'dividend_recorded', '510300-cash-2023-01-16'):shares",0.0,0,0.0
A20E,A20E-sh510300-T4,S,"event:('2023-01-16', 'dividend_receivable', '510300-cash-2023-01-16'):amount",0.0,0.0000,0.0000
A20E,A20E-sh510300-T4,S,"event:('2023-01-16', 'dividend_receivable', '510300-cash-2023-01-16'):entitled_shares",0.0,0,0.0
A20E,A20E-sh510300-T4,S,"event:('2023-01-16', 'dividend_receivable', '510300-cash-2023-01-16'):stop_after",4.8697133550488605,4.869713355048859934853420195439739413681,5.65146579804560260586319E-16
A20E,A20E-sh510300-T4,S,"event:('2023-01-19', 'dividend_paid', '510300-cash-2023-01-16'):amount",0.0,0.0000,0.0000
A20E,A20E-sh510300-T4,S,"event:('2024-01-17', 'dividend_recorded', '510300-cash-2024-01-18'):shares",0.0,0,0.0
A20E,A20E-sh510300-T4,S,"event:('2024-01-18', 'dividend_receivable', '510300-cash-2024-01-18'):amount",0.0,0.0000,0.0000
A20E,A20E-sh510300-T4,S,"event:('2024-01-18', 'dividend_receivable', '510300-cash-2024-01-18'):entitled_shares",0.0,0,0.0
A20E,A20E-sh510300-T4,S,"event:('2024-01-18', 'dividend_receivable', '510300-cash-2024-01-18'):stop_after",4.8697133550488605,4.869713355048859934853420195439739413681,5.65146579804560260586319E-16
A20E,A20E-sh510300-T4,S,"event:('2024-01-23', 'dividend_paid', '510300-cash-2024-01-18'):amount",0.0,0.0000,0.0000
A20E,A20E-sh510300-T4,S,"event:('2025-06-17', 'dividend_recorded', '510300-cash-2025-06-18'):shares",0.0,0,0.0
A20E,A20E-sh510300-T4,S,"event:('2025-06-18', 'dividend_receivable', '510300-cash-2025-06-18'):amount",0.0,0.000,0.000
A20E,A20E-sh510300-T4,S,"event:('2025-06-18', 'dividend_receivable', '510300-cash-2025-06-18'):entitled_shares",0.0,0,0.0
A20E,A20E-sh510300-T4,S,"event:('2025-06-18', 'dividend_receivable', '510300-cash-2025-06-18'):stop_after",4.8697133550488605,4.869713355048859934853420195439739413681,5.65146579804560260586319E-16
A20E,A20E-sh510300-T4,S,"event:('2025-06-27', 'dividend_paid', '510300-cash-2025-06-18'):amount",0.0,0.000,0.000
A20E,A20E-sh510300-T4,S,"event:('2026-01-16', 'dividend_recorded', '510300-cash-2026-01-19'):shares",0.0,0,0.0
A20E,A20E-sh510300-T4,S,"event:('2026-01-19', 'dividend_receivable', '510300-cash-2026-01-19'):amount",0.0,0.0000,0.0000
A20E,A20E-sh510300-T4,S,"event:('2026-01-19', 'dividend_receivable', '510300-cash-2026-01-19'):entitled_shares",0.0,0,0.0
A20E,A20E-sh510300-T4,S,"event:('2026-01-19', 'dividend_receivable', '510300-cash-2026-01-19'):stop_after",4.8697133550488605,4.869713355048859934853420195439739413681,5.65146579804560260586319E-16
A20E,A20E-sh510300-T4,S,"event:('2026-01-27', 'dividend_paid', '510300-cash-2026-01-19'):amount",0.0,0.0000,0.0000
A20E,A20E-sh510300-T4,S,"event:('2021-07-27', 'exit_signal', None):close",4.809,4.809,0.000
A20E,A20E-sh510300-T4,S,"event:('2021-07-27', 'exit_signal', None):stop",4.8697133550488605,4.869713355048859934853420195439739413681,5.65146579804560260586319E-16
A20E,A20E-sh510300-T4,S,"event:('2021-07-28', 'sell', None):shares",15400.0,15400.0,0.0
A20E,A20E-sh510300-T4,S,"event:('2021-07-28', 'sell', None):price",4.803,4.803,0.000
A20E,A20E-sh510300-T4,S,"event:('2021-07-28', 'sell', None):fee",73.9662,73.9662000,0E-7
A20E,A20E-sh510300-T4,T,entry_price,4.946,4.946,0.000
A20E,A20E-sh510300-T4,T,initial_shares,15400.0,15400.0,0.0
A20E,A20E-sh510300-T4,T,final_shares,0.0,0,0.0
A20E,A20E-sh510300-T4,T,entry_notional,76168.4,76168.4000,0.0000
A20E,A20E-sh510300-T4,T,buy_fee,76.16839999999999,76.1684000,1E-14
A20E,A20E-sh510300-T4,T,sell_fee,77.616,77.616000,0.000000
A20E,A20E-sh510300-T4,T,dividends,0.0,0.0000,0.0000
A20E,A20E-sh510300-T4,T,exit_notional,77616.0,77616.000,0.000
A20E,A20E-sh510300-T4,T,terminal_market_value,0.0,0.000,0.000
A20E,A20E-sh510300-T4,T,terminal_value_from_entry_cash,1293.8156000000163,1293.8156000,1.63E-11
A20E,A20E-sh510300-T4,T,net_pnl,1293.8156000000058,1293.8156000,5.8E-12
A20E,A20E-sh510300-T4,T,baseline_net_pnl,-1243.5345999999943,-1243.5346000,5.7E-12
A20E,A20E-sh510300-T4,T,initial_stop,4.934,4.934,0.000
A20E,A20E-sh510300-T4,T,final_stop,4.934,4.934,0.000
A20E,A20E-sh510300-T4,T,exit_price,5.04,5.04,0.00
A20E,A20E-sh510300-T4,T,"event:('2021-01-15', 'dividend_recorded', '510300-cash-2021-01-18'):shares",0.0,0,0.0
A20E,A20E-sh510300-T4,T,"event:('2021-01-18', 'dividend_receivable', '510300-cash-2021-01-18'):amount",0.0,0.000,0.000
A20E,A20E-sh510300-T4,T,"event:('2021-01-18', 'dividend_receivable', '510300-cash-2021-01-18'):entitled_shares",0.0,0,0.0
A20E,A20E-sh510300-T4,T,"event:('2021-01-18', 'dividend_receivable', '510300-cash-2021-01-18'):stop_after",4.934,4.934,0.000
A20E,A20E-sh510300-T4,T,"event:('2021-01-21', 'dividend_paid', '510300-cash-2021-01-18'):amount",0.0,0.000,0.000
A20E,A20E-sh510300-T4,T,"event:('2022-01-18', 'dividend_recorded', '510300-cash-2022-01-19'):shares",0.0,0,0.0
A20E,A20E-sh510300-T4,T,"event:('2022-01-19', 'dividend_receivable', '510300-cash-2022-01-19'):amount",0.0,0.0000,0.0000
A20E,A20E-sh510300-T4,T,"event:('2022-01-19', 'dividend_receivable', '510300-cash-2022-01-19'):entitled_shares",0.0,0,0.0
A20E,A20E-sh510300-T4,T,"event:('2022-01-19', 'dividend_receivable', '510300-cash-2022-01-19'):stop_after",4.934,4.934,0.000
A20E,A20E-sh510300-T4,T,"event:('2022-01-24', 'dividend_paid', '510300-cash-2022-01-19'):amount",0.0,0.0000,0.0000
A20E,A20E-sh510300-T4,T,"event:('2023-01-13', 'dividend_recorded', '510300-cash-2023-01-16'):shares",0.0,0,0.0
A20E,A20E-sh510300-T4,T,"event:('2023-01-16', 'dividend_receivable', '510300-cash-2023-01-16'):amount",0.0,0.0000,0.0000
A20E,A20E-sh510300-T4,T,"event:('2023-01-16', 'dividend_receivable', '510300-cash-2023-01-16'):entitled_shares",0.0,0,0.0
A20E,A20E-sh510300-T4,T,"event:('2023-01-16', 'dividend_receivable', '510300-cash-2023-01-16'):stop_after",4.934,4.934,0.000
A20E,A20E-sh510300-T4,T,"event:('2023-01-19', 'dividend_paid', '510300-cash-2023-01-16'):amount",0.0,0.0000,0.0000
A20E,A20E-sh510300-T4,T,"event:('2024-01-17', 'dividend_recorded', '510300-cash-2024-01-18'):shares",0.0,0,0.0
A20E,A20E-sh510300-T4,T,"event:('2024-01-18', 'dividend_receivable', '510300-cash-2024-01-18'):amount",0.0,0.0000,0.0000
A20E,A20E-sh510300-T4,T,"event:('2024-01-18', 'dividend_receivable', '510300-cash-2024-01-18'):entitled_shares",0.0,0,0.0
A20E,A20E-sh510300-T4,T,"event:('2024-01-18', 'dividend_receivable', '510300-cash-2024-01-18'):stop_after",4.934,4.934,0.000
A20E,A20E-sh510300-T4,T,"event:('2024-01-23', 'dividend_paid', '510300-cash-2024-01-18'):amount",0.0,0.0000,0.0000
A20E,A20E-sh510300-T4,T,"event:('2025-06-17', 'dividend_recorded', '510300-cash-2025-06-18'):shares",0.0,0,0.0
A20E,A20E-sh510300-T4,T,"event:('2025-06-18', 'dividend_receivable', '510300-cash-2025-06-18'):amount",0.0,0.000,0.000
A20E,A20E-sh510300-T4,T,"event:('2025-06-18', 'dividend_receivable', '510300-cash-2025-06-18'):entitled_shares",0.0,0,0.0
A20E,A20E-sh510300-T4,T,"event:('2025-06-18', 'dividend_receivable', '510300-cash-2025-06-18'):stop_after",4.934,4.934,0.000
A20E,A20E-sh510300-T4,T,"event:('2025-06-27', 'dividend_paid', '510300-cash-2025-06-18'):amount",0.0,0.000,0.000
A20E,A20E-sh510300-T4,T,"event:('2026-01-16', 'dividend_recorded', '510300-cash-2026-01-19'):shares",0.0,0,0.0
A20E,A20E-sh510300-T4,T,"event:('2026-01-19', 'dividend_receivable', '510300-cash-2026-01-19'):amount",0.0,0.0000,0.0000
A20E,A20E-sh510300-T4,T,"event:('2026-01-19', 'dividend_receivable', '510300-cash-2026-01-19'):entitled_shares",0.0,0,0.0
A20E,A20E-sh510300-T4,T,"event:('2026-01-19', 'dividend_receivable', '510300-cash-2026-01-19'):stop_after",4.934,4.934,0.000
A20E,A20E-sh510300-T4,T,"event:('2026-01-27', 'dividend_paid', '510300-cash-2026-01-19'):amount",0.0,0.0000,0.0000
A20E,A20E-sh510300-T4,T,"event:('2020-12-22', 'exit_signal', None):close",5.033,5.033,0.000
A20E,A20E-sh510300-T4,T,"event:('2020-12-22', 'exit_signal', None):stop",4.934,4.934,0.000
A20E,A20E-sh510300-T4,T,"event:('2020-12-23', 'sell', None):shares",15400.0,15400.0,0.0
A20E,A20E-sh510300-T4,T,"event:('2020-12-23', 'sell', None):price",5.04,5.04,0.00
A20E,A20E-sh510300-T4,T,"event:('2020-12-23', 'sell', None):fee",77.616,77.616000,0.000000
A20E,A20E-sh518880-T5,S,entry_price,4.322,4.322,0.000
A20E,A20E-sh518880-T5,S,initial_shares,25000.0,25000.0,0.0
A20E,A20E-sh518880-T5,S,final_shares,0.0,0,0.0
A20E,A20E-sh518880-T5,S,entry_notional,108050.0,108050.0000,0.0000
A20E,A20E-sh518880-T5,S,buy_fee,108.05,108.0500000,0E-7
A20E,A20E-sh518880-T5,S,sell_fee,110.25,110.250000,0.000000
A20E,A20E-sh518880-T5,S,dividends,0.0,0,0.0
A20E,A20E-sh518880-T5,S,exit_notional,110250.0,110250.000,0.000
A20E,A20E-sh518880-T5,S,terminal_market_value,0.0,0.000,0.000
A20E,A20E-sh518880-T5,S,terminal_value_from_entry_cash,1981.699999999997,1981.7000000,3E-12
A20E,A20E-sh518880-T5,S,net_pnl,1981.6999999999998,1981.7000000,2E-13
A20E,A20E-sh518880-T5,S,baseline_net_pnl,1981.6999999999998,1981.7000000,2E-13
A20E,A20E-sh518880-T5,S,initial_stop,4.305,4.305,0.000
A20E,A20E-sh518880-T5,S,final_stop,4.305,4.305,0.000
A20E,A20E-sh518880-T5,S,exit_price,4.41,4.41,0.00
A20E,A20E-sh518880-T5,S,"event:('2023-04-28', 'exit_signal', None):close",4.298,4.298,0.000
A20E,A20E-sh518880-T5,S,"event:('2023-04-28', 'exit_signal', None):stop",4.305,4.305,0.000
A20E,A20E-sh518880-T5,S,"event:('2023-05-04', 'sell', None):shares",25000.0,25000.0,0.0
A20E,A20E-sh518880-T5,S,"event:('2023-05-04', 'sell', None):price",4.41,4.41,0.00
A20E,A20E-sh518880-T5,S,"event:('2023-05-04', 'sell', None):fee",110.25,110.250000,0.000000
A20E,A20E-sh518880-T5,T,entry_price,4.322,4.322,0.000
A20E,A20E-sh518880-T5,T,initial_shares,25000.0,25000.0,0.0
A20E,A20E-sh518880-T5,T,final_shares,0.0,0,0.0
A20E,A20E-sh518880-T5,T,entry_notional,108050.0,108050.0000,0.0000
A20E,A20E-sh518880-T5,T,buy_fee,108.05,108.0500000,0E-7
A20E,A20E-sh518880-T5,T,sell_fee,110.25,110.250000,0.000000
A20E,A20E-sh518880-T5,T,dividends,0.0,0,0.0
A20E,A20E-sh518880-T5,T,exit_notional,110250.0,110250.000,0.000
A20E,A20E-sh518880-T5,T,terminal_market_value,0.0,0.000,0.000
A20E,A20E-sh518880-T5,T,terminal_value_from_entry_cash,1981.699999999997,1981.7000000,3E-12
A20E,A20E-sh518880-T5,T,net_pnl,1981.6999999999998,1981.7000000,2E-13
A20E,A20E-sh518880-T5,T,baseline_net_pnl,1981.6999999999998,1981.7000000,2E-13
A20E,A20E-sh518880-T5,T,initial_stop,4.305,4.305,0.000
A20E,A20E-sh518880-T5,T,final_stop,4.305,4.305,0.000
A20E,A20E-sh518880-T5,T,exit_price,4.41,4.41,0.00
A20E,A20E-sh518880-T5,T,"event:('2023-04-28', 'exit_signal', None):close",4.298,4.298,0.000
A20E,A20E-sh518880-T5,T,"event:('2023-04-28', 'exit_signal', None):stop",4.305,4.305,0.000
A20E,A20E-sh518880-T5,T,"event:('2023-05-04', 'sell', None):shares",25000.0,25000.0,0.0
A20E,A20E-sh518880-T5,T,"event:('2023-05-04', 'sell', None):price",4.41,4.41,0.00
A20E,A20E-sh518880-T5,T,"event:('2023-05-04', 'sell', None):fee",110.25,110.250000,0.000000
A20E,A20E-sh518880-T6,S,entry_price,5.275,5.275,0.000
A20E,A20E-sh518880-T6,S,initial_shares,23300.0,23300.0,0.0
A20E,A20E-sh518880-T6,S,final_shares,23300.0,23300.0,0.0
A20E,A20E-sh518880-T6,S,entry_notional,122907.5,122907.5000,0.0000
A20E,A20E-sh518880-T6,S,buy_fee,122.9075,122.9075000,0E-7
A20E,A20E-sh518880-T6,S,sell_fee,0.0,0,0.0
A20E,A20E-sh518880-T6,S,dividends,0.0,0,0.0
A20E,A20E-sh518880-T6,S,exit_notional,0.0,0,0.0
A20E,A20E-sh518880-T6,S,terminal_market_value,195207.4,195207.4000,0.0000
A20E,A20E-sh518880-T6,S,terminal_value_from_entry_cash,72176.9925,72176.9925000,0E-7
A20E,A20E-sh518880-T6,S,net_pnl,72176.9925,72176.9925000,0E-7
A20E,A20E-sh518880-T6,S,baseline_net_pnl,72176.99249999998,72176.9925000,2E-11
A20E,A20E-sh518880-T6,S,initial_stop,5.223,5.223,0.000
A20E,A20E-sh518880-T6,S,final_stop,5.223,5.223,0.000
A20E,A20E-sh518880-T6,T,entry_price,5.275,5.275,0.000
A20E,A20E-sh518880-T6,T,initial_shares,23300.0,23300.0,0.0
A20E,A20E-sh518880-T6,T,final_shares,0.0,0,0.0
A20E,A20E-sh518880-T6,T,entry_notional,122907.5,122907.5000,0.0000
A20E,A20E-sh518880-T6,T,buy_fee,122.9075,122.9075000,0E-7
A20E,A20E-sh518880-T6,T,sell_fee,124.18900000000001,124.189000,1E-14
A20E,A20E-sh518880-T6,T,dividends,0.0,0,0.0
A20E,A20E-sh518880-T6,T,exit_notional,124189.0,124189.000,0.000
A20E,A20E-sh518880-T6,T,terminal_market_value,0.0,0.000,0.000
A20E,A20E-sh518880-T6,T,terminal_value_from_entry_cash,1034.4035000000003,1034.4035000,3E-13
A20E,A20E-sh518880-T6,T,net_pnl,1034.4035,1034.4035000,0E-7
A20E,A20E-sh518880-T6,T,baseline_net_pnl,72176.99249999998,72176.9925000,2E-11
A20E,A20E-sh518880-T6,T,initial_stop,5.223,5.223,0.000
A20E,A20E-sh518880-T6,T,final_stop,5.223,5.223,0.000
A20E,A20E-sh518880-T6,T,exit_price,5.33,5.33,0.00
A20E,A20E-sh518880-T6,T,"event:('2024-05-09', 'exit_signal', None):close",5.25,5.25,0.00
A20E,A20E-sh518880-T6,T,"event:('2024-05-09', 'exit_signal', None):stop",5.223,5.223,0.000
A20E,A20E-sh518880-T6,T,"event:('2024-05-10', 'sell', None):shares",23300.0,23300.0,0.0
A20E,A20E-sh518880-T6,T,"event:('2024-05-10', 'sell', None):price",5.33,5.33,0.00
A20E,A20E-sh518880-T6,T,"event:('2024-05-10', 'sell', None):fee",124.18900000000001,124.189000,1E-14
A20E,A20E-sh510300-T7,S,entry_price,4.188,4.188,0.000
A20E,A20E-sh510300-T7,S,initial_shares,32600.0,32600.0,0.0
A20E,A20E-sh510300-T7,S,final_shares,32600.0,32600.0,0.0
A20E,A20E-sh510300-T7,S,entry_notional,136528.8,136528.8000,0.0000
A20E,A20E-sh510300-T7,S,buy_fee,136.5288,136.5288000,0E-7
A20E,A20E-sh510300-T7,S,sell_fee,0.0,0,0.0
A20E,A20E-sh510300-T7,S,dividends,4009.7999999999997,4009.80000,3E-13
A20E,A20E-sh510300-T7,S,exit_notional,0.0,0,0.0
A20E,A20E-sh510300-T7,S,terminal_market_value,163619.4,163619.4000,0.0000
A20E,A20E-sh510300-T7,S,terminal_value_from_entry_cash,30963.871199999994,30963.8712000,6E-12
A20E,A20E-sh510300-T7,S,net_pnl,30963.871199999994,30963.8712000,6E-12
A20E,A20E-sh510300-T7,S,baseline_net_pnl,30963.871199999994,30963.8712000,6E-12
A20E,A20E-sh510300-T7,S,initial_stop,4.171,4.171,0.000
A20E,A20E-sh510300-T7,S,final_stop,4.06541592920354,4.065415929203539823008849557522123893805,1.76991150442477876106195E-16
A20E,A20E-sh510300-T7,S,"event:('2026-01-16', 'dividend_recorded', '510300-cash-2026-01-19'):shares",32600.0,32600.0,0.0
A20E,A20E-sh510300-T7,S,"event:('2026-01-19', 'dividend_receivable', '510300-cash-2026-01-19'):amount",4009.7999999999997,4009.80000,3E-13
A20E,A20E-sh510300-T7,S,"event:('2026-01-19', 'dividend_receivable', '510300-cash-2026-01-19'):entitled_shares",32600.0,32600.0,0.0
A20E,A20E-sh510300-T7,S,"event:('2026-01-19', 'dividend_receivable', '510300-cash-2026-01-19'):stop_after",4.06541592920354,4.065415929203539823008849557522123893805,1.76991150442477876106195E-16
A20E,A20E-sh510300-T7,S,"event:('2026-01-27', 'dividend_paid', '510300-cash-2026-01-19'):amount",4009.7999999999997,4009.80000,3E-13
A20E,A20E-sh510300-T7,T,entry_price,4.188,4.188,0.000
A20E,A20E-sh510300-T7,T,initial_shares,32600.0,32600.0,0.0
A20E,A20E-sh510300-T7,T,final_shares,0.0,0,0.0
A20E,A20E-sh510300-T7,T,entry_notional,136528.8,136528.8000,0.0000
A20E,A20E-sh510300-T7,T,buy_fee,136.5288,136.5288000,0E-7
A20E,A20E-sh510300-T7,T,sell_fee,151.6226,151.6226000,0E-7
A20E,A20E-sh510300-T7,T,dividends,0.0,0.0000,0.0000
A20E,A20E-sh510300-T7,T,exit_notional,151622.6,151622.6000,0.0000
A20E,A20E-sh510300-T7,T,terminal_market_value,0.0,0.000,0.000
A20E,A20E-sh510300-T7,T,terminal_value_from_entry_cash,14805.648600000015,14805.6486000,1.5E-11
A20E,A20E-sh510300-T7,T,net_pnl,14805.648600000017,14805.6486000,1.7E-11
A20E,A20E-sh510300-T7,T,baseline_net_pnl,30963.871199999994,30963.8712000,6E-12
A20E,A20E-sh510300-T7,T,initial_stop,4.171,4.171,0.000
A20E,A20E-sh510300-T7,T,final_stop,4.171,4.171,0.000
A20E,A20E-sh510300-T7,T,exit_price,4.651,4.651,0.000
A20E,A20E-sh510300-T7,T,"event:('2026-01-16', 'dividend_recorded', '510300-cash-2026-01-19'):shares",0.0,0,0.0
A20E,A20E-sh510300-T7,T,"event:('2026-01-19', 'dividend_receivable', '510300-cash-2026-01-19'):amount",0.0,0.0000,0.0000
A20E,A20E-sh510300-T7,T,"event:('2026-01-19', 'dividend_receivable', '510300-cash-2026-01-19'):entitled_shares",0.0,0,0.0
A20E,A20E-sh510300-T7,T,"event:('2026-01-19', 'dividend_receivable', '510300-cash-2026-01-19'):stop_after",4.171,4.171,0.000
A20E,A20E-sh510300-T7,T,"event:('2026-01-27', 'dividend_paid', '510300-cash-2026-01-19'):amount",0.0,0.0000,0.0000
A20E,A20E-sh510300-T7,T,"event:('2025-10-17', 'exit_signal', None):close",4.624,4.624,0.000
A20E,A20E-sh510300-T7,T,"event:('2025-10-17', 'exit_signal', None):stop",4.171,4.171,0.000
A20E,A20E-sh510300-T7,T,"event:('2025-10-20', 'sell', None):shares",32600.0,32600.0,0.0
A20E,A20E-sh510300-T7,T,"event:('2025-10-20', 'sell', None):price",4.651,4.651,0.000
A20E,A20E-sh510300-T7,T,"event:('2025-10-20', 'sell', None):fee",151.6226,151.6226000,0E-7
A20J,A20J-sh510300-T1,S,entry_price,4.668,4.668,0.000
A20J,A20J-sh510300-T1,S,initial_shares,1000.0,1000.0,0.0
A20J,A20J-sh510300-T1,S,final_shares,0.0,0,0.0
A20J,A20J-sh510300-T1,S,entry_notional,4668.0,4668.0000,0.0000
A20J,A20J-sh510300-T1,S,buy_fee,4.668,4.6680000,0E-7
A20J,A20J-sh510300-T1,S,sell_fee,4.573,4.5730000,0E-7
A20J,A20J-sh510300-T1,S,dividends,0.0,0.0000,0.0000
A20J,A20J-sh510300-T1,S,exit_notional,4573.0,4573.0000,0.0000
A20J,A20J-sh510300-T1,S,terminal_market_value,0.0,0.000,0.000
A20J,A20J-sh510300-T1,S,terminal_value_from_entry_cash,-104.24099999999999,-104.2410000,1E-14
A20J,A20J-sh510300-T1,S,net_pnl,-104.24100000000001,-104.2410000,1E-14
A20J,A20J-sh510300-T1,S,baseline_net_pnl,-104.24100000000001,-104.2410000,1E-14
A20J,A20J-sh510300-T1,S,initial_stop,4.653,4.653,0.000
A20J,A20J-sh510300-T1,S,final_stop,4.653,4.653,0.000
A20J,A20J-sh510300-T1,S,exit_price,4.573,4.573,0.000
A20J,A20J-sh510300-T1,S,"event:('2016-01-19', 'dividend_recorded', '510300-cash-2016-01-20'):shares",0.0,0,0.0
A20J,A20J-sh510300-T1,S,"event:('2016-01-20', 'dividend_receivable', '510300-cash-2016-01-20'):amount",0.0,0.000,0.000
A20J,A20J-sh510300-T1,S,"event:('2016-01-20', 'dividend_receivable', '510300-cash-2016-01-20'):entitled_shares",0.0,0,0.0
A20J,A20J-sh510300-T1,S,"event:('2016-01-20', 'dividend_receivable', '510300-cash-2016-01-20'):stop_after",4.653,4.653,0.000
A20J,A20J-sh510300-T1,S,"event:('2016-01-25', 'dividend_paid', '510300-cash-2016-01-20'):amount",0.0,0.000,0.000
A20J,A20J-sh510300-T1,S,"event:('2017-01-20', 'dividend_recorded', '510300-cash-2017-01-23'):shares",0.0,0,0.0
A20J,A20J-sh510300-T1,S,"event:('2017-01-23', 'dividend_receivable', '510300-cash-2017-01-23'):amount",0.0,0.000,0.000
A20J,A20J-sh510300-T1,S,"event:('2017-01-23', 'dividend_receivable', '510300-cash-2017-01-23'):entitled_shares",0.0,0,0.0
A20J,A20J-sh510300-T1,S,"event:('2017-01-23', 'dividend_receivable', '510300-cash-2017-01-23'):stop_after",4.653,4.653,0.000
A20J,A20J-sh510300-T1,S,"event:('2017-01-26', 'dividend_paid', '510300-cash-2017-01-23'):amount",0.0,0.000,0.000
A20J,A20J-sh510300-T1,S,"event:('2018-01-22', 'dividend_recorded', '510300-cash-2018-01-23'):shares",0.0,0,0.0
A20J,A20J-sh510300-T1,S,"event:('2018-01-23', 'dividend_receivable', '510300-cash-2018-01-23'):amount",0.0,0.000,0.000
A20J,A20J-sh510300-T1,S,"event:('2018-01-23', 'dividend_receivable', '510300-cash-2018-01-23'):entitled_shares",0.0,0,0.0
A20J,A20J-sh510300-T1,S,"event:('2018-01-23', 'dividend_receivable', '510300-cash-2018-01-23'):stop_after",4.653,4.653,0.000
A20J,A20J-sh510300-T1,S,"event:('2018-01-26', 'dividend_paid', '510300-cash-2018-01-23'):amount",0.0,0.000,0.000
A20J,A20J-sh510300-T1,S,"event:('2019-01-15', 'dividend_recorded', '510300-cash-2019-01-16'):shares",0.0,0,0.0
A20J,A20J-sh510300-T1,S,"event:('2019-01-16', 'dividend_receivable', '510300-cash-2019-01-16'):amount",0.0,0.000,0.000
A20J,A20J-sh510300-T1,S,"event:('2019-01-16', 'dividend_receivable', '510300-cash-2019-01-16'):entitled_shares",0.0,0,0.0
A20J,A20J-sh510300-T1,S,"event:('2019-01-16', 'dividend_receivable', '510300-cash-2019-01-16'):stop_after",4.653,4.653,0.000
A20J,A20J-sh510300-T1,S,"event:('2019-01-21', 'dividend_paid', '510300-cash-2019-01-16'):amount",0.0,0.000,0.000
A20J,A20J-sh510300-T1,S,"event:('2019-12-10', 'dividend_recorded', '510300-cash-2019-12-11'):shares",0.0,0,0.0
A20J,A20J-sh510300-T1,S,"event:('2019-12-11', 'dividend_receivable', '510300-cash-2019-12-11'):amount",0.0,0.000,0.000
A20J,A20J-sh510300-T1,S,"event:('2019-12-11', 'dividend_receivable', '510300-cash-2019-12-11'):entitled_shares",0.0,0,0.0
A20J,A20J-sh510300-T1,S,"event:('2019-12-11', 'dividend_receivable', '510300-cash-2019-12-11'):stop_after",4.653,4.653,0.000
A20J,A20J-sh510300-T1,S,"event:('2019-12-16', 'dividend_paid', '510300-cash-2019-12-11'):amount",0.0,0.000,0.000
A20J,A20J-sh510300-T1,S,"event:('2021-01-15', 'dividend_recorded', '510300-cash-2021-01-18'):shares",0.0,0,0.0
A20J,A20J-sh510300-T1,S,"event:('2021-01-18', 'dividend_receivable', '510300-cash-2021-01-18'):amount",0.0,0.000,0.000
A20J,A20J-sh510300-T1,S,"event:('2021-01-18', 'dividend_receivable', '510300-cash-2021-01-18'):entitled_shares",0.0,0,0.0
A20J,A20J-sh510300-T1,S,"event:('2021-01-18', 'dividend_receivable', '510300-cash-2021-01-18'):stop_after",4.653,4.653,0.000
A20J,A20J-sh510300-T1,S,"event:('2021-01-21', 'dividend_paid', '510300-cash-2021-01-18'):amount",0.0,0.000,0.000
A20J,A20J-sh510300-T1,S,"event:('2022-01-18', 'dividend_recorded', '510300-cash-2022-01-19'):shares",0.0,0,0.0
A20J,A20J-sh510300-T1,S,"event:('2022-01-19', 'dividend_receivable', '510300-cash-2022-01-19'):amount",0.0,0.0000,0.0000
A20J,A20J-sh510300-T1,S,"event:('2022-01-19', 'dividend_receivable', '510300-cash-2022-01-19'):entitled_shares",0.0,0,0.0
A20J,A20J-sh510300-T1,S,"event:('2022-01-19', 'dividend_receivable', '510300-cash-2022-01-19'):stop_after",4.653,4.653,0.000
A20J,A20J-sh510300-T1,S,"event:('2022-01-24', 'dividend_paid', '510300-cash-2022-01-19'):amount",0.0,0.0000,0.0000
A20J,A20J-sh510300-T1,S,"event:('2023-01-13', 'dividend_recorded', '510300-cash-2023-01-16'):shares",0.0,0,0.0
A20J,A20J-sh510300-T1,S,"event:('2023-01-16', 'dividend_receivable', '510300-cash-2023-01-16'):amount",0.0,0.0000,0.0000
A20J,A20J-sh510300-T1,S,"event:('2023-01-16', 'dividend_receivable', '510300-cash-2023-01-16'):entitled_shares",0.0,0,0.0
A20J,A20J-sh510300-T1,S,"event:('2023-01-16', 'dividend_receivable', '510300-cash-2023-01-16'):stop_after",4.653,4.653,0.000
A20J,A20J-sh510300-T1,S,"event:('2023-01-19', 'dividend_paid', '510300-cash-2023-01-16'):amount",0.0,0.0000,0.0000
A20J,A20J-sh510300-T1,S,"event:('2024-01-17', 'dividend_recorded', '510300-cash-2024-01-18'):shares",0.0,0,0.0
A20J,A20J-sh510300-T1,S,"event:('2024-01-18', 'dividend_receivable', '510300-cash-2024-01-18'):amount",0.0,0.0000,0.0000
A20J,A20J-sh510300-T1,S,"event:('2024-01-18', 'dividend_receivable', '510300-cash-2024-01-18'):entitled_shares",0.0,0,0.0
A20J,A20J-sh510300-T1,S,"event:('2024-01-18', 'dividend_receivable', '510300-cash-2024-01-18'):stop_after",4.653,4.653,0.000
A20J,A20J-sh510300-T1,S,"event:('2024-01-23', 'dividend_paid', '510300-cash-2024-01-18'):amount",0.0,0.0000,0.0000
A20J,A20J-sh510300-T1,S,"event:('2025-06-17', 'dividend_recorded', '510300-cash-2025-06-18'):shares",0.0,0,0.0
A20J,A20J-sh510300-T1,S,"event:('2025-06-18', 'dividend_receivable', '510300-cash-2025-06-18'):amount",0.0,0.000,0.000
A20J,A20J-sh510300-T1,S,"event:('2025-06-18', 'dividend_receivable', '510300-cash-2025-06-18'):entitled_shares",0.0,0,0.0
A20J,A20J-sh510300-T1,S,"event:('2025-06-18', 'dividend_receivable', '510300-cash-2025-06-18'):stop_after",4.653,4.653,0.000
A20J,A20J-sh510300-T1,S,"event:('2025-06-27', 'dividend_paid', '510300-cash-2025-06-18'):amount",0.0,0.000,0.000
A20J,A20J-sh510300-T1,S,"event:('2026-01-16', 'dividend_recorded', '510300-cash-2026-01-19'):shares",0.0,0,0.0
A20J,A20J-sh510300-T1,S,"event:('2026-01-19', 'dividend_receivable', '510300-cash-2026-01-19'):amount",0.0,0.0000,0.0000
A20J,A20J-sh510300-T1,S,"event:('2026-01-19', 'dividend_receivable', '510300-cash-2026-01-19'):entitled_shares",0.0,0,0.0
A20J,A20J-sh510300-T1,S,"event:('2026-01-19', 'dividend_receivable', '510300-cash-2026-01-19'):stop_after",4.653,4.653,0.000
A20J,A20J-sh510300-T1,S,"event:('2026-01-27', 'dividend_paid', '510300-cash-2026-01-19'):amount",0.0,0.0000,0.0000
A20J,A20J-sh510300-T1,S,"event:('2015-05-15', 'exit_signal', None):close",4.588,4.588,0.000
A20J,A20J-sh510300-T1,S,"event:('2015-05-15', 'exit_signal', None):stop",4.653,4.653,0.000
A20J,A20J-sh510300-T1,S,"event:('2015-05-18', 'sell', None):shares",1000.0,1000.0,0.0
A20J,A20J-sh510300-T1,S,"event:('2015-05-18', 'sell', None):price",4.573,4.573,0.000
A20J,A20J-sh510300-T1,S,"event:('2015-05-18', 'sell', None):fee",4.573,4.5730000,0E-7
A20J,A20J-sh510300-T1,T,entry_price,4.668,4.668,0.000
A20J,A20J-sh510300-T1,T,initial_shares,1000.0,1000.0,0.0
A20J,A20J-sh510300-T1,T,final_shares,0.0,0,0.0
A20J,A20J-sh510300-T1,T,entry_notional,4668.0,4668.0000,0.0000
A20J,A20J-sh510300-T1,T,buy_fee,4.668,4.6680000,0E-7
A20J,A20J-sh510300-T1,T,sell_fee,4.573,4.5730000,0E-7
A20J,A20J-sh510300-T1,T,dividends,0.0,0.0000,0.0000
A20J,A20J-sh510300-T1,T,exit_notional,4573.0,4573.0000,0.0000
A20J,A20J-sh510300-T1,T,terminal_market_value,0.0,0.000,0.000
A20J,A20J-sh510300-T1,T,terminal_value_from_entry_cash,-104.24099999999999,-104.2410000,1E-14
A20J,A20J-sh510300-T1,T,net_pnl,-104.24100000000001,-104.2410000,1E-14
A20J,A20J-sh510300-T1,T,baseline_net_pnl,-104.24100000000001,-104.2410000,1E-14
A20J,A20J-sh510300-T1,T,initial_stop,4.653,4.653,0.000
A20J,A20J-sh510300-T1,T,final_stop,4.653,4.653,0.000
A20J,A20J-sh510300-T1,T,exit_price,4.573,4.573,0.000
A20J,A20J-sh510300-T1,T,"event:('2016-01-19', 'dividend_recorded', '510300-cash-2016-01-20'):shares",0.0,0,0.0
A20J,A20J-sh510300-T1,T,"event:('2016-01-20', 'dividend_receivable', '510300-cash-2016-01-20'):amount",0.0,0.000,0.000
A20J,A20J-sh510300-T1,T,"event:('2016-01-20', 'dividend_receivable', '510300-cash-2016-01-20'):entitled_shares",0.0,0,0.0
A20J,A20J-sh510300-T1,T,"event:('2016-01-20', 'dividend_receivable', '510300-cash-2016-01-20'):stop_after",4.653,4.653,0.000
A20J,A20J-sh510300-T1,T,"event:('2016-01-25', 'dividend_paid', '510300-cash-2016-01-20'):amount",0.0,0.000,0.000
A20J,A20J-sh510300-T1,T,"event:('2017-01-20', 'dividend_recorded', '510300-cash-2017-01-23'):shares",0.0,0,0.0
A20J,A20J-sh510300-T1,T,"event:('2017-01-23', 'dividend_receivable', '510300-cash-2017-01-23'):amount",0.0,0.000,0.000
A20J,A20J-sh510300-T1,T,"event:('2017-01-23', 'dividend_receivable', '510300-cash-2017-01-23'):entitled_shares",0.0,0,0.0
A20J,A20J-sh510300-T1,T,"event:('2017-01-23', 'dividend_receivable', '510300-cash-2017-01-23'):stop_after",4.653,4.653,0.000
A20J,A20J-sh510300-T1,T,"event:('2017-01-26', 'dividend_paid', '510300-cash-2017-01-23'):amount",0.0,0.000,0.000
A20J,A20J-sh510300-T1,T,"event:('2018-01-22', 'dividend_recorded', '510300-cash-2018-01-23'):shares",0.0,0,0.0
A20J,A20J-sh510300-T1,T,"event:('2018-01-23', 'dividend_receivable', '510300-cash-2018-01-23'):amount",0.0,0.000,0.000
A20J,A20J-sh510300-T1,T,"event:('2018-01-23', 'dividend_receivable', '510300-cash-2018-01-23'):entitled_shares",0.0,0,0.0
A20J,A20J-sh510300-T1,T,"event:('2018-01-23', 'dividend_receivable', '510300-cash-2018-01-23'):stop_after",4.653,4.653,0.000
A20J,A20J-sh510300-T1,T,"event:('2018-01-26', 'dividend_paid', '510300-cash-2018-01-23'):amount",0.0,0.000,0.000
A20J,A20J-sh510300-T1,T,"event:('2019-01-15', 'dividend_recorded', '510300-cash-2019-01-16'):shares",0.0,0,0.0
A20J,A20J-sh510300-T1,T,"event:('2019-01-16', 'dividend_receivable', '510300-cash-2019-01-16'):amount",0.0,0.000,0.000
A20J,A20J-sh510300-T1,T,"event:('2019-01-16', 'dividend_receivable', '510300-cash-2019-01-16'):entitled_shares",0.0,0,0.0
A20J,A20J-sh510300-T1,T,"event:('2019-01-16', 'dividend_receivable', '510300-cash-2019-01-16'):stop_after",4.653,4.653,0.000
A20J,A20J-sh510300-T1,T,"event:('2019-01-21', 'dividend_paid', '510300-cash-2019-01-16'):amount",0.0,0.000,0.000
A20J,A20J-sh510300-T1,T,"event:('2019-12-10', 'dividend_recorded', '510300-cash-2019-12-11'):shares",0.0,0,0.0
A20J,A20J-sh510300-T1,T,"event:('2019-12-11', 'dividend_receivable', '510300-cash-2019-12-11'):amount",0.0,0.000,0.000
A20J,A20J-sh510300-T1,T,"event:('2019-12-11', 'dividend_receivable', '510300-cash-2019-12-11'):entitled_shares",0.0,0,0.0
A20J,A20J-sh510300-T1,T,"event:('2019-12-11', 'dividend_receivable', '510300-cash-2019-12-11'):stop_after",4.653,4.653,0.000
A20J,A20J-sh510300-T1,T,"event:('2019-12-16', 'dividend_paid', '510300-cash-2019-12-11'):amount",0.0,0.000,0.000
A20J,A20J-sh510300-T1,T,"event:('2021-01-15', 'dividend_recorded', '510300-cash-2021-01-18'):shares",0.0,0,0.0
A20J,A20J-sh510300-T1,T,"event:('2021-01-18', 'dividend_receivable', '510300-cash-2021-01-18'):amount",0.0,0.000,0.000
A20J,A20J-sh510300-T1,T,"event:('2021-01-18', 'dividend_receivable', '510300-cash-2021-01-18'):entitled_shares",0.0,0,0.0
A20J,A20J-sh510300-T1,T,"event:('2021-01-18', 'dividend_receivable', '510300-cash-2021-01-18'):stop_after",4.653,4.653,0.000
A20J,A20J-sh510300-T1,T,"event:('2021-01-21', 'dividend_paid', '510300-cash-2021-01-18'):amount",0.0,0.000,0.000
A20J,A20J-sh510300-T1,T,"event:('2022-01-18', 'dividend_recorded', '510300-cash-2022-01-19'):shares",0.0,0,0.0
A20J,A20J-sh510300-T1,T,"event:('2022-01-19', 'dividend_receivable', '510300-cash-2022-01-19'):amount",0.0,0.0000,0.0000
A20J,A20J-sh510300-T1,T,"event:('2022-01-19', 'dividend_receivable', '510300-cash-2022-01-19'):entitled_shares",0.0,0,0.0
A20J,A20J-sh510300-T1,T,"event:('2022-01-19', 'dividend_receivable', '510300-cash-2022-01-19'):stop_after",4.653,4.653,0.000
A20J,A20J-sh510300-T1,T,"event:('2022-01-24', 'dividend_paid', '510300-cash-2022-01-19'):amount",0.0,0.0000,0.0000
A20J,A20J-sh510300-T1,T,"event:('2023-01-13', 'dividend_recorded', '510300-cash-2023-01-16'):shares",0.0,0,0.0
A20J,A20J-sh510300-T1,T,"event:('2023-01-16', 'dividend_receivable', '510300-cash-2023-01-16'):amount",0.0,0.0000,0.0000
A20J,A20J-sh510300-T1,T,"event:('2023-01-16', 'dividend_receivable', '510300-cash-2023-01-16'):entitled_shares",0.0,0,0.0
A20J,A20J-sh510300-T1,T,"event:('2023-01-16', 'dividend_receivable', '510300-cash-2023-01-16'):stop_after",4.653,4.653,0.000
A20J,A20J-sh510300-T1,T,"event:('2023-01-19', 'dividend_paid', '510300-cash-2023-01-16'):amount",0.0,0.0000,0.0000
A20J,A20J-sh510300-T1,T,"event:('2024-01-17', 'dividend_recorded', '510300-cash-2024-01-18'):shares",0.0,0,0.0
A20J,A20J-sh510300-T1,T,"event:('2024-01-18', 'dividend_receivable', '510300-cash-2024-01-18'):amount",0.0,0.0000,0.0000
A20J,A20J-sh510300-T1,T,"event:('2024-01-18', 'dividend_receivable', '510300-cash-2024-01-18'):entitled_shares",0.0,0,0.0
A20J,A20J-sh510300-T1,T,"event:('2024-01-18', 'dividend_receivable', '510300-cash-2024-01-18'):stop_after",4.653,4.653,0.000
A20J,A20J-sh510300-T1,T,"event:('2024-01-23', 'dividend_paid', '510300-cash-2024-01-18'):amount",0.0,0.0000,0.0000
A20J,A20J-sh510300-T1,T,"event:('2025-06-17', 'dividend_recorded', '510300-cash-2025-06-18'):shares",0.0,0,0.0
A20J,A20J-sh510300-T1,T,"event:('2025-06-18', 'dividend_receivable', '510300-cash-2025-06-18'):amount",0.0,0.000,0.000
A20J,A20J-sh510300-T1,T,"event:('2025-06-18', 'dividend_receivable', '510300-cash-2025-06-18'):entitled_shares",0.0,0,0.0
A20J,A20J-sh510300-T1,T,"event:('2025-06-18', 'dividend_receivable', '510300-cash-2025-06-18'):stop_after",4.653,4.653,0.000
A20J,A20J-sh510300-T1,T,"event:('2025-06-27', 'dividend_paid', '510300-cash-2025-06-18'):amount",0.0,0.000,0.000
A20J,A20J-sh510300-T1,T,"event:('2026-01-16', 'dividend_recorded', '510300-cash-2026-01-19'):shares",0.0,0,0.0
A20J,A20J-sh510300-T1,T,"event:('2026-01-19', 'dividend_receivable', '510300-cash-2026-01-19'):amount",0.0,0.0000,0.0000
A20J,A20J-sh510300-T1,T,"event:('2026-01-19', 'dividend_receivable', '510300-cash-2026-01-19'):entitled_shares",0.0,0,0.0
A20J,A20J-sh510300-T1,T,"event:('2026-01-19', 'dividend_receivable', '510300-cash-2026-01-19'):stop_after",4.653,4.653,0.000
A20J,A20J-sh510300-T1,T,"event:('2026-01-27', 'dividend_paid', '510300-cash-2026-01-19'):amount",0.0,0.0000,0.0000
A20J,A20J-sh510300-T1,T,"event:('2015-05-15', 'exit_signal', None):close",4.588,4.588,0.000
A20J,A20J-sh510300-T1,T,"event:('2015-05-15', 'exit_signal', None):stop",4.653,4.653,0.000
A20J,A20J-sh510300-T1,T,"event:('2015-05-18', 'sell', None):shares",1000.0,1000.0,0.0
A20J,A20J-sh510300-T1,T,"event:('2015-05-18', 'sell', None):price",4.573,4.573,0.000
A20J,A20J-sh510300-T1,T,"event:('2015-05-18', 'sell', None):fee",4.573,4.5730000,0E-7
A20J,A20J-sh513100-T2,S,entry_price,1.793,1.793,0.000
A20J,A20J-sh513100-T2,S,initial_shares,14200.0,14200.0,0.0
A20J,A20J-sh513100-T2,S,final_shares,71000.0,71000.0,0.0
A20J,A20J-sh513100-T2,S,entry_notional,25460.6,25460.6000,0.0000
A20J,A20J-sh513100-T2,S,buy_fee,25.4606,25.4606000,0E-7
A20J,A20J-sh513100-T2,S,sell_fee,0.0,0,0.0
A20J,A20J-sh513100-T2,S,dividends,0.0,0,0.0
A20J,A20J-sh513100-T2,S,exit_notional,0.0,0,0.0
A20J,A20J-sh513100-T2,S,terminal_market_value,156484.0,156484.0000,0.0000
A20J,A20J-sh513100-T2,S,terminal_value_from_entry_cash,130997.9394,130997.9394000,0E-7
A20J,A20J-sh513100-T2,S,net_pnl,130997.93939999999,130997.9394000,1E-11
A20J,A20J-sh513100-T2,S,baseline_net_pnl,130997.93939999999,130997.9394000,1E-11
A20J,A20J-sh513100-T2,S,initial_stop,1.78,1.78,0.00
A20J,A20J-sh513100-T2,S,final_stop,0.356,0.356,0.000
A20J,A20J-sh513100-T2,S,"event:('2022-01-13', 'split', '513100-split-2022-01-13'):shares_after",71000.0,71000.0,0.0
A20J,A20J-sh513100-T2,S,"event:('2022-01-13', 'split', '513100-split-2022-01-13'):stop_after",0.356,0.356,0.000
A20J,A20J-sh513100-T2,T,entry_price,1.793,1.793,0.000
A20J,A20J-sh513100-T2,T,initial_shares,14200.0,14200.0,0.0
A20J,A20J-sh513100-T2,T,final_shares,0.0,0,0.0
A20J,A20J-sh513100-T2,T,entry_notional,25460.6,25460.6000,0.0000
A20J,A20J-sh513100-T2,T,buy_fee,25.4606,25.4606000,0E-7
A20J,A20J-sh513100-T2,T,sell_fee,27.7326,27.7326000,0E-7
A20J,A20J-sh513100-T2,T,dividends,0.0,0,0.0
A20J,A20J-sh513100-T2,T,exit_notional,27732.600000000002,27732.6000,2E-12
A20J,A20J-sh513100-T2,T,terminal_market_value,0.0,0.000,0.000
A20J,A20J-sh513100-T2,T,terminal_value_from_entry_cash,2218.8068000000058,2218.8068000,5.8E-12
A20J,A20J-sh513100-T2,T,net_pnl,2218.806800000004,2218.8068000,4E-12
A20J,A20J-sh513100-T2,T,baseline_net_pnl,130997.93939999999,130997.9394000,1E-11
A20J,A20J-sh513100-T2,T,initial_stop,1.78,1.78,0.00
A20J,A20J-sh513100-T2,T,final_stop,1.78,1.78,0.00
A20J,A20J-sh513100-T2,T,exit_price,1.953,1.953,0.000
A20J,A20J-sh513100-T2,T,"event:('2022-01-13', 'split', '513100-split-2022-01-13'):shares_after",0.0,0,0.0
A20J,A20J-sh513100-T2,T,"event:('2022-01-13', 'split', '513100-split-2022-01-13'):stop_after",1.78,1.78,0.00
A20J,A20J-sh513100-T2,T,"event:('2017-03-24', 'exit_signal', None):close",1.955,1.955,0.000
A20J,A20J-sh513100-T2,T,"event:('2017-03-24', 'exit_signal', None):stop",1.78,1.78,0.00
A20J,A20J-sh513100-T2,T,"event:('2017-03-27', 'sell', None):shares",14200.0,14200.0,0.0
A20J,A20J-sh513100-T2,T,"event:('2017-03-27', 'sell', None):price",1.953,1.953,0.000
A20J,A20J-sh513100-T2,T,"event:('2017-03-27', 'sell', None):fee",27.7326,27.7326000,0E-7
A20J,A20J-sh510300-T3,S,entry_price,4.946,4.946,0.000
A20J,A20J-sh510300-T3,S,initial_shares,15400.0,15400.0,0.0
A20J,A20J-sh510300-T3,S,final_shares,0.0,0,0.0
A20J,A20J-sh510300-T3,S,entry_notional,76168.4,76168.4000,0.0000
A20J,A20J-sh510300-T3,S,buy_fee,76.16839999999999,76.1684000,1E-14
A20J,A20J-sh510300-T3,S,sell_fee,73.9662,73.9662000,0E-7
A20J,A20J-sh510300-T3,S,dividends,1108.8,1108.8000,0.0000
A20J,A20J-sh510300-T3,S,exit_notional,73966.2,73966.2000,0.0000
A20J,A20J-sh510300-T3,S,terminal_market_value,0.0,0.000,0.000
A20J,A20J-sh510300-T3,S,terminal_value_from_entry_cash,-1243.5345999999845,-1243.5346000,1.55E-11
A20J,A20J-sh510300-T3,S,net_pnl,-1243.5345999999943,-1243.5346000,5.7E-12
A20J,A20J-sh510300-T3,S,baseline_net_pnl,-1243.5345999999943,-1243.5346000,5.7E-12
A20J,A20J-sh510300-T3,S,initial_stop,4.934,4.934,0.000
A20J,A20J-sh510300-T3,S,final_stop,4.8697133550488605,4.869713355048859934853420195439739413681,5.65146579804560260586319E-16
A20J,A20J-sh510300-T3,S,exit_price,4.803,4.803,0.000
A20J,A20J-sh510300-T3,S,"event:('2021-01-15', 'dividend_recorded', '510300-cash-2021-01-18'):shares",15400.0,15400.0,0.0
A20J,A20J-sh510300-T3,S,"event:('2021-01-18', 'dividend_receivable', '510300-cash-2021-01-18'):amount",1108.8,1108.8000,0.0000
A20J,A20J-sh510300-T3,S,"event:('2021-01-18', 'dividend_receivable', '510300-cash-2021-01-18'):entitled_shares",15400.0,15400.0,0.0
A20J,A20J-sh510300-T3,S,"event:('2021-01-18', 'dividend_receivable', '510300-cash-2021-01-18'):stop_after",4.8697133550488605,4.869713355048859934853420195439739413681,5.65146579804560260586319E-16
A20J,A20J-sh510300-T3,S,"event:('2021-01-21', 'dividend_paid', '510300-cash-2021-01-18'):amount",1108.8,1108.8000,0.0000
A20J,A20J-sh510300-T3,S,"event:('2022-01-18', 'dividend_recorded', '510300-cash-2022-01-19'):shares",0.0,0,0.0
A20J,A20J-sh510300-T3,S,"event:('2022-01-19', 'dividend_receivable', '510300-cash-2022-01-19'):amount",0.0,0.0000,0.0000
A20J,A20J-sh510300-T3,S,"event:('2022-01-19', 'dividend_receivable', '510300-cash-2022-01-19'):entitled_shares",0.0,0,0.0
A20J,A20J-sh510300-T3,S,"event:('2022-01-19', 'dividend_receivable', '510300-cash-2022-01-19'):stop_after",4.8697133550488605,4.869713355048859934853420195439739413681,5.65146579804560260586319E-16
A20J,A20J-sh510300-T3,S,"event:('2022-01-24', 'dividend_paid', '510300-cash-2022-01-19'):amount",0.0,0.0000,0.0000
A20J,A20J-sh510300-T3,S,"event:('2023-01-13', 'dividend_recorded', '510300-cash-2023-01-16'):shares",0.0,0,0.0
A20J,A20J-sh510300-T3,S,"event:('2023-01-16', 'dividend_receivable', '510300-cash-2023-01-16'):amount",0.0,0.0000,0.0000
A20J,A20J-sh510300-T3,S,"event:('2023-01-16', 'dividend_receivable', '510300-cash-2023-01-16'):entitled_shares",0.0,0,0.0
A20J,A20J-sh510300-T3,S,"event:('2023-01-16', 'dividend_receivable', '510300-cash-2023-01-16'):stop_after",4.8697133550488605,4.869713355048859934853420195439739413681,5.65146579804560260586319E-16
A20J,A20J-sh510300-T3,S,"event:('2023-01-19', 'dividend_paid', '510300-cash-2023-01-16'):amount",0.0,0.0000,0.0000
A20J,A20J-sh510300-T3,S,"event:('2024-01-17', 'dividend_recorded', '510300-cash-2024-01-18'):shares",0.0,0,0.0
A20J,A20J-sh510300-T3,S,"event:('2024-01-18', 'dividend_receivable', '510300-cash-2024-01-18'):amount",0.0,0.0000,0.0000
A20J,A20J-sh510300-T3,S,"event:('2024-01-18', 'dividend_receivable', '510300-cash-2024-01-18'):entitled_shares",0.0,0,0.0
A20J,A20J-sh510300-T3,S,"event:('2024-01-18', 'dividend_receivable', '510300-cash-2024-01-18'):stop_after",4.8697133550488605,4.869713355048859934853420195439739413681,5.65146579804560260586319E-16
A20J,A20J-sh510300-T3,S,"event:('2024-01-23', 'dividend_paid', '510300-cash-2024-01-18'):amount",0.0,0.0000,0.0000
A20J,A20J-sh510300-T3,S,"event:('2025-06-17', 'dividend_recorded', '510300-cash-2025-06-18'):shares",0.0,0,0.0
A20J,A20J-sh510300-T3,S,"event:('2025-06-18', 'dividend_receivable', '510300-cash-2025-06-18'):amount",0.0,0.000,0.000
A20J,A20J-sh510300-T3,S,"event:('2025-06-18', 'dividend_receivable', '510300-cash-2025-06-18'):entitled_shares",0.0,0,0.0
A20J,A20J-sh510300-T3,S,"event:('2025-06-18', 'dividend_receivable', '510300-cash-2025-06-18'):stop_after",4.8697133550488605,4.869713355048859934853420195439739413681,5.65146579804560260586319E-16
A20J,A20J-sh510300-T3,S,"event:('2025-06-27', 'dividend_paid', '510300-cash-2025-06-18'):amount",0.0,0.000,0.000
A20J,A20J-sh510300-T3,S,"event:('2026-01-16', 'dividend_recorded', '510300-cash-2026-01-19'):shares",0.0,0,0.0
A20J,A20J-sh510300-T3,S,"event:('2026-01-19', 'dividend_receivable', '510300-cash-2026-01-19'):amount",0.0,0.0000,0.0000
A20J,A20J-sh510300-T3,S,"event:('2026-01-19', 'dividend_receivable', '510300-cash-2026-01-19'):entitled_shares",0.0,0,0.0
A20J,A20J-sh510300-T3,S,"event:('2026-01-19', 'dividend_receivable', '510300-cash-2026-01-19'):stop_after",4.8697133550488605,4.869713355048859934853420195439739413681,5.65146579804560260586319E-16
A20J,A20J-sh510300-T3,S,"event:('2026-01-27', 'dividend_paid', '510300-cash-2026-01-19'):amount",0.0,0.0000,0.0000
A20J,A20J-sh510300-T3,S,"event:('2021-07-27', 'exit_signal', None):close",4.809,4.809,0.000
A20J,A20J-sh510300-T3,S,"event:('2021-07-27', 'exit_signal', None):stop",4.8697133550488605,4.869713355048859934853420195439739413681,5.65146579804560260586319E-16
A20J,A20J-sh510300-T3,S,"event:('2021-07-28', 'sell', None):shares",15400.0,15400.0,0.0
A20J,A20J-sh510300-T3,S,"event:('2021-07-28', 'sell', None):price",4.803,4.803,0.000
A20J,A20J-sh510300-T3,S,"event:('2021-07-28', 'sell', None):fee",73.9662,73.9662000,0E-7
A20J,A20J-sh510300-T3,T,entry_price,4.946,4.946,0.000
A20J,A20J-sh510300-T3,T,initial_shares,15400.0,15400.0,0.0
A20J,A20J-sh510300-T3,T,final_shares,0.0,0,0.0
A20J,A20J-sh510300-T3,T,entry_notional,76168.4,76168.4000,0.0000
A20J,A20J-sh510300-T3,T,buy_fee,76.16839999999999,76.1684000,1E-14
A20J,A20J-sh510300-T3,T,sell_fee,77.616,77.616000,0.000000
A20J,A20J-sh510300-T3,T,dividends,0.0,0.0000,0.0000
A20J,A20J-sh510300-T3,T,exit_notional,77616.0,77616.000,0.000
A20J,A20J-sh510300-T3,T,terminal_market_value,0.0,0.000,0.000
A20J,A20J-sh510300-T3,T,terminal_value_from_entry_cash,1293.8156000000163,1293.8156000,1.63E-11
A20J,A20J-sh510300-T3,T,net_pnl,1293.8156000000058,1293.8156000,5.8E-12
A20J,A20J-sh510300-T3,T,baseline_net_pnl,-1243.5345999999943,-1243.5346000,5.7E-12
A20J,A20J-sh510300-T3,T,initial_stop,4.934,4.934,0.000
A20J,A20J-sh510300-T3,T,final_stop,4.934,4.934,0.000
A20J,A20J-sh510300-T3,T,exit_price,5.04,5.04,0.00
A20J,A20J-sh510300-T3,T,"event:('2021-01-15', 'dividend_recorded', '510300-cash-2021-01-18'):shares",0.0,0,0.0
A20J,A20J-sh510300-T3,T,"event:('2021-01-18', 'dividend_receivable', '510300-cash-2021-01-18'):amount",0.0,0.000,0.000
A20J,A20J-sh510300-T3,T,"event:('2021-01-18', 'dividend_receivable', '510300-cash-2021-01-18'):entitled_shares",0.0,0,0.0
A20J,A20J-sh510300-T3,T,"event:('2021-01-18', 'dividend_receivable', '510300-cash-2021-01-18'):stop_after",4.934,4.934,0.000
A20J,A20J-sh510300-T3,T,"event:('2021-01-21', 'dividend_paid', '510300-cash-2021-01-18'):amount",0.0,0.000,0.000
A20J,A20J-sh510300-T3,T,"event:('2022-01-18', 'dividend_recorded', '510300-cash-2022-01-19'):shares",0.0,0,0.0
A20J,A20J-sh510300-T3,T,"event:('2022-01-19', 'dividend_receivable', '510300-cash-2022-01-19'):amount",0.0,0.0000,0.0000
A20J,A20J-sh510300-T3,T,"event:('2022-01-19', 'dividend_receivable', '510300-cash-2022-01-19'):entitled_shares",0.0,0,0.0
A20J,A20J-sh510300-T3,T,"event:('2022-01-19', 'dividend_receivable', '510300-cash-2022-01-19'):stop_after",4.934,4.934,0.000
A20J,A20J-sh510300-T3,T,"event:('2022-01-24', 'dividend_paid', '510300-cash-2022-01-19'):amount",0.0,0.0000,0.0000
A20J,A20J-sh510300-T3,T,"event:('2023-01-13', 'dividend_recorded', '510300-cash-2023-01-16'):shares",0.0,0,0.0
A20J,A20J-sh510300-T3,T,"event:('2023-01-16', 'dividend_receivable', '510300-cash-2023-01-16'):amount",0.0,0.0000,0.0000
A20J,A20J-sh510300-T3,T,"event:('2023-01-16', 'dividend_receivable', '510300-cash-2023-01-16'):entitled_shares",0.0,0,0.0
A20J,A20J-sh510300-T3,T,"event:('2023-01-16', 'dividend_receivable', '510300-cash-2023-01-16'):stop_after",4.934,4.934,0.000
A20J,A20J-sh510300-T3,T,"event:('2023-01-19', 'dividend_paid', '510300-cash-2023-01-16'):amount",0.0,0.0000,0.0000
A20J,A20J-sh510300-T3,T,"event:('2024-01-17', 'dividend_recorded', '510300-cash-2024-01-18'):shares",0.0,0,0.0
A20J,A20J-sh510300-T3,T,"event:('2024-01-18', 'dividend_receivable', '510300-cash-2024-01-18'):amount",0.0,0.0000,0.0000
A20J,A20J-sh510300-T3,T,"event:('2024-01-18', 'dividend_receivable', '510300-cash-2024-01-18'):entitled_shares",0.0,0,0.0
A20J,A20J-sh510300-T3,T,"event:('2024-01-18', 'dividend_receivable', '510300-cash-2024-01-18'):stop_after",4.934,4.934,0.000
A20J,A20J-sh510300-T3,T,"event:('2024-01-23', 'dividend_paid', '510300-cash-2024-01-18'):amount",0.0,0.0000,0.0000
A20J,A20J-sh510300-T3,T,"event:('2025-06-17', 'dividend_recorded', '510300-cash-2025-06-18'):shares",0.0,0,0.0
A20J,A20J-sh510300-T3,T,"event:('2025-06-18', 'dividend_receivable', '510300-cash-2025-06-18'):amount",0.0,0.000,0.000
A20J,A20J-sh510300-T3,T,"event:('2025-06-18', 'dividend_receivable', '510300-cash-2025-06-18'):entitled_shares",0.0,0,0.0
A20J,A20J-sh510300-T3,T,"event:('2025-06-18', 'dividend_receivable', '510300-cash-2025-06-18'):stop_after",4.934,4.934,0.000
A20J,A20J-sh510300-T3,T,"event:('2025-06-27', 'dividend_paid', '510300-cash-2025-06-18'):amount",0.0,0.000,0.000
A20J,A20J-sh510300-T3,T,"event:('2026-01-16', 'dividend_recorded', '510300-cash-2026-01-19'):shares",0.0,0,0.0
A20J,A20J-sh510300-T3,T,"event:('2026-01-19', 'dividend_receivable', '510300-cash-2026-01-19'):amount",0.0,0.0000,0.0000
A20J,A20J-sh510300-T3,T,"event:('2026-01-19', 'dividend_receivable', '510300-cash-2026-01-19'):entitled_shares",0.0,0,0.0
A20J,A20J-sh510300-T3,T,"event:('2026-01-19', 'dividend_receivable', '510300-cash-2026-01-19'):stop_after",4.934,4.934,0.000
A20J,A20J-sh510300-T3,T,"event:('2026-01-27', 'dividend_paid', '510300-cash-2026-01-19'):amount",0.0,0.0000,0.0000
A20J,A20J-sh510300-T3,T,"event:('2020-12-22', 'exit_signal', None):close",5.033,5.033,0.000
A20J,A20J-sh510300-T3,T,"event:('2020-12-22', 'exit_signal', None):stop",4.934,4.934,0.000
A20J,A20J-sh510300-T3,T,"event:('2020-12-23', 'sell', None):shares",15400.0,15400.0,0.0
A20J,A20J-sh510300-T3,T,"event:('2020-12-23', 'sell', None):price",5.04,5.04,0.00
A20J,A20J-sh510300-T3,T,"event:('2020-12-23', 'sell', None):fee",77.616,77.616000,0.000000
A20J,A20J-sh518880-T4,S,entry_price,4.322,4.322,0.000
A20J,A20J-sh518880-T4,S,initial_shares,25000.0,25000.0,0.0
A20J,A20J-sh518880-T4,S,final_shares,0.0,0,0.0
A20J,A20J-sh518880-T4,S,entry_notional,108050.0,108050.0000,0.0000
A20J,A20J-sh518880-T4,S,buy_fee,108.05,108.0500000,0E-7
A20J,A20J-sh518880-T4,S,sell_fee,110.25,110.250000,0.000000
A20J,A20J-sh518880-T4,S,dividends,0.0,0,0.0
A20J,A20J-sh518880-T4,S,exit_notional,110250.0,110250.000,0.000
A20J,A20J-sh518880-T4,S,terminal_market_value,0.0,0.000,0.000
A20J,A20J-sh518880-T4,S,terminal_value_from_entry_cash,1981.699999999997,1981.7000000,3E-12
A20J,A20J-sh518880-T4,S,net_pnl,1981.6999999999998,1981.7000000,2E-13
A20J,A20J-sh518880-T4,S,baseline_net_pnl,1981.6999999999998,1981.7000000,2E-13
A20J,A20J-sh518880-T4,S,initial_stop,4.305,4.305,0.000
A20J,A20J-sh518880-T4,S,final_stop,4.305,4.305,0.000
A20J,A20J-sh518880-T4,S,exit_price,4.41,4.41,0.00
A20J,A20J-sh518880-T4,S,"event:('2023-04-28', 'exit_signal', None):close",4.298,4.298,0.000
A20J,A20J-sh518880-T4,S,"event:('2023-04-28', 'exit_signal', None):stop",4.305,4.305,0.000
A20J,A20J-sh518880-T4,S,"event:('2023-05-04', 'sell', None):shares",25000.0,25000.0,0.0
A20J,A20J-sh518880-T4,S,"event:('2023-05-04', 'sell', None):price",4.41,4.41,0.00
A20J,A20J-sh518880-T4,S,"event:('2023-05-04', 'sell', None):fee",110.25,110.250000,0.000000
A20J,A20J-sh518880-T4,T,entry_price,4.322,4.322,0.000
A20J,A20J-sh518880-T4,T,initial_shares,25000.0,25000.0,0.0
A20J,A20J-sh518880-T4,T,final_shares,0.0,0,0.0
A20J,A20J-sh518880-T4,T,entry_notional,108050.0,108050.0000,0.0000
A20J,A20J-sh518880-T4,T,buy_fee,108.05,108.0500000,0E-7
A20J,A20J-sh518880-T4,T,sell_fee,110.25,110.250000,0.000000
A20J,A20J-sh518880-T4,T,dividends,0.0,0,0.0
A20J,A20J-sh518880-T4,T,exit_notional,110250.0,110250.000,0.000
A20J,A20J-sh518880-T4,T,terminal_market_value,0.0,0.000,0.000
A20J,A20J-sh518880-T4,T,terminal_value_from_entry_cash,1981.699999999997,1981.7000000,3E-12
A20J,A20J-sh518880-T4,T,net_pnl,1981.6999999999998,1981.7000000,2E-13
A20J,A20J-sh518880-T4,T,baseline_net_pnl,1981.6999999999998,1981.7000000,2E-13
A20J,A20J-sh518880-T4,T,initial_stop,4.305,4.305,0.000
A20J,A20J-sh518880-T4,T,final_stop,4.305,4.305,0.000
A20J,A20J-sh518880-T4,T,exit_price,4.41,4.41,0.00
A20J,A20J-sh518880-T4,T,"event:('2023-04-28', 'exit_signal', None):close",4.298,4.298,0.000
A20J,A20J-sh518880-T4,T,"event:('2023-04-28', 'exit_signal', None):stop",4.305,4.305,0.000
A20J,A20J-sh518880-T4,T,"event:('2023-05-04', 'sell', None):shares",25000.0,25000.0,0.0
A20J,A20J-sh518880-T4,T,"event:('2023-05-04', 'sell', None):price",4.41,4.41,0.00
A20J,A20J-sh518880-T4,T,"event:('2023-05-04', 'sell', None):fee",110.25,110.250000,0.000000
A20J,A20J-sh518880-T5,S,entry_price,5.275,5.275,0.000
A20J,A20J-sh518880-T5,S,initial_shares,23300.0,23300.0,0.0
A20J,A20J-sh518880-T5,S,final_shares,23300.0,23300.0,0.0
A20J,A20J-sh518880-T5,S,entry_notional,122907.5,122907.5000,0.0000
A20J,A20J-sh518880-T5,S,buy_fee,122.9075,122.9075000,0E-7
A20J,A20J-sh518880-T5,S,sell_fee,0.0,0,0.0
A20J,A20J-sh518880-T5,S,dividends,0.0,0,0.0
A20J,A20J-sh518880-T5,S,exit_notional,0.0,0,0.0
A20J,A20J-sh518880-T5,S,terminal_market_value,195207.4,195207.4000,0.0000
A20J,A20J-sh518880-T5,S,terminal_value_from_entry_cash,72176.9925,72176.9925000,0E-7
A20J,A20J-sh518880-T5,S,net_pnl,72176.9925,72176.9925000,0E-7
A20J,A20J-sh518880-T5,S,baseline_net_pnl,72176.99249999998,72176.9925000,2E-11
A20J,A20J-sh518880-T5,S,initial_stop,5.223,5.223,0.000
A20J,A20J-sh518880-T5,S,final_stop,5.223,5.223,0.000
A20J,A20J-sh518880-T5,T,entry_price,5.275,5.275,0.000
A20J,A20J-sh518880-T5,T,initial_shares,23300.0,23300.0,0.0
A20J,A20J-sh518880-T5,T,final_shares,0.0,0,0.0
A20J,A20J-sh518880-T5,T,entry_notional,122907.5,122907.5000,0.0000
A20J,A20J-sh518880-T5,T,buy_fee,122.9075,122.9075000,0E-7
A20J,A20J-sh518880-T5,T,sell_fee,124.18900000000001,124.189000,1E-14
A20J,A20J-sh518880-T5,T,dividends,0.0,0,0.0
A20J,A20J-sh518880-T5,T,exit_notional,124189.0,124189.000,0.000
A20J,A20J-sh518880-T5,T,terminal_market_value,0.0,0.000,0.000
A20J,A20J-sh518880-T5,T,terminal_value_from_entry_cash,1034.4035000000003,1034.4035000,3E-13
A20J,A20J-sh518880-T5,T,net_pnl,1034.4035,1034.4035000,0E-7
A20J,A20J-sh518880-T5,T,baseline_net_pnl,72176.99249999998,72176.9925000,2E-11
A20J,A20J-sh518880-T5,T,initial_stop,5.223,5.223,0.000
A20J,A20J-sh518880-T5,T,final_stop,5.223,5.223,0.000
A20J,A20J-sh518880-T5,T,exit_price,5.33,5.33,0.00
A20J,A20J-sh518880-T5,T,"event:('2024-05-09', 'exit_signal', None):close",5.25,5.25,0.00
A20J,A20J-sh518880-T5,T,"event:('2024-05-09', 'exit_signal', None):stop",5.223,5.223,0.000
A20J,A20J-sh518880-T5,T,"event:('2024-05-10', 'sell', None):shares",23300.0,23300.0,0.0
A20J,A20J-sh518880-T5,T,"event:('2024-05-10', 'sell', None):price",5.33,5.33,0.00
A20J,A20J-sh518880-T5,T,"event:('2024-05-10', 'sell', None):fee",124.18900000000001,124.189000,1E-14
A20J,A20J-sh510300-T6,S,entry_price,4.188,4.188,0.000
A20J,A20J-sh510300-T6,S,initial_shares,32600.0,32600.0,0.0
A20J,A20J-sh510300-T6,S,final_shares,32600.0,32600.0,0.0
A20J,A20J-sh510300-T6,S,entry_notional,136528.8,136528.8000,0.0000
A20J,A20J-sh510300-T6,S,buy_fee,136.5288,136.5288000,0E-7
A20J,A20J-sh510300-T6,S,sell_fee,0.0,0,0.0
A20J,A20J-sh510300-T6,S,dividends,4009.7999999999997,4009.80000,3E-13
A20J,A20J-sh510300-T6,S,exit_notional,0.0,0,0.0
A20J,A20J-sh510300-T6,S,terminal_market_value,163619.4,163619.4000,0.0000
A20J,A20J-sh510300-T6,S,terminal_value_from_entry_cash,30963.871199999994,30963.8712000,6E-12
A20J,A20J-sh510300-T6,S,net_pnl,30963.871199999994,30963.8712000,6E-12
A20J,A20J-sh510300-T6,S,baseline_net_pnl,30963.871199999994,30963.8712000,6E-12
A20J,A20J-sh510300-T6,S,initial_stop,4.171,4.171,0.000
A20J,A20J-sh510300-T6,S,final_stop,4.06541592920354,4.065415929203539823008849557522123893805,1.76991150442477876106195E-16
A20J,A20J-sh510300-T6,S,"event:('2026-01-16', 'dividend_recorded', '510300-cash-2026-01-19'):shares",32600.0,32600.0,0.0
A20J,A20J-sh510300-T6,S,"event:('2026-01-19', 'dividend_receivable', '510300-cash-2026-01-19'):amount",4009.7999999999997,4009.80000,3E-13
A20J,A20J-sh510300-T6,S,"event:('2026-01-19', 'dividend_receivable', '510300-cash-2026-01-19'):entitled_shares",32600.0,32600.0,0.0
A20J,A20J-sh510300-T6,S,"event:('2026-01-19', 'dividend_receivable', '510300-cash-2026-01-19'):stop_after",4.06541592920354,4.065415929203539823008849557522123893805,1.76991150442477876106195E-16
A20J,A20J-sh510300-T6,S,"event:('2026-01-27', 'dividend_paid', '510300-cash-2026-01-19'):amount",4009.7999999999997,4009.80000,3E-13
A20J,A20J-sh510300-T6,T,entry_price,4.188,4.188,0.000
A20J,A20J-sh510300-T6,T,initial_shares,32600.0,32600.0,0.0
A20J,A20J-sh510300-T6,T,final_shares,0.0,0,0.0
A20J,A20J-sh510300-T6,T,entry_notional,136528.8,136528.8000,0.0000
A20J,A20J-sh510300-T6,T,buy_fee,136.5288,136.5288000,0E-7
A20J,A20J-sh510300-T6,T,sell_fee,151.6226,151.6226000,0E-7
A20J,A20J-sh510300-T6,T,dividends,0.0,0.0000,0.0000
A20J,A20J-sh510300-T6,T,exit_notional,151622.6,151622.6000,0.0000
A20J,A20J-sh510300-T6,T,terminal_market_value,0.0,0.000,0.000
A20J,A20J-sh510300-T6,T,terminal_value_from_entry_cash,14805.648600000015,14805.6486000,1.5E-11
A20J,A20J-sh510300-T6,T,net_pnl,14805.648600000017,14805.6486000,1.7E-11
A20J,A20J-sh510300-T6,T,baseline_net_pnl,30963.871199999994,30963.8712000,6E-12
A20J,A20J-sh510300-T6,T,initial_stop,4.171,4.171,0.000
A20J,A20J-sh510300-T6,T,final_stop,4.171,4.171,0.000
A20J,A20J-sh510300-T6,T,exit_price,4.651,4.651,0.000
A20J,A20J-sh510300-T6,T,"event:('2026-01-16', 'dividend_recorded', '510300-cash-2026-01-19'):shares",0.0,0,0.0
A20J,A20J-sh510300-T6,T,"event:('2026-01-19', 'dividend_receivable', '510300-cash-2026-01-19'):amount",0.0,0.0000,0.0000
A20J,A20J-sh510300-T6,T,"event:('2026-01-19', 'dividend_receivable', '510300-cash-2026-01-19'):entitled_shares",0.0,0,0.0
A20J,A20J-sh510300-T6,T,"event:('2026-01-19', 'dividend_receivable', '510300-cash-2026-01-19'):stop_after",4.171,4.171,0.000
A20J,A20J-sh510300-T6,T,"event:('2026-01-27', 'dividend_paid', '510300-cash-2026-01-19'):amount",0.0,0.0000,0.0000
A20J,A20J-sh510300-T6,T,"event:('2025-10-17', 'exit_signal', None):close",4.624,4.624,0.000
A20J,A20J-sh510300-T6,T,"event:('2025-10-17', 'exit_signal', None):stop",4.171,4.171,0.000
A20J,A20J-sh510300-T6,T,"event:('2025-10-20', 'sell', None):shares",32600.0,32600.0,0.0
A20J,A20J-sh510300-T6,T,"event:('2025-10-20', 'sell', None):price",4.651,4.651,0.000
A20J,A20J-sh510300-T6,T,"event:('2025-10-20', 'sell', None):fee",151.6226,151.6226000,0E-7
A60E,A60E-sh510300-T1,S,entry_price,4.036,4.036,0.000
A60E,A60E-sh510300-T1,S,initial_shares,13400.0,13400.0,0.0
A60E,A60E-sh510300-T1,S,final_shares,0.0,0,0.0
A60E,A60E-sh510300-T1,S,entry_notional,54082.399999999994,54082.4000,6E-12
A60E,A60E-sh510300-T1,S,buy_fee,54.08239999999999,54.0824000,1E-14
A60E,A60E-sh510300-T1,S,sell_fee,52.9032,52.9032000,0E-7
A60E,A60E-sh510300-T1,S,dividends,0.0,0.0000,0.0000
A60E,A60E-sh510300-T1,S,exit_notional,52903.2,52903.2000,0.0000
A60E,A60E-sh510300-T1,S,terminal_market_value,0.0,0.000,0.000
A60E,A60E-sh510300-T1,S,terminal_value_from_entry_cash,-1286.185599999997,-1286.1856000,3E-12
A60E,A60E-sh510300-T1,S,net_pnl,-1286.185599999997,-1286.1856000,3E-12
A60E,A60E-sh510300-T1,S,baseline_net_pnl,-1286.185599999997,-1286.1856000,3E-12
A60E,A60E-sh510300-T1,S,initial_stop,3.986,3.986,0.000
A60E,A60E-sh510300-T1,S,final_stop,3.986,3.986,0.000
A60E,A60E-sh510300-T1,S,exit_price,3.948,3.948,0.000
A60E,A60E-sh510300-T1,S,"event:('2021-01-15', 'dividend_recorded', '510300-cash-2021-01-18'):shares",0.0,0,0.0
A60E,A60E-sh510300-T1,S,"event:('2021-01-18', 'dividend_receivable', '510300-cash-2021-01-18'):amount",0.0,0.000,0.000
A60E,A60E-sh510300-T1,S,"event:('2021-01-18', 'dividend_receivable', '510300-cash-2021-01-18'):entitled_shares",0.0,0,0.0
A60E,A60E-sh510300-T1,S,"event:('2021-01-18', 'dividend_receivable', '510300-cash-2021-01-18'):stop_after",3.986,3.986,0.000
A60E,A60E-sh510300-T1,S,"event:('2021-01-21', 'dividend_paid', '510300-cash-2021-01-18'):amount",0.0,0.000,0.000
A60E,A60E-sh510300-T1,S,"event:('2022-01-18', 'dividend_recorded', '510300-cash-2022-01-19'):shares",0.0,0,0.0
A60E,A60E-sh510300-T1,S,"event:('2022-01-19', 'dividend_receivable', '510300-cash-2022-01-19'):amount",0.0,0.0000,0.0000
A60E,A60E-sh510300-T1,S,"event:('2022-01-19', 'dividend_receivable', '510300-cash-2022-01-19'):entitled_shares",0.0,0,0.0
A60E,A60E-sh510300-T1,S,"event:('2022-01-19', 'dividend_receivable', '510300-cash-2022-01-19'):stop_after",3.986,3.986,0.000
A60E,A60E-sh510300-T1,S,"event:('2022-01-24', 'dividend_paid', '510300-cash-2022-01-19'):amount",0.0,0.0000,0.0000
A60E,A60E-sh510300-T1,S,"event:('2023-01-13', 'dividend_recorded', '510300-cash-2023-01-16'):shares",0.0,0,0.0
A60E,A60E-sh510300-T1,S,"event:('2023-01-16', 'dividend_receivable', '510300-cash-2023-01-16'):amount",0.0,0.0000,0.0000
A60E,A60E-sh510300-T1,S,"event:('2023-01-16', 'dividend_receivable', '510300-cash-2023-01-16'):entitled_shares",0.0,0,0.0
A60E,A60E-sh510300-T1,S,"event:('2023-01-16', 'dividend_receivable', '510300-cash-2023-01-16'):stop_after",3.986,3.986,0.000
A60E,A60E-sh510300-T1,S,"event:('2023-01-19', 'dividend_paid', '510300-cash-2023-01-16'):amount",0.0,0.0000,0.0000
A60E,A60E-sh510300-T1,S,"event:('2024-01-17', 'dividend_recorded', '510300-cash-2024-01-18'):shares",0.0,0,0.0
A60E,A60E-sh510300-T1,S,"event:('2024-01-18', 'dividend_receivable', '510300-cash-2024-01-18'):amount",0.0,0.0000,0.0000
A60E,A60E-sh510300-T1,S,"event:('2024-01-18', 'dividend_receivable', '510300-cash-2024-01-18'):entitled_shares",0.0,0,0.0
A60E,A60E-sh510300-T1,S,"event:('2024-01-18', 'dividend_receivable', '510300-cash-2024-01-18'):stop_after",3.986,3.986,0.000
A60E,A60E-sh510300-T1,S,"event:('2024-01-23', 'dividend_paid', '510300-cash-2024-01-18'):amount",0.0,0.0000,0.0000
A60E,A60E-sh510300-T1,S,"event:('2025-06-17', 'dividend_recorded', '510300-cash-2025-06-18'):shares",0.0,0,0.0
A60E,A60E-sh510300-T1,S,"event:('2025-06-18', 'dividend_receivable', '510300-cash-2025-06-18'):amount",0.0,0.000,0.000
A60E,A60E-sh510300-T1,S,"event:('2025-06-18', 'dividend_receivable', '510300-cash-2025-06-18'):entitled_shares",0.0,0,0.0
A60E,A60E-sh510300-T1,S,"event:('2025-06-18', 'dividend_receivable', '510300-cash-2025-06-18'):stop_after",3.986,3.986,0.000
A60E,A60E-sh510300-T1,S,"event:('2025-06-27', 'dividend_paid', '510300-cash-2025-06-18'):amount",0.0,0.000,0.000
A60E,A60E-sh510300-T1,S,"event:('2026-01-16', 'dividend_recorded', '510300-cash-2026-01-19'):shares",0.0,0,0.0
A60E,A60E-sh510300-T1,S,"event:('2026-01-19', 'dividend_receivable', '510300-cash-2026-01-19'):amount",0.0,0.0000,0.0000
A60E,A60E-sh510300-T1,S,"event:('2026-01-19', 'dividend_receivable', '510300-cash-2026-01-19'):entitled_shares",0.0,0,0.0
A60E,A60E-sh510300-T1,S,"event:('2026-01-19', 'dividend_receivable', '510300-cash-2026-01-19'):stop_after",3.986,3.986,0.000
A60E,A60E-sh510300-T1,S,"event:('2026-01-27', 'dividend_paid', '510300-cash-2026-01-19'):amount",0.0,0.0000,0.0000
A60E,A60E-sh510300-T1,S,"event:('2020-02-28', 'exit_signal', None):close",3.933,3.933,0.000
A60E,A60E-sh510300-T1,S,"event:('2020-02-28', 'exit_signal', None):stop",3.986,3.986,0.000
A60E,A60E-sh510300-T1,S,"event:('2020-03-02', 'sell', None):shares",13400.0,13400.0,0.0
A60E,A60E-sh510300-T1,S,"event:('2020-03-02', 'sell', None):price",3.948,3.948,0.000
A60E,A60E-sh510300-T1,S,"event:('2020-03-02', 'sell', None):fee",52.9032,52.9032000,0E-7
A60E,A60E-sh510300-T1,T,entry_price,4.036,4.036,0.000
A60E,A60E-sh510300-T1,T,initial_shares,13400.0,13400.0,0.0
A60E,A60E-sh510300-T1,T,final_shares,0.0,0,0.0
A60E,A60E-sh510300-T1,T,entry_notional,54082.399999999994,54082.4000,6E-12
A60E,A60E-sh510300-T1,T,buy_fee,54.08239999999999,54.0824000,1E-14
A60E,A60E-sh510300-T1,T,sell_fee,52.9032,52.9032000,0E-7
A60E,A60E-sh510300-T1,T,dividends,0.0,0.0000,0.0000
A60E,A60E-sh510300-T1,T,exit_notional,52903.2,52903.2000,0.0000
A60E,A60E-sh510300-T1,T,terminal_market_value,0.0,0.000,0.000
A60E,A60E-sh510300-T1,T,terminal_value_from_entry_cash,-1286.185599999997,-1286.1856000,3E-12
A60E,A60E-sh510300-T1,T,net_pnl,-1286.185599999997,-1286.1856000,3E-12
A60E,A60E-sh510300-T1,T,baseline_net_pnl,-1286.185599999997,-1286.1856000,3E-12
A60E,A60E-sh510300-T1,T,initial_stop,3.986,3.986,0.000
A60E,A60E-sh510300-T1,T,final_stop,3.986,3.986,0.000
A60E,A60E-sh510300-T1,T,exit_price,3.948,3.948,0.000
A60E,A60E-sh510300-T1,T,"event:('2021-01-15', 'dividend_recorded', '510300-cash-2021-01-18'):shares",0.0,0,0.0
A60E,A60E-sh510300-T1,T,"event:('2021-01-18', 'dividend_receivable', '510300-cash-2021-01-18'):amount",0.0,0.000,0.000
A60E,A60E-sh510300-T1,T,"event:('2021-01-18', 'dividend_receivable', '510300-cash-2021-01-18'):entitled_shares",0.0,0,0.0
A60E,A60E-sh510300-T1,T,"event:('2021-01-18', 'dividend_receivable', '510300-cash-2021-01-18'):stop_after",3.986,3.986,0.000
A60E,A60E-sh510300-T1,T,"event:('2021-01-21', 'dividend_paid', '510300-cash-2021-01-18'):amount",0.0,0.000,0.000
A60E,A60E-sh510300-T1,T,"event:('2022-01-18', 'dividend_recorded', '510300-cash-2022-01-19'):shares",0.0,0,0.0
A60E,A60E-sh510300-T1,T,"event:('2022-01-19', 'dividend_receivable', '510300-cash-2022-01-19'):amount",0.0,0.0000,0.0000
A60E,A60E-sh510300-T1,T,"event:('2022-01-19', 'dividend_receivable', '510300-cash-2022-01-19'):entitled_shares",0.0,0,0.0
A60E,A60E-sh510300-T1,T,"event:('2022-01-19', 'dividend_receivable', '510300-cash-2022-01-19'):stop_after",3.986,3.986,0.000
A60E,A60E-sh510300-T1,T,"event:('2022-01-24', 'dividend_paid', '510300-cash-2022-01-19'):amount",0.0,0.0000,0.0000
A60E,A60E-sh510300-T1,T,"event:('2023-01-13', 'dividend_recorded', '510300-cash-2023-01-16'):shares",0.0,0,0.0
A60E,A60E-sh510300-T1,T,"event:('2023-01-16', 'dividend_receivable', '510300-cash-2023-01-16'):amount",0.0,0.0000,0.0000
A60E,A60E-sh510300-T1,T,"event:('2023-01-16', 'dividend_receivable', '510300-cash-2023-01-16'):entitled_shares",0.0,0,0.0
A60E,A60E-sh510300-T1,T,"event:('2023-01-16', 'dividend_receivable', '510300-cash-2023-01-16'):stop_after",3.986,3.986,0.000
A60E,A60E-sh510300-T1,T,"event:('2023-01-19', 'dividend_paid', '510300-cash-2023-01-16'):amount",0.0,0.0000,0.0000
A60E,A60E-sh510300-T1,T,"event:('2024-01-17', 'dividend_recorded', '510300-cash-2024-01-18'):shares",0.0,0,0.0
A60E,A60E-sh510300-T1,T,"event:('2024-01-18', 'dividend_receivable', '510300-cash-2024-01-18'):amount",0.0,0.0000,0.0000
A60E,A60E-sh510300-T1,T,"event:('2024-01-18', 'dividend_receivable', '510300-cash-2024-01-18'):entitled_shares",0.0,0,0.0
A60E,A60E-sh510300-T1,T,"event:('2024-01-18', 'dividend_receivable', '510300-cash-2024-01-18'):stop_after",3.986,3.986,0.000
A60E,A60E-sh510300-T1,T,"event:('2024-01-23', 'dividend_paid', '510300-cash-2024-01-18'):amount",0.0,0.0000,0.0000
A60E,A60E-sh510300-T1,T,"event:('2025-06-17', 'dividend_recorded', '510300-cash-2025-06-18'):shares",0.0,0,0.0
A60E,A60E-sh510300-T1,T,"event:('2025-06-18', 'dividend_receivable', '510300-cash-2025-06-18'):amount",0.0,0.000,0.000
A60E,A60E-sh510300-T1,T,"event:('2025-06-18', 'dividend_receivable', '510300-cash-2025-06-18'):entitled_shares",0.0,0,0.0
A60E,A60E-sh510300-T1,T,"event:('2025-06-18', 'dividend_receivable', '510300-cash-2025-06-18'):stop_after",3.986,3.986,0.000
A60E,A60E-sh510300-T1,T,"event:('2025-06-27', 'dividend_paid', '510300-cash-2025-06-18'):amount",0.0,0.000,0.000
A60E,A60E-sh510300-T1,T,"event:('2026-01-16', 'dividend_recorded', '510300-cash-2026-01-19'):shares",0.0,0,0.0
A60E,A60E-sh510300-T1,T,"event:('2026-01-19', 'dividend_receivable', '510300-cash-2026-01-19'):amount",0.0,0.0000,0.0000
A60E,A60E-sh510300-T1,T,"event:('2026-01-19', 'dividend_receivable', '510300-cash-2026-01-19'):entitled_shares",0.0,0,0.0
A60E,A60E-sh510300-T1,T,"event:('2026-01-19', 'dividend_receivable', '510300-cash-2026-01-19'):stop_after",3.986,3.986,0.000
A60E,A60E-sh510300-T1,T,"event:('2026-01-27', 'dividend_paid', '510300-cash-2026-01-19'):amount",0.0,0.0000,0.0000
A60E,A60E-sh510300-T1,T,"event:('2020-02-28', 'exit_signal', None):close",3.933,3.933,0.000
A60E,A60E-sh510300-T1,T,"event:('2020-02-28', 'exit_signal', None):stop",3.986,3.986,0.000
A60E,A60E-sh510300-T1,T,"event:('2020-03-02', 'sell', None):shares",13400.0,13400.0,0.0
A60E,A60E-sh510300-T1,T,"event:('2020-03-02', 'sell', None):price",3.948,3.948,0.000
A60E,A60E-sh510300-T1,T,"event:('2020-03-02', 'sell', None):fee",52.9032,52.9032000,0E-7
A60E,A60E-sz159915-T2,S,entry_price,2.626,2.626,0.000
A60E,A60E-sz159915-T2,S,initial_shares,21200.0,21200.0,0.0
A60E,A60E-sz159915-T2,S,final_shares,0.0,0,0.0
A60E,A60E-sz159915-T2,S,entry_notional,55671.2,55671.2000,0.0000
A60E,A60E-sz159915-T2,S,buy_fee,55.6712,55.6712000,0E-7
A60E,A60E-sz159915-T2,S,sell_fee,54.484,54.484000,0.000000
A60E,A60E-sz159915-T2,S,dividends,0.0,0,0.0
A60E,A60E-sz159915-T2,S,exit_notional,54484.0,54484.000,0.000
A60E,A60E-sz159915-T2,S,terminal_market_value,0.0,0.000,0.000
A60E,A60E-sz159915-T2,S,terminal_value_from_entry_cash,-1297.3551999999909,-1297.3552000,9.1E-12
A60E,A60E-sz159915-T2,S,net_pnl,-1297.355199999997,-1297.3552000,3E-12
A60E,A60E-sz159915-T2,S,baseline_net_pnl,-1297.355199999997,-1297.3552000,3E-12
A60E,A60E-sz159915-T2,S,initial_stop,2.59,2.59,0.00
A60E,A60E-sz159915-T2,S,final_stop,2.59,2.59,0.00
A60E,A60E-sz159915-T2,S,exit_price,2.57,2.57,0.00
A60E,A60E-sz159915-T2,S,"event:('2020-11-17', 'exit_signal', None):close",2.572,2.572,0.000
A60E,A60E-sz159915-T2,S,"event:('2020-11-17', 'exit_signal', None):stop",2.59,2.59,0.00
A60E,A60E-sz159915-T2,S,"event:('2020-11-18', 'sell', None):shares",21200.0,21200.0,0.0
A60E,A60E-sz159915-T2,S,"event:('2020-11-18', 'sell', None):price",2.57,2.57,0.00
A60E,A60E-sz159915-T2,S,"event:('2020-11-18', 'sell', None):fee",54.484,54.484000,0.000000
A60E,A60E-sz159915-T2,T,entry_price,2.626,2.626,0.000
A60E,A60E-sz159915-T2,T,initial_shares,21200.0,21200.0,0.0
A60E,A60E-sz159915-T2,T,final_shares,0.0,0,0.0
A60E,A60E-sz159915-T2,T,entry_notional,55671.2,55671.2000,0.0000
A60E,A60E-sz159915-T2,T,buy_fee,55.6712,55.6712000,0E-7
A60E,A60E-sz159915-T2,T,sell_fee,54.484,54.484000,0.000000
A60E,A60E-sz159915-T2,T,dividends,0.0,0,0.0
A60E,A60E-sz159915-T2,T,exit_notional,54484.0,54484.000,0.000
A60E,A60E-sz159915-T2,T,terminal_market_value,0.0,0.000,0.000
A60E,A60E-sz159915-T2,T,terminal_value_from_entry_cash,-1297.3551999999909,-1297.3552000,9.1E-12
A60E,A60E-sz159915-T2,T,net_pnl,-1297.355199999997,-1297.3552000,3E-12
A60E,A60E-sz159915-T2,T,baseline_net_pnl,-1297.355199999997,-1297.3552000,3E-12
A60E,A60E-sz159915-T2,T,initial_stop,2.59,2.59,0.00
A60E,A60E-sz159915-T2,T,final_stop,2.59,2.59,0.00
A60E,A60E-sz159915-T2,T,exit_price,2.57,2.57,0.00
A60E,A60E-sz159915-T2,T,"event:('2020-11-17', 'exit_signal', None):close",2.572,2.572,0.000
A60E,A60E-sz159915-T2,T,"event:('2020-11-17', 'exit_signal', None):stop",2.59,2.59,0.00
A60E,A60E-sz159915-T2,T,"event:('2020-11-18', 'sell', None):shares",21200.0,21200.0,0.0
A60E,A60E-sz159915-T2,T,"event:('2020-11-18', 'sell', None):price",2.57,2.57,0.00
A60E,A60E-sz159915-T2,T,"event:('2020-11-18', 'sell', None):fee",54.484,54.484000,0.000000
A60J,A60J-sz159915-T1,S,entry_price,2.614,2.614,0.000
A60J,A60J-sz159915-T1,S,initial_shares,24700.0,24700.0,0.0
A60J,A60J-sz159915-T1,S,final_shares,0.0,0,0.0
A60J,A60J-sz159915-T1,S,entry_notional,64565.8,64565.8000,0.0000
A60J,A60J-sz159915-T1,S,buy_fee,64.5658,64.5658000,0E-7
A60J,A60J-sz159915-T1,S,sell_fee,63.47899999999999,63.479000,1E-14
A60J,A60J-sz159915-T1,S,dividends,0.0,0,0.0
A60J,A60J-sz159915-T1,S,exit_notional,63478.99999999999,63479.000,1E-11
A60J,A60J-sz159915-T1,S,terminal_market_value,0.0,0.000,0.000
A60J,A60J-sz159915-T1,S,terminal_value_from_entry_cash,-1214.8448000000062,-1214.8448000,6.2E-12
A60J,A60J-sz159915-T1,S,net_pnl,-1214.8448000000103,-1214.8448000,1.03E-11
A60J,A60J-sz159915-T1,S,baseline_net_pnl,-1214.844800000003,-1214.8448000,3E-12
A60J,A60J-sz159915-T1,S,initial_stop,2.583,2.583,0.000
A60J,A60J-sz159915-T1,S,final_stop,2.583,2.583,0.000
A60J,A60J-sz159915-T1,S,exit_price,2.57,2.57,0.00
A60J,A60J-sz159915-T1,S,"event:('2020-11-17', 'exit_signal', None):close",2.572,2.572,0.000
A60J,A60J-sz159915-T1,S,"event:('2020-11-17', 'exit_signal', None):stop",2.583,2.583,0.000
A60J,A60J-sz159915-T1,S,"event:('2020-11-18', 'sell', None):shares",24700.0,24700.0,0.0
A60J,A60J-sz159915-T1,S,"event:('2020-11-18', 'sell', None):price",2.57,2.57,0.00
A60J,A60J-sz159915-T1,S,"event:('2020-11-18', 'sell', None):fee",63.47899999999999,63.479000,1E-14
A60J,A60J-sz159915-T1,T,entry_price,2.614,2.614,0.000
A60J,A60J-sz159915-T1,T,initial_shares,24700.0,24700.0,0.0
A60J,A60J-sz159915-T1,T,final_shares,0.0,0,0.0
A60J,A60J-sz159915-T1,T,entry_notional,64565.8,64565.8000,0.0000
A60J,A60J-sz159915-T1,T,buy_fee,64.5658,64.5658000,0E-7
A60J,A60J-sz159915-T1,T,sell_fee,63.47899999999999,63.479000,1E-14
A60J,A60J-sz159915-T1,T,dividends,0.0,0,0.0
A60J,A60J-sz159915-T1,T,exit_notional,63478.99999999999,63479.000,1E-11
A60J,A60J-sz159915-T1,T,terminal_market_value,0.0,0.000,0.000
A60J,A60J-sz159915-T1,T,terminal_value_from_entry_cash,-1214.8448000000062,-1214.8448000,6.2E-12
A60J,A60J-sz159915-T1,T,net_pnl,-1214.8448000000103,-1214.8448000,1.03E-11
A60J,A60J-sz159915-T1,T,baseline_net_pnl,-1214.844800000003,-1214.8448000,3E-12
A60J,A60J-sz159915-T1,T,initial_stop,2.583,2.583,0.000
A60J,A60J-sz159915-T1,T,final_stop,2.583,2.583,0.000
A60J,A60J-sz159915-T1,T,exit_price,2.57,2.57,0.00
A60J,A60J-sz159915-T1,T,"event:('2020-11-17', 'exit_signal', None):close",2.572,2.572,0.000
A60J,A60J-sz159915-T1,T,"event:('2020-11-17', 'exit_signal', None):stop",2.583,2.583,0.000
A60J,A60J-sz159915-T1,T,"event:('2020-11-18', 'sell', None):shares",24700.0,24700.0,0.0
A60J,A60J-sz159915-T1,T,"event:('2020-11-18', 'sell', None):price",2.57,2.57,0.00
A60J,A60J-sz159915-T1,T,"event:('2020-11-18', 'sell', None):fee",63.47899999999999,63.479000,1E-14
A120E,A120E-sh510300-T1,S,entry_price,4.036,4.036,0.000
A120E,A120E-sh510300-T1,S,initial_shares,13400.0,13400.0,0.0
A120E,A120E-sh510300-T1,S,final_shares,0.0,0,0.0
A120E,A120E-sh510300-T1,S,entry_notional,54082.399999999994,54082.4000,6E-12
A120E,A120E-sh510300-T1,S,buy_fee,54.08239999999999,54.0824000,1E-14
A120E,A120E-sh510300-T1,S,sell_fee,52.9032,52.9032000,0E-7
A120E,A120E-sh510300-T1,S,dividends,0.0,0.0000,0.0000
A120E,A120E-sh510300-T1,S,exit_notional,52903.2,52903.2000,0.0000
A120E,A120E-sh510300-T1,S,terminal_market_value,0.0,0.000,0.000
A120E,A120E-sh510300-T1,S,terminal_value_from_entry_cash,-1286.185599999997,-1286.1856000,3E-12
A120E,A120E-sh510300-T1,S,net_pnl,-1286.185599999997,-1286.1856000,3E-12
A120E,A120E-sh510300-T1,S,baseline_net_pnl,-1286.185599999997,-1286.1856000,3E-12
A120E,A120E-sh510300-T1,S,initial_stop,3.986,3.986,0.000
A120E,A120E-sh510300-T1,S,final_stop,3.986,3.986,0.000
A120E,A120E-sh510300-T1,S,exit_price,3.948,3.948,0.000
A120E,A120E-sh510300-T1,S,"event:('2021-01-15', 'dividend_recorded', '510300-cash-2021-01-18'):shares",0.0,0,0.0
A120E,A120E-sh510300-T1,S,"event:('2021-01-18', 'dividend_receivable', '510300-cash-2021-01-18'):amount",0.0,0.000,0.000
A120E,A120E-sh510300-T1,S,"event:('2021-01-18', 'dividend_receivable', '510300-cash-2021-01-18'):entitled_shares",0.0,0,0.0
A120E,A120E-sh510300-T1,S,"event:('2021-01-18', 'dividend_receivable', '510300-cash-2021-01-18'):stop_after",3.986,3.986,0.000
A120E,A120E-sh510300-T1,S,"event:('2021-01-21', 'dividend_paid', '510300-cash-2021-01-18'):amount",0.0,0.000,0.000
A120E,A120E-sh510300-T1,S,"event:('2022-01-18', 'dividend_recorded', '510300-cash-2022-01-19'):shares",0.0,0,0.0
A120E,A120E-sh510300-T1,S,"event:('2022-01-19', 'dividend_receivable', '510300-cash-2022-01-19'):amount",0.0,0.0000,0.0000
A120E,A120E-sh510300-T1,S,"event:('2022-01-19', 'dividend_receivable', '510300-cash-2022-01-19'):entitled_shares",0.0,0,0.0
A120E,A120E-sh510300-T1,S,"event:('2022-01-19', 'dividend_receivable', '510300-cash-2022-01-19'):stop_after",3.986,3.986,0.000
A120E,A120E-sh510300-T1,S,"event:('2022-01-24', 'dividend_paid', '510300-cash-2022-01-19'):amount",0.0,0.0000,0.0000
A120E,A120E-sh510300-T1,S,"event:('2023-01-13', 'dividend_recorded', '510300-cash-2023-01-16'):shares",0.0,0,0.0
A120E,A120E-sh510300-T1,S,"event:('2023-01-16', 'dividend_receivable', '510300-cash-2023-01-16'):amount",0.0,0.0000,0.0000
A120E,A120E-sh510300-T1,S,"event:('2023-01-16', 'dividend_receivable', '510300-cash-2023-01-16'):entitled_shares",0.0,0,0.0
A120E,A120E-sh510300-T1,S,"event:('2023-01-16', 'dividend_receivable', '510300-cash-2023-01-16'):stop_after",3.986,3.986,0.000
A120E,A120E-sh510300-T1,S,"event:('2023-01-19', 'dividend_paid', '510300-cash-2023-01-16'):amount",0.0,0.0000,0.0000
A120E,A120E-sh510300-T1,S,"event:('2024-01-17', 'dividend_recorded', '510300-cash-2024-01-18'):shares",0.0,0,0.0
A120E,A120E-sh510300-T1,S,"event:('2024-01-18', 'dividend_receivable', '510300-cash-2024-01-18'):amount",0.0,0.0000,0.0000
A120E,A120E-sh510300-T1,S,"event:('2024-01-18', 'dividend_receivable', '510300-cash-2024-01-18'):entitled_shares",0.0,0,0.0
A120E,A120E-sh510300-T1,S,"event:('2024-01-18', 'dividend_receivable', '510300-cash-2024-01-18'):stop_after",3.986,3.986,0.000
A120E,A120E-sh510300-T1,S,"event:('2024-01-23', 'dividend_paid', '510300-cash-2024-01-18'):amount",0.0,0.0000,0.0000
A120E,A120E-sh510300-T1,S,"event:('2025-06-17', 'dividend_recorded', '510300-cash-2025-06-18'):shares",0.0,0,0.0
A120E,A120E-sh510300-T1,S,"event:('2025-06-18', 'dividend_receivable', '510300-cash-2025-06-18'):amount",0.0,0.000,0.000
A120E,A120E-sh510300-T1,S,"event:('2025-06-18', 'dividend_receivable', '510300-cash-2025-06-18'):entitled_shares",0.0,0,0.0
A120E,A120E-sh510300-T1,S,"event:('2025-06-18', 'dividend_receivable', '510300-cash-2025-06-18'):stop_after",3.986,3.986,0.000
A120E,A120E-sh510300-T1,S,"event:('2025-06-27', 'dividend_paid', '510300-cash-2025-06-18'):amount",0.0,0.000,0.000
A120E,A120E-sh510300-T1,S,"event:('2026-01-16', 'dividend_recorded', '510300-cash-2026-01-19'):shares",0.0,0,0.0
A120E,A120E-sh510300-T1,S,"event:('2026-01-19', 'dividend_receivable', '510300-cash-2026-01-19'):amount",0.0,0.0000,0.0000
A120E,A120E-sh510300-T1,S,"event:('2026-01-19', 'dividend_receivable', '510300-cash-2026-01-19'):entitled_shares",0.0,0,0.0
A120E,A120E-sh510300-T1,S,"event:('2026-01-19', 'dividend_receivable', '510300-cash-2026-01-19'):stop_after",3.986,3.986,0.000
A120E,A120E-sh510300-T1,S,"event:('2026-01-27', 'dividend_paid', '510300-cash-2026-01-19'):amount",0.0,0.0000,0.0000
A120E,A120E-sh510300-T1,S,"event:('2020-02-28', 'exit_signal', None):close",3.933,3.933,0.000
A120E,A120E-sh510300-T1,S,"event:('2020-02-28', 'exit_signal', None):stop",3.986,3.986,0.000
A120E,A120E-sh510300-T1,S,"event:('2020-03-02', 'sell', None):shares",13400.0,13400.0,0.0
A120E,A120E-sh510300-T1,S,"event:('2020-03-02', 'sell', None):price",3.948,3.948,0.000
A120E,A120E-sh510300-T1,S,"event:('2020-03-02', 'sell', None):fee",52.9032,52.9032000,0E-7
A120E,A120E-sh510300-T1,T,entry_price,4.036,4.036,0.000
A120E,A120E-sh510300-T1,T,initial_shares,13400.0,13400.0,0.0
A120E,A120E-sh510300-T1,T,final_shares,0.0,0,0.0
A120E,A120E-sh510300-T1,T,entry_notional,54082.399999999994,54082.4000,6E-12
A120E,A120E-sh510300-T1,T,buy_fee,54.08239999999999,54.0824000,1E-14
A120E,A120E-sh510300-T1,T,sell_fee,52.9032,52.9032000,0E-7
A120E,A120E-sh510300-T1,T,dividends,0.0,0.0000,0.0000
A120E,A120E-sh510300-T1,T,exit_notional,52903.2,52903.2000,0.0000
A120E,A120E-sh510300-T1,T,terminal_market_value,0.0,0.000,0.000
A120E,A120E-sh510300-T1,T,terminal_value_from_entry_cash,-1286.185599999997,-1286.1856000,3E-12
A120E,A120E-sh510300-T1,T,net_pnl,-1286.185599999997,-1286.1856000,3E-12
A120E,A120E-sh510300-T1,T,baseline_net_pnl,-1286.185599999997,-1286.1856000,3E-12
A120E,A120E-sh510300-T1,T,initial_stop,3.986,3.986,0.000
A120E,A120E-sh510300-T1,T,final_stop,3.986,3.986,0.000
A120E,A120E-sh510300-T1,T,exit_price,3.948,3.948,0.000
A120E,A120E-sh510300-T1,T,"event:('2021-01-15', 'dividend_recorded', '510300-cash-2021-01-18'):shares",0.0,0,0.0
A120E,A120E-sh510300-T1,T,"event:('2021-01-18', 'dividend_receivable', '510300-cash-2021-01-18'):amount",0.0,0.000,0.000
A120E,A120E-sh510300-T1,T,"event:('2021-01-18', 'dividend_receivable', '510300-cash-2021-01-18'):entitled_shares",0.0,0,0.0
A120E,A120E-sh510300-T1,T,"event:('2021-01-18', 'dividend_receivable', '510300-cash-2021-01-18'):stop_after",3.986,3.986,0.000
A120E,A120E-sh510300-T1,T,"event:('2021-01-21', 'dividend_paid', '510300-cash-2021-01-18'):amount",0.0,0.000,0.000
A120E,A120E-sh510300-T1,T,"event:('2022-01-18', 'dividend_recorded', '510300-cash-2022-01-19'):shares",0.0,0,0.0
A120E,A120E-sh510300-T1,T,"event:('2022-01-19', 'dividend_receivable', '510300-cash-2022-01-19'):amount",0.0,0.0000,0.0000
A120E,A120E-sh510300-T1,T,"event:('2022-01-19', 'dividend_receivable', '510300-cash-2022-01-19'):entitled_shares",0.0,0,0.0
A120E,A120E-sh510300-T1,T,"event:('2022-01-19', 'dividend_receivable', '510300-cash-2022-01-19'):stop_after",3.986,3.986,0.000
A120E,A120E-sh510300-T1,T,"event:('2022-01-24', 'dividend_paid', '510300-cash-2022-01-19'):amount",0.0,0.0000,0.0000
A120E,A120E-sh510300-T1,T,"event:('2023-01-13', 'dividend_recorded', '510300-cash-2023-01-16'):shares",0.0,0,0.0
A120E,A120E-sh510300-T1,T,"event:('2023-01-16', 'dividend_receivable', '510300-cash-2023-01-16'):amount",0.0,0.0000,0.0000
A120E,A120E-sh510300-T1,T,"event:('2023-01-16', 'dividend_receivable', '510300-cash-2023-01-16'):entitled_shares",0.0,0,0.0
A120E,A120E-sh510300-T1,T,"event:('2023-01-16', 'dividend_receivable', '510300-cash-2023-01-16'):stop_after",3.986,3.986,0.000
A120E,A120E-sh510300-T1,T,"event:('2023-01-19', 'dividend_paid', '510300-cash-2023-01-16'):amount",0.0,0.0000,0.0000
A120E,A120E-sh510300-T1,T,"event:('2024-01-17', 'dividend_recorded', '510300-cash-2024-01-18'):shares",0.0,0,0.0
A120E,A120E-sh510300-T1,T,"event:('2024-01-18', 'dividend_receivable', '510300-cash-2024-01-18'):amount",0.0,0.0000,0.0000
A120E,A120E-sh510300-T1,T,"event:('2024-01-18', 'dividend_receivable', '510300-cash-2024-01-18'):entitled_shares",0.0,0,0.0
A120E,A120E-sh510300-T1,T,"event:('2024-01-18', 'dividend_receivable', '510300-cash-2024-01-18'):stop_after",3.986,3.986,0.000
A120E,A120E-sh510300-T1,T,"event:('2024-01-23', 'dividend_paid', '510300-cash-2024-01-18'):amount",0.0,0.0000,0.0000
A120E,A120E-sh510300-T1,T,"event:('2025-06-17', 'dividend_recorded', '510300-cash-2025-06-18'):shares",0.0,0,0.0
A120E,A120E-sh510300-T1,T,"event:('2025-06-18', 'dividend_receivable', '510300-cash-2025-06-18'):amount",0.0,0.000,0.000
A120E,A120E-sh510300-T1,T,"event:('2025-06-18', 'dividend_receivable', '510300-cash-2025-06-18'):entitled_shares",0.0,0,0.0
A120E,A120E-sh510300-T1,T,"event:('2025-06-18', 'dividend_receivable', '510300-cash-2025-06-18'):stop_after",3.986,3.986,0.000
A120E,A120E-sh510300-T1,T,"event:('2025-06-27', 'dividend_paid', '510300-cash-2025-06-18'):amount",0.0,0.000,0.000
A120E,A120E-sh510300-T1,T,"event:('2026-01-16', 'dividend_recorded', '510300-cash-2026-01-19'):shares",0.0,0,0.0
A120E,A120E-sh510300-T1,T,"event:('2026-01-19', 'dividend_receivable', '510300-cash-2026-01-19'):amount",0.0,0.0000,0.0000
A120E,A120E-sh510300-T1,T,"event:('2026-01-19', 'dividend_receivable', '510300-cash-2026-01-19'):entitled_shares",0.0,0,0.0
A120E,A120E-sh510300-T1,T,"event:('2026-01-19', 'dividend_receivable', '510300-cash-2026-01-19'):stop_after",3.986,3.986,0.000
A120E,A120E-sh510300-T1,T,"event:('2026-01-27', 'dividend_paid', '510300-cash-2026-01-19'):amount",0.0,0.0000,0.0000
A120E,A120E-sh510300-T1,T,"event:('2020-02-28', 'exit_signal', None):close",3.933,3.933,0.000
A120E,A120E-sh510300-T1,T,"event:('2020-02-28', 'exit_signal', None):stop",3.986,3.986,0.000
A120E,A120E-sh510300-T1,T,"event:('2020-03-02', 'sell', None):shares",13400.0,13400.0,0.0
A120E,A120E-sh510300-T1,T,"event:('2020-03-02', 'sell', None):price",3.948,3.948,0.000
A120E,A120E-sh510300-T1,T,"event:('2020-03-02', 'sell', None):fee",52.9032,52.9032000,0E-7
