date,external_deposit,total_deposits,shares,cash,equity,unit_value,total_fees
2021-05-25,0,0,0,0,0,1,0
2021-05-26,0,0,0,0,0,1,0
2021-05-27,0,0,0,0,0,1,0
2021-05-28,0,0,0,0,0,1,0
2021-05-31,0,0,0,0,0,1,0
2021-06-01,0,0,0,0,0,1,0
2021-06-02,0,0,0,0,0,1,0
2021-06-03,0,0,0,0,0,1,0
2021-06-04,0,0,0,0,0,1,0
2021-06-07,0,0,0,0,0,1,0
2021-06-08,0,0,0,0,0,1,0
2021-06-09,0,0,0,0,0,1,0
2021-06-10,0,0,0,0,0,1,0
2021-06-11,0,0,0,0,0,1,0
2021-06-15,0,0,0,0,0,1,0
2021-06-16,0,0,0,0,0,1,0
2021-06-17,0,0,0,0,0,1,0
2021-06-18,0,0,0,0,0,1,0
2021-06-21,0,0,0,0,0,1,0
2021-06-22,0,0,0,0,0,1,0
2021-06-23,0,0,0,0,0,1,0
2021-06-24,0,0,0,0,0,1,0
2021-06-25,0,0,0,0,0,1,0
2021-06-28,0,0,0,0,0,1,0
2021-06-29,0,0,0,0,0,1,0
2021-06-30,0,0,0,0,0,1,0
2021-07-01,0,0,0,0,0,1,0
2021-07-02,0,0,0,0,0,1,0
2021-07-05,0,0,0,0,0,1,0
2021-07-06,0,0,0,0,0,1,0
2021-07-07,0,0,0,0,0,1,0
2021-07-08,0,0,0,0,0,1,0
2021-07-09,0,0,0,0,0,1,0
2021-07-12,0,0,0,0,0,1,0
2021-07-13,0,0,0,0,0,1,0
2021-07-14,0,0,0,0,0,1,0
2021-07-15,0,0,0,0,0,1,0
2021-07-16,0,0,0,0,0,1,0
2021-07-19,0,0,0,0,0,1,0
2021-07-20,0,0,0,0,0,1,0
2021-07-21,0,0,0,0,0,1,0
2021-07-22,0,0,0,0,0,1,0
2021-07-23,0,0,0,0,0,1,0
2021-07-26,0,0,0,0,0,1,0
2021-07-27,0,0,0,0,0,1,0
2021-07-28,0,0,0,0,0,1,0
2021-07-29,0,0,0,0,0,1,0
2021-07-30,0,0,0,0,0,1,0
2021-08-02,0,0,0,0,0,1,0
2021-08-03,0,0,0,0,0,1,0
2021-08-04,0,0,0,0,0,1,0
2021-08-05,0,0,0,0,0,1,0
2021-08-06,0,0,0,0,0,1,0
2021-08-09,0,0,0,0,0,1,0
2021-08-10,0,0,0,0,0,1,0
2021-08-11,0,0,0,0,0,1,0
2021-08-12,0,0,0,0,0,1,0
2021-08-13,0,0,0,0,0,1,0
2021-08-16,0,0,0,0,0,1,0
2021-08-17,0,0,0,0,0,1,0
2021-08-18,0,0,0,0,0,1,0
2021-08-19,0,0,0,0,0,1,0
2021-08-20,0,0,0,0,0,1,0
2021-08-23,0,0,0,0,0,1,0
2021-08-24,0,0,0,0,0,1,0
2021-08-25,0,0,0,0,0,1,0
2021-08-26,0,0,0,0,0,1,0
2021-08-27,0,0,0,0,0,1,0
2021-08-30,0,0,0,0,0,1,0
2021-08-31,0,0,0,0,0,1,0
2021-09-01,0,0,0,0,0,1,0
2021-09-02,0,0,0,0,0,1,0
2021-09-03,0,0,0,0,0,1,0
2021-09-06,0,0,0,0,0,1,0
2021-09-07,0,0,0,0,0,1,0
2021-09-08,0,0,0,0,0,1,0
2021-09-09,0,0,0,0,0,1,0
2021-09-10,0,0,0,0,0,1,0
2021-09-13,0,0,0,0,0,1,0
2021-09-14,0,0,0,0,0,1,0
2021-09-15,0,0,0,0,0,1,0
2021-09-16,0,0,0,0,0,1,0
2021-09-17,0,0,0,0,0,1,0
2021-09-22,0,0,0,0,0,1,0
2021-09-23,0,0,0,0,0,1,0
2021-09-24,0,0,0,0,0,1,0
2021-09-27,0,0,0,0,0,1,0
2021-09-28,0,0,0,0,0,1,0
2021-09-29,0,0,0,0,0,1,0
2021-09-30,0,0,0,0,0,1,0
2021-10-08,0,0,0,0,0,1,0
2021-10-11,0,0,0,0,0,1,0
2021-10-12,0,0,0,0,0,1,0
2021-10-13,0,0,0,0,0,1,0
2021-10-14,0,0,0,0,0,1,0
2021-10-15,0,0,0,0,0,1,0
2021-10-18,0,0,0,0,0,1,0
2021-10-19,0,0,0,0,0,1,0
2021-10-20,0,0,0,0,0,1,0
2021-10-21,0,0,0,0,0,1,0
2021-10-22,0,0,0,0,0,1,0
2021-10-25,0,0,0,0,0,1,0
2021-10-26,0,0,0,0,0,1,0
2021-10-27,0,0,0,0,0,1,0
2021-10-28,0,0,0,0,0,1,0
2021-10-29,0,0,0,0,0,1,0
2021-11-01,0,0,0,0,0,1,0
2021-11-02,0,0,0,0,0,1,0
2021-11-03,0,0,0,0,0,1,0
2021-11-04,0,0,0,0,0,1,0
2021-11-05,0,0,0,0,0,1,0
2021-11-08,0,0,0,0,0,1,0
2021-11-09,0,0,0,0,0,1,0
2021-11-10,0,0,0,0,0,1,0
2021-11-11,0,0,0,0,0,1,0
2021-11-12,0,0,0,0,0,1,0
2021-11-15,0,0,0,0,0,1,0
2021-11-16,0,0,0,0,0,1,0
2021-11-17,0,0,0,0,0,1,0
2021-11-18,0,0,0,0,0,1,0
2021-11-19,0,0,0,0,0,1,0
2021-11-22,0,0,0,0,0,1,0
2021-11-23,0,0,0,0,0,1,0
2021-11-24,0,0,0,0,0,1,0
2021-11-25,0,0,0,0,0,1,0
2021-11-26,0,0,0,0,0,1,0
2021-11-29,0,0,0,0,0,1,0
2021-11-30,0,0,0,0,0,1,0
2021-12-01,0,0,0,0,0,1,0
2021-12-02,0,0,0,0,0,1,0
2021-12-03,0,0,0,0,0,1,0
2021-12-06,0,0,0,0,0,1,0
2021-12-07,0,0,0,0,0,1,0
2021-12-08,0,0,0,0,0,1,0
2021-12-09,0,0,0,0,0,1,0
2021-12-10,0,0,0,0,0,1,0
2021-12-13,0,0,0,0,0,1,0
2021-12-14,0,0,0,0,0,1,0
2021-12-15,0,0,0,0,0,1,0
2021-12-16,0,0,0,0,0,1,0
2021-12-17,0,0,0,0,0,1,0
2021-12-20,0,0,0,0,0,1,0
2021-12-21,0,0,0,0,0,1,0
2021-12-22,0,0,0,0,0,1,0
2021-12-23,0,0,0,0,0,1,0
2021-12-24,0,0,0,0,0,1,0
2021-12-27,0,0,0,0,0,1,0
2021-12-28,0,0,0,0,0,1,0
2021-12-29,0,0,0,0,0,1,0
2021-12-30,0,0,0,0,0,1,0
2021-12-31,0,0,0,0,0,1,0
2022-01-04,0,0,0,0,0,1,0
2022-01-05,0,0,0,0,0,1,0
2022-01-06,0,0,0,0,0,1,0
2022-01-07,0,0,0,0,0,1,0
2022-01-10,0,0,0,0,0,1,0
2022-01-11,0,0,0,0,0,1,0
2022-01-12,0,0,0,0,0,1,0
2022-01-13,0,0,0,0,0,1,0
2022-01-14,0,0,0,0,0,1,0
2022-01-17,0,0,0,0,0,1,0
2022-01-18,0,0,0,0,0,1,0
2022-01-19,0,0,0,0,0,1,0
2022-01-20,0,0,0,0,0,1,0
2022-01-21,0,0,0,0,0,1,0
2022-01-24,0,0,0,0,0,1,0
2022-01-25,0,0,0,0,0,1,0
2022-01-26,0,0,0,0,0,1,0
2022-01-27,0,0,0,0,0,1,0
2022-01-28,0,0,0,0,0,1,0
2022-02-07,0,0,0,0,0,1,0
2022-02-08,0,0,0,0,0,1,0
2022-02-09,0,0,0,0,0,1,0
2022-02-10,0,0,0,0,0,1,0
2022-02-11,0,0,0,0,0,1,0
2022-02-14,0,0,0,0,0,1,0
2022-02-15,0,0,0,0,0,1,0
2022-02-16,0,0,0,0,0,1,0
2022-02-17,0,0,0,0,0,1,0
2022-02-18,0,0,0,0,0,1,0
2022-02-21,0,0,0,0,0,1,0
2022-02-22,0,0,0,0,0,1,0
2022-02-23,0,0,0,0,0,1,0
2022-02-24,0,0,0,0,0,1,0
2022-02-25,0,0,0,0,0,1,0
2022-02-28,0,0,0,0,0,1,0
2022-03-01,0,0,0,0,0,1,0
2022-03-02,0,0,0,0,0,1,0
2022-03-03,0,0,0,0,0,1,0
2022-03-04,0,0,0,0,0,1,0
2022-03-07,0,0,0,0,0,1,0
2022-03-08,0,0,0,0,0,1,0
2022-03-09,0,0,0,0,0,1,0
2022-03-10,0,0,0,0,0,1,0
2022-03-11,0,0,0,0,0,1,0
2022-03-14,0,0,0,0,0,1,0
2022-03-15,0,0,0,0,0,1,0
2022-03-16,0,0,0,0,0,1,0
2022-03-17,0,0,0,0,0,1,0
2022-03-18,0,0,0,0,0,1,0
2022-03-21,0,0,0,0,0,1,0
2022-03-22,0,0,0,0,0,1,0
2022-03-23,0,0,0,0,0,1,0
2022-03-24,0,0,0,0,0,1,0
2022-03-25,0,0,0,0,0,1,0
2022-03-28,0,0,0,0,0,1,0
2022-03-29,0,0,0,0,0,1,0
2022-03-30,0,0,0,0,0,1,0
2022-03-31,0,0,0,0,0,1,0
2022-04-01,0,0,0,0,0,1,0
2022-04-06,0,0,0,0,0,1,0
2022-04-07,0,0,0,0,0,1,0
2022-04-08,0,0,0,0,0,1,0
2022-04-11,0,0,0,0,0,1,0
2022-04-12,0,0,0,0,0,1,0
2022-04-13,0,0,0,0,0,1,0
2022-04-14,0,0,0,0,0,1,0
2022-04-15,0,0,0,0,0,1,0
2022-04-18,0,0,0,0,0,1,0
2022-04-19,0,0,0,0,0,1,0
2022-04-20,0,0,0,0,0,1,0
2022-04-21,0,0,0,0,0,1,0
2022-04-22,0,0,0,0,0,1,0
2022-04-25,0,0,0,0,0,1,0
2022-04-26,0,0,0,0,0,1,0
2022-04-27,0,0,0,0,0,1,0
2022-04-28,0,0,0,0,0,1,0
2022-04-29,0,0,0,0,0,1,0
2022-05-05,0,0,0,0,0,1,0
2022-05-06,0,0,0,0,0,1,0
2022-05-09,0,0,0,0,0,1,0
2022-05-10,0,0,0,0,0,1,0
2022-05-11,0,0,0,0,0,1,0
2022-05-12,0,0,0,0,0,1,0
2022-05-13,0,0,0,0,0,1,0
2022-05-16,0,0,0,0,0,1,0
2022-05-17,0,0,0,0,0,1,0
2022-05-18,0,0,0,0,0,1,0
2022-05-19,0,0,0,0,0,1,0
2022-05-20,0,0,0,0,0,1,0
2022-05-23,0,0,0,0,0,1,0
2022-05-24,0,0,0,0,0,1,0
2022-05-25,0,0,0,0,0,1,0
2022-05-26,0,0,0,0,0,1,0
2022-05-27,0,0,0,0,0,1,0
2022-05-30,0,0,0,0,0,1,0
2022-05-31,0,0,0,0,0,1,0
2022-06-01,0,0,0,0,0,1,0
2022-06-02,0,0,0,0,0,1,0
2022-06-06,0,0,0,0,0,1,0
2022-06-07,0,0,0,0,0,1,0
2022-06-08,0,0,0,0,0,1,0
2022-06-09,0,0,0,0,0,1,0
2022-06-10,0,0,0,0,0,1,0
2022-06-13,1,1,1.6818181818181819,0,0.999,0.999,0.001
2022-06-14,0,1,1.6818181818181819,0,1.0023636363636363,1.0023636363636363,0.001
2022-06-15,0,1,1.6818181818181819,0,1.0107727272727274,1.0107727272727274,0.001
2022-06-16,0,1,1.6818181818181819,0,0.98386363636363638,0.98386363636363638,0.001
2022-06-17,0,1,1.6818181818181819,0,0.999,0.999,0.001
2022-06-20,1,2,3.3579926784624772,0,2.0013636363636365,1.0018630461520683,0.002
2022-06-21,0,2,3.3579926784624772,0,2.0315855704697987,1.0169918505402706,0.002
2022-06-22,0,2,3.3579926784624772,0,1.977857687614399,0.99009619829457751,0.002
2022-06-23,0,2,3.3579926784624772,0,2.0147956070774864,1.0085869592134915,0.002
2022-06-24,0,2,3.3579926784624772,0,2.0853134533251985,1.0438875027859638,0.002
2022-06-27,1,3,4.9068298877648022,0,3.1649052776082973,1.0838885100803295,0.0030000000000000001
2022-06-28,0,3,4.9068298877648022,0,3.199253086822651,1.0956516411974804,0.0030000000000000001
2022-06-29,0,3,4.9068298877648022,0,3.0913028292918252,1.0586818005435776,0.0030000000000000001
2022-06-30,0,3,4.9068298877648022,0,3.0520481901897072,1.0452382221239767,0.0030000000000000001
2022-07-01,0,3,4.9068298877648022,0,3.0373277005264128,1.0401968802166264,0.0030000000000000001
2022-07-04,1,4,6.5026765331322141,0,4.0706755097407656,1.0517016508605965,0.0040000000000000001
2022-07-05,0,4,6.5026765331322141,0,4.0706755097407656,1.0517016508605965,0.0040000000000000001
2022-07-06,0,4,6.5026765331322141,0,3.9601300086775182,1.0231410628979287,0.0040000000000000001
2022-07-07,0,4,6.5026765331322141,0,3.9666326852106506,1.024821097483968,0.0040000000000000001
2022-07-08,0,4,6.5026765331322141,0,3.9991460678763118,1.0332212704141646,0.0040000000000000001
2022-07-11,1,5,8.1958968721152647,0,4.8355791545480056,0.99101546330817625,0.0050000000000000001
2022-07-12,0,5,8.1958968721152647,0,4.778207876443199,0.97925765272655385,0.0050000000000000001
2022-07-13,0,5,8.1958968721152647,0,4.8109914639316598,0.98597640163033806,0.0050000000000000001
2022-07-14,0,5,8.1958968721152647,0,4.8355791545480056,0.99101546330817625,0.0050000000000000001
2022-07-15,0,5,8.1958968721152647,0,4.7044448045941616,0.96414046769303929,0.0050000000000000001
2022-07-18,1,6,9.891991948515944,0,5.8263832576758903,0.98916600249220943,0.0060000000000000001
2022-07-19,0,6,9.891991948515944,0,5.7670313059847951,0.97908960857887628,0.0060000000000000001
2022-07-20,0,6,9.891991948515944,0,5.8560592335214388,0.99420419944887617,0.0060000000000000001
2022-07-21,0,6,9.891991948515944,0,5.8560592335214388,0.99420419944887617,0.0060000000000000001
2022-07-22,0,6,9.891991948515944,0,5.8758432174184705,0.99756299741998711,0.0060000000000000001
2022-07-25,1,7,11.602608386872108,0,6.7759232979333106,0.98062428569516347,0.0070000000000000001
2022-07-26,0,7,11.602608386872108,0,6.8803467734151598,0.99573664626238345,0.0070000000000000001
2022-07-27,0,7,11.602608386872108,0,6.7759232979333106,0.98062428569516347,0.0070000000000000001
2022-07-28,0,7,11.602608386872108,0,6.7875259063201829,0.982303436869299,0.0070000000000000001
2022-07-29,0,7,11.602608386872108,0,6.4394476547140203,0.93192890164523245,0.0070000000000000001
2022-08-01,1,8,13.396145191180905,0,7.4616528714877646,0.9351618749422802,0.0080000000000000002
2022-08-02,0,8,13.396145191180905,0,7.2473145484288697,0.90829905627248386,0.0080000000000000002
2022-08-03,0,8,13.396145191180905,0,7.3142952743847749,0.91669368710679533,0.0080000000000000002
2022-08-04,0,8,13.396145191180905,0,7.5420297426348482,0.9452354319434535,0.0080000000000000002
2022-08-05,0,8,13.396145191180905,0,7.6090104685907534,0.95363006277776485,0.0080000000000000002
2022-08-08,1,9,15.180073762609476,0,8.5008413070613074,0.94008806579255855,0.0090000000000000011
2022-08-09,0,9,15.180073762609476,0,8.4249409382482607,0.93169442234798217,0.0090000000000000011
2022-08-10,0,9,15.180073762609476,0,8.13651953675868,0.89979857725859169,0.0090000000000000011
2022-08-11,0,9,15.180073762609476,0,8.4097608644856496,0.93001569365906667,0.0090000000000000011
2022-08-12,0,9,15.180073762609476,0,8.5008413070613074,0.94008806579255855,0.0090000000000000011
2022-08-15,1,10,16.967193619496776,0,9.4846612332986986,0.93831040785516773,0.010000000000000002
2022-08-16,0,10,16.967193619496776,0,9.2810549098647375,0.91816778729298176,0.010000000000000002
2022-08-17,0,10,16.967193619496776,0,9.3489236843427239,0.92488199414704364,0.010000000000000002
2022-08-18,0,10,16.967193619496776,0,9.2301533290062459,0.91313213215243505,0.010000000000000002
2022-08-19,0,10,16.967193619496776,0,9.2471205226257442,0.91481068386595077,0.010000000000000002
2022-08-22,1,11,18.806972625021636,0,10.21218613538675,0.91136433761416769,0.011000000000000003
2022-08-23,0,11,18.806972625021636,0,10.155765217511684,0.90632917552790149,0.011000000000000003
2022-08-24,0,11,18.806972625021636,0,9.948888518636446,0.88786691454492572,0.011000000000000003
2022-08-25,0,11,18.806972625021636,0,10.381448889011944,0.92646982387296595,0.011000000000000003
2022-08-26,0,11,18.806972625021636,0,10.531904670012118,0.93989692276967574,0.011000000000000003
2022-08-29,1,12,20.590901196450208,0,11.530904670012118,0.93981541872072072,0.012000000000000004
2022-08-30,0,12,20.590901196450208,0,11.386768361636966,0.92806772598671161,0.012000000000000004
2022-08-31,0,12,20.590901196450208,0,11.592677373601466,0.94485014417815294,0.012000000000000004
2022-09-01,0,12,20.590901196450208,0,11.386768361636966,0.92806772598671161,0.012000000000000004
2022-09-02,0,12,20.590901196450208,0,11.263222954458264,0.91799827507184673,0.012000000000000004
2022-09-05,1,13,22.444333478453917,0,12.097495744886661,0.90449757317905122,0.013000000000000005
2022-09-06,0,13,22.444333478453917,0,12.119940078365115,0.90617567628327955,0.013000000000000005
2022-09-07,0,13,22.444333478453917,0,12.007718410972846,0.8977851607621381,0.013000000000000005
2022-09-08,0,13,22.444333478453917,0,11.895496743580576,0.88939464524099654,0.013000000000000005
2022-09-09,0,13,22.444333478453917,0,12.119940078365115,0.90617567628327955,0.013000000000000005
2022-09-13,1,14,24.297765760457626,0,13.096495744886662,0.90442851436118277,0.014000000000000005
2022-09-14,0,14,24.297765760457626,0,12.80492255576117,0.88429281459803954,0.014000000000000005
2022-09-15,0,14,24.297765760457626,0,12.780624790000711,0.88261483961777754,0.014000000000000005
2022-09-16,0,14,24.297765760457626,0,12.610540429677508,0.87086901475594403,0.014000000000000005
2022-09-19,1,15,26.275983582239803,0,13.2693717090311,0.84731351019960055,0.015000000000000006
2022-09-20,0,15,26.275983582239803,0,13.558407528435739,0.86576984408513646,0.015000000000000006
2022-09-21,0,15,26.275983582239803,0,13.2693717090311,0.84731351019960055,0.015000000000000006
2022-09-22,0,15,26.275983582239803,0,12.980335889626463,0.82885717631406475,0.015000000000000006
2022-09-23,0,15,26.275983582239803,0,12.848955971715263,0.82046793363882109,0.015000000000000006
2022-09-26,1,16,28.3023527505968,0,13.953059906044222,0.82712004902191238,0.016000000000000007
2022-09-27,0,16,28.3023527505968,0,14.122874022547803,0.83718641878688493,0.016000000000000007
2022-09-28,0,16,28.3023527505968,0,13.811548142291239,0.81873140755110185,0.016000000000000007
2022-09-29,0,16,28.3023527505968,0,13.528524614785269,0.8019541246094809,0.016000000000000007
2022-09-30,0,16,28.3023527505968,0,13.245501087279303,0.78517684166786006,0.016000000000000007
2022-10-10,1,17,30.469380950162961,0,14.046384618025126,0.77337768476577062,0.017000000000000008
2022-10-11,0,17,30.469380950162961,0,13.802629570423822,0.75995681388046432,0.017000000000000008
2022-10-12,0,17,30.469380950162961,0,14.168262141825778,0.78008812020842377,0.017000000000000008
2022-10-13,0,17,30.469380950162961,0,13.528405141872355,0.74485833413449487,0.017000000000000008
2022-10-14,0,17,30.469380950162961,0,13.619813284722843,0.74989116071648465,0.017000000000000008
2022-10-17,1,18,32.734687072611941,0,14.435996999021866,0.73977426244193234,0.018000000000000009
2022-10-18,0,18,32.734687072611941,0,14.894282618038433,0.76325915966231117,0.018000000000000009
2022-10-19,0,18,32.734687072611941,0,14.534201060239702,0.74480674041772776,0.018000000000000009
2022-10-20,0,18,32.734687072611941,0,14.17411950244097,0.72635432117314436,0.018000000000000009
2022-10-21,0,18,32.734687072611941,0,14.17411950244097,0.72635432117314436,0.018000000000000009
2022-10-24,1,19,35.232187072611943,0,14.092874829044778,0.67094945431333231,0.01900000000000001
2022-10-25,0,19,35.232187072611943,0,14.33950013855306,0.68269106976381555,0.01900000000000001
2022-10-26,0,19,35.232187072611943,0,14.445196699770896,0.68772319067116561,0.01900000000000001
2022-10-27,0,19,35.232187072611943,0,14.586125448061344,0.69443268521429891,0.01900000000000001
2022-10-28,0,19,35.232187072611943,0,13.846249519536494,0.65920783886284895,0.01900000000000001
2022-10-31,1,20,37.729687072611945,0,15.091874829044778,0.670904999597984,0.020000000000000011
2022-11-01,0,20,37.729687072611945,0,16.336954502440971,0.7262546620648177,0.020000000000000011
2022-11-02,0,20,37.729687072611945,0,16.487873250731418,0.73296371206079747,0.020000000000000011
2022-11-03,0,20,37.729687072611945,0,16.110576380005302,0.716191087070848,0.020000000000000011
2022-11-04,0,20,37.729687072611945,0,17.167007618038436,0.76315443704270691,0.020000000000000011
2022-11-07,1,21,39.864302457227332,0,18.656493549982393,0.78491677748778732,0.021000000000000012
2022-11-08,0,21,39.864302457227332,0,18.417307735239028,0.77485374187896938,0.021000000000000012
2022-11-09,0,21,39.864302457227332,0,17.859207500837844,0.75137332545839453,0.021000000000000012
2022-11-10,0,21,39.864302457227332,0,17.420700173808346,0.73292442684222869,0.021000000000000012
2022-11-11,0,21,39.864302457227332,0,18.576764945067939,0.78156243228484801,0.021000000000000012
2022-11-14,1,22,41.967460351964178,0,19.934543667182982,0.79661702405975676,0.022000000000000013
2022-11-15,0,22,41.967460351964178,0,21.235534938093874,0.84860676668260415,0.022000000000000013
2022-11-16,0,22,41.967460351964178,0,21.151600017389946,0.84525258973919459,0.022000000000000013
2022-11-17,0,22,41.967460351964178,0,21.109632557037983,0.84357550126748992,0.022000000000000013
2022-11-18,0,22,41.967460351964178,0,21.193567477741912,0.84692967821089948,0.022000000000000013
2022-11-21,1,23,43.977520714137214,0,21.856827794926193,0.83347483705190129,0.023000000000000013
2022-11-22,0,23,43.977520714137214,0,20.97727738064345,0.79993460216047663,0.023000000000000013
2022-11-23,0,23,43.977520714137214,0,21.417052587784823,0.81670471960618907,0.023000000000000013
2022-11-24,0,23,43.977520714137214,0,21.28512002564241,0.81167368437247522,0.023000000000000013
2022-11-25,0,23,43.977520714137214,0,21.065232422071723,0.80328862564961911,0.023000000000000013
2022-11-28,1,24,46.103052629030827,0,21.668434735644489,0.78815914634069528,0.024000000000000014
2022-11-29,0,24,46.103052629030827,0,22.91321715662832,0.83343637389643732,0.024000000000000014
2022-11-30,0,24,46.103052629030827,0,23.282041577660568,0.84685184872776831,0.024000000000000014
2022-12-01,0,24,46.103052629030827,0,24.065793472354091,0.87535973274434664,0.024000000000000014
2022-12-02,0,24,46.103052629030827,0,24.019690419725062,0.87368279839043028,0.024000000000000014
2022-12-05,1,25,47.890172485918129,0,26.770606419628237,0.93737128889509325,0.025000000000000015
2022-12-06,0,25,47.890172485918129,0,26.387485039740891,0.92395631517208654,0.025000000000000015
2022-12-07,0,25,47.890172485918129,0,26.195924349797217,0.91724882831058308,0.025000000000000015
2022-12-08,0,25,47.890172485918129,0,26.91427693708599,0.94240190404122071,0.025000000000000015
2022-12-09,0,25,47.890172485918129,0,27.632629524374757,0.967554979771858,0.025000000000000015
2022-12-12,1,26,49.680495066563289,0,27.721716247142318,0.93566066527716785,0.026000000000000016
2022-12-13,0,26,49.680495066563289,0,27.870757732342007,0.94069109896145375,0.026000000000000016
2022-12-14,0,26,49.680495066563289,0,27.970118722475128,0.94404472141764406,0.026000000000000016
2022-12-15,0,26,49.680495066563289,0,27.324272286609812,0.92224617545240561,0.026000000000000016
2022-12-16,0,26,49.680495066563289,0,27.522994266876065,0.92895342036478679,0.026000000000000016
2022-12-19,1,27,51.50016719771083,0,28.273591791543247,0.92053680604023425,0.027000000000000017
2022-12-20,0,27,51.50016719771083,0,27.24358844758903,0.88700176756882321,0.027000000000000017
2022-12-21,0,27,51.50016719771083,0,27.295088614786742,0.88867851949239385,0.027000000000000017
2022-12-22,0,27,51.50016719771083,0,28.737093296322644,0.93562757335236935,0.027000000000000017
2022-12-23,0,27,51.50016719771083,0,28.376592125938672,0.92389030988737553,0.027000000000000017
2022-12-26,1,28,53.339946203235691,0,28.963590788356981,0.91044486038323336,0.028000000000000018
2022-12-27,0,28,53.339946203235691,0,29.60367014279581,0.93056518878949268,0.028000000000000018
2022-12-28,0,28,53.339946203235691,0,29.710350035202282,0.93391857685720259,0.028000000000000018
2022-12-29,0,28,53.339946203235691,0,29.176950573169925,0.91715163651865317,0.028000000000000018
2022-12-30,0,28,53.339946203235691,0,29.283630465576397,0.92050502458636307,0.028000000000000018
2023-01-03,1,29,55.143195300708612,0,30.549330196592575,0.92885808956889249,0.029000000000000019
2023-01-04,0,29,55.143195300708612,0,31.872766883809575,0.96909742918920538,0.029000000000000019
2023-01-05,0,29,55.143195300708612,0,32.369055641515956,0.98418718154682283,0.029000000000000019
2023-01-06,0,29,55.143195300708612,0,31.872766883809575,0.96909742918920538,0.029000000000000019
2023-01-09,0,29,55.143195300708612,0,32.424198836816664,0.9858638206976692,0.029000000000000019
2023-01-10,0,29,55.143195300708612,0,32.313912446215248,0.98251054239597657,0.029000000000000019
2023-01-11,0,29,55.143195300708612,0,32.313912446215248,0.98251054239597657,0.029000000000000019
2023-01-12,0,29,55.143195300708612,0,31.486764516704614,0.95736095513328068,0.029000000000000019
2023-01-13,0,29,55.143195300708612,0,31.872766883809575,0.96909742918920538,0.029000000000000019
2023-01-16,0,29,55.143195300708612,0,31.376478126103198,0.95400767683158805,0.029000000000000019
2023-01-17,0,29,55.143195300708612,0,31.597050907306031,0.96071423343497342,0.029000000000000019
2023-01-18,0,29,55.143195300708612,0,31.707337297907451,0.96406751173666627,0.029000000000000019
2023-01-19,0,29,55.143195300708612,0,31.486764516704614,0.95736095513328068,0.029000000000000019
2023-01-20,0,29,55.143195300708612,0,32.148482860313116,0.97748062494343724,0.029000000000000019
2023-01-30,1,30,56.845069235972666,0,33.368055641515951,0.98415768753919719,0.03000000000000002
2023-01-31,0,30,56.845069235972666,0,32.458534533740391,0.95733226505090563,0.03000000000000002
2023-02-01,0,30,56.845069235972666,0,33.822816195403732,0.99757039878334297,0.03000000000000002
2023-02-02,0,30,56.845069235972666,0,34.107041541583598,1.0059533433109342,0.03000000000000002
2023-02-03,0,30,56.845069235972666,0,33.595435918459842,0.99086404316127008,0.03000000000000002
2023-02-06,1,31,58.603872052874074,0,33.286999326032472,0.95227389035196652,0.031000000000000021
2023-02-07,0,31,58.603872052874074,0,33.697226430402587,0.96400966012743072,0.031000000000000021
2023-02-08,0,31,58.603872052874074,0,33.111187709873846,0.94724427473391026,0.031000000000000021
2023-02-09,0,31,58.603872052874074,0,34.16605740682558,0.97742196844224716,0.031000000000000021
2023-02-10,0,31,58.603872052874074,0,32.876772221662357,0.94053812057650221,0.031000000000000021
2023-02-13,1,32,60.384620715975679,0,33.875772221662359,0.94051035706602304,0.032000000000000021
2023-02-14,0,32,60.384620715975679,0,33.634233738798457,0.93380440086590888,0.032000000000000021
2023-02-15,0,32,60.384620715975679,0,33.453079876650527,0.92877493371582309,0.032000000000000021
2023-02-16,0,32,60.384620715975679,0,34.056926083810282,0.9455398242161086,0.032000000000000021
2023-02-17,0,32,60.384620715975679,0,33.453079876650527,0.92877493371582309,0.032000000000000021
2023-02-20,1,33,62.165369379077283,0,34.874772221662361,0.94048338962423894,0.033000000000000022
2023-02-21,0,33,62.165369379077283,0,33.880126311597124,0.91366033394868129,0.033000000000000022
2023-02-22,0,33,62.165369379077283,0,33.258472617806348,0.89689592415145769,0.033000000000000022
2023-02-23,0,33,62.165369379077283,0,33.569299464701736,0.90527812905006944,0.033000000000000022
2023-02-24,0,33,62.165369379077283,0,33.071976509669113,0.89186660121229056,0.033000000000000022
2023-02-27,1,34,64.075503222289527,0,33.511488185257427,0.87675246965129094,0.034000000000000023
2023-02-28,0,34,64.075503222289527,0,33.319261675590553,0.8717232967852222,0.034000000000000023
2023-03-01,0,34,64.075503222289527,0,34.921149256147793,0.91363307066912725,0.034000000000000023
2023-03-02,0,34,64.075503222289527,0,34.472620733591768,0.90189833398163388,0.034000000000000023
2023-03-03,0,34,64.075503222289527,0,35.433753281926109,0.92704419831197682,0.034000000000000023
2023-03-06,1,35,65.895175353437068,0,36.176451269036953,0.92031319492523689,0.035000000000000024
2023-03-07,0,35,65.895175353437068,0,35.385709164795706,0.90019705951703499,0.035000000000000024
2023-03-08,0,35,65.895175353437068,0,34.660862235907899,0.88175726872618332,0.035000000000000024
2023-03-09,0,35,65.895175353437068,0,34.529071885201027,0.87840457949148298,0.035000000000000024
2023-03-10,0,35,65.895175353437068,0,32.881692501365094,0.83649596405772886,0.035000000000000024
2023-03-13,1,36,67.853998882848828,0,34.605539430252904,0.85491105039188187,0.036000000000000025
2023-03-14,0,36,67.853998882848828,0,33.791291443658714,0.83479549626501393,0.036000000000000025
2023-03-15,0,36,67.853998882848828,0,34.130561438072959,0.84317697715120887,0.036000000000000025
2023-03-16,0,36,67.853998882848828,0,33.723437444775868,0.83311920008777507,0.036000000000000025
2023-03-17,0,36,67.853998882848828,0,34.876955425784296,0.86161623510083774,0.036000000000000025
2023-03-20,0,36,67.853998882848828,0,34.062707439190113,0.84150068097397002,0.036000000000000025
2023-03-21,0,36,67.853998882848828,0,34.876955425784296,0.86161623510083774,0.036000000000000025
2023-03-22,0,36,67.853998882848828,0,35.487641415729939,0.87670290069598866,0.036000000000000025
2023-03-23,0,36,67.853998882848828,0,36.57330539785552,0.90352363953181236,0.036000000000000025
2023-03-24,0,36,67.853998882848828,0,36.912575392269765,0.91190512041800731,0.036000000000000025
2023-03-27,0,36,67.853998882848828,0,36.641159396738367,0.90519993570905133,0.036000000000000025
2023-03-28,0,36,67.853998882848828,0,36.641159396738367,0.90519993570905133,0.036000000000000025
2023-03-29,0,36,67.853998882848828,0,37.658969379981102,0.93034437836763617,0.036000000000000025
2023-03-30,0,36,67.853998882848828,0,37.658969379981102,0.93034437836763617,0.036000000000000025
2023-03-31,0,36,67.853998882848828,0,37.998239374395347,0.93872585925383112,0.036000000000000025
2023-04-03,0,36,67.853998882848828,0,37.9303853755125,0.93704956307659215,0.036000000000000025
2023-04-04,0,36,67.853998882848828,0,37.523261382215402,0.92699178601315813,0.036000000000000025
2023-04-06,0,36,67.853998882848828,0,37.116137388918311,0.91693400894972432,0.036000000000000025
2023-04-07,0,36,67.853998882848828,0,37.794677377746801,0.93369697072211422,0.036000000000000025
2023-04-10,0,36,67.853998882848828,0,37.658969379981102,0.93034437836763617,0.036000000000000025
2023-04-11,0,36,67.853998882848828,0,37.319699385566857,0.92196289748144122,0.036000000000000025
2023-04-12,0,36,67.853998882848828,0,36.844721393386919,0.91022882424076845,0.036000000000000025
2023-04-13,0,36,67.853998882848828,0,36.369743401206975,0.89849475100009546,0.036000000000000025
2023-04-14,0,36,67.853998882848828,0,36.641159396738367,0.90519993570905133,0.036000000000000025
2023-04-17,0,36,67.853998882848828,0,37.455407383332556,0.92531548983591927,0.036000000000000025
2023-04-18,0,36,67.853998882848828,0,37.048283390035465,0.91525771277248535,0.036000000000000025
2023-04-19,0,36,67.853998882848828,0,36.505451398972674,0.90184734335457351,0.036000000000000025
2023-04-20,0,36,67.853998882848828,0,36.369743401206975,0.89849475100009546,0.036000000000000025
2023-04-21,0,36,67.853998882848828,0,35.284079419081394,0.87167401216427176,0.036000000000000025
2023-04-24,0,36,67.853998882848828,0,34.809101426901449,0.85993993892359877,0.036000000000000025
2023-04-25,0,36,67.853998882848828,0,33.99485344030726,0.83982438479673094,0.036000000000000025
2023-04-26,0,36,67.853998882848828,0,34.537685431370051,0.85323475421464279,0.036000000000000025
2023-04-27,0,36,67.853998882848828,0,34.266269435838659,0.84652956950568692,0.036000000000000025
2023-04-28,0,36,67.853998882848828,0,34.944809424667149,0.86329253127807681,0.036000000000000025
2023-05-04,0,36,67.853998882848828,0,34.266269435838659,0.84652956950568692,0.036000000000000025
2023-05-05,0,36,67.853998882848828,0,34.605539430252904,0.85491105039188187,0.036000000000000025
2023-05-08,0,36,67.853998882848828,0,34.809101426901449,0.85993993892359877,0.036000000000000025
2023-05-09,0,36,67.853998882848828,0,33.859145442541568,0.83647179244225311,0.036000000000000025
2023-05-10,0,36,67.853998882848828,0,34.062707439190113,0.84150068097397002,0.036000000000000025
2023-05-11,0,36,67.853998882848828,0,34.062707439190113,0.84150068097397002,0.036000000000000025
2023-05-12,0,36,67.853998882848828,0,34.605539430252904,0.85491105039188187,0.036000000000000025
2023-05-15,0,36,67.853998882848828,0,35.148371421315694,0.86832141980979372,0.036000000000000025
2023-05-16,0,36,67.853998882848828,0,35.284079419081394,0.87167401216427176,0.036000000000000025
2023-05-17,0,36,67.853998882848828,0,35.284079419081394,0.87167401216427176,0.036000000000000025
2023-05-18,0,36,67.853998882848828,0,35.216225420198541,0.86999771598703268,0.036000000000000025
2023-05-19,0,36,67.853998882848828,0,34.741247428018603,0.85826364274635991,0.036000000000000025
2023-05-22,0,36,67.853998882848828,0,35.487641415729939,0.87670290069598866,0.036000000000000025
2023-05-23,0,36,67.853998882848828,0,34.944809424667149,0.86329253127807681,0.036000000000000025
2023-05-24,0,36,67.853998882848828,0,34.334123434721505,0.84820586568292589,0.036000000000000025
2023-05-25,0,36,67.853998882848828,0,33.655583445893015,0.83144290391053599,0.036000000000000025
2023-05-26,0,36,67.853998882848828,0,33.519875448127323,0.82809031155605817,0.036000000000000025
2023-05-29,0,36,67.853998882848828,0,33.316313451478777,0.82306142302434115,0.036000000000000025
2023-05-30,0,36,67.853998882848828,0,33.723437444775868,0.83311920008777507,0.036000000000000025
2023-05-31,0,36,67.853998882848828,0,32.841335459298833,0.81132734978366827,0.036000000000000025
2023-06-01,0,36,67.853998882848828,0,33.316313451478777,0.82306142302434115,0.036000000000000025
2023-06-02,0,36,67.853998882848828,0,34.876955425784296,0.86161623510083774,0.036000000000000025
2023-06-05,0,36,67.853998882848828,0,34.944809424667149,0.86329253127807681,0.036000000000000025
2023-06-06,0,36,67.853998882848828,0,34.876955425784296,0.86161623510083774,0.036000000000000025
2023-06-07,0,36,67.853998882848828,0,35.691203412378485,0.88173178922770556,0.036000000000000025
2023-06-08,0,36,67.853998882848828,0,35.555495414612786,0.87837919687322763,0.036000000000000025
2023-06-09,0,36,67.853998882848828,0,36.03047340679273,0.89011327011390051,0.036000000000000025
2023-06-12,0,36,67.853998882848828,0,36.098327405675576,0.89178956629113948,0.036000000000000025
2023-06-13,0,36,67.853998882848828,0,36.980429391152612,0.91358141659524628,0.036000000000000025
2023-06-14,0,36,67.853998882848828,0,37.048283390035465,0.91525771277248535,0.036000000000000025
2023-06-15,0,36,67.853998882848828,0,38.201801371043885,0.9437547477855478,0.036000000000000025
2023-06-16,0,36,67.853998882848828,0,38.608925364340976,0.95381252484898171,0.036000000000000025
2023-06-19,0,36,67.853998882848828,0,37.998239374395347,0.93872585925383112,0.036000000000000025
2023-06-20,0,36,67.853998882848828,0,37.38755338444971,0.9236391936586803,0.036000000000000025
2023-06-21,0,36,67.853998882848828,0,36.505451398972674,0.90184734335457351,0.036000000000000025
2023-06-26,0,36,67.853998882848828,0,35.894765409027031,0.88676067775942258,0.036000000000000025
2023-06-27,0,36,67.853998882848828,0,36.70901339562122,0.90687623188629041,0.036000000000000025
2023-06-28,0,36,67.853998882848828,0,37.048283390035465,0.91525771277248535,0.036000000000000025
2023-06-29,0,36,67.853998882848828,0,36.369743401206975,0.89849475100009546,0.036000000000000025
2023-06-30,0,36,67.853998882848828,0,36.301889402324122,0.89681845482285638,0.036000000000000025
2023-07-03,0,36,67.853998882848828,0,37.591115381098255,0.9286680821903972,0.036000000000000025
2023-07-04,0,36,67.853998882848828,0,37.523261382215402,0.92699178601315813,0.036000000000000025
2023-07-05,0,36,67.853998882848828,0,37.116137388918311,0.91693400894972432,0.036000000000000025
2023-07-06,0,36,67.853998882848828,0,36.57330539785552,0.90352363953181236,0.036000000000000025
2023-07-07,0,36,67.853998882848828,0,36.301889402324122,0.89681845482285638,0.036000000000000025
2023-07-10,0,36,67.853998882848828,0,36.505451398972674,0.90184734335457351,0.036000000000000025
2023-07-11,0,36,67.853998882848828,0,36.980429391152612,0.91358141659524628,0.036000000000000025
2023-07-12,0,36,67.853998882848828,0,37.38755338444971,0.9236391936586803,0.036000000000000025
2023-07-13,0,36,67.853998882848828,0,38.744633362106676,0.95716511720345976,0.036000000000000025
2023-07-14,0,36,67.853998882848828,0,38.608925364340976,0.95381252484898171,0.036000000000000025
2023-07-17,0,36,67.853998882848828,0,38.066093373278193,0.94040215543106997,0.036000000000000025
2023-07-18,0,36,67.853998882848828,0,37.9303853755125,0.93704956307659215,0.036000000000000025
2023-07-19,0,36,67.853998882848828,0,38.133947372161046,0.94207845160830905,0.036000000000000025
2023-07-20,0,36,67.853998882848828,0,37.455407383332556,0.92531548983591927,0.036000000000000025
2023-07-21,0,36,67.853998882848828,0,37.591115381098255,0.9286680821903972,0.036000000000000025
2023-07-24,0,36,67.853998882848828,0,36.912575392269765,0.91190512041800731,0.036000000000000025
2023-07-25,0,36,67.853998882848828,0,38.812487360989529,0.95884141338069884,0.036000000000000025
2023-07-26,0,36,67.853998882848828,0,38.812487360989529,0.95884141338069884,0.036000000000000025
2023-07-27,0,36,67.853998882848828,0,39.491027349818012,0.97560437515308851,0.036000000000000025
2023-07-28,0,36,67.853998882848828,0,40.983815325240691,1.0124828910523462,0.036000000000000025
2023-07-31,0,36,67.853998882848828,0,42.069479307366272,1.0393036298881699,0.036000000000000025
2023-08-01,0,36,67.853998882848828,0,41.526647316303482,1.0258932604702582,0.036000000000000025
2023-08-02,0,36,67.853998882848828,0,40.440983334177901,0.99907252163443439,0.036000000000000025
2023-08-03,0,36,67.853998882848828,0,41.051669324123537,1.0141591872295852,0.036000000000000025
2023-08-04,0,36,67.853998882848828,0,41.255231320772083,1.0191880757613021,0.036000000000000025
2023-08-07,0,36,67.853998882848828,0,41.390939318537782,1.0225406681157803,0.036000000000000025
2023-08-08,0,36,67.853998882848828,0,40.5766913319436,1.0024251139889124,0.036000000000000025
2023-08-09,0,36,67.853998882848828,0,40.237421337529355,0.99404363310271748,0.036000000000000025
2023-08-10,0,36,67.853998882848828,0,40.373129335295047,0.99739622545719531,0.036000000000000025
2023-08-11,0,36,67.853998882848828,0,39.558881348700865,0.97728067133032759,0.036000000000000025
2023-08-14,0,36,67.853998882848828,0,38.948195358755221,0.96219400573517666,0.036000000000000025
2023-08-15,0,36,67.853998882848828,0,39.21961135428662,0.96889919044413264,0.036000000000000025
2023-08-16,0,36,67.853998882848828,0,38.608925364340976,0.95381252484898171,0.036000000000000025
2023-08-17,0,36,67.853998882848828,0,39.287465353169466,0.97057548662137161,0.036000000000000025
2023-08-18,0,36,67.853998882848828,0,37.726823378863955,0.93202067454487525,0.036000000000000025
2023-08-21,0,36,67.853998882848828,0,36.912575392269765,0.91190512041800731,0.036000000000000025
2023-08-22,0,36,67.853998882848828,0,37.591115381098255,0.9286680821903972,0.036000000000000025
2023-08-23,0,36,67.853998882848828,0,37.319699385566857,0.92196289748144122,0.036000000000000025
2023-08-24,0,36,67.853998882848828,0,38.676779363223829,0.95548882102622079,0.036000000000000025
2023-08-25,0,36,67.853998882848828,0,38.066093373278193,0.94040215543106997,0.036000000000000025
2023-08-28,0,36,67.853998882848828,0,38.744633362106676,0.95716511720345976,0.036000000000000025
2023-08-29,0,36,67.853998882848828,0,39.626735347583711,0.97895696750756656,0.036000000000000025
2023-08-30,0,36,67.853998882848828,0,39.355319352052319,0.97225178279861069,0.036000000000000025
2023-08-31,0,36,33.926999441424414,19.5224097265822,39.064361404842657,0.9650638247906097,0.055541951678260482
2023-09-01,0,36,33.926999441424414,19.5224097265822,39.200069402608364,0.96841641714508797,0.055541951678260482
2023-09-04,0,36,33.926999441424414,19.5224097265822,39.539339397022601,0.9767978980312827,0.055541951678260482
2023-09-05,0,36,33.926999441424414,19.5224097265822,39.233996402049783,0.96925456523370734,0.055541951678260482
2023-09-06,0,36,33.926999441424414,19.5224097265822,39.064361404842657,0.9650638247906097,0.055541951678260482
2023-09-07,0,36,33.926999441424414,19.5224097265822,38.725091410428419,0.95668234390441498,0.055541951678260482
2023-09-08,0,36,33.926999441424414,19.5224097265822,38.487602414338454,0.9508153072840787,0.055541951678260482
2023-09-11,0,36,33.926999441424414,19.5224097265822,38.521529413779874,0.95165345537269808,0.055541951678260482
2023-09-12,0,36,33.926999441424414,19.5224097265822,38.623310412104146,0.95416789963855653,0.055541951678260482
2023-09-13,0,36,33.926999441424414,19.5224097265822,38.45367541489702,0.949977159195459,0.055541951678260482
2023-09-14,0,36,33.926999441424414,19.5224097265822,38.521529413779874,0.95165345537269808,0.055541951678260482
2023-09-15,0,36,33.926999441424414,19.5224097265822,38.589383412662727,0.95332975154993715,0.055541951678260482
2023-09-18,0,36,33.926999441424414,19.5224097265822,38.317967417131328,0.94662456684098117,0.055541951678260482
2023-09-19,0,36,33.926999441424414,19.5224097265822,38.182259419365629,0.94327197448650313,0.055541951678260482
2023-09-20,0,36,33.926999441424414,19.5224097265822,37.944770423275656,0.93740493786616663,0.055541951678260482
2023-09-21,0,36,33.926999441424414,19.5224097265822,37.537646429978565,0.92734716080273283,0.055541951678260482
2023-09-22,0,36,33.926999441424414,19.5224097265822,38.114405420482782,0.94159567830926416,0.055541951678260482
2023-09-25,0,36,33.926999441424414,19.5224097265822,37.741208426627111,0.93237604933444973,0.055541951678260482
2023-09-26,0,36,33.926999441424414,19.5224097265822,37.469792431095712,0.92567086462549364,0.055541951678260482
2023-09-27,0,36,33.926999441424414,19.5224097265822,37.537646429978565,0.92734716080273283,0.055541951678260482
2023-09-28,0,36,33.926999441424414,19.5224097265822,37.266230434447166,0.92064197609377674,0.055541951678260482
2023-10-09,0,36,33.926999441424414,19.5224097265822,37.401938432212866,0.92399456844825478,0.055541951678260482
2023-10-10,0,36,33.926999441424414,19.5224097265822,37.639427428302838,0.92986160506859128,0.055541951678260482
2023-10-11,0,36,33.926999441424414,19.5224097265822,37.978697422717083,0.93824308595478623,0.055541951678260482
2023-10-12,0,36,33.926999441424414,19.5224097265822,38.317967417131328,0.94662456684098117,0.055541951678260482
2023-10-13,0,36,33.926999441424414,19.5224097265822,37.775135426068537,0.93321419742306921,0.055541951678260482
2023-10-16,0,36,33.926999441424414,19.5224097265822,37.368011432771439,0.92315642035963519,0.055541951678260482
2023-10-17,0,36,33.926999441424414,19.5224097265822,37.503719430537146,0.92650901271411346,0.055541951678260482
2023-10-18,0,36,33.926999441424414,19.5224097265822,37.232303435005747,0.91980382800515736,0.055541951678260482
2023-10-19,0,36,33.926999441424414,19.5224097265822,36.825179441708656,0.90974605094172356,0.055541951678260482
2023-10-20,0,36,33.926999441424414,19.5224097265822,36.791252442267222,0.90890790285310386,0.055541951678260482
2023-10-23,0,36,33.926999441424414,19.5224097265822,36.485909447294404,0.90136457005552839,0.055541951678260482
2023-10-24,0,36,33.926999441424414,19.5224097265822,36.587690445618676,0.90387901432138684,0.055541951678260482
2023-10-25,0,36,33.926999441424414,19.5224097265822,36.893033440591502,0.91142234711896242,0.055541951678260482
2023-10-26,0,36,33.926999441424414,19.5224097265822,36.893033440591502,0.91142234711896242,0.055541951678260482
2023-10-27,0,36,33.926999441424414,19.5224097265822,37.33408443333002,0.92231827227101582,0.055541951678260482
2023-10-30,0,36,33.926999441424414,19.5224097265822,37.469792431095712,0.92567086462549364,0.055541951678260482
2023-10-31,0,36,33.926999441424414,19.5224097265822,37.19837643556432,0.91896567991653788,0.055541951678260482
2023-11-01,0,36,33.926999441424414,19.5224097265822,37.096595437240047,0.91645123565067943,0.055541951678260482
2023-11-02,0,36,33.926999441424414,19.5224097265822,37.300157433888593,0.92148012418239633,0.055541951678260482
2023-11-03,0,36,33.926999441424414,19.5224097265822,37.87691642439281,0.93572864168892778,0.055541951678260482
2023-11-06,0,36,33.926999441424414,19.5224097265822,38.521529413779874,0.95165345537269808,0.055541951678260482
2023-11-07,0,36,33.926999441424414,19.5224097265822,38.351894416572748,0.94746271492960055,0.055541951678260482
2023-11-08,0,36,33.926999441424414,19.5224097265822,38.216186418807055,0.94411012257512261,0.055541951678260482
2023-11-09,0,36,33.926999441424414,19.5224097265822,38.250113418248475,0.94494827066374198,0.055541951678260482
2023-11-10,0,36,33.926999441424414,19.5224097265822,37.741208426627111,0.93237604933444973,0.055541951678260482
2023-11-13,0,36,33.926999441424414,19.5224097265822,37.910843423834237,0.93656678977754726,0.055541951678260482
2023-11-14,0,36,33.926999441424414,19.5224097265822,38.046551421599929,0.93991938213202508,0.055541951678260482
2023-11-15,0,36,33.926999441424414,19.5224097265822,38.521529413779874,0.95165345537269808,0.055541951678260482
2023-11-16,0,36,33.926999441424414,19.5224097265822,38.385821416014181,0.94830086301822025,0.055541951678260482
2023-11-17,0,36,33.926999441424414,19.5224097265822,38.046551421599929,0.93991938213202508,0.055541951678260482
2023-11-20,0,36,33.926999441424414,19.5224097265822,38.216186418807055,0.94411012257512261,0.055541951678260482
2023-11-21,0,36,33.926999441424414,19.5224097265822,38.080478421041356,0.94075753022064468,0.055541951678260482
2023-11-22,0,36,33.926999441424414,19.5224097265822,37.910843423834237,0.93656678977754726,0.055541951678260482
2023-11-23,0,36,33.926999441424414,19.5224097265822,38.250113418248475,0.94494827066374198,0.055541951678260482
2023-11-24,0,36,33.926999441424414,19.5224097265822,38.01262442215851,0.93908123404340571,0.055541951678260482
2023-11-27,0,36,33.926999441424414,19.5224097265822,38.046551421599929,0.93991938213202508,0.055541951678260482
2023-11-28,0,36,33.926999441424414,19.5224097265822,37.910843423834237,0.93656678977754726,0.055541951678260482
2023-11-29,0,36,33.926999441424414,19.5224097265822,37.401938432212866,0.92399456844825478,0.055541951678260482
2023-11-30,0,36,33.926999441424414,19.5224097265822,37.401938432212866,0.92399456844825478,0.055541951678260482
2023-12-01,0,36,33.926999441424414,19.5224097265822,37.19837643556432,0.91896567991653788,0.055541951678260482
2023-12-04,0,36,33.926999441424414,19.5224097265822,36.791252442267222,0.90890790285310386,0.055541951678260482
2023-12-05,0,36,33.926999441424414,19.5224097265822,36.316274450087285,0.89717382961243108,0.055541951678260482
2023-12-06,0,36,33.926999441424414,19.5224097265822,36.723398443384383,0.90723160667586511,0.055541951678260482
2023-12-07,0,36,33.926999441424414,19.5224097265822,36.553763446177257,0.90304086623276747,0.055541951678260482
2023-12-08,0,36,33.926999441424414,19.5224097265822,36.553763446177257,0.90304086623276747,0.055541951678260482
2023-12-11,0,36,33.926999441424414,19.5224097265822,36.485909447294404,0.90136457005552839,0.055541951678260482
2023-12-12,0,36,33.926999441424414,19.5224097265822,36.757325442825802,0.90806975476448448,0.055541951678260482
2023-12-13,0,36,33.926999441424414,19.5224097265822,36.418055448411558,0.89968827387828954,0.055541951678260482
2023-12-14,0,36,33.926999441424414,19.5224097265822,36.485909447294404,0.90136457005552839,0.055541951678260482
2023-12-15,0,36,33.926999441424414,19.5224097265822,36.757325442825802,0.90806975476448448,0.055541951678260482
2023-12-18,0,36,33.926999441424414,19.5224097265822,36.587690445618676,0.90387901432138684,0.055541951678260482
2023-12-19,0,36,33.926999441424414,19.5224097265822,36.553763446177257,0.90304086623276747,0.055541951678260482
2023-12-20,0,36,33.926999441424414,19.5224097265822,36.587690445618676,0.90387901432138684,0.055541951678260482
2023-12-21,0,36,33.926999441424414,19.5224097265822,36.553763446177257,0.90304086623276747,0.055541951678260482
2023-12-22,0,36,33.926999441424414,19.5224097265822,35.705588460141641,0.88208716401728005,0.055541951678260482
2023-12-25,0,36,33.926999441424414,19.5224097265822,35.841296457907347,0.8854397563717582,0.055541951678260482
2023-12-26,0,36,33.926999441424414,19.5224097265822,35.773442459024494,0.88376346019451912,0.055541951678260482
2023-12-27,0,36,33.926999441424414,19.5224097265822,36.044858454555893,0.89046864490347521,0.055541951678260482
2023-12-28,0,36,33.926999441424414,19.5224097265822,36.553763446177257,0.90304086623276747,0.055541951678260482
2023-12-29,0,36,33.926999441424414,19.5224097265822,36.451982447852984,0.90052642196690902,0.055541951678260482
2024-01-02,0,36,33.926999441424414,19.5224097265822,36.350201449528711,0.89801197770105057,0.055541951678260482
2024-01-03,0,36,33.926999441424414,19.5224097265822,36.112712453438739,0.89214494108071407,0.055541951678260482
2024-01-04,0,36,33.926999441424414,19.5224097265822,36.146639452880166,0.89298308916933367,0.055541951678260482
2024-01-05,0,36,33.926999441424414,19.5224097265822,35.875223457348767,0.88627790446037757,0.055541951678260482
2024-01-08,1,37,36.057063407309272,19.5224097265822,36.433172464610251,0.87535795290892804,0.056541951678260483
2024-01-09,0,37,36.057063407309272,19.5224097265822,36.32500127438832,0.87275898868948298,0.056541951678260483
2024-01-10,0,37,36.057063407309272,19.5224097265822,36.108658893944465,0.8675610602505931,0.056541951678260483
2024-01-11,0,37,36.057063407309272,19.5224097265822,36.613457781646794,0.87968955994133613,0.056541951678260483
2024-01-12,0,37,36.057063407309272,19.5224097265822,36.361058337795626,0.87362531009596456,0.056541951678260483
2024-01-15,1,38,38.243059030941659,19.5224097265822,36.999487703722536,0.86493871898533847,0.057541951678260483
2024-01-16,0,38,38.243059030941659,19.5224097265822,36.731786290505951,0.85868065078525302,0.057541951678260483
2024-01-17,0,38,38.243059030941659,19.5224097265822,35.737466755701462,0.83543639747064935,0.057541951678260483
2024-01-18,0,38,38.243059030941659,19.5224097265822,36.005168168918054,0.84169446567073491,0.057541951678260483
2024-01-19,0,38,38.243059030941659,19.5224097265822,35.584494519577696,0.83186035849917184,0.057541951678260483
2024-01-22,1,39,40.691588442706362,19.5224097265822,36.124577811206393,0.82110951164403434,0.058541951678260484
2024-01-23,0,39,40.691588442706362,19.5224097265822,36.775643226289702,0.83590818992399307,0.058541951678260484
2024-01-24,0,39,40.691588442706362,19.5224097265822,37.141867522274055,0.84423244645646955,0.058541951678260484
2024-01-25,0,39,40.691588442706362,19.5224097265822,37.589474995143824,0.85440653777394104,0.058541951678260484
2024-01-26,0,39,40.691588442706362,19.5224097265822,37.019792756945932,0.84145769427897732,0.058541951678260484
2024-01-29,1,40,43.025700592239069,19.5224097265822,37.937409580060518,0.83958572868067771,0.059541951678260485
2024-01-30,0,40,43.025700592239069,19.5224097265822,37.421101172953655,0.82815940371534291,0.059541951678260485
2024-01-31,0,40,43.025700592239069,19.5224097265822,36.818741364662309,0.81482869125578561,0.059541951678260485
2024-02-01,0,40,43.025700592239069,19.5224097265822,37.205972669992455,0.82339843497978671,0.059541951678260485
2024-02-02,0,40,43.025700592239069,19.5224097265822,37.162946969400217,0.8224462412326754,0.059541951678260485
2024-02-05,1,41,45.468243379525134,19.5224097265822,38.118921268807981,0.82147249722994609,0.060541951678260486
2024-02-06,0,41,45.468243379525134,19.5224097265822,39.346563840055154,0.84792850844801337,0.060541951678260486
2024-02-07,0,41,45.468243379525134,19.5224097265822,39.073754379778009,0.84204939484399854,0.060541951678260486
2024-02-08,0,41,45.468243379525134,19.5224097265822,38.982817893018961,0.8400896903093269,0.060541951678260486
2024-02-19,1,42,47.738697924979682,19.5224097265822,40.52743681357326,0.85182689899346364,0.061541951678260487
2024-02-20,0,42,47.738697924979682,19.5224097265822,40.431959417723306,0.84982010506753747,0.061541951678260487
2024-02-21,0,42,47.738697924979682,19.5224097265822,41.195778584522976,0.86587445647494798,0.061541951678260487
2024-02-22,0,42,47.738697924979682,19.5224097265822,41.338994678297915,0.86888464736383753,0.061541951678260487
2024-02-23,0,42,47.738697924979682,19.5224097265822,41.482210772072854,0.87189483825272707,0.061541951678260487
2024-02-26,1,43,49.924693548612069,19.5224097265822,42.337994678297918,0.86886412527411949,0.062541951678260488
2024-02-27,0,43,49.924693548612069,19.5224097265822,42.787316920235426,0.87808515663551634,0.062541951678260488
2024-02-28,0,43,49.924693548612069,19.5224097265822,42.537693452492363,0.87296236143474026,0.062541951678260488
2024-02-29,0,43,49.924693548612069,19.5224097265822,42.687467533138204,0.87603603855520595,0.062541951678260488
2024-03-01,0,43,49.924693548612069,19.5224097265822,42.93709100088126,0.88115883375598192,0.062541951678260488
2024-03-04,0,43,49.924693548612069,19.5224097265822,42.737392226686815,0.87706059759536115,0.062541951678260488
2024-03-05,0,43,49.924693548612069,19.5224097265822,41.988521823457631,0.86169221199303292,0.062541951678260488
2024-03-06,0,43,49.924693548612069,19.5224097265822,42.387919371846529,0.86988868431427468,0.062541951678260488
2024-03-07,0,43,49.924693548612069,19.5224097265822,41.93859712990902,0.86066765295287773,0.062541951678260488
2024-03-08,0,43,49.924693548612069,19.5224097265822,42.387919371846529,0.86988868431427468,0.062541951678260488
2024-03-11,0,43,49.924693548612069,19.5224097265822,42.837241613784037,0.87910971567567153,0.062541951678260488
2024-03-12,0,43,49.924693548612069,19.5224097265822,43.885660178304889,0.90062545551893092,0.062541951678260488
2024-03-13,0,43,49.924693548612069,19.5224097265822,44.03543425895073,0.90369913263939661,0.062541951678260488
2024-03-14,0,43,49.924693548612069,19.5224097265822,43.636036710561825,0.89550266031815473,0.062541951678260488
2024-03-15,0,43,49.924693548612069,19.5224097265822,43.336488549270157,0.88935530607722357,0.062541951678260488
2024-03-18,0,43,49.924693548612069,19.5224097265822,43.735886097659055,0.89755177839846534,0.062541951678260488
2024-03-19,0,43,49.924693548612069,19.5224097265822,43.236639162172935,0.88730618799691319,0.062541951678260488
2024-03-20,0,43,49.924693548612069,19.5224097265822,43.43633793636738,0.89140442415753396,0.062541951678260488
2024-03-21,0,43,49.924693548612069,19.5224097265822,43.685961404110444,0.89652721935831015,0.062541951678260488
2024-03-22,0,43,49.924693548612069,19.5224097265822,42.93709100088126,0.88115883375598192,0.062541951678260488
2024-03-25,0,43,49.924693548612069,19.5224097265822,42.637542839589585,0.87501147951505065,0.062541951678260488
2024-03-26,0,43,49.924693548612069,19.5224097265822,42.987015694429871,0.88218339279613711,0.062541951678260488
2024-03-27,0,43,49.924693548612069,19.5224097265822,42.537693452492363,0.87296236143474026,0.062541951678260488
2024-03-28,0,43,49.924693548612069,19.5224097265822,42.987015694429871,0.88218339279613711,0.062541951678260488
2024-03-29,0,43,49.924693548612069,19.5224097265822,43.186714468624317,0.88628162895675788,0.062541951678260488
2024-04-01,0,43,49.924693548612069,19.5224097265822,43.636036710561825,0.89550266031815473,0.062541951678260488
2024-04-02,0,43,49.924693548612069,19.5224097265822,43.386413242818769,0.89037986511737877,0.062541951678260488
2024-04-03,0,43,49.924693548612069,19.5224097265822,42.93709100088126,0.88115883375598192,0.062541951678260488
2024-04-08,0,43,49.924693548612069,19.5224097265822,42.787316920235426,0.87808515663551634,0.062541951678260488
2024-04-09,0,43,49.924693548612069,19.5224097265822,43.036940387978483,0.8832079518362923,0.062541951678260488
2024-04-10,0,43,49.924693548612069,19.5224097265822,43.43633793636738,0.89140442415753396,0.062541951678260488
2024-04-11,0,43,49.924693548612069,19.5224097265822,43.43633793636738,0.89140442415753396,0.062541951678260488
2024-04-12,0,43,49.924693548612069,19.5224097265822,43.036940387978483,0.8832079518362923,0.062541951678260488
2024-04-15,1,44,52.068470372646402,19.5224097265822,43.786316920235421,0.87806510322237297,0.063541951678260489
2024-04-16,0,44,52.068470372646402,19.5224097265822,43.109426805391024,0.86449114609682232,0.063541951678260489
2024-04-17,0,44,52.068470372646402,19.5224097265822,43.057358335018378,0.86344699554870308,0.063541951678260489
2024-04-18,0,44,52.068470372646402,19.5224097265822,43.16149527576367,0.86553529664494155,0.063541951678260489
2024-04-19,0,44,52.068470372646402,19.5224097265822,42.692879042409849,0.85613794171186797,0.063541951678260489
2024-04-22,1,45,54.273768385891437,19.5224097265822,44.108426805391019,0.86447154731241926,0.06454195167826049
2024-04-23,0,45,54.273768385891437,19.5224097265822,44.813985794407614,0.87829964582172304,0.06454195167826049
2024-04-24,0,45,54.273768385891437,19.5224097265822,45.736639856967763,0.89638254387235083,0.06454195167826049
2024-04-25,0,45,54.273768385891437,19.5224097265822,45.628092320195975,0.8942551441016886,0.06454195167826049
2024-04-26,0,45,54.273768385891437,19.5224097265822,46.767841456299706,0.91659284169364086,0.06454195167826049
2024-04-29,0,45,54.273768385891437,19.5224097265822,46.822115224685589,0.91765654157897181,0.06454195167826049
2024-04-30,0,45,54.273768385891437,19.5224097265822,46.659293919527919,0.91446544192297863,0.06454195167826049
2024-05-06,0,45,54.273768385891437,19.5224097265822,48.884518423349469,0.95807713722155174,0.06454195167826049
2024-05-07,0,45,54.273768385891437,19.5224097265822,48.341780739490559,0.94744013836824137,0.06454195167826049
2024-05-08,0,45,54.273768385891437,19.5224097265822,47.907590592403423,0.93893053928559289,0.06454195167826049
2024-05-09,0,45,54.273768385891437,19.5224097265822,48.396054507876443,0.94850383825357221,0.06454195167826049
2024-05-10,0,45,54.273768385891437,19.5224097265822,48.45032827626234,0.94956753813890338,0.06454195167826049
2024-05-13,0,45,54.273768385891437,19.5224097265822,48.993065960121257,0.96020453699221398,0.06454195167826049
2024-05-14,0,45,54.273768385891437,19.5224097265822,49.318708570436598,0.96658673630420011,0.06454195167826049
2024-05-15,0,45,54.273768385891437,19.5224097265822,49.210161033664818,0.9644593365335381,0.06454195167826049
2024-05-16,0,45,54.273768385891437,19.5224097265822,49.372982338822496,0.96765043618953128,0.06454195167826049
2024-05-17,0,45,54.273768385891437,19.5224097265822,49.698624949137837,0.97403263550151742,0.06454195167826049
2024-05-20,0,45,54.273768385891437,19.5224097265822,49.915720022681413,0.97828743504284188,0.06454195167826049
2024-05-21,0,45,54.273768385891437,19.5224097265822,48.830244654963579,0.95701343733622068,0.06454195167826049
2024-05-22,0,45,54.273768385891437,19.5224097265822,48.938792191735359,0.9591408371068828,0.06454195167826049
2024-05-23,0,45,54.273768385891437,19.5224097265822,48.341780739490559,0.94744013836824137,0.06454195167826049
2024-05-24,0,45,54.273768385891437,19.5224097265822,47.419126676930404,0.92935724031761346,0.06454195167826049
2024-05-27,0,45,54.273768385891437,19.5224097265822,48.016138129175204,0.9410579390562549,0.06454195167826049
2024-05-28,0,45,54.273768385891437,19.5224097265822,47.853316824017533,0.93786683940026183,0.06454195167826049
2024-05-29,0,45,54.273768385891437,19.5224097265822,47.419126676930404,0.92935724031761346,0.06454195167826049
2024-05-30,0,45,54.273768385891437,19.5224097265822,47.147757835000945,0.92403874089095817,0.06454195167826049
2024-05-31,0,45,54.273768385891437,19.5224097265822,47.039210298229158,0.92191134112029605,0.06454195167826049
2024-06-03,0,45,54.273768385891437,19.5224097265822,47.527674213702184,0.93148464008827547,0.06454195167826049
2024-06-04,0,45,54.273768385891437,19.5224097265822,47.636221750473965,0.93361203985893759,0.06454195167826049
2024-06-05,0,45,54.273768385891437,19.5224097265822,47.527674213702184,0.93148464008827547,0.06454195167826049
2024-06-06,0,45,54.273768385891437,19.5224097265822,47.744769287245745,0.9357394396295996,0.06454195167826049
2024-06-07,0,45,54.273768385891437,19.5224097265822,47.364852908544506,0.92829354043228229,0.06454195167826049
2024-06-11,0,45,54.273768385891437,19.5224097265822,47.310579140158616,0.92722984054695123,0.06454195167826049
2024-06-12,0,45,54.273768385891437,19.5224097265822,46.984936529843267,0.92084764123496499,0.06454195167826049
2024-06-13,0,45,54.273768385891437,19.5224097265822,47.093484066615048,0.92297504100562699,0.06454195167826049
2024-06-14,0,45,54.273768385891437,19.5224097265822,47.093484066615048,0.92297504100562699,0.06454195167826049
2024-06-17,0,45,54.273768385891437,19.5224097265822,46.984936529843267,0.92084764123496499,0.06454195167826049
2024-06-18,0,45,54.273768385891437,19.5224097265822,46.984936529843267,0.92084764123496499,0.06454195167826049
2024-06-19,0,45,54.273768385891437,19.5224097265822,47.799043055631643,0.93680313951493077,0.06454195167826049
2024-06-20,0,45,54.273768385891437,19.5224097265822,47.473400445316287,0.93042094020294441,0.06454195167826049
2024-06-21,0,45,54.273768385891437,19.5224097265822,47.093484066615048,0.92297504100562699,0.06454195167826049
2024-06-24,0,45,54.273768385891437,19.5224097265822,46.44219884598435,0.91021064238165439,0.06454195167826049
2024-06-25,0,45,54.273768385891437,19.5224097265822,46.496472614370248,0.91127434226698556,0.06454195167826049
2024-06-26,0,45,54.273768385891437,19.5224097265822,46.984936529843267,0.92084764123496499,0.06454195167826049
2024-06-27,0,45,54.273768385891437,19.5224097265822,46.27937754082668,0.90701954272566132,0.06454195167826049
2024-06-28,0,45,54.273768385891437,19.5224097265822,46.062282467283111,0.90276474318433708,0.06454195167826049
2024-07-01,0,45,54.273768385891437,19.5224097265822,46.008008698897221,0.90170104329900602,0.06454195167826049
2024-07-02,0,45,54.273768385891437,19.5224097265822,45.84518739373955,0.89850994364301295,0.06454195167826049
2024-07-03,0,45,54.273768385891437,19.5224097265822,46.44219884598435,0.91021064238165439,0.06454195167826049
2024-07-04,0,45,54.273768385891437,19.5224097265822,46.659293919527919,0.91446544192297863,0.06454195167826049
2024-07-05,0,45,54.273768385891437,19.5224097265822,46.38792507759846,0.90914694249632344,0.06454195167826049
2024-07-08,0,45,54.273768385891437,19.5224097265822,45.953734930511331,0.90063734341367507,0.06454195167826049
2024-07-09,0,45,54.273768385891437,19.5224097265822,46.38792507759846,0.90914694249632344,0.06454195167826049
2024-07-10,0,45,54.273768385891437,19.5224097265822,46.38792507759846,0.90914694249632344,0.06454195167826049
2024-07-11,0,45,54.273768385891437,19.5224097265822,46.984936529843267,0.92084764123496499,0.06454195167826049
2024-07-12,0,45,54.273768385891437,19.5224097265822,47.527674213702184,0.93148464008827547,0.06454195167826049
2024-07-15,0,45,54.273768385891437,19.5224097265822,46.876388993071487,0.91872024146430298,0.06454195167826049
2024-07-16,0,45,54.273768385891437,19.5224097265822,46.659293919527919,0.91446544192297863,0.06454195167826049
2024-07-17,0,45,54.273768385891437,19.5224097265822,46.767841456299706,0.91659284169364086,0.06454195167826049
2024-07-18,0,45,54.273768385891437,19.5224097265822,46.605020151142028,0.91340174203764768,0.06454195167826049
2024-07-19,0,45,54.273768385891437,19.5224097265822,46.170830004054892,0.9048921429549992,0.06454195167826049
2024-07-22,0,45,54.273768385891437,19.5224097265822,46.550746382756131,0.91233804215231651,0.06454195167826049
2024-07-23,0,45,54.273768385891437,19.5224097265822,46.062282467283111,0.90276474318433708,0.06454195167826049
2024-07-24,0,45,54.273768385891437,19.5224097265822,45.519544783424195,0.8921277443310266,0.06454195167826049
2024-07-25,0,45,54.273768385891437,19.5224097265822,45.085354636337065,0.88361814524837823,0.06454195167826049
2024-07-26,0,45,54.273768385891437,19.5224097265822,45.302449709880634,0.88787294478970247,0.06454195167826049
2024-07-29,0,45,54.273768385891437,19.5224097265822,45.465271015038304,0.89106404444569554,0.06454195167826049
2024-07-30,0,45,54.273768385891437,19.5224097265822,45.031080867951175,0.88255444536304717,0.06454195167826049
2024-07-31,0,45,54.273768385891437,19.5224097265822,45.790913625353653,0.89744624375768178,0.06454195167826049
2024-08-01,0,45,54.273768385891437,19.5224097265822,45.465271015038304,0.89106404444569554,0.06454195167826049
2024-08-02,0,45,54.273768385891437,19.5224097265822,44.705438257635826,0.87617224605106092,0.06454195167826049
2024-08-05,1,46,56.483945377041877,19.5224097265822,45.053153037005131,0.86338868364774213,0.065541951678260491
2024-08-06,0,46,56.483945377041877,19.5224097265822,45.448540654644418,0.87096580470836604,0.065541951678260491
2024-08-07,0,46,56.483945377041877,19.5224097265822,45.617992490775549,0.8742131423057764,0.065541951678260491
2024-08-08,0,46,56.483945377041877,19.5224097265822,45.617992490775549,0.8742131423057764,0.065541951678260491
2024-08-09,0,46,56.483945377041877,19.5224097265822,45.956896163037797,0.8807078175005969,0.065541951678260491
2024-08-12,1,47,58.618560761657264,19.5224097265822,46.955896163037806,0.88068906183551976,0.066541951678260491
2024-08-13,0,47,58.618560761657264,19.5224097265822,46.955896163037806,0.88068906183551976,0.066541951678260491
2024-08-14,0,47,58.618560761657264,19.5224097265822,46.545566237706197,0.87299305118483184,0.066541951678260491
2024-08-15,0,47,58.618560761657264,19.5224097265822,46.486947676944538,0.8718936210918764,0.066541951678260491
2024-08-16,0,47,58.618560761657264,19.5224097265822,47.073133284561109,0.88288792202143029,0.066541951678260491
2024-08-19,1,48,60.712900384298777,19.5224097265822,48.482463209892714,0.89056556385368579,0.067541951678260492
2024-08-20,0,48,60.712900384298777,19.5224097265822,48.239611608355517,0.88610466687905332,0.067541951678260492
2024-08-21,0,48,60.712900384298777,19.5224097265822,47.753908405281138,0.87718287292978847,0.067541951678260492
2024-08-22,0,48,60.712900384298777,19.5224097265822,48.178898707971221,0.88498944263539525,0.067541951678260492
2024-08-23,0,48,60.712900384298777,19.5224097265822,47.936047106434032,0.88052854566076277,0.067541951678260492
2024-08-26,1,49,62.829425808027594,19.5224097265822,49.177898707971224,0.88497144732712518,0.068541951678260493
2024-08-27,0,49,62.829425808027594,19.5224097265822,49.177898707971224,0.88497144732712518,0.068541951678260493
2024-08-28,0,49,62.829425808027594,19.5224097265822,48.92658100473912,0.88044890778372265,0.068541951678260493
2024-08-29,0,49,62.829425808027594,19.5224097265822,48.800922153123061,0.87818763801202127,0.068541951678260493
2024-08-30,0,49,62.829425808027594,19.5224097265822,49.743363540243472,0.89514716129978111,0.068541951678260493
2024-09-02,1,50,64.954957722921208,19.5224097265822,50.051239856355167,0.88269254177768264,0.069541951678260494
2024-09-03,0,50,64.954957722921208,19.5224097265822,50.18114977180101,0.88498360417286226,0.069541951678260494
2024-09-04,0,50,64.954957722921208,19.5224097265822,49.986284898632249,0.88154701058009277,0.069541951678260494
2024-09-05,0,50,64.954957722921208,19.5224097265822,49.921329940909331,0.88040147938250302,0.069541951678260494
2024-09-06,0,50,64.954957722921208,19.5224097265822,49.791420025463481,0.87811041698732317,0.069541951678260494
2024-09-09,1,51,67.112625109530285,19.5224097265822,50.595555152294722,0.87465653617369921,0.070541951678260495
2024-09-10,0,51,67.112625109530285,19.5224097265822,50.864005652732843,0.87929729926327382,0.070541951678260495
2024-09-11,0,51,67.112625109530285,19.5224097265822,50.729780402513782,0.87697691771848651,0.070541951678260495
2024-09-12,0,51,67.112625109530285,19.5224097265822,51.065343528061433,0.88277787158045473,0.070541951678260495
2024-09-13,0,51,67.112625109530285,19.5224097265822,51.065343528061433,0.88277787158045473,0.070541951678260495
2024-09-18,1,52,69.211364605328598,19.5224097265822,52.46701927871861,0.8897220584750648,0.071541951678260496
2024-09-19,0,52,69.211364605328598,19.5224097265822,53.435978383193216,0.90615341479876932,0.071541951678260496
2024-09-20,0,52,69.211364605328598,19.5224097265822,53.712823841614522,0.91084808803411332,0.071541951678260496
2024-09-23,0,52,69.211364605328598,19.5224097265822,53.782035206219859,0.91202175634294957,0.071541951678260496
2024-09-24,0,52,69.211364605328598,19.5224097265822,55.512319321353075,0.94136346406385041,0.071541951678260496
2024-09-25,0,52,69.211364605328598,19.5224097265822,55.719953415169059,0.94488446899035838,0.071541951678260496
2024-09-26,0,52,69.211364605328598,19.5224097265822,58.003928447144901,0.98361552318194745,0.071541951678260496
2024-09-27,0,52,69.211364605328598,19.5224097265822,60.08026938530476,1.0188255724470285,0.071541951678260496
2024-09-30,0,52,69.211364605328598,19.5224097265822,64.025317167808495,1.0857246660506825,0.071541951678260496
2024-10-08,0,52,69.211364605328598,19.5224097265822,65.063487636888425,1.1033296906832231,0.071541951678260496
2024-10-09,0,52,69.211364605328598,19.5224097265822,62.433455781885925,1.0587302949474535,0.071541951678260496
2024-10-10,0,52,69.211364605328598,19.5224097265822,63.610048980176515,1.0786826561976661,0.071541951678260496
2024-10-11,0,52,69.211364605328598,19.5224097265822,62.156610323464619,1.0540356217121094,0.071541951678260496
2024-10-14,0,52,69.211364605328598,19.5224097265822,62.987146698728566,1.068119641418142,0.071541951678260496
2024-10-15,0,52,69.211364605328598,19.5224097265822,61.11843985438469,1.0364305970795691,0.071541951678260496
2024-10-16,0,52,69.211364605328598,19.5224097265822,60.910805760568707,1.0329095921530609,0.071541951678260496
2024-10-17,0,52,69.211364605328598,19.5224097265822,60.564748937542063,1.0270412506088809,0.071541951678260496
2024-10-18,0,52,69.211364605328598,19.5224097265822,62.295033052675279,1.0563829583297817,0.071541951678260496
2024-10-21,0,52,69.211364605328598,19.5224097265822,61.672130771227316,1.0458199435502573,0.071541951678260496
2024-10-22,0,52,69.211364605328598,19.5224097265822,61.948976229648636,1.0505146167856014,0.071541951678260496
2024-10-23,0,52,69.211364605328598,19.5224097265822,62.710301240307246,1.0634249681827976,0.071541951678260496
2024-10-24,0,52,69.211364605328598,19.5224097265822,61.602919406621993,1.0446462752414212,0.071541951678260496
2024-10-25,0,52,69.211364605328598,19.5224097265822,61.948976229648636,1.0505146167856014,0.071541951678260496
2024-10-28,0,52,69.211364605328598,19.5224097265822,62.571878511096585,1.0610776315651256,0.071541951678260496
2024-10-29,0,52,69.211364605328598,19.5224097265822,62.848723969517906,1.0657723048004699,0.071541951678260496
2024-10-30,0,52,69.211364605328598,19.5224097265822,61.948976229648636,1.0505146167856014,0.071541951678260496
2024-10-31,0,52,69.211364605328598,19.5224097265822,61.948976229648636,1.0505146167856014,0.071541951678260496
2024-11-01,0,52,69.211364605328598,19.5224097265822,61.464496677411333,1.0422989386237491,0.071541951678260496
2024-11-04,0,52,69.211364605328598,19.5224097265822,61.879764865043299,1.0493409484767653,0.071541951678260496
2024-11-05,0,52,69.211364605328598,19.5224097265822,62.987146698728566,1.068119641418142,0.071541951678260496
2024-11-06,0,52,69.211364605328598,19.5224097265822,62.641089875701923,1.0622512998739617,0.071541951678260496
2024-11-07,0,52,69.211364605328598,19.5224097265822,63.540837615571192,1.0775089878888302,0.071541951678260496
2024-11-08,0,52,69.211364605328598,19.5224097265822,63.748471709387175,1.0810299928153382,0.071541951678260496
2024-11-11,0,52,69.211364605328598,19.5224097265822,63.540837615571192,1.0775089878888302,0.071541951678260496
2024-11-12,0,52,69.211364605328598,19.5224097265822,62.087398958859282,1.0528619534032733,0.071541951678260496
2024-11-13,0,52,69.211364605328598,19.5224097265822,61.672130771227316,1.0458199435502573,0.071541951678260496
2024-11-14,0,52,69.211364605328598,19.5224097265822,60.633960302147386,1.0282149189177168,0.071541951678260496
2024-11-15,0,52,69.211364605328598,19.5224097265822,60.703171666752709,1.0293885872265527,0.071541951678260496
2024-11-18,0,52,69.211364605328598,19.5224097265822,60.772383031358046,1.0305622555353888,0.071541951678260496
2024-11-19,0,52,69.211364605328598,19.5224097265822,61.326073948200673,1.0399516020060771,0.071541951678260496
2024-11-20,0,52,69.211364605328598,19.5224097265822,61.395285312805996,1.041125270314913,0.071541951678260496
2024-11-21,0,52,69.211364605328598,19.5224097265822,61.049228489779352,1.0352569287707327,0.071541951678260496
2024-11-22,0,52,69.211364605328598,19.5224097265822,59.872635291488777,1.0153045675205203,0.071541951678260496
2024-11-25,0,52,69.211364605328598,19.5224097265822,59.734212562278117,1.0129572309028483,0.071541951678260496
2024-11-26,0,52,69.211364605328598,19.5224097265822,59.734212562278117,1.0129572309028483,0.071541951678260496
2024-11-27,0,52,69.211364605328598,19.5224097265822,60.703171666752709,1.0293885872265527,0.071541951678260496
2024-11-28,0,52,69.211364605328598,19.5224097265822,60.426326208331403,1.0246939139912086,0.071541951678260496
2024-11-29,0,52,69.211364605328598,19.5224097265822,60.633960302147386,1.0282149189177168,0.071541951678260496
2024-12-02,0,52,69.211364605328598,19.5224097265822,61.25686258359535,1.0387779336972411,0.071541951678260496
2024-12-03,0,52,69.211364605328598,19.5224097265822,61.395285312805996,1.041125270314913,0.071541951678260496
2024-12-04,0,52,69.211364605328598,19.5224097265822,61.464496677411333,1.0422989386237491,0.071541951678260496
2024-12-05,0,52,69.211364605328598,19.5224097265822,61.049228489779352,1.0352569287707327,0.071541951678260496
2024-12-06,0,52,69.211364605328598,19.5224097265822,61.879764865043299,1.0493409484767653,0.071541951678260496
2024-12-09,0,52,69.211364605328598,19.5224097265822,61.879764865043299,1.0493409484767653,0.071541951678260496
2024-12-10,0,52,69.211364605328598,19.5224097265822,63.263992157149872,1.0728143146534859,0.071541951678260496
2024-12-11,0,52,69.211364605328598,19.5224097265822,62.641089875701923,1.0622512998739617,0.071541951678260496
2024-12-12,0,52,69.211364605328598,19.5224097265822,63.610048980176515,1.0786826561976661,0.071541951678260496
2024-12-13,0,52,69.211364605328598,19.5224097265822,62.295033052675279,1.0563829583297817,0.071541951678260496
2024-12-16,0,52,69.211364605328598,19.5224097265822,61.533708042016656,1.043472606932585,0.071541951678260496
2024-12-17,0,52,69.211364605328598,19.5224097265822,61.602919406621993,1.0446462752414212,0.071541951678260496
2024-12-18,0,52,69.211364605328598,19.5224097265822,62.156610323464619,1.0540356217121094,0.071541951678260496
2024-12-19,0,52,69.211364605328598,19.5224097265822,62.156610323464619,1.0540356217121094,0.071541951678260496
2024-12-20,0,52,69.211364605328598,19.5224097265822,62.156610323464619,1.0540356217121094,0.071541951678260496
2024-12-23,0,52,69.211364605328598,19.5224097265822,62.018187594253959,1.0516882850944373,0.071541951678260496
2024-12-24,0,52,69.211364605328598,19.5224097265822,62.641089875701923,1.0622512998739617,0.071541951678260496
2024-12-25,0,52,69.211364605328598,19.5224097265822,62.641089875701923,1.0622512998739617,0.071541951678260496
2024-12-26,0,52,69.211364605328598,19.5224097265822,62.641089875701923,1.0622512998739617,0.071541951678260496
2024-12-27,0,52,69.211364605328598,19.5224097265822,62.848723969517906,1.0657723048004699,0.071541951678260496
2024-12-30,0,52,69.211364605328598,19.5224097265822,62.641089875701923,1.0622512998739617,0.071541951678260496
2024-12-31,0,52,34.605682302664299,40.645337541623164,61.789409428551053,1.04780872449958,0.092686023565188375
2025-01-02,0,52,34.605682302664299,40.645337541623164,61.477958287827072,1.0425272171098179,0.092686023565188375
2025-01-03,0,52,34.605682302664299,40.645337541623164,61.581775334735063,1.0442877195730718,0.092686023565188375
2025-01-06,0,52,34.605682302664299,40.645337541623164,61.685592381643062,1.0460482220363261,0.092686023565188375
2025-01-07,0,52,34.605682302664299,40.645337541623164,61.408746923221742,1.0413535488009817,0.092686023565188375
2025-01-08,0,52,34.605682302664299,40.645337541623164,61.30492987631375,1.0395930463377276,0.092686023565188375
2025-01-09,0,52,34.605682302664299,40.645337541623164,61.374141240919073,1.0407667146465636,0.092686023565188375
2025-01-10,0,52,34.605682302664299,40.645337541623164,61.097295782497767,1.0360720414112197,0.092686023565188375
2025-01-13,0,52,34.605682302664299,40.645337541623164,60.889661688681777,1.0325510364847115,0.092686023565188375
2025-01-14,0,52,34.605682302664299,40.645337541623164,61.547169652432402,1.0437008854186538,0.092686023565188375
2025-01-15,0,52,34.605682302664299,40.645337541623164,61.477958287827072,1.0425272171098179,0.092686023565188375
2025-01-16,0,52,34.605682302664299,40.645337541623164,61.824015110853715,1.0483955586539979,0.092686023565188375
2025-01-17,0,52,34.605682302664299,40.645337541623164,62.031649204669705,1.0519165635805061,0.092686023565188375
2025-01-20,0,52,34.605682302664299,40.645337541623164,62.550734439209663,1.0607190758967764,0.092686023565188375
2025-01-21,0,52,34.605682302664299,40.645337541623164,62.931396944538974,1.0671742515953746,0.092686023565188375
2025-01-22,0,52,34.605682302664299,40.645337541623164,62.308494663091011,1.0566112368158502,0.092686023565188375
2025-01-23,0,52,34.605682302664299,40.645337541623164,61.997043522367036,1.0513297294260882,0.092686023565188375
2025-01-24,0,52,34.605682302664299,40.645337541623164,62.654551486117654,1.0624795783600303,0.092686023565188375
2025-01-27,0,52,34.605682302664299,40.645337541623164,62.862185579933644,1.0660005832865385,0.092686023565188375
2025-02-05,0,52,34.605682302664299,40.645337541623164,63.969567413618904,1.0847792762279151,0.092686023565188375
2025-02-06,0,52,34.605682302664299,40.645337541623164,64.592469695066853,1.0953422910074393,0.092686023565188375
2025-02-07,0,52,34.605682302664299,40.645337541623164,65.146160611909494,1.1047316374781277,0.092686023565188375
2025-02-10,0,52,34.605682302664299,40.645337541623164,65.83827425796278,1.116468320566488,0.092686023565188375
2025-02-11,0,52,34.605682302664299,40.645337541623164,65.28458334112014,1.1070789740957996,0.092686023565188375
2025-02-12,0,52,34.605682302664299,40.645337541623164,65.69985152875212,1.114120983948816,0.092686023565188375
2025-02-13,0,52,34.605682302664299,40.645337541623164,66.011302669476095,1.1194024913385781,0.092686023565188375
2025-02-14,0,52,34.605682302664299,40.645337541623164,66.530387904016067,1.1282050036548483,0.092686023565188375
2025-02-17,0,52,34.605682302664299,40.645337541623164,66.73802199783205,1.1317260085813563,0.092686023565188375
2025-02-18,0,52,34.605682302664299,40.645337541623164,67.153290185464016,1.1387680184343725,0.092686023565188375
2025-02-19,0,52,34.605682302664299,40.645337541623164,67.637769737701319,1.1469836965962248,0.092686023565188375
2025-02-20,0,52,34.605682302664299,40.645337541623164,66.876444727042696,1.1340733451990284,0.092686023565188375
2025-02-21,0,52,34.605682302664299,40.645337541623164,68.191460654543945,1.156373043066913,0.092686023565188375
2025-02-24,0,52,34.605682302664299,40.645337541623164,68.295277701451937,1.1581335455301671,0.092686023565188375
2025-02-25,0,52,34.605682302664299,40.645337541623164,67.603164055398651,1.1463968624418066,0.092686023565188375
2025-02-26,0,52,34.605682302664299,40.645337541623164,69.056602712110546,1.1710438969273633,0.092686023565188375
2025-02-27,0,52,34.605682302664299,40.645337541623164,68.848968618294563,1.1675228920008551,0.092686023565188375
2025-02-28,0,52,17.302841151332149,53.868774348911487,67.105447829680585,1.1379567202158896,0.10592269704595747
2025-03-03,0,52,17.302841151332149,53.868774348911487,67.001630782772594,1.1361962177526357,0.10592269704595747
2025-03-04,0,52,17.302841151332149,53.868774348911487,67.105447829680585,1.1379567202158896,0.10592269704595747
2025-03-05,0,52,17.302841151332149,53.868774348911487,67.468807493858549,1.1441184788372787,0.10592269704595747
2025-03-06,0,52,17.302841151332149,53.868774348911487,68.178223981063169,1.1561485790028481,0.10592269704595747
2025-03-07,0,52,17.302841151332149,53.868774348911487,68.143618298760515,1.1555617448484301,0.10592269704595747
2025-03-10,0,52,17.302841151332149,53.868774348911487,67.884075681490529,1.1511604886902949,0.10592269704595747
2025-03-11,0,52,17.302841151332149,53.868774348911487,67.918681363793198,1.151747322844713,0.10592269704595747
2025-03-12,0,52,17.302841151332149,53.868774348911487,67.728350111128535,1.1485197349954137,0.10592269704595747
2025-03-13,0,52,17.302841151332149,53.868774348911487,67.468807493858549,1.1441184788372787,0.10592269704595747
2025-03-14,0,52,17.302841151332149,53.868774348911487,67.84946999918786,1.1505736545358769,0.10592269704595747
2025-03-17,0,52,17.302841151332149,53.868774348911487,67.832167158036526,1.1502802374586678,0.10592269704595747
2025-03-18,0,52,17.302841151332149,53.868774348911487,68.247435345668507,1.1573222473116842,0.10592269704595747
2025-03-19,0,52,17.302841151332149,53.868774348911487,68.195526822214504,1.1564419960800569,0.10592269704595747
2025-03-20,0,52,17.302841151332149,53.868774348911487,67.745652952279869,1.1488131520726228,0.10592269704595747
2025-03-21,0,52,17.302841151332149,53.868774348911487,67.295779082345234,1.1411843080651887,0.10592269704595747
2025-03-24,0,52,17.302841151332149,53.868774348911487,67.347687605799237,1.1420645592968157,0.10592269704595747
2025-03-25,0,52,17.302841151332149,53.868774348911487,67.001630782772594,1.1361962177526357,0.10592269704595747
2025-03-26,0,52,17.302841151332149,53.868774348911487,67.105447829680585,1.1379567202158896,0.10592269704595747
2025-03-27,0,52,17.302841151332149,53.868774348911487,67.209264876588577,1.1397172226791437,0.10592269704595747
2025-03-28,0,52,17.302841151332149,53.868774348911487,66.967025100469925,1.1356093835982175,0.10592269704595747
2025-03-31,0,52,17.302841151332149,53.868774348911487,66.690179642048605,1.1309147103628734,0.10592269704595747
2025-04-01,0,52,17.302841151332149,53.868774348911487,66.828602371259265,1.1332620469805454,0.10592269704595747
2025-04-02,0,52,17.302841151332149,53.868774348911487,66.811299530107931,1.1329686299033364,0.10592269704595747
2025-04-03,0,52,17.302841151332149,53.868774348911487,66.551756912837959,1.1285673737452013,0.10592269704595747
2025-04-07,0,52,17.302841151332149,53.868774348911487,65.288649508790712,1.1071479271089437,0.10592269704595747
2025-04-08,0,52,17.302841151332149,53.868774348911487,64.786867115402075,1.0986388318698825,0.10592269704595747
2025-04-09,0,52,17.302841151332149,53.868774348911487,65.063712573823381,1.1033335051052264,0.10592269704595747
2025-04-10,0,52,17.302841151332149,53.868774348911487,65.461677920304027,1.1100820978810337,0.10592269704595747
2025-04-11,0,52,17.302841151332149,53.868774348911487,65.686614855271344,1.1138965198847508,0.10592269704595747
2025-04-14,0,52,17.302841151332149,53.868774348911487,65.825037584482004,1.1162438565024231,0.10592269704595747
2025-04-15,0,52,17.302841151332149,53.868774348911487,65.755826219876667,1.1150701881935867,0.10592269704595747
2025-04-16,0,52,17.302841151332149,53.868774348911487,65.409769396850038,1.1092018466494069,0.10592269704595747
2025-04-17,0,52,17.302841151332149,53.868774348911487,65.530889284909364,1.1112557661898699,0.10592269704595747
2025-04-18,0,52,17.302841151332149,53.868774348911487,65.444375079152692,1.1097886808038246,0.10592269704595747
2025-04-21,0,52,17.302841151332149,53.868774348911487,65.565494967212018,1.1118426003442878,0.10592269704595747
2025-04-22,0,52,17.302841151332149,53.868774348911487,65.600100649514687,1.1124294344987058,0.10592269704595747
2025-04-23,0,52,17.302841151332149,53.868774348911487,65.963460313692664,1.1185911931200951,0.10592269704595747
2025-04-24,0,52,17.302841151332149,53.868774348911487,65.721220537574013,1.114483354039169,0.10592269704595747
2025-04-25,0,52,17.302841151332149,53.868774348911487,65.859643266784673,1.116830690656841,0.10592269704595747
2025-04-28,0,52,17.302841151332149,53.868774348911487,65.842340425633338,1.116537273579632,0.10592269704595747
2025-04-29,0,52,17.302841151332149,53.868774348911487,65.825037584482004,1.1162438565024231,0.10592269704595747
2025-04-30,0,52,17.302841151332149,53.868774348911487,65.94615747254133,1.118297776042886,0.10592269704595747
2025-05-06,0,52,17.302841151332149,53.868774348911487,66.344122819021962,1.1250463688186931,0.10592269704595747
2025-05-07,0,52,17.302841151332149,53.868774348911487,66.292214295567973,1.1241661175870663,0.10592269704595747
2025-05-08,0,52,17.302841151332149,53.868774348911487,66.292214295567973,1.1241661175870663,0.10592269704595747
2025-05-09,0,52,17.302841151332149,53.868774348911487,66.119185884054644,1.1212319468149761,0.10592269704595747
2025-05-12,0,52,17.302841151332149,53.868774348911487,66.430637024778633,1.1265134542047384,0.10592269704595747
2025-05-13,0,52,17.302841151332149,53.868774348911487,66.326819977870628,1.124752951741484,0.10592269704595747
2025-05-14,0,52,17.302841151332149,53.868774348911487,66.534454071686625,1.1282739566679925,0.10592269704595747
2025-05-15,0,52,17.302841151332149,53.868774348911487,66.344122819021962,1.1250463688186931,0.10592269704595747
2025-05-16,0,52,17.302841151332149,53.868774348911487,66.274911454416639,1.1238727005098572,0.10592269704595747
2025-05-19,0,52,17.302841151332149,53.868774348911487,66.24030577211397,1.123285866355439,0.10592269704595747
2025-05-20,0,52,17.302841151332149,53.868774348911487,66.37872850132463,1.1256332029731113,0.10592269704595747
2025-05-21,0,52,17.302841151332149,53.868774348911487,66.37872850132463,1.1256332029731113,0.10592269704595747
2025-05-22,0,52,17.302841151332149,53.868774348911487,66.188397248659982,1.1224056151238122,0.10592269704595747
2025-05-23,0,52,17.302841151332149,53.868774348911487,66.10188304290331,1.120938529737767,0.10592269704595747
2025-05-26,0,52,17.302841151332149,53.868774348911487,65.94615747254133,1.118297776042886,0.10592269704595747
2025-05-27,0,52,17.302841151332149,53.868774348911487,65.998065995995319,1.1191780272745129,0.10592269704595747
2025-05-28,0,52,17.302841151332149,53.868774348911487,65.94615747254133,1.118297776042886,0.10592269704595747
2025-05-29,0,52,17.302841151332149,53.868774348911487,66.257608613265305,1.1235792834326481,0.10592269704595747
2025-05-30,0,52,17.302841151332149,53.868774348911487,65.963460313692664,1.1185911931200951,0.10592269704595747
2025-06-03,0,52,17.302841151332149,53.868774348911487,65.980763154843984,1.118884610197304,0.10592269704595747
2025-06-04,0,52,17.302841151332149,53.868774348911487,66.067277360600656,1.1203516955833492,0.10592269704595747
2025-06-05,0,52,17.302841151332149,53.868774348911487,66.274911454416639,1.1238727005098572,0.10592269704595747
2025-06-06,0,52,17.302841151332149,53.868774348911487,66.257608613265305,1.1235792834326481,0.10592269704595747
2025-06-09,0,52,17.302841151332149,53.868774348911487,66.517151230535291,1.1279805395907834,0.10592269704595747
2025-06-10,0,52,17.302841151332149,53.868774348911487,66.413334183627299,1.1262200371275293,0.10592269704595747
2025-06-11,0,52,17.302841151332149,53.868774348911487,66.638271118594616,1.1300344591312463,0.10592269704595747
2025-06-12,0,52,17.302841151332149,53.868774348911487,66.413334183627299,1.1262200371275293,0.10592269704595747
2025-06-13,0,52,17.302841151332149,53.868774348911487,66.084580201751976,1.1206451126605579,0.10592269704595747
2025-06-16,0,52,17.302841151332149,53.868774348911487,66.223002930962636,1.1229924492782299,0.10592269704595747
2025-06-17,0,52,17.302841151332149,53.868774348911487,66.223002930962636,1.1229924492782299,0.10592269704595747
2025-06-18,0,52,17.302841151332149,53.868774348911487,66.10188304290331,1.120938529737767,0.10592269704595747
2025-06-19,0,52,17.302841151332149,53.868774348911487,65.80773474333067,1.115950439425214,0.10592269704595747
2025-06-20,0,52,17.302841151332149,53.868774348911487,65.825037584482004,1.1162438565024231,0.10592269704595747
2025-06-23,0,52,17.302841151332149,53.868774348911487,65.998065995995319,1.1191780272745129,0.10592269704595747
2025-06-24,0,52,17.302841151332149,53.868774348911487,66.274911454416639,1.1238727005098572,0.10592269704595747
2025-06-25,0,52,17.302841151332149,53.868774348911487,66.430637024778633,1.1265134542047384,0.10592269704595747
2025-06-26,0,52,17.302841151332149,53.868774348911487,66.309517136719307,1.1244595346642752,0.10592269704595747
2025-06-27,0,52,17.302841151332149,53.868774348911487,66.361425660173296,1.1253397858959022,0.10592269704595747
2025-06-30,0,52,17.302841151332149,53.868774348911487,66.344122819021962,1.1250463688186931,0.10592269704595747
2025-07-01,0,52,17.302841151332149,53.868774348911487,66.309517136719307,1.1244595346642752,0.10592269704595747
2025-07-02,0,52,17.302841151332149,53.868774348911487,66.205700089811302,1.1226990322010211,0.10592269704595747
2025-07-03,0,52,17.302841151332149,53.868774348911487,66.119185884054644,1.1212319468149761,0.10592269704595747
2025-07-04,0,52,17.302841151332149,53.868774348911487,66.049974519449322,1.1200582785061401,0.10592269704595747
2025-07-07,0,52,17.302841151332149,53.868774348911487,66.049974519449322,1.1200582785061401,0.10592269704595747
2025-07-08,0,52,17.302841151332149,53.868774348911487,66.257608613265305,1.1235792834326481,0.10592269704595747
2025-07-09,0,52,17.302841151332149,53.868774348911487,66.119185884054644,1.1212319468149761,0.10592269704595747
2025-07-10,0,52,17.302841151332149,53.868774348911487,66.119185884054644,1.1212319468149761,0.10592269704595747
2025-07-11,0,52,17.302841151332149,53.868774348911487,66.223002930962636,1.1229924492782299,0.10592269704595747
2025-07-14,0,52,17.302841151332149,53.868774348911487,66.205700089811302,1.1226990322010211,0.10592269704595747
2025-07-15,0,52,17.302841151332149,53.868774348911487,66.413334183627299,1.1262200371275293,0.10592269704595747
2025-07-16,0,52,17.302841151332149,53.868774348911487,66.586362595140614,1.1291542078996193,0.10592269704595747
2025-07-17,0,52,17.302841151332149,53.868774348911487,66.638271118594616,1.1300344591312463,0.10592269704595747
2025-07-18,0,52,17.302841151332149,53.868774348911487,66.759391006653942,1.1320883786717095,0.10592269704595747
2025-07-21,0,52,17.302841151332149,53.868774348911487,66.932419418167257,1.1350225494437993,0.10592269704595747
2025-07-22,0,52,17.302841151332149,53.868774348911487,66.915116577015922,1.1347291323665905,0.10592269704595747
2025-07-23,0,52,17.302841151332149,53.868774348911487,67.261173400042566,1.1405974739107705,0.10592269704595747
2025-07-24,0,52,17.302841151332149,53.868774348911487,67.295779082345234,1.1411843080651887,0.10592269704595747
2025-07-25,0,52,17.302841151332149,53.868774348911487,67.12275067083192,1.1382501372930987,0.10592269704595747
2025-07-28,0,52,17.302841151332149,53.868774348911487,67.14005351198324,1.1385435543703075,0.10592269704595747
2025-07-29,0,52,17.302841151332149,53.868774348911487,67.036236465075248,1.1367830519070534,0.10592269704595747
2025-07-30,0,52,17.302841151332149,53.868774348911487,66.759391006653942,1.1320883786717095,0.10592269704595747
2025-07-31,0,52,17.302841151332149,53.868774348911487,66.690179642048605,1.1309147103628734,0.10592269704595747
2025-08-01,0,52,17.302841151332149,53.868774348911487,66.672876800897271,1.1306212932856643,0.10592269704595747
2025-08-04,0,52,17.302841151332149,53.868774348911487,66.742088165502608,1.1317949615945004,0.10592269704595747
2025-08-05,0,52,17.302841151332149,53.868774348911487,66.793996688956597,1.1326752128261273,0.10592269704595747
2025-08-06,0,52,17.302841151332149,53.868774348911487,66.828602371259265,1.1332620469805454,0.10592269704595747
2025-08-07,0,52,17.302841151332149,53.868774348911487,66.845905212410599,1.1335554640577545,0.10592269704595747
2025-08-08,0,52,17.302841151332149,53.868774348911487,66.638271118594616,1.1300344591312463,0.10592269704595747
2025-08-11,0,52,17.302841151332149,53.868774348911487,66.672876800897271,1.1306212932856643,0.10592269704595747
2025-08-12,0,52,17.302841151332149,53.868774348911487,66.620968277443282,1.1297410420540372,0.10592269704595747
2025-08-13,0,52,17.302841151332149,53.868774348911487,66.98432794162126,1.1359028006754266,0.10592269704595747
2025-08-14,0,52,17.302841151332149,53.868774348911487,66.897813735864588,1.1344357152893814,0.10592269704595747
2025-08-15,0,52,17.302841151332149,53.868774348911487,66.915116577015922,1.1347291323665905,0.10592269704595747
2025-08-18,0,52,17.302841151332149,53.868774348911487,67.053539306226583,1.1370764689842625,0.10592269704595747
2025-08-19,0,52,17.302841151332149,53.868774348911487,66.967025100469925,1.1356093835982175,0.10592269704595747
2025-08-20,0,52,17.302841151332149,53.868774348911487,66.949722259318591,1.1353159665210084,0.10592269704595747
2025-08-21,0,52,17.302841151332149,53.868774348911487,66.776693847805262,1.1323817957489182,0.10592269704595747
2025-08-22,0,52,17.302841151332149,53.868774348911487,67.036236465075248,1.1367830519070534,0.10592269704595747
2025-08-25,0,52,17.302841151332149,53.868774348911487,67.589927381917875,1.1461723983777417,0.10592269704595747
2025-08-26,0,52,17.302841151332149,53.868774348911487,67.468807493858549,1.1441184788372787,0.10592269704595747
2025-08-27,0,52,17.302841151332149,53.868774348911487,67.261173400042566,1.1405974739107705,0.10592269704595747
2025-08-28,0,52,17.302841151332149,53.868774348911487,67.14005351198324,1.1385435543703075,0.10592269704595747
2025-08-29,0,52,17.302841151332149,53.868774348911487,67.243870558891246,1.1403040568335618,0.10592269704595747
2025-09-01,0,52,17.302841151332149,53.868774348911487,67.41689897040456,1.1432382276056516,0.10592269704595747
2025-09-02,0,52,17.302841151332149,53.868774348911487,67.295779082345234,1.1411843080651887,0.10592269704595747
2025-09-03,0,52,17.302841151332149,53.868774348911487,67.157356353134574,1.1388369714475166,0.10592269704595747
2025-09-04,0,52,17.302841151332149,53.868774348911487,66.897813735864588,1.1344357152893814,0.10592269704595747
2025-09-05,0,52,17.302841151332149,53.868774348911487,67.209264876588577,1.1397172226791437,0.10592269704595747
2025-09-08,0,52,17.302841151332149,53.868774348911487,67.364990446950571,1.1423579763740248,0.10592269704595747
2025-09-09,0,52,17.302841151332149,53.868774348911487,67.434201811555894,1.1435316446828607,0.10592269704595747
2025-09-10,0,52,17.302841151332149,53.868774348911487,67.676441587674546,1.1476394837637869,0.10592269704595747
2025-09-11,0,52,17.302841151332149,53.868774348911487,67.745652952279869,1.1488131520726228,0.10592269704595747
2025-09-12,0,52,17.302841151332149,53.868774348911487,67.866772840339195,1.150867071613086,0.10592269704595747
2025-09-15,0,52,17.302841151332149,53.868774348911487,67.987892728398521,1.152920991153549,0.10592269704595747
2025-09-16,0,52,17.302841151332149,53.868774348911487,68.126315457609181,1.155268327771221,0.10592269704595747
2025-09-17,0,52,17.302841151332149,53.868774348911487,68.697309215603141,1.1649510913191183,0.10592269704595747
2025-09-18,0,52,17.302841151332149,53.868774348911487,68.472372280635824,1.1611366693154013,0.10592269704595747
2025-09-19,0,52,17.302841151332149,53.868774348911487,68.506977962938478,1.161723503469819,0.10592269704595747
2025-09-22,0,52,17.302841151332149,53.868774348911487,68.558886486392481,1.1626037547014463,0.10592269704595747
2025-09-23,0,52,17.302841151332149,53.868774348911487,68.299343869122495,1.158202498543311,0.10592269704595747
2025-09-24,0,52,17.302841151332149,53.868774348911487,68.645400692149138,1.1640708400874913,0.10592269704595747
2025-09-25,0,52,17.302841151332149,53.868774348911487,68.835731944813801,1.1672984279367904,0.10592269704595747
2025-09-26,0,52,17.302841151332149,53.868774348911487,68.59349216869515,1.1631905888558642,0.10592269704595747
2025-09-29,0,52,17.302841151332149,53.868774348911487,68.697309215603141,1.1649510913191183,0.10592269704595747
2025-09-30,0,52,17.302841151332149,53.868774348911487,69.02606319747845,1.1705260157860895,0.10592269704595747
2025-10-09,0,52,17.302841151332149,53.868774348911487,69.02606319747845,1.1705260157860895,0.10592269704595747
2025-10-10,0,52,17.302841151332149,53.868774348911487,68.558886486392481,1.1626037547014463,0.10592269704595747
2025-10-13,0,52,17.302841151332149,53.868774348911487,68.195526822214504,1.1564419960800569,0.10592269704595747
2025-10-14,0,52,17.302841151332149,53.868774348911487,67.797561475733872,1.1496934033042501,0.10592269704595747
2025-10-15,0,52,17.302841151332149,53.868774348911487,68.091709775306512,1.1546814936168031,0.10592269704595747
2025-10-16,0,52,17.302841151332149,53.868774348911487,67.901378522641863,1.1514539057675039,0.10592269704595747
2025-10-17,0,52,17.302841151332149,53.868774348911487,67.451504652707229,1.1438250617600698,0.10592269704595747
2025-10-20,0,52,17.302841151332149,53.868774348911487,67.745652952279869,1.1488131520726228,0.10592269704595747
2025-10-21,0,52,17.302841151332149,53.868774348911487,68.074406934155178,1.154388076539594,0.10592269704595747
2025-10-22,0,52,17.302841151332149,53.868774348911487,67.797561475733872,1.1496934033042501,0.10592269704595747
2025-10-23,0,52,17.302841151332149,53.868774348911487,67.901378522641863,1.1514539057675039,0.10592269704595747
2025-10-24,0,52,17.302841151332149,53.868774348911487,68.022498410701189,1.1535078253079671,0.10592269704595747
2025-10-27,0,52,17.302841151332149,53.868774348911487,68.31664671027383,1.1584959156205201,0.10592269704595747
2025-10-28,0,52,17.302841151332149,53.868774348911487,68.109012616457846,1.1549749106940121,0.10592269704595747
2025-10-29,0,52,17.302841151332149,53.868774348911487,68.247435345668507,1.1573222473116842,0.10592269704595747
2025-10-30,0,52,17.302841151332149,53.868774348911487,67.918681363793198,1.151747322844713,0.10592269704595747
2025-10-31,0,52,17.302841151332149,53.868774348911487,67.745652952279869,1.1488131520726228,0.10592269704595747
2025-11-03,0,52,17.302841151332149,53.868774348911487,67.780258634582538,1.149399986227041,0.10592269704595747
2025-11-04,0,52,17.302841151332149,53.868774348911487,67.55532169961522,1.1455855642233239,0.10592269704595747
2025-11-05,0,52,17.302841151332149,53.868774348911487,67.41689897040456,1.1432382276056516,0.10592269704595747
2025-11-06,0,52,17.302841151332149,53.868774348911487,67.7110472699772,1.1482263179182048,0.10592269704595747
2025-11-07,0,52,17.302841151332149,53.868774348911487,67.538018858463886,1.1452921471461148,0.10592269704595747
2025-11-10,0,52,17.302841151332149,53.868774348911487,67.676441587674546,1.1476394837637869,0.10592269704595747
2025-11-11,0,52,17.302841151332149,53.868774348911487,67.659138746523212,1.1473460666865778,0.10592269704595747
2025-11-12,0,52,17.302841151332149,53.868774348911487,67.745652952279869,1.1488131520726228,0.10592269704595747
2025-11-13,0,52,17.302841151332149,53.868774348911487,67.884075681490529,1.1511604886902949,0.10592269704595747
2025-11-14,0,52,17.302841151332149,53.868774348911487,67.468807493858549,1.1441184788372787,0.10592269704595747
2025-11-17,0,52,17.302841151332149,53.868774348911487,67.2784762411939,1.1408908909879796,0.10592269704595747
2025-11-18,0,52,17.302841151332149,53.868774348911487,67.036236465075248,1.1367830519070534,0.10592269704595747
2025-11-19,0,52,17.302841151332149,53.868774348911487,66.949722259318591,1.1353159665210084,0.10592269704595747
2025-11-20,0,52,17.302841151332149,53.868774348911487,66.793996688956597,1.1326752128261273,0.10592269704595747
2025-11-21,0,52,17.302841151332149,53.868774348911487,66.551756912837959,1.1285673737452013,0.10592269704595747
2025-11-24,0,52,17.302841151332149,53.868774348911487,66.776693847805262,1.1323817957489182,0.10592269704595747
2025-11-25,0,52,17.302841151332149,53.868774348911487,66.863208053561934,1.1338488811349634,0.10592269704595747
2025-11-26,0,52,17.302841151332149,53.868774348911487,66.967025100469925,1.1356093835982175,0.10592269704595747
2025-11-27,0,52,17.302841151332149,53.868774348911487,66.880510894713268,1.1341422982121725,0.10592269704595747
2025-11-28,0,52,17.302841151332149,53.868774348911487,66.897813735864588,1.1344357152893814,0.10592269704595747
2025-12-01,0,52,17.302841151332149,53.868774348911487,66.967025100469925,1.1356093835982175,0.10592269704595747
2025-12-02,0,52,17.302841151332149,53.868774348911487,66.880510894713268,1.1341422982121725,0.10592269704595747
2025-12-03,0,52,17.302841151332149,53.868774348911487,66.724785324351274,1.1315015445172913,0.10592269704595747
2025-12-04,0,52,17.302841151332149,53.868774348911487,66.880510894713268,1.1341422982121725,0.10592269704595747
2025-12-05,0,52,17.302841151332149,53.868774348911487,67.053539306226583,1.1370764689842625,0.10592269704595747
2025-12-08,0,52,17.302841151332149,53.868774348911487,67.053539306226583,1.1370764689842625,0.10592269704595747
2025-12-09,0,52,17.302841151332149,53.868774348911487,66.793996688956597,1.1326752128261273,0.10592269704595747
2025-12-10,0,52,17.302841151332149,53.868774348911487,66.811299530107931,1.1329686299033364,0.10592269704595747
2025-12-11,0,52,17.302841151332149,53.868774348911487,66.707482483199939,1.1312081274400823,0.10592269704595747
2025-12-12,0,52,17.302841151332149,53.868774348911487,66.915116577015922,1.1347291323665905,0.10592269704595747
2025-12-15,0,52,17.302841151332149,53.868774348911487,66.655573959745951,1.1303278762084554,0.10592269704595747
2025-12-16,0,52,17.302841151332149,53.868774348911487,66.361425660173296,1.1253397858959022,0.10592269704595747
2025-12-17,0,52,17.302841151332149,53.868774348911487,66.482545548232622,1.1273937054363652,0.10592269704595747
2025-12-18,0,52,17.302841151332149,53.868774348911487,66.326819977870628,1.124752951741484,0.10592269704595747
2025-12-19,0,52,17.302841151332149,53.868774348911487,66.551756912837959,1.1285673737452013,0.10592269704595747
2025-12-22,0,52,17.302841151332149,53.868774348911487,66.620968277443282,1.1297410420540372,0.10592269704595747
2025-12-23,0,52,17.302841151332149,53.868774348911487,66.534454071686625,1.1282739566679925,0.10592269704595747
2025-12-24,0,52,17.302841151332149,53.868774348911487,66.551756912837959,1.1285673737452013,0.10592269704595747
2025-12-25,0,52,17.302841151332149,53.868774348911487,66.569059753989279,1.1288607908224102,0.10592269704595747
2025-12-26,0,52,17.302841151332149,53.868774348911487,66.638271118594616,1.1300344591312463,0.10592269704595747
2025-12-29,0,52,17.302841151332149,53.868774348911487,66.569059753989279,1.1288607908224102,0.10592269704595747
2025-12-30,0,52,17.302841151332149,53.868774348911487,66.707482483199939,1.1312081274400823,0.10592269704595747
2025-12-31,0,52,17.302841151332149,53.868774348911487,66.534454071686625,1.1282739566679925,0.10592269704595747
2026-01-05,0,52,17.302841151332149,53.868774348911487,67.001630782772594,1.1361962177526357,0.10592269704595747
2026-01-06,0,52,17.302841151332149,53.868774348911487,67.261173400042566,1.1405974739107705,0.10592269704595747
2026-01-07,0,52,17.302841151332149,53.868774348911487,67.018933623923914,1.1364896348298443,0.10592269704595747
2026-01-08,0,52,17.302841151332149,53.868774348911487,66.863208053561934,1.1338488811349634,0.10592269704595747
2026-01-09,0,52,17.302841151332149,53.868774348911487,66.932419418167257,1.1350225494437993,0.10592269704595747
2026-01-12,0,52,17.302841151332149,53.868774348911487,67.226567717739911,1.1400106397563528,0.10592269704595747
2026-01-13,0,52,17.302841151332149,53.868774348911487,67.226567717739911,1.1400106397563528,0.10592269704595747
2026-01-14,0,52,17.302841151332149,53.868774348911487,67.382293288101891,1.1426513934512337,0.10592269704595747
2026-01-15,0,52,17.302841151332149,53.868774348911487,67.174659194285908,1.1391303885247255,0.10592269704595747
2026-01-16,0,52,17.302841151332149,53.868774348911487,67.157356353134574,1.1388369714475166,0.10592269704595747
2026-01-19,0,52,17.302841151332149,53.868774348911487,67.018933623923914,1.1364896348298443,0.10592269704595747
2026-01-20,0,52,17.302841151332149,53.868774348911487,66.863208053561934,1.1338488811349634,0.10592269704595747
2026-01-21,0,52,17.302841151332149,53.868774348911487,66.949722259318591,1.1353159665210084,0.10592269704595747
2026-01-22,0,52,17.302841151332149,53.868774348911487,66.98432794162126,1.1359028006754266,0.10592269704595747
2026-01-23,0,52,17.302841151332149,53.868774348911487,67.070842147377917,1.1373698860614716,0.10592269704595747
2026-01-26,0,52,17.302841151332149,53.868774348911487,66.915116577015922,1.1347291323665905,0.10592269704595747
2026-01-27,0,52,17.302841151332149,53.868774348911487,67.001630782772594,1.1361962177526357,0.10592269704595747
2026-01-28,0,52,17.302841151332149,53.868774348911487,67.243870558891246,1.1403040568335618,0.10592269704595747
2026-01-29,0,52,17.302841151332149,53.868774348911487,67.088144988529251,1.1376633031386807,0.10592269704595747
2026-01-30,0,52,17.302841151332149,53.868774348911487,66.880510894713268,1.1341422982121725,0.10592269704595747
2026-02-02,0,52,17.302841151332149,53.868774348911487,66.361425660173296,1.1253397858959022,0.10592269704595747
2026-02-03,0,52,17.302841151332149,53.868774348911487,66.326819977870628,1.124752951741484,0.10592269704595747
2026-02-04,0,52,17.302841151332149,53.868774348911487,66.153791566357313,1.121818780969394,0.10592269704595747
2026-02-05,0,52,17.302841151332149,53.868774348911487,66.10188304290331,1.120938529737767,0.10592269704595747
2026-02-06,0,52,17.302841151332149,53.868774348911487,65.998065995995319,1.1191780272745129,0.10592269704595747
2026-02-09,0,52,17.302841151332149,53.868774348911487,66.188397248659982,1.1224056151238122,0.10592269704595747
2026-02-10,0,52,17.302841151332149,53.868774348911487,66.205700089811302,1.1226990322010211,0.10592269704595747
2026-02-11,0,52,17.302841151332149,53.868774348911487,66.274911454416639,1.1238727005098572,0.10592269704595747
2026-02-12,0,52,17.302841151332149,53.868774348911487,66.119185884054644,1.1212319468149761,0.10592269704595747
2026-02-13,0,52,17.302841151332149,53.868774348911487,66.119185884054644,1.1212319468149761,0.10592269704595747
2026-02-24,0,52,17.302841151332149,53.868774348911487,65.755826219876667,1.1150701881935867,0.10592269704595747
2026-02-25,0,52,17.302841151332149,53.868774348911487,65.703917696422678,1.1141899369619599,0.10592269704595747
2026-02-26,0,52,17.302841151332149,53.868774348911487,65.409769396850038,1.1092018466494069,0.10592269704595747
2026-02-27,0,52,17.302841151332149,53.868774348911487,65.461677920304027,1.1100820978810337,0.10592269704595747
2026-03-02,0,52,17.302841151332149,53.868774348911487,65.150226779580052,1.1048005904912717,0.10592269704595747
2026-03-03,0,52,17.302841151332149,53.868774348911487,64.838775638856063,1.0995190831015094,0.10592269704595747
2026-03-04,0,52,17.302841151332149,53.868774348911487,64.683050068494083,1.0968783294066284,0.10592269704595747
2026-03-05,0,52,17.302841151332149,53.868774348911487,64.700352909645417,1.0971717464838375,0.10592269704595747
2026-03-06,0,52,17.302841151332149,53.868774348911487,64.994501209218058,1.1021598367963905,0.10592269704595747
2026-03-09,1,53,18.866221433022289,53.868774348911487,65.92428984461273,1.1009694679744271,0.10692269704595747
2026-03-10,0,53,18.866221433022289,53.868774348911487,66.150684501808996,1.1047503749189407,0.10692269704595747
2026-03-11,0,53,18.866221433022289,53.868774348911487,66.20728316610807,1.1056956016550692,0.10692269704595747
2026-03-12,0,53,18.866221433022289,53.868774348911487,66.112952058942952,1.1041202237615217,0.10692269704595747
2026-03-13,0,53,18.866221433022289,53.868774348911487,66.056353394643878,1.1031749970253932,0.10692269704595747
2026-03-16,0,53,18.866221433022289,53.868774348911487,66.414811601871307,1.1091614330208732,0.10692269704595747
2026-03-17,0,53,18.866221433022289,53.868774348911487,66.358212937572247,1.1082162062847449,0.10692269704595747
2026-03-18,0,53,18.866221433022289,53.868774348911487,66.339346716139218,1.1079011307060354,0.10692269704595747
2026-03-19,0,53,18.866221433022289,53.868774348911487,66.094085837509937,1.1038051481828124,0.10692269704595747
2026-03-20,0,53,18.866221433022289,53.868774348911487,65.754493851715523,1.0981337877660415,0.10692269704595747
2026-03-23,1,54,20.512020444554416,53.868774348911487,66.319570758756015,1.0908706007575752,0.10792269704595747
2026-03-24,0,54,20.512020444554416,53.868774348911487,66.606739044979776,1.0955941452155298,0.10792269704595747
2026-03-25,0,54,20.512020444554416,53.868774348911487,66.852883290314438,1.0996428976080621,0.10792269704595747
2026-03-26,0,54,20.512020444554416,53.868774348911487,66.586227024535219,1.0952567491828187,0.10792269704595747
2026-03-27,0,54,20.512020444554416,53.868774348911487,66.627251065424332,1.0959315412482407,0.10792269704595747
2026-03-30,1,55,22.149725362587205,53.868774348911487,67.380106820089679,1.091866584271955,0.10892269704595747
2026-03-31,0,55,22.149725362587205,53.868774348911487,67.202909017188986,1.0889951676339513,0.10892269704595747
2026-04-01,0,55,22.149725362587205,53.868774348911487,67.51300517226521,1.0940201467504582,0.10892269704595747
2026-04-02,0,55,22.149725362587205,53.868774348911487,67.180759291826391,1.0886362405542007,0.10892269704595747
2026-04-03,0,55,22.149725362587205,53.868774348911487,67.158609566463809,1.0882773134744503,0.10892269704595747
2026-04-07,1,56,23.80919380112541,53.868774348911487,68.201909017188981,1.0889792006439312,0.10992269704595747
2026-04-08,0,56,23.80919380112541,53.868774348911487,68.892375637421623,1.1000038742785467,0.10992269704595747
2026-04-09,0,56,23.80919380112541,53.868774348911487,68.678092893211499,1.0965824238402178,0.10992269704595747
2026-04-10,0,56,23.80919380112541,53.868774348911487,68.725711280813741,1.0973427461598464,0.10992269704595747
2026-04-13,1,57,25.420484123706053,53.868774348911487,69.629474505609238,1.0958063638409408,0.11092269704595747
2026-04-14,0,57,25.420484123706053,53.868774348911487,69.705735957980352,1.097006542147863,0.11092269704595747
2026-04-15,0,57,25.420484123706053,53.868774348911487,69.883679346846293,1.099806958197348,0.11092269704595747
2026-04-16,0,57,25.420484123706053,53.868774348911487,70.392089029320417,1.1078081469101626,0.11092269704595747
2026-04-17,0,57,25.420484123706053,53.868774348911487,70.239566124578189,1.1054077902963184,0.11092269704595747
2026-04-20,0,57,25.420484123706053,53.868774348911487,70.366668545196717,1.107408087474522,0.11092269704595747
2026-04-21,0,57,25.420484123706053,53.868774348911487,70.341248061073003,1.1070080280388812,0.11092269704595747
2026-04-22,0,57,25.420484123706053,53.868774348911487,70.112463703959662,1.1034074931181148,0.11092269704595747
2026-04-23,0,57,25.420484123706053,53.868774348911487,69.756576926227766,1.0978066610191444,0.11092269704595747
2026-04-24,0,57,25.420484123706053,53.868774348911487,69.832838378598893,1.0990068393260668,0.11092269704595747
2026-04-27,0,57,25.420484123706053,53.868774348911487,69.934520315093721,1.1006070770686298,0.11092269704595747
2026-04-28,0,57,25.420484123706053,53.868774348911487,69.654894989732952,1.0962064232765816,0.11092269704595747
2026-04-29,0,57,25.420484123706053,53.868774348911487,69.832838378598893,1.0990068393260668,0.11092269704595747
2026-04-30,0,57,25.420484123706053,53.868774348911487,69.807417894475179,1.098606779890426,0.11092269704595747
2026-05-06,0,57,25.420484123706053,53.868774348911487,70.036202251588534,1.1022073148111924,0.11092269704595747
2026-05-07,0,57,25.420484123706053,53.868774348911487,70.493770965815244,1.1094083846527256,0.11092269704595747
2026-05-08,0,57,25.420484123706053,53.868774348911487,70.468350481691544,1.109008325217085,0.11092269704595747
2026-05-11,0,57,25.420484123706053,53.868774348911487,70.417509513444131,1.1082082063458036,0.11092269704595747
2026-05-12,0,57,25.420484123706053,53.868774348911487,70.264986608701889,1.105807849731959,0.11092269704595747
2026-05-13,0,57,25.420484123706053,53.868774348911487,70.290407092825603,1.1062079091676,0.11092269704595747
2026-05-14,0,57,25.420484123706053,53.868774348911487,70.290407092825603,1.1062079091676,0.11092269704595747
2026-05-15,0,57,25.420484123706053,53.868774348911487,69.858258862722593,1.0994068987617074,0.11092269704595747
2026-05-18,0,57,25.420484123706053,53.868774348911487,69.553213053238125,1.0946061855340188,0.11092269704595747
2026-05-19,0,57,25.420484123706053,53.868774348911487,69.629474505609238,1.0958063638409408,0.11092269704595747
2026-05-20,0,57,25.420484123706053,53.868774348911487,69.654894989732952,1.0962064232765816,0.11092269704595747
2026-05-21,0,57,25.420484123706053,53.868774348911487,69.32442869612477,1.0910056506132522,0.11092269704595747
2026-05-22,0,57,25.420484123706053,53.868774348911487,69.578633537361824,1.0950062449696594,0.11092269704595747
2026-05-25,0,57,25.420484123706053,53.868774348911487,69.553213053238125,1.0946061855340188,0.11092269704595747
2026-05-26,0,57,25.420484123706053,53.868774348911487,69.883679346846293,1.099806958197348,0.11092269704595747
2026-05-27,0,57,25.420484123706053,53.868774348911487,69.629474505609238,1.0958063638409408,0.11092269704595747
2026-05-28,0,57,25.420484123706053,53.868774348911487,69.578633537361824,1.0950062449696594,0.11092269704595747
2026-05-29,0,57,25.420484123706053,53.868774348911487,69.629474505609238,1.0958063638409408,0.11092269704595747
2026-06-01,0,57,25.420484123706053,53.868774348911487,69.832838378598893,1.0990068393260668,0.11092269704595747
2026-06-02,0,57,25.420484123706053,53.868774348911487,70.44292999756783,1.1086082657814442,0.11092269704595747
2026-06-03,0,57,25.420484123706053,53.868774348911487,70.163304672207062,1.104207611989396,0.11092269704595747
2026-06-04,0,57,25.420484123706053,53.868774348911487,69.909099830970007,1.1002070176329888,0.11092269704595747
2026-06-05,0,57,25.420484123706053,53.868774348911487,69.654894989732952,1.0962064232765816,0.11092269704595747
2026-06-08,0,57,25.420484123706053,53.868774348911487,69.197326275506242,1.0890053534350486,0.11092269704595747
2026-06-09,0,57,25.420484123706053,53.868774348911487,69.375269664372183,1.0918057694845336,0.11092269704595747
2026-06-10,0,57,25.420484123706053,53.868774348911487,69.095644339011415,1.0874051156924855,0.11092269704595747
2026-06-11,0,57,25.420484123706053,53.868774348911487,68.841439497774346,1.0834045213360781,0.11092269704595747
2026-06-12,0,57,25.420484123706053,53.868774348911487,68.993962402516587,1.0858048779499225,0.11092269704595747
2026-06-15,0,57,25.420484123706053,53.868774348911487,69.171905791382528,1.0886052939994075,0.11092269704595747
2026-06-16,0,57,25.420484123706053,53.868774348911487,68.86685998189806,1.0838045807717189,0.11092269704595747
2026-06-17,0,57,25.420484123706053,53.868774348911487,68.892280466021759,1.0842046402073595,0.11092269704595747
2026-06-18,0,57,25.420484123706053,53.868774348911487,68.612655140660991,1.0798039864153115,0.11092269704595747
2026-06-22,1,58,27.136978969066877,53.868774348911487,69.662496108908414,1.0805885935169341,0.11192269704595748
2026-06-23,0,58,27.136978969066877,53.868774348911487,69.038345592619876,1.0709069144756795,0.11192269704595748
2026-06-24,0,58,27.136978969066877,53.868774348911487,69.336852361279611,1.0755372827128014,0.11192269704595748
2026-06-25,0,58,27.136978969066877,53.868774348911487,69.038345592619876,1.0709069144756795,0.11192269704595748
2026-06-26,0,58,27.136978969066877,53.868774348911487,68.577016950145733,1.0637508908364912,0.11192269704595748
2026-06-29,1,59,28.917727632168482,53.868774348911487,70.091619550558008,1.0717335091439368,0.11292269704595748
2026-06-30,0,59,28.917727632168482,53.868774348911487,70.26512591635101,1.0743865022900863,0.11292269704595748
2026-07-01,0,59,28.917727632168482,53.868774348911487,70.26512591635101,1.0743865022900863,0.11292269704595748
2026-07-02,0,59,28.917727632168482,53.868774348911487,70.178372733454509,1.0730600057170114,0.11292269704595748
2026-07-03,0,59,28.917727632168482,53.868774348911487,70.351879099247526,1.0757129988631611,0.11292269704595748
2026-07-06,1,60,30.658145750635381,53.868774348911487,71.466550009776199,1.0774665844445974,0.11392269704595748
2026-07-07,0,60,30.658145750635381,53.868774348911487,71.405233718274928,1.076542148394926,0.11392269704595748
2026-07-08,0,60,30.658145750635381,53.868774348911487,72.233003653542085,1.0890220350654904,0.11392269704595748
2026-07-09,0,60,30.658145750635381,53.868774348911487,72.324978090793991,1.0904086891399976,0.11392269704595748
2026-07-10,0,60,30.658145750635381,53.868774348911487,72.447610673796532,1.0922575612393404,0.11392269704595748
2026-07-13,1,61,32.342800050804016,53.868774348911487,73.048054779038267,1.0862338567894059,0.11492269704595748
2026-07-14,0,61,32.342800050804016,53.868774348911487,73.112740379139879,1.0871957398825238,0.11492269704595748
2026-07-15,0,61,32.342800050804016,53.868774348911487,73.371482779546312,1.0910432722549954,0.11492269704595748
2026-07-16,0,61,32.342800050804016,53.868774348911487,73.694910780054343,1.0958526877205848,0.11492269704595748
2026-07-17,0,61,32.342800050804016,53.868774348911487,72.821655178682647,1.0828672659634933,0.11492269704595748
2026-07-20,1,62,34.002268489342221,53.868774348911487,74.338139979495509,1.0905476606122932,0.11592269704595748
2026-07-21,0,62,34.002268489342221,53.868774348911487,74.610158127410244,1.0945381929949212,0.11592269704595748
2026-07-22,0,62,34.002268489342221,53.868774348911487,73.998117294602082,1.0855594951340082,0.11592269704595748
2026-07-23,0,62,34.002268489342221,53.868774348911487,74.100124100070104,1.0870559447774935,0.11592269704595748
2026-07-24,0,62,34.002268489342221,53.868774348911487,73.760101415176678,1.0820677792992086,0.11592269704595748
2026-07-27,1,63,35.675635323513077,53.868774348911487,75.167128637048791,1.0880391029407877,0.11692269704595748
2026-07-28,0,63,35.675635323513077,53.868774348911487,75.131453001725276,1.0875227005324735,0.11692269704595748
2026-07-29,0,63,35.675635323513077,53.868774348911487,75.809290072872031,1.0973343462904439,0.11692269704595748
2026-07-30,0,63,35.675635323513077,53.868774348911487,75.595236260930946,1.0942359318405583,0.11692269704595748
2026-07-31,0,63,35.675635323513077,53.868774348911487,75.595236260930946,1.0942359318405583,0.11692269704595748
2026-08-03,1,64,37.300025567415517,53.868774348911487,76.808290072872026,1.0973200598109665,0.11792269704595748
2026-08-04,0,64,37.300025567415517,53.868774348911487,76.882890124006863,1.0983858319105084,0.11792269704595748
2026-08-05,0,64,37.300025567415517,53.868774348911487,77.143990302978764,1.1021160342589043,0.11792269704595748
2026-08-06,0,64,37.300025567415517,53.868774348911487,76.621789945034948,1.0946556295621124,0.11792269704595748
2026-08-07,0,64,37.300025567415517,53.868774348911487,76.733690021737203,1.096254287711425,0.11792269704595748
2026-08-10,1,65,38.919150364822322,53.868774348911487,77.881890124006858,1.0983717288664359,0.11892269704595748
2026-08-11,0,65,38.919150364822322,53.868774348911487,77.60945607145311,1.0945295794164276,0.11892269704595748
2026-08-12,0,65,38.919150364822322,53.868774348911487,77.375941169264166,1.0912363084592775,0.11892269704595748
2026-08-13,0,65,38.919150364822322,53.868774348911487,77.414860319628986,1.0917851869521358,0.11892269704595748
2026-08-14,0,65,38.919150364822322,53.868774348911487,77.064587966345584,1.0868452805164108,0.11892269704595748
2026-08-17,1,66,40.567665216307468,53.868774348911487,78.452779469993814,1.0923201421633777,0.11992269704595748
2026-08-18,0,66,40.567665216307468,53.868774348911487,78.168805813479651,1.088366296972044,0.11992269704595748
2026-08-19,0,66,40.567665216307468,53.868774348911487,77.803696826532899,1.0832827817260438,0.11992269704595748
2026-08-20,0,66,40.567665216307468,53.868774348911487,78.087670483047049,1.0872366269173774,0.11992269704595748
2026-08-21,0,66,40.567665216307468,53.868774348911487,78.12823814826335,1.0878014619447107,0.11992269704595748
2026-08-24,1,67,42.290079009410917,53.868774348911487,78.397020174369814,1.0776206857684558,0.12092269704595748
