account_id,date,symbol,side,qty,price,notional,fee,reason,signal_date
no_exit_100-fee0.001,2020-12-01,510300,buy,66200.0,5.027,332787.4,332.78740000000005,monthly,2020-11-30
no_exit_100-fee0.001,2020-12-01,512400,buy,351200.0,0.948,332937.6,332.9376,monthly,2020-11-30
no_exit_100-fee0.001,2020-12-01,515050,buy,272900.0,1.22,332938.0,332.938,monthly,2020-11-30
no_exit_100-fee0.001,2021-01-04,510300,sell,800.0,5.28,4224.0,4.224,monthly,2020-12-31
no_exit_100-fee0.001,2021-01-04,512400,sell,351200.0,1.033,362789.6,362.7896,monthly,2020-12-31
no_exit_100-fee0.001,2021-01-04,515050,buy,18100.0,1.187,21484.7,21.4847,monthly,2020-12-31
no_exit_100-fee0.001,2021-01-04,512890,buy,259300.0,1.331,345128.3,345.12829999999997,monthly,2020-12-31
no_exit_100-fee0.001,2021-02-01,510300,sell,1600.0,5.348,8556.8,8.556799999999999,monthly,2021-01-29
no_exit_100-fee0.001,2021-02-01,515050,buy,5100.0,1.152,5875.2,5.8751999999999995,monthly,2021-01-29
no_exit_100-fee0.001,2021-02-01,512890,buy,5600.0,1.288,7212.8,7.2128000000000005,monthly,2021-01-29
no_exit_100-fee0.001,2021-03-01,515050,sell,296100.0,1.126,333408.6,333.4086,monthly,2021-02-26
no_exit_100-fee0.001,2021-03-01,512890,sell,12000.0,1.37,16440.0,16.44,monthly,2021-02-26
no_exit_100-fee0.001,2021-03-01,510300,buy,500.0,5.381,2690.5,2.6905,monthly,2021-02-26
no_exit_100-fee0.001,2021-03-01,515300,buy,306200.0,1.13,346005.99999999994,346.006,monthly,2021-02-26
no_exit_100-fee0.001,2021-04-01,515300,sell,306200.0,1.165,356723.0,356.723,monthly,2021-03-31
no_exit_100-fee0.001,2021-04-01,512890,sell,8300.0,1.419,11777.7,11.777700000000001,monthly,2021-03-31
no_exit_100-fee0.001,2021-04-01,510300,buy,4200.0,5.056,21235.2,21.235200000000003,monthly,2021-03-31
no_exit_100-fee0.001,2021-04-01,512400,buy,342100.0,1.013,346547.3,346.5473,monthly,2021-03-31
no_exit_100-fee0.001,2021-05-06,512400,sell,18400.0,1.116,20534.4,20.5344,monthly,2021-04-30
no_exit_100-fee0.001,2021-05-06,510300,buy,2200.0,5.109,11239.8,11.239799999999999,monthly,2021-04-30
no_exit_100-fee0.001,2021-05-06,512890,buy,6800.0,1.437,9771.6,9.771600000000001,monthly,2021-04-30
no_exit_100-fee0.001,2021-06-01,512400,sell,2200.0,1.191,2620.2000000000003,2.6202000000000005,monthly,2021-05-31
no_exit_100-fee0.001,2021-06-01,512890,sell,2300.0,1.537,3535.1,3.5351,monthly,2021-05-31
no_exit_100-fee0.001,2021-06-01,510300,buy,1100.0,5.333,5866.3,5.866300000000001,monthly,2021-05-31
no_exit_100-fee0.001,2021-07-01,510300,sell,71800.0,5.273,378601.39999999997,378.60139999999996,monthly,2021-06-30
no_exit_100-fee0.001,2021-07-01,512890,sell,1000.0,1.499,1499.0,1.499,monthly,2021-06-30
no_exit_100-fee0.001,2021-07-01,512400,buy,7200.0,1.131,8143.2,8.1432,monthly,2021-06-30
no_exit_100-fee0.001,2021-07-01,515130,buy,244600.0,1.518,371302.8,371.3028,monthly,2021-06-30
no_exit_100-fee0.001,2021-08-02,512400,sell,328700.0,1.457,478915.9,478.9159,monthly,2021-07-30
no_exit_100-fee0.001,2021-08-02,510300,buy,80600.0,4.856,391393.6,391.3936,monthly,2021-07-30
no_exit_100-fee0.001,2021-08-02,515130,buy,33500.0,1.41,47235.0,47.235,monthly,2021-07-30
no_exit_100-fee0.001,2021-08-02,512890,buy,27500.0,1.423,39132.5,39.1325,monthly,2021-07-30
no_exit_100-fee0.001,2021-09-01,512890,sell,275600.0,1.593,439030.8,439.0308,monthly,2021-08-31
no_exit_100-fee0.001,2021-09-01,510300,buy,3000.0,4.88,14640.0,14.64,monthly,2021-08-31
no_exit_100-fee0.001,2021-09-01,512400,buy,243400.0,1.676,407938.39999999997,407.9384,monthly,2021-08-31
no_exit_100-fee0.001,2021-09-01,515130,buy,10900.0,1.413,15401.7,15.401700000000002,monthly,2021-08-31
no_exit_100-fee0.001,2021-10-08,510300,sell,5100.0,4.978,25387.8,25.3878,monthly,2021-09-30
no_exit_100-fee0.001,2021-10-08,512400,sell,243400.0,1.407,342463.8,342.4638,monthly,2021-09-30
no_exit_100-fee0.001,2021-10-08,515130,sell,15700.0,1.43,22451.0,22.451,monthly,2021-09-30
no_exit_100-fee0.001,2021-10-08,515050,buy,355900.0,1.096,390066.4,390.06640000000004,monthly,2021-09-30
no_exit_100-fee0.001,2021-11-01,510300,sell,78500.0,4.957,389124.5,389.1245,monthly,2021-10-29
no_exit_100-fee0.001,2021-11-01,515050,sell,355900.0,1.116,397184.4,397.18440000000004,monthly,2021-10-29
no_exit_100-fee0.001,2021-11-01,515130,sell,500.0,1.442,721.0,0.721,monthly,2021-10-29
no_exit_100-fee0.001,2021-11-01,512400,buy,285400.0,1.376,392710.39999999997,392.7104,monthly,2021-10-29
no_exit_100-fee0.001,2021-11-01,515300,buy,341500.0,1.15,392724.99999999994,392.72499999999997,monthly,2021-10-29
no_exit_100-fee0.001,2021-12-01,512400,sell,12800.0,1.452,18585.6,18.5856,monthly,2021-11-30
no_exit_100-fee0.001,2021-12-01,515300,sell,341500.0,1.123,383504.5,383.5045,monthly,2021-11-30
no_exit_100-fee0.001,2021-12-01,515130,buy,4100.0,1.429,5858.900000000001,5.858900000000001,monthly,2021-11-30
no_exit_100-fee0.001,2021-12-01,512890,buy,527800.0,0.749,395322.2,395.3222,monthly,2021-11-30
no_exit_100-fee0.001,2022-01-04,515130,sell,276900.0,1.465,405658.5,405.6585,monthly,2021-12-31
no_exit_100-fee0.001,2022-01-04,512890,sell,26800.0,0.795,21306.0,21.306,monthly,2021-12-31
no_exit_100-fee0.001,2022-01-04,512400,buy,21000.0,1.356,28476.000000000004,28.476000000000003,monthly,2021-12-31
no_exit_100-fee0.001,2022-01-04,515880,buy,352200.0,1.129,397633.8,397.6338,monthly,2021-12-31
no_exit_100-fee0.001,2022-02-07,512890,sell,29700.0,0.791,23492.7,23.492700000000003,monthly,2022-01-28
no_exit_100-fee0.001,2022-02-07,515880,sell,352200.0,1.025,361004.99999999994,361.00499999999994,monthly,2022-01-28
no_exit_100-fee0.001,2022-02-07,512400,buy,9400.0,1.23,11562.0,11.562,monthly,2022-01-28
no_exit_100-fee0.001,2022-02-07,515300,buy,315700.0,1.179,372210.3,372.2103,monthly,2022-01-28
no_exit_100-fee0.001,2022-03-01,512400,sell,25100.0,1.431,35918.1,35.9181,monthly,2022-02-28
no_exit_100-fee0.001,2022-03-01,512890,sell,471300.0,0.818,385523.39999999997,385.5234,monthly,2022-02-28
no_exit_100-fee0.001,2022-03-01,515300,buy,19800.0,1.185,23463.0,23.463,monthly,2022-02-28
no_exit_100-fee0.001,2022-03-01,515880,buy,378200.0,1.05,397110.0,397.11,monthly,2022-02-28
no_exit_100-fee0.001,2022-04-01,515300,sell,335500.0,1.195,400922.5,400.9225,monthly,2022-03-31
no_exit_100-fee0.001,2022-04-01,515880,sell,378200.0,0.903,341514.60000000003,341.51460000000003,monthly,2022-03-31
no_exit_100-fee0.001,2022-04-01,512400,buy,598600.0,1.238,741066.8,741.0668000000001,monthly,2022-03-31
no_exit_100-fee0.001,2022-05-05,512400,sell,876500.0,1.1,964150.0000000001,964.1500000000001,monthly,2022-04-29
no_exit_100-fee0.001,2022-05-05,515300,buy,273900.0,1.171,320736.9,320.73690000000005,monthly,2022-04-29
no_exit_100-fee0.001,2022-05-05,518850,buy,80400.0,3.984,320313.6,320.3136,monthly,2022-04-29
no_exit_100-fee0.001,2022-05-05,515170,buy,443200.0,0.724,320876.8,320.8768,monthly,2022-04-29
no_exit_100-fee0.001,2022-06-01,515170,sell,443200.0,0.739,327524.8,327.52479999999997,monthly,2022-05-31
no_exit_100-fee0.001,2022-06-01,515300,buy,4300.0,1.145,4923.5,4.9235,monthly,2022-05-31
no_exit_100-fee0.001,2022-06-01,518850,buy,900.0,3.915,3523.5,3.5235,monthly,2022-05-31
no_exit_100-fee0.001,2022-06-01,512890,buy,378900.0,0.84,318276.0,318.276,monthly,2022-05-31
no_exit_100-fee0.001,2022-07-01,515300,sell,278200.0,1.178,327719.6,327.71959999999996,monthly,2022-06-30
no_exit_100-fee0.001,2022-07-01,512890,sell,1400.0,0.85,1190.0,1.19,monthly,2022-06-30
no_exit_100-fee0.001,2022-07-01,512400,buy,243700.0,1.314,320221.8,320.2218,monthly,2022-06-30
no_exit_100-fee0.001,2022-07-01,518850,buy,2100.0,3.842,8068.2,8.0682,monthly,2022-06-30
no_exit_100-fee0.001,2022-08-01,512400,sell,243700.0,1.255,305843.5,305.8435,monthly,2022-07-29
no_exit_100-fee0.001,2022-08-01,518850,sell,1500.0,3.785,5677.5,5.6775,monthly,2022-07-29
no_exit_100-fee0.001,2022-08-01,515300,buy,271600.0,1.14,309624.0,309.624,monthly,2022-07-29
no_exit_100-fee0.001,2022-08-01,512890,buy,2000.0,0.817,1634.0,1.6340000000000001,monthly,2022-07-29
no_exit_100-fee0.001,2022-09-01,512890,sell,8300.0,0.848,7038.4,7.0384,monthly,2022-08-31
no_exit_100-fee0.001,2022-09-01,515300,buy,1600.0,1.152,1843.1999999999998,1.8432,monthly,2022-08-31
no_exit_100-fee0.001,2022-09-01,518850,buy,1300.0,3.781,4915.3,4.9153,monthly,2022-08-31
no_exit_100-fee0.001,2022-10-10,515300,sell,273200.0,1.117,305164.4,305.16440000000006,monthly,2022-09-30
no_exit_100-fee0.001,2022-10-10,518850,sell,2000.0,3.832,7664.0,7.664000000000001,monthly,2022-09-30
no_exit_100-fee0.001,2022-10-10,515170,buy,421500.0,0.738,311067.0,311.067,monthly,2022-09-30
no_exit_100-fee0.001,2022-10-10,512890,buy,1700.0,0.835,1419.5,1.4195,monthly,2022-09-30
no_exit_100-fee0.001,2022-11-01,518850,sell,7700.0,3.842,29583.4,29.5834,monthly,2022-10-31
no_exit_100-fee0.001,2022-11-01,515170,sell,421500.0,0.587,247420.5,247.4205,monthly,2022-10-31
no_exit_100-fee0.001,2022-11-01,512890,sell,7100.0,0.772,5481.2,5.4812,monthly,2022-10-31
no_exit_100-fee0.001,2022-11-01,515300,buy,264500.0,1.066,281957.0,281.957,monthly,2022-10-31
no_exit_100-fee0.001,2022-12-01,515300,sell,5600.0,1.186,6641.599999999999,6.6415999999999995,monthly,2022-11-30
no_exit_100-fee0.001,2022-12-01,512890,sell,9500.0,0.862,8189.0,8.189,monthly,2022-11-30
no_exit_100-fee0.001,2022-12-01,518850,buy,3700.0,3.977,14714.9,14.7149,monthly,2022-11-30
no_exit_100-fee0.001,2023-01-03,518850,sell,2300.0,4.01,9223.0,9.223,monthly,2022-12-30
no_exit_100-fee0.001,2023-01-03,515300,buy,100.0,1.161,116.10000000000001,0.11610000000000001,monthly,2022-12-30
no_exit_100-fee0.001,2023-01-03,512890,buy,10800.0,0.819,8845.199999999999,8.845199999999998,monthly,2022-12-30
no_exit_100-fee0.001,2023-02-01,515300,sell,900.0,1.202,1081.8,1.0817999999999999,monthly,2023-01-31
no_exit_100-fee0.001,2023-02-01,518850,buy,300.0,4.125,1237.5,1.2375,monthly,2023-01-31
no_exit_100-fee0.001,2023-02-01,512890,buy,100.0,0.845,84.5,0.0845,monthly,2023-01-31
no_exit_100-fee0.001,2023-03-01,515300,sell,258100.0,1.218,314365.8,314.3658,monthly,2023-02-28
no_exit_100-fee0.001,2023-03-01,512890,sell,8400.0,0.873,7333.2,7.3332,monthly,2023-02-28
no_exit_100-fee0.001,2023-03-01,518850,buy,2000.0,4.052,8103.999999999999,8.104,monthly,2023-02-28
no_exit_100-fee0.001,2023-03-01,515170,buy,385500.0,0.811,312640.5,312.64050000000003,monthly,2023-02-28
no_exit_100-fee0.001,2023-04-03,518850,sell,77200.0,4.274,329952.8,329.95279999999997,monthly,2023-03-31
no_exit_100-fee0.001,2023-04-03,512890,sell,1200.0,0.889,1066.8,1.0668,monthly,2023-03-31
no_exit_100-fee0.001,2023-04-03,515300,buy,250500.0,1.267,317383.5,317.3835,monthly,2023-03-31
no_exit_100-fee0.001,2023-04-03,515170,buy,16800.0,0.79,13272.0,13.272,monthly,2023-03-31
no_exit_100-fee0.001,2023-05-04,515300,sell,8100.0,1.345,10894.5,10.8945,monthly,2023-04-28
no_exit_100-fee0.001,2023-05-04,512890,sell,357600.0,0.961,343653.6,343.6536,monthly,2023-04-28
no_exit_100-fee0.001,2023-05-04,518850,buy,73900.0,4.4,325160.0,325.16,monthly,2023-04-28
no_exit_100-fee0.001,2023-05-04,515170,buy,38300.0,0.74,28342.0,28.342000000000002,monthly,2023-04-28
no_exit_100-fee0.001,2023-06-01,515300,sell,242400.0,1.345,326028.0,326.028,monthly,2023-05-31
no_exit_100-fee0.001,2023-06-01,518850,sell,2200.0,4.403,9686.599999999999,9.686599999999999,monthly,2023-05-31
no_exit_100-fee0.001,2023-06-01,515050,buy,327900.0,0.961,315111.89999999997,315.1119,monthly,2023-05-31
no_exit_100-fee0.001,2023-06-01,515170,buy,30400.0,0.67,20368.0,20.368000000000002,monthly,2023-05-31
no_exit_100-fee0.001,2023-07-03,515050,sell,327900.0,1.07,350853.0,350.853,monthly,2023-06-30
no_exit_100-fee0.001,2023-07-03,515170,sell,471000.0,0.679,319809.0,319.809,monthly,2023-06-30
no_exit_100-fee0.001,2023-07-03,515300,buy,245600.0,1.333,327384.8,327.3848,monthly,2023-06-30
no_exit_100-fee0.001,2023-07-03,518850,buy,3200.0,4.375,14000.0,14.0,monthly,2023-06-30
no_exit_100-fee0.001,2023-07-03,512890,buy,359000.0,0.912,327408.0,327.408,monthly,2023-06-30
no_exit_100-fee0.001,2023-08-01,515300,sell,4500.0,1.427,6421.5,6.4215,monthly,2023-07-31
no_exit_100-fee0.001,2023-08-01,512890,sell,359000.0,0.969,347871.0,347.871,monthly,2023-07-31
no_exit_100-fee0.001,2023-08-01,515050,buy,339700.0,1.012,343776.4,343.7764,monthly,2023-07-31
no_exit_100-fee0.001,2023-08-01,518850,buy,2300.0,4.452,10239.6,10.239600000000001,monthly,2023-07-31
no_exit_100-fee0.001,2023-09-01,515050,sell,339700.0,0.956,324753.2,324.7532,monthly,2023-08-31
no_exit_100-fee0.001,2023-09-01,518850,sell,3100.0,4.509,13977.900000000001,13.977900000000002,monthly,2023-08-31
no_exit_100-fee0.001,2023-09-01,515300,buy,3100.0,1.368,4240.8,4.2408,monthly,2023-08-31
no_exit_100-fee0.001,2023-09-01,512890,buy,358200.0,0.932,333842.4,333.84240000000005,monthly,2023-08-31
no_exit_100-fee0.001,2023-10-09,515300,sell,400.0,1.378,551.1999999999999,0.5511999999999999,monthly,2023-09-28
no_exit_100-fee0.001,2023-10-09,512890,sell,358200.0,0.948,339573.6,339.5736,monthly,2023-09-28
no_exit_100-fee0.001,2023-10-09,518850,buy,800.0,4.476,3580.8,3.5808000000000004,monthly,2023-09-28
no_exit_100-fee0.001,2023-10-09,515880,buy,302500.0,1.109,335472.5,335.4725,monthly,2023-09-28
no_exit_100-fee0.001,2023-11-01,515300,sell,1900.0,1.346,2557.4,2.5574000000000003,monthly,2023-10-31
no_exit_100-fee0.001,2023-11-01,518850,sell,4400.0,4.615,20306.0,20.306,monthly,2023-10-31
no_exit_100-fee0.001,2023-11-01,515880,buy,22800.0,1.001,22822.8,22.8228,monthly,2023-10-31
no_exit_100-fee0.001,2023-12-01,515880,sell,325300.0,1.016,330504.8,330.5048,monthly,2023-11-30
no_exit_100-fee0.001,2023-12-01,515300,buy,1300.0,1.346,1749.8000000000002,1.7498000000000002,monthly,2023-11-30
no_exit_100-fee0.001,2023-12-01,518850,buy,200.0,4.622,924.4,0.9244,monthly,2023-11-30
no_exit_100-fee0.001,2023-12-01,512890,buy,355500.0,0.92,327060.0,327.06,monthly,2023-11-30
no_exit_100-fee0.001,2024-01-02,518850,sell,800.0,4.664,3731.2,3.7312,monthly,2023-12-29
no_exit_100-fee0.001,2024-01-02,512890,sell,355500.0,0.913,324571.5,324.5715,monthly,2023-12-29
no_exit_100-fee0.001,2024-01-02,515300,buy,14200.0,1.268,18005.6,18.005599999999998,monthly,2023-12-29
no_exit_100-fee0.001,2024-01-02,515880,buy,316000.0,1.032,326112.0,326.112,monthly,2023-12-29
no_exit_100-fee0.001,2024-02-01,515300,sell,21300.0,1.32,28116.0,28.116,monthly,2024-01-31
no_exit_100-fee0.001,2024-02-01,518850,sell,3300.0,4.678,15437.4,15.4374,monthly,2024-01-31
no_exit_100-fee0.001,2024-02-01,515880,sell,316000.0,0.848,267968.0,267.968,monthly,2024-01-31
no_exit_100-fee0.001,2024-02-01,588000,buy,434500.0,0.716,311102.0,311.10200000000003,monthly,2024-01-31
no_exit_100-fee0.001,2024-03-01,588000,sell,434500.0,0.85,369325.0,369.325,monthly,2024-02-29
no_exit_100-fee0.001,2024-03-01,515300,buy,7200.0,1.378,9921.599999999999,9.921599999999998,monthly,2024-02-29
no_exit_100-fee0.001,2024-03-01,518850,buy,4900.0,4.684,22951.600000000002,22.951600000000003,monthly,2024-02-29
no_exit_100-fee0.001,2024-03-01,512890,buy,334700.0,1.001,335034.69999999995,335.0347,monthly,2024-02-29
no_exit_100-fee0.001,2024-04-01,518850,sell,71500.0,5.2,371800.0,371.8,monthly,2024-03-29
no_exit_100-fee0.001,2024-04-01,515300,buy,8600.0,1.388,11936.8,11.9368,monthly,2024-03-29
no_exit_100-fee0.001,2024-04-01,512890,buy,10200.0,1.014,10342.8,10.342799999999999,monthly,2024-03-29
no_exit_100-fee0.001,2024-04-01,515880,buy,301000.0,1.16,349160.0,349.16,monthly,2024-03-29
no_exit_100-fee0.001,2024-05-06,515300,sell,1200.0,1.447,1736.4,1.7364000000000002,monthly,2024-04-30
no_exit_100-fee0.001,2024-05-06,515880,sell,301000.0,1.211,364511.0,364.511,monthly,2024-04-30
no_exit_100-fee0.001,2024-05-06,515130,buy,323500.0,1.12,362320.00000000006,362.32000000000005,monthly,2024-04-30
no_exit_100-fee0.001,2024-05-06,512890,buy,3200.0,1.042,3334.4,3.3344,monthly,2024-04-30
no_exit_100-fee0.001,2024-06-03,515130,sell,323500.0,1.103,356820.5,356.8205,monthly,2024-05-31
no_exit_100-fee0.001,2024-06-03,512890,sell,9900.0,1.084,10731.6,10.7316,monthly,2024-05-31
no_exit_100-fee0.001,2024-06-03,515300,buy,500.0,1.459,729.5,0.7295,monthly,2024-05-31
no_exit_100-fee0.001,2024-06-03,515880,buy,329200.0,1.112,366070.4,366.0704,monthly,2024-05-31
no_exit_100-fee0.001,2024-07-01,515880,sell,329200.0,1.175,386810.0,386.81,monthly,2024-06-28
no_exit_100-fee0.001,2024-07-01,515300,buy,16200.0,1.383,22404.6,22.4046,monthly,2024-06-28
no_exit_100-fee0.001,2024-07-01,159652,buy,428100.0,0.863,369450.3,369.45029999999997,monthly,2024-06-28
no_exit_100-fee0.001,2024-07-01,512890,buy,11400.0,1.058,12061.2,12.061200000000001,monthly,2024-06-28
no_exit_100-fee0.001,2024-08-01,515300,sell,5400.0,1.388,7495.2,7.4952,monthly,2024-07-31
no_exit_100-fee0.001,2024-08-01,159652,sell,428100.0,0.846,362172.6,362.1726,monthly,2024-07-31
no_exit_100-fee0.001,2024-08-01,512890,buy,5800.0,1.023,5933.4,5.9334,monthly,2024-07-31
no_exit_100-fee0.001,2024-08-01,515880,buy,313500.0,1.158,363033.0,363.033,monthly,2024-07-31
no_exit_100-fee0.001,2024-09-02,515300,sell,6500.0,1.343,8729.5,8.7295,monthly,2024-08-30
no_exit_100-fee0.001,2024-09-02,512890,sell,13000.0,1.002,13026.0,13.026,monthly,2024-08-30
no_exit_100-fee0.001,2024-09-02,515880,sell,313500.0,1.025,321337.5,321.33750000000003,monthly,2024-08-30
no_exit_100-fee0.001,2024-09-02,518850,buy,62100.0,5.512,342295.19999999995,342.29519999999997,monthly,2024-08-30
no_exit_100-fee0.001,2024-10-08,515300,sell,255500.0,1.611,411610.5,411.6105,monthly,2024-09-30
no_exit_100-fee0.001,2024-10-08,512890,sell,342400.0,1.222,418412.8,418.4128,monthly,2024-09-30
no_exit_100-fee0.001,2024-10-08,518850,buy,147500.0,5.73,845175.0000000001,845.1750000000002,monthly,2024-09-30
no_exit_100-fee0.001,2024-12-02,518850,sell,209600.0,5.896,1235801.6,1235.8016,monthly,2024-11-29
no_exit_100-fee0.001,2024-12-02,515300,buy,296000.0,1.389,411144.0,411.144,monthly,2024-11-29
no_exit_100-fee0.001,2024-12-02,159652,buy,458800.0,0.896,411084.8,411.0848,monthly,2024-11-29
no_exit_100-fee0.001,2024-12-02,512890,buy,378200.0,1.087,411103.39999999997,411.10339999999997,monthly,2024-11-29
no_exit_100-fee0.001,2025-01-02,515300,sell,296000.0,1.399,414104.0,414.104,monthly,2024-12-31
no_exit_100-fee0.001,2025-01-02,159652,sell,458800.0,0.855,392274.0,392.274,monthly,2024-12-31
no_exit_100-fee0.001,2025-01-02,512890,sell,378200.0,1.121,423962.2,423.9622,monthly,2024-12-31
no_exit_100-fee0.001,2025-01-02,518850,buy,69300.0,5.994,415384.2,415.3842,monthly,2024-12-31
no_exit_100-fee0.001,2025-01-02,515880,buy,307400.0,1.352,415604.80000000005,415.60480000000007,monthly,2024-12-31
no_exit_100-fee0.001,2025-01-02,562590,buy,395800.0,1.05,415590.0,415.59000000000003,monthly,2024-12-31
no_exit_100-fee0.001,2025-02-05,518850,sell,3200.0,6.424,20556.800000000003,20.556800000000003,monthly,2025-01-27
no_exit_100-fee0.001,2025-02-05,515880,sell,307400.0,1.353,415912.2,415.91220000000004,monthly,2025-01-27
no_exit_100-fee0.001,2025-02-05,562590,sell,395800.0,1.046,414006.8,414.0068,monthly,2025-01-27
no_exit_100-fee0.001,2025-02-05,588000,buy,408500.0,1.039,424431.49999999994,424.43149999999997,monthly,2025-01-27
no_exit_100-fee0.001,2025-02-05,513870,buy,281300.0,1.509,424481.69999999995,424.4817,monthly,2025-01-27
no_exit_100-fee0.001,2025-03-03,518850,sell,66100.0,6.48,428328.0,428.32800000000003,monthly,2025-02-28
no_exit_100-fee0.001,2025-03-03,588000,sell,408500.0,1.133,462830.5,462.83050000000003,monthly,2025-02-28
no_exit_100-fee0.001,2025-03-03,159652,buy,494700.0,0.872,431378.4,431.37840000000006,monthly,2025-02-28
no_exit_100-fee0.001,2025-03-03,513870,buy,18500.0,1.441,26658.5,26.6585,monthly,2025-02-28
no_exit_100-fee0.001,2025-03-03,562590,buy,380600.0,1.133,431219.8,431.2198,monthly,2025-02-28
no_exit_100-fee0.001,2025-04-01,159652,sell,494700.0,0.941,465512.69999999995,465.51269999999994,monthly,2025-03-31
no_exit_100-fee0.001,2025-04-01,513870,sell,299800.0,1.325,397235.0,397.235,monthly,2025-03-31
no_exit_100-fee0.001,2025-04-01,518850,buy,59800.0,7.096,424340.8,424.3408,monthly,2025-03-31
no_exit_100-fee0.001,2025-04-01,588000,buy,393900.0,1.079,425018.1,425.0181,monthly,2025-03-31
no_exit_100-fee0.001,2025-04-01,562590,buy,10300.0,1.089,11216.699999999999,11.2167,monthly,2025-03-31
no_exit_100-fee0.001,2025-05-06,518850,sell,59800.0,7.64,456872.0,456.872,monthly,2025-04-30
no_exit_100-fee0.001,2025-05-06,588000,sell,393900.0,1.067,420291.3,420.2913,monthly,2025-04-30
no_exit_100-fee0.001,2025-05-06,515170,buy,1106400.0,0.589,651669.6,651.6696,monthly,2025-04-30
no_exit_100-fee0.001,2025-05-06,562590,buy,204900.0,1.095,224365.5,224.3655,monthly,2025-04-30
no_exit_100-fee0.001,2025-06-03,515170,sell,1106400.0,0.585,647244.0,647.244,monthly,2025-05-30
no_exit_100-fee0.001,2025-06-03,562590,sell,191000.0,1.046,199786.0,199.786,monthly,2025-05-30
no_exit_100-fee0.001,2025-06-03,515300,buy,303200.0,1.394,422660.8,422.6608,monthly,2025-05-30
no_exit_100-fee0.001,2025-06-03,588000,buy,411100.0,1.028,422610.8,422.6108,monthly,2025-05-30
no_exit_100-fee0.001,2025-07-01,515300,sell,303200.0,1.379,418112.8,418.1128,monthly,2025-06-30
no_exit_100-fee0.001,2025-07-01,562590,sell,11700.0,1.109,12975.3,12.975299999999999,monthly,2025-06-30
no_exit_100-fee0.001,2025-07-01,518850,buy,58800.0,7.393,434708.39999999997,434.7084,monthly,2025-06-30
no_exit_100-fee0.001,2025-07-01,588000,buy,2000.0,1.055,2110.0,2.11,monthly,2025-06-30
no_exit_100-fee0.001,2025-08-01,588000,sell,8200.0,1.101,9028.2,9.028200000000002,monthly,2025-07-31
no_exit_100-fee0.001,2025-08-01,562590,sell,1700.0,1.139,1936.3,1.9363,monthly,2025-07-31
no_exit_100-fee0.001,2025-08-01,518850,buy,1500.0,7.388,11082.0,11.082,monthly,2025-07-31
no_exit_100-fee0.001,2025-09-01,588000,sell,404900.0,1.419,574553.1,574.5531,monthly,2025-08-29
no_exit_100-fee0.001,2025-09-01,562590,sell,2500.0,1.332,3330.0,3.33,monthly,2025-08-29
no_exit_100-fee0.001,2025-09-01,512400,buy,341200.0,1.516,517259.2,517.2592000000001,monthly,2025-08-29
no_exit_100-fee0.001,2025-09-01,518850,buy,7800.0,7.59,59202.0,59.202,monthly,2025-08-29
no_exit_100-fee0.001,2025-10-09,512400,sell,341200.0,1.75,597100.0,597.1,monthly,2025-09-30
no_exit_100-fee0.001,2025-10-09,562590,sell,388900.0,1.658,644796.2,644.7962,monthly,2025-09-30
no_exit_100-fee0.001,2025-10-09,515130,buy,407600.0,1.508,614660.8,614.6608000000001,monthly,2025-09-30
no_exit_100-fee0.001,2025-10-09,518850,buy,1700.0,8.81,14977.0,14.977,monthly,2025-09-30
no_exit_100-fee0.001,2025-10-09,515170,buy,1058100.0,0.581,614756.1,614.7561,monthly,2025-09-30
no_exit_100-fee0.001,2025-11-03,515130,sell,407600.0,1.511,615883.6,615.8836,monthly,2025-10-31
no_exit_100-fee0.001,2025-11-03,518850,sell,69800.0,8.814,615217.2,615.2171999999999,monthly,2025-10-31
no_exit_100-fee0.001,2025-11-03,515170,sell,1058100.0,0.575,608407.5,608.4075,monthly,2025-10-31
no_exit_100-fee0.001,2025-11-03,515300,buy,457600.0,1.338,612268.8,612.2688,monthly,2025-10-31
no_exit_100-fee0.001,2025-11-03,512890,buy,514900.0,1.189,612216.1,612.2161,monthly,2025-10-31
no_exit_100-fee0.001,2025-11-03,513870,buy,333100.0,1.838,612237.8,612.2378000000001,monthly,2025-10-31
no_exit_100-fee0.001,2025-12-01,515300,sell,457600.0,1.34,613184.0,613.184,monthly,2025-11-28
no_exit_100-fee0.001,2025-12-01,512890,sell,514900.0,1.204,619939.6,619.9396,monthly,2025-11-28
no_exit_100-fee0.001,2025-12-01,513870,sell,333100.0,1.816,604909.6,604.9096,monthly,2025-11-28
no_exit_100-fee0.001,2025-12-01,515050,buy,298800.0,2.046,611344.7999999999,611.3448,monthly,2025-11-28
no_exit_100-fee0.001,2025-12-01,588000,buy,438300.0,1.395,611428.5,611.4285,monthly,2025-11-28
no_exit_100-fee0.001,2025-12-01,515880,buy,226700.0,2.697,611409.9,611.4099,monthly,2025-11-28
no_exit_100-fee0.001,2026-01-05,515050,sell,4300.0,2.286,9829.8,9.829799999999999,monthly,2025-12-31
no_exit_100-fee0.001,2026-01-05,588000,sell,438300.0,1.433,628083.9,628.0839000000001,monthly,2025-12-31
no_exit_100-fee0.001,2026-01-05,515880,sell,11300.0,3.125,35312.5,35.3125,monthly,2025-12-31
no_exit_100-fee0.001,2026-01-05,512400,buy,343600.0,1.956,672081.6,672.0816,monthly,2025-12-31
no_exit_100-fee0.001,2026-02-02,512400,sell,343600.0,2.105,723278.0,723.278,monthly,2026-01-30
no_exit_100-fee0.001,2026-02-02,515050,buy,4000.0,2.38,9520.0,9.52,monthly,2026-01-30
no_exit_100-fee0.001,2026-02-02,516220,buy,713000.0,0.995,709435.0,709.4350000000001,monthly,2026-01-30
no_exit_100-fee0.001,2026-02-02,515880,buy,700.0,3.287,2300.9,2.3009,monthly,2026-01-30
no_exit_100-fee0.001,2026-03-02,516220,sell,713000.0,1.084,772892.0,772.892,monthly,2026-02-27
no_exit_100-fee0.001,2026-03-02,515050,buy,6800.0,2.376,16156.8,16.1568,monthly,2026-02-27
no_exit_100-fee0.001,2026-03-02,515880,buy,29100.0,1.071,31166.1,31.1661,monthly,2026-02-27
no_exit_100-fee0.001,2026-03-02,562590,buy,368800.0,1.964,724323.2,724.3231999999999,monthly,2026-02-27
no_exit_100-fee0.001,2026-04-01,515050,sell,305300.0,2.375,725087.5,725.0875,monthly,2026-03-31
no_exit_100-fee0.001,2026-04-01,515880,sell,33200.0,1.099,36486.799999999996,36.486799999999995,monthly,2026-03-31
no_exit_100-fee0.001,2026-04-01,588000,buy,522000.0,1.354,706788.0,706.788,monthly,2026-03-31
no_exit_100-fee0.001,2026-04-01,562590,buy,30100.0,1.774,53397.4,53.397400000000005,monthly,2026-03-31
no_exit_100-fee0.001,2026-05-06,588000,sell,522000.0,1.719,897318.0,897.318,monthly,2026-04-30
no_exit_100-fee0.001,2026-05-06,516220,buy,833000.0,1.054,877982.0,877.982,monthly,2026-04-30
no_exit_100-fee0.001,2026-05-06,515880,buy,10000.0,1.344,13440.0,13.44,monthly,2026-04-30
no_exit_100-fee0.001,2026-05-06,562590,buy,1800.0,2.194,3949.2,3.9492,monthly,2026-04-30
no_exit_100-fee0.001,2026-06-01,516220,sell,833000.0,0.905,753865.0,753.865,monthly,2026-05-29
no_exit_100-fee0.001,2026-06-01,515880,sell,63900.0,1.577,100770.3,100.7703,monthly,2026-05-29
no_exit_100-fee0.001,2026-06-01,562590,sell,400700.0,2.513,1006959.1,1006.9591,monthly,2026-05-29
no_exit_100-fee0.001,2026-06-01,515050,buy,778100.0,1.194,929051.3999999999,929.0514,monthly,2026-05-29
no_exit_100-fee0.001,2026-06-01,515130,buy,574500.0,1.617,928966.5,928.9665,monthly,2026-05-29
monthly_reentry_exit-fee0.001,2020-12-01,510300,buy,66200.0,5.027,332787.4,332.78740000000005,monthly,2020-11-30
monthly_reentry_exit-fee0.001,2020-12-01,512400,buy,351200.0,0.948,332937.6,332.9376,monthly,2020-11-30
monthly_reentry_exit-fee0.001,2020-12-01,515050,buy,272900.0,1.22,332938.0,332.938,monthly,2020-11-30
monthly_reentry_exit-fee0.001,2020-12-11,515050,sell,272900.0,1.212,330754.8,330.7548,stop,2020-12-10
monthly_reentry_exit-fee0.001,2021-01-04,510300,sell,400.0,5.28,2112.0,2.112,monthly,2020-12-31
monthly_reentry_exit-fee0.001,2021-01-04,512400,sell,351200.0,1.033,362789.6,362.7896,monthly,2020-12-31
monthly_reentry_exit-fee0.001,2021-01-04,515050,buy,292600.0,1.187,347316.2,347.31620000000004,monthly,2020-12-31
monthly_reentry_exit-fee0.001,2021-01-04,512890,buy,260900.0,1.331,347257.89999999997,347.25789999999995,monthly,2020-12-31
monthly_reentry_exit-fee0.001,2021-01-05,515050,sell,292600.0,1.201,351412.60000000003,351.41260000000005,stop,2021-01-04
monthly_reentry_exit-fee0.001,2021-02-01,510300,sell,800.0,5.348,4278.4,4.2783999999999995,monthly,2021-01-29
monthly_reentry_exit-fee0.001,2021-02-01,515050,buy,301700.0,1.152,347558.39999999997,347.55839999999995,monthly,2021-01-29
monthly_reentry_exit-fee0.001,2021-02-01,512890,buy,9200.0,1.288,11849.6,11.8496,monthly,2021-01-29
monthly_reentry_exit-fee0.001,2021-02-02,515050,sell,301700.0,1.156,348765.19999999995,348.76519999999994,stop,2021-02-01
monthly_reentry_exit-fee0.001,2021-03-01,512890,sell,10200.0,1.37,13974.000000000002,13.974000000000002,monthly,2021-02-26
monthly_reentry_exit-fee0.001,2021-03-01,510300,buy,1100.0,5.381,5919.1,5.9191,monthly,2021-02-26
monthly_reentry_exit-fee0.001,2021-03-01,515300,buy,314800.0,1.13,355723.99999999994,355.72399999999993,monthly,2021-02-26
monthly_reentry_exit-fee0.001,2021-04-01,515300,sell,314800.0,1.165,366742.0,366.742,monthly,2021-03-31
monthly_reentry_exit-fee0.001,2021-04-01,512890,sell,8500.0,1.419,12061.5,12.0615,monthly,2021-03-31
monthly_reentry_exit-fee0.001,2021-04-01,510300,buy,4400.0,5.056,22246.4,22.2464,monthly,2021-03-31
monthly_reentry_exit-fee0.001,2021-04-01,512400,buy,351800.0,1.013,356373.39999999997,356.37339999999995,monthly,2021-03-31
monthly_reentry_exit-fee0.001,2021-05-06,512400,sell,19100.0,1.116,21315.600000000002,21.315600000000003,monthly,2021-04-30
monthly_reentry_exit-fee0.001,2021-05-06,510300,buy,2100.0,5.109,10728.9,10.7289,monthly,2021-04-30
monthly_reentry_exit-fee0.001,2021-05-06,512890,buy,7000.0,1.437,10059.0,10.059000000000001,monthly,2021-04-30
monthly_reentry_exit-fee0.001,2021-06-01,512400,sell,2200.0,1.191,2620.2000000000003,2.6202000000000005,monthly,2021-05-31
monthly_reentry_exit-fee0.001,2021-06-01,512890,sell,2300.0,1.537,3535.1,3.5351,monthly,2021-05-31
monthly_reentry_exit-fee0.001,2021-06-01,510300,buy,1200.0,5.333,6399.6,6.3996,monthly,2021-05-31
monthly_reentry_exit-fee0.001,2021-07-01,510300,sell,73800.0,5.273,389147.39999999997,389.14739999999995,monthly,2021-06-30
monthly_reentry_exit-fee0.001,2021-07-01,512890,sell,1000.0,1.499,1499.0,1.499,monthly,2021-06-30
monthly_reentry_exit-fee0.001,2021-07-01,512400,buy,7500.0,1.131,8482.5,8.4825,monthly,2021-06-30
monthly_reentry_exit-fee0.001,2021-07-01,515130,buy,251400.0,1.518,381625.2,381.6252,monthly,2021-06-30
monthly_reentry_exit-fee0.001,2021-07-27,515130,sell,251400.0,1.446,363524.39999999997,363.52439999999996,stop,2021-07-26
monthly_reentry_exit-fee0.001,2021-08-02,512400,sell,338000.0,1.457,492466.0,492.466,monthly,2021-07-30
monthly_reentry_exit-fee0.001,2021-08-02,510300,buy,83500.0,4.856,405476.0,405.476,monthly,2021-07-30
monthly_reentry_exit-fee0.001,2021-08-02,515130,buy,287800.0,1.41,405798.0,405.798,monthly,2021-07-30
monthly_reentry_exit-fee0.001,2021-08-02,512890,buy,30300.0,1.423,43116.9,43.1169,monthly,2021-07-30
monthly_reentry_exit-fee0.001,2021-08-03,510300,sell,83500.0,4.971,415078.5,415.0785,stop,2021-08-02
monthly_reentry_exit-fee0.001,2021-08-03,515130,sell,287800.0,1.443,415295.4,415.29540000000003,stop,2021-08-02
monthly_reentry_exit-fee0.001,2021-08-04,512890,sell,285400.0,1.408,401843.19999999995,401.84319999999997,stop,2021-08-03
monthly_reentry_exit-fee0.001,2021-09-01,510300,buy,84000.0,4.88,409920.0,409.92,monthly,2021-08-31
monthly_reentry_exit-fee0.001,2021-09-01,512400,buy,244500.0,1.676,409782.0,409.782,monthly,2021-08-31
monthly_reentry_exit-fee0.001,2021-09-01,515130,buy,290100.0,1.413,409911.3,409.9113,monthly,2021-08-31
monthly_reentry_exit-fee0.001,2021-09-02,510300,sell,84000.0,4.96,416640.0,416.64,stop,2021-09-01
monthly_reentry_exit-fee0.001,2021-09-02,515130,sell,290100.0,1.432,415423.19999999995,415.42319999999995,stop,2021-09-01
monthly_reentry_exit-fee0.001,2021-10-08,512400,sell,244500.0,1.407,344011.5,344.0115,monthly,2021-09-30
monthly_reentry_exit-fee0.001,2021-10-08,510300,buy,78500.0,4.978,390773.0,390.773,monthly,2021-09-30
monthly_reentry_exit-fee0.001,2021-10-08,515050,buy,357000.0,1.096,391272.00000000006,391.27200000000005,monthly,2021-09-30
monthly_reentry_exit-fee0.001,2021-10-08,515130,buy,273600.0,1.43,391248.0,391.248,monthly,2021-09-30
monthly_reentry_exit-fee0.001,2021-10-11,510300,sell,78500.0,5.014,393599.0,393.599,stop,2021-10-08
monthly_reentry_exit-fee0.001,2021-10-11,515050,sell,357000.0,1.109,395913.0,395.913,stop,2021-10-08
monthly_reentry_exit-fee0.001,2021-10-11,515130,sell,273600.0,1.45,396720.0,396.72,stop,2021-10-08
monthly_reentry_exit-fee0.001,2021-11-01,512400,buy,286900.0,1.376,394774.39999999997,394.77439999999996,monthly,2021-10-29
monthly_reentry_exit-fee0.001,2021-11-01,515130,buy,273700.0,1.442,394675.39999999997,394.67539999999997,monthly,2021-10-29
monthly_reentry_exit-fee0.001,2021-11-01,515300,buy,343300.0,1.15,394794.99999999994,394.79499999999996,monthly,2021-10-29
monthly_reentry_exit-fee0.001,2021-11-02,515130,sell,273700.0,1.441,394401.7,394.4017,stop,2021-11-01
monthly_reentry_exit-fee0.001,2021-11-03,515300,sell,343300.0,1.139,391018.7,391.0187,stop,2021-11-02
monthly_reentry_exit-fee0.001,2021-12-01,512400,sell,11100.0,1.452,16117.199999999999,16.1172,monthly,2021-11-30
monthly_reentry_exit-fee0.001,2021-12-01,515130,buy,279900.0,1.429,399977.10000000003,399.97710000000006,monthly,2021-11-30
monthly_reentry_exit-fee0.001,2021-12-01,512890,buy,534100.0,0.749,400040.9,400.0409,monthly,2021-11-30
monthly_reentry_exit-fee0.001,2021-12-02,515130,sell,279900.0,1.432,400816.8,400.8168,stop,2021-12-01
monthly_reentry_exit-fee0.001,2022-01-04,512890,sell,31400.0,0.795,24963.0,24.963,monthly,2021-12-31
monthly_reentry_exit-fee0.001,2022-01-04,512400,buy,18900.0,1.356,25628.4,25.628400000000003,monthly,2021-12-31
monthly_reentry_exit-fee0.001,2022-01-04,515880,buy,353600.0,1.129,399214.4,399.2144,monthly,2021-12-31
monthly_reentry_exit-fee0.001,2022-01-06,512400,sell,294700.0,1.278,376626.60000000003,376.62660000000005,stop,2022-01-05
monthly_reentry_exit-fee0.001,2022-01-26,515880,sell,353600.0,1.025,362439.99999999994,362.43999999999994,stop,2022-01-25
monthly_reentry_exit-fee0.001,2022-02-07,512890,sell,24000.0,0.791,18984.0,18.984,monthly,2022-01-28
monthly_reentry_exit-fee0.001,2022-02-07,512400,buy,307500.0,1.23,378225.0,378.225,monthly,2022-01-28
monthly_reentry_exit-fee0.001,2022-02-07,515300,buy,320900.0,1.179,378341.10000000003,378.34110000000004,monthly,2022-01-28
monthly_reentry_exit-fee0.001,2022-02-08,512400,sell,307500.0,1.247,383452.50000000006,383.45250000000004,stop,2022-02-07
monthly_reentry_exit-fee0.001,2022-03-01,512890,sell,478700.0,0.818,391576.6,391.5766,monthly,2022-02-28
monthly_reentry_exit-fee0.001,2022-03-01,512400,buy,268600.0,1.431,384366.60000000003,384.36660000000006,monthly,2022-02-28
monthly_reentry_exit-fee0.001,2022-03-01,515300,buy,3900.0,1.185,4621.5,4.6215,monthly,2022-02-28
monthly_reentry_exit-fee0.001,2022-03-01,515880,buy,366200.0,1.05,384510.0,384.51,monthly,2022-02-28
monthly_reentry_exit-fee0.001,2022-03-07,515880,sell,366200.0,1.013,370960.6,370.9606,stop,2022-03-04
monthly_reentry_exit-fee0.001,2022-03-09,512400,sell,268600.0,1.297,348374.19999999995,348.3742,stop,2022-03-08
monthly_reentry_exit-fee0.001,2022-03-10,515300,sell,324800.0,1.15,373520.0,373.52,stop,2022-03-09
monthly_reentry_exit-fee0.001,2022-04-01,512400,buy,881100.0,1.238,1090801.8,1090.8018,monthly,2022-03-31
monthly_reentry_exit-fee0.001,2022-04-06,512400,sell,881100.0,1.248,1099612.8,1099.6128,stop,2022-04-01
monthly_reentry_exit-fee0.001,2022-05-05,515300,buy,312300.0,1.171,365703.3,365.7033,monthly,2022-04-29
monthly_reentry_exit-fee0.001,2022-05-05,518850,buy,91800.0,3.984,365731.2,365.7312,monthly,2022-04-29
monthly_reentry_exit-fee0.001,2022-05-05,515170,buy,505200.0,0.724,365764.8,365.7648,monthly,2022-04-29
monthly_reentry_exit-fee0.001,2022-05-06,515170,sell,505200.0,0.715,361218.0,361.218,stop,2022-05-05
monthly_reentry_exit-fee0.001,2022-05-09,515300,sell,312300.0,1.151,359457.3,359.4573,stop,2022-05-06
monthly_reentry_exit-fee0.001,2022-06-01,515300,buy,313900.0,1.145,359415.5,359.4155,monthly,2022-05-31
monthly_reentry_exit-fee0.001,2022-06-01,518850,buy,100.0,3.915,391.5,0.3915,monthly,2022-05-31
monthly_reentry_exit-fee0.001,2022-06-01,512890,buy,427900.0,0.84,359436.0,359.43600000000004,monthly,2022-05-31
monthly_reentry_exit-fee0.001,2022-06-02,515300,sell,313900.0,1.138,357218.19999999995,357.21819999999997,stop,2022-06-01
monthly_reentry_exit-fee0.001,2022-07-01,512890,sell,6800.0,0.85,5780.0,5.78,monthly,2022-06-30
monthly_reentry_exit-fee0.001,2022-07-01,512400,buy,272100.0,1.314,357539.4,357.53940000000006,monthly,2022-06-30
monthly_reentry_exit-fee0.001,2022-07-01,518850,buy,1200.0,3.842,4610.400000000001,4.6104,monthly,2022-06-30
monthly_reentry_exit-fee0.001,2022-07-07,518850,sell,93100.0,3.711,345494.1,345.4941,stop,2022-07-06
monthly_reentry_exit-fee0.001,2022-07-12,512400,sell,272100.0,1.279,348015.89999999997,348.0159,stop,2022-07-11
monthly_reentry_exit-fee0.001,2022-07-18,512890,sell,421100.0,0.807,339827.7,339.8277,stop,2022-07-15
monthly_reentry_exit-fee0.001,2022-08-01,515300,buy,301600.0,1.14,343823.99999999994,343.82399999999996,monthly,2022-07-29
monthly_reentry_exit-fee0.001,2022-08-01,518850,buy,90800.0,3.785,343678.0,343.678,monthly,2022-07-29
monthly_reentry_exit-fee0.001,2022-08-01,512890,buy,420900.0,0.817,343875.3,343.8753,monthly,2022-07-29
monthly_reentry_exit-fee0.001,2022-08-02,515300,sell,301600.0,1.126,339601.6,339.60159999999996,stop,2022-08-01
monthly_reentry_exit-fee0.001,2022-08-02,518850,sell,90800.0,3.824,347219.2,347.2192,stop,2022-08-01
monthly_reentry_exit-fee0.001,2022-08-03,512890,sell,420900.0,0.801,337140.9,337.14090000000004,stop,2022-08-02
monthly_reentry_exit-fee0.001,2022-09-01,515300,buy,295700.0,1.152,340646.39999999997,340.64639999999997,monthly,2022-08-31
monthly_reentry_exit-fee0.001,2022-09-01,518850,buy,90100.0,3.781,340668.10000000003,340.66810000000004,monthly,2022-08-31
monthly_reentry_exit-fee0.001,2022-09-01,512890,buy,401700.0,0.848,340641.6,340.6416,monthly,2022-08-31
monthly_reentry_exit-fee0.001,2022-09-02,515300,sell,295700.0,1.153,340942.10000000003,340.94210000000004,stop,2022-09-01
monthly_reentry_exit-fee0.001,2022-09-02,518850,sell,90100.0,3.751,337965.1,337.9651,stop,2022-09-01
monthly_reentry_exit-fee0.001,2022-10-10,518850,buy,88100.0,3.832,337599.2,337.5992,monthly,2022-09-30
monthly_reentry_exit-fee0.001,2022-10-10,515170,buy,457400.0,0.738,337561.2,337.56120000000004,monthly,2022-09-30
monthly_reentry_exit-fee0.001,2022-10-10,512890,buy,3000.0,0.835,2505.0,2.505,monthly,2022-09-30
monthly_reentry_exit-fee0.001,2022-10-11,515170,sell,457400.0,0.708,323839.2,323.8392,stop,2022-10-10
monthly_reentry_exit-fee0.001,2022-10-21,518850,sell,88100.0,3.815,336101.5,336.1015,stop,2022-10-20
monthly_reentry_exit-fee0.001,2022-10-25,512890,sell,404700.0,0.814,329425.8,329.4258,stop,2022-10-24
monthly_reentry_exit-fee0.001,2022-11-01,515300,buy,308700.0,1.066,329074.2,329.0742,monthly,2022-10-31
monthly_reentry_exit-fee0.001,2022-11-01,518850,buy,85600.0,3.842,328875.2,328.8752,monthly,2022-10-31
monthly_reentry_exit-fee0.001,2022-11-01,512890,buy,426300.0,0.772,329103.60000000003,329.10360000000003,monthly,2022-10-31
monthly_reentry_exit-fee0.001,2022-11-02,515300,sell,308700.0,1.077,332469.89999999997,332.4699,stop,2022-11-01
monthly_reentry_exit-fee0.001,2022-11-02,512890,sell,426300.0,0.779,332087.7,332.08770000000004,stop,2022-11-01
monthly_reentry_exit-fee0.001,2022-12-01,518850,sell,1400.0,3.977,5567.8,5.5678,monthly,2022-11-30
monthly_reentry_exit-fee0.001,2022-12-01,515300,buy,282100.0,1.186,334570.6,334.57059999999996,monthly,2022-11-30
monthly_reentry_exit-fee0.001,2022-12-01,512890,buy,388100.0,0.862,334542.2,334.54220000000004,monthly,2022-11-30
monthly_reentry_exit-fee0.001,2022-12-20,512890,sell,388100.0,0.825,320182.5,320.1825,stop,2022-12-19
monthly_reentry_exit-fee0.001,2023-01-03,518850,sell,2400.0,4.01,9624.0,9.624,monthly,2022-12-30
monthly_reentry_exit-fee0.001,2023-01-03,515300,buy,700.0,1.161,812.7,0.8127000000000001,monthly,2022-12-30
monthly_reentry_exit-fee0.001,2023-01-03,512890,buy,400500.0,0.819,328009.5,328.0095,monthly,2022-12-30
monthly_reentry_exit-fee0.001,2023-01-04,512890,sell,400500.0,0.822,329211.0,329.211,stop,2023-01-03
monthly_reentry_exit-fee0.001,2023-02-01,515300,sell,3700.0,1.202,4447.4,4.4474,monthly,2023-01-31
monthly_reentry_exit-fee0.001,2023-02-01,518850,sell,500.0,4.125,2062.5,2.0625,monthly,2023-01-31
monthly_reentry_exit-fee0.001,2023-02-01,512890,buy,396700.0,0.845,335211.5,335.2115,monthly,2023-01-31
monthly_reentry_exit-fee0.001,2023-03-01,515300,sell,279100.0,1.218,339943.8,339.9438,monthly,2023-02-28
monthly_reentry_exit-fee0.001,2023-03-01,512890,sell,8800.0,0.873,7682.4,7.6823999999999995,monthly,2023-02-28
monthly_reentry_exit-fee0.001,2023-03-01,518850,buy,2200.0,4.052,8914.4,8.9144,monthly,2023-02-28
monthly_reentry_exit-fee0.001,2023-03-01,515170,buy,417100.0,0.811,338268.10000000003,338.26810000000006,monthly,2023-02-28
monthly_reentry_exit-fee0.001,2023-03-21,515170,sell,417100.0,0.747,311573.7,311.57370000000003,stop,2023-03-20
monthly_reentry_exit-fee0.001,2023-04-03,518850,sell,83500.0,4.274,356879.0,356.879,monthly,2023-03-31
monthly_reentry_exit-fee0.001,2023-04-03,512890,sell,8100.0,0.889,7200.900000000001,7.200900000000001,monthly,2023-03-31
monthly_reentry_exit-fee0.001,2023-04-03,515300,buy,266000.0,1.267,337022.0,337.022,monthly,2023-03-31
monthly_reentry_exit-fee0.001,2023-04-03,515170,buy,426800.0,0.79,337172.0,337.172,monthly,2023-03-31
monthly_reentry_exit-fee0.001,2023-04-13,515170,sell,426800.0,0.734,313271.2,313.2712,stop,2023-04-12
monthly_reentry_exit-fee0.001,2023-05-04,515300,sell,9300.0,1.345,12508.5,12.5085,monthly,2023-04-28
monthly_reentry_exit-fee0.001,2023-05-04,512890,sell,379800.0,0.961,364987.8,364.9878,monthly,2023-04-28
monthly_reentry_exit-fee0.001,2023-05-04,518850,buy,78300.0,4.4,344520.0,344.52,monthly,2023-04-28
monthly_reentry_exit-fee0.001,2023-05-04,515170,buy,466100.0,0.74,344914.0,344.914,monthly,2023-04-28
monthly_reentry_exit-fee0.001,2023-05-05,515170,sell,466100.0,0.729,339786.89999999997,339.78689999999995,stop,2023-05-04
monthly_reentry_exit-fee0.001,2023-06-01,515300,sell,256700.0,1.345,345261.5,345.2615,monthly,2023-05-31
monthly_reentry_exit-fee0.001,2023-06-01,518850,sell,400.0,4.403,1761.1999999999998,1.7611999999999999,monthly,2023-05-31
monthly_reentry_exit-fee0.001,2023-06-01,515050,buy,356600.0,0.961,342692.6,342.69259999999997,monthly,2023-05-31
monthly_reentry_exit-fee0.001,2023-06-01,515170,buy,511600.0,0.67,342772.0,342.772,monthly,2023-05-31
monthly_reentry_exit-fee0.001,2023-06-02,515170,sell,511600.0,0.68,347888.0,347.88800000000003,stop,2023-06-01
monthly_reentry_exit-fee0.001,2023-07-03,515050,sell,356600.0,1.07,381562.0,381.562,monthly,2023-06-30
monthly_reentry_exit-fee0.001,2023-07-03,515300,buy,267100.0,1.333,356044.3,356.0443,monthly,2023-06-30
monthly_reentry_exit-fee0.001,2023-07-03,518850,buy,3500.0,4.375,15312.5,15.3125,monthly,2023-06-30
monthly_reentry_exit-fee0.001,2023-07-03,512890,buy,390500.0,0.912,356136.0,356.136,monthly,2023-06-30
monthly_reentry_exit-fee0.001,2023-08-01,515300,sell,4900.0,1.427,6992.3,6.9923,monthly,2023-07-31
monthly_reentry_exit-fee0.001,2023-08-01,512890,sell,390500.0,0.969,378394.5,378.3945,monthly,2023-07-31
monthly_reentry_exit-fee0.001,2023-08-01,515050,buy,369100.0,1.012,373529.2,373.5292,monthly,2023-07-31
monthly_reentry_exit-fee0.001,2023-08-01,518850,buy,2500.0,4.452,11130.0,11.13,monthly,2023-07-31
monthly_reentry_exit-fee0.001,2023-08-28,515050,sell,369100.0,0.949,350275.89999999997,350.2759,stop,2023-08-25
monthly_reentry_exit-fee0.001,2023-09-01,518850,sell,3600.0,4.509,16232.400000000001,16.232400000000002,monthly,2023-08-31
monthly_reentry_exit-fee0.001,2023-09-01,515300,buy,2700.0,1.368,3693.6000000000004,3.6936000000000004,monthly,2023-08-31
monthly_reentry_exit-fee0.001,2023-09-01,512890,buy,388500.0,0.932,362082.0,362.082,monthly,2023-08-31
monthly_reentry_exit-fee0.001,2023-10-09,515300,sell,500.0,1.378,689.0,0.6890000000000001,monthly,2023-09-28
monthly_reentry_exit-fee0.001,2023-10-09,512890,sell,388500.0,0.948,368298.0,368.298,monthly,2023-09-28
monthly_reentry_exit-fee0.001,2023-10-09,518850,buy,1000.0,4.476,4476.0,4.476,monthly,2023-09-28
monthly_reentry_exit-fee0.001,2023-10-09,515880,buy,328000.0,1.109,363752.0,363.752,monthly,2023-09-28
monthly_reentry_exit-fee0.001,2023-10-19,515880,sell,328000.0,1.051,344728.0,344.728,stop,2023-10-18
monthly_reentry_exit-fee0.001,2023-11-01,518850,sell,3600.0,4.615,16614.0,16.614,monthly,2023-10-31
monthly_reentry_exit-fee0.001,2023-11-01,515300,buy,2000.0,1.346,2692.0,2.692,monthly,2023-10-31
monthly_reentry_exit-fee0.001,2023-11-01,515880,buy,357900.0,1.001,358257.89999999997,358.25789999999995,monthly,2023-10-31
monthly_reentry_exit-fee0.001,2023-11-02,515880,sell,357900.0,1.0,357900.0,357.90000000000003,stop,2023-11-01
monthly_reentry_exit-fee0.001,2023-12-01,515300,sell,100.0,1.346,134.60000000000002,0.13460000000000003,monthly,2023-11-30
monthly_reentry_exit-fee0.001,2023-12-01,518850,sell,200.0,4.622,924.4,0.9244,monthly,2023-11-30
monthly_reentry_exit-fee0.001,2023-12-01,512890,buy,389200.0,0.92,358064.0,358.064,monthly,2023-11-30
monthly_reentry_exit-fee0.001,2023-12-06,515300,sell,266300.0,1.327,353380.1,353.38009999999997,stop,2023-12-05
monthly_reentry_exit-fee0.001,2023-12-06,512890,sell,389200.0,0.912,354950.4,354.95040000000006,stop,2023-12-05
monthly_reentry_exit-fee0.001,2024-01-02,518850,sell,1100.0,4.664,5130.4,5.1304,monthly,2023-12-29
monthly_reentry_exit-fee0.001,2024-01-02,515300,buy,280800.0,1.268,356054.4,356.05440000000004,monthly,2023-12-29
monthly_reentry_exit-fee0.001,2024-01-02,515880,buy,345000.0,1.032,356040.0,356.04,monthly,2023-12-29
monthly_reentry_exit-fee0.001,2024-01-03,515300,sell,280800.0,1.273,357458.39999999997,357.4584,stop,2024-01-02
monthly_reentry_exit-fee0.001,2024-01-03,515880,sell,345000.0,1.008,347760.0,347.76,stop,2024-01-02
monthly_reentry_exit-fee0.001,2024-02-01,518850,sell,800.0,4.678,3742.4,3.7424,monthly,2024-01-31
monthly_reentry_exit-fee0.001,2024-02-01,515300,buy,267900.0,1.32,353628.0,353.628,monthly,2024-01-31
monthly_reentry_exit-fee0.001,2024-02-01,588000,buy,494000.0,0.716,353704.0,353.704,monthly,2024-01-31
monthly_reentry_exit-fee0.001,2024-02-02,588000,sell,494000.0,0.726,358644.0,358.644,stop,2024-02-01
monthly_reentry_exit-fee0.001,2024-03-01,515300,sell,6200.0,1.378,8543.599999999999,8.543599999999998,monthly,2024-02-29
monthly_reentry_exit-fee0.001,2024-03-01,518850,buy,1400.0,4.684,6557.6,6.557600000000001,monthly,2024-02-29
monthly_reentry_exit-fee0.001,2024-03-01,512890,buy,359900.0,1.001,360259.89999999997,360.25989999999996,monthly,2024-02-29
monthly_reentry_exit-fee0.001,2024-04-01,518850,sell,77000.0,5.2,400400.0,400.40000000000003,monthly,2024-03-29
monthly_reentry_exit-fee0.001,2024-04-01,515300,buy,9200.0,1.388,12769.599999999999,12.769599999999999,monthly,2024-03-29
monthly_reentry_exit-fee0.001,2024-04-01,512890,buy,11000.0,1.014,11154.0,11.154,monthly,2024-03-29
monthly_reentry_exit-fee0.001,2024-04-01,515880,buy,323800.0,1.16,375608.0,375.608,monthly,2024-03-29
monthly_reentry_exit-fee0.001,2024-04-11,515880,sell,323800.0,1.09,352942.0,352.942,stop,2024-04-10
monthly_reentry_exit-fee0.001,2024-05-06,515300,sell,10300.0,1.447,14904.1,14.904100000000001,monthly,2024-04-30
monthly_reentry_exit-fee0.001,2024-05-06,512890,sell,9000.0,1.042,9378.0,9.378,monthly,2024-04-30
monthly_reentry_exit-fee0.001,2024-05-06,515130,buy,336300.0,1.12,376656.00000000006,376.65600000000006,monthly,2024-04-30
monthly_reentry_exit-fee0.001,2024-06-03,515130,sell,336300.0,1.103,370938.89999999997,370.9389,monthly,2024-05-31
monthly_reentry_exit-fee0.001,2024-06-03,512890,sell,10300.0,1.084,11165.2,11.1652,monthly,2024-05-31
monthly_reentry_exit-fee0.001,2024-06-03,515300,buy,500.0,1.459,729.5,0.7295,monthly,2024-05-31
monthly_reentry_exit-fee0.001,2024-06-03,515880,buy,342100.0,1.112,380415.2,380.4152,monthly,2024-05-31
monthly_reentry_exit-fee0.001,2024-07-01,515880,sell,342100.0,1.175,401967.5,401.96750000000003,monthly,2024-06-28
monthly_reentry_exit-fee0.001,2024-07-01,515300,buy,16900.0,1.383,23372.7,23.372700000000002,monthly,2024-06-28
monthly_reentry_exit-fee0.001,2024-07-01,159652,buy,444900.0,0.863,383948.7,383.94870000000003,monthly,2024-06-28
monthly_reentry_exit-fee0.001,2024-07-01,512890,buy,11800.0,1.058,12484.400000000001,12.4844,monthly,2024-06-28
monthly_reentry_exit-fee0.001,2024-07-24,159652,sell,444900.0,0.823,366152.69999999995,366.1527,stop,2024-07-23
monthly_reentry_exit-fee0.001,2024-08-01,515300,sell,8200.0,1.388,11381.599999999999,11.381599999999999,monthly,2024-07-31
monthly_reentry_exit-fee0.001,2024-08-01,512890,buy,2700.0,1.023,2762.1,2.7620999999999998,monthly,2024-07-31
monthly_reentry_exit-fee0.001,2024-08-01,515880,buy,323100.0,1.158,374149.8,374.14979999999997,monthly,2024-07-31
monthly_reentry_exit-fee0.001,2024-08-05,515880,sell,323100.0,1.065,344101.5,344.1015,stop,2024-08-02
monthly_reentry_exit-fee0.001,2024-09-02,515300,sell,3500.0,1.343,4700.5,4.7005,monthly,2024-08-30
monthly_reentry_exit-fee0.001,2024-09-02,512890,sell,9200.0,1.002,9218.4,9.218399999999999,monthly,2024-08-30
monthly_reentry_exit-fee0.001,2024-09-02,518850,buy,64800.0,5.512,357177.6,357.1776,monthly,2024-08-30
monthly_reentry_exit-fee0.001,2024-09-04,512890,sell,356900.0,0.991,353687.9,353.6879,stop,2024-09-03
monthly_reentry_exit-fee0.001,2024-09-10,515300,sell,266300.0,1.308,348320.4,348.3204,stop,2024-09-09
monthly_reentry_exit-fee0.001,2024-10-08,518850,buy,122300.0,5.73,700779.0,700.779,monthly,2024-09-30
monthly_reentry_exit-fee0.001,2024-12-02,518850,sell,187100.0,5.896,1103141.6,1103.1416000000002,monthly,2024-11-29
monthly_reentry_exit-fee0.001,2024-12-02,515300,buy,264100.0,1.389,366834.9,366.8349,monthly,2024-11-29
monthly_reentry_exit-fee0.001,2024-12-02,159652,buy,409600.0,0.896,367001.60000000003,367.00160000000005,monthly,2024-11-29
monthly_reentry_exit-fee0.001,2024-12-02,512890,buy,337600.0,1.087,366971.2,366.9712,monthly,2024-11-29
monthly_reentry_exit-fee0.001,2024-12-20,159652,sell,409600.0,0.875,358400.0,358.40000000000003,stop,2024-12-19
monthly_reentry_exit-fee0.001,2025-01-02,515300,sell,264100.0,1.399,369475.9,369.4759,monthly,2024-12-31
monthly_reentry_exit-fee0.001,2025-01-02,512890,sell,337600.0,1.121,378449.6,378.4496,monthly,2024-12-31
monthly_reentry_exit-fee0.001,2025-01-02,518850,buy,62200.0,5.994,372826.8,372.8268,monthly,2024-12-31
monthly_reentry_exit-fee0.001,2025-01-02,515880,buy,276400.0,1.352,373692.80000000005,373.69280000000003,monthly,2024-12-31
monthly_reentry_exit-fee0.001,2025-01-02,562590,buy,356000.0,1.05,373800.0,373.8,monthly,2024-12-31
monthly_reentry_exit-fee0.001,2025-02-05,518850,sell,2800.0,6.424,17987.2,17.9872,monthly,2025-01-27
monthly_reentry_exit-fee0.001,2025-02-05,515880,sell,276400.0,1.353,373969.2,373.9692,monthly,2025-01-27
monthly_reentry_exit-fee0.001,2025-02-05,562590,sell,356000.0,1.046,372376.0,372.37600000000003,monthly,2025-01-27
monthly_reentry_exit-fee0.001,2025-02-05,588000,buy,367400.0,1.039,381728.6,381.7286,monthly,2025-01-27
monthly_reentry_exit-fee0.001,2025-02-05,513870,buy,253000.0,1.509,381777.0,381.777,monthly,2025-01-27
monthly_reentry_exit-fee0.001,2025-03-03,518850,sell,59400.0,6.48,384912.0,384.91200000000003,monthly,2025-02-28
monthly_reentry_exit-fee0.001,2025-03-03,588000,sell,367400.0,1.133,416264.2,416.2642,monthly,2025-02-28
monthly_reentry_exit-fee0.001,2025-03-03,159652,buy,444700.0,0.872,387778.4,387.77840000000003,monthly,2025-02-28
monthly_reentry_exit-fee0.001,2025-03-03,513870,buy,16500.0,1.441,23776.5,23.776500000000002,monthly,2025-02-28
monthly_reentry_exit-fee0.001,2025-03-03,562590,buy,342300.0,1.133,387825.9,387.82590000000005,monthly,2025-02-28
monthly_reentry_exit-fee0.001,2025-03-10,513870,sell,269500.0,1.383,372718.5,372.7185,stop,2025-03-07
monthly_reentry_exit-fee0.001,2025-04-01,159652,sell,444700.0,0.941,418462.69999999995,418.4627,monthly,2025-03-31
monthly_reentry_exit-fee0.001,2025-04-01,518850,buy,54500.0,7.096,386732.0,386.732,monthly,2025-03-31
monthly_reentry_exit-fee0.001,2025-04-01,588000,buy,358900.0,1.079,387253.1,387.25309999999996,monthly,2025-03-31
monthly_reentry_exit-fee0.001,2025-04-01,562590,buy,13800.0,1.089,15028.199999999999,15.0282,monthly,2025-03-31
monthly_reentry_exit-fee0.001,2025-04-08,562590,sell,356100.0,1.008,358948.8,358.9488,stop,2025-04-07
monthly_reentry_exit-fee0.001,2025-05-06,518850,sell,54500.0,7.64,416380.0,416.38,monthly,2025-04-30
monthly_reentry_exit-fee0.001,2025-05-06,588000,sell,358900.0,1.067,382946.3,382.9463,monthly,2025-04-30
monthly_reentry_exit-fee0.001,2025-05-06,515170,buy,982000.0,0.589,578398.0,578.398,monthly,2025-04-30
monthly_reentry_exit-fee0.001,2025-05-06,562590,buy,528100.0,1.095,578269.5,578.2695,monthly,2025-04-30
monthly_reentry_exit-fee0.001,2025-05-29,562590,sell,528100.0,1.038,548167.8,548.1678,stop,2025-05-28
monthly_reentry_exit-fee0.001,2025-06-03,515170,sell,982000.0,0.585,574470.0,574.47,monthly,2025-05-30
monthly_reentry_exit-fee0.001,2025-06-03,515300,buy,267800.0,1.394,373313.19999999995,373.31319999999994,monthly,2025-05-30
monthly_reentry_exit-fee0.001,2025-06-03,588000,buy,363300.0,1.028,373472.4,373.47240000000005,monthly,2025-05-30
monthly_reentry_exit-fee0.001,2025-06-03,562590,buy,357000.0,1.046,373422.0,373.422,monthly,2025-05-30
monthly_reentry_exit-fee0.001,2025-06-11,562590,sell,357000.0,1.046,373422.0,373.422,stop,2025-06-10
monthly_reentry_exit-fee0.001,2025-06-23,588000,sell,363300.0,1.002,364026.6,364.0266,stop,2025-06-20
monthly_reentry_exit-fee0.001,2025-07-01,515300,sell,267800.0,1.379,369296.2,369.2962,monthly,2025-06-30
monthly_reentry_exit-fee0.001,2025-07-01,518850,buy,50000.0,7.393,369650.0,369.65000000000003,monthly,2025-06-30
monthly_reentry_exit-fee0.001,2025-07-01,588000,buy,351000.0,1.055,370305.0,370.305,monthly,2025-06-30
monthly_reentry_exit-fee0.001,2025-07-01,562590,buy,333900.0,1.109,370295.1,370.2951,monthly,2025-06-30
monthly_reentry_exit-fee0.001,2025-08-01,588000,sell,6800.0,1.101,7486.8,7.486800000000001,monthly,2025-07-31
monthly_reentry_exit-fee0.001,2025-08-01,562590,sell,1200.0,1.139,1366.8,1.3668,monthly,2025-07-31
monthly_reentry_exit-fee0.001,2025-08-01,518850,buy,1300.0,7.388,9604.4,9.6044,monthly,2025-07-31
monthly_reentry_exit-fee0.001,2025-09-01,588000,sell,344200.0,1.419,488419.8,488.4198,monthly,2025-08-29
monthly_reentry_exit-fee0.001,2025-09-01,562590,sell,2200.0,1.332,2930.4,2.9304,monthly,2025-08-29
monthly_reentry_exit-fee0.001,2025-09-01,512400,buy,290000.0,1.516,439640.0,439.64,monthly,2025-08-29
monthly_reentry_exit-fee0.001,2025-09-01,518850,buy,6600.0,7.59,50094.0,50.094,monthly,2025-08-29
monthly_reentry_exit-fee0.001,2025-10-09,512400,sell,290000.0,1.75,507500.0,507.5,monthly,2025-09-30
monthly_reentry_exit-fee0.001,2025-10-09,562590,sell,330500.0,1.658,547969.0,547.969,monthly,2025-09-30
monthly_reentry_exit-fee0.001,2025-10-09,515130,buy,346500.0,1.508,522522.0,522.522,monthly,2025-09-30
monthly_reentry_exit-fee0.001,2025-10-09,518850,buy,1400.0,8.81,12334.0,12.334,monthly,2025-09-30
monthly_reentry_exit-fee0.001,2025-10-09,515170,buy,899500.0,0.581,522609.49999999994,522.6094999999999,monthly,2025-09-30
monthly_reentry_exit-fee0.001,2025-10-10,515170,sell,899500.0,0.578,519910.99999999994,519.911,stop,2025-10-09
monthly_reentry_exit-fee0.001,2025-11-03,515130,sell,346500.0,1.511,523561.49999999994,523.5614999999999,monthly,2025-10-31
monthly_reentry_exit-fee0.001,2025-11-03,518850,sell,59300.0,8.814,522670.2,522.6702,monthly,2025-10-31
monthly_reentry_exit-fee0.001,2025-11-03,515300,buy,389600.0,1.338,521284.80000000005,521.2848,monthly,2025-10-31
monthly_reentry_exit-fee0.001,2025-11-03,512890,buy,438400.0,1.189,521257.60000000003,521.2576,monthly,2025-10-31
monthly_reentry_exit-fee0.001,2025-11-03,513870,buy,283600.0,1.838,521256.80000000005,521.2568000000001,monthly,2025-10-31
monthly_reentry_exit-fee0.001,2025-12-01,515300,sell,389600.0,1.34,522064.00000000006,522.0640000000001,monthly,2025-11-28
monthly_reentry_exit-fee0.001,2025-12-01,512890,sell,438400.0,1.204,527833.6,527.8335999999999,monthly,2025-11-28
monthly_reentry_exit-fee0.001,2025-12-01,513870,sell,283600.0,1.816,515017.60000000003,515.0176,monthly,2025-11-28
monthly_reentry_exit-fee0.001,2025-12-01,515050,buy,254400.0,2.046,520502.39999999997,520.5024,monthly,2025-11-28
monthly_reentry_exit-fee0.001,2025-12-01,588000,buy,373200.0,1.395,520614.0,520.614,monthly,2025-11-28
monthly_reentry_exit-fee0.001,2025-12-01,515880,buy,193000.0,2.697,520521.0,520.521,monthly,2025-11-28
monthly_reentry_exit-fee0.001,2026-01-05,515050,sell,3700.0,2.286,8458.2,8.458200000000001,monthly,2025-12-31
monthly_reentry_exit-fee0.001,2026-01-05,588000,sell,373200.0,1.433,534795.6,534.7956,monthly,2025-12-31
monthly_reentry_exit-fee0.001,2026-01-05,515880,sell,9600.0,3.125,30000.0,30.0,monthly,2025-12-31
monthly_reentry_exit-fee0.001,2026-01-05,512400,buy,292600.0,1.956,572325.6,572.3256,monthly,2025-12-31
monthly_reentry_exit-fee0.001,2026-02-02,512400,sell,292600.0,2.105,615923.0,615.923,monthly,2026-01-30
monthly_reentry_exit-fee0.001,2026-02-02,515050,buy,3400.0,2.38,8092.0,8.092,monthly,2026-01-30
monthly_reentry_exit-fee0.001,2026-02-02,516220,buy,607200.0,0.995,604164.0,604.164,monthly,2026-01-30
monthly_reentry_exit-fee0.001,2026-02-02,515880,buy,600.0,3.287,1972.2,1.9722000000000002,monthly,2026-01-30
monthly_reentry_exit-fee0.001,2026-03-02,516220,sell,607200.0,1.084,658204.8,658.2048000000001,monthly,2026-02-27
monthly_reentry_exit-fee0.001,2026-03-02,515050,buy,5800.0,2.376,13780.8,13.7808,monthly,2026-02-27
monthly_reentry_exit-fee0.001,2026-03-02,515880,buy,24800.0,1.071,26560.8,26.5608,monthly,2026-02-27
monthly_reentry_exit-fee0.001,2026-03-02,562590,buy,314000.0,1.964,616696.0,616.696,monthly,2026-02-27
monthly_reentry_exit-fee0.001,2026-04-01,515050,sell,259900.0,2.375,617262.5,617.2625,monthly,2026-03-31
monthly_reentry_exit-fee0.001,2026-04-01,515880,sell,28300.0,1.099,31101.7,31.1017,monthly,2026-03-31
monthly_reentry_exit-fee0.001,2026-04-01,588000,buy,444400.0,1.354,601717.6000000001,601.7176000000001,monthly,2026-03-31
monthly_reentry_exit-fee0.001,2026-04-01,562590,buy,25700.0,1.774,45591.8,45.591800000000006,monthly,2026-03-31
monthly_reentry_exit-fee0.001,2026-04-03,588000,sell,444400.0,1.335,593274.0,593.274,stop,2026-04-02
monthly_reentry_exit-fee0.001,2026-05-06,515880,sell,33800.0,1.344,45427.200000000004,45.427200000000006,monthly,2026-04-30
monthly_reentry_exit-fee0.001,2026-05-06,562590,sell,24400.0,2.194,53533.6,53.5336,monthly,2026-04-30
monthly_reentry_exit-fee0.001,2026-05-06,516220,buy,655600.0,1.054,691002.4,691.0024000000001,monthly,2026-04-30
monthly_reentry_exit-fee0.001,2026-06-01,516220,sell,655600.0,0.905,593318.0,593.318,monthly,2026-05-29
monthly_reentry_exit-fee0.001,2026-06-01,515880,sell,50300.0,1.577,79323.09999999999,79.3231,monthly,2026-05-29
monthly_reentry_exit-fee0.001,2026-06-01,562590,sell,315300.0,2.513,792348.9,792.3489000000001,monthly,2026-05-29
monthly_reentry_exit-fee0.001,2026-06-01,515050,buy,612200.0,1.194,730966.7999999999,730.9667999999999,monthly,2026-05-29
monthly_reentry_exit-fee0.001,2026-06-01,515130,buy,452100.0,1.617,731045.7,731.0457,monthly,2026-05-29
fast_reentry_exit-fee0.001,2020-12-01,510300,buy,66200.0,5.027,332787.4,332.78740000000005,monthly,2020-11-30
fast_reentry_exit-fee0.001,2020-12-01,512400,buy,351200.0,0.948,332937.6,332.9376,monthly,2020-11-30
fast_reentry_exit-fee0.001,2020-12-01,515050,buy,272900.0,1.22,332938.0,332.938,monthly,2020-11-30
fast_reentry_exit-fee0.001,2020-12-11,515050,sell,272900.0,1.212,330754.8,330.7548,stop,2020-12-10
fast_reentry_exit-fee0.001,2021-01-04,510300,sell,400.0,5.28,2112.0,2.112,monthly,2020-12-31
fast_reentry_exit-fee0.001,2021-01-04,512400,sell,351200.0,1.033,362789.6,362.7896,monthly,2020-12-31
fast_reentry_exit-fee0.001,2021-01-04,515050,buy,292600.0,1.187,347316.2,347.31620000000004,monthly,2020-12-31
fast_reentry_exit-fee0.001,2021-01-04,512890,buy,260900.0,1.331,347257.89999999997,347.25789999999995,monthly,2020-12-31
fast_reentry_exit-fee0.001,2021-01-05,515050,sell,292600.0,1.201,351412.60000000003,351.41260000000005,stop,2021-01-04
fast_reentry_exit-fee0.001,2021-01-06,515050,buy,281200.0,1.247,350656.4,350.6564,fast_reentry,2021-01-05
fast_reentry_exit-fee0.001,2021-01-27,515050,sell,281200.0,1.201,337721.2,337.7212,stop,2021-01-26
fast_reentry_exit-fee0.001,2021-02-01,510300,sell,1600.0,5.348,8556.8,8.556799999999999,monthly,2021-01-29
fast_reentry_exit-fee0.001,2021-02-01,515050,buy,297700.0,1.152,342950.39999999997,342.95039999999995,monthly,2021-01-29
fast_reentry_exit-fee0.001,2021-02-01,512890,buy,5600.0,1.288,7212.8,7.2128000000000005,monthly,2021-01-29
fast_reentry_exit-fee0.001,2021-02-02,515050,sell,297700.0,1.156,344141.19999999995,344.14119999999997,stop,2021-02-01
fast_reentry_exit-fee0.001,2021-03-01,512890,sell,10000.0,1.37,13700.000000000002,13.700000000000003,monthly,2021-02-26
fast_reentry_exit-fee0.001,2021-03-01,510300,buy,1100.0,5.381,5919.1,5.9191,monthly,2021-02-26
fast_reentry_exit-fee0.001,2021-03-01,515300,buy,310700.0,1.13,351090.99999999994,351.09099999999995,monthly,2021-02-26
fast_reentry_exit-fee0.001,2021-04-01,515300,sell,310700.0,1.165,361965.5,361.9655,monthly,2021-03-31
fast_reentry_exit-fee0.001,2021-04-01,512890,sell,8400.0,1.419,11919.6,11.9196,monthly,2021-03-31
fast_reentry_exit-fee0.001,2021-04-01,510300,buy,4300.0,5.056,21740.8,21.7408,monthly,2021-03-31
fast_reentry_exit-fee0.001,2021-04-01,512400,buy,347200.0,1.013,351713.6,351.7136,monthly,2021-03-31
fast_reentry_exit-fee0.001,2021-05-06,512400,sell,18800.0,1.116,20980.800000000003,20.980800000000002,monthly,2021-04-30
fast_reentry_exit-fee0.001,2021-05-06,510300,buy,2100.0,5.109,10728.9,10.7289,monthly,2021-04-30
fast_reentry_exit-fee0.001,2021-05-06,512890,buy,6900.0,1.437,9915.300000000001,9.915300000000002,monthly,2021-04-30
fast_reentry_exit-fee0.001,2021-06-01,512400,sell,2200.0,1.191,2620.2000000000003,2.6202000000000005,monthly,2021-05-31
fast_reentry_exit-fee0.001,2021-06-01,512890,sell,2200.0,1.537,3381.3999999999996,3.3813999999999997,monthly,2021-05-31
fast_reentry_exit-fee0.001,2021-06-01,510300,buy,1100.0,5.333,5866.3,5.866300000000001,monthly,2021-05-31
fast_reentry_exit-fee0.001,2021-07-01,510300,sell,72800.0,5.273,383874.39999999997,383.8744,monthly,2021-06-30
fast_reentry_exit-fee0.001,2021-07-01,512890,sell,1100.0,1.499,1648.9,1.6489,monthly,2021-06-30
fast_reentry_exit-fee0.001,2021-07-01,512400,buy,7300.0,1.131,8256.3,8.2563,monthly,2021-06-30
fast_reentry_exit-fee0.001,2021-07-01,515130,buy,248200.0,1.518,376767.6,376.76759999999996,monthly,2021-06-30
fast_reentry_exit-fee0.001,2021-07-27,515130,sell,248200.0,1.446,358897.2,358.8972,stop,2021-07-26
fast_reentry_exit-fee0.001,2021-08-02,512400,sell,333500.0,1.457,485909.5,485.90950000000004,monthly,2021-07-30
fast_reentry_exit-fee0.001,2021-08-02,510300,buy,82400.0,4.856,400134.39999999997,400.13439999999997,monthly,2021-07-30
fast_reentry_exit-fee0.001,2021-08-02,515130,buy,284000.0,1.41,400440.0,400.44,monthly,2021-07-30
fast_reentry_exit-fee0.001,2021-08-02,512890,buy,30000.0,1.423,42690.0,42.69,monthly,2021-07-30
fast_reentry_exit-fee0.001,2021-08-03,510300,sell,82400.0,4.971,409610.4,409.6104,stop,2021-08-02
fast_reentry_exit-fee0.001,2021-08-03,515130,sell,284000.0,1.443,409812.0,409.812,stop,2021-08-02
fast_reentry_exit-fee0.001,2021-08-04,512890,sell,281700.0,1.408,396633.6,396.6336,stop,2021-08-03
fast_reentry_exit-fee0.001,2021-08-05,512890,buy,277500.0,1.426,395715.0,395.71500000000003,fast_reentry,2021-08-04
fast_reentry_exit-fee0.001,2021-08-11,515130,buy,277400.0,1.474,408887.6,408.88759999999996,fast_reentry,2021-08-10
fast_reentry_exit-fee0.001,2021-08-13,515130,sell,277400.0,1.458,404449.2,404.4492,stop,2021-08-12
fast_reentry_exit-fee0.001,2021-09-01,512890,sell,277500.0,1.593,442057.5,442.0575,monthly,2021-08-31
fast_reentry_exit-fee0.001,2021-09-01,510300,buy,85600.0,4.88,417728.0,417.728,monthly,2021-08-31
fast_reentry_exit-fee0.001,2021-09-01,512400,buy,249400.0,1.676,417994.39999999997,417.9944,monthly,2021-08-31
fast_reentry_exit-fee0.001,2021-09-01,515130,buy,295900.0,1.413,418106.7,418.10670000000005,monthly,2021-08-31
fast_reentry_exit-fee0.001,2021-09-02,510300,sell,85600.0,4.96,424576.0,424.576,stop,2021-09-01
fast_reentry_exit-fee0.001,2021-09-02,515130,sell,295900.0,1.432,423728.8,423.7288,stop,2021-09-01
fast_reentry_exit-fee0.001,2021-09-13,515130,buy,287200.0,1.472,422758.39999999997,422.7584,fast_reentry,2021-09-10
fast_reentry_exit-fee0.001,2021-09-14,515130,sell,287200.0,1.464,420460.8,420.4608,stop,2021-09-13
fast_reentry_exit-fee0.001,2021-10-08,512400,sell,249400.0,1.407,350905.8,350.9058,monthly,2021-09-30
fast_reentry_exit-fee0.001,2021-10-08,510300,buy,79900.0,4.978,397742.19999999995,397.74219999999997,monthly,2021-09-30
fast_reentry_exit-fee0.001,2021-10-08,515050,buy,363100.0,1.096,397957.60000000003,397.95760000000007,monthly,2021-09-30
fast_reentry_exit-fee0.001,2021-10-08,515130,buy,278300.0,1.43,397969.0,397.969,monthly,2021-09-30
fast_reentry_exit-fee0.001,2021-10-11,510300,sell,79900.0,5.014,400618.60000000003,400.6186,stop,2021-10-08
fast_reentry_exit-fee0.001,2021-10-11,515050,sell,363100.0,1.109,402677.9,402.6779,stop,2021-10-08
fast_reentry_exit-fee0.001,2021-10-11,515130,sell,278300.0,1.45,403535.0,403.535,stop,2021-10-08
fast_reentry_exit-fee0.001,2021-11-01,512400,buy,291700.0,1.376,401379.19999999995,401.37919999999997,monthly,2021-10-29
fast_reentry_exit-fee0.001,2021-11-01,515130,buy,278400.0,1.442,401452.8,401.4528,monthly,2021-10-29
fast_reentry_exit-fee0.001,2021-11-01,515300,buy,349100.0,1.15,401464.99999999994,401.465,monthly,2021-10-29
fast_reentry_exit-fee0.001,2021-11-02,515130,sell,278400.0,1.441,401174.4,401.17440000000005,stop,2021-11-01
fast_reentry_exit-fee0.001,2021-11-03,515300,sell,349100.0,1.139,397624.9,397.6249,stop,2021-11-02
fast_reentry_exit-fee0.001,2021-11-04,515300,buy,348400.0,1.139,396827.6,396.82759999999996,fast_reentry,2021-11-03
fast_reentry_exit-fee0.001,2021-11-08,515300,sell,348400.0,1.118,389511.2,389.51120000000003,stop,2021-11-05
fast_reentry_exit-fee0.001,2021-11-12,515300,buy,342700.0,1.134,388621.8,388.6218,fast_reentry,2021-11-11
fast_reentry_exit-fee0.001,2021-11-15,515300,sell,342700.0,1.13,387250.99999999994,387.251,stop,2021-11-12
fast_reentry_exit-fee0.001,2021-11-22,515300,buy,341100.0,1.133,386466.3,386.4663,fast_reentry,2021-11-19
fast_reentry_exit-fee0.001,2021-11-23,515300,sell,341100.0,1.129,385101.9,385.10190000000006,stop,2021-11-22
fast_reentry_exit-fee0.001,2021-11-24,515300,buy,338300.0,1.136,384308.8,384.3088,fast_reentry,2021-11-23
fast_reentry_exit-fee0.001,2021-11-25,515300,sell,338300.0,1.136,384308.8,384.3088,stop,2021-11-24
fast_reentry_exit-fee0.001,2021-11-26,515300,buy,339400.0,1.13,383521.99999999994,383.52199999999993,fast_reentry,2021-11-25
fast_reentry_exit-fee0.001,2021-11-29,515300,sell,339400.0,1.123,381146.2,381.1462,stop,2021-11-26
fast_reentry_exit-fee0.001,2021-12-01,512400,sell,15000.0,1.452,21780.0,21.78,monthly,2021-11-30
fast_reentry_exit-fee0.001,2021-12-01,515130,buy,280900.0,1.429,401406.10000000003,401.40610000000004,monthly,2021-11-30
fast_reentry_exit-fee0.001,2021-12-01,512890,buy,535900.0,0.749,401389.1,401.3891,monthly,2021-11-30
fast_reentry_exit-fee0.001,2021-12-02,515130,sell,280900.0,1.432,402248.8,402.2488,stop,2021-12-01
fast_reentry_exit-fee0.001,2021-12-09,515130,buy,271200.0,1.48,401376.0,401.37600000000003,fast_reentry,2021-12-08
fast_reentry_exit-fee0.001,2021-12-21,515130,sell,271200.0,1.414,383476.8,383.47679999999997,stop,2021-12-20
fast_reentry_exit-fee0.001,2021-12-24,515130,buy,260800.0,1.467,382593.60000000003,382.59360000000004,fast_reentry,2021-12-23
fast_reentry_exit-fee0.001,2021-12-30,515130,sell,260800.0,1.45,378160.0,378.16,stop,2021-12-29
fast_reentry_exit-fee0.001,2022-01-04,512890,sell,41500.0,0.795,32992.5,32.9925,monthly,2021-12-31
fast_reentry_exit-fee0.001,2022-01-04,512400,buy,13100.0,1.356,17763.600000000002,17.763600000000004,monthly,2021-12-31
fast_reentry_exit-fee0.001,2022-01-04,515880,buy,347800.0,1.129,392666.2,392.6662,monthly,2021-12-31
fast_reentry_exit-fee0.001,2022-01-06,512400,sell,289800.0,1.278,370364.4,370.36440000000005,stop,2022-01-05
fast_reentry_exit-fee0.001,2022-01-13,512400,buy,277200.0,1.333,369507.6,369.50759999999997,fast_reentry,2022-01-12
fast_reentry_exit-fee0.001,2022-01-14,512400,sell,277200.0,1.295,358974.0,358.974,stop,2022-01-13
fast_reentry_exit-fee0.001,2022-01-26,515880,sell,347800.0,1.025,356494.99999999994,356.49499999999995,stop,2022-01-25
fast_reentry_exit-fee0.001,2022-01-27,515880,buy,346000.0,1.028,355688.0,355.688,fast_reentry,2022-01-26
fast_reentry_exit-fee0.001,2022-01-28,515880,sell,346000.0,1.0,346000.0,346.0,stop,2022-01-27
fast_reentry_exit-fee0.001,2022-02-07,512890,sell,32700.0,0.791,25865.7,25.8657,monthly,2022-01-28
fast_reentry_exit-fee0.001,2022-02-07,512400,buy,296600.0,1.23,364818.0,364.818,monthly,2022-01-28
fast_reentry_exit-fee0.001,2022-02-07,515300,buy,309400.0,1.179,364782.60000000003,364.78260000000006,monthly,2022-01-28
fast_reentry_exit-fee0.001,2022-02-08,512400,sell,296600.0,1.247,369860.2,369.8602,stop,2022-02-07
fast_reentry_exit-fee0.001,2022-02-18,512400,buy,270600.0,1.364,369098.4,369.0984,fast_reentry,2022-02-17
fast_reentry_exit-fee0.001,2022-03-01,512400,sell,7000.0,1.431,10017.0,10.017,monthly,2022-02-28
fast_reentry_exit-fee0.001,2022-03-01,512890,sell,461700.0,0.818,377670.6,377.6706,monthly,2022-02-28
fast_reentry_exit-fee0.001,2022-03-01,515300,buy,8800.0,1.185,10428.0,10.428,monthly,2022-02-28
fast_reentry_exit-fee0.001,2022-03-01,515880,buy,358500.0,1.05,376425.0,376.425,monthly,2022-02-28
fast_reentry_exit-fee0.001,2022-03-07,515880,sell,358500.0,1.013,363160.49999999994,363.16049999999996,stop,2022-03-04
fast_reentry_exit-fee0.001,2022-03-09,512400,sell,263600.0,1.297,341889.19999999995,341.88919999999996,stop,2022-03-08
fast_reentry_exit-fee0.001,2022-03-10,515300,sell,318200.0,1.15,365930.0,365.93,stop,2022-03-09
fast_reentry_exit-fee0.001,2022-03-23,515300,buy,315600.0,1.157,365149.2,365.1492,fast_reentry,2022-03-22
fast_reentry_exit-fee0.001,2022-04-01,515300,sell,315600.0,1.195,377142.0,377.142,monthly,2022-03-31
fast_reentry_exit-fee0.001,2022-04-01,512400,buy,872600.0,1.238,1080278.8,1080.2788,monthly,2022-03-31
fast_reentry_exit-fee0.001,2022-04-06,512400,sell,872600.0,1.248,1089004.8,1089.0048000000002,stop,2022-04-01
fast_reentry_exit-fee0.001,2022-05-05,515300,buy,309300.0,1.171,362190.3,362.1903,monthly,2022-04-29
fast_reentry_exit-fee0.001,2022-05-05,518850,buy,90900.0,3.984,362145.6,362.1456,monthly,2022-04-29
fast_reentry_exit-fee0.001,2022-05-05,515170,buy,500300.0,0.724,362217.2,362.2172,monthly,2022-04-29
fast_reentry_exit-fee0.001,2022-05-06,515170,sell,500300.0,0.715,357714.5,357.7145,stop,2022-05-05
fast_reentry_exit-fee0.001,2022-05-09,515300,sell,309300.0,1.151,356004.3,356.0043,stop,2022-05-06
fast_reentry_exit-fee0.001,2022-06-01,515300,buy,310900.0,1.145,355980.5,355.9805,monthly,2022-05-31
fast_reentry_exit-fee0.001,2022-06-01,518850,buy,100.0,3.915,391.5,0.3915,monthly,2022-05-31
fast_reentry_exit-fee0.001,2022-06-01,512890,buy,423800.0,0.84,355992.0,355.992,monthly,2022-05-31
fast_reentry_exit-fee0.001,2022-06-02,515300,sell,310900.0,1.138,353804.19999999995,353.8042,stop,2022-06-01
fast_reentry_exit-fee0.001,2022-06-15,515300,buy,302300.0,1.168,353086.39999999997,353.08639999999997,fast_reentry,2022-06-14
fast_reentry_exit-fee0.001,2022-06-21,515300,sell,302300.0,1.174,354900.19999999995,354.9002,stop,2022-06-20
fast_reentry_exit-fee0.001,2022-06-22,515300,buy,302700.0,1.17,354159.0,354.159,fast_reentry,2022-06-21
fast_reentry_exit-fee0.001,2022-06-23,515300,sell,302700.0,1.166,352948.19999999995,352.9482,stop,2022-06-22
fast_reentry_exit-fee0.001,2022-06-24,515300,buy,299700.0,1.175,352147.5,352.1475,fast_reentry,2022-06-23
fast_reentry_exit-fee0.001,2022-07-01,515300,sell,299700.0,1.178,353046.6,353.0466,monthly,2022-06-30
fast_reentry_exit-fee0.001,2022-07-01,512890,sell,6900.0,0.85,5865.0,5.865,monthly,2022-06-30
fast_reentry_exit-fee0.001,2022-07-01,512400,buy,269300.0,1.314,353860.2,353.8602,monthly,2022-06-30
fast_reentry_exit-fee0.001,2022-07-01,518850,buy,1100.0,3.842,4226.2,4.2261999999999995,monthly,2022-06-30
fast_reentry_exit-fee0.001,2022-07-07,518850,sell,92100.0,3.711,341783.1,341.7831,stop,2022-07-06
fast_reentry_exit-fee0.001,2022-07-12,512400,sell,269300.0,1.279,344434.69999999995,344.43469999999996,stop,2022-07-11
fast_reentry_exit-fee0.001,2022-07-18,512890,sell,416900.0,0.807,336438.30000000005,336.4383,stop,2022-07-15
fast_reentry_exit-fee0.001,2022-07-19,512890,buy,406400.0,0.826,335686.39999999997,335.6864,fast_reentry,2022-07-18
fast_reentry_exit-fee0.001,2022-08-01,515300,buy,297300.0,1.14,338922.0,338.922,monthly,2022-07-29
fast_reentry_exit-fee0.001,2022-08-01,518850,buy,89500.0,3.785,338757.5,338.7575,monthly,2022-07-29
fast_reentry_exit-fee0.001,2022-08-01,512890,buy,8900.0,0.817,7271.299999999999,7.271299999999999,monthly,2022-07-29
fast_reentry_exit-fee0.001,2022-08-02,515300,sell,297300.0,1.126,334759.8,334.7598,stop,2022-08-01
fast_reentry_exit-fee0.001,2022-08-02,518850,sell,89500.0,3.824,342248.0,342.248,stop,2022-08-01
fast_reentry_exit-fee0.001,2022-08-03,512890,sell,415300.0,0.801,332655.30000000005,332.65530000000007,stop,2022-08-02
fast_reentry_exit-fee0.001,2022-08-03,518850,buy,89500.0,3.813,341263.5,341.2635,fast_reentry,2022-08-02
fast_reentry_exit-fee0.001,2022-08-12,512890,buy,407300.0,0.815,331949.5,331.9495,fast_reentry,2022-08-11
fast_reentry_exit-fee0.001,2022-08-22,518850,sell,89500.0,3.786,338847.0,338.847,stop,2022-08-19
fast_reentry_exit-fee0.001,2022-08-24,518850,buy,88800.0,3.805,337884.0,337.884,fast_reentry,2022-08-23
fast_reentry_exit-fee0.001,2022-09-01,512890,sell,7700.0,0.848,6529.599999999999,6.529599999999999,monthly,2022-08-31
fast_reentry_exit-fee0.001,2022-09-01,515300,buy,293800.0,1.152,338457.6,338.45759999999996,monthly,2022-08-31
fast_reentry_exit-fee0.001,2022-09-01,518850,buy,800.0,3.781,3024.8,3.0248000000000004,monthly,2022-08-31
fast_reentry_exit-fee0.001,2022-09-02,515300,sell,293800.0,1.153,338751.4,338.75140000000005,stop,2022-09-01
fast_reentry_exit-fee0.001,2022-09-02,518850,sell,89600.0,3.751,336089.6,336.08959999999996,stop,2022-09-01
fast_reentry_exit-fee0.001,2022-09-07,518850,buy,87900.0,3.812,335074.8,335.0748,fast_reentry,2022-09-06
fast_reentry_exit-fee0.001,2022-09-08,518850,sell,87900.0,3.81,334899.0,334.899,stop,2022-09-07
fast_reentry_exit-fee0.001,2022-09-09,518850,buy,87500.0,3.819,334162.5,334.1625,fast_reentry,2022-09-08
fast_reentry_exit-fee0.001,2022-09-13,515300,buy,289400.0,1.168,338019.19999999995,338.01919999999996,fast_reentry,2022-09-09
fast_reentry_exit-fee0.001,2022-09-15,515300,sell,289400.0,1.17,338598.0,338.598,stop,2022-09-14
fast_reentry_exit-fee0.001,2022-09-15,518850,sell,87500.0,3.791,331712.5,331.71250000000003,stop,2022-09-14
fast_reentry_exit-fee0.001,2022-09-30,518850,buy,86500.0,3.824,330776.0,330.776,fast_reentry,2022-09-29
fast_reentry_exit-fee0.001,2022-10-10,518850,buy,800.0,3.832,3065.6,3.0656,monthly,2022-09-30
fast_reentry_exit-fee0.001,2022-10-10,515170,buy,453100.0,0.738,334387.8,334.38779999999997,monthly,2022-09-30
fast_reentry_exit-fee0.001,2022-10-10,512890,buy,1300.0,0.835,1085.5,1.0855000000000001,monthly,2022-09-30
fast_reentry_exit-fee0.001,2022-10-11,515170,sell,453100.0,0.708,320794.8,320.7948,stop,2022-10-10
fast_reentry_exit-fee0.001,2022-10-21,518850,sell,87300.0,3.815,333049.5,333.0495,stop,2022-10-20
fast_reentry_exit-fee0.001,2022-10-25,512890,sell,400900.0,0.814,326332.6,326.33259999999996,stop,2022-10-24
fast_reentry_exit-fee0.001,2022-10-25,518850,buy,85800.0,3.873,332303.4,332.3034,fast_reentry,2022-10-24
fast_reentry_exit-fee0.001,2022-11-01,518850,sell,1100.0,3.842,4226.2,4.2261999999999995,monthly,2022-10-31
fast_reentry_exit-fee0.001,2022-11-01,515300,buy,305000.0,1.066,325130.0,325.13,monthly,2022-10-31
fast_reentry_exit-fee0.001,2022-11-01,512890,buy,421200.0,0.772,325166.4,325.1664,monthly,2022-10-31
fast_reentry_exit-fee0.001,2022-11-02,515300,sell,305000.0,1.077,328485.0,328.485,stop,2022-11-01
fast_reentry_exit-fee0.001,2022-11-02,512890,sell,421200.0,0.779,328114.8,328.1148,stop,2022-11-01
fast_reentry_exit-fee0.001,2022-11-28,515300,buy,286500.0,1.144,327756.0,327.75600000000003,fast_reentry,2022-11-25
fast_reentry_exit-fee0.001,2022-11-28,512890,buy,389800.0,0.84,327432.0,327.432,fast_reentry,2022-11-25
fast_reentry_exit-fee0.001,2022-11-29,515300,sell,286500.0,1.158,331767.0,331.767,stop,2022-11-28
fast_reentry_exit-fee0.001,2022-11-30,515300,buy,281300.0,1.177,331090.10000000003,331.09010000000006,fast_reentry,2022-11-29
fast_reentry_exit-fee0.001,2022-12-01,518850,sell,400.0,3.977,1590.8,1.5908,monthly,2022-11-30
fast_reentry_exit-fee0.001,2022-12-01,512890,sell,500.0,0.862,431.0,0.431,monthly,2022-11-30
fast_reentry_exit-fee0.001,2022-12-01,515300,buy,1600.0,1.186,1897.6,1.8976,monthly,2022-11-30
fast_reentry_exit-fee0.001,2022-12-20,512890,sell,389300.0,0.825,321172.5,321.1725,stop,2022-12-19
fast_reentry_exit-fee0.001,2023-01-03,518850,sell,2200.0,4.01,8822.0,8.822000000000001,monthly,2022-12-30
fast_reentry_exit-fee0.001,2023-01-03,515300,buy,600.0,1.161,696.6,0.6966,monthly,2022-12-30
fast_reentry_exit-fee0.001,2023-01-03,512890,buy,401600.0,0.819,328910.39999999997,328.9104,monthly,2022-12-30
fast_reentry_exit-fee0.001,2023-01-04,512890,sell,401600.0,0.822,330115.19999999995,330.11519999999996,stop,2023-01-03
fast_reentry_exit-fee0.001,2023-01-19,512890,buy,395000.0,0.834,329430.0,329.43,fast_reentry,2023-01-18
fast_reentry_exit-fee0.001,2023-02-01,515300,sell,2500.0,1.202,3005.0,3.005,monthly,2023-01-31
fast_reentry_exit-fee0.001,2023-02-01,518850,sell,300.0,4.125,1237.5,1.2375,monthly,2023-01-31
fast_reentry_exit-fee0.001,2023-02-01,512890,buy,4700.0,0.845,3971.5,3.9715000000000003,monthly,2023-01-31
fast_reentry_exit-fee0.001,2023-03-01,515300,sell,281000.0,1.218,342258.0,342.258,monthly,2023-02-28
fast_reentry_exit-fee0.001,2023-03-01,512890,sell,9100.0,0.873,7944.3,7.9443,monthly,2023-02-28
fast_reentry_exit-fee0.001,2023-03-01,518850,buy,2200.0,4.052,8914.4,8.9144,monthly,2023-02-28
fast_reentry_exit-fee0.001,2023-03-01,515170,buy,419900.0,0.811,340538.9,340.5389,monthly,2023-02-28
fast_reentry_exit-fee0.001,2023-03-21,515170,sell,419900.0,0.747,313665.3,313.6653,stop,2023-03-20
fast_reentry_exit-fee0.001,2023-03-22,515170,buy,409200.0,0.765,313038.0,313.038,fast_reentry,2023-03-21
fast_reentry_exit-fee0.001,2023-04-03,518850,sell,84000.0,4.274,359016.0,359.016,monthly,2023-03-31
fast_reentry_exit-fee0.001,2023-04-03,512890,sell,4500.0,0.889,4000.5,4.0005,monthly,2023-03-31
fast_reentry_exit-fee0.001,2023-04-03,515300,buy,270500.0,1.267,342723.5,342.7235,monthly,2023-03-31
fast_reentry_exit-fee0.001,2023-04-03,515170,buy,25200.0,0.79,19908.0,19.908,monthly,2023-03-31
fast_reentry_exit-fee0.001,2023-04-13,515170,sell,434400.0,0.734,318849.6,318.8496,stop,2023-04-12
fast_reentry_exit-fee0.001,2023-05-04,515300,sell,9500.0,1.345,12777.5,12.7775,monthly,2023-04-28
fast_reentry_exit-fee0.001,2023-05-04,512890,sell,386100.0,0.961,371042.1,371.0421,monthly,2023-04-28
fast_reentry_exit-fee0.001,2023-05-04,518850,buy,79600.0,4.4,350240.0,350.24,monthly,2023-04-28
fast_reentry_exit-fee0.001,2023-05-04,515170,buy,473900.0,0.74,350686.0,350.68600000000004,monthly,2023-04-28
fast_reentry_exit-fee0.001,2023-05-05,515170,sell,473900.0,0.729,345473.1,345.4731,stop,2023-05-04
fast_reentry_exit-fee0.001,2023-06-01,515300,sell,261000.0,1.345,351045.0,351.045,monthly,2023-05-31
fast_reentry_exit-fee0.001,2023-06-01,518850,sell,400.0,4.403,1761.1999999999998,1.7611999999999999,monthly,2023-05-31
fast_reentry_exit-fee0.001,2023-06-01,515050,buy,362800.0,0.961,348650.8,348.6508,monthly,2023-05-31
fast_reentry_exit-fee0.001,2023-06-01,515170,buy,520400.0,0.67,348668.0,348.668,monthly,2023-05-31
fast_reentry_exit-fee0.001,2023-06-02,515170,sell,520400.0,0.68,353872.0,353.872,stop,2023-06-01
fast_reentry_exit-fee0.001,2023-07-03,515050,sell,362800.0,1.07,388196.0,388.196,monthly,2023-06-30
fast_reentry_exit-fee0.001,2023-07-03,515300,buy,271700.0,1.333,362176.1,362.17609999999996,monthly,2023-06-30
fast_reentry_exit-fee0.001,2023-07-03,518850,buy,3600.0,4.375,15750.0,15.75,monthly,2023-06-30
fast_reentry_exit-fee0.001,2023-07-03,512890,buy,397100.0,0.912,362155.2,362.15520000000004,monthly,2023-06-30
fast_reentry_exit-fee0.001,2023-08-01,515300,sell,5100.0,1.427,7277.7,7.2777,monthly,2023-07-31
fast_reentry_exit-fee0.001,2023-08-01,512890,sell,397100.0,0.969,384789.89999999997,384.7899,monthly,2023-07-31
fast_reentry_exit-fee0.001,2023-08-01,515050,buy,375600.0,1.012,380107.2,380.10720000000003,monthly,2023-07-31
fast_reentry_exit-fee0.001,2023-08-01,518850,buy,2600.0,4.452,11575.2,11.5752,monthly,2023-07-31
fast_reentry_exit-fee0.001,2023-08-28,515050,sell,375600.0,0.949,356444.39999999997,356.4444,stop,2023-08-25
fast_reentry_exit-fee0.001,2023-08-30,515050,buy,374400.0,0.95,355680.0,355.68,fast_reentry,2023-08-29
fast_reentry_exit-fee0.001,2023-09-01,515050,sell,374400.0,0.956,357926.39999999997,357.92639999999994,monthly,2023-08-31
fast_reentry_exit-fee0.001,2023-09-01,518850,sell,3500.0,4.509,15781.500000000002,15.781500000000003,monthly,2023-08-31
fast_reentry_exit-fee0.001,2023-09-01,515300,buy,3200.0,1.368,4377.6,4.3776,monthly,2023-08-31
fast_reentry_exit-fee0.001,2023-09-01,512890,buy,395500.0,0.932,368606.0,368.606,monthly,2023-08-31
fast_reentry_exit-fee0.001,2023-10-09,515300,sell,500.0,1.378,689.0,0.6890000000000001,monthly,2023-09-28
fast_reentry_exit-fee0.001,2023-10-09,512890,sell,395500.0,0.948,374934.0,374.934,monthly,2023-09-28
fast_reentry_exit-fee0.001,2023-10-09,518850,buy,900.0,4.476,4028.4,4.0284,monthly,2023-09-28
fast_reentry_exit-fee0.001,2023-10-09,515880,buy,334100.0,1.109,370516.9,370.5169,monthly,2023-09-28
fast_reentry_exit-fee0.001,2023-10-19,515880,sell,334100.0,1.051,351139.1,351.1391,stop,2023-10-18
fast_reentry_exit-fee0.001,2023-11-01,518850,sell,3700.0,4.615,17075.5,17.0755,monthly,2023-10-31
fast_reentry_exit-fee0.001,2023-11-01,515300,buy,2000.0,1.346,2692.0,2.692,monthly,2023-10-31
fast_reentry_exit-fee0.001,2023-11-01,515880,buy,364500.0,1.001,364864.49999999994,364.86449999999996,monthly,2023-10-31
fast_reentry_exit-fee0.001,2023-11-02,515880,sell,364500.0,1.0,364500.0,364.5,stop,2023-11-01
fast_reentry_exit-fee0.001,2023-11-15,515880,buy,332500.0,1.094,363755.0,363.755,fast_reentry,2023-11-14
fast_reentry_exit-fee0.001,2023-11-16,515880,sell,332500.0,1.078,358435.0,358.435,stop,2023-11-15
fast_reentry_exit-fee0.001,2023-12-01,515300,sell,1600.0,1.346,2153.6000000000004,2.1536000000000004,monthly,2023-11-30
fast_reentry_exit-fee0.001,2023-12-01,518850,sell,600.0,4.622,2773.2,2.7731999999999997,monthly,2023-11-30
fast_reentry_exit-fee0.001,2023-12-01,512890,buy,394200.0,0.92,362664.0,362.664,monthly,2023-11-30
fast_reentry_exit-fee0.001,2023-12-06,515300,sell,269700.0,1.327,357891.89999999997,357.89189999999996,stop,2023-12-05
fast_reentry_exit-fee0.001,2023-12-06,512890,sell,394200.0,0.912,359510.4,359.5104,stop,2023-12-05
fast_reentry_exit-fee0.001,2024-01-02,518850,sell,1100.0,4.664,5130.4,5.1304,monthly,2023-12-29
fast_reentry_exit-fee0.001,2024-01-02,515300,buy,284400.0,1.268,360619.2,360.61920000000003,monthly,2023-12-29
fast_reentry_exit-fee0.001,2024-01-02,515880,buy,349500.0,1.032,360684.0,360.684,monthly,2023-12-29
fast_reentry_exit-fee0.001,2024-01-03,515300,sell,284400.0,1.273,362041.19999999995,362.04119999999995,stop,2024-01-02
fast_reentry_exit-fee0.001,2024-01-03,515880,sell,349500.0,1.008,352296.0,352.296,stop,2024-01-02
fast_reentry_exit-fee0.001,2024-01-08,515300,buy,282500.0,1.279,361317.5,361.3175,fast_reentry,2024-01-05
fast_reentry_exit-fee0.001,2024-01-09,515300,sell,282500.0,1.272,359340.0,359.34000000000003,stop,2024-01-08
fast_reentry_exit-fee0.001,2024-01-17,515300,buy,277100.0,1.294,358567.4,358.5674,fast_reentry,2024-01-16
fast_reentry_exit-fee0.001,2024-01-18,515300,sell,277100.0,1.274,353025.4,353.02540000000005,stop,2024-01-17
fast_reentry_exit-fee0.001,2024-01-25,515300,buy,273300.0,1.289,352283.69999999995,352.28369999999995,fast_reentry,2024-01-24
fast_reentry_exit-fee0.001,2024-02-01,515300,sell,1900.0,1.32,2508.0,2.508,monthly,2024-01-31
fast_reentry_exit-fee0.001,2024-02-01,518850,sell,800.0,4.678,3742.4,3.7424,monthly,2024-01-31
fast_reentry_exit-fee0.001,2024-02-01,588000,buy,499900.0,0.716,357928.39999999997,357.92839999999995,monthly,2024-01-31
fast_reentry_exit-fee0.001,2024-02-02,588000,sell,499900.0,0.726,362927.39999999997,362.9274,stop,2024-02-01
fast_reentry_exit-fee0.001,2024-03-01,515300,sell,6400.0,1.378,8819.199999999999,8.819199999999999,monthly,2024-02-29
fast_reentry_exit-fee0.001,2024-03-01,518850,buy,1300.0,4.684,6089.2,6.0892,monthly,2024-02-29
fast_reentry_exit-fee0.001,2024-03-01,512890,buy,364400.0,1.001,364764.39999999997,364.76439999999997,monthly,2024-02-29
fast_reentry_exit-fee0.001,2024-04-01,518850,sell,77900.0,5.2,405080.0,405.08,monthly,2024-03-29
fast_reentry_exit-fee0.001,2024-04-01,515300,buy,9300.0,1.388,12908.4,12.9084,monthly,2024-03-29
fast_reentry_exit-fee0.001,2024-04-01,512890,buy,11100.0,1.014,11255.4,11.2554,monthly,2024-03-29
fast_reentry_exit-fee0.001,2024-04-01,515880,buy,327700.0,1.16,380132.0,380.132,monthly,2024-03-29
fast_reentry_exit-fee0.001,2024-04-11,515880,sell,327700.0,1.09,357193.0,357.193,stop,2024-04-10
fast_reentry_exit-fee0.001,2024-04-12,515880,buy,321100.0,1.11,356421.00000000006,356.42100000000005,fast_reentry,2024-04-11
fast_reentry_exit-fee0.001,2024-05-06,515300,sell,3100.0,1.447,4485.7,4.4857,monthly,2024-04-30
fast_reentry_exit-fee0.001,2024-05-06,515880,sell,321100.0,1.211,388852.10000000003,388.85210000000006,monthly,2024-04-30
fast_reentry_exit-fee0.001,2024-05-06,515130,buy,349700.0,1.12,391664.00000000006,391.66400000000004,monthly,2024-04-30
fast_reentry_exit-fee0.001,2024-05-06,512890,buy,1000.0,1.042,1042.0,1.042,monthly,2024-04-30
fast_reentry_exit-fee0.001,2024-06-03,515130,sell,349700.0,1.103,385719.1,385.71909999999997,monthly,2024-05-31
fast_reentry_exit-fee0.001,2024-06-03,512890,sell,10700.0,1.084,11598.800000000001,11.5988,monthly,2024-05-31
fast_reentry_exit-fee0.001,2024-06-03,515300,buy,500.0,1.459,729.5,0.7295,monthly,2024-05-31
fast_reentry_exit-fee0.001,2024-06-03,515880,buy,355900.0,1.112,395760.80000000005,395.7608000000001,monthly,2024-05-31
fast_reentry_exit-fee0.001,2024-07-01,515880,sell,355900.0,1.175,418182.5,418.1825,monthly,2024-06-28
fast_reentry_exit-fee0.001,2024-07-01,515300,buy,17500.0,1.383,24202.5,24.2025,monthly,2024-06-28
fast_reentry_exit-fee0.001,2024-07-01,159652,buy,462900.0,0.863,399482.7,399.4827,monthly,2024-06-28
fast_reentry_exit-fee0.001,2024-07-01,512890,buy,12300.0,1.058,13013.400000000001,13.013400000000003,monthly,2024-06-28
fast_reentry_exit-fee0.001,2024-07-24,159652,sell,462900.0,0.823,380966.69999999995,380.96669999999995,stop,2024-07-23
fast_reentry_exit-fee0.001,2024-08-01,515300,sell,8500.0,1.388,11798.0,11.798,monthly,2024-07-31
fast_reentry_exit-fee0.001,2024-08-01,512890,buy,2800.0,1.023,2864.3999999999996,2.8644,monthly,2024-07-31
fast_reentry_exit-fee0.001,2024-08-01,515880,buy,336100.0,1.158,389203.8,389.2038,monthly,2024-07-31
fast_reentry_exit-fee0.001,2024-08-05,515880,sell,336100.0,1.065,357946.5,357.9465,stop,2024-08-02
fast_reentry_exit-fee0.001,2024-09-02,515300,sell,3700.0,1.343,4969.099999999999,4.969099999999999,monthly,2024-08-30
fast_reentry_exit-fee0.001,2024-09-02,512890,sell,9600.0,1.002,9619.2,9.619200000000001,monthly,2024-08-30
fast_reentry_exit-fee0.001,2024-09-02,518850,buy,67400.0,5.512,371508.8,371.5088,monthly,2024-08-30
fast_reentry_exit-fee0.001,2024-09-04,512890,sell,371300.0,0.991,367958.3,367.9583,stop,2024-09-03
fast_reentry_exit-fee0.001,2024-09-10,515300,sell,277000.0,1.308,362316.0,362.31600000000003,stop,2024-09-09
fast_reentry_exit-fee0.001,2024-09-24,515300,buy,285300.0,1.267,361475.1,361.4751,fast_reentry,2024-09-23
fast_reentry_exit-fee0.001,2024-09-25,512890,buy,358200.0,1.025,367154.99999999994,367.155,fast_reentry,2024-09-24
fast_reentry_exit-fee0.001,2024-10-08,515300,sell,285300.0,1.611,459618.3,459.6183,monthly,2024-09-30
fast_reentry_exit-fee0.001,2024-10-08,512890,sell,358200.0,1.222,437720.39999999997,437.7204,monthly,2024-09-30
fast_reentry_exit-fee0.001,2024-10-08,518850,buy,156400.0,5.73,896172.0000000001,896.1720000000001,monthly,2024-09-30
fast_reentry_exit-fee0.001,2024-12-02,518850,sell,223800.0,5.896,1319524.8,1319.5248000000001,monthly,2024-11-29
fast_reentry_exit-fee0.001,2024-12-02,515300,buy,316000.0,1.389,438924.0,438.92400000000004,monthly,2024-11-29
fast_reentry_exit-fee0.001,2024-12-02,159652,buy,489900.0,0.896,438950.4,438.95040000000006,monthly,2024-11-29
fast_reentry_exit-fee0.001,2024-12-02,512890,buy,403800.0,1.087,438930.6,438.93059999999997,monthly,2024-11-29
fast_reentry_exit-fee0.001,2024-12-20,159652,sell,489900.0,0.875,428662.5,428.6625,stop,2024-12-19
fast_reentry_exit-fee0.001,2025-01-02,515300,sell,316000.0,1.399,442084.0,442.084,monthly,2024-12-31
fast_reentry_exit-fee0.001,2025-01-02,512890,sell,403800.0,1.121,452659.8,452.6598,monthly,2024-12-31
fast_reentry_exit-fee0.001,2025-01-02,518850,buy,74500.0,5.994,446553.0,446.553,monthly,2024-12-31
fast_reentry_exit-fee0.001,2025-01-02,515880,buy,330600.0,1.352,446971.2,446.9712,monthly,2024-12-31
fast_reentry_exit-fee0.001,2025-01-02,562590,buy,425600.0,1.05,446880.0,446.88,monthly,2024-12-31
fast_reentry_exit-fee0.001,2025-02-05,518850,sell,3400.0,6.424,21841.600000000002,21.841600000000003,monthly,2025-01-27
fast_reentry_exit-fee0.001,2025-02-05,515880,sell,330600.0,1.353,447301.8,447.3018,monthly,2025-01-27
fast_reentry_exit-fee0.001,2025-02-05,562590,sell,425600.0,1.046,445177.60000000003,445.17760000000004,monthly,2025-01-27
fast_reentry_exit-fee0.001,2025-02-05,588000,buy,439300.0,1.039,456432.69999999995,456.43269999999995,monthly,2025-01-27
fast_reentry_exit-fee0.001,2025-02-05,513870,buy,302400.0,1.509,456321.6,456.3216,monthly,2025-01-27
fast_reentry_exit-fee0.001,2025-03-03,518850,sell,71100.0,6.48,460728.00000000006,460.72800000000007,monthly,2025-02-28
fast_reentry_exit-fee0.001,2025-03-03,588000,sell,439300.0,1.133,497726.9,497.72690000000006,monthly,2025-02-28
fast_reentry_exit-fee0.001,2025-03-03,159652,buy,532000.0,0.872,463904.0,463.904,monthly,2025-02-28
fast_reentry_exit-fee0.001,2025-03-03,513870,buy,20000.0,1.441,28820.0,28.82,monthly,2025-02-28
fast_reentry_exit-fee0.001,2025-03-03,562590,buy,409400.0,1.133,463850.2,463.85020000000003,monthly,2025-02-28
fast_reentry_exit-fee0.001,2025-03-10,513870,sell,322400.0,1.383,445879.2,445.8792,stop,2025-03-07
fast_reentry_exit-fee0.001,2025-03-26,513870,buy,314900.0,1.413,444953.7,444.9537,fast_reentry,2025-03-25
fast_reentry_exit-fee0.001,2025-03-28,513870,sell,314900.0,1.373,432357.7,432.3577,stop,2025-03-27
fast_reentry_exit-fee0.001,2025-04-01,159652,sell,532000.0,0.941,500612.0,500.612,monthly,2025-03-31
fast_reentry_exit-fee0.001,2025-04-01,518850,buy,64600.0,7.096,458401.6,458.4016,monthly,2025-03-31
fast_reentry_exit-fee0.001,2025-04-01,588000,buy,425400.0,1.079,459006.6,459.0066,monthly,2025-03-31
fast_reentry_exit-fee0.001,2025-04-01,562590,buy,12500.0,1.089,13612.5,13.6125,monthly,2025-03-31
fast_reentry_exit-fee0.001,2025-04-08,562590,sell,421900.0,1.008,425275.2,425.27520000000004,stop,2025-04-07
fast_reentry_exit-fee0.001,2025-04-09,562590,buy,420200.0,1.01,424402.0,424.402,fast_reentry,2025-04-08
fast_reentry_exit-fee0.001,2025-05-06,518850,sell,64600.0,7.64,493544.0,493.544,monthly,2025-04-30
fast_reentry_exit-fee0.001,2025-05-06,588000,sell,425400.0,1.067,453901.8,453.9018,monthly,2025-04-30
fast_reentry_exit-fee0.001,2025-05-06,515170,buy,1192800.0,0.589,702559.2,702.5591999999999,monthly,2025-04-30
fast_reentry_exit-fee0.001,2025-05-06,562590,buy,222100.0,1.095,243199.5,243.1995,monthly,2025-04-30
fast_reentry_exit-fee0.001,2025-05-29,562590,sell,642300.0,1.038,666707.4,666.7074,stop,2025-05-28
fast_reentry_exit-fee0.001,2025-05-30,562590,buy,630600.0,1.055,665283.0,665.283,fast_reentry,2025-05-29
fast_reentry_exit-fee0.001,2025-06-03,515170,sell,1192800.0,0.585,697788.0,697.788,monthly,2025-05-30
fast_reentry_exit-fee0.001,2025-06-03,562590,sell,198000.0,1.046,207108.0,207.108,monthly,2025-05-30
fast_reentry_exit-fee0.001,2025-06-03,515300,buy,324000.0,1.394,451655.99999999994,451.65599999999995,monthly,2025-05-30
fast_reentry_exit-fee0.001,2025-06-03,588000,buy,439300.0,1.028,451600.4,451.60040000000004,monthly,2025-05-30
fast_reentry_exit-fee0.001,2025-06-11,562590,sell,432600.0,1.046,452499.60000000003,452.49960000000004,stop,2025-06-10
fast_reentry_exit-fee0.001,2025-06-23,588000,sell,439300.0,1.002,440178.6,440.17859999999996,stop,2025-06-20
fast_reentry_exit-fee0.001,2025-06-24,588000,buy,433200.0,1.014,439264.8,439.2648,fast_reentry,2025-06-23
fast_reentry_exit-fee0.001,2025-06-24,562590,buy,416900.0,1.083,451502.7,451.5027,fast_reentry,2025-06-23
fast_reentry_exit-fee0.001,2025-07-01,515300,sell,324000.0,1.379,446796.0,446.796,monthly,2025-06-30
fast_reentry_exit-fee0.001,2025-07-01,562590,sell,4000.0,1.109,4436.0,4.436,monthly,2025-06-30
fast_reentry_exit-fee0.001,2025-07-01,518850,buy,61800.0,7.393,456887.39999999997,456.88739999999996,monthly,2025-06-30
fast_reentry_exit-fee0.001,2025-07-01,588000,buy,900.0,1.055,949.5,0.9495,monthly,2025-06-30
fast_reentry_exit-fee0.001,2025-08-01,588000,sell,8700.0,1.101,9578.699999999999,9.5787,monthly,2025-07-31
fast_reentry_exit-fee0.001,2025-08-01,562590,sell,1700.0,1.139,1936.3,1.9363,monthly,2025-07-31
fast_reentry_exit-fee0.001,2025-08-01,518850,buy,1500.0,7.388,11082.0,11.082,monthly,2025-07-31
fast_reentry_exit-fee0.001,2025-09-01,588000,sell,425400.0,1.419,603642.6,603.6426,monthly,2025-08-29
fast_reentry_exit-fee0.001,2025-09-01,562590,sell,2700.0,1.332,3596.4,3.5964,monthly,2025-08-29
fast_reentry_exit-fee0.001,2025-09-01,512400,buy,358500.0,1.516,543486.0,543.486,monthly,2025-08-29
fast_reentry_exit-fee0.001,2025-09-01,518850,buy,8300.0,7.59,62997.0,62.997,monthly,2025-08-29
fast_reentry_exit-fee0.001,2025-10-09,512400,sell,358500.0,1.75,627375.0,627.375,monthly,2025-09-30
fast_reentry_exit-fee0.001,2025-10-09,562590,sell,408500.0,1.658,677293.0,677.293,monthly,2025-09-30
fast_reentry_exit-fee0.001,2025-10-09,515130,buy,428300.0,1.508,645876.4,645.8764,monthly,2025-09-30
fast_reentry_exit-fee0.001,2025-10-09,518850,buy,1700.0,8.81,14977.0,14.977,monthly,2025-09-30
fast_reentry_exit-fee0.001,2025-10-09,515170,buy,1111700.0,0.581,645897.7,645.8977,monthly,2025-09-30
fast_reentry_exit-fee0.001,2025-10-10,515170,sell,1111700.0,0.578,642562.6,642.5626,stop,2025-10-09
fast_reentry_exit-fee0.001,2025-10-15,515170,buy,1099900.0,0.583,641241.7,641.2416999999999,fast_reentry,2025-10-14
fast_reentry_exit-fee0.001,2025-10-21,515170,sell,1099900.0,0.583,641241.7,641.2416999999999,stop,2025-10-20
fast_reentry_exit-fee0.001,2025-10-22,515170,buy,1097700.0,0.583,639959.1,639.9591,fast_reentry,2025-10-21
fast_reentry_exit-fee0.001,2025-10-23,515170,sell,1097700.0,0.579,635568.2999999999,635.5682999999999,stop,2025-10-22
fast_reentry_exit-fee0.001,2025-10-24,515170,buy,1089800.0,0.582,634263.6,634.2636,fast_reentry,2025-10-23
fast_reentry_exit-fee0.001,2025-10-27,515170,sell,1089800.0,0.576,627724.7999999999,627.7248,stop,2025-10-24
fast_reentry_exit-fee0.001,2025-11-03,515130,sell,428300.0,1.511,647161.2999999999,647.1613,monthly,2025-10-31
fast_reentry_exit-fee0.001,2025-11-03,518850,sell,73300.0,8.814,646066.2,646.0662,monthly,2025-10-31
fast_reentry_exit-fee0.001,2025-11-03,515300,buy,477800.0,1.338,639296.4,639.2964000000001,monthly,2025-10-31
fast_reentry_exit-fee0.001,2025-11-03,512890,buy,537700.0,1.189,639325.3,639.3253000000001,monthly,2025-10-31
fast_reentry_exit-fee0.001,2025-11-03,513870,buy,347800.0,1.838,639256.4,639.2564,monthly,2025-10-31
fast_reentry_exit-fee0.001,2025-12-01,515300,sell,477800.0,1.34,640252.0,640.2520000000001,monthly,2025-11-28
fast_reentry_exit-fee0.001,2025-12-01,512890,sell,537700.0,1.204,647390.7999999999,647.3907999999999,monthly,2025-11-28
fast_reentry_exit-fee0.001,2025-12-01,513870,sell,347800.0,1.816,631604.8,631.6048000000001,monthly,2025-11-28
fast_reentry_exit-fee0.001,2025-12-01,515050,buy,312000.0,2.046,638352.0,638.352,monthly,2025-11-28
fast_reentry_exit-fee0.001,2025-12-01,588000,buy,457700.0,1.395,638491.5,638.4915,monthly,2025-11-28
fast_reentry_exit-fee0.001,2025-12-01,515880,buy,236700.0,2.697,638379.9,638.3799,monthly,2025-11-28
fast_reentry_exit-fee0.001,2026-01-05,515050,sell,4500.0,2.286,10287.0,10.287,monthly,2025-12-31
fast_reentry_exit-fee0.001,2026-01-05,588000,sell,457700.0,1.433,655884.1,655.8841,monthly,2025-12-31
fast_reentry_exit-fee0.001,2026-01-05,515880,sell,11800.0,3.125,36875.0,36.875,monthly,2025-12-31
fast_reentry_exit-fee0.001,2026-01-05,512400,buy,358900.0,1.956,702008.4,702.0084,monthly,2025-12-31
fast_reentry_exit-fee0.001,2026-02-02,512400,sell,358900.0,2.105,755484.5,755.4845,monthly,2026-01-30
fast_reentry_exit-fee0.001,2026-02-02,515050,buy,4200.0,2.38,9996.0,9.996,monthly,2026-01-30
fast_reentry_exit-fee0.001,2026-02-02,516220,buy,744600.0,0.995,740877.0,740.8770000000001,monthly,2026-01-30
fast_reentry_exit-fee0.001,2026-02-02,515880,buy,800.0,3.287,2629.6,2.6296,monthly,2026-01-30
fast_reentry_exit-fee0.001,2026-03-02,516220,sell,744600.0,1.084,807146.4,807.1464000000001,monthly,2026-02-27
fast_reentry_exit-fee0.001,2026-03-02,515050,buy,7100.0,2.376,16869.6,16.8696,monthly,2026-02-27
fast_reentry_exit-fee0.001,2026-03-02,515880,buy,30300.0,1.071,32451.3,32.4513,monthly,2026-02-27
fast_reentry_exit-fee0.001,2026-03-02,562590,buy,385100.0,1.964,756336.4,756.3364,monthly,2026-02-27
fast_reentry_exit-fee0.001,2026-04-01,515050,sell,318800.0,2.375,757150.0,757.15,monthly,2026-03-31
fast_reentry_exit-fee0.001,2026-04-01,515880,sell,34700.0,1.099,38135.299999999996,38.135299999999994,monthly,2026-03-31
fast_reentry_exit-fee0.001,2026-04-01,588000,buy,545100.0,1.354,738065.4,738.0654000000001,monthly,2026-03-31
fast_reentry_exit-fee0.001,2026-04-01,562590,buy,31500.0,1.774,55881.0,55.881,monthly,2026-03-31
fast_reentry_exit-fee0.001,2026-04-03,588000,sell,545100.0,1.335,727708.5,727.7085000000001,stop,2026-04-02
fast_reentry_exit-fee0.001,2026-04-09,588000,buy,515800.0,1.408,726246.3999999999,726.2463999999999,fast_reentry,2026-04-08
fast_reentry_exit-fee0.001,2026-05-06,588000,sell,515800.0,1.719,886660.2000000001,886.6602,monthly,2026-04-30
fast_reentry_exit-fee0.001,2026-05-06,515880,sell,1900.0,1.344,2553.6000000000004,2.5536000000000003,monthly,2026-04-30
fast_reentry_exit-fee0.001,2026-05-06,562590,sell,5700.0,2.194,12505.8,12.505799999999999,monthly,2026-04-30
fast_reentry_exit-fee0.001,2026-05-06,516220,buy,854000.0,1.054,900116.0,900.116,monthly,2026-04-30
fast_reentry_exit-fee0.001,2026-06-01,516220,sell,854000.0,0.905,772870.0,772.87,monthly,2026-05-29
fast_reentry_exit-fee0.001,2026-06-01,515880,sell,65600.0,1.577,103451.2,103.4512,monthly,2026-05-29
fast_reentry_exit-fee0.001,2026-06-01,562590,sell,410900.0,2.513,1032591.7,1032.5917,monthly,2026-05-29
fast_reentry_exit-fee0.001,2026-06-01,515050,buy,797700.0,1.194,952453.7999999999,952.4538,monthly,2026-05-29
fast_reentry_exit-fee0.001,2026-06-01,515130,buy,589000.0,1.617,952413.0,952.413,monthly,2026-05-29
no_exit_75-fee0.001,2020-12-01,510300,buy,49600.0,5.027,249339.2,249.3392,monthly,2020-11-30
no_exit_75-fee0.001,2020-12-01,512400,buy,263400.0,0.948,249703.19999999998,249.70319999999998,monthly,2020-11-30
no_exit_75-fee0.001,2020-12-01,515050,buy,204700.0,1.22,249734.0,249.734,monthly,2020-11-30
no_exit_75-fee0.001,2021-01-04,510300,sell,1000.0,5.28,5280.0,5.28,monthly,2020-12-31
no_exit_75-fee0.001,2021-01-04,512400,sell,263400.0,1.033,272092.19999999995,272.09219999999993,monthly,2020-12-31
no_exit_75-fee0.001,2021-01-04,515050,buy,11600.0,1.187,13769.2,13.769200000000001,monthly,2020-12-31
no_exit_75-fee0.001,2021-01-04,512890,buy,192700.0,1.331,256483.69999999998,256.4837,monthly,2020-12-31
no_exit_75-fee0.001,2021-02-01,510300,sell,1100.0,5.348,5882.8,5.8828000000000005,monthly,2021-01-29
no_exit_75-fee0.001,2021-02-01,515050,buy,4500.0,1.152,5184.0,5.184,monthly,2021-01-29
no_exit_75-fee0.001,2021-02-01,512890,buy,4800.0,1.288,6182.400000000001,6.1824,monthly,2021-01-29
no_exit_75-fee0.001,2021-03-01,515050,sell,220800.0,1.126,248620.8,248.6208,monthly,2021-02-26
no_exit_75-fee0.001,2021-03-01,512890,sell,9600.0,1.37,13152.000000000002,13.152000000000003,monthly,2021-02-26
no_exit_75-fee0.001,2021-03-01,510300,buy,300.0,5.381,1614.3000000000002,1.6143000000000003,monthly,2021-02-26
no_exit_75-fee0.001,2021-03-01,515300,buy,227600.0,1.13,257187.99999999997,257.188,monthly,2021-02-26
no_exit_75-fee0.001,2021-04-01,515300,sell,227600.0,1.165,265154.0,265.154,monthly,2021-03-31
no_exit_75-fee0.001,2021-04-01,512890,sell,6300.0,1.419,8939.7,8.9397,monthly,2021-03-31
no_exit_75-fee0.001,2021-04-01,510300,buy,3100.0,5.056,15673.6,15.6736,monthly,2021-03-31
no_exit_75-fee0.001,2021-04-01,512400,buy,254100.0,1.013,257403.3,257.4033,monthly,2021-03-31
no_exit_75-fee0.001,2021-05-06,512400,sell,16100.0,1.116,17967.600000000002,17.9676,monthly,2021-04-30
no_exit_75-fee0.001,2021-05-06,510300,buy,1000.0,5.109,5109.0,5.109,monthly,2021-04-30
no_exit_75-fee0.001,2021-05-06,512890,buy,3200.0,1.437,4598.400000000001,4.598400000000001,monthly,2021-04-30
no_exit_75-fee0.001,2021-06-01,512400,sell,5000.0,1.191,5955.0,5.955,monthly,2021-05-31
no_exit_75-fee0.001,2021-06-01,512890,sell,4200.0,1.537,6455.4,6.4554,monthly,2021-05-31
no_exit_75-fee0.001,2021-06-01,510300,buy,100.0,5.333,533.3000000000001,0.5333000000000001,monthly,2021-05-31
no_exit_75-fee0.001,2021-07-01,510300,sell,52000.0,5.273,274196.0,274.196,monthly,2021-06-30
no_exit_75-fee0.001,2021-07-01,512400,buy,7100.0,1.131,8030.1,8.030100000000001,monthly,2021-06-30
no_exit_75-fee0.001,2021-07-01,515130,buy,178700.0,1.518,271266.6,271.2666,monthly,2021-06-30
no_exit_75-fee0.001,2021-07-01,512890,buy,600.0,1.499,899.4000000000001,0.8994000000000001,monthly,2021-06-30
no_exit_75-fee0.001,2021-08-02,512400,sell,240100.0,1.457,349825.7,349.82570000000004,monthly,2021-07-30
no_exit_75-fee0.001,2021-08-02,510300,buy,58100.0,4.856,282133.6,282.1336,monthly,2021-07-30
no_exit_75-fee0.001,2021-08-02,515130,buy,21800.0,1.41,30738.0,30.738,monthly,2021-07-30
no_exit_75-fee0.001,2021-08-02,512890,buy,17500.0,1.423,24902.5,24.9025,monthly,2021-07-30
no_exit_75-fee0.001,2021-09-01,512890,sell,198700.0,1.593,316529.1,316.52909999999997,monthly,2021-08-31
no_exit_75-fee0.001,2021-09-01,510300,buy,1600.0,4.88,7808.0,7.808,monthly,2021-08-31
no_exit_75-fee0.001,2021-09-01,512400,buy,173700.0,1.676,291121.2,291.12120000000004,monthly,2021-08-31
no_exit_75-fee0.001,2021-09-01,515130,buy,5800.0,1.413,8195.4,8.1954,monthly,2021-08-31
no_exit_75-fee0.001,2021-10-08,510300,sell,3100.0,4.978,15431.8,15.431799999999999,monthly,2021-09-30
no_exit_75-fee0.001,2021-10-08,512400,sell,173700.0,1.407,244395.9,244.3959,monthly,2021-09-30
no_exit_75-fee0.001,2021-10-08,515130,sell,9100.0,1.43,13013.0,13.013,monthly,2021-09-30
no_exit_75-fee0.001,2021-10-08,515050,buy,257000.0,1.096,281672.0,281.672,monthly,2021-09-30
no_exit_75-fee0.001,2021-11-01,510300,sell,56600.0,4.957,280566.2,280.56620000000004,monthly,2021-10-29
no_exit_75-fee0.001,2021-11-01,515050,sell,257000.0,1.116,286812.0,286.812,monthly,2021-10-29
no_exit_75-fee0.001,2021-11-01,515130,sell,600.0,1.442,865.1999999999999,0.8652,monthly,2021-10-29
no_exit_75-fee0.001,2021-11-01,512400,buy,205800.0,1.376,283180.8,283.1808,monthly,2021-10-29
no_exit_75-fee0.001,2021-11-01,515300,buy,246200.0,1.15,283130.0,283.13,monthly,2021-10-29
no_exit_75-fee0.001,2021-12-01,512400,sell,9700.0,1.452,14084.4,14.0844,monthly,2021-11-30
no_exit_75-fee0.001,2021-12-01,515300,sell,246200.0,1.123,276482.6,276.4826,monthly,2021-11-30
no_exit_75-fee0.001,2021-12-01,515130,buy,2700.0,1.429,3858.3,3.8583000000000003,monthly,2021-11-30
no_exit_75-fee0.001,2021-12-01,512890,buy,379800.0,0.749,284470.2,284.47020000000003,monthly,2021-11-30
no_exit_75-fee0.001,2022-01-04,515130,sell,199300.0,1.465,291974.5,291.9745,monthly,2021-12-31
no_exit_75-fee0.001,2022-01-04,512890,sell,19900.0,0.795,15820.5,15.820500000000001,monthly,2021-12-31
no_exit_75-fee0.001,2022-01-04,512400,buy,14900.0,1.356,20204.4,20.204400000000003,monthly,2021-12-31
no_exit_75-fee0.001,2022-01-04,515880,buy,253100.0,1.129,285749.9,285.7499,monthly,2021-12-31
no_exit_75-fee0.001,2022-02-07,512890,sell,15600.0,0.791,12339.6,12.3396,monthly,2022-01-28
no_exit_75-fee0.001,2022-02-07,515880,sell,253100.0,1.025,259427.49999999997,259.42749999999995,monthly,2022-01-28
no_exit_75-fee0.001,2022-02-07,512400,buy,10400.0,1.23,12792.0,12.792,monthly,2022-01-28
no_exit_75-fee0.001,2022-02-07,515300,buy,230800.0,1.179,272113.2,272.1132,monthly,2022-01-28
no_exit_75-fee0.001,2022-03-01,512400,sell,21600.0,1.431,30909.600000000002,30.9096,monthly,2022-02-28
no_exit_75-fee0.001,2022-03-01,512890,sell,344300.0,0.818,281637.39999999997,281.63739999999996,monthly,2022-02-28
no_exit_75-fee0.001,2022-03-01,515300,buy,10500.0,1.185,12442.5,12.4425,monthly,2022-02-28
no_exit_75-fee0.001,2022-03-01,515880,buy,272100.0,1.05,285705.0,285.705,monthly,2022-02-28
no_exit_75-fee0.001,2022-04-01,515300,sell,241300.0,1.195,288353.5,288.3535,monthly,2022-03-31
no_exit_75-fee0.001,2022-04-01,515880,sell,272100.0,0.903,245706.30000000002,245.70630000000003,monthly,2022-03-31
no_exit_75-fee0.001,2022-04-01,512400,buy,446400.0,1.238,552643.2,552.6432,monthly,2022-03-31
no_exit_75-fee0.001,2022-05-05,512400,sell,646200.0,1.1,710820.0,710.82,monthly,2022-04-29
no_exit_75-fee0.001,2022-05-05,515300,buy,208400.0,1.171,244036.4,244.0364,monthly,2022-04-29
no_exit_75-fee0.001,2022-05-05,518850,buy,61200.0,3.984,243820.8,243.8208,monthly,2022-04-29
no_exit_75-fee0.001,2022-05-05,515170,buy,337000.0,0.724,243988.0,243.988,monthly,2022-04-29
no_exit_75-fee0.001,2022-06-01,515170,sell,337000.0,0.739,249043.0,249.043,monthly,2022-05-31
no_exit_75-fee0.001,2022-06-01,515300,buy,3600.0,1.145,4122.0,4.122,monthly,2022-05-31
no_exit_75-fee0.001,2022-06-01,518850,buy,800.0,3.915,3132.0,3.132,monthly,2022-05-31
no_exit_75-fee0.001,2022-06-01,512890,buy,288700.0,0.84,242508.0,242.508,monthly,2022-05-31
no_exit_75-fee0.001,2022-07-01,515300,sell,212000.0,1.178,249736.0,249.73600000000002,monthly,2022-06-30
no_exit_75-fee0.001,2022-07-01,512890,sell,1700.0,0.85,1445.0,1.445,monthly,2022-06-30
no_exit_75-fee0.001,2022-07-01,512400,buy,185500.0,1.314,243747.0,243.747,monthly,2022-06-30
no_exit_75-fee0.001,2022-07-01,518850,buy,1500.0,3.842,5763.0,5.763,monthly,2022-06-30
no_exit_75-fee0.001,2022-08-01,512400,sell,185500.0,1.255,232802.49999999997,232.80249999999998,monthly,2022-07-29
no_exit_75-fee0.001,2022-08-01,518850,sell,700.0,3.785,2649.5,2.6495,monthly,2022-07-29
no_exit_75-fee0.001,2022-08-01,515300,buy,208400.0,1.14,237575.99999999997,237.57599999999996,monthly,2022-07-29
no_exit_75-fee0.001,2022-08-01,512890,buy,4100.0,0.817,3349.7,3.3497,monthly,2022-07-29
no_exit_75-fee0.001,2022-09-01,512890,sell,7500.0,0.848,6360.0,6.36,monthly,2022-08-31
no_exit_75-fee0.001,2022-09-01,515300,buy,400.0,1.152,460.79999999999995,0.4608,monthly,2022-08-31
no_exit_75-fee0.001,2022-09-01,518850,buy,800.0,3.781,3024.8,3.0248000000000004,monthly,2022-08-31
no_exit_75-fee0.001,2022-10-10,515300,sell,208800.0,1.117,233229.6,233.2296,monthly,2022-09-30
no_exit_75-fee0.001,2022-10-10,518850,sell,1400.0,3.832,5364.8,5.364800000000001,monthly,2022-09-30
no_exit_75-fee0.001,2022-10-10,515170,buy,323000.0,0.738,238374.0,238.374,monthly,2022-09-30
no_exit_75-fee0.001,2022-10-10,512890,buy,2100.0,0.835,1753.5,1.7535,monthly,2022-09-30
no_exit_75-fee0.001,2022-11-01,518850,sell,4500.0,3.842,17289.0,17.289,monthly,2022-10-31
no_exit_75-fee0.001,2022-11-01,515170,sell,323000.0,0.587,189601.0,189.601,monthly,2022-10-31
no_exit_75-fee0.001,2022-11-01,515300,buy,208000.0,1.066,221728.0,221.728,monthly,2022-10-31
no_exit_75-fee0.001,2022-11-01,512890,buy,1800.0,0.772,1389.6000000000001,1.3896000000000002,monthly,2022-10-31
no_exit_75-fee0.001,2022-12-01,515300,sell,8600.0,1.186,10199.6,10.1996,monthly,2022-11-30
no_exit_75-fee0.001,2022-12-01,512890,sell,13200.0,0.862,11378.4,11.3784,monthly,2022-11-30
no_exit_75-fee0.001,2022-12-01,518850,buy,1700.0,3.977,6760.9,6.7608999999999995,monthly,2022-11-30
no_exit_75-fee0.001,2023-01-03,518850,sell,1400.0,4.01,5614.0,5.614,monthly,2022-12-30
no_exit_75-fee0.001,2023-01-03,515300,buy,1100.0,1.161,1277.1000000000001,1.2771000000000001,monthly,2022-12-30
no_exit_75-fee0.001,2023-01-03,512890,buy,9900.0,0.819,8108.099999999999,8.1081,monthly,2022-12-30
no_exit_75-fee0.001,2023-02-01,515300,sell,2200.0,1.202,2644.4,2.6444,monthly,2023-01-31
no_exit_75-fee0.001,2023-02-01,518850,sell,300.0,4.125,1237.5,1.2375,monthly,2023-01-31
no_exit_75-fee0.001,2023-02-01,512890,sell,2100.0,0.845,1774.5,1.7745,monthly,2023-01-31
no_exit_75-fee0.001,2023-03-01,515300,sell,198300.0,1.218,241529.4,241.5294,monthly,2023-02-28
no_exit_75-fee0.001,2023-03-01,512890,sell,7100.0,0.873,6198.3,6.198300000000001,monthly,2023-02-28
no_exit_75-fee0.001,2023-03-01,518850,buy,1500.0,4.052,6077.999999999999,6.077999999999999,monthly,2023-02-28
no_exit_75-fee0.001,2023-03-01,515170,buy,295700.0,0.811,239812.7,239.8127,monthly,2023-02-28
no_exit_75-fee0.001,2023-04-03,518850,sell,59200.0,4.274,253020.8,253.02079999999998,monthly,2023-03-31
no_exit_75-fee0.001,2023-04-03,512890,sell,1900.0,0.889,1689.1000000000001,1.6891000000000003,monthly,2023-03-31
no_exit_75-fee0.001,2023-04-03,515300,buy,191400.0,1.267,242503.8,242.50379999999998,monthly,2023-03-31
no_exit_75-fee0.001,2023-04-03,515170,buy,11600.0,0.79,9164.0,9.164,monthly,2023-03-31
no_exit_75-fee0.001,2023-05-04,515300,sell,7400.0,1.345,9953.0,9.953,monthly,2023-04-28
no_exit_75-fee0.001,2023-05-04,512890,sell,273100.0,0.961,262449.1,262.4491,monthly,2023-04-28
no_exit_75-fee0.001,2023-05-04,518850,buy,56100.0,4.4,246840.00000000003,246.84000000000003,monthly,2023-04-28
no_exit_75-fee0.001,2023-05-04,515170,buy,27100.0,0.74,20054.0,20.054000000000002,monthly,2023-04-28
no_exit_75-fee0.001,2023-06-01,515300,sell,184000.0,1.345,247480.0,247.48000000000002,monthly,2023-05-31
no_exit_75-fee0.001,2023-06-01,518850,sell,1300.0,4.403,5723.9,5.7238999999999995,monthly,2023-05-31
no_exit_75-fee0.001,2023-06-01,515050,buy,251000.0,0.961,241211.0,241.211,monthly,2023-05-31
no_exit_75-fee0.001,2023-06-01,515170,buy,26000.0,0.67,17420.0,17.42,monthly,2023-05-31
no_exit_75-fee0.001,2023-07-03,515050,sell,251000.0,1.07,268570.0,268.57,monthly,2023-06-30
no_exit_75-fee0.001,2023-07-03,515170,sell,360400.0,0.679,244711.6,244.7116,monthly,2023-06-30
no_exit_75-fee0.001,2023-07-03,515300,buy,186300.0,1.333,248337.9,248.3379,monthly,2023-06-30
no_exit_75-fee0.001,2023-07-03,518850,buy,2000.0,4.375,8750.0,8.75,monthly,2023-06-30
no_exit_75-fee0.001,2023-07-03,512890,buy,272300.0,0.912,248337.6,248.3376,monthly,2023-06-30
no_exit_75-fee0.001,2023-08-01,515300,sell,5700.0,1.427,8133.900000000001,8.1339,monthly,2023-07-31
no_exit_75-fee0.001,2023-08-01,512890,sell,272300.0,0.969,263858.7,263.8587,monthly,2023-07-31
no_exit_75-fee0.001,2023-08-01,515050,buy,254400.0,1.012,257452.8,257.45279999999997,monthly,2023-07-31
no_exit_75-fee0.001,2023-08-01,518850,buy,1000.0,4.452,4452.0,4.452,monthly,2023-07-31
no_exit_75-fee0.001,2023-09-01,515050,sell,254400.0,0.956,243206.4,243.2064,monthly,2023-08-31
no_exit_75-fee0.001,2023-09-01,518850,sell,1900.0,4.509,8567.1,8.5671,monthly,2023-08-31
no_exit_75-fee0.001,2023-09-01,515300,buy,3700.0,1.368,5061.6,5.0616,monthly,2023-08-31
no_exit_75-fee0.001,2023-09-01,512890,buy,270300.0,0.932,251919.6,251.9196,monthly,2023-08-31
no_exit_75-fee0.001,2023-10-09,515300,sell,600.0,1.378,826.8,0.8268,monthly,2023-09-28
no_exit_75-fee0.001,2023-10-09,512890,sell,270300.0,0.948,256244.4,256.2444,monthly,2023-09-28
no_exit_75-fee0.001,2023-10-09,518850,buy,600.0,4.476,2685.6,2.6856,monthly,2023-09-28
no_exit_75-fee0.001,2023-10-09,515880,buy,228000.0,1.109,252852.0,252.852,monthly,2023-09-28
no_exit_75-fee0.001,2023-11-01,518850,sell,2900.0,4.615,13383.5,13.3835,monthly,2023-10-31
no_exit_75-fee0.001,2023-11-01,515300,buy,100.0,1.346,134.60000000000002,0.13460000000000003,monthly,2023-10-31
no_exit_75-fee0.001,2023-11-01,515880,buy,19100.0,1.001,19119.1,19.1191,monthly,2023-10-31
no_exit_75-fee0.001,2023-12-01,515880,sell,247100.0,1.016,251053.6,251.05360000000002,monthly,2023-11-30
no_exit_75-fee0.001,2023-12-01,515300,buy,700.0,1.346,942.2,0.9422,monthly,2023-11-30
no_exit_75-fee0.001,2023-12-01,518850,buy,100.0,4.622,462.2,0.4622,monthly,2023-11-30
no_exit_75-fee0.001,2023-12-01,512890,buy,269700.0,0.92,248124.0,248.124,monthly,2023-11-30
no_exit_75-fee0.001,2024-01-02,518850,sell,600.0,4.664,2798.3999999999996,2.7983999999999996,monthly,2023-12-29
no_exit_75-fee0.001,2024-01-02,512890,sell,269700.0,0.913,246236.1,246.23610000000002,monthly,2023-12-29
no_exit_75-fee0.001,2024-01-02,515300,buy,10900.0,1.268,13821.2,13.821200000000001,monthly,2023-12-29
no_exit_75-fee0.001,2024-01-02,515880,buy,239900.0,1.032,247576.80000000002,247.57680000000002,monthly,2023-12-29
no_exit_75-fee0.001,2024-02-01,515300,sell,14100.0,1.32,18612.0,18.612000000000002,monthly,2024-01-31
no_exit_75-fee0.001,2024-02-01,518850,sell,2000.0,4.678,9356.0,9.356,monthly,2024-01-31
no_exit_75-fee0.001,2024-02-01,515880,sell,239900.0,0.848,203435.19999999998,203.43519999999998,monthly,2024-01-31
no_exit_75-fee0.001,2024-02-01,588000,buy,334000.0,0.716,239144.0,239.144,monthly,2024-01-31
no_exit_75-fee0.001,2024-03-01,588000,sell,334000.0,0.85,283900.0,283.90000000000003,monthly,2024-02-29
no_exit_75-fee0.001,2024-03-01,515300,buy,2400.0,1.378,3307.2,3.3072,monthly,2024-02-29
no_exit_75-fee0.001,2024-03-01,518850,buy,2900.0,4.684,13583.6,13.5836,monthly,2024-02-29
no_exit_75-fee0.001,2024-03-01,512890,buy,252600.0,1.001,252852.59999999998,252.8526,monthly,2024-02-29
no_exit_75-fee0.001,2024-04-01,518850,sell,54000.0,5.2,280800.0,280.8,monthly,2024-03-29
no_exit_75-fee0.001,2024-04-01,515300,buy,4500.0,1.388,6246.0,6.246,monthly,2024-03-29
no_exit_75-fee0.001,2024-04-01,512890,buy,5000.0,1.014,5070.0,5.07,monthly,2024-03-29
no_exit_75-fee0.001,2024-04-01,515880,buy,225000.0,1.16,260999.99999999997,261.0,monthly,2024-03-29
no_exit_75-fee0.001,2024-05-06,515300,sell,2600.0,1.447,3762.2000000000003,3.7622000000000004,monthly,2024-04-30
no_exit_75-fee0.001,2024-05-06,515880,sell,225000.0,1.211,272475.0,272.475,monthly,2024-04-30
no_exit_75-fee0.001,2024-05-06,515130,buy,239500.0,1.12,268240.0,268.24,monthly,2024-04-30
no_exit_75-fee0.001,2024-05-06,512890,buy,100.0,1.042,104.2,0.1042,monthly,2024-04-30
no_exit_75-fee0.001,2024-06-03,515130,sell,239500.0,1.103,264168.5,264.1685,monthly,2024-05-31
no_exit_75-fee0.001,2024-06-03,515300,sell,100.0,1.459,145.9,0.1459,monthly,2024-05-31
no_exit_75-fee0.001,2024-06-03,512890,sell,8000.0,1.084,8672.0,8.672,monthly,2024-05-31
no_exit_75-fee0.001,2024-06-03,515880,buy,243100.0,1.112,270327.2,270.3272,monthly,2024-05-31
no_exit_75-fee0.001,2024-07-01,515880,sell,243100.0,1.175,285642.5,285.6425,monthly,2024-06-28
no_exit_75-fee0.001,2024-07-01,515300,buy,11500.0,1.383,15904.5,15.9045,monthly,2024-06-28
no_exit_75-fee0.001,2024-07-01,159652,buy,315500.0,0.863,272276.5,272.2765,monthly,2024-06-28
no_exit_75-fee0.001,2024-07-01,512890,buy,7900.0,1.058,8358.2,8.3582,monthly,2024-06-28
no_exit_75-fee0.001,2024-08-01,515300,sell,3200.0,1.388,4441.599999999999,4.441599999999999,monthly,2024-07-31
no_exit_75-fee0.001,2024-08-01,159652,sell,315500.0,0.846,266913.0,266.913,monthly,2024-07-31
no_exit_75-fee0.001,2024-08-01,512890,buy,5400.0,1.023,5524.2,5.5241999999999996,monthly,2024-07-31
no_exit_75-fee0.001,2024-08-01,515880,buy,232100.0,1.158,268771.8,268.7718,monthly,2024-07-31
no_exit_75-fee0.001,2024-09-02,515300,sell,2000.0,1.343,2686.0,2.686,monthly,2024-08-30
no_exit_75-fee0.001,2024-09-02,512890,sell,5900.0,1.002,5911.8,5.9118,monthly,2024-08-30
no_exit_75-fee0.001,2024-09-02,515880,sell,232100.0,1.025,237902.49999999997,237.90249999999997,monthly,2024-08-30
no_exit_75-fee0.001,2024-09-02,518850,buy,46600.0,5.512,256859.19999999998,256.8592,monthly,2024-08-30
no_exit_75-fee0.001,2024-10-08,515300,sell,191800.0,1.611,308989.8,308.9898,monthly,2024-09-30
no_exit_75-fee0.001,2024-10-08,512890,sell,257100.0,1.222,314176.2,314.1762,monthly,2024-09-30
no_exit_75-fee0.001,2024-10-08,518850,buy,105200.0,5.73,602796.0,602.796,monthly,2024-09-30
no_exit_75-fee0.001,2024-11-01,518850,sell,1900.0,6.022,11441.800000000001,11.4418,monthly,2024-10-31
no_exit_75-fee0.001,2024-12-02,518850,sell,149900.0,5.896,883810.4,883.8104000000001,monthly,2024-11-29
no_exit_75-fee0.001,2024-12-02,515300,buy,213000.0,1.389,295857.0,295.857,monthly,2024-11-29
no_exit_75-fee0.001,2024-12-02,159652,buy,330200.0,0.896,295859.2,295.85920000000004,monthly,2024-11-29
no_exit_75-fee0.001,2024-12-02,512890,buy,272200.0,1.087,295881.39999999997,295.8814,monthly,2024-11-29
no_exit_75-fee0.001,2025-01-02,515300,sell,213000.0,1.399,297987.0,297.987,monthly,2024-12-31
no_exit_75-fee0.001,2025-01-02,159652,sell,330200.0,0.855,282321.0,282.321,monthly,2024-12-31
no_exit_75-fee0.001,2025-01-02,512890,sell,272200.0,1.121,305136.2,305.13620000000003,monthly,2024-12-31
no_exit_75-fee0.001,2025-01-02,518850,buy,49700.0,5.994,297901.8,297.9018,monthly,2024-12-31
no_exit_75-fee0.001,2025-01-02,515880,buy,220600.0,1.352,298251.2,298.25120000000004,monthly,2024-12-31
no_exit_75-fee0.001,2025-01-02,562590,buy,284100.0,1.05,298305.0,298.305,monthly,2024-12-31
no_exit_75-fee0.001,2025-02-05,518850,sell,2500.0,6.424,16060.000000000002,16.060000000000002,monthly,2025-01-27
no_exit_75-fee0.001,2025-02-05,515880,sell,220600.0,1.353,298471.8,298.4718,monthly,2025-01-27
no_exit_75-fee0.001,2025-02-05,562590,sell,284100.0,1.046,297168.60000000003,297.1686,monthly,2025-01-27
no_exit_75-fee0.001,2025-02-05,588000,buy,291600.0,1.039,302972.39999999997,302.9724,monthly,2025-01-27
no_exit_75-fee0.001,2025-02-05,513870,buy,200700.0,1.509,302856.3,302.8563,monthly,2025-01-27
no_exit_75-fee0.001,2025-03-03,518850,sell,47200.0,6.48,305856.0,305.856,monthly,2025-02-28
no_exit_75-fee0.001,2025-03-03,588000,sell,291600.0,1.133,330382.8,330.3828,monthly,2025-02-28
no_exit_75-fee0.001,2025-03-03,159652,buy,351800.0,0.872,306769.6,306.76959999999997,monthly,2025-02-28
no_exit_75-fee0.001,2025-03-03,513870,buy,12400.0,1.441,17868.4,17.8684,monthly,2025-02-28
no_exit_75-fee0.001,2025-03-03,562590,buy,270700.0,1.133,306703.1,306.7031,monthly,2025-02-28
no_exit_75-fee0.001,2025-04-01,159652,sell,351800.0,0.941,331043.8,331.0438,monthly,2025-03-31
no_exit_75-fee0.001,2025-04-01,513870,sell,213100.0,1.325,282357.5,282.3575,monthly,2025-03-31
no_exit_75-fee0.001,2025-04-01,518850,buy,42700.0,7.096,302999.2,302.99920000000003,monthly,2025-03-31
no_exit_75-fee0.001,2025-04-01,588000,buy,281100.0,1.079,303306.89999999997,303.3069,monthly,2025-03-31
no_exit_75-fee0.001,2025-04-01,562590,buy,8100.0,1.089,8820.9,8.8209,monthly,2025-03-31
no_exit_75-fee0.001,2025-05-06,518850,sell,42700.0,7.64,326228.0,326.228,monthly,2025-04-30
no_exit_75-fee0.001,2025-05-06,588000,sell,281100.0,1.067,299933.7,299.93370000000004,monthly,2025-04-30
no_exit_75-fee0.001,2025-05-06,515170,buy,785500.0,0.589,462659.5,462.65950000000004,monthly,2025-04-30
no_exit_75-fee0.001,2025-05-06,562590,buy,144000.0,1.095,157680.0,157.68,monthly,2025-04-30
no_exit_75-fee0.001,2025-06-03,515170,sell,785500.0,0.585,459517.5,459.5175,monthly,2025-05-30
no_exit_75-fee0.001,2025-06-03,562590,sell,133700.0,1.046,139850.2,139.8502,monthly,2025-05-30
no_exit_75-fee0.001,2025-06-03,515300,buy,216700.0,1.394,302079.8,302.0798,monthly,2025-05-30
no_exit_75-fee0.001,2025-06-03,588000,buy,293900.0,1.028,302129.2,302.1292,monthly,2025-05-30
no_exit_75-fee0.001,2025-07-01,515300,sell,216700.0,1.379,298829.3,298.8293,monthly,2025-06-30
no_exit_75-fee0.001,2025-07-01,588000,sell,900.0,1.055,949.5,0.9495,monthly,2025-06-30
no_exit_75-fee0.001,2025-07-01,562590,sell,10300.0,1.109,11422.7,11.4227,monthly,2025-06-30
no_exit_75-fee0.001,2025-07-01,518850,buy,41700.0,7.393,308288.1,308.2881,monthly,2025-06-30
no_exit_75-fee0.001,2025-08-01,588000,sell,7400.0,1.101,8147.4,8.1474,monthly,2025-07-31
no_exit_75-fee0.001,2025-08-01,562590,sell,2800.0,1.139,3189.2,3.1892,monthly,2025-07-31
no_exit_75-fee0.001,2025-08-01,518850,buy,800.0,7.388,5910.4,5.9104,monthly,2025-07-31
no_exit_75-fee0.001,2025-09-01,588000,sell,285600.0,1.419,405266.4,405.26640000000003,monthly,2025-08-29
no_exit_75-fee0.001,2025-09-01,562590,sell,11300.0,1.332,15051.6,15.0516,monthly,2025-08-29
no_exit_75-fee0.001,2025-09-01,512400,buy,232300.0,1.516,352166.8,352.1668,monthly,2025-08-29
no_exit_75-fee0.001,2025-09-01,518850,buy,3900.0,7.59,29601.0,29.601,monthly,2025-08-29
no_exit_75-fee0.001,2025-10-09,512400,sell,232300.0,1.75,406525.0,406.52500000000003,monthly,2025-09-30
no_exit_75-fee0.001,2025-10-09,518850,sell,800.0,8.81,7048.0,7.048,monthly,2025-09-30
no_exit_75-fee0.001,2025-10-09,562590,sell,264700.0,1.658,438872.6,438.8726,monthly,2025-09-30
no_exit_75-fee0.001,2025-10-09,515130,buy,266700.0,1.508,402183.6,402.1836,monthly,2025-09-30
no_exit_75-fee0.001,2025-10-09,515170,buy,692200.0,0.581,402168.19999999995,402.16819999999996,monthly,2025-09-30
no_exit_75-fee0.001,2025-11-03,515130,sell,266700.0,1.511,402983.69999999995,402.98369999999994,monthly,2025-10-31
no_exit_75-fee0.001,2025-11-03,518850,sell,45600.0,8.814,401918.4,401.9184,monthly,2025-10-31
no_exit_75-fee0.001,2025-11-03,515170,sell,692200.0,0.575,398014.99999999994,398.01499999999993,monthly,2025-10-31
no_exit_75-fee0.001,2025-11-03,515300,buy,299600.0,1.338,400864.80000000005,400.86480000000006,monthly,2025-10-31
no_exit_75-fee0.001,2025-11-03,512890,buy,337200.0,1.189,400930.80000000005,400.93080000000003,monthly,2025-10-31
no_exit_75-fee0.001,2025-11-03,513870,buy,218100.0,1.838,400867.8,400.8678,monthly,2025-10-31
no_exit_75-fee0.001,2025-12-01,515300,sell,299600.0,1.34,401464.0,401.464,monthly,2025-11-28
no_exit_75-fee0.001,2025-12-01,512890,sell,337200.0,1.204,405988.8,405.98879999999997,monthly,2025-11-28
no_exit_75-fee0.001,2025-12-01,513870,sell,218100.0,1.816,396069.60000000003,396.06960000000004,monthly,2025-11-28
no_exit_75-fee0.001,2025-12-01,515050,buy,195700.0,2.046,400402.19999999995,400.40219999999994,monthly,2025-11-28
no_exit_75-fee0.001,2025-12-01,588000,buy,287100.0,1.395,400504.5,400.5045,monthly,2025-11-28
no_exit_75-fee0.001,2025-12-01,515880,buy,148500.0,2.697,400504.5,400.5045,monthly,2025-11-28
no_exit_75-fee0.001,2026-01-05,515050,sell,7300.0,2.286,16687.8,16.6878,monthly,2025-12-31
no_exit_75-fee0.001,2026-01-05,588000,sell,287100.0,1.433,411414.3,411.41429999999997,monthly,2025-12-31
no_exit_75-fee0.001,2026-01-05,515880,sell,10700.0,3.125,33437.5,33.4375,monthly,2025-12-31
no_exit_75-fee0.001,2026-01-05,512400,buy,220000.0,1.956,430320.0,430.32,monthly,2025-12-31
no_exit_75-fee0.001,2026-02-02,512400,sell,220000.0,2.105,463100.0,463.1,monthly,2026-01-30
no_exit_75-fee0.001,2026-02-02,515880,sell,1300.0,3.287,4273.099999999999,4.2730999999999995,monthly,2026-01-30
no_exit_75-fee0.001,2026-02-02,515050,buy,100.0,2.38,238.0,0.23800000000000002,monthly,2026-01-30
no_exit_75-fee0.001,2026-02-02,516220,buy,450500.0,0.995,448247.5,448.2475,monthly,2026-01-30
no_exit_75-fee0.001,2026-03-02,516220,sell,450500.0,1.084,488342.00000000006,488.34200000000004,monthly,2026-02-27
no_exit_75-fee0.001,2026-03-02,515050,buy,3300.0,2.376,7840.799999999999,7.8408,monthly,2026-02-27
no_exit_75-fee0.001,2026-03-02,515880,buy,16000.0,1.071,17136.0,17.136,monthly,2026-02-27
no_exit_75-fee0.001,2026-03-02,562590,buy,231800.0,1.964,455255.2,455.2552,monthly,2026-02-27
no_exit_75-fee0.001,2026-04-01,515050,sell,191800.0,2.375,455525.0,455.52500000000003,monthly,2026-03-31
no_exit_75-fee0.001,2026-04-01,515880,sell,18400.0,1.099,20221.6,20.2216,monthly,2026-03-31
no_exit_75-fee0.001,2026-04-01,588000,buy,330100.0,1.354,446955.4,446.95540000000005,monthly,2026-03-31
no_exit_75-fee0.001,2026-04-01,562590,buy,20400.0,1.774,36189.6,36.1896,monthly,2026-03-31
no_exit_75-fee0.001,2026-05-06,588000,sell,330100.0,1.719,567441.9,567.4419,monthly,2026-04-30
no_exit_75-fee0.001,2026-05-06,515880,sell,13700.0,1.344,18412.800000000003,18.412800000000004,monthly,2026-04-30
no_exit_75-fee0.001,2026-05-06,562590,sell,11200.0,2.194,24572.8,24.5728,monthly,2026-04-30
no_exit_75-fee0.001,2026-05-06,516220,buy,501200.0,1.054,528264.8,528.2648,monthly,2026-04-30
no_exit_75-fee0.001,2026-06-01,516220,sell,501200.0,0.905,453586.0,453.586,monthly,2026-05-29
no_exit_75-fee0.001,2026-06-01,515880,sell,43400.0,1.577,68441.8,68.4418,monthly,2026-05-29
no_exit_75-fee0.001,2026-06-01,562590,sell,241000.0,2.513,605633.0,605.633,monthly,2026-05-29
no_exit_75-fee0.001,2026-06-01,515050,buy,461800.0,1.194,551389.2,551.3892,monthly,2026-05-29
no_exit_75-fee0.001,2026-06-01,515130,buy,341000.0,1.617,551397.0,551.397,monthly,2026-05-29
no_exit_100-fee0.002,2020-12-01,510300,buy,66100.0,5.027,332284.7,664.5694000000001,monthly,2020-11-30
no_exit_100-fee0.002,2020-12-01,512400,buy,350900.0,0.948,332653.2,665.3064,monthly,2020-11-30
no_exit_100-fee0.002,2020-12-01,515050,buy,272600.0,1.22,332572.0,665.144,monthly,2020-11-30
no_exit_100-fee0.002,2021-01-04,510300,sell,800.0,5.28,4224.0,8.448,monthly,2020-12-31
no_exit_100-fee0.002,2021-01-04,512400,sell,350900.0,1.033,362479.69999999995,724.9594,monthly,2020-12-31
no_exit_100-fee0.002,2021-01-04,515050,buy,18000.0,1.187,21366.0,42.732,monthly,2020-12-31
no_exit_100-fee0.002,2021-01-04,512890,buy,258600.0,1.331,344196.6,688.3932,monthly,2020-12-31
no_exit_100-fee0.002,2021-02-01,510300,sell,1700.0,5.348,9091.6,18.1832,monthly,2021-01-29
no_exit_100-fee0.002,2021-02-01,515050,buy,5000.0,1.152,5760.0,11.52,monthly,2021-01-29
no_exit_100-fee0.002,2021-02-01,512890,buy,5800.0,1.288,7470.400000000001,14.940800000000001,monthly,2021-01-29
no_exit_100-fee0.002,2021-03-01,515050,sell,295600.0,1.126,332845.6,665.6912,monthly,2021-02-26
no_exit_100-fee0.002,2021-03-01,512890,sell,11900.0,1.37,16303.000000000002,32.606,monthly,2021-02-26
no_exit_100-fee0.002,2021-03-01,510300,buy,500.0,5.381,2690.5,5.381,monthly,2021-02-26
no_exit_100-fee0.002,2021-03-01,515300,buy,305400.0,1.13,345101.99999999994,690.204,monthly,2021-02-26
no_exit_100-fee0.002,2021-04-01,515300,sell,305400.0,1.165,355791.0,711.582,monthly,2021-03-31
no_exit_100-fee0.002,2021-04-01,512890,sell,8500.0,1.419,12061.5,24.123,monthly,2021-03-31
no_exit_100-fee0.002,2021-04-01,510300,buy,4200.0,5.056,21235.2,42.470400000000005,monthly,2021-03-31
no_exit_100-fee0.002,2021-04-01,512400,buy,340800.0,1.013,345230.39999999997,690.4608,monthly,2021-03-31
no_exit_100-fee0.002,2021-05-06,512400,sell,18100.0,1.116,20199.600000000002,40.39920000000001,monthly,2021-04-30
no_exit_100-fee0.002,2021-05-06,510300,buy,2100.0,5.109,10728.9,21.4578,monthly,2021-04-30
no_exit_100-fee0.002,2021-05-06,512890,buy,6600.0,1.437,9484.2,18.968400000000003,monthly,2021-04-30
no_exit_100-fee0.002,2021-06-01,512400,sell,2200.0,1.191,2620.2000000000003,5.240400000000001,monthly,2021-05-31
no_exit_100-fee0.002,2021-06-01,512890,sell,2200.0,1.537,3381.3999999999996,6.7627999999999995,monthly,2021-05-31
no_exit_100-fee0.002,2021-06-01,510300,buy,1100.0,5.333,5866.3,11.732600000000001,monthly,2021-05-31
no_exit_100-fee0.002,2021-07-01,510300,sell,71500.0,5.273,377019.5,754.039,monthly,2021-06-30
no_exit_100-fee0.002,2021-07-01,512890,sell,1100.0,1.499,1648.9,3.2978,monthly,2021-06-30
no_exit_100-fee0.002,2021-07-01,512400,buy,7200.0,1.131,8143.2,16.2864,monthly,2021-06-30
no_exit_100-fee0.002,2021-07-01,515130,buy,243400.0,1.518,369481.2,738.9624,monthly,2021-06-30
no_exit_100-fee0.002,2021-08-02,512400,sell,327700.0,1.457,477458.9,954.9178,monthly,2021-07-30
no_exit_100-fee0.002,2021-08-02,510300,buy,80100.0,4.856,388965.6,777.9312,monthly,2021-07-30
no_exit_100-fee0.002,2021-08-02,515130,buy,33600.0,1.41,47376.0,94.752,monthly,2021-07-30
no_exit_100-fee0.002,2021-08-02,512890,buy,27200.0,1.423,38705.6,77.4112,monthly,2021-07-30
no_exit_100-fee0.002,2021-09-01,512890,sell,274500.0,1.593,437278.5,874.557,monthly,2021-08-31
no_exit_100-fee0.002,2021-09-01,510300,buy,3100.0,4.88,15128.0,30.256,monthly,2021-08-31
no_exit_100-fee0.002,2021-09-01,512400,buy,241800.0,1.676,405256.8,810.5136,monthly,2021-08-31
no_exit_100-fee0.002,2021-09-01,515130,buy,10700.0,1.413,15119.1,30.238200000000003,monthly,2021-08-31
no_exit_100-fee0.002,2021-10-08,510300,sell,5100.0,4.978,25387.8,50.7756,monthly,2021-09-30
no_exit_100-fee0.002,2021-10-08,512400,sell,241800.0,1.407,340212.60000000003,680.4252000000001,monthly,2021-09-30
no_exit_100-fee0.002,2021-10-08,515130,sell,15900.0,1.43,22737.0,45.474000000000004,monthly,2021-09-30
no_exit_100-fee0.002,2021-10-08,515050,buy,353500.0,1.096,387436.00000000006,774.8720000000002,monthly,2021-09-30
no_exit_100-fee0.002,2021-11-01,510300,sell,78100.0,4.957,387141.7,774.2834,monthly,2021-10-29
no_exit_100-fee0.002,2021-11-01,515050,sell,353500.0,1.116,394506.00000000006,789.0120000000002,monthly,2021-10-29
no_exit_100-fee0.002,2021-11-01,515130,sell,600.0,1.442,865.1999999999999,1.7304,monthly,2021-10-29
no_exit_100-fee0.002,2021-11-01,512400,buy,283200.0,1.376,389683.19999999995,779.3663999999999,monthly,2021-10-29
no_exit_100-fee0.002,2021-11-01,515300,buy,338800.0,1.15,389619.99999999994,779.2399999999999,monthly,2021-10-29
no_exit_100-fee0.002,2021-12-01,512400,sell,12500.0,1.452,18150.0,36.300000000000004,monthly,2021-11-30
no_exit_100-fee0.002,2021-12-01,515300,sell,338800.0,1.123,380472.4,760.9448000000001,monthly,2021-11-30
no_exit_100-fee0.002,2021-12-01,515130,buy,3700.0,1.429,5287.3,10.5746,monthly,2021-11-30
no_exit_100-fee0.002,2021-12-01,512890,buy,522900.0,0.749,391652.1,783.3041999999999,monthly,2021-11-30
no_exit_100-fee0.002,2022-01-04,515130,sell,274900.0,1.465,402728.5,805.457,monthly,2021-12-31
no_exit_100-fee0.002,2022-01-04,512890,sell,25800.0,0.795,20511.0,41.022,monthly,2021-12-31
no_exit_100-fee0.002,2022-01-04,512400,buy,20600.0,1.356,27933.600000000002,55.867200000000004,monthly,2021-12-31
no_exit_100-fee0.002,2022-01-04,515880,buy,348700.0,1.129,393682.3,787.3646,monthly,2021-12-31
no_exit_100-fee0.002,2022-02-07,512890,sell,29800.0,0.791,23571.8,47.1436,monthly,2022-01-28
no_exit_100-fee0.002,2022-02-07,515880,sell,348700.0,1.025,357417.49999999994,714.8349999999999,monthly,2022-01-28
no_exit_100-fee0.002,2022-02-07,512400,buy,9100.0,1.23,11193.0,22.386,monthly,2022-01-28
no_exit_100-fee0.002,2022-02-07,515300,buy,312300.0,1.179,368201.7,736.4034,monthly,2022-01-28
no_exit_100-fee0.002,2022-03-01,512400,sell,25000.0,1.431,35775.0,71.55,monthly,2022-02-28
no_exit_100-fee0.002,2022-03-01,512890,sell,467300.0,0.818,382251.39999999997,764.5028,monthly,2022-02-28
no_exit_100-fee0.002,2022-03-01,515300,buy,20100.0,1.185,23818.5,47.637,monthly,2022-02-28
no_exit_100-fee0.002,2022-03-01,515880,buy,373900.0,1.05,392595.0,785.19,monthly,2022-02-28
no_exit_100-fee0.002,2022-04-01,515300,sell,332400.0,1.195,397218.0,794.436,monthly,2022-03-31
no_exit_100-fee0.002,2022-04-01,515880,sell,373900.0,0.903,337631.7,675.2634,monthly,2022-03-31
no_exit_100-fee0.002,2022-04-01,512400,buy,591300.0,1.238,732029.4,1464.0588,monthly,2022-03-31
no_exit_100-fee0.002,2022-05-05,512400,sell,866700.0,1.1,953370.0000000001,1906.7400000000002,monthly,2022-04-29
no_exit_100-fee0.002,2022-05-05,515300,buy,270200.0,1.171,316404.2,632.8084,monthly,2022-04-29
no_exit_100-fee0.002,2022-05-05,518850,buy,79400.0,3.984,316329.6,632.6591999999999,monthly,2022-04-29
no_exit_100-fee0.002,2022-05-05,515170,buy,437100.0,0.724,316460.39999999997,632.9208,monthly,2022-04-29
no_exit_100-fee0.002,2022-06-01,515170,sell,437100.0,0.739,323016.9,646.0338,monthly,2022-05-31
no_exit_100-fee0.002,2022-06-01,515300,buy,4400.0,1.145,5038.0,10.076,monthly,2022-05-31
no_exit_100-fee0.002,2022-06-01,518850,buy,800.0,3.915,3132.0,6.264,monthly,2022-05-31
no_exit_100-fee0.002,2022-06-01,512890,buy,373100.0,0.84,313404.0,626.808,monthly,2022-05-31
no_exit_100-fee0.002,2022-07-01,515300,sell,274600.0,1.178,323478.8,646.9576,monthly,2022-06-30
no_exit_100-fee0.002,2022-07-01,512890,sell,900.0,0.85,765.0,1.53,monthly,2022-06-30
no_exit_100-fee0.002,2022-07-01,512400,buy,240000.0,1.314,315360.0,630.72,monthly,2022-06-30
no_exit_100-fee0.002,2022-07-01,518850,buy,2000.0,3.842,7684.0,15.368,monthly,2022-06-30
no_exit_100-fee0.002,2022-08-01,512400,sell,240000.0,1.255,301200.0,602.4,monthly,2022-07-29
no_exit_100-fee0.002,2022-08-01,518850,sell,1500.0,3.785,5677.5,11.355,monthly,2022-07-29
no_exit_100-fee0.002,2022-08-01,515300,buy,267200.0,1.14,304608.0,609.216,monthly,2022-07-29
no_exit_100-fee0.002,2022-08-01,512890,buy,1700.0,0.817,1388.8999999999999,2.7777999999999996,monthly,2022-07-29
no_exit_100-fee0.002,2022-09-01,512890,sell,8300.0,0.848,7038.4,14.0768,monthly,2022-08-31
no_exit_100-fee0.002,2022-09-01,515300,buy,1900.0,1.152,2188.7999999999997,4.377599999999999,monthly,2022-08-31
no_exit_100-fee0.002,2022-09-01,518850,buy,1200.0,3.781,4537.2,9.0744,monthly,2022-08-31
no_exit_100-fee0.002,2022-10-10,515300,sell,269100.0,1.117,300584.7,601.1694,monthly,2022-09-30
no_exit_100-fee0.002,2022-10-10,518850,sell,1900.0,3.832,7280.799999999999,14.561599999999999,monthly,2022-09-30
no_exit_100-fee0.002,2022-10-10,515170,buy,414200.0,0.738,305679.6,611.3592,monthly,2022-09-30
no_exit_100-fee0.002,2022-10-10,512890,buy,1500.0,0.835,1252.5,2.505,monthly,2022-09-30
no_exit_100-fee0.002,2022-11-01,518850,sell,7700.0,3.842,29583.4,59.1668,monthly,2022-10-31
no_exit_100-fee0.002,2022-11-01,515170,sell,414200.0,0.587,243135.4,486.2708,monthly,2022-10-31
no_exit_100-fee0.002,2022-11-01,512890,sell,7100.0,0.772,5481.2,10.9624,monthly,2022-10-31
no_exit_100-fee0.002,2022-11-01,515300,buy,260000.0,1.066,277160.0,554.32,monthly,2022-10-31
no_exit_100-fee0.002,2022-12-01,515300,sell,5300.0,1.186,6285.799999999999,12.571599999999998,monthly,2022-11-30
no_exit_100-fee0.002,2022-12-01,512890,sell,9600.0,0.862,8275.2,16.550400000000003,monthly,2022-11-30
no_exit_100-fee0.002,2022-12-01,518850,buy,3600.0,3.977,14317.199999999999,28.6344,monthly,2022-11-30
no_exit_100-fee0.002,2023-01-03,518850,sell,2200.0,4.01,8822.0,17.644000000000002,monthly,2022-12-30
no_exit_100-fee0.002,2023-01-03,512890,buy,10600.0,0.819,8681.4,17.3628,monthly,2022-12-30
no_exit_100-fee0.002,2023-02-01,515300,sell,900.0,1.202,1081.8,2.1635999999999997,monthly,2023-01-31
no_exit_100-fee0.002,2023-02-01,518850,buy,200.0,4.125,825.0,1.6500000000000001,monthly,2023-01-31
no_exit_100-fee0.002,2023-02-01,512890,buy,100.0,0.845,84.5,0.169,monthly,2023-01-31
no_exit_100-fee0.002,2023-03-01,515300,sell,253800.0,1.218,309128.39999999997,618.2568,monthly,2023-02-28
no_exit_100-fee0.002,2023-03-01,512890,sell,8200.0,0.873,7158.6,14.317200000000001,monthly,2023-02-28
no_exit_100-fee0.002,2023-03-01,518850,buy,2000.0,4.052,8103.999999999999,16.208,monthly,2023-02-28
no_exit_100-fee0.002,2023-03-01,515170,buy,378500.0,0.811,306963.5,613.927,monthly,2023-02-28
no_exit_100-fee0.002,2023-04-03,518850,sell,75900.0,4.274,324396.6,648.7932,monthly,2023-03-31
no_exit_100-fee0.002,2023-04-03,512890,sell,1400.0,0.889,1244.6,2.4892,monthly,2023-03-31
no_exit_100-fee0.002,2023-04-03,515300,buy,245700.0,1.267,311301.89999999997,622.6038,monthly,2023-03-31
no_exit_100-fee0.002,2023-04-03,515170,buy,16900.0,0.79,13351.0,26.702,monthly,2023-03-31
no_exit_100-fee0.002,2023-05-04,515300,sell,7600.0,1.345,10222.0,20.444,monthly,2023-04-28
no_exit_100-fee0.002,2023-05-04,512890,sell,351500.0,0.961,337791.5,675.583,monthly,2023-04-28
no_exit_100-fee0.002,2023-05-04,518850,buy,72500.0,4.4,319000.0,638.0,monthly,2023-04-28
no_exit_100-fee0.002,2023-05-04,515170,buy,37200.0,0.74,27528.0,55.056000000000004,monthly,2023-04-28
no_exit_100-fee0.002,2023-06-01,515300,sell,238100.0,1.345,320244.5,640.489,monthly,2023-05-31
no_exit_100-fee0.002,2023-06-01,518850,sell,2200.0,4.403,9686.599999999999,19.373199999999997,monthly,2023-05-31
no_exit_100-fee0.002,2023-06-01,515050,buy,321400.0,0.961,308865.39999999997,617.7307999999999,monthly,2023-05-31
no_exit_100-fee0.002,2023-06-01,515170,buy,29600.0,0.67,19832.0,39.664,monthly,2023-05-31
no_exit_100-fee0.002,2023-07-03,515050,sell,321400.0,1.07,343898.0,687.796,monthly,2023-06-30
no_exit_100-fee0.002,2023-07-03,515170,sell,462200.0,0.679,313833.80000000005,627.6676000000001,monthly,2023-06-30
no_exit_100-fee0.002,2023-07-03,515300,buy,240500.0,1.333,320586.5,641.173,monthly,2023-06-30
no_exit_100-fee0.002,2023-07-03,518850,buy,3100.0,4.375,13562.5,27.125,monthly,2023-06-30
no_exit_100-fee0.002,2023-07-03,512890,buy,351500.0,0.912,320568.0,641.136,monthly,2023-06-30
no_exit_100-fee0.002,2023-08-01,515300,sell,4400.0,1.427,6278.8,12.5576,monthly,2023-07-31
no_exit_100-fee0.002,2023-08-01,512890,sell,351500.0,0.969,340603.5,681.207,monthly,2023-07-31
no_exit_100-fee0.002,2023-08-01,515050,buy,332200.0,1.012,336186.4,672.3728000000001,monthly,2023-07-31
no_exit_100-fee0.002,2023-08-01,518850,buy,2100.0,4.452,9349.2,18.698400000000003,monthly,2023-07-31
no_exit_100-fee0.002,2023-09-01,515050,sell,332200.0,0.956,317583.2,635.1664000000001,monthly,2023-08-31
no_exit_100-fee0.002,2023-09-01,518850,sell,3000.0,4.509,13527.000000000002,27.054000000000006,monthly,2023-08-31
no_exit_100-fee0.002,2023-09-01,515300,buy,2900.0,1.368,3967.2000000000003,7.934400000000001,monthly,2023-08-31
no_exit_100-fee0.002,2023-09-01,512890,buy,349900.0,0.932,326106.80000000005,652.2136000000002,monthly,2023-08-31
no_exit_100-fee0.002,2023-10-09,515300,sell,600.0,1.378,826.8,1.6536,monthly,2023-09-28
no_exit_100-fee0.002,2023-10-09,512890,sell,349900.0,0.948,331705.2,663.4104,monthly,2023-09-28
no_exit_100-fee0.002,2023-10-09,518850,buy,800.0,4.476,3580.8,7.161600000000001,monthly,2023-09-28
no_exit_100-fee0.002,2023-10-09,515880,buy,295200.0,1.109,327376.8,654.7536,monthly,2023-09-28
no_exit_100-fee0.002,2023-11-01,515300,sell,1900.0,1.346,2557.4,5.114800000000001,monthly,2023-10-31
no_exit_100-fee0.002,2023-11-01,518850,sell,4400.0,4.615,20306.0,40.612,monthly,2023-10-31
no_exit_100-fee0.002,2023-11-01,515880,buy,22800.0,1.001,22822.8,45.6456,monthly,2023-10-31
no_exit_100-fee0.002,2023-12-01,515880,sell,318000.0,1.016,323088.0,646.176,monthly,2023-11-30
no_exit_100-fee0.002,2023-12-01,515300,buy,1200.0,1.346,1615.2,3.2304,monthly,2023-11-30
no_exit_100-fee0.002,2023-12-01,518850,buy,200.0,4.622,924.4,1.8488,monthly,2023-11-30
no_exit_100-fee0.002,2023-12-01,512890,buy,346800.0,0.92,319056.0,638.112,monthly,2023-11-30
no_exit_100-fee0.002,2024-01-02,518850,sell,800.0,4.664,3731.2,7.4624,monthly,2023-12-29
no_exit_100-fee0.002,2024-01-02,512890,sell,346800.0,0.913,316628.4,633.2568000000001,monthly,2023-12-29
no_exit_100-fee0.002,2024-01-02,515300,buy,13600.0,1.268,17244.8,34.489599999999996,monthly,2023-12-29
no_exit_100-fee0.002,2024-01-02,515880,buy,308100.0,1.032,317959.2,635.9184,monthly,2023-12-29
no_exit_100-fee0.002,2024-02-01,515300,sell,20900.0,1.32,27588.0,55.176,monthly,2024-01-31
no_exit_100-fee0.002,2024-02-01,518850,sell,3300.0,4.678,15437.4,30.8748,monthly,2024-01-31
no_exit_100-fee0.002,2024-02-01,515880,sell,308100.0,0.848,261268.8,522.5376,monthly,2024-01-31
no_exit_100-fee0.002,2024-02-01,588000,buy,423500.0,0.716,303226.0,606.452,monthly,2024-01-31
no_exit_100-fee0.002,2024-03-01,588000,sell,423500.0,0.85,359975.0,719.95,monthly,2024-02-29
no_exit_100-fee0.002,2024-03-01,515300,buy,7000.0,1.378,9646.0,19.292,monthly,2024-02-29
no_exit_100-fee0.002,2024-03-01,518850,buy,4700.0,4.684,22014.8,44.0296,monthly,2024-02-29
no_exit_100-fee0.002,2024-03-01,512890,buy,325900.0,1.001,326225.89999999997,652.4517999999999,monthly,2024-02-29
no_exit_100-fee0.002,2024-04-01,518850,sell,69700.0,5.2,362440.0,724.88,monthly,2024-03-29
no_exit_100-fee0.002,2024-04-01,515300,buy,8100.0,1.388,11242.8,22.485599999999998,monthly,2024-03-29
no_exit_100-fee0.002,2024-04-01,512890,buy,10200.0,1.014,10342.8,20.685599999999997,monthly,2024-03-29
no_exit_100-fee0.002,2024-04-01,515880,buy,292900.0,1.16,339764.0,679.528,monthly,2024-03-29
no_exit_100-fee0.002,2024-05-06,515300,sell,1300.0,1.447,1881.1000000000001,3.7622000000000004,monthly,2024-04-30
no_exit_100-fee0.002,2024-05-06,515880,sell,292900.0,1.211,354701.9,709.4038,monthly,2024-04-30
no_exit_100-fee0.002,2024-05-06,515130,buy,314500.0,1.12,352240.00000000006,704.4800000000001,monthly,2024-04-30
no_exit_100-fee0.002,2024-05-06,512890,buy,3000.0,1.042,3126.0,6.252,monthly,2024-04-30
no_exit_100-fee0.002,2024-06-03,515130,sell,314500.0,1.103,346893.5,693.787,monthly,2024-05-31
no_exit_100-fee0.002,2024-06-03,512890,sell,9900.0,1.084,10731.6,21.4632,monthly,2024-05-31
no_exit_100-fee0.002,2024-06-03,515300,buy,300.0,1.459,437.70000000000005,0.8754000000000001,monthly,2024-05-31
no_exit_100-fee0.002,2024-06-03,515880,buy,319800.0,1.112,355617.60000000003,711.2352000000001,monthly,2024-05-31
no_exit_100-fee0.002,2024-07-01,515880,sell,319800.0,1.175,375765.0,751.53,monthly,2024-06-28
no_exit_100-fee0.002,2024-07-01,515300,buy,15600.0,1.383,21574.8,43.1496,monthly,2024-06-28
no_exit_100-fee0.002,2024-07-01,159652,buy,415500.0,0.863,358576.5,717.153,monthly,2024-06-28
no_exit_100-fee0.002,2024-07-01,512890,buy,10900.0,1.058,11532.2,23.064400000000003,monthly,2024-06-28
no_exit_100-fee0.002,2024-08-01,515300,sell,5400.0,1.388,7495.2,14.9904,monthly,2024-07-31
no_exit_100-fee0.002,2024-08-01,159652,sell,415500.0,0.846,351513.0,703.0260000000001,monthly,2024-07-31
no_exit_100-fee0.002,2024-08-01,512890,buy,5400.0,1.023,5524.2,11.048399999999999,monthly,2024-07-31
no_exit_100-fee0.002,2024-08-01,515880,buy,304100.0,1.158,352147.8,704.2956,monthly,2024-07-31
no_exit_100-fee0.002,2024-09-02,515300,sell,6500.0,1.343,8729.5,17.459,monthly,2024-08-30
no_exit_100-fee0.002,2024-09-02,512890,sell,12800.0,1.002,12825.6,25.651200000000003,monthly,2024-08-30
no_exit_100-fee0.002,2024-09-02,515880,sell,304100.0,1.025,311702.5,623.405,monthly,2024-08-30
no_exit_100-fee0.002,2024-09-02,518850,buy,60200.0,5.512,331822.39999999997,663.6447999999999,monthly,2024-08-30
no_exit_100-fee0.002,2024-10-08,515300,sell,248200.0,1.611,399850.2,799.7004000000001,monthly,2024-09-30
no_exit_100-fee0.002,2024-10-08,512890,sell,332700.0,1.222,406559.39999999997,813.1188,monthly,2024-09-30
no_exit_100-fee0.002,2024-10-08,518850,buy,143000.0,5.73,819390.0000000001,1638.7800000000002,monthly,2024-09-30
no_exit_100-fee0.002,2024-12-02,518850,sell,203200.0,5.896,1198067.2,2396.1344,monthly,2024-11-29
no_exit_100-fee0.002,2024-12-02,515300,buy,286400.0,1.389,397809.6,795.6192,monthly,2024-11-29
no_exit_100-fee0.002,2024-12-02,159652,buy,444000.0,0.896,397824.0,795.648,monthly,2024-11-29
no_exit_100-fee0.002,2024-12-02,512890,buy,365900.0,1.087,397733.3,795.4666,monthly,2024-11-29
no_exit_100-fee0.002,2025-01-02,515300,sell,286400.0,1.399,400673.60000000003,801.3472,monthly,2024-12-31
no_exit_100-fee0.002,2025-01-02,159652,sell,444000.0,0.855,379620.0,759.24,monthly,2024-12-31
no_exit_100-fee0.002,2025-01-02,512890,sell,365900.0,1.121,410173.9,820.3478000000001,monthly,2024-12-31
no_exit_100-fee0.002,2025-01-02,518850,buy,66900.0,5.994,400998.6,801.9972,monthly,2024-12-31
no_exit_100-fee0.002,2025-01-02,515880,buy,296900.0,1.352,401408.80000000005,802.8176000000001,monthly,2024-12-31
no_exit_100-fee0.002,2025-01-02,562590,buy,382300.0,1.05,401415.0,802.83,monthly,2024-12-31
no_exit_100-fee0.002,2025-02-05,518850,sell,3000.0,6.424,19272.0,38.544000000000004,monthly,2025-01-27
no_exit_100-fee0.002,2025-02-05,515880,sell,296900.0,1.353,401705.7,803.4114000000001,monthly,2025-01-27
no_exit_100-fee0.002,2025-02-05,562590,sell,382300.0,1.046,399885.8,799.7716,monthly,2025-01-27
no_exit_100-fee0.002,2025-02-05,588000,buy,393500.0,1.039,408846.49999999994,817.6929999999999,monthly,2025-01-27
no_exit_100-fee0.002,2025-02-05,513870,buy,270900.0,1.509,408788.1,817.5762,monthly,2025-01-27
no_exit_100-fee0.002,2025-03-03,518850,sell,63900.0,6.48,414072.0,828.144,monthly,2025-02-28
no_exit_100-fee0.002,2025-03-03,588000,sell,393500.0,1.133,445835.5,891.671,monthly,2025-02-28
no_exit_100-fee0.002,2025-03-03,159652,buy,476000.0,0.872,415072.0,830.144,monthly,2025-02-28
no_exit_100-fee0.002,2025-03-03,513870,buy,18200.0,1.441,26226.2,52.452400000000004,monthly,2025-02-28
no_exit_100-fee0.002,2025-03-03,562590,buy,366400.0,1.133,415131.2,830.2624000000001,monthly,2025-02-28
no_exit_100-fee0.002,2025-04-01,159652,sell,476000.0,0.941,447916.0,895.832,monthly,2025-03-31
no_exit_100-fee0.002,2025-04-01,513870,sell,289100.0,1.325,383057.5,766.115,monthly,2025-03-31
no_exit_100-fee0.002,2025-04-01,518850,buy,57500.0,7.096,408020.0,816.04,monthly,2025-03-31
no_exit_100-fee0.002,2025-04-01,588000,buy,378700.0,1.079,408617.3,817.2346,monthly,2025-03-31
no_exit_100-fee0.002,2025-04-01,562590,buy,10000.0,1.089,10890.0,21.78,monthly,2025-03-31
no_exit_100-fee0.002,2025-05-06,518850,sell,57500.0,7.64,439300.0,878.6,monthly,2025-04-30
no_exit_100-fee0.002,2025-05-06,588000,sell,378700.0,1.067,404072.89999999997,808.1457999999999,monthly,2025-04-30
no_exit_100-fee0.002,2025-05-06,515170,buy,1061800.0,0.589,625400.2,1250.8003999999999,monthly,2025-04-30
no_exit_100-fee0.002,2025-05-06,562590,buy,196200.0,1.095,214839.0,429.678,monthly,2025-04-30
no_exit_100-fee0.002,2025-06-03,515170,sell,1061800.0,0.585,621153.0,1242.306,monthly,2025-05-30
no_exit_100-fee0.002,2025-06-03,562590,sell,183800.0,1.046,192254.80000000002,384.50960000000003,monthly,2025-05-30
no_exit_100-fee0.002,2025-06-03,515300,buy,290500.0,1.394,404957.0,809.914,monthly,2025-05-30
no_exit_100-fee0.002,2025-06-03,588000,buy,394100.0,1.028,405134.8,810.2696,monthly,2025-05-30
no_exit_100-fee0.002,2025-07-01,515300,sell,290500.0,1.379,400599.5,801.1990000000001,monthly,2025-06-30
no_exit_100-fee0.002,2025-07-01,562590,sell,11800.0,1.109,13086.2,26.172400000000003,monthly,2025-06-30
no_exit_100-fee0.002,2025-07-01,518850,buy,56300.0,7.393,416225.89999999997,832.4517999999999,monthly,2025-06-30
no_exit_100-fee0.002,2025-07-01,588000,buy,2100.0,1.055,2215.5,4.431,monthly,2025-06-30
no_exit_100-fee0.002,2025-08-01,588000,sell,8100.0,1.101,8918.1,17.8362,monthly,2025-07-31
no_exit_100-fee0.002,2025-08-01,562590,sell,1800.0,1.139,2050.2,4.1004,monthly,2025-07-31
no_exit_100-fee0.002,2025-08-01,518850,buy,1500.0,7.388,11082.0,22.164,monthly,2025-07-31
no_exit_100-fee0.002,2025-09-01,588000,sell,388100.0,1.419,550713.9,1101.4278000000002,monthly,2025-08-29
no_exit_100-fee0.002,2025-09-01,562590,sell,2500.0,1.332,3330.0,6.66,monthly,2025-08-29
no_exit_100-fee0.002,2025-09-01,512400,buy,326300.0,1.516,494670.8,989.3416,monthly,2025-08-29
no_exit_100-fee0.002,2025-09-01,518850,buy,7500.0,7.59,56925.0,113.85000000000001,monthly,2025-08-29
no_exit_100-fee0.002,2025-10-09,512400,sell,326300.0,1.75,571025.0,1142.05,monthly,2025-09-30
no_exit_100-fee0.002,2025-10-09,562590,sell,372700.0,1.658,617936.6,1235.8732,monthly,2025-09-30
no_exit_100-fee0.002,2025-10-09,515130,buy,389800.0,1.508,587818.4,1175.6368,monthly,2025-09-30
no_exit_100-fee0.002,2025-10-09,518850,buy,1500.0,8.81,13215.0,26.43,monthly,2025-09-30
no_exit_100-fee0.002,2025-10-09,515170,buy,1011800.0,0.581,587855.7999999999,1175.7115999999999,monthly,2025-09-30
no_exit_100-fee0.002,2025-11-03,515130,sell,389800.0,1.511,588987.7999999999,1177.9756,monthly,2025-10-31
no_exit_100-fee0.002,2025-11-03,518850,sell,66800.0,8.814,588775.2,1177.5503999999999,monthly,2025-10-31
no_exit_100-fee0.002,2025-11-03,515170,sell,1011800.0,0.575,581785.0,1163.57,monthly,2025-10-31
no_exit_100-fee0.002,2025-11-03,515300,buy,436800.0,1.338,584438.4,1168.8768,monthly,2025-10-31
no_exit_100-fee0.002,2025-11-03,512890,buy,491500.0,1.189,584393.5,1168.787,monthly,2025-10-31
no_exit_100-fee0.002,2025-11-03,513870,buy,317900.0,1.838,584300.2000000001,1168.6004000000003,monthly,2025-10-31
no_exit_100-fee0.002,2025-12-01,515300,sell,436800.0,1.34,585312.0,1170.624,monthly,2025-11-28
no_exit_100-fee0.002,2025-12-01,512890,sell,491500.0,1.204,591766.0,1183.532,monthly,2025-11-28
no_exit_100-fee0.002,2025-12-01,513870,sell,317900.0,1.816,577306.4,1154.6128,monthly,2025-11-28
no_exit_100-fee0.002,2025-12-01,515050,buy,284700.0,2.046,582496.2,1164.9923999999999,monthly,2025-11-28
no_exit_100-fee0.002,2025-12-01,588000,buy,417600.0,1.395,582552.0,1165.104,monthly,2025-11-28
no_exit_100-fee0.002,2025-12-01,515880,buy,215900.0,2.697,582282.3,1164.5646000000002,monthly,2025-11-28
no_exit_100-fee0.002,2026-01-05,515050,sell,4200.0,2.286,9601.2,19.2024,monthly,2025-12-31
no_exit_100-fee0.002,2026-01-05,588000,sell,417600.0,1.433,598420.8,1196.8416000000002,monthly,2025-12-31
no_exit_100-fee0.002,2026-01-05,515880,sell,10700.0,3.125,33437.5,66.875,monthly,2025-12-31
no_exit_100-fee0.002,2026-01-05,512400,buy,326800.0,1.956,639220.7999999999,1278.4415999999999,monthly,2025-12-31
no_exit_100-fee0.002,2026-02-02,512400,sell,326800.0,2.105,687914.0,1375.828,monthly,2026-01-30
no_exit_100-fee0.002,2026-02-02,515050,buy,3700.0,2.38,8806.0,17.612000000000002,monthly,2026-01-30
no_exit_100-fee0.002,2026-02-02,516220,buy,677500.0,0.995,674112.5,1348.2250000000001,monthly,2026-01-30
no_exit_100-fee0.002,2026-02-02,515880,buy,500.0,3.287,1643.5,3.287,monthly,2026-01-30
no_exit_100-fee0.002,2026-03-02,516220,sell,677500.0,1.084,734410.0,1468.82,monthly,2026-02-27
no_exit_100-fee0.002,2026-03-02,515050,buy,6200.0,2.376,14731.199999999999,29.4624,monthly,2026-02-27
no_exit_100-fee0.002,2026-03-02,515880,buy,27300.0,1.071,29238.3,58.4766,monthly,2026-02-27
no_exit_100-fee0.002,2026-03-02,562590,buy,350200.0,1.964,687792.8,1375.5856,monthly,2026-02-27
no_exit_100-fee0.002,2026-04-01,515050,sell,290400.0,2.375,689700.0,1379.4,monthly,2026-03-31
no_exit_100-fee0.002,2026-04-01,515880,sell,31900.0,1.099,35058.1,70.11619999999999,monthly,2026-03-31
no_exit_100-fee0.002,2026-04-01,588000,buy,495200.0,1.354,670500.8,1341.0016,monthly,2026-03-31
no_exit_100-fee0.002,2026-04-01,562590,buy,29100.0,1.774,51623.4,103.24680000000001,monthly,2026-03-31
no_exit_100-fee0.002,2026-05-06,588000,sell,495200.0,1.719,851248.8,1702.4976000000001,monthly,2026-04-30
no_exit_100-fee0.002,2026-05-06,516220,buy,789700.0,1.054,832343.8,1664.6876000000002,monthly,2026-04-30
no_exit_100-fee0.002,2026-05-06,515880,buy,9000.0,1.344,12096.0,24.192,monthly,2026-04-30
no_exit_100-fee0.002,2026-05-06,562590,buy,1400.0,2.194,3071.6,6.1432,monthly,2026-04-30
no_exit_100-fee0.002,2026-06-01,516220,sell,789700.0,0.905,714678.5,1429.357,monthly,2026-05-29
no_exit_100-fee0.002,2026-06-01,515880,sell,61000.0,1.577,96197.0,192.394,monthly,2026-05-29
no_exit_100-fee0.002,2026-06-01,562590,sell,380700.0,2.513,956699.1,1913.3982,monthly,2026-05-29
no_exit_100-fee0.002,2026-06-01,515050,buy,737400.0,1.194,880455.6,1760.9112,monthly,2026-05-29
no_exit_100-fee0.002,2026-06-01,515130,buy,544400.0,1.617,880294.8,1760.5896,monthly,2026-05-29
monthly_reentry_exit-fee0.002,2020-12-01,510300,buy,66100.0,5.027,332284.7,664.5694000000001,monthly,2020-11-30
monthly_reentry_exit-fee0.002,2020-12-01,512400,buy,350900.0,0.948,332653.2,665.3064,monthly,2020-11-30
monthly_reentry_exit-fee0.002,2020-12-01,515050,buy,272600.0,1.22,332572.0,665.144,monthly,2020-11-30
monthly_reentry_exit-fee0.002,2020-12-11,515050,sell,272600.0,1.212,330391.2,660.7824,stop,2020-12-10
monthly_reentry_exit-fee0.002,2021-01-04,510300,sell,400.0,5.28,2112.0,4.224,monthly,2020-12-31
monthly_reentry_exit-fee0.002,2021-01-04,512400,sell,350900.0,1.033,362479.69999999995,724.9594,monthly,2020-12-31
monthly_reentry_exit-fee0.002,2021-01-04,515050,buy,291700.0,1.187,346247.9,692.4958,monthly,2020-12-31
monthly_reentry_exit-fee0.002,2021-01-04,512890,buy,260200.0,1.331,346326.2,692.6524000000001,monthly,2020-12-31
monthly_reentry_exit-fee0.002,2021-01-05,515050,sell,291700.0,1.201,350331.7,700.6634,stop,2021-01-04
monthly_reentry_exit-fee0.002,2021-02-01,510300,sell,900.0,5.348,4813.2,9.6264,monthly,2021-01-29
monthly_reentry_exit-fee0.002,2021-02-01,515050,buy,300600.0,1.152,346291.19999999995,692.5823999999999,monthly,2021-01-29
monthly_reentry_exit-fee0.002,2021-02-01,512890,buy,9100.0,1.288,11720.800000000001,23.4416,monthly,2021-01-29
monthly_reentry_exit-fee0.002,2021-02-02,515050,sell,300600.0,1.156,347493.6,694.9871999999999,stop,2021-02-01
monthly_reentry_exit-fee0.002,2021-03-01,512890,sell,10200.0,1.37,13974.000000000002,27.948000000000004,monthly,2021-02-26
monthly_reentry_exit-fee0.002,2021-03-01,510300,buy,1100.0,5.381,5919.1,11.8382,monthly,2021-02-26
monthly_reentry_exit-fee0.002,2021-03-01,515300,buy,313500.0,1.13,354254.99999999994,708.5099999999999,monthly,2021-02-26
monthly_reentry_exit-fee0.002,2021-04-01,515300,sell,313500.0,1.165,365227.5,730.455,monthly,2021-03-31
monthly_reentry_exit-fee0.002,2021-04-01,512890,sell,8600.0,1.419,12203.4,24.4068,monthly,2021-03-31
monthly_reentry_exit-fee0.002,2021-04-01,510300,buy,4300.0,5.056,21740.8,43.4816,monthly,2021-03-31
monthly_reentry_exit-fee0.002,2021-04-01,512400,buy,349500.0,1.013,354043.49999999994,708.0869999999999,monthly,2021-03-31
monthly_reentry_exit-fee0.002,2021-05-06,512400,sell,18200.0,1.116,20311.2,40.6224,monthly,2021-04-30
monthly_reentry_exit-fee0.002,2021-05-06,510300,buy,2100.0,5.109,10728.9,21.4578,monthly,2021-04-30
monthly_reentry_exit-fee0.002,2021-05-06,512890,buy,6700.0,1.437,9627.9,19.2558,monthly,2021-04-30
monthly_reentry_exit-fee0.002,2021-06-01,512400,sell,2200.0,1.191,2620.2000000000003,5.240400000000001,monthly,2021-05-31
monthly_reentry_exit-fee0.002,2021-06-01,512890,sell,2200.0,1.537,3381.3999999999996,6.7627999999999995,monthly,2021-05-31
monthly_reentry_exit-fee0.002,2021-06-01,510300,buy,1100.0,5.333,5866.3,11.732600000000001,monthly,2021-05-31
monthly_reentry_exit-fee0.002,2021-07-01,510300,sell,73400.0,5.273,387038.19999999995,774.0763999999999,monthly,2021-06-30
monthly_reentry_exit-fee0.002,2021-07-01,512890,sell,1100.0,1.499,1648.9,3.2978,monthly,2021-06-30
monthly_reentry_exit-fee0.002,2021-07-01,512400,buy,7300.0,1.131,8256.3,16.5126,monthly,2021-06-30
monthly_reentry_exit-fee0.002,2021-07-01,515130,buy,249800.0,1.518,379196.4,758.3928000000001,monthly,2021-06-30
monthly_reentry_exit-fee0.002,2021-07-27,515130,sell,249800.0,1.446,361210.8,722.4216,stop,2021-07-26
monthly_reentry_exit-fee0.002,2021-08-02,512400,sell,336400.0,1.457,490134.80000000005,980.2696000000001,monthly,2021-07-30
monthly_reentry_exit-fee0.002,2021-08-02,510300,buy,82900.0,4.856,402562.39999999997,805.1247999999999,monthly,2021-07-30
monthly_reentry_exit-fee0.002,2021-08-02,515130,buy,285700.0,1.41,402837.0,805.674,monthly,2021-07-30
monthly_reentry_exit-fee0.002,2021-08-02,512890,buy,29800.0,1.423,42405.4,84.8108,monthly,2021-07-30
monthly_reentry_exit-fee0.002,2021-08-03,510300,sell,82900.0,4.971,412095.9,824.1918000000001,stop,2021-08-02
monthly_reentry_exit-fee0.002,2021-08-03,515130,sell,285700.0,1.443,412265.10000000003,824.5302,stop,2021-08-02
monthly_reentry_exit-fee0.002,2021-08-04,512890,sell,283700.0,1.408,399449.6,798.8992,stop,2021-08-03
monthly_reentry_exit-fee0.002,2021-09-01,510300,buy,83200.0,4.88,406016.0,812.032,monthly,2021-08-31
monthly_reentry_exit-fee0.002,2021-09-01,512400,buy,242400.0,1.676,406262.39999999997,812.5247999999999,monthly,2021-08-31
monthly_reentry_exit-fee0.002,2021-09-01,515130,buy,287600.0,1.413,406378.8,812.7576,monthly,2021-08-31
monthly_reentry_exit-fee0.002,2021-09-02,510300,sell,83200.0,4.96,412672.0,825.344,stop,2021-09-01
monthly_reentry_exit-fee0.002,2021-09-02,515130,sell,287600.0,1.432,411843.2,823.6864,stop,2021-09-01
monthly_reentry_exit-fee0.002,2021-10-08,512400,sell,242400.0,1.407,341056.8,682.1136,monthly,2021-09-30
monthly_reentry_exit-fee0.002,2021-10-08,510300,buy,77700.0,4.978,386790.6,773.5812,monthly,2021-09-30
monthly_reentry_exit-fee0.002,2021-10-08,515050,buy,353200.0,1.096,387107.2,774.2144000000001,monthly,2021-09-30
monthly_reentry_exit-fee0.002,2021-10-08,515130,buy,270700.0,1.43,387101.0,774.202,monthly,2021-09-30
monthly_reentry_exit-fee0.002,2021-10-11,510300,sell,77700.0,5.014,389587.80000000005,779.1756000000001,stop,2021-10-08
monthly_reentry_exit-fee0.002,2021-10-11,515050,sell,353200.0,1.109,391698.8,783.3976,stop,2021-10-08
monthly_reentry_exit-fee0.002,2021-10-11,515130,sell,270700.0,1.45,392515.0,785.03,stop,2021-10-08
monthly_reentry_exit-fee0.002,2021-11-01,512400,buy,283300.0,1.376,389820.8,779.6416,monthly,2021-10-29
monthly_reentry_exit-fee0.002,2021-11-01,515130,buy,270300.0,1.442,389772.6,779.5452,monthly,2021-10-29
monthly_reentry_exit-fee0.002,2021-11-01,515300,buy,339000.0,1.15,389849.99999999994,779.6999999999999,monthly,2021-10-29
monthly_reentry_exit-fee0.002,2021-11-02,515130,sell,270300.0,1.441,389502.3,779.0046,stop,2021-11-01
monthly_reentry_exit-fee0.002,2021-11-03,515300,sell,339000.0,1.139,386121.0,772.242,stop,2021-11-02
monthly_reentry_exit-fee0.002,2021-12-01,512400,sell,11200.0,1.452,16262.4,32.5248,monthly,2021-11-30
monthly_reentry_exit-fee0.002,2021-12-01,515130,buy,276000.0,1.429,394404.0,788.808,monthly,2021-11-30
monthly_reentry_exit-fee0.002,2021-12-01,512890,buy,526600.0,0.749,394423.4,788.8468,monthly,2021-11-30
monthly_reentry_exit-fee0.002,2021-12-02,515130,sell,276000.0,1.432,395232.0,790.464,stop,2021-12-01
monthly_reentry_exit-fee0.002,2022-01-04,512890,sell,31000.0,0.795,24645.0,49.29,monthly,2021-12-31
monthly_reentry_exit-fee0.002,2022-01-04,512400,buy,18400.0,1.356,24950.4,49.900800000000004,monthly,2021-12-31
monthly_reentry_exit-fee0.002,2022-01-04,515880,buy,348300.0,1.129,393230.7,786.4614,monthly,2021-12-31
monthly_reentry_exit-fee0.002,2022-01-06,512400,sell,290500.0,1.278,371259.0,742.518,stop,2022-01-05
monthly_reentry_exit-fee0.002,2022-01-26,515880,sell,348300.0,1.025,357007.49999999994,714.0149999999999,stop,2022-01-25
monthly_reentry_exit-fee0.002,2022-02-07,512890,sell,24100.0,0.791,19063.100000000002,38.126200000000004,monthly,2022-01-28
monthly_reentry_exit-fee0.002,2022-02-07,512400,buy,302600.0,1.23,372198.0,744.3960000000001,monthly,2022-01-28
monthly_reentry_exit-fee0.002,2022-02-07,515300,buy,315700.0,1.179,372210.3,744.4206,monthly,2022-01-28
monthly_reentry_exit-fee0.002,2022-02-08,512400,sell,302600.0,1.247,377342.2,754.6844,stop,2022-02-07
monthly_reentry_exit-fee0.002,2022-03-01,512890,sell,471500.0,0.818,385687.0,771.374,monthly,2022-02-28
monthly_reentry_exit-fee0.002,2022-03-01,512400,buy,263900.0,1.431,377640.9,755.2818000000001,monthly,2022-02-28
monthly_reentry_exit-fee0.002,2022-03-01,515300,buy,3800.0,1.185,4503.0,9.006,monthly,2022-02-28
monthly_reentry_exit-fee0.002,2022-03-01,515880,buy,359700.0,1.05,377685.0,755.37,monthly,2022-02-28
monthly_reentry_exit-fee0.002,2022-03-07,515880,sell,359700.0,1.013,364376.1,728.7522,stop,2022-03-04
monthly_reentry_exit-fee0.002,2022-03-09,512400,sell,263900.0,1.297,342278.3,684.5566,stop,2022-03-08
monthly_reentry_exit-fee0.002,2022-03-10,515300,sell,319500.0,1.15,367425.0,734.85,stop,2022-03-09
monthly_reentry_exit-fee0.002,2022-04-01,512400,buy,864300.0,1.238,1070003.4,2140.0067999999997,monthly,2022-03-31
monthly_reentry_exit-fee0.002,2022-04-06,512400,sell,864300.0,1.248,1078646.4,2157.2927999999997,stop,2022-04-01
monthly_reentry_exit-fee0.002,2022-05-05,515300,buy,305800.0,1.171,358091.8,716.1836,monthly,2022-04-29
monthly_reentry_exit-fee0.002,2022-05-05,518850,buy,89800.0,3.984,357763.2,715.5264000000001,monthly,2022-04-29
monthly_reentry_exit-fee0.002,2022-05-05,515170,buy,494600.0,0.724,358090.39999999997,716.1808,monthly,2022-04-29
monthly_reentry_exit-fee0.002,2022-05-06,515170,sell,494600.0,0.715,353639.0,707.278,stop,2022-05-05
monthly_reentry_exit-fee0.002,2022-05-09,515300,sell,305800.0,1.151,351975.8,703.9516,stop,2022-05-06
monthly_reentry_exit-fee0.002,2022-06-01,515300,buy,306800.0,1.145,351286.0,702.572,monthly,2022-05-31
monthly_reentry_exit-fee0.002,2022-06-01,518850,buy,100.0,3.915,391.5,0.783,monthly,2022-05-31
monthly_reentry_exit-fee0.002,2022-06-01,512890,buy,418200.0,0.84,351288.0,702.576,monthly,2022-05-31
monthly_reentry_exit-fee0.002,2022-06-02,515300,sell,306800.0,1.138,349138.39999999997,698.2768,stop,2022-06-01
monthly_reentry_exit-fee0.002,2022-07-01,512890,sell,6700.0,0.85,5695.0,11.39,monthly,2022-06-30
monthly_reentry_exit-fee0.002,2022-07-01,512400,buy,265700.0,1.314,349129.8,698.2596,monthly,2022-06-30
monthly_reentry_exit-fee0.002,2022-07-01,518850,buy,1100.0,3.842,4226.2,8.452399999999999,monthly,2022-06-30
monthly_reentry_exit-fee0.002,2022-07-07,518850,sell,91000.0,3.711,337701.0,675.402,stop,2022-07-06
monthly_reentry_exit-fee0.002,2022-07-12,512400,sell,265700.0,1.279,339830.3,679.6606,stop,2022-07-11
monthly_reentry_exit-fee0.002,2022-07-18,512890,sell,411500.0,0.807,332080.5,664.1610000000001,stop,2022-07-15
monthly_reentry_exit-fee0.002,2022-08-01,515300,buy,294100.0,1.14,335274.0,670.548,monthly,2022-07-29
monthly_reentry_exit-fee0.002,2022-08-01,518850,buy,88500.0,3.785,334972.5,669.945,monthly,2022-07-29
monthly_reentry_exit-fee0.002,2022-08-01,512890,buy,410400.0,0.817,335296.8,670.5936,monthly,2022-07-29
monthly_reentry_exit-fee0.002,2022-08-02,515300,sell,294100.0,1.126,331156.6,662.3131999999999,stop,2022-08-01
monthly_reentry_exit-fee0.002,2022-08-02,518850,sell,88500.0,3.824,338424.0,676.8480000000001,stop,2022-08-01
monthly_reentry_exit-fee0.002,2022-08-03,512890,sell,410400.0,0.801,328730.4,657.4608000000001,stop,2022-08-02
monthly_reentry_exit-fee0.002,2022-09-01,515300,buy,287800.0,1.152,331545.6,663.0912,monthly,2022-08-31
monthly_reentry_exit-fee0.002,2022-09-01,518850,buy,87600.0,3.781,331215.60000000003,662.4312000000001,monthly,2022-08-31
monthly_reentry_exit-fee0.002,2022-09-01,512890,buy,390900.0,0.848,331483.2,662.9664,monthly,2022-08-31
monthly_reentry_exit-fee0.002,2022-09-02,515300,sell,287800.0,1.153,331833.4,663.6668000000001,stop,2022-09-01
monthly_reentry_exit-fee0.002,2022-09-02,518850,sell,87600.0,3.751,328587.6,657.1752,stop,2022-09-01
monthly_reentry_exit-fee0.002,2022-10-10,518850,buy,85500.0,3.832,327636.0,655.272,monthly,2022-09-30
monthly_reentry_exit-fee0.002,2022-10-10,515170,buy,444400.0,0.738,327967.2,655.9344,monthly,2022-09-30
monthly_reentry_exit-fee0.002,2022-10-10,512890,buy,2600.0,0.835,2171.0,4.3420000000000005,monthly,2022-09-30
monthly_reentry_exit-fee0.002,2022-10-11,515170,sell,444400.0,0.708,314635.2,629.2704,stop,2022-10-10
monthly_reentry_exit-fee0.002,2022-10-21,518850,sell,85500.0,3.815,326182.5,652.365,stop,2022-10-20
monthly_reentry_exit-fee0.002,2022-10-25,512890,sell,393500.0,0.814,320309.0,640.618,stop,2022-10-24
monthly_reentry_exit-fee0.002,2022-11-01,515300,buy,299400.0,1.066,319160.4,638.3208000000001,monthly,2022-10-31
monthly_reentry_exit-fee0.002,2022-11-01,518850,buy,83000.0,3.842,318886.0,637.772,monthly,2022-10-31
monthly_reentry_exit-fee0.002,2022-11-01,512890,buy,413500.0,0.772,319222.0,638.444,monthly,2022-10-31
monthly_reentry_exit-fee0.002,2022-11-02,515300,sell,299400.0,1.077,322453.8,644.9076,stop,2022-11-01
monthly_reentry_exit-fee0.002,2022-11-02,512890,sell,413500.0,0.779,322116.5,644.2330000000001,stop,2022-11-01
monthly_reentry_exit-fee0.002,2022-12-01,518850,sell,1400.0,3.977,5567.8,11.1356,monthly,2022-11-30
monthly_reentry_exit-fee0.002,2022-12-01,515300,buy,273100.0,1.186,323896.6,647.7932,monthly,2022-11-30
monthly_reentry_exit-fee0.002,2022-12-01,512890,buy,375800.0,0.862,323939.6,647.8792,monthly,2022-11-30
monthly_reentry_exit-fee0.002,2022-12-20,512890,sell,375800.0,0.825,310035.0,620.07,stop,2022-12-19
monthly_reentry_exit-fee0.002,2023-01-03,518850,sell,2400.0,4.01,9624.0,19.248,monthly,2022-12-30
monthly_reentry_exit-fee0.002,2023-01-03,515300,buy,700.0,1.161,812.7,1.6254000000000002,monthly,2022-12-30
monthly_reentry_exit-fee0.002,2023-01-03,512890,buy,387400.0,0.819,317280.6,634.5612,monthly,2022-12-30
monthly_reentry_exit-fee0.002,2023-01-04,512890,sell,387400.0,0.822,318442.8,636.8856,stop,2023-01-03
monthly_reentry_exit-fee0.002,2023-02-01,515300,sell,3700.0,1.202,4447.4,8.8948,monthly,2023-01-31
monthly_reentry_exit-fee0.002,2023-02-01,518850,sell,500.0,4.125,2062.5,4.125,monthly,2023-01-31
monthly_reentry_exit-fee0.002,2023-02-01,512890,buy,383400.0,0.845,323973.0,647.946,monthly,2023-01-31
monthly_reentry_exit-fee0.002,2023-03-01,515300,sell,270100.0,1.218,328981.8,657.9636,monthly,2023-02-28
monthly_reentry_exit-fee0.002,2023-03-01,512890,sell,8200.0,0.873,7158.6,14.317200000000001,monthly,2023-02-28
monthly_reentry_exit-fee0.002,2023-03-01,518850,buy,2000.0,4.052,8103.999999999999,16.208,monthly,2023-02-28
monthly_reentry_exit-fee0.002,2023-03-01,515170,buy,402500.0,0.811,326427.5,652.855,monthly,2023-02-28
monthly_reentry_exit-fee0.002,2023-03-21,515170,sell,402500.0,0.747,300667.5,601.335,stop,2023-03-20
monthly_reentry_exit-fee0.002,2023-04-03,518850,sell,80700.0,4.274,344911.8,689.8235999999999,monthly,2023-03-31
monthly_reentry_exit-fee0.002,2023-04-03,512890,sell,8200.0,0.889,7289.8,14.579600000000001,monthly,2023-03-31
monthly_reentry_exit-fee0.002,2023-04-03,515300,buy,256700.0,1.267,325238.89999999997,650.4777999999999,monthly,2023-03-31
monthly_reentry_exit-fee0.002,2023-04-03,515170,buy,411800.0,0.79,325322.0,650.644,monthly,2023-03-31
monthly_reentry_exit-fee0.002,2023-04-13,515170,sell,411800.0,0.734,302261.2,604.5224000000001,stop,2023-04-12
monthly_reentry_exit-fee0.002,2023-05-04,515300,sell,9000.0,1.345,12105.0,24.21,monthly,2023-04-28
monthly_reentry_exit-fee0.002,2023-05-04,512890,sell,367000.0,0.961,352687.0,705.374,monthly,2023-04-28
monthly_reentry_exit-fee0.002,2023-05-04,518850,buy,75400.0,4.4,331760.0,663.52,monthly,2023-04-28
monthly_reentry_exit-fee0.002,2023-05-04,515170,buy,449200.0,0.74,332408.0,664.816,monthly,2023-04-28
monthly_reentry_exit-fee0.002,2023-05-05,515170,sell,449200.0,0.729,327466.8,654.9336,stop,2023-05-04
monthly_reentry_exit-fee0.002,2023-06-01,515300,sell,247700.0,1.345,333156.5,666.313,monthly,2023-05-31
monthly_reentry_exit-fee0.002,2023-06-01,518850,sell,300.0,4.403,1320.8999999999999,2.6418,monthly,2023-05-31
monthly_reentry_exit-fee0.002,2023-06-01,515050,buy,343100.0,0.961,329719.1,659.4381999999999,monthly,2023-05-31
monthly_reentry_exit-fee0.002,2023-06-01,515170,buy,492200.0,0.67,329774.0,659.548,monthly,2023-05-31
monthly_reentry_exit-fee0.002,2023-06-02,515170,sell,492200.0,0.68,334696.0,669.392,stop,2023-06-01
monthly_reentry_exit-fee0.002,2023-07-03,515050,sell,343100.0,1.07,367117.0,734.234,monthly,2023-06-30
monthly_reentry_exit-fee0.002,2023-07-03,515300,buy,256800.0,1.333,342314.39999999997,684.6288,monthly,2023-06-30
monthly_reentry_exit-fee0.002,2023-07-03,518850,buy,3200.0,4.375,14000.0,28.0,monthly,2023-06-30
monthly_reentry_exit-fee0.002,2023-07-03,512890,buy,375300.0,0.912,342273.60000000003,684.5472000000001,monthly,2023-06-30
monthly_reentry_exit-fee0.002,2023-08-01,515300,sell,4700.0,1.427,6706.900000000001,13.413800000000002,monthly,2023-07-31
monthly_reentry_exit-fee0.002,2023-08-01,512890,sell,375300.0,0.969,363665.7,727.3314,monthly,2023-07-31
monthly_reentry_exit-fee0.002,2023-08-01,515050,buy,354000.0,1.012,358248.0,716.496,monthly,2023-07-31
monthly_reentry_exit-fee0.002,2023-08-01,518850,buy,2400.0,4.452,10684.8,21.3696,monthly,2023-07-31
monthly_reentry_exit-fee0.002,2023-08-28,515050,sell,354000.0,0.949,335946.0,671.892,stop,2023-08-25
monthly_reentry_exit-fee0.002,2023-09-01,518850,sell,3500.0,4.509,15781.500000000002,31.563000000000006,monthly,2023-08-31
monthly_reentry_exit-fee0.002,2023-09-01,515300,buy,2400.0,1.368,3283.2000000000003,6.566400000000001,monthly,2023-08-31
monthly_reentry_exit-fee0.002,2023-09-01,512890,buy,372800.0,0.932,347449.60000000003,694.8992000000001,monthly,2023-08-31
monthly_reentry_exit-fee0.002,2023-10-09,515300,sell,600.0,1.378,826.8,1.6536,monthly,2023-09-28
monthly_reentry_exit-fee0.002,2023-10-09,512890,sell,372800.0,0.948,353414.39999999997,706.8288,monthly,2023-09-28
monthly_reentry_exit-fee0.002,2023-10-09,518850,buy,800.0,4.476,3580.8,7.161600000000001,monthly,2023-09-28
monthly_reentry_exit-fee0.002,2023-10-09,515880,buy,314600.0,1.109,348891.4,697.7828000000001,monthly,2023-09-28
monthly_reentry_exit-fee0.002,2023-10-19,515880,sell,314600.0,1.051,330644.6,661.2891999999999,stop,2023-10-18
monthly_reentry_exit-fee0.002,2023-11-01,518850,sell,3500.0,4.615,16152.5,32.305,monthly,2023-10-31
monthly_reentry_exit-fee0.002,2023-11-01,515300,buy,1700.0,1.346,2288.2000000000003,4.5764000000000005,monthly,2023-10-31
monthly_reentry_exit-fee0.002,2023-11-01,515880,buy,343000.0,1.001,343342.99999999994,686.6859999999999,monthly,2023-10-31
monthly_reentry_exit-fee0.002,2023-11-02,515880,sell,343000.0,1.0,343000.0,686.0,stop,2023-11-01
monthly_reentry_exit-fee0.002,2023-12-01,515300,sell,300.0,1.346,403.8,0.8076,monthly,2023-11-30
monthly_reentry_exit-fee0.002,2023-12-01,518850,sell,200.0,4.622,924.4,1.8488,monthly,2023-11-30
monthly_reentry_exit-fee0.002,2023-12-01,512890,buy,372700.0,0.92,342884.0,685.768,monthly,2023-11-30
monthly_reentry_exit-fee0.002,2023-12-06,515300,sell,255300.0,1.327,338783.1,677.5662,stop,2023-12-05
monthly_reentry_exit-fee0.002,2023-12-06,512890,sell,372700.0,0.912,339902.4,679.8048000000001,stop,2023-12-05
monthly_reentry_exit-fee0.002,2024-01-02,518850,sell,1200.0,4.664,5596.799999999999,11.193599999999998,monthly,2023-12-29
monthly_reentry_exit-fee0.002,2024-01-02,515300,buy,268700.0,1.268,340711.6,681.4232,monthly,2023-12-29
monthly_reentry_exit-fee0.002,2024-01-02,515880,buy,330100.0,1.032,340663.2,681.3264,monthly,2023-12-29
monthly_reentry_exit-fee0.002,2024-01-03,515300,sell,268700.0,1.273,342055.1,684.1102,stop,2024-01-02
monthly_reentry_exit-fee0.002,2024-01-03,515880,sell,330100.0,1.008,332740.8,665.4816,stop,2024-01-02
monthly_reentry_exit-fee0.002,2024-02-01,518850,sell,800.0,4.678,3742.4,7.4848,monthly,2024-01-31
monthly_reentry_exit-fee0.002,2024-02-01,515300,buy,256000.0,1.32,337920.0,675.84,monthly,2024-01-31
monthly_reentry_exit-fee0.002,2024-02-01,588000,buy,472000.0,0.716,337952.0,675.904,monthly,2024-01-31
monthly_reentry_exit-fee0.002,2024-02-02,588000,sell,472000.0,0.726,342672.0,685.344,stop,2024-02-01
monthly_reentry_exit-fee0.002,2024-03-01,515300,sell,6000.0,1.378,8268.0,16.536,monthly,2024-02-29
monthly_reentry_exit-fee0.002,2024-03-01,518850,buy,1200.0,4.684,5620.8,11.2416,monthly,2024-02-29
monthly_reentry_exit-fee0.002,2024-03-01,512890,buy,343500.0,1.001,343843.49999999994,687.6869999999999,monthly,2024-02-29
monthly_reentry_exit-fee0.002,2024-04-01,518850,sell,73500.0,5.2,382200.0,764.4,monthly,2024-03-29
monthly_reentry_exit-fee0.002,2024-04-01,515300,buy,8700.0,1.388,12075.599999999999,24.1512,monthly,2024-03-29
monthly_reentry_exit-fee0.002,2024-04-01,512890,buy,10700.0,1.014,10849.8,21.6996,monthly,2024-03-29
monthly_reentry_exit-fee0.002,2024-04-01,515880,buy,308600.0,1.16,357976.0,715.952,monthly,2024-03-29
monthly_reentry_exit-fee0.002,2024-04-11,515880,sell,308600.0,1.09,336374.0,672.748,stop,2024-04-10
monthly_reentry_exit-fee0.002,2024-05-06,515300,sell,10100.0,1.447,14614.7,29.229400000000002,monthly,2024-04-30
monthly_reentry_exit-fee0.002,2024-05-06,512890,sell,8900.0,1.042,9273.800000000001,18.547600000000003,monthly,2024-04-30
monthly_reentry_exit-fee0.002,2024-05-06,515130,buy,320600.0,1.12,359072.00000000006,718.1440000000001,monthly,2024-04-30
monthly_reentry_exit-fee0.002,2024-06-03,515130,sell,320600.0,1.103,353621.8,707.2436,monthly,2024-05-31
monthly_reentry_exit-fee0.002,2024-06-03,512890,sell,10000.0,1.084,10840.0,21.68,monthly,2024-05-31
monthly_reentry_exit-fee0.002,2024-06-03,515300,buy,400.0,1.459,583.6,1.1672,monthly,2024-05-31
monthly_reentry_exit-fee0.002,2024-06-03,515880,buy,325800.0,1.112,362289.60000000003,724.5792000000001,monthly,2024-05-31
monthly_reentry_exit-fee0.002,2024-07-01,515880,sell,325800.0,1.175,382815.0,765.63,monthly,2024-06-28
monthly_reentry_exit-fee0.002,2024-07-01,515300,buy,15900.0,1.383,21989.7,43.979400000000005,monthly,2024-06-28
monthly_reentry_exit-fee0.002,2024-07-01,159652,buy,423200.0,0.863,365221.6,730.4431999999999,monthly,2024-06-28
monthly_reentry_exit-fee0.002,2024-07-01,512890,buy,11100.0,1.058,11743.800000000001,23.487600000000004,monthly,2024-06-28
monthly_reentry_exit-fee0.002,2024-07-24,159652,sell,423200.0,0.823,348293.6,696.5871999999999,stop,2024-07-23
monthly_reentry_exit-fee0.002,2024-08-01,515300,sell,8000.0,1.388,11104.0,22.208000000000002,monthly,2024-07-31
monthly_reentry_exit-fee0.002,2024-08-01,512890,buy,2200.0,1.023,2250.6,4.5012,monthly,2024-07-31
monthly_reentry_exit-fee0.002,2024-08-01,515880,buy,307300.0,1.158,355853.39999999997,711.7067999999999,monthly,2024-07-31
monthly_reentry_exit-fee0.002,2024-08-05,515880,sell,307300.0,1.065,327274.5,654.549,stop,2024-08-02
monthly_reentry_exit-fee0.002,2024-09-02,515300,sell,3500.0,1.343,4700.5,9.401,monthly,2024-08-30
monthly_reentry_exit-fee0.002,2024-09-02,512890,sell,9000.0,1.002,9018.0,18.036,monthly,2024-08-30
monthly_reentry_exit-fee0.002,2024-09-02,518850,buy,61600.0,5.512,339539.19999999995,679.0783999999999,monthly,2024-08-30
monthly_reentry_exit-fee0.002,2024-09-04,512890,sell,339600.0,0.991,336543.6,673.0871999999999,stop,2024-09-03
monthly_reentry_exit-fee0.002,2024-09-10,515300,sell,253400.0,1.308,331447.2,662.8944,stop,2024-09-09
monthly_reentry_exit-fee0.002,2024-10-08,518850,buy,116100.0,5.73,665253.0,1330.506,monthly,2024-09-30
monthly_reentry_exit-fee0.002,2024-12-02,518850,sell,177700.0,5.896,1047719.2,2095.4384,monthly,2024-11-29
monthly_reentry_exit-fee0.002,2024-12-02,515300,buy,250400.0,1.389,347805.6,695.6111999999999,monthly,2024-11-29
monthly_reentry_exit-fee0.002,2024-12-02,159652,buy,388300.0,0.896,347916.8,695.8336,monthly,2024-11-29
monthly_reentry_exit-fee0.002,2024-12-02,512890,buy,320100.0,1.087,347948.7,695.8974000000001,monthly,2024-11-29
monthly_reentry_exit-fee0.002,2024-12-20,159652,sell,388300.0,0.875,339762.5,679.525,stop,2024-12-19
monthly_reentry_exit-fee0.002,2025-01-02,515300,sell,250400.0,1.399,350309.6,700.6192,monthly,2024-12-31
monthly_reentry_exit-fee0.002,2025-01-02,512890,sell,320100.0,1.121,358832.1,717.6641999999999,monthly,2024-12-31
monthly_reentry_exit-fee0.002,2025-01-02,518850,buy,58900.0,5.994,353046.6,706.0932,monthly,2024-12-31
monthly_reentry_exit-fee0.002,2025-01-02,515880,buy,261500.0,1.352,353548.0,707.096,monthly,2024-12-31
monthly_reentry_exit-fee0.002,2025-01-02,562590,buy,336800.0,1.05,353640.0,707.28,monthly,2024-12-31
monthly_reentry_exit-fee0.002,2025-02-05,518850,sell,2700.0,6.424,17344.8,34.6896,monthly,2025-01-27
monthly_reentry_exit-fee0.002,2025-02-05,515880,sell,261500.0,1.353,353809.5,707.619,monthly,2025-01-27
monthly_reentry_exit-fee0.002,2025-02-05,562590,sell,336800.0,1.046,352292.8,704.5856,monthly,2025-01-27
monthly_reentry_exit-fee0.002,2025-02-05,588000,buy,347000.0,1.039,360533.0,721.066,monthly,2025-01-27
monthly_reentry_exit-fee0.002,2025-02-05,513870,buy,238800.0,1.509,360349.19999999995,720.6983999999999,monthly,2025-01-27
monthly_reentry_exit-fee0.002,2025-03-03,518850,sell,56200.0,6.48,364176.0,728.352,monthly,2025-02-28
monthly_reentry_exit-fee0.002,2025-03-03,588000,sell,347000.0,1.133,393151.0,786.302,monthly,2025-02-28
monthly_reentry_exit-fee0.002,2025-03-03,159652,buy,419400.0,0.872,365716.8,731.4336,monthly,2025-02-28
monthly_reentry_exit-fee0.002,2025-03-03,513870,buy,15800.0,1.441,22767.8,45.5356,monthly,2025-02-28
monthly_reentry_exit-fee0.002,2025-03-03,562590,buy,322800.0,1.133,365732.4,731.4648000000001,monthly,2025-02-28
monthly_reentry_exit-fee0.002,2025-03-10,513870,sell,254600.0,1.383,352111.8,704.2236,stop,2025-03-07
monthly_reentry_exit-fee0.002,2025-04-01,159652,sell,419400.0,0.941,394655.39999999997,789.3108,monthly,2025-03-31
monthly_reentry_exit-fee0.002,2025-04-01,518850,buy,51300.0,7.096,364024.8,728.0495999999999,monthly,2025-03-31
monthly_reentry_exit-fee0.002,2025-04-01,588000,buy,338300.0,1.079,365025.7,730.0514000000001,monthly,2025-03-31
monthly_reentry_exit-fee0.002,2025-04-01,562590,buy,13100.0,1.089,14265.9,28.5318,monthly,2025-03-31
monthly_reentry_exit-fee0.002,2025-04-08,562590,sell,335900.0,1.008,338587.2,677.1744,stop,2025-04-07
monthly_reentry_exit-fee0.002,2025-05-06,518850,sell,51300.0,7.64,391932.0,783.864,monthly,2025-04-30
monthly_reentry_exit-fee0.002,2025-05-06,588000,sell,338300.0,1.067,360966.1,721.9322,monthly,2025-04-30
monthly_reentry_exit-fee0.002,2025-05-06,515170,buy,923400.0,0.589,543882.6,1087.7652,monthly,2025-04-30
monthly_reentry_exit-fee0.002,2025-05-06,562590,buy,496700.0,1.095,543886.5,1087.773,monthly,2025-04-30
monthly_reentry_exit-fee0.002,2025-05-29,562590,sell,496700.0,1.038,515574.60000000003,1031.1492,stop,2025-05-28
monthly_reentry_exit-fee0.002,2025-06-03,515170,sell,923400.0,0.585,540189.0,1080.378,monthly,2025-05-30
monthly_reentry_exit-fee0.002,2025-06-03,515300,buy,251400.0,1.394,350451.6,700.9032,monthly,2025-05-30
monthly_reentry_exit-fee0.002,2025-06-03,588000,buy,340900.0,1.028,350445.2,700.8904,monthly,2025-05-30
monthly_reentry_exit-fee0.002,2025-06-03,562590,buy,335100.0,1.046,350514.60000000003,701.0292000000001,monthly,2025-05-30
monthly_reentry_exit-fee0.002,2025-06-11,562590,sell,335100.0,1.046,350514.60000000003,701.0292000000001,stop,2025-06-10
monthly_reentry_exit-fee0.002,2025-06-23,588000,sell,340900.0,1.002,341581.8,683.1636,stop,2025-06-20
monthly_reentry_exit-fee0.002,2025-07-01,515300,sell,251400.0,1.379,346680.6,693.3611999999999,monthly,2025-06-30
monthly_reentry_exit-fee0.002,2025-07-01,518850,buy,46800.0,7.393,345992.39999999997,691.9848,monthly,2025-06-30
monthly_reentry_exit-fee0.002,2025-07-01,588000,buy,328900.0,1.055,346989.5,693.979,monthly,2025-06-30
monthly_reentry_exit-fee0.002,2025-07-01,562590,buy,312900.0,1.109,347006.1,694.0122,monthly,2025-06-30
monthly_reentry_exit-fee0.002,2025-08-01,588000,sell,6500.0,1.101,7156.5,14.313,monthly,2025-07-31
monthly_reentry_exit-fee0.002,2025-08-01,562590,sell,1300.0,1.139,1480.7,2.9614000000000003,monthly,2025-07-31
monthly_reentry_exit-fee0.002,2025-08-01,518850,buy,1200.0,7.388,8865.6,17.7312,monthly,2025-07-31
monthly_reentry_exit-fee0.002,2025-09-01,588000,sell,322400.0,1.419,457485.60000000003,914.9712000000001,monthly,2025-08-29
monthly_reentry_exit-fee0.002,2025-09-01,562590,sell,2000.0,1.332,2664.0,5.328,monthly,2025-08-29
monthly_reentry_exit-fee0.002,2025-09-01,512400,buy,271100.0,1.516,410987.6,821.9752,monthly,2025-08-29
monthly_reentry_exit-fee0.002,2025-09-01,518850,buy,6200.0,7.59,47058.0,94.116,monthly,2025-08-29
monthly_reentry_exit-fee0.002,2025-10-09,512400,sell,271100.0,1.75,474425.0,948.85,monthly,2025-09-30
monthly_reentry_exit-fee0.002,2025-10-09,562590,sell,309600.0,1.658,513316.8,1026.6336,monthly,2025-09-30
monthly_reentry_exit-fee0.002,2025-10-09,515130,buy,323700.0,1.508,488139.6,976.2792,monthly,2025-09-30
monthly_reentry_exit-fee0.002,2025-10-09,518850,buy,1300.0,8.81,11453.0,22.906,monthly,2025-09-30
monthly_reentry_exit-fee0.002,2025-10-09,515170,buy,840200.0,0.581,488156.19999999995,976.3123999999999,monthly,2025-09-30
monthly_reentry_exit-fee0.002,2025-10-10,515170,sell,840200.0,0.578,485635.6,971.2712,stop,2025-10-09
monthly_reentry_exit-fee0.002,2025-11-03,515130,sell,323700.0,1.511,489110.69999999995,978.2213999999999,monthly,2025-10-31
monthly_reentry_exit-fee0.002,2025-11-03,518850,sell,55500.0,8.814,489177.0,978.354,monthly,2025-10-31
monthly_reentry_exit-fee0.002,2025-11-03,515300,buy,363400.0,1.338,486229.2,972.4584000000001,monthly,2025-10-31
monthly_reentry_exit-fee0.002,2025-11-03,512890,buy,409000.0,1.189,486301.0,972.602,monthly,2025-10-31
monthly_reentry_exit-fee0.002,2025-11-03,513870,buy,264500.0,1.838,486151.0,972.302,monthly,2025-10-31
monthly_reentry_exit-fee0.002,2025-12-01,515300,sell,363400.0,1.34,486956.0,973.912,monthly,2025-11-28
monthly_reentry_exit-fee0.002,2025-12-01,512890,sell,409000.0,1.204,492436.0,984.8720000000001,monthly,2025-11-28
monthly_reentry_exit-fee0.002,2025-12-01,513870,sell,264500.0,1.816,480332.0,960.664,monthly,2025-11-28
monthly_reentry_exit-fee0.002,2025-12-01,515050,buy,236900.0,2.046,484697.39999999997,969.3947999999999,monthly,2025-11-28
monthly_reentry_exit-fee0.002,2025-12-01,588000,buy,347500.0,1.395,484762.5,969.525,monthly,2025-11-28
monthly_reentry_exit-fee0.002,2025-12-01,515880,buy,179700.0,2.697,484650.9,969.3018000000001,monthly,2025-11-28
monthly_reentry_exit-fee0.002,2026-01-05,515050,sell,3500.0,2.286,8001.0,16.002,monthly,2025-12-31
monthly_reentry_exit-fee0.002,2026-01-05,588000,sell,347500.0,1.433,497967.5,995.9350000000001,monthly,2025-12-31
monthly_reentry_exit-fee0.002,2026-01-05,515880,sell,9000.0,3.125,28125.0,56.25,monthly,2025-12-31
monthly_reentry_exit-fee0.002,2026-01-05,512400,buy,272000.0,1.956,532032.0,1064.064,monthly,2025-12-31
monthly_reentry_exit-fee0.002,2026-02-02,512400,sell,272000.0,2.105,572560.0,1145.1200000000001,monthly,2026-01-30
monthly_reentry_exit-fee0.002,2026-02-02,515050,buy,3000.0,2.38,7140.0,14.280000000000001,monthly,2026-01-30
monthly_reentry_exit-fee0.002,2026-02-02,516220,buy,564100.0,0.995,561279.5,1122.559,monthly,2026-01-30
monthly_reentry_exit-fee0.002,2026-02-02,515880,buy,400.0,3.287,1314.8,2.6296,monthly,2026-01-30
monthly_reentry_exit-fee0.002,2026-03-02,516220,sell,564100.0,1.084,611484.4,1222.9688,monthly,2026-02-27
monthly_reentry_exit-fee0.002,2026-03-02,515050,buy,5200.0,2.376,12355.199999999999,24.7104,monthly,2026-02-27
monthly_reentry_exit-fee0.002,2026-03-02,515880,buy,22900.0,1.071,24525.899999999998,49.0518,monthly,2026-02-27
monthly_reentry_exit-fee0.002,2026-03-02,562590,buy,291400.0,1.964,572309.6,1144.6191999999999,monthly,2026-02-27
monthly_reentry_exit-fee0.002,2026-04-01,515050,sell,241600.0,2.375,573800.0,1147.6000000000001,monthly,2026-03-31
monthly_reentry_exit-fee0.002,2026-04-01,515880,sell,26600.0,1.099,29233.399999999998,58.4668,monthly,2026-03-31
monthly_reentry_exit-fee0.002,2026-04-01,588000,buy,412100.0,1.354,557983.4,1115.9668000000001,monthly,2026-03-31
monthly_reentry_exit-fee0.002,2026-04-01,562590,buy,24200.0,1.774,42930.8,85.86160000000001,monthly,2026-03-31
monthly_reentry_exit-fee0.002,2026-04-03,588000,sell,412100.0,1.335,550153.5,1100.307,stop,2026-04-02
monthly_reentry_exit-fee0.002,2026-05-06,515880,sell,31800.0,1.344,42739.200000000004,85.47840000000001,monthly,2026-04-30
monthly_reentry_exit-fee0.002,2026-05-06,562590,sell,23000.0,2.194,50462.0,100.924,monthly,2026-04-30
monthly_reentry_exit-fee0.002,2026-05-06,516220,buy,608000.0,1.054,640832.0,1281.664,monthly,2026-04-30
monthly_reentry_exit-fee0.002,2026-06-01,516220,sell,608000.0,0.905,550240.0,1100.48,monthly,2026-05-29
monthly_reentry_exit-fee0.002,2026-06-01,515880,sell,46800.0,1.577,73803.59999999999,147.60719999999998,monthly,2026-05-29
monthly_reentry_exit-fee0.002,2026-06-01,562590,sell,292600.0,2.513,735303.7999999999,1470.6075999999998,monthly,2026-05-29
monthly_reentry_exit-fee0.002,2026-06-01,515050,buy,566900.0,1.194,676878.6,1353.7572,monthly,2026-05-29
monthly_reentry_exit-fee0.002,2026-06-01,515130,buy,418600.0,1.617,676876.2,1353.7523999999999,monthly,2026-05-29
fast_reentry_exit-fee0.002,2020-12-01,510300,buy,66100.0,5.027,332284.7,664.5694000000001,monthly,2020-11-30
fast_reentry_exit-fee0.002,2020-12-01,512400,buy,350900.0,0.948,332653.2,665.3064,monthly,2020-11-30
fast_reentry_exit-fee0.002,2020-12-01,515050,buy,272600.0,1.22,332572.0,665.144,monthly,2020-11-30
fast_reentry_exit-fee0.002,2020-12-11,515050,sell,272600.0,1.212,330391.2,660.7824,stop,2020-12-10
fast_reentry_exit-fee0.002,2021-01-04,510300,sell,400.0,5.28,2112.0,4.224,monthly,2020-12-31
fast_reentry_exit-fee0.002,2021-01-04,512400,sell,350900.0,1.033,362479.69999999995,724.9594,monthly,2020-12-31
fast_reentry_exit-fee0.002,2021-01-04,515050,buy,291700.0,1.187,346247.9,692.4958,monthly,2020-12-31
fast_reentry_exit-fee0.002,2021-01-04,512890,buy,260200.0,1.331,346326.2,692.6524000000001,monthly,2020-12-31
fast_reentry_exit-fee0.002,2021-01-05,515050,sell,291700.0,1.201,350331.7,700.6634,stop,2021-01-04
fast_reentry_exit-fee0.002,2021-01-06,515050,buy,279800.0,1.247,348910.60000000003,697.8212000000001,fast_reentry,2021-01-05
fast_reentry_exit-fee0.002,2021-01-27,515050,sell,279800.0,1.201,336039.80000000005,672.0796000000001,stop,2021-01-26
fast_reentry_exit-fee0.002,2021-02-01,510300,sell,1800.0,5.348,9626.4,19.2528,monthly,2021-01-29
fast_reentry_exit-fee0.002,2021-02-01,515050,buy,296400.0,1.152,341452.8,682.9055999999999,monthly,2021-01-29
fast_reentry_exit-fee0.002,2021-02-01,512890,buy,5500.0,1.288,7084.0,14.168000000000001,monthly,2021-01-29
fast_reentry_exit-fee0.002,2021-02-02,515050,sell,296400.0,1.156,342638.39999999997,685.2768,stop,2021-02-01
fast_reentry_exit-fee0.002,2021-03-01,512890,sell,10200.0,1.37,13974.000000000002,27.948000000000004,monthly,2021-02-26
fast_reentry_exit-fee0.002,2021-03-01,510300,buy,1100.0,5.381,5919.1,11.8382,monthly,2021-02-26
fast_reentry_exit-fee0.002,2021-03-01,515300,buy,309200.0,1.13,349395.99999999994,698.7919999999999,monthly,2021-02-26
fast_reentry_exit-fee0.002,2021-04-01,515300,sell,309200.0,1.165,360218.0,720.436,monthly,2021-03-31
fast_reentry_exit-fee0.002,2021-04-01,512890,sell,8400.0,1.419,11919.6,23.8392,monthly,2021-03-31
fast_reentry_exit-fee0.002,2021-04-01,510300,buy,4200.0,5.056,21235.2,42.470400000000005,monthly,2021-03-31
fast_reentry_exit-fee0.002,2021-04-01,512400,buy,344900.0,1.013,349383.69999999995,698.7674,monthly,2021-03-31
fast_reentry_exit-fee0.002,2021-05-06,512400,sell,18200.0,1.116,20311.2,40.6224,monthly,2021-04-30
fast_reentry_exit-fee0.002,2021-05-06,510300,buy,2100.0,5.109,10728.9,21.4578,monthly,2021-04-30
fast_reentry_exit-fee0.002,2021-05-06,512890,buy,6600.0,1.437,9484.2,18.968400000000003,monthly,2021-04-30
fast_reentry_exit-fee0.002,2021-06-01,512400,sell,2100.0,1.191,2501.1,5.0022,monthly,2021-05-31
fast_reentry_exit-fee0.002,2021-06-01,512890,sell,2200.0,1.537,3381.3999999999996,6.7627999999999995,monthly,2021-05-31
fast_reentry_exit-fee0.002,2021-06-01,510300,buy,1100.0,5.333,5866.3,11.732600000000001,monthly,2021-05-31
fast_reentry_exit-fee0.002,2021-07-01,510300,sell,72400.0,5.273,381765.19999999995,763.5303999999999,monthly,2021-06-30
fast_reentry_exit-fee0.002,2021-07-01,512890,sell,1100.0,1.499,1648.9,3.2978,monthly,2021-06-30
fast_reentry_exit-fee0.002,2021-07-01,512400,buy,7200.0,1.131,8143.2,16.2864,monthly,2021-06-30
fast_reentry_exit-fee0.002,2021-07-01,515130,buy,246400.0,1.518,374035.2,748.0704000000001,monthly,2021-06-30
fast_reentry_exit-fee0.002,2021-07-27,515130,sell,246400.0,1.446,356294.39999999997,712.5888,stop,2021-07-26
fast_reentry_exit-fee0.002,2021-08-02,512400,sell,331800.0,1.457,483432.60000000003,966.8652000000001,monthly,2021-07-30
fast_reentry_exit-fee0.002,2021-08-02,510300,buy,81800.0,4.856,397220.8,794.4416,monthly,2021-07-30
fast_reentry_exit-fee0.002,2021-08-02,515130,buy,281700.0,1.41,397197.0,794.394,monthly,2021-07-30
fast_reentry_exit-fee0.002,2021-08-02,512890,buy,29500.0,1.423,41978.5,83.95700000000001,monthly,2021-07-30
fast_reentry_exit-fee0.002,2021-08-03,510300,sell,81800.0,4.971,406627.8,813.2556,stop,2021-08-02
fast_reentry_exit-fee0.002,2021-08-03,515130,sell,281700.0,1.443,406493.10000000003,812.9862,stop,2021-08-02
fast_reentry_exit-fee0.002,2021-08-04,512890,sell,279900.0,1.408,394099.19999999995,788.1983999999999,stop,2021-08-03
fast_reentry_exit-fee0.002,2021-08-05,512890,buy,275200.0,1.426,392435.19999999995,784.8703999999999,fast_reentry,2021-08-04
fast_reentry_exit-fee0.002,2021-08-11,515130,buy,274600.0,1.474,404760.39999999997,809.5207999999999,fast_reentry,2021-08-10
fast_reentry_exit-fee0.002,2021-08-13,515130,sell,274600.0,1.458,400366.8,800.7336,stop,2021-08-12
fast_reentry_exit-fee0.002,2021-09-01,512890,sell,275200.0,1.593,438393.6,876.7872,monthly,2021-08-31
fast_reentry_exit-fee0.002,2021-09-01,510300,buy,84700.0,4.88,413336.0,826.672,monthly,2021-08-31
fast_reentry_exit-fee0.002,2021-09-01,512400,buy,246700.0,1.676,413469.2,826.9384,monthly,2021-08-31
fast_reentry_exit-fee0.002,2021-09-01,515130,buy,292700.0,1.413,413585.10000000003,827.1702000000001,monthly,2021-08-31
fast_reentry_exit-fee0.002,2021-09-02,510300,sell,84700.0,4.96,420112.0,840.224,stop,2021-09-01
fast_reentry_exit-fee0.002,2021-09-02,515130,sell,292700.0,1.432,419146.39999999997,838.2927999999999,stop,2021-09-01
fast_reentry_exit-fee0.002,2021-09-13,515130,buy,283600.0,1.472,417459.2,834.9184,fast_reentry,2021-09-10
fast_reentry_exit-fee0.002,2021-09-14,515130,sell,283600.0,1.464,415190.39999999997,830.3807999999999,stop,2021-09-13
fast_reentry_exit-fee0.002,2021-10-08,512400,sell,246700.0,1.407,347106.9,694.2138000000001,monthly,2021-09-30
fast_reentry_exit-fee0.002,2021-10-08,510300,buy,78800.0,4.978,392266.39999999997,784.5328,monthly,2021-09-30
fast_reentry_exit-fee0.002,2021-10-08,515050,buy,358300.0,1.096,392696.80000000005,785.3936000000001,monthly,2021-09-30
fast_reentry_exit-fee0.002,2021-10-08,515130,buy,274600.0,1.43,392678.0,785.356,monthly,2021-09-30
fast_reentry_exit-fee0.002,2021-10-11,510300,sell,78800.0,5.014,395103.2,790.2064,stop,2021-10-08
fast_reentry_exit-fee0.002,2021-10-11,515050,sell,358300.0,1.109,397354.7,794.7094000000001,stop,2021-10-08
fast_reentry_exit-fee0.002,2021-10-11,515130,sell,274600.0,1.45,398170.0,796.34,stop,2021-10-08
fast_reentry_exit-fee0.002,2021-11-01,512400,buy,287300.0,1.376,395324.8,790.6496,monthly,2021-10-29
fast_reentry_exit-fee0.002,2021-11-01,515130,buy,274200.0,1.442,395396.39999999997,790.7927999999999,monthly,2021-10-29
fast_reentry_exit-fee0.002,2021-11-01,515300,buy,343800.0,1.15,395369.99999999994,790.7399999999999,monthly,2021-10-29
fast_reentry_exit-fee0.002,2021-11-02,515130,sell,274200.0,1.441,395122.2,790.2444,stop,2021-11-01
fast_reentry_exit-fee0.002,2021-11-03,515300,sell,343800.0,1.139,391588.2,783.1764000000001,stop,2021-11-02
fast_reentry_exit-fee0.002,2021-11-04,515300,buy,342400.0,1.139,389993.6,779.9871999999999,fast_reentry,2021-11-03
fast_reentry_exit-fee0.002,2021-11-08,515300,sell,342400.0,1.118,382803.2,765.6064,stop,2021-11-05
fast_reentry_exit-fee0.002,2021-11-12,515300,buy,336200.0,1.134,381250.8,762.5015999999999,fast_reentry,2021-11-11
fast_reentry_exit-fee0.002,2021-11-15,515300,sell,336200.0,1.13,379905.99999999994,759.8119999999999,stop,2021-11-12
fast_reentry_exit-fee0.002,2021-11-22,515300,buy,333900.0,1.133,378308.7,756.6174000000001,fast_reentry,2021-11-19
fast_reentry_exit-fee0.002,2021-11-23,515300,sell,333900.0,1.129,376973.1,753.9462,stop,2021-11-22
fast_reentry_exit-fee0.002,2021-11-24,515300,buy,330500.0,1.136,375447.99999999994,750.8959999999998,fast_reentry,2021-11-23
fast_reentry_exit-fee0.002,2021-11-25,515300,sell,330500.0,1.136,375447.99999999994,750.8959999999998,stop,2021-11-24
fast_reentry_exit-fee0.002,2021-11-26,515300,buy,330900.0,1.13,373916.99999999994,747.834,fast_reentry,2021-11-25
fast_reentry_exit-fee0.002,2021-11-29,515300,sell,330900.0,1.123,371600.7,743.2014,stop,2021-11-26
fast_reentry_exit-fee0.002,2021-12-01,512400,sell,15800.0,1.452,22941.6,45.883199999999995,monthly,2021-11-30
fast_reentry_exit-fee0.002,2021-12-01,515130,buy,275300.0,1.429,393403.7,786.8074,monthly,2021-11-30
fast_reentry_exit-fee0.002,2021-12-01,512890,buy,525300.0,0.749,393449.7,786.8994,monthly,2021-11-30
fast_reentry_exit-fee0.002,2021-12-02,515130,sell,275300.0,1.432,394229.6,788.4592,stop,2021-12-01
fast_reentry_exit-fee0.002,2021-12-09,515130,buy,265300.0,1.48,392644.0,785.288,fast_reentry,2021-12-08
fast_reentry_exit-fee0.002,2021-12-21,515130,sell,265300.0,1.414,375134.19999999995,750.2683999999999,stop,2021-12-20
fast_reentry_exit-fee0.002,2021-12-24,515130,buy,254600.0,1.467,373498.2,746.9964,fast_reentry,2021-12-23
fast_reentry_exit-fee0.002,2021-12-30,515130,sell,254600.0,1.45,369170.0,738.34,stop,2021-12-29
fast_reentry_exit-fee0.002,2022-01-04,512890,sell,41300.0,0.795,32833.5,65.667,monthly,2021-12-31
fast_reentry_exit-fee0.002,2022-01-04,512400,buy,12200.0,1.356,16543.2,33.086400000000005,monthly,2021-12-31
fast_reentry_exit-fee0.002,2022-01-04,515880,buy,340100.0,1.129,383972.9,767.9458000000001,monthly,2021-12-31
fast_reentry_exit-fee0.002,2022-01-06,512400,sell,283700.0,1.278,362568.60000000003,725.1372000000001,stop,2022-01-05
fast_reentry_exit-fee0.002,2022-01-13,512400,buy,270900.0,1.333,361109.7,722.2194000000001,fast_reentry,2022-01-12
fast_reentry_exit-fee0.002,2022-01-14,512400,sell,270900.0,1.295,350815.5,701.631,stop,2022-01-13
fast_reentry_exit-fee0.002,2022-01-26,515880,sell,340100.0,1.025,348602.49999999994,697.2049999999999,stop,2022-01-25
fast_reentry_exit-fee0.002,2022-01-27,515880,buy,337700.0,1.028,347155.60000000003,694.3112000000001,fast_reentry,2022-01-26
fast_reentry_exit-fee0.002,2022-01-28,515880,sell,337700.0,1.0,337700.0,675.4,stop,2022-01-27
fast_reentry_exit-fee0.002,2022-02-07,512890,sell,33000.0,0.791,26103.0,52.206,monthly,2022-01-28
fast_reentry_exit-fee0.002,2022-02-07,512400,buy,289400.0,1.23,355962.0,711.924,monthly,2022-01-28
fast_reentry_exit-fee0.002,2022-02-07,515300,buy,301900.0,1.179,355940.10000000003,711.8802000000001,monthly,2022-01-28
fast_reentry_exit-fee0.002,2022-02-08,512400,sell,289400.0,1.247,360881.80000000005,721.7636000000001,stop,2022-02-07
fast_reentry_exit-fee0.002,2022-02-18,512400,buy,263500.0,1.364,359414.0,718.828,fast_reentry,2022-02-17
fast_reentry_exit-fee0.002,2022-03-01,512400,sell,6400.0,1.431,9158.4,18.3168,monthly,2022-02-28
fast_reentry_exit-fee0.002,2022-03-01,512890,sell,451000.0,0.818,368918.0,737.836,monthly,2022-02-28
fast_reentry_exit-fee0.002,2022-03-01,515300,buy,8400.0,1.185,9954.0,19.908,monthly,2022-02-28
fast_reentry_exit-fee0.002,2022-03-01,515880,buy,349100.0,1.05,366555.0,733.11,monthly,2022-02-28
fast_reentry_exit-fee0.002,2022-03-07,515880,sell,349100.0,1.013,353638.3,707.2766,stop,2022-03-04
fast_reentry_exit-fee0.002,2022-03-09,512400,sell,257100.0,1.297,333458.69999999995,666.9173999999999,stop,2022-03-08
fast_reentry_exit-fee0.002,2022-03-10,515300,sell,310300.0,1.15,356845.0,713.69,stop,2022-03-09
fast_reentry_exit-fee0.002,2022-03-23,515300,buy,307100.0,1.157,355314.7,710.6294,fast_reentry,2022-03-22
fast_reentry_exit-fee0.002,2022-04-01,515300,sell,307100.0,1.195,366984.5,733.969,monthly,2022-03-31
fast_reentry_exit-fee0.002,2022-04-01,512400,buy,848200.0,1.238,1050071.6,2100.1432000000004,monthly,2022-03-31
fast_reentry_exit-fee0.002,2022-04-06,512400,sell,848200.0,1.248,1058553.6,2117.1072000000004,stop,2022-04-01
fast_reentry_exit-fee0.002,2022-05-05,515300,buy,300100.0,1.171,351417.10000000003,702.8342000000001,monthly,2022-04-29
fast_reentry_exit-fee0.002,2022-05-05,518850,buy,88200.0,3.984,351388.8,702.7776,monthly,2022-04-29
fast_reentry_exit-fee0.002,2022-05-05,515170,buy,485400.0,0.724,351429.6,702.8592,monthly,2022-04-29
fast_reentry_exit-fee0.002,2022-05-06,515170,sell,485400.0,0.715,347061.0,694.1220000000001,stop,2022-05-05
fast_reentry_exit-fee0.002,2022-05-09,515300,sell,300100.0,1.151,345415.10000000003,690.8302000000001,stop,2022-05-06
fast_reentry_exit-fee0.002,2022-06-01,515300,buy,301100.0,1.145,344759.5,689.519,monthly,2022-05-31
fast_reentry_exit-fee0.002,2022-06-01,512890,buy,410500.0,0.84,344820.0,689.64,monthly,2022-05-31
fast_reentry_exit-fee0.002,2022-06-02,515300,sell,301100.0,1.138,342651.8,685.3036,stop,2022-06-01
fast_reentry_exit-fee0.002,2022-06-15,515300,buy,292100.0,1.168,341172.8,682.3456,fast_reentry,2022-06-14
fast_reentry_exit-fee0.002,2022-06-21,515300,sell,292100.0,1.174,342925.39999999997,685.8507999999999,stop,2022-06-20
fast_reentry_exit-fee0.002,2022-06-22,515300,buy,291900.0,1.17,341523.0,683.046,fast_reentry,2022-06-21
fast_reentry_exit-fee0.002,2022-06-23,515300,sell,291900.0,1.166,340355.39999999997,680.7108,stop,2022-06-22
fast_reentry_exit-fee0.002,2022-06-24,515300,buy,288500.0,1.175,338987.5,677.975,fast_reentry,2022-06-23
fast_reentry_exit-fee0.002,2022-07-01,515300,sell,288500.0,1.178,339853.0,679.706,monthly,2022-06-30
fast_reentry_exit-fee0.002,2022-07-01,512890,sell,7400.0,0.85,6290.0,12.58,monthly,2022-06-30
fast_reentry_exit-fee0.002,2022-07-01,512400,buy,260100.0,1.314,341771.4,683.5428,monthly,2022-06-30
fast_reentry_exit-fee0.002,2022-07-01,518850,buy,800.0,3.842,3073.6,6.1472,monthly,2022-06-30
fast_reentry_exit-fee0.002,2022-07-07,518850,sell,89000.0,3.711,330279.0,660.558,stop,2022-07-06
fast_reentry_exit-fee0.002,2022-07-12,512400,sell,260100.0,1.279,332667.89999999997,665.3358,stop,2022-07-11
fast_reentry_exit-fee0.002,2022-07-18,512890,sell,403100.0,0.807,325301.7,650.6034000000001,stop,2022-07-15
fast_reentry_exit-fee0.002,2022-07-19,512890,buy,392200.0,0.826,323957.2,647.9144,fast_reentry,2022-07-18
fast_reentry_exit-fee0.002,2022-08-01,515300,buy,286700.0,1.14,326838.0,653.676,monthly,2022-07-29
fast_reentry_exit-fee0.002,2022-08-01,518850,buy,86300.0,3.785,326645.5,653.291,monthly,2022-07-29
fast_reentry_exit-fee0.002,2022-08-01,512890,buy,8600.0,0.817,7026.2,14.0524,monthly,2022-07-29
fast_reentry_exit-fee0.002,2022-08-02,515300,sell,286700.0,1.126,322824.19999999995,645.6483999999999,stop,2022-08-01
fast_reentry_exit-fee0.002,2022-08-02,518850,sell,86300.0,3.824,330011.2,660.0224000000001,stop,2022-08-01
fast_reentry_exit-fee0.002,2022-08-03,512890,sell,400800.0,0.801,321040.80000000005,642.0816000000001,stop,2022-08-02
fast_reentry_exit-fee0.002,2022-08-03,518850,buy,86200.0,3.813,328680.60000000003,657.3612,fast_reentry,2022-08-02
fast_reentry_exit-fee0.002,2022-08-12,512890,buy,392300.0,0.815,319724.5,639.4490000000001,fast_reentry,2022-08-11
fast_reentry_exit-fee0.002,2022-08-22,518850,sell,86200.0,3.786,326353.2,652.7064,stop,2022-08-19
fast_reentry_exit-fee0.002,2022-08-24,518850,buy,85400.0,3.805,324947.0,649.894,fast_reentry,2022-08-23
fast_reentry_exit-fee0.002,2022-09-01,512890,sell,7900.0,0.848,6699.2,13.3984,monthly,2022-08-31
fast_reentry_exit-fee0.002,2022-09-01,515300,buy,282400.0,1.152,325324.8,650.6496,monthly,2022-08-31
fast_reentry_exit-fee0.002,2022-09-01,518850,buy,800.0,3.781,3024.8,6.049600000000001,monthly,2022-08-31
fast_reentry_exit-fee0.002,2022-09-02,515300,sell,282400.0,1.153,325607.2,651.2144000000001,stop,2022-09-01
fast_reentry_exit-fee0.002,2022-09-02,518850,sell,86200.0,3.751,323336.2,646.6724,stop,2022-09-01
fast_reentry_exit-fee0.002,2022-09-07,518850,buy,84400.0,3.812,321732.8,643.4656,fast_reentry,2022-09-06
fast_reentry_exit-fee0.002,2022-09-08,518850,sell,84400.0,3.81,321564.0,643.128,stop,2022-09-07
fast_reentry_exit-fee0.002,2022-09-09,518850,buy,83800.0,3.819,320032.2,640.0644000000001,fast_reentry,2022-09-08
fast_reentry_exit-fee0.002,2022-09-13,515300,buy,277600.0,1.168,324236.8,648.4736,fast_reentry,2022-09-09
fast_reentry_exit-fee0.002,2022-09-15,515300,sell,277600.0,1.17,324792.0,649.5840000000001,stop,2022-09-14
fast_reentry_exit-fee0.002,2022-09-15,518850,sell,83800.0,3.791,317685.8,635.3716,stop,2022-09-14
fast_reentry_exit-fee0.002,2022-09-30,518850,buy,82700.0,3.824,316244.8,632.4896,fast_reentry,2022-09-29
fast_reentry_exit-fee0.002,2022-10-10,518850,buy,1000.0,3.832,3832.0,7.664000000000001,monthly,2022-09-30
fast_reentry_exit-fee0.002,2022-10-10,515170,buy,434100.0,0.738,320365.8,640.7316,monthly,2022-09-30
fast_reentry_exit-fee0.002,2022-10-11,515170,sell,434100.0,0.708,307342.8,614.6856,stop,2022-10-10
fast_reentry_exit-fee0.002,2022-10-21,518850,sell,83700.0,3.815,319315.5,638.631,stop,2022-10-20
fast_reentry_exit-fee0.002,2022-10-25,512890,sell,384400.0,0.814,312901.6,625.8032,stop,2022-10-24
fast_reentry_exit-fee0.002,2022-10-25,518850,buy,82100.0,3.873,317973.30000000005,635.9466000000001,fast_reentry,2022-10-24
fast_reentry_exit-fee0.002,2022-11-01,518850,sell,1000.0,3.842,3842.0,7.684,monthly,2022-10-31
fast_reentry_exit-fee0.002,2022-11-01,515300,buy,291700.0,1.066,310952.2,621.9044,monthly,2022-10-31
fast_reentry_exit-fee0.002,2022-11-01,512890,buy,402800.0,0.772,310961.60000000003,621.9232000000001,monthly,2022-10-31
fast_reentry_exit-fee0.002,2022-11-02,515300,sell,291700.0,1.077,314160.89999999997,628.3217999999999,stop,2022-11-01
fast_reentry_exit-fee0.002,2022-11-02,512890,sell,402800.0,0.779,313781.2,627.5624,stop,2022-11-01
fast_reentry_exit-fee0.002,2022-11-28,515300,buy,273500.0,1.144,312884.0,625.768,fast_reentry,2022-11-25
fast_reentry_exit-fee0.002,2022-11-28,512890,buy,372000.0,0.84,312480.0,624.96,fast_reentry,2022-11-25
fast_reentry_exit-fee0.002,2022-11-29,515300,sell,273500.0,1.158,316713.0,633.426,stop,2022-11-28
fast_reentry_exit-fee0.002,2022-11-30,515300,buy,268000.0,1.177,315436.0,630.872,fast_reentry,2022-11-29
fast_reentry_exit-fee0.002,2022-12-01,518850,sell,600.0,3.977,2386.2,4.772399999999999,monthly,2022-11-30
fast_reentry_exit-fee0.002,2022-12-01,512890,sell,300.0,0.862,258.6,0.5172000000000001,monthly,2022-11-30
fast_reentry_exit-fee0.002,2022-12-01,515300,buy,2100.0,1.186,2490.6,4.9812,monthly,2022-11-30
fast_reentry_exit-fee0.002,2022-12-20,512890,sell,371700.0,0.825,306652.5,613.3050000000001,stop,2022-12-19
fast_reentry_exit-fee0.002,2023-01-03,518850,sell,2200.0,4.01,8822.0,17.644000000000002,monthly,2022-12-30
fast_reentry_exit-fee0.002,2023-01-03,515300,buy,500.0,1.161,580.5,1.161,monthly,2022-12-30
fast_reentry_exit-fee0.002,2023-01-03,512890,buy,382900.0,0.819,313595.1,627.1902,monthly,2022-12-30
fast_reentry_exit-fee0.002,2023-01-04,512890,sell,382900.0,0.822,314743.8,629.4876,stop,2023-01-03
fast_reentry_exit-fee0.002,2023-01-19,512890,buy,375800.0,0.834,313417.2,626.8344000000001,fast_reentry,2023-01-18
fast_reentry_exit-fee0.002,2023-02-01,515300,sell,2700.0,1.202,3245.4,6.4908,monthly,2023-01-31
fast_reentry_exit-fee0.002,2023-02-01,518850,sell,300.0,4.125,1237.5,2.475,monthly,2023-01-31
fast_reentry_exit-fee0.002,2023-02-01,512890,buy,5300.0,0.845,4478.5,8.957,monthly,2023-01-31
fast_reentry_exit-fee0.002,2023-03-01,515300,sell,267900.0,1.218,326302.2,652.6044,monthly,2023-02-28
fast_reentry_exit-fee0.002,2023-03-01,512890,sell,8700.0,0.873,7595.1,15.1902,monthly,2023-02-28
fast_reentry_exit-fee0.002,2023-03-01,518850,buy,2100.0,4.052,8509.199999999999,17.0184,monthly,2023-02-28
fast_reentry_exit-fee0.002,2023-03-01,515170,buy,399500.0,0.811,323994.5,647.989,monthly,2023-02-28
fast_reentry_exit-fee0.002,2023-03-21,515170,sell,399500.0,0.747,298426.5,596.8530000000001,stop,2023-03-20
fast_reentry_exit-fee0.002,2023-03-22,515170,buy,388500.0,0.765,297202.5,594.405,fast_reentry,2023-03-21
fast_reentry_exit-fee0.002,2023-04-03,518850,sell,80100.0,4.274,342347.4,684.6948000000001,monthly,2023-03-31
fast_reentry_exit-fee0.002,2023-04-03,512890,sell,4700.0,0.889,4178.3,8.3566,monthly,2023-03-31
fast_reentry_exit-fee0.002,2023-04-03,515300,buy,257000.0,1.267,325619.0,651.238,monthly,2023-03-31
fast_reentry_exit-fee0.002,2023-04-03,515170,buy,25200.0,0.79,19908.0,39.816,monthly,2023-03-31
fast_reentry_exit-fee0.002,2023-04-13,515170,sell,413700.0,0.734,303655.8,607.3116,stop,2023-04-12
fast_reentry_exit-fee0.002,2023-05-04,515300,sell,8700.0,1.345,11701.5,23.403000000000002,monthly,2023-04-28
fast_reentry_exit-fee0.002,2023-05-04,512890,sell,367700.0,0.961,353359.7,706.7194000000001,monthly,2023-04-28
fast_reentry_exit-fee0.002,2023-05-04,518850,buy,75600.0,4.4,332640.0,665.28,monthly,2023-04-28
fast_reentry_exit-fee0.002,2023-05-04,515170,buy,450300.0,0.74,333222.0,666.444,monthly,2023-04-28
fast_reentry_exit-fee0.002,2023-05-05,515170,sell,450300.0,0.729,328268.7,656.5374,stop,2023-05-04
fast_reentry_exit-fee0.002,2023-06-01,515300,sell,248300.0,1.345,333963.5,667.927,monthly,2023-05-31
fast_reentry_exit-fee0.002,2023-06-01,518850,sell,300.0,4.403,1320.8999999999999,2.6418,monthly,2023-05-31
fast_reentry_exit-fee0.002,2023-06-01,515050,buy,344000.0,0.961,330584.0,661.168,monthly,2023-05-31
fast_reentry_exit-fee0.002,2023-06-01,515170,buy,493400.0,0.67,330578.0,661.1560000000001,monthly,2023-05-31
fast_reentry_exit-fee0.002,2023-06-02,515170,sell,493400.0,0.68,335512.0,671.024,stop,2023-06-01
fast_reentry_exit-fee0.002,2023-07-03,515050,sell,344000.0,1.07,368080.0,736.16,monthly,2023-06-30
fast_reentry_exit-fee0.002,2023-07-03,515300,buy,257400.0,1.333,343114.2,686.2284000000001,monthly,2023-06-30
fast_reentry_exit-fee0.002,2023-07-03,518850,buy,3200.0,4.375,14000.0,28.0,monthly,2023-06-30
fast_reentry_exit-fee0.002,2023-07-03,512890,buy,376300.0,0.912,343185.60000000003,686.3712,monthly,2023-06-30
fast_reentry_exit-fee0.002,2023-08-01,515300,sell,4700.0,1.427,6706.900000000001,13.413800000000002,monthly,2023-07-31
fast_reentry_exit-fee0.002,2023-08-01,512890,sell,376300.0,0.969,364634.7,729.2694,monthly,2023-07-31
fast_reentry_exit-fee0.002,2023-08-01,515050,buy,355000.0,1.012,359260.0,718.52,monthly,2023-07-31
fast_reentry_exit-fee0.002,2023-08-01,518850,buy,2400.0,4.452,10684.8,21.3696,monthly,2023-07-31
fast_reentry_exit-fee0.002,2023-08-28,515050,sell,355000.0,0.949,336895.0,673.79,stop,2023-08-25
fast_reentry_exit-fee0.002,2023-08-30,515050,buy,353200.0,0.95,335540.0,671.08,fast_reentry,2023-08-29
fast_reentry_exit-fee0.002,2023-09-01,515050,sell,353200.0,0.956,337659.2,675.3184,monthly,2023-08-31
fast_reentry_exit-fee0.002,2023-09-01,518850,sell,3400.0,4.509,15330.6,30.6612,monthly,2023-08-31
fast_reentry_exit-fee0.002,2023-09-01,515300,buy,2600.0,1.368,3556.8,7.113600000000001,monthly,2023-08-31
fast_reentry_exit-fee0.002,2023-09-01,512890,buy,373700.0,0.932,348288.4,696.5768,monthly,2023-08-31
fast_reentry_exit-fee0.002,2023-10-09,515300,sell,600.0,1.378,826.8,1.6536,monthly,2023-09-28
fast_reentry_exit-fee0.002,2023-10-09,512890,sell,373700.0,0.948,354267.6,708.5351999999999,monthly,2023-09-28
fast_reentry_exit-fee0.002,2023-10-09,518850,buy,800.0,4.476,3580.8,7.161600000000001,monthly,2023-09-28
fast_reentry_exit-fee0.002,2023-10-09,515880,buy,315400.0,1.109,349778.6,699.5572,monthly,2023-09-28
fast_reentry_exit-fee0.002,2023-10-19,515880,sell,315400.0,1.051,331485.39999999997,662.9707999999999,stop,2023-10-18
fast_reentry_exit-fee0.002,2023-11-01,518850,sell,3600.0,4.615,16614.0,33.228,monthly,2023-10-31
fast_reentry_exit-fee0.002,2023-11-01,515300,buy,1700.0,1.346,2288.2000000000003,4.5764000000000005,monthly,2023-10-31
fast_reentry_exit-fee0.002,2023-11-01,515880,buy,344100.0,1.001,344444.1,688.8882,monthly,2023-10-31
fast_reentry_exit-fee0.002,2023-11-02,515880,sell,344100.0,1.0,344100.0,688.2,stop,2023-11-01
fast_reentry_exit-fee0.002,2023-11-15,515880,buy,313200.0,1.094,342640.80000000005,685.2816000000001,fast_reentry,2023-11-14
fast_reentry_exit-fee0.002,2023-11-16,515880,sell,313200.0,1.078,337629.60000000003,675.2592000000001,stop,2023-11-15
fast_reentry_exit-fee0.002,2023-12-01,515300,sell,1900.0,1.346,2557.4,5.114800000000001,monthly,2023-11-30
fast_reentry_exit-fee0.002,2023-12-01,518850,sell,600.0,4.622,2773.2,5.546399999999999,monthly,2023-11-30
fast_reentry_exit-fee0.002,2023-12-01,512890,buy,371600.0,0.92,341872.0,683.744,monthly,2023-11-30
fast_reentry_exit-fee0.002,2023-12-06,515300,sell,254500.0,1.327,337721.5,675.443,stop,2023-12-05
fast_reentry_exit-fee0.002,2023-12-06,512890,sell,371600.0,0.912,338899.2,677.7984,stop,2023-12-05
fast_reentry_exit-fee0.002,2024-01-02,518850,sell,1200.0,4.664,5596.799999999999,11.193599999999998,monthly,2023-12-29
fast_reentry_exit-fee0.002,2024-01-02,515300,buy,267900.0,1.268,339697.2,679.3944,monthly,2023-12-29
fast_reentry_exit-fee0.002,2024-01-02,515880,buy,329100.0,1.032,339631.2,679.2624000000001,monthly,2023-12-29
fast_reentry_exit-fee0.002,2024-01-03,515300,sell,267900.0,1.273,341036.69999999995,682.0733999999999,stop,2024-01-02
fast_reentry_exit-fee0.002,2024-01-03,515880,sell,329100.0,1.008,331732.8,663.4656,stop,2024-01-02
fast_reentry_exit-fee0.002,2024-01-08,515300,buy,265500.0,1.279,339574.5,679.149,fast_reentry,2024-01-05
fast_reentry_exit-fee0.002,2024-01-09,515300,sell,265500.0,1.272,337716.0,675.432,stop,2024-01-08
fast_reentry_exit-fee0.002,2024-01-17,515300,buy,259900.0,1.294,336310.60000000003,672.6212,fast_reentry,2024-01-16
fast_reentry_exit-fee0.002,2024-01-18,515300,sell,259900.0,1.274,331112.6,662.2252,stop,2024-01-17
fast_reentry_exit-fee0.002,2024-01-25,515300,buy,255800.0,1.289,329726.19999999995,659.4523999999999,fast_reentry,2024-01-24
fast_reentry_exit-fee0.002,2024-02-01,515300,sell,700.0,1.32,924.0,1.848,monthly,2024-01-31
fast_reentry_exit-fee0.002,2024-02-01,518850,sell,1000.0,4.678,4678.0,9.356,monthly,2024-01-31
fast_reentry_exit-fee0.002,2024-02-01,588000,buy,469400.0,0.716,336090.39999999997,672.1808,monthly,2024-01-31
fast_reentry_exit-fee0.002,2024-02-02,588000,sell,469400.0,0.726,340784.39999999997,681.5687999999999,stop,2024-02-01
fast_reentry_exit-fee0.002,2024-03-01,515300,sell,6200.0,1.378,8543.599999999999,17.087199999999996,monthly,2024-02-29
fast_reentry_exit-fee0.002,2024-03-01,518850,buy,1300.0,4.684,6089.2,12.1784,monthly,2024-02-29
fast_reentry_exit-fee0.002,2024-03-01,512890,buy,341900.0,1.001,342241.89999999997,684.4838,monthly,2024-02-29
fast_reentry_exit-fee0.002,2024-04-01,518850,sell,73200.0,5.2,380640.0,761.28,monthly,2024-03-29
fast_reentry_exit-fee0.002,2024-04-01,515300,buy,8600.0,1.388,11936.8,23.8736,monthly,2024-03-29
fast_reentry_exit-fee0.002,2024-04-01,512890,buy,10700.0,1.014,10849.8,21.6996,monthly,2024-03-29
fast_reentry_exit-fee0.002,2024-04-01,515880,buy,307100.0,1.16,356236.0,712.472,monthly,2024-03-29
fast_reentry_exit-fee0.002,2024-04-11,515880,sell,307100.0,1.09,334739.0,669.4780000000001,stop,2024-04-10
fast_reentry_exit-fee0.002,2024-04-12,515880,buy,300300.0,1.11,333333.00000000006,666.6660000000002,fast_reentry,2024-04-11
fast_reentry_exit-fee0.002,2024-05-06,515300,sell,3200.0,1.447,4630.400000000001,9.260800000000001,monthly,2024-04-30
fast_reentry_exit-fee0.002,2024-05-06,515880,sell,300300.0,1.211,363663.30000000005,727.3266000000001,monthly,2024-04-30
fast_reentry_exit-fee0.002,2024-05-06,515130,buy,327300.0,1.12,366576.00000000006,733.1520000000002,monthly,2024-04-30
fast_reentry_exit-fee0.002,2024-05-06,512890,buy,400.0,1.042,416.8,0.8336,monthly,2024-04-30
fast_reentry_exit-fee0.002,2024-06-03,515130,sell,327300.0,1.103,361011.89999999997,722.0237999999999,monthly,2024-05-31
fast_reentry_exit-fee0.002,2024-06-03,512890,sell,10200.0,1.084,11056.800000000001,22.1136,monthly,2024-05-31
fast_reentry_exit-fee0.002,2024-06-03,515300,buy,300.0,1.459,437.70000000000005,0.8754000000000001,monthly,2024-05-31
fast_reentry_exit-fee0.002,2024-06-03,515880,buy,332800.0,1.112,370073.60000000003,740.1472000000001,monthly,2024-05-31
fast_reentry_exit-fee0.002,2024-07-01,515880,sell,332800.0,1.175,391040.0,782.08,monthly,2024-06-28
fast_reentry_exit-fee0.002,2024-07-01,515300,buy,16200.0,1.383,22404.6,44.8092,monthly,2024-06-28
fast_reentry_exit-fee0.002,2024-07-01,159652,buy,432700.0,0.863,373420.1,746.8402,monthly,2024-06-28
fast_reentry_exit-fee0.002,2024-07-01,512890,buy,11200.0,1.058,11849.6,23.6992,monthly,2024-06-28
fast_reentry_exit-fee0.002,2024-07-24,159652,sell,432700.0,0.823,356112.1,712.2242,stop,2024-07-23
fast_reentry_exit-fee0.002,2024-08-01,515300,sell,8200.0,1.388,11381.599999999999,22.763199999999998,monthly,2024-07-31
fast_reentry_exit-fee0.002,2024-08-01,512890,buy,2300.0,1.023,2352.8999999999996,4.705799999999999,monthly,2024-07-31
fast_reentry_exit-fee0.002,2024-08-01,515880,buy,314100.0,1.158,363727.8,727.4556,monthly,2024-07-31
fast_reentry_exit-fee0.002,2024-08-05,515880,sell,314100.0,1.065,334516.5,669.033,stop,2024-08-02
fast_reentry_exit-fee0.002,2024-09-02,515300,sell,3600.0,1.343,4834.8,9.6696,monthly,2024-08-30
fast_reentry_exit-fee0.002,2024-09-02,512890,sell,9200.0,1.002,9218.4,18.436799999999998,monthly,2024-08-30
fast_reentry_exit-fee0.002,2024-09-02,518850,buy,62900.0,5.512,346704.8,693.4096,monthly,2024-08-30
fast_reentry_exit-fee0.002,2024-09-04,512890,sell,347100.0,0.991,343976.1,687.9522,stop,2024-09-03
fast_reentry_exit-fee0.002,2024-09-10,515300,sell,259000.0,1.308,338772.0,677.544,stop,2024-09-09
fast_reentry_exit-fee0.002,2024-09-24,515300,buy,266300.0,1.267,337402.1,674.8041999999999,fast_reentry,2024-09-23
fast_reentry_exit-fee0.002,2024-09-25,512890,buy,334200.0,1.025,342554.99999999994,685.1099999999999,fast_reentry,2024-09-24
fast_reentry_exit-fee0.002,2024-10-08,515300,sell,266300.0,1.611,429009.3,858.0186,monthly,2024-09-30
fast_reentry_exit-fee0.002,2024-10-08,512890,sell,334200.0,1.222,408392.39999999997,816.7847999999999,monthly,2024-09-30
fast_reentry_exit-fee0.002,2024-10-08,518850,buy,145600.0,5.73,834288.0000000001,1668.5760000000002,monthly,2024-09-30
fast_reentry_exit-fee0.002,2024-12-02,518850,sell,208500.0,5.896,1229316.0,2458.632,monthly,2024-11-29
fast_reentry_exit-fee0.002,2024-12-02,515300,buy,293900.0,1.389,408227.1,816.4542,monthly,2024-11-29
fast_reentry_exit-fee0.002,2024-12-02,159652,buy,455600.0,0.896,408217.60000000003,816.4352000000001,monthly,2024-11-29
fast_reentry_exit-fee0.002,2024-12-02,512890,buy,375600.0,1.087,408277.2,816.5544,monthly,2024-11-29
fast_reentry_exit-fee0.002,2024-12-20,159652,sell,455600.0,0.875,398650.0,797.3000000000001,stop,2024-12-19
fast_reentry_exit-fee0.002,2025-01-02,515300,sell,293900.0,1.399,411166.10000000003,822.3322000000001,monthly,2024-12-31
fast_reentry_exit-fee0.002,2025-01-02,512890,sell,375600.0,1.121,421047.6,842.0952,monthly,2024-12-31
fast_reentry_exit-fee0.002,2025-01-02,518850,buy,69200.0,5.994,414784.8,829.5696,monthly,2024-12-31
fast_reentry_exit-fee0.002,2025-01-02,515880,buy,306800.0,1.352,414793.60000000003,829.5872,monthly,2024-12-31
fast_reentry_exit-fee0.002,2025-01-02,562590,buy,395100.0,1.05,414855.0,829.71,monthly,2024-12-31
fast_reentry_exit-fee0.002,2025-02-05,518850,sell,3200.0,6.424,20556.800000000003,41.113600000000005,monthly,2025-01-27
fast_reentry_exit-fee0.002,2025-02-05,515880,sell,306800.0,1.353,415100.39999999997,830.2008,monthly,2025-01-27
fast_reentry_exit-fee0.002,2025-02-05,562590,sell,395100.0,1.046,413274.60000000003,826.5492,monthly,2025-01-27
fast_reentry_exit-fee0.002,2025-02-05,588000,buy,407000.0,1.039,422872.99999999994,845.7459999999999,monthly,2025-01-27
fast_reentry_exit-fee0.002,2025-02-05,513870,buy,280200.0,1.509,422821.8,845.6436,monthly,2025-01-27
fast_reentry_exit-fee0.002,2025-03-03,518850,sell,66000.0,6.48,427680.0,855.36,monthly,2025-02-28
fast_reentry_exit-fee0.002,2025-03-03,588000,sell,407000.0,1.133,461131.0,922.2620000000001,monthly,2025-02-28
fast_reentry_exit-fee0.002,2025-03-03,159652,buy,492200.0,0.872,429198.4,858.3968000000001,monthly,2025-02-28
fast_reentry_exit-fee0.002,2025-03-03,513870,buy,18600.0,1.441,26802.600000000002,53.6052,monthly,2025-02-28
fast_reentry_exit-fee0.002,2025-03-03,562590,buy,378800.0,1.133,429180.4,858.3608,monthly,2025-02-28
fast_reentry_exit-fee0.002,2025-03-10,513870,sell,298800.0,1.383,413240.4,826.4808,stop,2025-03-07
fast_reentry_exit-fee0.002,2025-03-26,513870,buy,291200.0,1.413,411465.60000000003,822.9312000000001,fast_reentry,2025-03-25
fast_reentry_exit-fee0.002,2025-03-28,513870,sell,291200.0,1.373,399817.6,799.6351999999999,stop,2025-03-27
fast_reentry_exit-fee0.002,2025-04-01,159652,sell,492200.0,0.941,463160.19999999995,926.3204,monthly,2025-03-31
fast_reentry_exit-fee0.002,2025-04-01,518850,buy,59600.0,7.096,422921.6,845.8432,monthly,2025-03-31
fast_reentry_exit-fee0.002,2025-04-01,588000,buy,392800.0,1.079,423831.2,847.6624,monthly,2025-03-31
fast_reentry_exit-fee0.002,2025-04-01,562590,buy,11300.0,1.089,12305.699999999999,24.6114,monthly,2025-03-31
fast_reentry_exit-fee0.002,2025-04-08,562590,sell,390100.0,1.008,393220.8,786.4416,stop,2025-04-07
fast_reentry_exit-fee0.002,2025-04-09,562590,buy,387700.0,1.01,391577.0,783.154,fast_reentry,2025-04-08
fast_reentry_exit-fee0.002,2025-05-06,518850,sell,59600.0,7.64,455344.0,910.688,monthly,2025-04-30
fast_reentry_exit-fee0.002,2025-05-06,588000,sell,392800.0,1.067,419117.6,838.2352,monthly,2025-04-30
fast_reentry_exit-fee0.002,2025-05-06,515170,buy,1099000.0,0.589,647311.0,1294.622,monthly,2025-04-30
fast_reentry_exit-fee0.002,2025-05-06,562590,buy,205000.0,1.095,224475.0,448.95,monthly,2025-04-30
fast_reentry_exit-fee0.002,2025-05-29,562590,sell,592700.0,1.038,615222.6,1230.4451999999999,stop,2025-05-28
fast_reentry_exit-fee0.002,2025-05-30,562590,buy,580800.0,1.055,612744.0,1225.488,fast_reentry,2025-05-29
fast_reentry_exit-fee0.002,2025-06-03,515170,sell,1099000.0,0.585,642915.0,1285.83,monthly,2025-05-30
fast_reentry_exit-fee0.002,2025-06-03,562590,sell,182300.0,1.046,190685.80000000002,381.37160000000006,monthly,2025-05-30
fast_reentry_exit-fee0.002,2025-06-03,515300,buy,297800.0,1.394,415133.19999999995,830.2664,monthly,2025-05-30
fast_reentry_exit-fee0.002,2025-06-03,588000,buy,403800.0,1.028,415106.4,830.2128,monthly,2025-05-30
fast_reentry_exit-fee0.002,2025-06-11,562590,sell,398500.0,1.046,416831.0,833.662,stop,2025-06-10
fast_reentry_exit-fee0.002,2025-06-23,588000,sell,403800.0,1.002,404607.6,809.2152,stop,2025-06-20
fast_reentry_exit-fee0.002,2025-06-24,588000,buy,397400.0,1.014,402963.6,805.9272,fast_reentry,2025-06-23
fast_reentry_exit-fee0.002,2025-06-24,562590,buy,383300.0,1.083,415113.89999999997,830.2278,fast_reentry,2025-06-23
fast_reentry_exit-fee0.002,2025-07-01,515300,sell,297800.0,1.379,410666.2,821.3324,monthly,2025-06-30
fast_reentry_exit-fee0.002,2025-07-01,562590,sell,4000.0,1.109,4436.0,8.872,monthly,2025-06-30
fast_reentry_exit-fee0.002,2025-07-01,518850,buy,56700.0,7.393,419183.1,838.3661999999999,monthly,2025-06-30
fast_reentry_exit-fee0.002,2025-07-01,588000,buy,1400.0,1.055,1477.0,2.954,monthly,2025-06-30
fast_reentry_exit-fee0.002,2025-08-01,588000,sell,8300.0,1.101,9138.3,18.2766,monthly,2025-07-31
fast_reentry_exit-fee0.002,2025-08-01,562590,sell,1800.0,1.139,2050.2,4.1004,monthly,2025-07-31
fast_reentry_exit-fee0.002,2025-08-01,518850,buy,1400.0,7.388,10343.2,20.686400000000003,monthly,2025-07-31
fast_reentry_exit-fee0.002,2025-09-01,588000,sell,390500.0,1.419,554119.5,1108.239,monthly,2025-08-29
fast_reentry_exit-fee0.002,2025-09-01,562590,sell,2500.0,1.332,3330.0,6.66,monthly,2025-08-29
fast_reentry_exit-fee0.002,2025-09-01,512400,buy,328200.0,1.516,497551.2,995.1024,monthly,2025-08-29
fast_reentry_exit-fee0.002,2025-09-01,518850,buy,7600.0,7.59,57684.0,115.36800000000001,monthly,2025-08-29
fast_reentry_exit-fee0.002,2025-10-09,512400,sell,328200.0,1.75,574350.0,1148.7,monthly,2025-09-30
fast_reentry_exit-fee0.002,2025-10-09,562590,sell,375000.0,1.658,621750.0,1243.5,monthly,2025-09-30
fast_reentry_exit-fee0.002,2025-10-09,515130,buy,392200.0,1.508,591437.6,1182.8752,monthly,2025-09-30
fast_reentry_exit-fee0.002,2025-10-09,518850,buy,1500.0,8.81,13215.0,26.43,monthly,2025-09-30
fast_reentry_exit-fee0.002,2025-10-09,515170,buy,1018000.0,0.581,591458.0,1182.916,monthly,2025-09-30
fast_reentry_exit-fee0.002,2025-10-10,515170,sell,1018000.0,0.578,588404.0,1176.808,stop,2025-10-09
fast_reentry_exit-fee0.002,2025-10-15,515170,buy,1005200.0,0.583,586031.6,1172.0632,fast_reentry,2025-10-14
fast_reentry_exit-fee0.002,2025-10-21,515170,sell,1005200.0,0.583,586031.6,1172.0632,stop,2025-10-20
fast_reentry_exit-fee0.002,2025-10-22,515170,buy,1001100.0,0.583,583641.2999999999,1167.2825999999998,fast_reentry,2025-10-21
fast_reentry_exit-fee0.002,2025-10-23,515170,sell,1001100.0,0.579,579636.8999999999,1159.2738,stop,2025-10-22
fast_reentry_exit-fee0.002,2025-10-24,515170,buy,991900.0,0.582,577285.7999999999,1154.5716,fast_reentry,2025-10-23
fast_reentry_exit-fee0.002,2025-10-27,515170,sell,991900.0,0.576,571334.3999999999,1142.6688,stop,2025-10-24
fast_reentry_exit-fee0.002,2025-11-03,515130,sell,392200.0,1.511,592614.2,1185.2284,monthly,2025-10-31
fast_reentry_exit-fee0.002,2025-11-03,518850,sell,67200.0,8.814,592300.8,1184.6016000000002,monthly,2025-10-31
fast_reentry_exit-fee0.002,2025-11-03,515300,buy,436000.0,1.338,583368.0,1166.736,monthly,2025-10-31
fast_reentry_exit-fee0.002,2025-11-03,512890,buy,490600.0,1.189,583323.4,1166.6468,monthly,2025-10-31
fast_reentry_exit-fee0.002,2025-11-03,513870,buy,317400.0,1.838,583381.2000000001,1166.7624,monthly,2025-10-31
fast_reentry_exit-fee0.002,2025-12-01,515300,sell,436000.0,1.34,584240.0,1168.48,monthly,2025-11-28
fast_reentry_exit-fee0.002,2025-12-01,512890,sell,490600.0,1.204,590682.4,1181.3648,monthly,2025-11-28
fast_reentry_exit-fee0.002,2025-12-01,513870,sell,317400.0,1.816,576398.4,1152.7968,monthly,2025-11-28
fast_reentry_exit-fee0.002,2025-12-01,515050,buy,284200.0,2.046,581473.2,1162.9464,monthly,2025-11-28
fast_reentry_exit-fee0.002,2025-12-01,588000,buy,416800.0,1.395,581436.0,1162.872,monthly,2025-11-28
fast_reentry_exit-fee0.002,2025-12-01,515880,buy,215600.0,2.697,581473.2000000001,1162.9464000000003,monthly,2025-11-28
fast_reentry_exit-fee0.002,2026-01-05,515050,sell,4200.0,2.286,9601.2,19.2024,monthly,2025-12-31
fast_reentry_exit-fee0.002,2026-01-05,588000,sell,416800.0,1.433,597274.4,1194.5488,monthly,2025-12-31
fast_reentry_exit-fee0.002,2026-01-05,515880,sell,10800.0,3.125,33750.0,67.5,monthly,2025-12-31
fast_reentry_exit-fee0.002,2026-01-05,512400,buy,326200.0,1.956,638047.2,1276.0944,monthly,2025-12-31
fast_reentry_exit-fee0.002,2026-02-02,512400,sell,326200.0,2.105,686651.0,1373.3020000000001,monthly,2026-01-30
fast_reentry_exit-fee0.002,2026-02-02,515050,buy,3700.0,2.38,8806.0,17.612000000000002,monthly,2026-01-30
fast_reentry_exit-fee0.002,2026-02-02,516220,buy,676400.0,0.995,673018.0,1346.036,monthly,2026-01-30
fast_reentry_exit-fee0.002,2026-02-02,515880,buy,500.0,3.287,1643.5,3.287,monthly,2026-01-30
fast_reentry_exit-fee0.002,2026-03-02,516220,sell,676400.0,1.084,733217.6000000001,1466.4352000000001,monthly,2026-02-27
fast_reentry_exit-fee0.002,2026-03-02,515050,buy,6200.0,2.376,14731.199999999999,29.4624,monthly,2026-02-27
fast_reentry_exit-fee0.002,2026-03-02,515880,buy,27400.0,1.071,29345.399999999998,58.690799999999996,monthly,2026-02-27
fast_reentry_exit-fee0.002,2026-03-02,562590,buy,349500.0,1.964,686418.0,1372.836,monthly,2026-02-27
fast_reentry_exit-fee0.002,2026-04-01,515050,sell,289900.0,2.375,688512.5,1377.025,monthly,2026-03-31
fast_reentry_exit-fee0.002,2026-04-01,515880,sell,31900.0,1.099,35058.1,70.11619999999999,monthly,2026-03-31
fast_reentry_exit-fee0.002,2026-04-01,588000,buy,494300.0,1.354,669282.2000000001,1338.5644000000002,monthly,2026-03-31
fast_reentry_exit-fee0.002,2026-04-01,562590,buy,29100.0,1.774,51623.4,103.24680000000001,monthly,2026-03-31
fast_reentry_exit-fee0.002,2026-04-03,588000,sell,494300.0,1.335,659890.5,1319.781,stop,2026-04-02
fast_reentry_exit-fee0.002,2026-04-09,588000,buy,466800.0,1.408,657254.3999999999,1314.5087999999998,fast_reentry,2026-04-08
fast_reentry_exit-fee0.002,2026-05-06,588000,sell,466800.0,1.719,802429.2000000001,1604.8584,monthly,2026-04-30
fast_reentry_exit-fee0.002,2026-05-06,515880,sell,2600.0,1.344,3494.4,6.9888,monthly,2026-04-30
fast_reentry_exit-fee0.002,2026-05-06,562590,sell,5700.0,2.194,12505.8,25.011599999999998,monthly,2026-04-30
fast_reentry_exit-fee0.002,2026-05-06,516220,buy,773500.0,1.054,815269.0,1630.538,monthly,2026-04-30
fast_reentry_exit-fee0.002,2026-06-01,516220,sell,773500.0,0.905,700017.5,1400.035,monthly,2026-05-29
fast_reentry_exit-fee0.002,2026-06-01,515880,sell,59900.0,1.577,94462.3,188.9246,monthly,2026-05-29
fast_reentry_exit-fee0.002,2026-06-01,562590,sell,372900.0,2.513,937097.7,1874.1953999999998,monthly,2026-05-29
fast_reentry_exit-fee0.002,2026-06-01,515050,buy,722200.0,1.194,862306.7999999999,1724.6136,monthly,2026-05-29
fast_reentry_exit-fee0.002,2026-06-01,515130,buy,533300.0,1.617,862346.1,1724.6922,monthly,2026-05-29
no_exit_75-fee0.002,2020-12-01,510300,buy,49600.0,5.027,249339.2,498.6784,monthly,2020-11-30
no_exit_75-fee0.002,2020-12-01,512400,buy,263100.0,0.948,249418.8,498.8376,monthly,2020-11-30
no_exit_75-fee0.002,2020-12-01,515050,buy,204500.0,1.22,249490.0,498.98,monthly,2020-11-30
no_exit_75-fee0.002,2021-01-04,510300,sell,1000.0,5.28,5280.0,10.56,monthly,2020-12-31
no_exit_75-fee0.002,2021-01-04,512400,sell,263100.0,1.033,271782.3,543.5646,monthly,2020-12-31
no_exit_75-fee0.002,2021-01-04,515050,buy,11700.0,1.187,13887.900000000001,27.775800000000004,monthly,2020-12-31
no_exit_75-fee0.002,2021-01-04,512890,buy,192400.0,1.331,256084.4,512.1688,monthly,2020-12-31
no_exit_75-fee0.002,2021-02-01,510300,sell,1100.0,5.348,5882.8,11.765600000000001,monthly,2021-01-29
no_exit_75-fee0.002,2021-02-01,515050,buy,4300.0,1.152,4953.599999999999,9.9072,monthly,2021-01-29
no_exit_75-fee0.002,2021-02-01,512890,buy,4800.0,1.288,6182.400000000001,12.3648,monthly,2021-01-29
no_exit_75-fee0.002,2021-03-01,515050,sell,220500.0,1.126,248282.99999999997,496.566,monthly,2021-02-26
no_exit_75-fee0.002,2021-03-01,512890,sell,9600.0,1.37,13152.000000000002,26.304000000000006,monthly,2021-02-26
no_exit_75-fee0.002,2021-03-01,510300,buy,200.0,5.381,1076.2,2.1524,monthly,2021-02-26
no_exit_75-fee0.002,2021-03-01,515300,buy,227000.0,1.13,256509.99999999997,513.02,monthly,2021-02-26
no_exit_75-fee0.002,2021-04-01,515300,sell,227000.0,1.165,264455.0,528.91,monthly,2021-03-31
no_exit_75-fee0.002,2021-04-01,512890,sell,6300.0,1.419,8939.7,17.8794,monthly,2021-03-31
no_exit_75-fee0.002,2021-04-01,510300,buy,3100.0,5.056,15673.6,31.3472,monthly,2021-03-31
no_exit_75-fee0.002,2021-04-01,512400,buy,253400.0,1.013,256694.19999999998,513.3883999999999,monthly,2021-03-31
no_exit_75-fee0.002,2021-05-06,512400,sell,16000.0,1.116,17856.0,35.712,monthly,2021-04-30
no_exit_75-fee0.002,2021-05-06,510300,buy,1000.0,5.109,5109.0,10.218,monthly,2021-04-30
no_exit_75-fee0.002,2021-05-06,512890,buy,3100.0,1.437,4454.7,8.9094,monthly,2021-04-30
no_exit_75-fee0.002,2021-06-01,512400,sell,4900.0,1.191,5835.900000000001,11.671800000000001,monthly,2021-05-31
no_exit_75-fee0.002,2021-06-01,512890,sell,4300.0,1.537,6609.099999999999,13.2182,monthly,2021-05-31
no_exit_75-fee0.002,2021-06-01,510300,buy,100.0,5.333,533.3000000000001,1.0666000000000002,monthly,2021-05-31
no_exit_75-fee0.002,2021-07-01,510300,sell,51900.0,5.273,273668.7,547.3374,monthly,2021-06-30
no_exit_75-fee0.002,2021-07-01,512400,buy,7000.0,1.131,7917.0,15.834,monthly,2021-06-30
no_exit_75-fee0.002,2021-07-01,515130,buy,178100.0,1.518,270355.8,540.7116,monthly,2021-06-30
no_exit_75-fee0.002,2021-07-01,512890,buy,600.0,1.499,899.4000000000001,1.7988000000000002,monthly,2021-06-30
no_exit_75-fee0.002,2021-08-02,512400,sell,239500.0,1.457,348951.5,697.903,monthly,2021-07-30
no_exit_75-fee0.002,2021-08-02,510300,buy,57900.0,4.856,281162.39999999997,562.3248,monthly,2021-07-30
no_exit_75-fee0.002,2021-08-02,515130,buy,21800.0,1.41,30738.0,61.476,monthly,2021-07-30
no_exit_75-fee0.002,2021-08-02,512890,buy,17400.0,1.423,24760.2,49.5204,monthly,2021-07-30
no_exit_75-fee0.002,2021-09-01,512890,sell,198100.0,1.593,315573.3,631.1466,monthly,2021-08-31
no_exit_75-fee0.002,2021-09-01,510300,buy,1600.0,4.88,7808.0,15.616,monthly,2021-08-31
no_exit_75-fee0.002,2021-09-01,512400,buy,173000.0,1.676,289948.0,579.896,monthly,2021-08-31
no_exit_75-fee0.002,2021-09-01,515130,buy,5700.0,1.413,8054.1,16.1082,monthly,2021-08-31
no_exit_75-fee0.002,2021-10-08,510300,sell,3100.0,4.978,15431.8,30.863599999999998,monthly,2021-09-30
no_exit_75-fee0.002,2021-10-08,512400,sell,173000.0,1.407,243411.0,486.822,monthly,2021-09-30
no_exit_75-fee0.002,2021-10-08,515130,sell,9200.0,1.43,13156.0,26.312,monthly,2021-09-30
no_exit_75-fee0.002,2021-10-08,515050,buy,255800.0,1.096,280356.80000000005,560.7136000000002,monthly,2021-09-30
no_exit_75-fee0.002,2021-11-01,510300,sell,56400.0,4.957,279574.8,559.1496,monthly,2021-10-29
no_exit_75-fee0.002,2021-11-01,515050,sell,255800.0,1.116,285472.80000000005,570.9456000000001,monthly,2021-10-29
no_exit_75-fee0.002,2021-11-01,515130,sell,700.0,1.442,1009.4,2.0188,monthly,2021-10-29
no_exit_75-fee0.002,2021-11-01,512400,buy,204700.0,1.376,281667.19999999995,563.3344,monthly,2021-10-29
no_exit_75-fee0.002,2021-11-01,515300,buy,244900.0,1.15,281635.0,563.27,monthly,2021-10-29
no_exit_75-fee0.002,2021-12-01,512400,sell,9700.0,1.452,14084.4,28.1688,monthly,2021-11-30
no_exit_75-fee0.002,2021-12-01,515300,sell,244900.0,1.123,275022.7,550.0454000000001,monthly,2021-11-30
no_exit_75-fee0.002,2021-12-01,515130,buy,2500.0,1.429,3572.5,7.1450000000000005,monthly,2021-11-30
no_exit_75-fee0.002,2021-12-01,512890,buy,377400.0,0.749,282672.6,565.3452,monthly,2021-11-30
no_exit_75-fee0.002,2022-01-04,515130,sell,198200.0,1.465,290363.0,580.726,monthly,2021-12-31
no_exit_75-fee0.002,2022-01-04,512890,sell,19700.0,0.795,15661.5,31.323,monthly,2021-12-31
no_exit_75-fee0.002,2022-01-04,512400,buy,14700.0,1.356,19933.2,39.866400000000006,monthly,2021-12-31
no_exit_75-fee0.002,2022-01-04,515880,buy,251400.0,1.129,283830.6,567.6612,monthly,2021-12-31
no_exit_75-fee0.002,2022-02-07,512890,sell,15600.0,0.791,12339.6,24.6792,monthly,2022-01-28
no_exit_75-fee0.002,2022-02-07,515880,sell,251400.0,1.025,257684.99999999997,515.37,monthly,2022-01-28
no_exit_75-fee0.002,2022-02-07,512400,buy,10300.0,1.23,12669.0,25.338,monthly,2022-01-28
no_exit_75-fee0.002,2022-02-07,515300,buy,229000.0,1.179,269991.0,539.982,monthly,2022-01-28
no_exit_75-fee0.002,2022-03-01,512400,sell,21500.0,1.431,30766.5,61.533,monthly,2022-02-28
no_exit_75-fee0.002,2022-03-01,512890,sell,342100.0,0.818,279837.8,559.6756,monthly,2022-02-28
no_exit_75-fee0.002,2022-03-01,515300,buy,10600.0,1.185,12561.0,25.122,monthly,2022-02-28
no_exit_75-fee0.002,2022-03-01,515880,buy,269900.0,1.05,283395.0,566.79,monthly,2022-02-28
no_exit_75-fee0.002,2022-04-01,515300,sell,239600.0,1.195,286322.0,572.644,monthly,2022-03-31
no_exit_75-fee0.002,2022-04-01,515880,sell,269900.0,0.903,243719.7,487.43940000000003,monthly,2022-03-31
no_exit_75-fee0.002,2022-04-01,512400,buy,442400.0,1.238,547691.2,1095.3824,monthly,2022-03-31
no_exit_75-fee0.002,2022-05-05,512400,sell,640900.0,1.1,704990.0,1409.98,monthly,2022-04-29
no_exit_75-fee0.002,2022-05-05,515300,buy,206400.0,1.171,241694.4,483.3888,monthly,2022-04-29
no_exit_75-fee0.002,2022-05-05,518850,buy,60600.0,3.984,241430.4,482.8608,monthly,2022-04-29
no_exit_75-fee0.002,2022-05-05,515170,buy,333800.0,0.724,241671.19999999998,483.3424,monthly,2022-04-29
no_exit_75-fee0.002,2022-06-01,515170,sell,333800.0,0.739,246678.19999999998,493.35639999999995,monthly,2022-05-31
no_exit_75-fee0.002,2022-06-01,515300,buy,3500.0,1.145,4007.5,8.015,monthly,2022-05-31
no_exit_75-fee0.002,2022-06-01,518850,buy,700.0,3.915,2740.5,5.481,monthly,2022-05-31
no_exit_75-fee0.002,2022-06-01,512890,buy,285500.0,0.84,239820.0,479.64,monthly,2022-05-31
no_exit_75-fee0.002,2022-07-01,515300,sell,209900.0,1.178,247262.19999999998,494.52439999999996,monthly,2022-06-30
no_exit_75-fee0.002,2022-07-01,512890,sell,1500.0,0.85,1275.0,2.5500000000000003,monthly,2022-06-30
no_exit_75-fee0.002,2022-07-01,512400,buy,183300.0,1.314,240856.2,481.71240000000006,monthly,2022-06-30
no_exit_75-fee0.002,2022-07-01,518850,buy,1500.0,3.842,5763.0,11.526,monthly,2022-06-30
no_exit_75-fee0.002,2022-08-01,512400,sell,183300.0,1.255,230041.49999999997,460.08299999999997,monthly,2022-07-29
no_exit_75-fee0.002,2022-08-01,518850,sell,700.0,3.785,2649.5,5.299,monthly,2022-07-29
no_exit_75-fee0.002,2022-08-01,515300,buy,205900.0,1.14,234725.99999999997,469.45199999999994,monthly,2022-07-29
no_exit_75-fee0.002,2022-08-01,512890,buy,3900.0,0.817,3186.2999999999997,6.372599999999999,monthly,2022-07-29
no_exit_75-fee0.002,2022-09-01,512890,sell,7500.0,0.848,6360.0,12.72,monthly,2022-08-31
no_exit_75-fee0.002,2022-09-01,515300,buy,500.0,1.152,576.0,1.1520000000000001,monthly,2022-08-31
no_exit_75-fee0.002,2022-09-01,518850,buy,700.0,3.781,2646.7000000000003,5.293400000000001,monthly,2022-08-31
no_exit_75-fee0.002,2022-10-10,515300,sell,206400.0,1.117,230548.8,461.0976,monthly,2022-09-30
no_exit_75-fee0.002,2022-10-10,518850,sell,1300.0,3.832,4981.599999999999,9.963199999999999,monthly,2022-09-30
no_exit_75-fee0.002,2022-10-10,515170,buy,318900.0,0.738,235348.19999999998,470.6964,monthly,2022-09-30
no_exit_75-fee0.002,2022-10-10,512890,buy,2000.0,0.835,1670.0,3.34,monthly,2022-09-30
no_exit_75-fee0.002,2022-11-01,518850,sell,4500.0,3.842,17289.0,34.578,monthly,2022-10-31
no_exit_75-fee0.002,2022-11-01,515170,sell,318900.0,0.587,187194.3,374.3886,monthly,2022-10-31
no_exit_75-fee0.002,2022-11-01,515300,buy,205300.0,1.066,218849.80000000002,437.69960000000003,monthly,2022-10-31
no_exit_75-fee0.002,2022-11-01,512890,buy,1600.0,0.772,1235.2,2.4704,monthly,2022-10-31
no_exit_75-fee0.002,2022-12-01,515300,sell,8400.0,1.186,9962.4,19.9248,monthly,2022-11-30
no_exit_75-fee0.002,2022-12-01,512890,sell,13100.0,0.862,11292.2,22.584400000000002,monthly,2022-11-30
no_exit_75-fee0.002,2022-12-01,518850,buy,1700.0,3.977,6760.9,13.521799999999999,monthly,2022-11-30
no_exit_75-fee0.002,2023-01-03,518850,sell,1400.0,4.01,5614.0,11.228,monthly,2022-12-30
no_exit_75-fee0.002,2023-01-03,515300,buy,1100.0,1.161,1277.1000000000001,2.5542000000000002,monthly,2022-12-30
no_exit_75-fee0.002,2023-01-03,512890,buy,9700.0,0.819,7944.299999999999,15.888599999999999,monthly,2022-12-30
no_exit_75-fee0.002,2023-02-01,515300,sell,2200.0,1.202,2644.4,5.2888,monthly,2023-01-31
no_exit_75-fee0.002,2023-02-01,518850,sell,300.0,4.125,1237.5,2.475,monthly,2023-01-31
no_exit_75-fee0.002,2023-02-01,512890,sell,2100.0,0.845,1774.5,3.549,monthly,2023-01-31
no_exit_75-fee0.002,2023-03-01,515300,sell,195800.0,1.218,238484.4,476.9688,monthly,2023-02-28
no_exit_75-fee0.002,2023-03-01,512890,sell,7000.0,0.873,6111.0,12.222,monthly,2023-02-28
no_exit_75-fee0.002,2023-03-01,518850,buy,1500.0,4.052,6077.999999999999,12.155999999999999,monthly,2023-02-28
no_exit_75-fee0.002,2023-03-01,515170,buy,291700.0,0.811,236568.7,473.1374,monthly,2023-02-28
no_exit_75-fee0.002,2023-04-03,518850,sell,58500.0,4.274,250029.0,500.058,monthly,2023-03-31
no_exit_75-fee0.002,2023-04-03,512890,sell,2000.0,0.889,1778.0,3.556,monthly,2023-03-31
no_exit_75-fee0.002,2023-04-03,515300,buy,188700.0,1.267,239082.9,478.1658,monthly,2023-03-31
no_exit_75-fee0.002,2023-04-03,515170,buy,11600.0,0.79,9164.0,18.328,monthly,2023-03-31
no_exit_75-fee0.002,2023-05-04,515300,sell,7200.0,1.345,9684.0,19.368000000000002,monthly,2023-04-28
no_exit_75-fee0.002,2023-05-04,512890,sell,269500.0,0.961,258989.5,517.979,monthly,2023-04-28
no_exit_75-fee0.002,2023-05-04,518850,buy,55300.0,4.4,243320.00000000003,486.64000000000004,monthly,2023-04-28
no_exit_75-fee0.002,2023-05-04,515170,buy,26500.0,0.74,19610.0,39.22,monthly,2023-04-28
no_exit_75-fee0.002,2023-06-01,515300,sell,181500.0,1.345,244117.5,488.235,monthly,2023-05-31
no_exit_75-fee0.002,2023-06-01,518850,sell,1300.0,4.403,5723.9,11.447799999999999,monthly,2023-05-31
no_exit_75-fee0.002,2023-06-01,515050,buy,247300.0,0.961,237655.3,475.31059999999997,monthly,2023-05-31
no_exit_75-fee0.002,2023-06-01,515170,buy,25500.0,0.67,17085.0,34.17,monthly,2023-05-31
no_exit_75-fee0.002,2023-07-03,515050,sell,247300.0,1.07,264611.0,529.222,monthly,2023-06-30
no_exit_75-fee0.002,2023-07-03,515170,sell,355300.0,0.679,241248.7,482.4974,monthly,2023-06-30
no_exit_75-fee0.002,2023-07-03,515300,buy,183400.0,1.333,244472.19999999998,488.9444,monthly,2023-06-30
no_exit_75-fee0.002,2023-07-03,518850,buy,2000.0,4.375,8750.0,17.5,monthly,2023-06-30
no_exit_75-fee0.002,2023-07-03,512890,buy,268100.0,0.912,244507.2,489.0144,monthly,2023-06-30
no_exit_75-fee0.002,2023-08-01,515300,sell,5600.0,1.427,7991.2,15.9824,monthly,2023-07-31
no_exit_75-fee0.002,2023-08-01,512890,sell,268100.0,0.969,259788.9,519.5778,monthly,2023-07-31
no_exit_75-fee0.002,2023-08-01,515050,buy,250200.0,1.012,253202.4,506.4048,monthly,2023-07-31
no_exit_75-fee0.002,2023-08-01,518850,buy,900.0,4.452,4006.8,8.0136,monthly,2023-07-31
no_exit_75-fee0.002,2023-09-01,515050,sell,250200.0,0.956,239191.19999999998,478.38239999999996,monthly,2023-08-31
no_exit_75-fee0.002,2023-09-01,518850,sell,1900.0,4.509,8567.1,17.1342,monthly,2023-08-31
no_exit_75-fee0.002,2023-09-01,515300,buy,3600.0,1.368,4924.8,9.8496,monthly,2023-08-31
no_exit_75-fee0.002,2023-09-01,512890,buy,265700.0,0.932,247632.40000000002,495.26480000000004,monthly,2023-08-31
no_exit_75-fee0.002,2023-10-09,515300,sell,800.0,1.378,1102.3999999999999,2.2047999999999996,monthly,2023-09-28
no_exit_75-fee0.002,2023-10-09,512890,sell,265700.0,0.948,251883.59999999998,503.76719999999995,monthly,2023-09-28
no_exit_75-fee0.002,2023-10-09,518850,buy,600.0,4.476,2685.6,5.3712,monthly,2023-09-28
no_exit_75-fee0.002,2023-10-09,515880,buy,224000.0,1.109,248416.0,496.832,monthly,2023-09-28
no_exit_75-fee0.002,2023-11-01,518850,sell,3000.0,4.615,13845.0,27.69,monthly,2023-10-31
no_exit_75-fee0.002,2023-11-01,515880,buy,18800.0,1.001,18818.8,37.6376,monthly,2023-10-31
no_exit_75-fee0.002,2023-12-01,515880,sell,242800.0,1.016,246684.80000000002,493.36960000000005,monthly,2023-11-30
no_exit_75-fee0.002,2023-12-01,515300,buy,700.0,1.346,942.2,1.8844,monthly,2023-11-30
no_exit_75-fee0.002,2023-12-01,518850,buy,200.0,4.622,924.4,1.8488,monthly,2023-11-30
no_exit_75-fee0.002,2023-12-01,512890,buy,264800.0,0.92,243616.0,487.232,monthly,2023-11-30
no_exit_75-fee0.002,2024-01-02,518850,sell,700.0,4.664,3264.7999999999997,6.529599999999999,monthly,2023-12-29
no_exit_75-fee0.002,2024-01-02,512890,sell,264800.0,0.913,241762.40000000002,483.5248000000001,monthly,2023-12-29
no_exit_75-fee0.002,2024-01-02,515300,buy,10600.0,1.268,13440.8,26.8816,monthly,2023-12-29
no_exit_75-fee0.002,2024-01-02,515880,buy,235400.0,1.032,242932.80000000002,485.86560000000003,monthly,2023-12-29
no_exit_75-fee0.002,2024-02-01,515300,sell,13900.0,1.32,18348.0,36.696,monthly,2024-01-31
no_exit_75-fee0.002,2024-02-01,518850,sell,1900.0,4.678,8888.2,17.776400000000002,monthly,2024-01-31
no_exit_75-fee0.002,2024-02-01,515880,sell,235400.0,0.848,199619.19999999998,399.23839999999996,monthly,2024-01-31
no_exit_75-fee0.002,2024-02-01,588000,buy,327600.0,0.716,234561.59999999998,469.12319999999994,monthly,2024-01-31
no_exit_75-fee0.002,2024-03-01,588000,sell,327600.0,0.85,278460.0,556.92,monthly,2024-02-29
no_exit_75-fee0.002,2024-03-01,515300,buy,2200.0,1.378,3031.6,6.0632,monthly,2024-02-29
no_exit_75-fee0.002,2024-03-01,518850,buy,2800.0,4.684,13115.2,26.230400000000003,monthly,2024-02-29
no_exit_75-fee0.002,2024-03-01,512890,buy,247700.0,1.001,247947.69999999998,495.8954,monthly,2024-02-29
no_exit_75-fee0.002,2024-04-01,518850,sell,53000.0,5.2,275600.0,551.2,monthly,2024-03-29
no_exit_75-fee0.002,2024-04-01,515300,buy,4400.0,1.388,6107.2,12.2144,monthly,2024-03-29
no_exit_75-fee0.002,2024-04-01,512890,buy,5000.0,1.014,5070.0,10.14,monthly,2024-03-29
no_exit_75-fee0.002,2024-04-01,515880,buy,220400.0,1.16,255663.99999999997,511.328,monthly,2024-03-29
no_exit_75-fee0.002,2024-05-06,515300,sell,2700.0,1.447,3906.9,7.8138000000000005,monthly,2024-04-30
no_exit_75-fee0.002,2024-05-06,512890,sell,100.0,1.042,104.2,0.2084,monthly,2024-04-30
no_exit_75-fee0.002,2024-05-06,515880,sell,220400.0,1.211,266904.4,533.8088,monthly,2024-04-30
no_exit_75-fee0.002,2024-05-06,515130,buy,234600.0,1.12,262752.0,525.504,monthly,2024-04-30
no_exit_75-fee0.002,2024-06-03,515130,sell,234600.0,1.103,258763.8,517.5276,monthly,2024-05-31
no_exit_75-fee0.002,2024-06-03,515300,sell,200.0,1.459,291.8,0.5836,monthly,2024-05-31
no_exit_75-fee0.002,2024-06-03,512890,sell,8000.0,1.084,8672.0,17.344,monthly,2024-05-31
no_exit_75-fee0.002,2024-06-03,515880,buy,238000.0,1.112,264656.0,529.312,monthly,2024-05-31
no_exit_75-fee0.002,2024-07-01,515880,sell,238000.0,1.175,279650.0,559.3000000000001,monthly,2024-06-28
no_exit_75-fee0.002,2024-07-01,515300,buy,11200.0,1.383,15489.6,30.979200000000002,monthly,2024-06-28
no_exit_75-fee0.002,2024-07-01,159652,buy,308600.0,0.863,266321.8,532.6436,monthly,2024-06-28
no_exit_75-fee0.002,2024-07-01,512890,buy,7600.0,1.058,8040.8,16.0816,monthly,2024-06-28
no_exit_75-fee0.002,2024-08-01,515300,sell,3200.0,1.388,4441.599999999999,8.883199999999999,monthly,2024-07-31
no_exit_75-fee0.002,2024-08-01,159652,sell,308600.0,0.846,261075.6,522.1512,monthly,2024-07-31
no_exit_75-fee0.002,2024-08-01,512890,buy,5200.0,1.023,5319.599999999999,10.639199999999999,monthly,2024-07-31
no_exit_75-fee0.002,2024-08-01,515880,buy,226900.0,1.158,262750.19999999995,525.5003999999999,monthly,2024-07-31
no_exit_75-fee0.002,2024-09-02,515300,sell,2100.0,1.343,2820.2999999999997,5.640599999999999,monthly,2024-08-30
no_exit_75-fee0.002,2024-09-02,512890,sell,5900.0,1.002,5911.8,11.8236,monthly,2024-08-30
no_exit_75-fee0.002,2024-09-02,515880,sell,226900.0,1.025,232572.49999999997,465.1449999999999,monthly,2024-08-30
no_exit_75-fee0.002,2024-09-02,518850,buy,45600.0,5.512,251347.19999999998,502.6944,monthly,2024-08-30
no_exit_75-fee0.002,2024-10-08,515300,sell,187600.0,1.611,302223.6,604.4472,monthly,2024-09-30
no_exit_75-fee0.002,2024-10-08,512890,sell,251500.0,1.222,307333.0,614.666,monthly,2024-09-30
no_exit_75-fee0.002,2024-10-08,518850,buy,102700.0,5.73,588471.0,1176.942,monthly,2024-09-30
no_exit_75-fee0.002,2024-11-01,518850,sell,1900.0,6.022,11441.800000000001,22.8836,monthly,2024-10-31
no_exit_75-fee0.002,2024-12-02,518850,sell,146400.0,5.896,863174.4,1726.3488,monthly,2024-11-29
no_exit_75-fee0.002,2024-12-02,515300,buy,207900.0,1.389,288773.1,577.5462,monthly,2024-11-29
no_exit_75-fee0.002,2024-12-02,159652,buy,322300.0,0.896,288780.8,577.5616,monthly,2024-11-29
no_exit_75-fee0.002,2024-12-02,512890,buy,265600.0,1.087,288707.2,577.4144,monthly,2024-11-29
no_exit_75-fee0.002,2025-01-02,515300,sell,207900.0,1.399,290852.1,581.7042,monthly,2024-12-31
no_exit_75-fee0.002,2025-01-02,159652,sell,322300.0,0.855,275566.5,551.133,monthly,2024-12-31
no_exit_75-fee0.002,2025-01-02,512890,sell,265600.0,1.121,297737.6,595.4752,monthly,2024-12-31
no_exit_75-fee0.002,2025-01-02,518850,buy,48500.0,5.994,290709.0,581.418,monthly,2024-12-31
no_exit_75-fee0.002,2025-01-02,515880,buy,215000.0,1.352,290680.0,581.36,monthly,2024-12-31
no_exit_75-fee0.002,2025-01-02,562590,buy,276800.0,1.05,290640.0,581.28,monthly,2024-12-31
no_exit_75-fee0.002,2025-02-05,518850,sell,2600.0,6.424,16702.4,33.4048,monthly,2025-01-27
no_exit_75-fee0.002,2025-02-05,515880,sell,215000.0,1.353,290895.0,581.79,monthly,2025-01-27
no_exit_75-fee0.002,2025-02-05,562590,sell,276800.0,1.046,289532.8,579.0656,monthly,2025-01-27
no_exit_75-fee0.002,2025-02-05,588000,buy,283700.0,1.039,294764.3,589.5286,monthly,2025-01-27
no_exit_75-fee0.002,2025-02-05,513870,buy,195300.0,1.509,294707.69999999995,589.4153999999999,monthly,2025-01-27
no_exit_75-fee0.002,2025-03-03,518850,sell,45900.0,6.48,297432.0,594.864,monthly,2025-02-28
no_exit_75-fee0.002,2025-03-03,588000,sell,283700.0,1.133,321432.1,642.8642,monthly,2025-02-28
no_exit_75-fee0.002,2025-03-03,159652,buy,341900.0,0.872,298136.8,596.2736,monthly,2025-02-28
no_exit_75-fee0.002,2025-03-03,513870,buy,12000.0,1.441,17292.0,34.584,monthly,2025-02-28
no_exit_75-fee0.002,2025-03-03,562590,buy,263200.0,1.133,298205.6,596.4112,monthly,2025-02-28
no_exit_75-fee0.002,2025-04-01,159652,sell,341900.0,0.941,321727.89999999997,643.4558,monthly,2025-03-31
no_exit_75-fee0.002,2025-04-01,513870,sell,207300.0,1.325,274672.5,549.345,monthly,2025-03-31
no_exit_75-fee0.002,2025-04-01,518850,buy,41500.0,7.096,294484.0,588.968,monthly,2025-03-31
no_exit_75-fee0.002,2025-04-01,588000,buy,273000.0,1.079,294567.0,589.134,monthly,2025-03-31
no_exit_75-fee0.002,2025-04-01,562590,buy,7800.0,1.089,8494.199999999999,16.9884,monthly,2025-03-31
no_exit_75-fee0.002,2025-05-06,518850,sell,41500.0,7.64,317060.0,634.12,monthly,2025-04-30
no_exit_75-fee0.002,2025-05-06,588000,sell,273000.0,1.067,291291.0,582.582,monthly,2025-04-30
no_exit_75-fee0.002,2025-05-06,515170,buy,762000.0,0.589,448818.0,897.636,monthly,2025-04-30
no_exit_75-fee0.002,2025-05-06,562590,buy,139400.0,1.095,152643.0,305.286,monthly,2025-04-30
no_exit_75-fee0.002,2025-06-03,515170,sell,762000.0,0.585,445770.0,891.54,monthly,2025-05-30
no_exit_75-fee0.002,2025-06-03,562590,sell,129900.0,1.046,135875.4,271.75079999999997,monthly,2025-05-30
no_exit_75-fee0.002,2025-06-03,515300,buy,210000.0,1.394,292740.0,585.48,monthly,2025-05-30
no_exit_75-fee0.002,2025-06-03,588000,buy,284800.0,1.028,292774.4,585.5488,monthly,2025-05-30
no_exit_75-fee0.002,2025-07-01,515300,sell,210000.0,1.379,289590.0,579.1800000000001,monthly,2025-06-30
no_exit_75-fee0.002,2025-07-01,588000,sell,800.0,1.055,844.0,1.688,monthly,2025-06-30
no_exit_75-fee0.002,2025-07-01,562590,sell,10400.0,1.109,11533.6,23.0672,monthly,2025-06-30
no_exit_75-fee0.002,2025-07-01,518850,buy,40400.0,7.393,298677.2,597.3544,monthly,2025-06-30
no_exit_75-fee0.002,2025-08-01,588000,sell,7400.0,1.101,8147.4,16.2948,monthly,2025-07-31
no_exit_75-fee0.002,2025-08-01,562590,sell,2700.0,1.139,3075.3,6.150600000000001,monthly,2025-07-31
no_exit_75-fee0.002,2025-08-01,518850,buy,800.0,7.388,5910.4,11.8208,monthly,2025-07-31
no_exit_75-fee0.002,2025-09-01,588000,sell,276600.0,1.419,392495.4,784.9908,monthly,2025-08-29
no_exit_75-fee0.002,2025-09-01,562590,sell,11000.0,1.332,14652.0,29.304000000000002,monthly,2025-08-29
no_exit_75-fee0.002,2025-09-01,512400,buy,224800.0,1.516,340796.8,681.5936,monthly,2025-08-29
no_exit_75-fee0.002,2025-09-01,518850,buy,3700.0,7.59,28083.0,56.166000000000004,monthly,2025-08-29
no_exit_75-fee0.002,2025-10-09,512400,sell,224800.0,1.75,393400.0,786.8000000000001,monthly,2025-09-30
no_exit_75-fee0.002,2025-10-09,518850,sell,700.0,8.81,6167.0,12.334,monthly,2025-09-30
no_exit_75-fee0.002,2025-10-09,562590,sell,256400.0,1.658,425111.19999999995,850.2223999999999,monthly,2025-09-30
no_exit_75-fee0.002,2025-10-09,515130,buy,257900.0,1.508,388913.2,777.8264,monthly,2025-09-30
no_exit_75-fee0.002,2025-10-09,515170,buy,669400.0,0.581,388921.39999999997,777.8427999999999,monthly,2025-09-30
no_exit_75-fee0.002,2025-11-03,515130,sell,257900.0,1.511,389686.89999999997,779.3738,monthly,2025-10-31
no_exit_75-fee0.002,2025-11-03,518850,sell,44200.0,8.814,389578.8,779.1576,monthly,2025-10-31
no_exit_75-fee0.002,2025-11-03,515170,sell,669400.0,0.575,384904.99999999994,769.81,monthly,2025-10-31
no_exit_75-fee0.002,2025-11-03,515300,buy,289500.0,1.338,387351.0,774.702,monthly,2025-10-31
no_exit_75-fee0.002,2025-11-03,512890,buy,325800.0,1.189,387376.2,774.7524000000001,monthly,2025-10-31
no_exit_75-fee0.002,2025-11-03,513870,buy,210700.0,1.838,387266.60000000003,774.5332000000001,monthly,2025-10-31
no_exit_75-fee0.002,2025-12-01,515300,sell,289500.0,1.34,387930.0,775.86,monthly,2025-11-28
no_exit_75-fee0.002,2025-12-01,512890,sell,325800.0,1.204,392263.2,784.5264000000001,monthly,2025-11-28
no_exit_75-fee0.002,2025-12-01,513870,sell,210700.0,1.816,382631.2,765.2624000000001,monthly,2025-11-28
no_exit_75-fee0.002,2025-12-01,515050,buy,188800.0,2.046,386284.8,772.5696,monthly,2025-11-28
no_exit_75-fee0.002,2025-12-01,588000,buy,277000.0,1.395,386415.0,772.83,monthly,2025-11-28
no_exit_75-fee0.002,2025-12-01,515880,buy,143200.0,2.697,386210.4,772.4208000000001,monthly,2025-11-28
no_exit_75-fee0.002,2026-01-05,515050,sell,7200.0,2.286,16459.2,32.918400000000005,monthly,2025-12-31
no_exit_75-fee0.002,2026-01-05,588000,sell,277000.0,1.433,396941.0,793.8820000000001,monthly,2025-12-31
no_exit_75-fee0.002,2026-01-05,515880,sell,10300.0,3.125,32187.5,64.375,monthly,2025-12-31
no_exit_75-fee0.002,2026-01-05,512400,buy,211900.0,1.956,414476.39999999997,828.9527999999999,monthly,2025-12-31
no_exit_75-fee0.002,2026-02-02,512400,sell,211900.0,2.105,446049.5,892.099,monthly,2026-01-30
no_exit_75-fee0.002,2026-02-02,515880,sell,1400.0,3.287,4601.8,9.2036,monthly,2026-01-30
no_exit_75-fee0.002,2026-02-02,515050,buy,100.0,2.38,238.0,0.47600000000000003,monthly,2026-01-30
no_exit_75-fee0.002,2026-02-02,516220,buy,433700.0,0.995,431531.5,863.063,monthly,2026-01-30
no_exit_75-fee0.002,2026-03-02,516220,sell,433700.0,1.084,470130.80000000005,940.2616000000002,monthly,2026-02-27
no_exit_75-fee0.002,2026-03-02,515050,buy,3000.0,2.376,7128.0,14.256,monthly,2026-02-27
no_exit_75-fee0.002,2026-03-02,515880,buy,15400.0,1.071,16493.399999999998,32.986799999999995,monthly,2026-02-27
no_exit_75-fee0.002,2026-03-02,562590,buy,223100.0,1.964,438168.39999999997,876.3367999999999,monthly,2026-02-27
no_exit_75-fee0.002,2026-04-01,515050,sell,184700.0,2.375,438662.5,877.325,monthly,2026-03-31
no_exit_75-fee0.002,2026-04-01,515880,sell,18000.0,1.099,19782.0,39.564,monthly,2026-03-31
no_exit_75-fee0.002,2026-04-01,588000,buy,317500.0,1.354,429895.00000000006,859.7900000000002,monthly,2026-03-31
no_exit_75-fee0.002,2026-04-01,562590,buy,19700.0,1.774,34947.8,69.8956,monthly,2026-03-31
no_exit_75-fee0.002,2026-05-06,588000,sell,317500.0,1.719,545782.5,1091.565,monthly,2026-04-30
no_exit_75-fee0.002,2026-05-06,515880,sell,13400.0,1.344,18009.600000000002,36.019200000000005,monthly,2026-04-30
no_exit_75-fee0.002,2026-05-06,562590,sell,10900.0,2.194,23914.6,47.8292,monthly,2026-04-30
no_exit_75-fee0.002,2026-05-06,516220,buy,481700.0,1.054,507711.80000000005,1015.4236000000001,monthly,2026-04-30
no_exit_75-fee0.002,2026-06-01,516220,sell,481700.0,0.905,435938.5,871.8770000000001,monthly,2026-05-29
no_exit_75-fee0.002,2026-06-01,515880,sell,41900.0,1.577,66076.3,132.1526,monthly,2026-05-29
no_exit_75-fee0.002,2026-06-01,562590,sell,231900.0,2.513,582764.7,1165.5294,monthly,2026-05-29
no_exit_75-fee0.002,2026-06-01,515050,buy,443700.0,1.194,529777.7999999999,1059.5556,monthly,2026-05-29
no_exit_75-fee0.002,2026-06-01,515130,buy,327600.0,1.617,529729.2,1059.4584,monthly,2026-05-29
