candidate_id,config,source_id,kind,signal_date,signal_accepted
C1:two_b_reversal:b15f87f23255a4961a3afba2,C1,two_b_reversal:b15f87f23255a4961a3afba2,confirmed_source_event,2015-01-06,False
C2:two_b_reversal:fa5aee6c6373091f2d481b77,C2,two_b_reversal:fa5aee6c6373091f2d481b77,confirmed_source_event,2015-01-06,False
C3:two_b_reversal:690b96e580f309944c783162,C3,two_b_reversal:690b96e580f309944c783162,confirmed_source_event,2015-01-19,False
C1:two_b_reversal:cd33d208795d4a99808429a2,C1,two_b_reversal:cd33d208795d4a99808429a2,confirmed_source_event,2015-01-21,False
C2:two_b_reversal:bab4882114977241c48ef6e7,C2,two_b_reversal:bab4882114977241c48ef6e7,confirmed_source_event,2015-01-21,False
C3:two_b_reversal:d7fafe10c646c638c893e930,C3,two_b_reversal:d7fafe10c646c638c893e930,confirmed_source_event,2015-01-21,False
C1:two_b_reversal:b12dad7e33f6bc5fb62fb667,C1,two_b_reversal:b12dad7e33f6bc5fb62fb667,confirmed_source_event,2015-02-10,False
C1:two_b_reversal:c47c5581aad149ca083a65f4,C1,two_b_reversal:c47c5581aad149ca083a65f4,confirmed_source_event,2015-02-10,True
C2:two_b_reversal:95e1d34d4a994e86f1f2451a,C2,two_b_reversal:95e1d34d4a994e86f1f2451a,confirmed_source_event,2015-02-11,False
C3:two_b_reversal:56efd1fbeca91b8b8ca607ad,C3,two_b_reversal:56efd1fbeca91b8b8ca607ad,confirmed_source_event,2015-02-16,False
C1:two_b_reversal:27079e053932bbb81230bcb1,C1,two_b_reversal:27079e053932bbb81230bcb1,confirmed_source_event,2015-03-02,True
C1:two_b_reversal:a474084fc0811dad5f6ac585,C1,two_b_reversal:a474084fc0811dad5f6ac585,confirmed_source_event,2015-03-19,True
C2:two_b_reversal:affd4642c6b4ac1c404cc5ff,C2,two_b_reversal:affd4642c6b4ac1c404cc5ff,confirmed_source_event,2015-03-26,False
C3:two_b_reversal:fd431f50f71bfe033567fd83,C3,two_b_reversal:fd431f50f71bfe033567fd83,confirmed_source_event,2015-04-07,False
C1:two_b_reversal:4af034b067f866754ab46e82,C1,two_b_reversal:4af034b067f866754ab46e82,confirmed_source_event,2015-05-08,False
A20E:first_ma_pullback:d70c9d122029136f1ed1e9aa,A20E,first_ma_pullback:d70c9d122029136f1ed1e9aa,confirmed_source_event,2015-05-12,False
A20J:first_ma_pullback:ad1e923ccf5442f9879bc56f,A20J,first_ma_pullback:ad1e923ccf5442f9879bc56f,confirmed_source_event,2015-05-12,False
A20E:first_ma_pullback:f5d7b3002049f1bb12b12ffa,A20E,first_ma_pullback:f5d7b3002049f1bb12b12ffa,confirmed_source_event,2015-05-14,True
A20J:first_ma_pullback:a8a8ce7ec18462b670dc8ec2,A20J,first_ma_pullback:a8a8ce7ec18462b670dc8ec2,confirmed_source_event,2015-05-14,True
C2:two_b_reversal:885596c46ed8e3d51579efab,C2,two_b_reversal:885596c46ed8e3d51579efab,confirmed_source_event,2015-05-14,False
C3:two_b_reversal:0262b95504c793d325fd900b,C3,two_b_reversal:0262b95504c793d325fd900b,confirmed_source_event,2015-05-14,False
A20E:first_ma_pullback:03c82e973779b8778c1c2f12,A20E,first_ma_pullback:03c82e973779b8778c1c2f12,confirmed_source_event,2015-05-20,False
A20J:first_ma_pullback:af8599a33b435d9c23d7be1a,A20J,first_ma_pullback:af8599a33b435d9c23d7be1a,confirmed_source_event,2015-05-20,False
A20E:first_ma_pullback:a9661341459ee87bfe860469,A20E,first_ma_pullback:a9661341459ee87bfe860469,confirmed_source_event,2015-05-22,False
A20J:first_ma_pullback:d439d64c1b08d73dc16e1591,A20J,first_ma_pullback:d439d64c1b08d73dc16e1591,confirmed_source_event,2015-05-22,False
C1:two_b_reversal:e66a7f80e98eda58028312a1,C1,two_b_reversal:e66a7f80e98eda58028312a1,confirmed_source_event,2015-06-17,False
C2:two_b_reversal:acd74ec36885acb3bf5892c1,C2,two_b_reversal:acd74ec36885acb3bf5892c1,confirmed_source_event,2015-06-17,False
C3:two_b_reversal:4d15032d7e1c609b3421b195,C3,two_b_reversal:4d15032d7e1c609b3421b195,confirmed_source_event,2015-06-17,False
C1:two_b_reversal:ada79805615a7eac40ab0e53,C1,two_b_reversal:ada79805615a7eac40ab0e53,confirmed_source_event,2015-06-23,False
C1:two_b_reversal:4ae61de976725d44710877e6,C1,two_b_reversal:4ae61de976725d44710877e6,confirmed_source_event,2015-06-24,False
C1:two_b_reversal:bf6900585782dd493821671d,C1,two_b_reversal:bf6900585782dd493821671d,confirmed_source_event,2015-07-29,False
C1:two_b_reversal:7d9083d1d190149ed9e1b81e,C1,two_b_reversal:7d9083d1d190149ed9e1b81e,confirmed_source_event,2015-08-03,True
C1:two_b_reversal:c305c6ab552897416e545b61,C1,two_b_reversal:c305c6ab552897416e545b61,confirmed_source_event,2015-08-04,False
C2:two_b_reversal:c358e1fd4f7da2418853f387,C2,two_b_reversal:c358e1fd4f7da2418853f387,confirmed_source_event,2015-08-10,False
C2:two_b_reversal:502ad02a6d84b5740ccdefe8,C2,two_b_reversal:502ad02a6d84b5740ccdefe8,confirmed_source_event,2015-08-10,False
C3:two_b_reversal:12963662d51e853df596ee59,C3,two_b_reversal:12963662d51e853df596ee59,confirmed_source_event,2015-08-10,False
C2:two_b_reversal:578df10f535e89d0d2527ac7,C2,two_b_reversal:578df10f535e89d0d2527ac7,confirmed_source_event,2015-08-11,False
C3:two_b_reversal:58c2980e420040ba029b933a,C3,two_b_reversal:58c2980e420040ba029b933a,confirmed_source_event,2015-08-12,False
C3:two_b_reversal:cf71c76ec1eb18615f999f44,C3,two_b_reversal:cf71c76ec1eb18615f999f44,confirmed_source_event,2015-08-12,False
C1:two_b_reversal:c43e07442de47d829f21fd64,C1,two_b_reversal:c43e07442de47d829f21fd64,confirmed_source_event,2015-09-07,False
C1:two_b_reversal:7966e42e7449d3a178c1e3bf,C1,two_b_reversal:7966e42e7449d3a178c1e3bf,confirmed_source_event,2015-09-09,True
C1:two_b_reversal:c50debcce216fa2f0dccac4f,C1,two_b_reversal:c50debcce216fa2f0dccac4f,confirmed_source_event,2015-09-16,False
C1:two_b_reversal:482bb5972b896e7287e53ba4,C1,two_b_reversal:482bb5972b896e7287e53ba4,confirmed_source_event,2015-09-16,False
C2:two_b_reversal:4c80f401579b1b9b52963dad,C2,two_b_reversal:4c80f401579b1b9b52963dad,confirmed_source_event,2015-09-21,False
C3:two_b_reversal:772d9cb6d0e184efc1b47a4d,C3,two_b_reversal:772d9cb6d0e184efc1b47a4d,confirmed_source_event,2015-09-24,False
C2:two_b_reversal:f0a5c14bc34e0fd51b78382d,C2,two_b_reversal:f0a5c14bc34e0fd51b78382d,confirmed_source_event,2015-10-08,False
C3:two_b_reversal:56dbd687113b9a50c61107bd,C3,two_b_reversal:56dbd687113b9a50c61107bd,confirmed_source_event,2015-10-09,False
C1:two_b_reversal:da9a818c30a05bdc794bef26,C1,two_b_reversal:da9a818c30a05bdc794bef26,confirmed_source_event,2015-11-30,False
C1:two_b_reversal:c4b4e1f8cbdc86479dee5a69,C1,two_b_reversal:c4b4e1f8cbdc86479dee5a69,confirmed_source_event,2015-12-01,False
C1:two_b_reversal:801be12db69bb2504f6a6076,C1,two_b_reversal:801be12db69bb2504f6a6076,confirmed_source_event,2015-12-02,False
C2:two_b_reversal:cd2ae4f3de1d9bb22b4f5eaf,C2,two_b_reversal:cd2ae4f3de1d9bb22b4f5eaf,confirmed_source_event,2015-12-02,False
C3:two_b_reversal:a528e6cfe3f7ada20abfb25d,C3,two_b_reversal:a528e6cfe3f7ada20abfb25d,confirmed_source_event,2015-12-03,False
C2:two_b_reversal:4acd13a4b3dd53fbe66fc6d1,C2,two_b_reversal:4acd13a4b3dd53fbe66fc6d1,confirmed_source_event,2015-12-03,False
C2:two_b_reversal:db67ea4aa96c757434321e94,C2,two_b_reversal:db67ea4aa96c757434321e94,confirmed_source_event,2015-12-07,False
C1:two_b_reversal:d21d37d156ecefaf4bff587a,C1,two_b_reversal:d21d37d156ecefaf4bff587a,confirmed_source_event,2015-12-15,False
C3:two_b_reversal:339d997a95ba0a5678e3d8de,C3,two_b_reversal:339d997a95ba0a5678e3d8de,confirmed_source_event,2015-12-15,False
C2:two_b_reversal:53b87b472d72d31f697716ad,C2,two_b_reversal:53b87b472d72d31f697716ad,confirmed_source_event,2015-12-16,False
C3:two_b_reversal:40359aec66bea0caecb1cd8f,C3,two_b_reversal:40359aec66bea0caecb1cd8f,confirmed_source_event,2015-12-17,False
A20E:first_ma_pullback:3af99d90b5498b9fa52b3c16,A20E,first_ma_pullback:3af99d90b5498b9fa52b3c16,confirmed_source_event,2015-12-18,False
A20J:first_ma_pullback:e935cfb75e98827364726874,A20J,first_ma_pullback:e935cfb75e98827364726874,confirmed_source_event,2015-12-18,False
C3:two_b_reversal:9836fd4bf2ea970595fddda8,C3,two_b_reversal:9836fd4bf2ea970595fddda8,confirmed_source_event,2015-12-21,False
A20E:first_ma_pullback:00cef4e2cb6fbfbf680ff99e,A20E,first_ma_pullback:00cef4e2cb6fbfbf680ff99e,confirmed_source_event,2015-12-22,True
A20E:first_ma_pullback:24c8074999b57377e40dfb5c,A20E,first_ma_pullback:24c8074999b57377e40dfb5c,confirmed_source_event,2015-12-25,False
A20E:first_ma_pullback:9b45bfda7e96cb8502167f8c,A20E,first_ma_pullback:9b45bfda7e96cb8502167f8c,confirmed_source_event,2015-12-30,False
A20J:first_ma_pullback:947c7394f3a6ef5b0d8fd398,A20J,first_ma_pullback:947c7394f3a6ef5b0d8fd398,confirmed_source_event,2015-12-30,False
A60E:first_ma_pullback:128b67d98f36214767f68c87,A60E,first_ma_pullback:128b67d98f36214767f68c87,confirmed_source_event,2015-12-30,False
A60J:first_ma_pullback:799ef4a1dc3a8e43687685ae,A60J,first_ma_pullback:799ef4a1dc3a8e43687685ae,confirmed_source_event,2015-12-30,False
A20E:first_ma_pullback:245b71f9a586c2897551083d,A20E,first_ma_pullback:245b71f9a586c2897551083d,confirmed_source_event,2015-12-31,False
A20J:first_ma_pullback:f94c91ba94386219b5f875fe,A20J,first_ma_pullback:f94c91ba94386219b5f875fe,confirmed_source_event,2015-12-31,False
C1:two_b_reversal:529b5e647937c563f3ea50bf,C1,two_b_reversal:529b5e647937c563f3ea50bf,confirmed_source_event,2016-02-01,True
C2:two_b_reversal:0ba4cb4aeebb9dc4d14683ff,C2,two_b_reversal:0ba4cb4aeebb9dc4d14683ff,confirmed_source_event,2016-02-16,False
C3:two_b_reversal:83e7eb07ba7baa74e069750d,C3,two_b_reversal:83e7eb07ba7baa74e069750d,confirmed_source_event,2016-02-16,False
C1:two_b_reversal:c362790ff31fc5e4639b2edb,C1,two_b_reversal:c362790ff31fc5e4639b2edb,confirmed_source_event,2016-03-01,False
C2:two_b_reversal:ffbad218db551c0cfd2bc386,C2,two_b_reversal:ffbad218db551c0cfd2bc386,confirmed_source_event,2016-03-02,False
C3:two_b_reversal:00096de83f198230bdc9576d,C3,two_b_reversal:00096de83f198230bdc9576d,confirmed_source_event,2016-03-02,False
C1:two_b_reversal:4554e6f0344a4b7445b112d4,C1,two_b_reversal:4554e6f0344a4b7445b112d4,confirmed_source_event,2016-03-30,False
C2:two_b_reversal:6376e6888a9fc7c69c1b6154,C2,two_b_reversal:6376e6888a9fc7c69c1b6154,confirmed_source_event,2016-04-08,False
C1:two_b_reversal:be9aa8ee2ef882844cb17d7a,C1,two_b_reversal:be9aa8ee2ef882844cb17d7a,confirmed_source_event,2016-04-13,False
C3:two_b_reversal:3b0322cf7b4bf217e7321b9d,C3,two_b_reversal:3b0322cf7b4bf217e7321b9d,confirmed_source_event,2016-04-13,False
C3:two_b_reversal:9e87a238bdebb3592415e0fa,C3,two_b_reversal:9e87a238bdebb3592415e0fa,confirmed_source_event,2016-04-13,False
C1:two_b_reversal:b6e27abe74dc2ac492059a69,C1,two_b_reversal:b6e27abe74dc2ac492059a69,confirmed_source_event,2016-06-30,False
C2:two_b_reversal:f3e2422dceb0df320799f7ec,C2,two_b_reversal:f3e2422dceb0df320799f7ec,confirmed_source_event,2016-07-01,False
A60E:first_ma_pullback:d3855298149b2453b63e8905,A60E,first_ma_pullback:d3855298149b2453b63e8905,confirmed_source_event,2016-07-04,False
A60J:first_ma_pullback:b959dfbeee747ad6da42df57,A60J,first_ma_pullback:b959dfbeee747ad6da42df57,confirmed_source_event,2016-07-07,False
C3:two_b_reversal:c041825ca56001474ff8bab5,C3,two_b_reversal:c041825ca56001474ff8bab5,confirmed_source_event,2016-07-07,False
A20E:first_ma_pullback:4b3ad65460f5137c875dd9c0,A20E,first_ma_pullback:4b3ad65460f5137c875dd9c0,confirmed_source_event,2016-07-08,False
A20J:first_ma_pullback:62401a8137eb70ac0f7bb67e,A20J,first_ma_pullback:62401a8137eb70ac0f7bb67e,confirmed_source_event,2016-07-08,False
C1:two_b_reversal:8a926ee82dcd6d578b219f44,C1,two_b_reversal:8a926ee82dcd6d578b219f44,confirmed_source_event,2016-08-23,True
A60E:first_ma_pullback:fc9052881ef990c4615f8613,A60E,first_ma_pullback:fc9052881ef990c4615f8613,confirmed_source_event,2016-09-06,True
A60J:first_ma_pullback:3efda83c36f9d61c68d3881f,A60J,first_ma_pullback:3efda83c36f9d61c68d3881f,confirmed_source_event,2016-09-08,False
C1:two_b_reversal:fec695ba7174ed183c00a5ab,C1,two_b_reversal:fec695ba7174ed183c00a5ab,confirmed_source_event,2016-09-19,False
C2:two_b_reversal:76f15f5bce08d938c8207451,C2,two_b_reversal:76f15f5bce08d938c8207451,confirmed_source_event,2016-09-19,False
C3:two_b_reversal:0d8b6b4d5f81ea8dd60788b0,C3,two_b_reversal:0d8b6b4d5f81ea8dd60788b0,confirmed_source_event,2016-09-19,False
C1:two_b_reversal:b875e8df697449ec4491da0a,C1,two_b_reversal:b875e8df697449ec4491da0a,confirmed_source_event,2016-09-19,False
A20E:first_ma_pullback:e527af8b0f3c4a95b81ccda2,A20E,first_ma_pullback:e527af8b0f3c4a95b81ccda2,confirmed_source_event,2016-09-20,False
A20J:first_ma_pullback:fee6569f2b2c984070d76f4f,A20J,first_ma_pullback:fee6569f2b2c984070d76f4f,confirmed_source_event,2016-09-20,False
A20E:first_ma_pullback:59ef9507476c2c11c4c889dc,A20E,first_ma_pullback:59ef9507476c2c11c4c889dc,confirmed_source_event,2016-09-22,False
A20J:first_ma_pullback:6348744da2ad162098db5a82,A20J,first_ma_pullback:6348744da2ad162098db5a82,confirmed_source_event,2016-09-22,False
C1:two_b_reversal:71e297ee9919d36eb060535d,C1,two_b_reversal:71e297ee9919d36eb060535d,confirmed_source_event,2016-09-27,False
C1:two_b_reversal:5e3359294ca55c4028f77301,C1,two_b_reversal:5e3359294ca55c4028f77301,confirmed_source_event,2016-09-27,False
C2:two_b_reversal:10bd79e66e17af04e7e16bc6,C2,two_b_reversal:10bd79e66e17af04e7e16bc6,confirmed_source_event,2016-10-10,False
C3:two_b_reversal:a089bb3a60ae6e9ef0fdefc2,C3,two_b_reversal:a089bb3a60ae6e9ef0fdefc2,confirmed_source_event,2016-10-10,False
C2:two_b_reversal:3093b3113681561011d147f4,C2,two_b_reversal:3093b3113681561011d147f4,confirmed_source_event,2016-10-10,False
C3:two_b_reversal:9a20b1c42485de30217864e0,C3,two_b_reversal:9a20b1c42485de30217864e0,confirmed_source_event,2016-10-10,False
A20E:first_ma_pullback:ffd9be886d6938335d41c0a6,A20E,first_ma_pullback:ffd9be886d6938335d41c0a6,confirmed_source_event,2016-10-11,False
A20J:first_ma_pullback:04d474af7577d49121bbb040,A20J,first_ma_pullback:04d474af7577d49121bbb040,confirmed_source_event,2016-10-11,False
A60E:first_ma_pullback:10420ce5fcb912dc880bbce8,A60E,first_ma_pullback:10420ce5fcb912dc880bbce8,confirmed_source_event,2016-10-19,False
A60J:first_ma_pullback:4265ebf7531bb90f3c43237c,A60J,first_ma_pullback:4265ebf7531bb90f3c43237c,confirmed_source_event,2016-10-19,False
A20E:first_ma_pullback:5f78e0649808ed368c8824ec,A20E,first_ma_pullback:5f78e0649808ed368c8824ec,confirmed_source_event,2016-10-20,False
A20J:first_ma_pullback:ba4cb83a3975c75534c158f2,A20J,first_ma_pullback:ba4cb83a3975c75534c158f2,confirmed_source_event,2016-10-20,False
A20E:first_ma_pullback:6b712e7220ed29858e347cec,A20E,first_ma_pullback:6b712e7220ed29858e347cec,confirmed_source_event,2016-10-24,False
A20J:first_ma_pullback:9142243dd945886e75e598d7,A20J,first_ma_pullback:9142243dd945886e75e598d7,confirmed_source_event,2016-10-24,False
C1:two_b_reversal:f8ed81e041fadd715078ed61,C1,two_b_reversal:f8ed81e041fadd715078ed61,confirmed_source_event,2016-11-07,False
C2:two_b_reversal:4061a94dce4701d73095c396,C2,two_b_reversal:4061a94dce4701d73095c396,confirmed_source_event,2016-11-07,False
A120E:first_ma_pullback:0e14348a2c1d65f2634a8789,A120E,first_ma_pullback:0e14348a2c1d65f2634a8789,confirmed_source_event,2016-11-10,False
C1:two_b_reversal:dfec480f22b1abe11257135b,C1,two_b_reversal:dfec480f22b1abe11257135b,confirmed_source_event,2016-11-16,True
A20E:first_ma_pullback:a2ede1a7495bc8e5201ba890,A20E,first_ma_pullback:a2ede1a7495bc8e5201ba890,confirmed_source_event,2016-11-17,False
A20J:first_ma_pullback:b527a40c1507a9493500ed04,A20J,first_ma_pullback:b527a40c1507a9493500ed04,confirmed_source_event,2016-11-17,False
A60E:first_ma_pullback:d313f3ee763594c8f96215e5,A60E,first_ma_pullback:d313f3ee763594c8f96215e5,confirmed_source_event,2016-11-17,False
A60J:first_ma_pullback:98cacf7a1108696fecb8a0e7,A60J,first_ma_pullback:98cacf7a1108696fecb8a0e7,confirmed_source_event,2016-11-17,False
A20E:first_ma_pullback:d7f4a0109d0683929eb1cfe7,A20E,first_ma_pullback:d7f4a0109d0683929eb1cfe7,confirmed_source_event,2016-11-21,False
A20J:first_ma_pullback:631a3b3f224c6935ea96654d,A20J,first_ma_pullback:631a3b3f224c6935ea96654d,confirmed_source_event,2016-11-21,False
A20E:first_ma_pullback:8550072bcea8ba98bf97c24a,A20E,first_ma_pullback:8550072bcea8ba98bf97c24a,confirmed_source_event,2016-12-06,False
A20J:first_ma_pullback:a8dc45b8a6cdf7130c5cd78f,A20J,first_ma_pullback:a8dc45b8a6cdf7130c5cd78f,confirmed_source_event,2016-12-06,False
A60E:first_ma_pullback:7eec177ea1343b90965c927b,A60E,first_ma_pullback:7eec177ea1343b90965c927b,confirmed_source_event,2016-12-06,False
A60J:first_ma_pullback:17aa85da09a6639df4aaba2d,A60J,first_ma_pullback:17aa85da09a6639df4aaba2d,confirmed_source_event,2016-12-06,False
A20E:first_ma_pullback:2b4854b2990e9b266dd65cf2,A20E,first_ma_pullback:2b4854b2990e9b266dd65cf2,confirmed_source_event,2016-12-08,False
A20J:first_ma_pullback:d03b192c440c8852f854c458,A20J,first_ma_pullback:d03b192c440c8852f854c458,confirmed_source_event,2016-12-08,False
A60E:first_ma_pullback:bda3a5adab00981adebb95d0,A60E,first_ma_pullback:bda3a5adab00981adebb95d0,confirmed_source_event,2016-12-08,False
A60J:first_ma_pullback:79bca334fcbcc8117ac7abbd,A60J,first_ma_pullback:79bca334fcbcc8117ac7abbd,confirmed_source_event,2016-12-08,False
C1:two_b_reversal:759b656effbf946e31aa8138,C1,two_b_reversal:759b656effbf946e31aa8138,confirmed_source_event,2016-12-08,True
A20E:first_ma_pullback:df68cb5bf78e856c36cb1efb,A20E,first_ma_pullback:df68cb5bf78e856c36cb1efb,confirmed_source_event,2016-12-12,True
A20J:first_ma_pullback:8543866c0375f5dd90565149,A20J,first_ma_pullback:8543866c0375f5dd90565149,confirmed_source_event,2016-12-12,True
A20E:first_ma_pullback:522cb273e1b1ce78af89425e,A20E,first_ma_pullback:522cb273e1b1ce78af89425e,confirmed_source_event,2016-12-14,False
A20J:first_ma_pullback:9ede478a1d113e8ce1128dd8,A20J,first_ma_pullback:9ede478a1d113e8ce1128dd8,confirmed_source_event,2016-12-14,False
A20E:first_ma_pullback:97a162c73e9845ab729c871c,A20E,first_ma_pullback:97a162c73e9845ab729c871c,confirmed_source_event,2016-12-16,False
A20J:first_ma_pullback:f46d5ff6ff72ade94f31c79d,A20J,first_ma_pullback:f46d5ff6ff72ade94f31c79d,confirmed_source_event,2016-12-16,False
C1:two_b_reversal:925d5291da73303d95e82e88,C1,two_b_reversal:925d5291da73303d95e82e88,confirmed_source_event,2016-12-21,True
A20E:first_ma_pullback:c22189361a81723b6c772c5e,A20E,first_ma_pullback:c22189361a81723b6c772c5e,confirmed_source_event,2016-12-21,False
A20J:first_ma_pullback:743c663d092d059e09124c40,A20J,first_ma_pullback:743c663d092d059e09124c40,confirmed_source_event,2016-12-21,False
C2:two_b_reversal:e1ed941c142018f4cf4bdbf7,C2,two_b_reversal:e1ed941c142018f4cf4bdbf7,confirmed_source_event,2017-01-04,False
A20E:first_ma_pullback:a1287543829c18c27b633e72,A20E,first_ma_pullback:a1287543829c18c27b633e72,confirmed_source_event,2017-01-10,True
A20J:first_ma_pullback:87dcfc1a2513ae1c9438e1b6,A20J,first_ma_pullback:87dcfc1a2513ae1c9438e1b6,confirmed_source_event,2017-01-10,True
A20E:first_ma_pullback:425da5ec35b43d98305a384d,A20E,first_ma_pullback:425da5ec35b43d98305a384d,confirmed_source_event,2017-01-12,True
A20J:first_ma_pullback:8ad469ba0828d49fdee310e2,A20J,first_ma_pullback:8ad469ba0828d49fdee310e2,confirmed_source_event,2017-01-12,True
C3:two_b_reversal:71190cf1f567bd3e677ffbf7,C3,two_b_reversal:71190cf1f567bd3e677ffbf7,confirmed_source_event,2017-01-20,False
A20E:first_ma_pullback:4907f34a70750d723482f535,A20E,first_ma_pullback:4907f34a70750d723482f535,confirmed_source_event,2017-01-25,False
A20J:first_ma_pullback:be3a00975cc9e0516c147574,A20J,first_ma_pullback:be3a00975cc9e0516c147574,confirmed_source_event,2017-01-25,False
C1:two_b_reversal:d9da989d218ea088357a7fe6,C1,two_b_reversal:d9da989d218ea088357a7fe6,confirmed_source_event,2017-03-13,False
C2:two_b_reversal:9974af4333c59eab172fc12d,C2,two_b_reversal:9974af4333c59eab172fc12d,confirmed_source_event,2017-03-16,False
C3:two_b_reversal:2ad3a2652086ab576e3794ed,C3,two_b_reversal:2ad3a2652086ab576e3794ed,confirmed_source_event,2017-03-16,False
A60E:first_ma_pullback:8c93209906e29ded6b8bd6f2,A60E,first_ma_pullback:8c93209906e29ded6b8bd6f2,confirmed_source_event,2017-04-24,False
A60J:first_ma_pullback:a9fb5c235694893286ff09c7,A60J,first_ma_pullback:a9fb5c235694893286ff09c7,confirmed_source_event,2017-04-24,False
A20E:first_ma_pullback:026ea53b81bc91735ecb724a,A20E,first_ma_pullback:026ea53b81bc91735ecb724a,confirmed_source_event,2017-04-25,False
A20J:first_ma_pullback:15890dec31dd3ac908c93e34,A20J,first_ma_pullback:15890dec31dd3ac908c93e34,confirmed_source_event,2017-04-25,False
C1:two_b_reversal:cfb9299628f1f334a124312c,C1,two_b_reversal:cfb9299628f1f334a124312c,confirmed_source_event,2017-05-09,False
A20E:first_ma_pullback:fe2808e3fdf8e64d8e1c7341,A20E,first_ma_pullback:fe2808e3fdf8e64d8e1c7341,confirmed_source_event,2017-05-22,False
A20J:first_ma_pullback:cef0b9e7a5408f530fff1160,A20J,first_ma_pullback:cef0b9e7a5408f530fff1160,confirmed_source_event,2017-05-22,False
C1:two_b_reversal:2d18d576ada243dbfbe377f1,C1,two_b_reversal:2d18d576ada243dbfbe377f1,confirmed_source_event,2017-05-22,False
C2:two_b_reversal:1c7a7a1fea3e84e91ce573c1,C2,two_b_reversal:1c7a7a1fea3e84e91ce573c1,confirmed_source_event,2017-05-22,False
C3:two_b_reversal:1a550fa4bb0b9899e9fe2daf,C3,two_b_reversal:1a550fa4bb0b9899e9fe2daf,confirmed_source_event,2017-05-22,False
A20E:first_ma_pullback:ce90681fae3cbf1684714bf7,A20E,first_ma_pullback:ce90681fae3cbf1684714bf7,confirmed_source_event,2017-05-24,False
A20J:first_ma_pullback:0dd8721c4301aa8943dd312c,A20J,first_ma_pullback:0dd8721c4301aa8943dd312c,confirmed_source_event,2017-05-24,False
A20E:first_ma_pullback:e93acb67d44fb5b1370ed3bd,A20E,first_ma_pullback:e93acb67d44fb5b1370ed3bd,confirmed_source_event,2017-06-02,False
A20J:first_ma_pullback:d57337a983a0e2c041260d88,A20J,first_ma_pullback:d57337a983a0e2c041260d88,confirmed_source_event,2017-06-02,False
A60E:first_ma_pullback:900d24d37cd55e9802500ddc,A60E,first_ma_pullback:900d24d37cd55e9802500ddc,confirmed_source_event,2017-06-20,False
A60J:first_ma_pullback:c72ff8cc3c3034f78017c8ab,A60J,first_ma_pullback:c72ff8cc3c3034f78017c8ab,confirmed_source_event,2017-06-20,False
C1:two_b_reversal:634c760f86d2db364ffbfc86,C1,two_b_reversal:634c760f86d2db364ffbfc86,confirmed_source_event,2017-07-13,False
C2:two_b_reversal:f63fab648b03e803da1fa9f0,C2,two_b_reversal:f63fab648b03e803da1fa9f0,confirmed_source_event,2017-07-18,False
C3:two_b_reversal:b2230a0c28a791ea43779ea0,C3,two_b_reversal:b2230a0c28a791ea43779ea0,confirmed_source_event,2017-07-28,False
A20E:first_ma_pullback:297425fbba998044f2678d4b,A20E,first_ma_pullback:297425fbba998044f2678d4b,confirmed_source_event,2017-08-08,False
A20J:first_ma_pullback:756127b3cd3290b6d49b8016,A20J,first_ma_pullback:756127b3cd3290b6d49b8016,confirmed_source_event,2017-08-08,False
A60E:first_ma_pullback:a8e63ced07ee08e3202244e9,A60E,first_ma_pullback:a8e63ced07ee08e3202244e9,confirmed_source_event,2017-08-08,False
A60J:first_ma_pullback:2fcbbb36d8e1e449cf0ffab9,A60J,first_ma_pullback:2fcbbb36d8e1e449cf0ffab9,confirmed_source_event,2017-08-08,False
C1:two_b_reversal:0875f69bedf8869935924f6f,C1,two_b_reversal:0875f69bedf8869935924f6f,confirmed_source_event,2017-08-14,False
C2:two_b_reversal:1b2e0a2f5dcfa671bd92ca63,C2,two_b_reversal:1b2e0a2f5dcfa671bd92ca63,confirmed_source_event,2017-08-15,False
A120E:first_ma_pullback:aef035f4bf2948088ee422ca,A120E,first_ma_pullback:aef035f4bf2948088ee422ca,confirmed_source_event,2017-08-15,False
A120J:first_ma_pullback:7fac75445c1da769b1905eff,A120J,first_ma_pullback:7fac75445c1da769b1905eff,confirmed_source_event,2017-08-15,False
C1:two_b_reversal:e00f20796f522377e5d11768,C1,two_b_reversal:e00f20796f522377e5d11768,confirmed_source_event,2017-08-15,False
C2:two_b_reversal:bc49b528678c14a4a72f9f66,C2,two_b_reversal:bc49b528678c14a4a72f9f66,confirmed_source_event,2017-08-15,False
C3:two_b_reversal:9d22725128fb35766cefae24,C3,two_b_reversal:9d22725128fb35766cefae24,confirmed_source_event,2017-08-22,False
C3:two_b_reversal:c0096a7375b2e8de260bc873,C3,two_b_reversal:c0096a7375b2e8de260bc873,confirmed_source_event,2017-09-18,False
C1:two_b_reversal:3c4a0fe18cd67787db3cf6d0,C1,two_b_reversal:3c4a0fe18cd67787db3cf6d0,confirmed_source_event,2017-09-18,False
C3:two_b_reversal:f84432d141e531d68e99f111,C3,two_b_reversal:f84432d141e531d68e99f111,confirmed_source_event,2017-09-18,False
C1:two_b_reversal:e2694542e55ee9e9aa0f239f,C1,two_b_reversal:e2694542e55ee9e9aa0f239f,confirmed_source_event,2017-09-26,False
C2:two_b_reversal:12e13604e00f669cafe1d0ba,C2,two_b_reversal:12e13604e00f669cafe1d0ba,confirmed_source_event,2017-09-26,False
A20E:first_ma_pullback:5eff118e3d1e442e710a09b7,A20E,first_ma_pullback:5eff118e3d1e442e710a09b7,confirmed_source_event,2017-10-09,False
A20J:first_ma_pullback:9ff1dead8f1b9972f9eee79b,A20J,first_ma_pullback:9ff1dead8f1b9972f9eee79b,confirmed_source_event,2017-10-09,False
C1:two_b_reversal:4464b4794987f37df174724c,C1,two_b_reversal:4464b4794987f37df174724c,confirmed_source_event,2017-10-24,False
C1:two_b_reversal:ac2d137209f97cdb033b7cf2,C1,two_b_reversal:ac2d137209f97cdb033b7cf2,confirmed_source_event,2017-10-30,True
C1:two_b_reversal:ddacb9bea254b445b4e8aca8,C1,two_b_reversal:ddacb9bea254b445b4e8aca8,confirmed_source_event,2017-10-31,True
A20E:first_ma_pullback:fb143b606f12ca1681d5fd1f,A20E,first_ma_pullback:fb143b606f12ca1681d5fd1f,confirmed_source_event,2017-11-07,False
A20J:first_ma_pullback:712ef9410fca4e1b0162e2dc,A20J,first_ma_pullback:712ef9410fca4e1b0162e2dc,confirmed_source_event,2017-11-07,False
C2:two_b_reversal:3426c7c68c249b779d5beca5,C2,two_b_reversal:3426c7c68c249b779d5beca5,confirmed_source_event,2017-11-09,False
C3:two_b_reversal:01ba5f2fca15f802486dffba,C3,two_b_reversal:01ba5f2fca15f802486dffba,confirmed_source_event,2017-11-10,False
A20E:first_ma_pullback:022eb01e476cc1be178ca18f,A20E,first_ma_pullback:022eb01e476cc1be178ca18f,confirmed_source_event,2017-11-17,False
A20J:first_ma_pullback:54ee1e8382b2582f001a7d59,A20J,first_ma_pullback:54ee1e8382b2582f001a7d59,confirmed_source_event,2017-11-17,False
A20E:first_ma_pullback:f24b51672ca3761fe4e546a2,A20E,first_ma_pullback:f24b51672ca3761fe4e546a2,confirmed_source_event,2017-11-21,False
A20J:first_ma_pullback:e705fcdf866116f50377745e,A20J,first_ma_pullback:e705fcdf866116f50377745e,confirmed_source_event,2017-11-21,False
A20E:first_ma_pullback:4dda9a6cba76323e06d50720,A20E,first_ma_pullback:4dda9a6cba76323e06d50720,confirmed_source_event,2017-12-11,True
A20J:first_ma_pullback:7ff889692bd58eac5184f753,A20J,first_ma_pullback:7ff889692bd58eac5184f753,confirmed_source_event,2017-12-11,True
A20E:first_ma_pullback:c71b7a3ea4eae3085f683ace,A20E,first_ma_pullback:c71b7a3ea4eae3085f683ace,confirmed_source_event,2017-12-13,True
A20J:first_ma_pullback:f66789960d5a8e5d0a41b4e0,A20J,first_ma_pullback:f66789960d5a8e5d0a41b4e0,confirmed_source_event,2017-12-13,True
A60E:first_ma_pullback:23d8e829ed42e0bbdf927770,A60E,first_ma_pullback:23d8e829ed42e0bbdf927770,confirmed_source_event,2017-12-22,False
C1:two_b_reversal:119f2af0e6aa6315a4eab786,C1,two_b_reversal:119f2af0e6aa6315a4eab786,confirmed_source_event,2017-12-28,True
A60E:first_ma_pullback:8e214a48850a11b82752d97b,A60E,first_ma_pullback:8e214a48850a11b82752d97b,confirmed_source_event,2018-01-03,False
A60J:first_ma_pullback:282da8a20d6144824a7545ff,A60J,first_ma_pullback:282da8a20d6144824a7545ff,confirmed_source_event,2018-01-03,False
C2:two_b_reversal:9e72ac370fab0a44689d19ee,C2,two_b_reversal:9e72ac370fab0a44689d19ee,confirmed_source_event,2018-01-03,False
C3:two_b_reversal:1cf0f6d967eab058adf875a6,C3,two_b_reversal:1cf0f6d967eab058adf875a6,confirmed_source_event,2018-01-03,False
A20E:first_ma_pullback:2fd9920cf520de1439e44b52,A20E,first_ma_pullback:2fd9920cf520de1439e44b52,confirmed_source_event,2018-01-04,False
A20J:first_ma_pullback:33518d2073b0891c984da0e0,A20J,first_ma_pullback:33518d2073b0891c984da0e0,confirmed_source_event,2018-01-04,False
A20E:first_ma_pullback:3277de75ab03baf88c1a2fd8,A20E,first_ma_pullback:3277de75ab03baf88c1a2fd8,confirmed_source_event,2018-01-08,False
A20J:first_ma_pullback:98be29c02a3050ee3e526f3e,A20J,first_ma_pullback:98be29c02a3050ee3e526f3e,confirmed_source_event,2018-01-08,False
A20E:first_ma_pullback:7a1c218711f44f3c9dd79b7d,A20E,first_ma_pullback:7a1c218711f44f3c9dd79b7d,confirmed_source_event,2018-01-10,False
A20J:first_ma_pullback:c2b014faf0f0ba436ab0c15b,A20J,first_ma_pullback:c2b014faf0f0ba436ab0c15b,confirmed_source_event,2018-01-10,False
A20E:first_ma_pullback:f27ab42871e9269f6487ef10,A20E,first_ma_pullback:f27ab42871e9269f6487ef10,confirmed_source_event,2018-02-02,False
A20J:first_ma_pullback:5b5fe55b0bc554e12219551e,A20J,first_ma_pullback:5b5fe55b0bc554e12219551e,confirmed_source_event,2018-02-02,False
A60E:first_ma_pullback:b50500d24838047a685a31e3,A60E,first_ma_pullback:b50500d24838047a685a31e3,confirmed_source_event,2018-02-05,False
A60J:first_ma_pullback:8bdbff7ef9189a0e7dba83e2,A60J,first_ma_pullback:8bdbff7ef9189a0e7dba83e2,confirmed_source_event,2018-02-05,False
C1:two_b_reversal:443362177dfcad684155f5f2,C1,two_b_reversal:443362177dfcad684155f5f2,confirmed_source_event,2018-02-22,False
C2:two_b_reversal:4d9105f5a9732389559dc1db,C2,two_b_reversal:4d9105f5a9732389559dc1db,confirmed_source_event,2018-02-26,False
C3:two_b_reversal:fe8087cd7f48963999b010b3,C3,two_b_reversal:fe8087cd7f48963999b010b3,confirmed_source_event,2018-03-15,False
C1:two_b_reversal:d72a4a357f765e4267ceac2f,C1,two_b_reversal:d72a4a357f765e4267ceac2f,confirmed_source_event,2018-03-20,False
C2:two_b_reversal:98a3967a4ac0fbabf17918ce,C2,two_b_reversal:98a3967a4ac0fbabf17918ce,confirmed_source_event,2018-03-22,False
C3:two_b_reversal:e1359416e713a9e7e91b5462,C3,two_b_reversal:e1359416e713a9e7e91b5462,confirmed_source_event,2018-03-22,False
D:module_d_false_breakout:be0aa43c50b9e250c10ca1fb,D,module_d_false_breakout:be0aa43c50b9e250c10ca1fb,confirmed_source_event,2018-03-22,False
C1:two_b_reversal:66b23eae7274214e43417a5f,C1,two_b_reversal:66b23eae7274214e43417a5f,confirmed_source_event,2018-03-27,False
C2:two_b_reversal:06a52c035ddd3b98a141058c,C2,two_b_reversal:06a52c035ddd3b98a141058c,confirmed_source_event,2018-03-27,False
C3:two_b_reversal:0033a00bce5232ee62a41c69,C3,two_b_reversal:0033a00bce5232ee62a41c69,confirmed_source_event,2018-03-27,False
C1:two_b_reversal:f309b6279357ae8a68866f7e,C1,two_b_reversal:f309b6279357ae8a68866f7e,confirmed_source_event,2018-04-18,False
C1:two_b_reversal:936a57f593ae5d0926b5296f,C1,two_b_reversal:936a57f593ae5d0926b5296f,confirmed_source_event,2018-05-04,True
C1:two_b_reversal:d34170bc659be4fa26529ab6,C1,two_b_reversal:d34170bc659be4fa26529ab6,confirmed_source_event,2018-06-12,False
C1:two_b_reversal:3aeb33ed771d200f34fe60e4,C1,two_b_reversal:3aeb33ed771d200f34fe60e4,confirmed_source_event,2018-07-20,False
C2:two_b_reversal:1fe19ddb2e5ec696df801638,C2,two_b_reversal:1fe19ddb2e5ec696df801638,confirmed_source_event,2018-07-23,False
C3:two_b_reversal:12bf6311af9ff81d832d3507,C3,two_b_reversal:12bf6311af9ff81d832d3507,confirmed_source_event,2018-07-23,False
D:module_d_false_breakout:d96551723b4a8b65d845b853,D,module_d_false_breakout:d96551723b4a8b65d845b853,confirmed_source_event,2018-07-23,False
A20E:first_ma_pullback:2a50ae9d62fcd16dfe98648b,A20E,first_ma_pullback:2a50ae9d62fcd16dfe98648b,confirmed_source_event,2018-08-02,False
A20J:first_ma_pullback:df90316ccbcafe7a6a2734df,A20J,first_ma_pullback:df90316ccbcafe7a6a2734df,confirmed_source_event,2018-08-02,False
A20E:first_ma_pullback:0ee10e7943a12909c8535131,A20E,first_ma_pullback:0ee10e7943a12909c8535131,confirmed_source_event,2018-08-15,False
A20J:first_ma_pullback:da251d194069d1110555e640,A20J,first_ma_pullback:da251d194069d1110555e640,confirmed_source_event,2018-08-15,False
C1:two_b_reversal:2d070d2695d5130ed8a0a5a4,C1,two_b_reversal:2d070d2695d5130ed8a0a5a4,confirmed_source_event,2018-08-20,True
C1:two_b_reversal:adf30ececcf3436bf2451fa1,C1,two_b_reversal:adf30ececcf3436bf2451fa1,confirmed_source_event,2018-08-21,False
C2:two_b_reversal:980439dd4bd6f9b4cee72655,C2,two_b_reversal:980439dd4bd6f9b4cee72655,confirmed_source_event,2018-08-27,False
C2:two_b_reversal:c7e59411432d6cf728490311,C2,two_b_reversal:c7e59411432d6cf728490311,confirmed_source_event,2018-08-27,False
A20E:first_ma_pullback:b44dd643243d74e9241a978c,A20E,first_ma_pullback:b44dd643243d74e9241a978c,confirmed_source_event,2018-08-28,False
A20J:first_ma_pullback:3276e923781a45b59fc29c80,A20J,first_ma_pullback:3276e923781a45b59fc29c80,confirmed_source_event,2018-08-28,False
A20E:first_ma_pullback:d1e13afb6dfb4c07b988f605,A20E,first_ma_pullback:d1e13afb6dfb4c07b988f605,confirmed_source_event,2018-08-30,False
A20J:first_ma_pullback:0f83e8d60b95109490c3ee13,A20J,first_ma_pullback:0f83e8d60b95109490c3ee13,confirmed_source_event,2018-08-30,False
A20E:first_ma_pullback:d7cf9b7ba814ba9421a3da37,A20E,first_ma_pullback:d7cf9b7ba814ba9421a3da37,confirmed_source_event,2018-09-12,False
A20J:first_ma_pullback:f90d51f4d796905f2b5856a3,A20J,first_ma_pullback:f90d51f4d796905f2b5856a3,confirmed_source_event,2018-09-12,False
C1:two_b_reversal:6a80f9ce66fe7af23747bd04,C1,two_b_reversal:6a80f9ce66fe7af23747bd04,confirmed_source_event,2018-09-13,True
C2:two_b_reversal:246ea1f0aa379936ded46872,C2,two_b_reversal:246ea1f0aa379936ded46872,confirmed_source_event,2018-09-19,False
C3:two_b_reversal:61ffe86e1760474f156d82ad,C3,two_b_reversal:61ffe86e1760474f156d82ad,confirmed_source_event,2018-09-19,False
A60E:first_ma_pullback:40a3c400c83ff51f8ab9ab80,A60E,first_ma_pullback:40a3c400c83ff51f8ab9ab80,confirmed_source_event,2018-09-19,False
A60J:first_ma_pullback:dd4db7999dc39cf886a21776,A60J,first_ma_pullback:dd4db7999dc39cf886a21776,confirmed_source_event,2018-09-19,False
A20E:first_ma_pullback:cd3c232180365e42dd6ab241,A20E,first_ma_pullback:cd3c232180365e42dd6ab241,confirmed_source_event,2018-09-27,False
A20J:first_ma_pullback:04afe106042a6a7ca48e23f5,A20J,first_ma_pullback:04afe106042a6a7ca48e23f5,confirmed_source_event,2018-09-27,False
C1:two_b_reversal:a79b15dc6bf4fa37792418e1,C1,two_b_reversal:a79b15dc6bf4fa37792418e1,confirmed_source_event,2018-10-19,False
C2:two_b_reversal:b302e7ce5736f6c60bdf3e5c,C2,two_b_reversal:b302e7ce5736f6c60bdf3e5c,confirmed_source_event,2018-10-22,False
C3:two_b_reversal:cfd298176c1e280078a2e726,C3,two_b_reversal:cfd298176c1e280078a2e726,confirmed_source_event,2018-10-22,False
C1:two_b_reversal:a65f8050ed5f9e7010ca8728,C1,two_b_reversal:a65f8050ed5f9e7010ca8728,confirmed_source_event,2018-11-27,True
C1:two_b_reversal:b81e1f6c06d120f0b224bf50,C1,two_b_reversal:b81e1f6c06d120f0b224bf50,confirmed_source_event,2018-11-28,False
C2:two_b_reversal:f92d4bbe02ded30408269719,C2,two_b_reversal:f92d4bbe02ded30408269719,confirmed_source_event,2018-11-28,False
C2:two_b_reversal:d38ae3fe042e8fcc43a660a8,C2,two_b_reversal:d38ae3fe042e8fcc43a660a8,confirmed_source_event,2018-12-03,False
C3:two_b_reversal:67d929a0ba792de1f6f2f8c8,C3,two_b_reversal:67d929a0ba792de1f6f2f8c8,confirmed_source_event,2018-12-03,False
C3:two_b_reversal:2395bfff48959c71ccd38fcf,C3,two_b_reversal:2395bfff48959c71ccd38fcf,confirmed_source_event,2018-12-04,False
C1:two_b_reversal:bf67af6724cba7f6b8a8f680,C1,two_b_reversal:bf67af6724cba7f6b8a8f680,confirmed_source_event,2019-01-04,False
C2:two_b_reversal:b76a3e7e97ee101e0aba5a76,C2,two_b_reversal:b76a3e7e97ee101e0aba5a76,confirmed_source_event,2019-01-09,False
C3:two_b_reversal:e1ebf2ae8a8b0b90f9b67658,C3,two_b_reversal:e1ebf2ae8a8b0b90f9b67658,confirmed_source_event,2019-01-18,False
C1:two_b_reversal:ddf47da50b7994e337cc2461,C1,two_b_reversal:ddf47da50b7994e337cc2461,confirmed_source_event,2019-03-12,False
C3:two_b_reversal:35f0a20185a5871a0d1e2f78,C3,two_b_reversal:35f0a20185a5871a0d1e2f78,confirmed_source_event,2019-03-12,False
C2:two_b_reversal:d8e2372a2853b179d67472b6,C2,two_b_reversal:d8e2372a2853b179d67472b6,confirmed_source_event,2019-05-17,False
C1:two_b_reversal:11b556edf000dc98fe041bb1,C1,two_b_reversal:11b556edf000dc98fe041bb1,confirmed_source_event,2019-06-11,False
C2:two_b_reversal:92f381fda5009cc891be9f0b,C2,two_b_reversal:92f381fda5009cc891be9f0b,confirmed_source_event,2019-06-11,False
C3:two_b_reversal:1a2cf75da185ccbd87a482f7,C3,two_b_reversal:1a2cf75da185ccbd87a482f7,confirmed_source_event,2019-06-20,False
A20E:first_ma_pullback:88e4334a293b1bd1cd38373a,A20E,first_ma_pullback:88e4334a293b1bd1cd38373a,confirmed_source_event,2019-07-19,False
A20J:first_ma_pullback:23be5165817f6adc241678cc,A20J,first_ma_pullback:23be5165817f6adc241678cc,confirmed_source_event,2019-07-19,False
A20E:first_ma_pullback:28aba8724659ca13c77b1477,A20E,first_ma_pullback:28aba8724659ca13c77b1477,confirmed_source_event,2019-07-25,True
A20J:first_ma_pullback:88f65e1a84a48146bc8318c8,A20J,first_ma_pullback:88f65e1a84a48146bc8318c8,confirmed_source_event,2019-07-25,True
A20E:first_ma_pullback:bddde59a6a439d12012363d6,A20E,first_ma_pullback:bddde59a6a439d12012363d6,confirmed_source_event,2019-07-30,False
A20J:first_ma_pullback:4e4a266174f90e16824854bd,A20J,first_ma_pullback:4e4a266174f90e16824854bd,confirmed_source_event,2019-07-30,False
C1:two_b_reversal:ca41ba88cbb60f57fe5e80a1,C1,two_b_reversal:ca41ba88cbb60f57fe5e80a1,confirmed_source_event,2019-08-02,False
C2:two_b_reversal:0a989d7d60a2a955d7fcdd92,C2,two_b_reversal:0a989d7d60a2a955d7fcdd92,confirmed_source_event,2019-08-02,False
C3:two_b_reversal:481fb111c97a1da0fdac7472,C3,two_b_reversal:481fb111c97a1da0fdac7472,confirmed_source_event,2019-08-02,False
C1:two_b_reversal:b8e2420b90cbfc2d02480bd8,C1,two_b_reversal:b8e2420b90cbfc2d02480bd8,confirmed_source_event,2019-08-08,False
C2:two_b_reversal:01e6364532baf76cfbfa32f5,C2,two_b_reversal:01e6364532baf76cfbfa32f5,confirmed_source_event,2019-08-12,False
C3:two_b_reversal:7ac61b2de0ba8bb773a24996,C3,two_b_reversal:7ac61b2de0ba8bb773a24996,confirmed_source_event,2019-08-15,False
A60E:first_ma_pullback:c850956d47ac8552c9ef56b3,A60E,first_ma_pullback:c850956d47ac8552c9ef56b3,confirmed_source_event,2019-08-19,False
A60J:first_ma_pullback:a315c359bd3cb95d6c25cba7,A60J,first_ma_pullback:a315c359bd3cb95d6c25cba7,confirmed_source_event,2019-08-19,False
A60E:first_ma_pullback:457500fbcff0d5a24c7cd50e,A60E,first_ma_pullback:457500fbcff0d5a24c7cd50e,confirmed_source_event,2019-08-30,False
A60J:first_ma_pullback:8ff8e0a00e423c30d1b100ed,A60J,first_ma_pullback:8ff8e0a00e423c30d1b100ed,confirmed_source_event,2019-08-30,False
A20E:first_ma_pullback:abc5e8edad1fae0fdd864f39,A20E,first_ma_pullback:abc5e8edad1fae0fdd864f39,confirmed_source_event,2019-09-02,True
A20J:first_ma_pullback:583bd732888911a112358137,A20J,first_ma_pullback:583bd732888911a112358137,confirmed_source_event,2019-09-02,True
A20E:first_ma_pullback:efbf0e77ba5965bee627cd5e,A20E,first_ma_pullback:efbf0e77ba5965bee627cd5e,confirmed_source_event,2019-09-18,False
A20J:first_ma_pullback:6dd3892758d6c4e6cdce22ab,A20J,first_ma_pullback:6dd3892758d6c4e6cdce22ab,confirmed_source_event,2019-09-18,False
C1:two_b_reversal:9a288aebdaa5526c1c4fe0b4,C1,two_b_reversal:9a288aebdaa5526c1c4fe0b4,confirmed_source_event,2019-09-26,False
A20E:first_ma_pullback:09c6f267d629fd8e2b6afe9a,A20E,first_ma_pullback:09c6f267d629fd8e2b6afe9a,confirmed_source_event,2019-10-22,False
A20J:first_ma_pullback:c86d1471d01d92ae47227b60,A20J,first_ma_pullback:c86d1471d01d92ae47227b60,confirmed_source_event,2019-10-22,False
A60E:first_ma_pullback:98e83ee1d061bf781e0f6ffd,A60E,first_ma_pullback:98e83ee1d061bf781e0f6ffd,confirmed_source_event,2019-10-28,True
C1:two_b_reversal:95fa9106fe8ab4039bd5fe26,C1,two_b_reversal:95fa9106fe8ab4039bd5fe26,confirmed_source_event,2019-11-25,False
C1:two_b_reversal:e7d800f92c087cfff5b0a2d8,C1,two_b_reversal:e7d800f92c087cfff5b0a2d8,confirmed_source_event,2019-11-26,True
C1:two_b_reversal:bed7633af9ea1760ac4fb4c8,C1,two_b_reversal:bed7633af9ea1760ac4fb4c8,confirmed_source_event,2019-12-02,True
C2:two_b_reversal:05e35e9059cea7acf0c9e0f8,C2,two_b_reversal:05e35e9059cea7acf0c9e0f8,confirmed_source_event,2019-12-05,False
C2:two_b_reversal:a4768e90fb41837895e35757,C2,two_b_reversal:a4768e90fb41837895e35757,confirmed_source_event,2019-12-05,False
C3:two_b_reversal:db189b13176caabfdac6614b,C3,two_b_reversal:db189b13176caabfdac6614b,confirmed_source_event,2019-12-06,False
A20E:first_ma_pullback:b01dee84b8d99016221fd4ab,A20E,first_ma_pullback:b01dee84b8d99016221fd4ab,confirmed_source_event,2019-12-09,False
A20J:first_ma_pullback:a3eb3cdf5d28878ad744bfa5,A20J,first_ma_pullback:a3eb3cdf5d28878ad744bfa5,confirmed_source_event,2019-12-09,False
C3:two_b_reversal:f899d9d756bae61bf5d60dc4,C3,two_b_reversal:f899d9d756bae61bf5d60dc4,confirmed_source_event,2019-12-11,False
A20E:first_ma_pullback:2ca3f9b5443696d9d3b200a7,A20E,first_ma_pullback:2ca3f9b5443696d9d3b200a7,confirmed_source_event,2019-12-12,False
A20J:first_ma_pullback:b4b912b966ac4cf29d3f0749,A20J,first_ma_pullback:b4b912b966ac4cf29d3f0749,confirmed_source_event,2019-12-12,False
C1:two_b_reversal:4bb07812353503d03c2d5738,C1,two_b_reversal:4bb07812353503d03c2d5738,confirmed_source_event,2019-12-16,False
C2:two_b_reversal:49b0b5b315edb71b952639c1,C2,two_b_reversal:49b0b5b315edb71b952639c1,confirmed_source_event,2019-12-16,False
C3:two_b_reversal:4827f28c954c8f9e14c553a7,C3,two_b_reversal:4827f28c954c8f9e14c553a7,confirmed_source_event,2019-12-16,False
A20E:first_ma_pullback:12d19cd18230bfee0d6bb498,A20E,first_ma_pullback:12d19cd18230bfee0d6bb498,confirmed_source_event,2020-02-04,False
A20J:first_ma_pullback:8111c3bc9e7051e8b81cc5c6,A20J,first_ma_pullback:8111c3bc9e7051e8b81cc5c6,confirmed_source_event,2020-02-04,False
A120E:first_ma_pullback:d017ecfc8812594b4e5d558b,A120E,first_ma_pullback:d017ecfc8812594b4e5d558b,confirmed_source_event,2020-02-18,True
A60E:first_ma_pullback:772a018be4b84fb42b20cf38,A60E,first_ma_pullback:772a018be4b84fb42b20cf38,confirmed_source_event,2020-02-18,True
A20E:first_ma_pullback:112df28efe1b9e17fcf96a91,A20E,first_ma_pullback:112df28efe1b9e17fcf96a91,confirmed_source_event,2020-03-05,False
A20J:first_ma_pullback:cc505fb0eb23b9f52e4e3b1a,A20J,first_ma_pullback:cc505fb0eb23b9f52e4e3b1a,confirmed_source_event,2020-03-05,False
A60E:first_ma_pullback:c88bb939d2c2c2102dd3faf0,A60E,first_ma_pullback:c88bb939d2c2c2102dd3faf0,confirmed_source_event,2020-03-05,False
A60J:first_ma_pullback:34452bf02ddea8b10df6768a,A60J,first_ma_pullback:34452bf02ddea8b10df6768a,confirmed_source_event,2020-03-05,False
A120E:first_ma_pullback:7a76668f4824d066ed81809f,A120E,first_ma_pullback:7a76668f4824d066ed81809f,confirmed_source_event,2020-03-10,False
A120J:first_ma_pullback:b7ebf2273e17241e7fa6a65f,A120J,first_ma_pullback:b7ebf2273e17241e7fa6a65f,confirmed_source_event,2020-03-10,False
A60E:first_ma_pullback:a5e25584aec0868355c90bbe,A60E,first_ma_pullback:a5e25584aec0868355c90bbe,confirmed_source_event,2020-03-10,False
A60J:first_ma_pullback:8b0487971be9d27ffae5e71b,A60J,first_ma_pullback:8b0487971be9d27ffae5e71b,confirmed_source_event,2020-03-10,False
C1:two_b_reversal:336530e5bee5ad313af690f5,C1,two_b_reversal:336530e5bee5ad313af690f5,confirmed_source_event,2020-03-10,False
C1:two_b_reversal:e2090c61c37d37508fcbf170,C1,two_b_reversal:e2090c61c37d37508fcbf170,confirmed_source_event,2020-03-18,True
C2:two_b_reversal:f8ed190759b6bc24eabf03be,C2,two_b_reversal:f8ed190759b6bc24eabf03be,confirmed_source_event,2020-03-24,False
A120E:first_ma_pullback:f227cd502bc72660b4b20215,A120E,first_ma_pullback:f227cd502bc72660b4b20215,confirmed_source_event,2020-03-25,False
A60E:first_ma_pullback:e306cebca228eef07a09c1f3,A60E,first_ma_pullback:e306cebca228eef07a09c1f3,confirmed_source_event,2020-03-25,False
A120J:first_ma_pullback:aa4fe4ebbdd6ecb9c85fed25,A120J,first_ma_pullback:aa4fe4ebbdd6ecb9c85fed25,confirmed_source_event,2020-03-30,False
A60J:first_ma_pullback:16f692fa44159bc216b1fe38,A60J,first_ma_pullback:16f692fa44159bc216b1fe38,confirmed_source_event,2020-03-30,False
C3:two_b_reversal:35569cee9a4fc63ddf93e392,C3,two_b_reversal:35569cee9a4fc63ddf93e392,confirmed_source_event,2020-03-30,False
A20E:first_ma_pullback:bf6f36efeb3b5737af0f9c78,A20E,first_ma_pullback:bf6f36efeb3b5737af0f9c78,confirmed_source_event,2020-04-23,False
A20J:first_ma_pullback:cb03ba4dc9f012dface95803,A20J,first_ma_pullback:cb03ba4dc9f012dface95803,confirmed_source_event,2020-04-23,False
A20E:first_ma_pullback:7681de65b62421dcacf95828,A20E,first_ma_pullback:7681de65b62421dcacf95828,confirmed_source_event,2020-05-08,False
A20J:first_ma_pullback:c8f9a5f30c234764ffef0f0c,A20J,first_ma_pullback:c8f9a5f30c234764ffef0f0c,confirmed_source_event,2020-05-08,False
A20E:first_ma_pullback:6e1d8546ac9dc29337605a4a,A20E,first_ma_pullback:6e1d8546ac9dc29337605a4a,confirmed_source_event,2020-05-14,False
A20J:first_ma_pullback:44599e36458b1a50e77e8139,A20J,first_ma_pullback:44599e36458b1a50e77e8139,confirmed_source_event,2020-05-14,False
A20E:first_ma_pullback:3fcc4065a3fc4e7e20246532,A20E,first_ma_pullback:3fcc4065a3fc4e7e20246532,confirmed_source_event,2020-06-02,False
A20J:first_ma_pullback:dfce494815b1b69de05704f8,A20J,first_ma_pullback:dfce494815b1b69de05704f8,confirmed_source_event,2020-06-02,False
A20E:first_ma_pullback:1e5daa36b37c6de87de373c0,A20E,first_ma_pullback:1e5daa36b37c6de87de373c0,confirmed_source_event,2020-06-08,False
A20J:first_ma_pullback:0ea0794cf900c46ae5260aba,A20J,first_ma_pullback:0ea0794cf900c46ae5260aba,confirmed_source_event,2020-06-08,False
A20E:first_ma_pullback:bfd7d6ea9ce79dbbc5980a8b,A20E,first_ma_pullback:bfd7d6ea9ce79dbbc5980a8b,confirmed_source_event,2020-06-10,False
A20J:first_ma_pullback:d74d44e2bc5d74af33652e2a,A20J,first_ma_pullback:d74d44e2bc5d74af33652e2a,confirmed_source_event,2020-06-10,False
A20E:first_ma_pullback:e5173bd3c2e69fd544991ee8,A20E,first_ma_pullback:e5173bd3c2e69fd544991ee8,confirmed_source_event,2020-06-12,True
A20J:first_ma_pullback:4ba2d3f6a69840623798b79c,A20J,first_ma_pullback:4ba2d3f6a69840623798b79c,confirmed_source_event,2020-06-12,True
C1:two_b_reversal:0ead7c97aa101b8d9fa8b329,C1,two_b_reversal:0ead7c97aa101b8d9fa8b329,confirmed_source_event,2020-06-16,False
C2:two_b_reversal:11ce6187fc643354791b426b,C2,two_b_reversal:11ce6187fc643354791b426b,confirmed_source_event,2020-06-16,False
C3:two_b_reversal:f639fb8c6bbce92c6431c9b7,C3,two_b_reversal:f639fb8c6bbce92c6431c9b7,confirmed_source_event,2020-06-16,False
A20E:first_ma_pullback:6570a1447d0aa985cfb696d3,A20E,first_ma_pullback:6570a1447d0aa985cfb696d3,confirmed_source_event,2020-07-13,False
A20J:first_ma_pullback:475c59784625aa568737039e,A20J,first_ma_pullback:475c59784625aa568737039e,confirmed_source_event,2020-07-13,False
A20E:first_ma_pullback:15e4100d13d594bb8eef01c7,A20E,first_ma_pullback:15e4100d13d594bb8eef01c7,confirmed_source_event,2020-07-20,True
A20J:first_ma_pullback:28df4654fc5756fa21821ccf,A20J,first_ma_pullback:28df4654fc5756fa21821ccf,confirmed_source_event,2020-07-20,True
A20E:first_ma_pullback:6d77f2963c07180de8eec6bd,A20E,first_ma_pullback:6d77f2963c07180de8eec6bd,confirmed_source_event,2020-07-21,False
A20J:first_ma_pullback:c804431b60d4abad26a64244,A20J,first_ma_pullback:c804431b60d4abad26a64244,confirmed_source_event,2020-07-21,False
A20E:first_ma_pullback:21cb890b3ad437723c165777,A20E,first_ma_pullback:21cb890b3ad437723c165777,confirmed_source_event,2020-07-21,False
A20J:first_ma_pullback:50046db45e090bed25c5d6e6,A20J,first_ma_pullback:50046db45e090bed25c5d6e6,confirmed_source_event,2020-07-21,False
A60E:first_ma_pullback:c5b0e7353b2e697c634c07a6,A60E,first_ma_pullback:c5b0e7353b2e697c634c07a6,confirmed_source_event,2020-07-28,False
A60J:first_ma_pullback:b5bf0f6bf27a496b851f0b55,A60J,first_ma_pullback:b5bf0f6bf27a496b851f0b55,confirmed_source_event,2020-07-28,False
A20E:first_ma_pullback:d3017984f210b3f6ac8c13ae,A20E,first_ma_pullback:d3017984f210b3f6ac8c13ae,confirmed_source_event,2020-07-29,True
A20J:first_ma_pullback:1de283662e4982ea9bedb100,A20J,first_ma_pullback:1de283662e4982ea9bedb100,confirmed_source_event,2020-07-29,True
A20E:first_ma_pullback:6dcef85a2317d0df167db0fd,A20E,first_ma_pullback:6dcef85a2317d0df167db0fd,confirmed_source_event,2020-07-30,False
A20J:first_ma_pullback:866f896116b1de85b036737a,A20J,first_ma_pullback:866f896116b1de85b036737a,confirmed_source_event,2020-07-30,False
A20E:first_ma_pullback:9853696f82307de35fbbb6bf,A20E,first_ma_pullback:9853696f82307de35fbbb6bf,confirmed_source_event,2020-08-03,True
A20J:first_ma_pullback:c06dfb4557887aa36857f59a,A20J,first_ma_pullback:c06dfb4557887aa36857f59a,confirmed_source_event,2020-08-03,True
A20E:first_ma_pullback:cc58619baa58c01c01e1ca4d,A20E,first_ma_pullback:cc58619baa58c01c01e1ca4d,confirmed_source_event,2020-08-07,False
A20J:first_ma_pullback:4988f866b8bbfce1475f00d8,A20J,first_ma_pullback:4988f866b8bbfce1475f00d8,confirmed_source_event,2020-08-07,False
A20E:first_ma_pullback:9d06b872ee7123d470ed296a,A20E,first_ma_pullback:9d06b872ee7123d470ed296a,confirmed_source_event,2020-08-11,False
A20E:first_ma_pullback:495cfe432fa6280d534dbae4,A20E,first_ma_pullback:495cfe432fa6280d534dbae4,confirmed_source_event,2020-08-17,False
A20J:first_ma_pullback:571b9072b024b0b7fe532fb4,A20J,first_ma_pullback:571b9072b024b0b7fe532fb4,confirmed_source_event,2020-08-17,False
A20E:first_ma_pullback:d982508e3af176b37b815482,A20E,first_ma_pullback:d982508e3af176b37b815482,confirmed_source_event,2020-08-18,False
A20J:first_ma_pullback:fcd3a0c0e57a21b76d41835a,A20J,first_ma_pullback:fcd3a0c0e57a21b76d41835a,confirmed_source_event,2020-08-18,False
C1:two_b_reversal:eb1fd43e8a400d706996d8a5,C1,two_b_reversal:eb1fd43e8a400d706996d8a5,confirmed_source_event,2020-08-18,False
C2:two_b_reversal:b172601926fd0ee69e165734,C2,two_b_reversal:b172601926fd0ee69e165734,confirmed_source_event,2020-08-18,False
C3:two_b_reversal:3a40fc0f2d1355f98f094d29,C3,two_b_reversal:3a40fc0f2d1355f98f094d29,confirmed_source_event,2020-08-18,False
A20E:first_ma_pullback:671689bd5af584d21c2c8e34,A20E,first_ma_pullback:671689bd5af584d21c2c8e34,confirmed_source_event,2020-08-24,False
A20J:first_ma_pullback:83f79f97564bd7120761ff15,A20J,first_ma_pullback:83f79f97564bd7120761ff15,confirmed_source_event,2020-08-24,False
A60E:first_ma_pullback:3167d8e6f7cafdcc10d7fecf,A60E,first_ma_pullback:3167d8e6f7cafdcc10d7fecf,confirmed_source_event,2020-08-25,False
A60J:first_ma_pullback:b68590d62a59af4027f09900,A60J,first_ma_pullback:b68590d62a59af4027f09900,confirmed_source_event,2020-08-25,False
A20E:first_ma_pullback:aae91cf05b87e54e15c5a884,A20E,first_ma_pullback:aae91cf05b87e54e15c5a884,confirmed_source_event,2020-08-28,False
A20J:first_ma_pullback:bc830c3e5c1dc6b8f945887d,A20J,first_ma_pullback:bc830c3e5c1dc6b8f945887d,confirmed_source_event,2020-08-28,False
A60E:first_ma_pullback:3a21dde178ee9e74a1b6e7f2,A60E,first_ma_pullback:3a21dde178ee9e74a1b6e7f2,confirmed_source_event,2020-08-31,False
A20E:first_ma_pullback:238574b5587a7c227601585e,A20E,first_ma_pullback:238574b5587a7c227601585e,confirmed_source_event,2020-09-01,False
A20J:first_ma_pullback:2f69c4927f177dfac80c88a6,A20J,first_ma_pullback:2f69c4927f177dfac80c88a6,confirmed_source_event,2020-09-01,False
C1:two_b_reversal:595bda4463acc2131ef6c437,C1,two_b_reversal:595bda4463acc2131ef6c437,confirmed_source_event,2020-09-08,True
A60E:first_ma_pullback:c950c8f0bddb4cb751040215,A60E,first_ma_pullback:c950c8f0bddb4cb751040215,confirmed_source_event,2020-09-15,True
C1:two_b_reversal:9cc8a295d4b788e2d9263548,C1,two_b_reversal:9cc8a295d4b788e2d9263548,confirmed_source_event,2020-09-29,False
C1:two_b_reversal:9bfa1fcbb113cdd03f1273b6,C1,two_b_reversal:9bfa1fcbb113cdd03f1273b6,confirmed_source_event,2020-10-09,False
C2:two_b_reversal:e2b84b2accf29ccc18134aac,C2,two_b_reversal:e2b84b2accf29ccc18134aac,confirmed_source_event,2020-10-09,False
A60E:first_ma_pullback:7ed5520d179cfc3ba5c68158,A60E,first_ma_pullback:7ed5520d179cfc3ba5c68158,confirmed_source_event,2020-10-09,False
C2:two_b_reversal:38250c276ade0d3bcdf2e0ad,C2,two_b_reversal:38250c276ade0d3bcdf2e0ad,confirmed_source_event,2020-10-09,False
C3:two_b_reversal:c929a134e0abd9c94947d983,C3,two_b_reversal:c929a134e0abd9c94947d983,confirmed_source_event,2020-10-12,False
C3:two_b_reversal:a7499321a8a3b6373729b309,C3,two_b_reversal:a7499321a8a3b6373729b309,confirmed_source_event,2020-10-12,False
A60J:first_ma_pullback:83b4b098d7c6d7154f87edbc,A60J,first_ma_pullback:83b4b098d7c6d7154f87edbc,confirmed_source_event,2020-10-13,False
A20E:first_ma_pullback:129cd33ef89e2ad3d1bcdd89,A20E,first_ma_pullback:129cd33ef89e2ad3d1bcdd89,confirmed_source_event,2020-11-03,False
A20J:first_ma_pullback:df6ecae762f6b65513609bca,A20J,first_ma_pullback:df6ecae762f6b65513609bca,confirmed_source_event,2020-11-03,False
A60E:first_ma_pullback:762b262cf1426fc9e6212336,A60E,first_ma_pullback:762b262cf1426fc9e6212336,confirmed_source_event,2020-11-03,False
A60J:first_ma_pullback:449285f74df4842de2c46d1e,A60J,first_ma_pullback:449285f74df4842de2c46d1e,confirmed_source_event,2020-11-03,False
A20E:first_ma_pullback:8f95f7d4c4dee442ea266fde,A20E,first_ma_pullback:8f95f7d4c4dee442ea266fde,confirmed_source_event,2020-11-03,False
A20J:first_ma_pullback:d86160f2db07eba88d0af865,A20J,first_ma_pullback:d86160f2db07eba88d0af865,confirmed_source_event,2020-11-03,False
A20E:first_ma_pullback:38a74e2fb8ea4f15a3b109ab,A20E,first_ma_pullback:38a74e2fb8ea4f15a3b109ab,confirmed_source_event,2020-11-05,False
A20J:first_ma_pullback:fc516219ad4dcdec8be96eee,A20J,first_ma_pullback:fc516219ad4dcdec8be96eee,confirmed_source_event,2020-11-05,False
A60E:first_ma_pullback:1f8bfd8c0e0f4e7f5dc36e0a,A60E,first_ma_pullback:1f8bfd8c0e0f4e7f5dc36e0a,confirmed_source_event,2020-11-05,False
A60J:first_ma_pullback:79e6754c5f3f9d824a4ec6a2,A60J,first_ma_pullback:79e6754c5f3f9d824a4ec6a2,confirmed_source_event,2020-11-05,False
A20E:first_ma_pullback:1fb0bde10f2381772f496d23,A20E,first_ma_pullback:1fb0bde10f2381772f496d23,confirmed_source_event,2020-11-05,False
A20J:first_ma_pullback:22c006d4b2c147a19eb57716,A20J,first_ma_pullback:22c006d4b2c147a19eb57716,confirmed_source_event,2020-11-05,False
A60E:first_ma_pullback:cdf8c870bbd89acfb8c42c32,A60E,first_ma_pullback:cdf8c870bbd89acfb8c42c32,confirmed_source_event,2020-11-05,False
A60J:first_ma_pullback:c6c17a255a2cf3fb3ba5d4c8,A60J,first_ma_pullback:c6c17a255a2cf3fb3ba5d4c8,confirmed_source_event,2020-11-05,False
A20E:first_ma_pullback:b8406350a6eef7400d43e28d,A20E,first_ma_pullback:b8406350a6eef7400d43e28d,confirmed_source_event,2020-11-05,False
A20J:first_ma_pullback:5572a73de5e71dbc9fc35466,A20J,first_ma_pullback:5572a73de5e71dbc9fc35466,confirmed_source_event,2020-11-05,False
A20E:first_ma_pullback:9382eebb3f007553f71d5bd1,A20E,first_ma_pullback:9382eebb3f007553f71d5bd1,confirmed_source_event,2020-11-09,False
A20J:first_ma_pullback:86473cdcb566d85aa323b09f,A20J,first_ma_pullback:86473cdcb566d85aa323b09f,confirmed_source_event,2020-11-09,False
C1:two_b_reversal:8a75a9cc7be90931928e8aba,C1,two_b_reversal:8a75a9cc7be90931928e8aba,confirmed_source_event,2020-11-13,True
A60E:first_ma_pullback:c889711a783b3866716bdf8c,A60E,first_ma_pullback:c889711a783b3866716bdf8c,confirmed_source_event,2020-11-13,True
A60J:first_ma_pullback:9bc91ff8b4cb8443c57eb082,A60J,first_ma_pullback:9bc91ff8b4cb8443c57eb082,confirmed_source_event,2020-11-16,True
A20E:first_ma_pullback:73bbf25be7aa978fe2867cb1,A20E,first_ma_pullback:73bbf25be7aa978fe2867cb1,confirmed_source_event,2020-11-18,True
A20J:first_ma_pullback:8a23b25b9e1c3b04345645df,A20J,first_ma_pullback:8a23b25b9e1c3b04345645df,confirmed_source_event,2020-11-18,True
A20E:first_ma_pullback:4d5b21466989ec2be921463c,A20E,first_ma_pullback:4d5b21466989ec2be921463c,confirmed_source_event,2020-11-20,False
A20J:first_ma_pullback:1a736221adafd26ad1e90d74,A20J,first_ma_pullback:1a736221adafd26ad1e90d74,confirmed_source_event,2020-11-20,False
C1:two_b_reversal:3d509eb717bf7d71b9bd0f67,C1,two_b_reversal:3d509eb717bf7d71b9bd0f67,confirmed_source_event,2020-11-23,False
A20E:first_ma_pullback:092b3e0507340e87f19a6fcf,A20E,first_ma_pullback:092b3e0507340e87f19a6fcf,confirmed_source_event,2020-12-01,False
A20J:first_ma_pullback:f805595109b99ff0530f8651,A20J,first_ma_pullback:f805595109b99ff0530f8651,confirmed_source_event,2020-12-01,False
A120E:first_ma_pullback:a3710a956c2e4297bb53ea8e,A120E,first_ma_pullback:a3710a956c2e4297bb53ea8e,confirmed_source_event,2020-12-01,False
C1:two_b_reversal:dc84f9584990586aa2c4b37c,C1,two_b_reversal:dc84f9584990586aa2c4b37c,confirmed_source_event,2020-12-16,False
C2:two_b_reversal:843ba5c48b48d73d334b35d0,C2,two_b_reversal:843ba5c48b48d73d334b35d0,confirmed_source_event,2020-12-18,False
A20E:first_ma_pullback:b38727db29219e36125bc936,A20E,first_ma_pullback:b38727db29219e36125bc936,confirmed_source_event,2020-12-21,False
A20J:first_ma_pullback:affbb76e312a07a690a960d7,A20J,first_ma_pullback:affbb76e312a07a690a960d7,confirmed_source_event,2020-12-21,False
C3:two_b_reversal:ccee5b5740af4748945b9c1c,C3,two_b_reversal:ccee5b5740af4748945b9c1c,confirmed_source_event,2020-12-21,False
A20E:first_ma_pullback:b7ebcaf88eb398577c2455f0,A20E,first_ma_pullback:b7ebcaf88eb398577c2455f0,confirmed_source_event,2020-12-24,False
A20J:first_ma_pullback:a9801545229fe3b607f2b3c8,A20J,first_ma_pullback:a9801545229fe3b607f2b3c8,confirmed_source_event,2020-12-24,False
A20E:first_ma_pullback:4f71c5339a5f4a1bd1205f65,A20E,first_ma_pullback:4f71c5339a5f4a1bd1205f65,confirmed_source_event,2020-12-28,False
A20J:first_ma_pullback:6dd82acdbcefca5e2f211ac4,A20J,first_ma_pullback:6dd82acdbcefca5e2f211ac4,confirmed_source_event,2020-12-28,False
A20E:first_ma_pullback:352e528ef7f81cad9f54d2d0,A20E,first_ma_pullback:352e528ef7f81cad9f54d2d0,confirmed_source_event,2020-12-31,False
A20J:first_ma_pullback:0916c4f412a4c20089cfe9e3,A20J,first_ma_pullback:0916c4f412a4c20089cfe9e3,confirmed_source_event,2020-12-31,False
A120J:first_ma_pullback:d43e941103b1d0dfe40656fd,A120J,first_ma_pullback:d43e941103b1d0dfe40656fd,confirmed_source_event,2021-01-06,False
A20E:first_ma_pullback:42ce3b84162ddba0cddd6fca,A20E,first_ma_pullback:42ce3b84162ddba0cddd6fca,confirmed_source_event,2021-01-20,False
A20J:first_ma_pullback:370a5b71b274d1849ef13ae4,A20J,first_ma_pullback:370a5b71b274d1849ef13ae4,confirmed_source_event,2021-01-20,False
A20E:first_ma_pullback:7d6b160ebb25e1e886f68d26,A20E,first_ma_pullback:7d6b160ebb25e1e886f68d26,confirmed_source_event,2021-02-03,False
A20J:first_ma_pullback:0883c9c3c8fb7403559280e5,A20J,first_ma_pullback:0883c9c3c8fb7403559280e5,confirmed_source_event,2021-02-03,False
A20E:first_ma_pullback:60e9b5fa9337aa2ef16a5d8c,A20E,first_ma_pullback:60e9b5fa9337aa2ef16a5d8c,confirmed_source_event,2021-02-03,False
A20J:first_ma_pullback:0af95a783ef1adc5d8b6a3ca,A20J,first_ma_pullback:0af95a783ef1adc5d8b6a3ca,confirmed_source_event,2021-02-03,False
A20E:first_ma_pullback:0420cbd449f6508318a64864,A20E,first_ma_pullback:0420cbd449f6508318a64864,confirmed_source_event,2021-02-09,False
A20J:first_ma_pullback:272e3e7533b2aa4dd02c41c1,A20J,first_ma_pullback:272e3e7533b2aa4dd02c41c1,confirmed_source_event,2021-02-09,False
C1:two_b_reversal:a9528b094d39a247cfc3108f,C1,two_b_reversal:a9528b094d39a247cfc3108f,confirmed_source_event,2021-03-01,False
C1:two_b_reversal:cb817cd0f7d58a3cb4aa940b,C1,two_b_reversal:cb817cd0f7d58a3cb4aa940b,confirmed_source_event,2021-05-12,False
C2:two_b_reversal:ce791d0b9239acb7a7cb05cb,C2,two_b_reversal:ce791d0b9239acb7a7cb05cb,confirmed_source_event,2021-05-14,False
C3:two_b_reversal:218f5dc8d3992d20cb1a189e,C3,two_b_reversal:218f5dc8d3992d20cb1a189e,confirmed_source_event,2021-05-14,False
C1:two_b_reversal:140317b780c94475fc355960,C1,two_b_reversal:140317b780c94475fc355960,confirmed_source_event,2021-06-17,False
C2:two_b_reversal:df25fb4e56f22e165edfac80,C2,two_b_reversal:df25fb4e56f22e165edfac80,confirmed_source_event,2021-06-17,False
C3:two_b_reversal:36d72e4c3cfbcf8f90d7de50,C3,two_b_reversal:36d72e4c3cfbcf8f90d7de50,confirmed_source_event,2021-06-18,False
C1:two_b_reversal:77c9ff314619a1ece2838f8c,C1,two_b_reversal:77c9ff314619a1ece2838f8c,confirmed_source_event,2021-07-01,True
C2:two_b_reversal:eb928fd55b91309ab177544f,C2,two_b_reversal:eb928fd55b91309ab177544f,confirmed_source_event,2021-07-06,False
A20E:first_ma_pullback:1b2b7bac9038ec059926003f,A20E,first_ma_pullback:1b2b7bac9038ec059926003f,confirmed_source_event,2021-07-08,False
A20J:first_ma_pullback:78187934008fd0922e07b486,A20J,first_ma_pullback:78187934008fd0922e07b486,confirmed_source_event,2021-07-08,False
A20E:first_ma_pullback:47e34b3a74d899c73475138c,A20E,first_ma_pullback:47e34b3a74d899c73475138c,confirmed_source_event,2021-07-12,False
A20J:first_ma_pullback:3c63251fa605d2b622a7476c,A20J,first_ma_pullback:3c63251fa605d2b622a7476c,confirmed_source_event,2021-07-12,False
C3:two_b_reversal:49f4f08f8f26a44dd3b4e057,C3,two_b_reversal:49f4f08f8f26a44dd3b4e057,confirmed_source_event,2021-07-15,False
A20E:first_ma_pullback:53f4104bc2d2961010510213,A20E,first_ma_pullback:53f4104bc2d2961010510213,confirmed_source_event,2021-07-22,False
A20J:first_ma_pullback:4a20fcbc46929f8d27617a77,A20J,first_ma_pullback:4a20fcbc46929f8d27617a77,confirmed_source_event,2021-07-22,False
C1:two_b_reversal:63fd650dd0437018372c1025,C1,two_b_reversal:63fd650dd0437018372c1025,confirmed_source_event,2021-07-28,False
C2:two_b_reversal:7373ca3ac558bf567d83f808,C2,two_b_reversal:7373ca3ac558bf567d83f808,confirmed_source_event,2021-07-29,False
C3:two_b_reversal:515ba71e79ea225f140ac9a2,C3,two_b_reversal:515ba71e79ea225f140ac9a2,confirmed_source_event,2021-07-29,False
A20E:first_ma_pullback:e4176eab512206b72175dd0b,A20E,first_ma_pullback:e4176eab512206b72175dd0b,confirmed_source_event,2021-07-30,False
A20J:first_ma_pullback:efbe43f508dfa697ce9bc45d,A20J,first_ma_pullback:efbe43f508dfa697ce9bc45d,confirmed_source_event,2021-07-30,False
A60E:first_ma_pullback:5d44658994a246183798f5bf,A60E,first_ma_pullback:5d44658994a246183798f5bf,confirmed_source_event,2021-07-30,False
A60J:first_ma_pullback:a796ca39309faf815555fe90,A60J,first_ma_pullback:a796ca39309faf815555fe90,confirmed_source_event,2021-07-30,False
A20E:first_ma_pullback:7d3b2b5b3d440e245487728a,A20E,first_ma_pullback:7d3b2b5b3d440e245487728a,confirmed_source_event,2021-08-02,False
A20J:first_ma_pullback:c389c9cd3b755a66dcce55f0,A20J,first_ma_pullback:c389c9cd3b755a66dcce55f0,confirmed_source_event,2021-08-02,False
A20E:first_ma_pullback:2772ab4250686fc439c96d4a,A20E,first_ma_pullback:2772ab4250686fc439c96d4a,confirmed_source_event,2021-08-03,False
A20J:first_ma_pullback:80b0e6aac5e5df71052a60f0,A20J,first_ma_pullback:80b0e6aac5e5df71052a60f0,confirmed_source_event,2021-08-03,False
A60E:first_ma_pullback:0c6cc93d6f12abde6f5962a5,A60E,first_ma_pullback:0c6cc93d6f12abde6f5962a5,confirmed_source_event,2021-08-03,False
A60J:first_ma_pullback:fd95bccdbf53b5b18ceb4b5f,A60J,first_ma_pullback:fd95bccdbf53b5b18ceb4b5f,confirmed_source_event,2021-08-03,False
A20E:first_ma_pullback:0eb31feb4d8294abf3409b46,A20E,first_ma_pullback:0eb31feb4d8294abf3409b46,confirmed_source_event,2021-08-04,False
A20J:first_ma_pullback:1bf92d05b946380fe9cd16d9,A20J,first_ma_pullback:1bf92d05b946380fe9cd16d9,confirmed_source_event,2021-08-04,False
A20E:first_ma_pullback:947baf51ab827bdc3a270f69,A20E,first_ma_pullback:947baf51ab827bdc3a270f69,confirmed_source_event,2021-08-05,False
A20J:first_ma_pullback:650defff3d7adeab902e7ec4,A20J,first_ma_pullback:650defff3d7adeab902e7ec4,confirmed_source_event,2021-08-05,False
A20E:first_ma_pullback:84f7f7459d7c8e1a39cb63fe,A20E,first_ma_pullback:84f7f7459d7c8e1a39cb63fe,confirmed_source_event,2021-08-16,False
A20J:first_ma_pullback:c648c4c87536e83c74ab33f3,A20J,first_ma_pullback:c648c4c87536e83c74ab33f3,confirmed_source_event,2021-08-16,False
C1:two_b_reversal:519859d008efdb3ac2e0420f,C1,two_b_reversal:519859d008efdb3ac2e0420f,confirmed_source_event,2021-08-18,False
C1:two_b_reversal:f0b9ddf76c004263bb5b4cf5,C1,two_b_reversal:f0b9ddf76c004263bb5b4cf5,confirmed_source_event,2021-08-23,False
C2:two_b_reversal:276dcafc944004e3e2f42dcb,C2,two_b_reversal:276dcafc944004e3e2f42dcb,confirmed_source_event,2021-08-23,False
C3:two_b_reversal:a3a53915ab61fab0d6cd4f58,C3,two_b_reversal:a3a53915ab61fab0d6cd4f58,confirmed_source_event,2021-08-23,False
A20E:first_ma_pullback:cbe93eaf4b658aa7c3db4a2e,A20E,first_ma_pullback:cbe93eaf4b658aa7c3db4a2e,confirmed_source_event,2021-08-24,False
A20J:first_ma_pullback:5f2a93c036eb1e936b0af1e2,A20J,first_ma_pullback:5f2a93c036eb1e936b0af1e2,confirmed_source_event,2021-08-24,False
C1:two_b_reversal:8a5a4e6231cc46ca72590db9,C1,two_b_reversal:8a5a4e6231cc46ca72590db9,confirmed_source_event,2021-10-13,False
C2:two_b_reversal:ad61c525f048775b1cbe462f,C2,two_b_reversal:ad61c525f048775b1cbe462f,confirmed_source_event,2021-10-14,False
C3:two_b_reversal:953a5ee005269535ba8c717e,C3,two_b_reversal:953a5ee005269535ba8c717e,confirmed_source_event,2021-10-15,False
C1:two_b_reversal:e8ad8506c0ba8615acd28419,C1,two_b_reversal:e8ad8506c0ba8615acd28419,confirmed_source_event,2021-11-04,False
C1:two_b_reversal:006a3fd449b862ffe9668371,C1,two_b_reversal:006a3fd449b862ffe9668371,confirmed_source_event,2021-11-05,False
C2:two_b_reversal:1a18496683db6dc586bc0937,C2,two_b_reversal:1a18496683db6dc586bc0937,confirmed_source_event,2021-11-05,False
C3:two_b_reversal:c72e19dc396f850b4ce4c236,C3,two_b_reversal:c72e19dc396f850b4ce4c236,confirmed_source_event,2021-11-05,False
C2:two_b_reversal:61ed9bb331c697bdb4cb55de,C2,two_b_reversal:61ed9bb331c697bdb4cb55de,confirmed_source_event,2021-11-11,False
C3:two_b_reversal:cb318b62f9fddf7d74a8a32e,C3,two_b_reversal:cb318b62f9fddf7d74a8a32e,confirmed_source_event,2021-11-15,False
A60E:first_ma_pullback:059aa43789a1de3330c3ee82,A60E,first_ma_pullback:059aa43789a1de3330c3ee82,confirmed_source_event,2021-12-08,False
A60J:first_ma_pullback:15417d2ebc851727ab1f99a4,A60J,first_ma_pullback:15417d2ebc851727ab1f99a4,confirmed_source_event,2021-12-08,False
A60E:first_ma_pullback:48545209a58ebe682db56ee3,A60E,first_ma_pullback:48545209a58ebe682db56ee3,confirmed_source_event,2021-12-16,False
C1:two_b_reversal:df28a29578c97238bed45e0a,C1,two_b_reversal:df28a29578c97238bed45e0a,confirmed_source_event,2021-12-16,True
C2:two_b_reversal:95d1392d38fb161f391b3f12,C2,two_b_reversal:95d1392d38fb161f391b3f12,confirmed_source_event,2021-12-17,False
C1:two_b_reversal:137e6694272f155d950d8d5d,C1,two_b_reversal:137e6694272f155d950d8d5d,confirmed_source_event,2021-12-21,False
C1:two_b_reversal:f095acf5898756371619a522,C1,two_b_reversal:f095acf5898756371619a522,confirmed_source_event,2021-12-21,True
A60E:first_ma_pullback:cea0ef50b43e4b437b7fe4a7,A60E,first_ma_pullback:cea0ef50b43e4b437b7fe4a7,confirmed_source_event,2021-12-23,False
C2:two_b_reversal:fe93da674aa64850f7d417ad,C2,two_b_reversal:fe93da674aa64850f7d417ad,confirmed_source_event,2021-12-23,False
C3:two_b_reversal:f7ed868274b49a3db5509272,C3,two_b_reversal:f7ed868274b49a3db5509272,confirmed_source_event,2021-12-23,False
A60J:first_ma_pullback:875510d9ad64aa6cc5312444,A60J,first_ma_pullback:875510d9ad64aa6cc5312444,confirmed_source_event,2021-12-27,False
C3:two_b_reversal:90f9e82157d66d51581dcece,C3,two_b_reversal:90f9e82157d66d51581dcece,confirmed_source_event,2021-12-27,False
A20E:first_ma_pullback:defc40d8b5ce1509b4ea0c1c,A20E,first_ma_pullback:defc40d8b5ce1509b4ea0c1c,confirmed_source_event,2021-12-28,False
A20J:first_ma_pullback:bb88c2fbadf097d0a359de1e,A20J,first_ma_pullback:bb88c2fbadf097d0a359de1e,confirmed_source_event,2021-12-28,False
C1:two_b_reversal:875f432214cf78ccbc468ef6,C1,two_b_reversal:875f432214cf78ccbc468ef6,confirmed_source_event,2022-01-11,False
C2:two_b_reversal:4e32103057e17dcfda82ab33,C2,two_b_reversal:4e32103057e17dcfda82ab33,confirmed_source_event,2022-01-11,False
C3:two_b_reversal:89bd9372b622e0d517f8ed75,C3,two_b_reversal:89bd9372b622e0d517f8ed75,confirmed_source_event,2022-01-11,False
D:module_d_false_breakout:9509710f935cea6588c929ba,D,module_d_false_breakout:9509710f935cea6588c929ba,confirmed_source_event,2022-01-11,False
C1:two_b_reversal:d69e8a24b53cd9b62a9006cd,C1,two_b_reversal:d69e8a24b53cd9b62a9006cd,confirmed_source_event,2022-01-12,False
C1:two_b_reversal:88868f8bf54bd4c68d183efc,C1,two_b_reversal:88868f8bf54bd4c68d183efc,confirmed_source_event,2022-01-24,True
C1:two_b_reversal:1cffb368a132c351f927d40c,C1,two_b_reversal:1cffb368a132c351f927d40c,confirmed_source_event,2022-02-23,True
C1:two_b_reversal:94737d859fd7d4b91ef156fe,C1,two_b_reversal:94737d859fd7d4b91ef156fe,confirmed_source_event,2022-03-09,True
C1:two_b_reversal:7889ffe8e32773808b19b1dc,C1,two_b_reversal:7889ffe8e32773808b19b1dc,confirmed_source_event,2022-03-16,False
C2:two_b_reversal:7a57ad65c39533ceed3cb521,C2,two_b_reversal:7a57ad65c39533ceed3cb521,confirmed_source_event,2022-03-17,False
C3:two_b_reversal:0fad642fd0ddec38a7e0aef5,C3,two_b_reversal:0fad642fd0ddec38a7e0aef5,confirmed_source_event,2022-03-22,False
C2:two_b_reversal:10e83298f2e5e108b68bb926,C2,two_b_reversal:10e83298f2e5e108b68bb926,confirmed_source_event,2022-04-01,False
C1:two_b_reversal:b57ecffd49db0a0df62dbd4d,C1,two_b_reversal:b57ecffd49db0a0df62dbd4d,confirmed_source_event,2022-04-26,False
C1:two_b_reversal:4a34f974a2bd4bddd8af5807,C1,two_b_reversal:4a34f974a2bd4bddd8af5807,confirmed_source_event,2022-05-17,False
C1:two_b_reversal:e6a9af10bfa6c035111610b8,C1,two_b_reversal:e6a9af10bfa6c035111610b8,confirmed_source_event,2022-05-25,True
C1:two_b_reversal:1d9a0936542b8d1bf6d7a3f7,C1,two_b_reversal:1d9a0936542b8d1bf6d7a3f7,confirmed_source_event,2022-05-27,False
C2:two_b_reversal:83192dcf907327b5cd5b4840,C2,two_b_reversal:83192dcf907327b5cd5b4840,confirmed_source_event,2022-05-30,False
C2:two_b_reversal:b7ba27be3bf52e4f9e9f311a,C2,two_b_reversal:b7ba27be3bf52e4f9e9f311a,confirmed_source_event,2022-05-31,False
C3:two_b_reversal:da5af80b1d1a6ce44afab24d,C3,two_b_reversal:da5af80b1d1a6ce44afab24d,confirmed_source_event,2022-05-31,False
C3:two_b_reversal:c548c7c7d5e10ef5d448c1b8,C3,two_b_reversal:c548c7c7d5e10ef5d448c1b8,confirmed_source_event,2022-06-08,False
C1:two_b_reversal:f090b1fa70bbbea0061a7a20,C1,two_b_reversal:f090b1fa70bbbea0061a7a20,confirmed_source_event,2022-06-16,True
C2:two_b_reversal:595001877d57aa5e7143102e,C2,two_b_reversal:595001877d57aa5e7143102e,confirmed_source_event,2022-06-17,False
C1:two_b_reversal:0930863642f5c1a7bfbaf19a,C1,two_b_reversal:0930863642f5c1a7bfbaf19a,confirmed_source_event,2022-07-13,False
C2:two_b_reversal:f9a2f09c1f711a8a9d005bae,C2,two_b_reversal:f9a2f09c1f711a8a9d005bae,confirmed_source_event,2022-07-13,False
C3:two_b_reversal:89326d4597d592336b046ee3,C3,two_b_reversal:89326d4597d592336b046ee3,confirmed_source_event,2022-07-14,False
C1:two_b_reversal:be9b31c9415dce4699001bf3,C1,two_b_reversal:be9b31c9415dce4699001bf3,confirmed_source_event,2022-07-22,False
C1:two_b_reversal:dca499aeaa5457a9464f8f0e,C1,two_b_reversal:dca499aeaa5457a9464f8f0e,confirmed_source_event,2022-07-26,True
C2:two_b_reversal:cf39394788b560f130bbf38c,C2,two_b_reversal:cf39394788b560f130bbf38c,confirmed_source_event,2022-07-28,False
C1:two_b_reversal:cb6c8ae570b3425ed41fdee4,C1,two_b_reversal:cb6c8ae570b3425ed41fdee4,confirmed_source_event,2022-08-01,False
C2:two_b_reversal:234d424c3ded37818d3d1103,C2,two_b_reversal:234d424c3ded37818d3d1103,confirmed_source_event,2022-08-01,False
C3:two_b_reversal:d650ce4c842b689dda748b72,C3,two_b_reversal:d650ce4c842b689dda748b72,confirmed_source_event,2022-08-03,False
C1:two_b_reversal:f76446c89e79c2960438b25d,C1,two_b_reversal:f76446c89e79c2960438b25d,confirmed_source_event,2022-08-25,False
C1:two_b_reversal:ab73176d590291a2d204f4a5,C1,two_b_reversal:ab73176d590291a2d204f4a5,confirmed_source_event,2022-09-05,False
C2:two_b_reversal:ead5d4467b1e111555af7e6e,C2,two_b_reversal:ead5d4467b1e111555af7e6e,confirmed_source_event,2022-09-05,False
C3:two_b_reversal:cb9f86af6450fed76c8957c5,C3,two_b_reversal:cb9f86af6450fed76c8957c5,confirmed_source_event,2022-09-08,False
C1:two_b_reversal:dd6674b9932c8ebda61bf217,C1,two_b_reversal:dd6674b9932c8ebda61bf217,confirmed_source_event,2022-09-20,False
C1:two_b_reversal:7b21cec600e0c272d063758e,C1,two_b_reversal:7b21cec600e0c272d063758e,confirmed_source_event,2022-10-12,False
C2:two_b_reversal:81baf35ceaad7b44edd16cd4,C2,two_b_reversal:81baf35ceaad7b44edd16cd4,confirmed_source_event,2022-10-14,False
C3:two_b_reversal:aaa49335338db43b6894c8d2,C3,two_b_reversal:aaa49335338db43b6894c8d2,confirmed_source_event,2022-11-02,False
C1:two_b_reversal:31a888891010cbe3a1bd28c0,C1,two_b_reversal:31a888891010cbe3a1bd28c0,confirmed_source_event,2022-12-09,False
C2:two_b_reversal:c3c15ffe75d0d618b135770b,C2,two_b_reversal:c3c15ffe75d0d618b135770b,confirmed_source_event,2022-12-09,False
C3:two_b_reversal:a220daeb5da59d4d713571f3,C3,two_b_reversal:a220daeb5da59d4d713571f3,confirmed_source_event,2022-12-14,False
A20E:first_ma_pullback:a89f221d959c99cc4468e056,A20E,first_ma_pullback:a89f221d959c99cc4468e056,confirmed_source_event,2022-12-20,False
A20J:first_ma_pullback:3c3259f1aed1604db4e046ac,A20J,first_ma_pullback:3c3259f1aed1604db4e046ac,confirmed_source_event,2022-12-20,False
A20E:first_ma_pullback:80220219daf47cfe73312827,A20E,first_ma_pullback:80220219daf47cfe73312827,confirmed_source_event,2022-12-28,False
A20J:first_ma_pullback:117fd831e3b1104484a19c18,A20J,first_ma_pullback:117fd831e3b1104484a19c18,confirmed_source_event,2022-12-28,False
A20E:first_ma_pullback:444a4142a9b03566cd5683a6,A20E,first_ma_pullback:444a4142a9b03566cd5683a6,confirmed_source_event,2022-12-30,False
A20J:first_ma_pullback:57ae0e0ad19b6f101dbdd97a,A20J,first_ma_pullback:57ae0e0ad19b6f101dbdd97a,confirmed_source_event,2022-12-30,False
C1:two_b_reversal:58cf83a8b75bd25841523b94,C1,two_b_reversal:58cf83a8b75bd25841523b94,confirmed_source_event,2023-02-20,False
C2:two_b_reversal:5ad490dd33aa20b59f7bf173,C2,two_b_reversal:5ad490dd33aa20b59f7bf173,confirmed_source_event,2023-02-20,False
C1:two_b_reversal:cd813d18281067f5bcdde307,C1,two_b_reversal:cd813d18281067f5bcdde307,confirmed_source_event,2023-02-23,True
C2:two_b_reversal:484a38960ddb26ada43f28c8,C2,two_b_reversal:484a38960ddb26ada43f28c8,confirmed_source_event,2023-02-23,True
C1:two_b_reversal:cfc15c6ccf11008a2eb2f4b3,C1,two_b_reversal:cfc15c6ccf11008a2eb2f4b3,confirmed_source_event,2023-02-28,True
A60E:first_ma_pullback:771506bc1ea96052b75d310f,A60E,first_ma_pullback:771506bc1ea96052b75d310f,confirmed_source_event,2023-03-01,False
C1:two_b_reversal:09947f25b9c4dfd0dcaa52cd,C1,two_b_reversal:09947f25b9c4dfd0dcaa52cd,confirmed_source_event,2023-03-06,False
C2:two_b_reversal:9021579a37c9228424506dbf,C2,two_b_reversal:9021579a37c9228424506dbf,confirmed_source_event,2023-03-06,False
C3:two_b_reversal:33b91dd79da12cd8c5da9a68,C3,two_b_reversal:33b91dd79da12cd8c5da9a68,confirmed_source_event,2023-03-06,False
A60J:first_ma_pullback:138412f76d887f88426db087,A60J,first_ma_pullback:138412f76d887f88426db087,confirmed_source_event,2023-03-06,False
A20E:first_ma_pullback:ae6da7069d11e92f64232859,A20E,first_ma_pullback:ae6da7069d11e92f64232859,confirmed_source_event,2023-03-10,False
A20J:first_ma_pullback:78f1029f4525ca295724e844,A20J,first_ma_pullback:78f1029f4525ca295724e844,confirmed_source_event,2023-03-10,False
C1:two_b_reversal:27691b9a607fc3b38fe445e8,C1,two_b_reversal:27691b9a607fc3b38fe445e8,confirmed_source_event,2023-04-14,False
C3:two_b_reversal:8613e5bef946a9dc1536654e,C3,two_b_reversal:8613e5bef946a9dc1536654e,confirmed_source_event,2023-04-14,False
C1:two_b_reversal:813619ca9f90be8f5c28f13f,C1,two_b_reversal:813619ca9f90be8f5c28f13f,confirmed_source_event,2023-04-25,False
C2:two_b_reversal:bfa2a8a29b4bf7725457e79a,C2,two_b_reversal:bfa2a8a29b4bf7725457e79a,confirmed_source_event,2023-04-25,False
C3:two_b_reversal:e69573671ff957c48ebab1f6,C3,two_b_reversal:e69573671ff957c48ebab1f6,confirmed_source_event,2023-04-25,False
A20E:first_ma_pullback:3cbcfb8de863080ddd562c60,A20E,first_ma_pullback:3cbcfb8de863080ddd562c60,confirmed_source_event,2023-04-26,True
A20J:first_ma_pullback:aa5691c64749e2e4085f57b0,A20J,first_ma_pullback:aa5691c64749e2e4085f57b0,confirmed_source_event,2023-04-26,True
C2:two_b_reversal:d04fb916d54fe6d78cc572b1,C2,two_b_reversal:d04fb916d54fe6d78cc572b1,confirmed_source_event,2023-04-27,False
A20E:first_ma_pullback:0b553a48a77d09616aff53b4,A20E,first_ma_pullback:0b553a48a77d09616aff53b4,confirmed_source_event,2023-06-01,False
C1:two_b_reversal:5a7b519c47ffc4b3a3effe9f,C1,two_b_reversal:5a7b519c47ffc4b3a3effe9f,confirmed_source_event,2023-06-02,False
A20E:first_ma_pullback:2a64dcd752fb00d61d07bced,A20E,first_ma_pullback:2a64dcd752fb00d61d07bced,confirmed_source_event,2023-06-12,False
A20J:first_ma_pullback:0b68baa96aa2a2f921336bcb,A20J,first_ma_pullback:0b68baa96aa2a2f921336bcb,confirmed_source_event,2023-06-13,False
A20E:first_ma_pullback:d41dc52d3f198bb85b3748fb,A20E,first_ma_pullback:d41dc52d3f198bb85b3748fb,confirmed_source_event,2023-06-19,True
A20J:first_ma_pullback:e7d7666badb7432a86417b5c,A20J,first_ma_pullback:e7d7666badb7432a86417b5c,confirmed_source_event,2023-06-19,True
A60E:first_ma_pullback:dda88806d803191b9f917214,A60E,first_ma_pullback:dda88806d803191b9f917214,confirmed_source_event,2023-07-04,False
A60J:first_ma_pullback:0244694d9b82d8480c73b43e,A60J,first_ma_pullback:0244694d9b82d8480c73b43e,confirmed_source_event,2023-07-05,False
A20E:first_ma_pullback:eef8c5fefce6ea177f22223f,A20E,first_ma_pullback:eef8c5fefce6ea177f22223f,confirmed_source_event,2023-07-06,False
A20J:first_ma_pullback:d71d2b39cfd609d540f9929c,A20J,first_ma_pullback:d71d2b39cfd609d540f9929c,confirmed_source_event,2023-07-06,False
A20E:first_ma_pullback:0f6b28faddba5e37009747b0,A20E,first_ma_pullback:0f6b28faddba5e37009747b0,confirmed_source_event,2023-07-12,False
A20J:first_ma_pullback:ef7d3336944e326a2d17065d,A20J,first_ma_pullback:ef7d3336944e326a2d17065d,confirmed_source_event,2023-07-13,False
A20E:first_ma_pullback:71c181a1b825db56b08cebe8,A20E,first_ma_pullback:71c181a1b825db56b08cebe8,confirmed_source_event,2023-08-01,False
A20J:first_ma_pullback:bddea05c452cdb53b507cf20,A20J,first_ma_pullback:bddea05c452cdb53b507cf20,confirmed_source_event,2023-08-01,False
C1:two_b_reversal:7c336c8d3e23579d757b7737,C1,two_b_reversal:7c336c8d3e23579d757b7737,confirmed_source_event,2023-08-04,False
C2:two_b_reversal:7d0532d11bf24909b6da2e2d,C2,two_b_reversal:7d0532d11bf24909b6da2e2d,confirmed_source_event,2023-08-04,False
A20E:first_ma_pullback:769c793a96e25b5d19d9940b,A20E,first_ma_pullback:769c793a96e25b5d19d9940b,confirmed_source_event,2023-08-16,False
C1:two_b_reversal:d63e2c1592e5331a0b45d79e,C1,two_b_reversal:d63e2c1592e5331a0b45d79e,confirmed_source_event,2023-08-17,True
A20J:first_ma_pullback:e293474d982fe278eac63861,A20J,first_ma_pullback:e293474d982fe278eac63861,confirmed_source_event,2023-08-22,False
A20E:first_ma_pullback:79415ce9009b3ae797c683d3,A20E,first_ma_pullback:79415ce9009b3ae797c683d3,confirmed_source_event,2023-08-24,False
A20J:first_ma_pullback:71462e45671d92ace3f2a41f,A20J,first_ma_pullback:71462e45671d92ace3f2a41f,confirmed_source_event,2023-08-24,False
C1:two_b_reversal:49596323774e2ec62314e721,C1,two_b_reversal:49596323774e2ec62314e721,confirmed_source_event,2023-09-22,False
C1:two_b_reversal:e86f0d3a20a97772730bb919,C1,two_b_reversal:e86f0d3a20a97772730bb919,confirmed_source_event,2023-10-11,True
A60E:first_ma_pullback:d92753dc778a275619e3a039,A60E,first_ma_pullback:d92753dc778a275619e3a039,confirmed_source_event,2023-10-18,False
A60J:first_ma_pullback:cef646e59a35dd6dfcc2d33e,A60J,first_ma_pullback:cef646e59a35dd6dfcc2d33e,confirmed_source_event,2023-10-20,False
C1:two_b_reversal:cdfe10888851f891319c7180,C1,two_b_reversal:cdfe10888851f891319c7180,confirmed_source_event,2023-11-02,False
C2:two_b_reversal:e82ab1a0be8bdb5ba48b4d8f,C2,two_b_reversal:e82ab1a0be8bdb5ba48b4d8f,confirmed_source_event,2023-11-02,False
C3:two_b_reversal:60d81d14bf9ab7759815f795,C3,two_b_reversal:60d81d14bf9ab7759815f795,confirmed_source_event,2023-11-02,False
A60E:first_ma_pullback:497d8b3fce475f9d676b5587,A60E,first_ma_pullback:497d8b3fce475f9d676b5587,confirmed_source_event,2023-11-14,False
A60J:first_ma_pullback:94dcc754532f2a43c3743527,A60J,first_ma_pullback:94dcc754532f2a43c3743527,confirmed_source_event,2023-11-14,False
C1:two_b_reversal:9a4ecb9be8256f00c7efa231,C1,two_b_reversal:9a4ecb9be8256f00c7efa231,confirmed_source_event,2023-11-23,False
A60E:first_ma_pullback:ac591523edcd24ee1bb15ec7,A60E,first_ma_pullback:ac591523edcd24ee1bb15ec7,confirmed_source_event,2023-11-28,False
A60J:first_ma_pullback:37f7f8246665c6ba627063f4,A60J,first_ma_pullback:37f7f8246665c6ba627063f4,confirmed_source_event,2023-12-04,False
C1:two_b_reversal:9513e6ed27b6087814984a96,C1,two_b_reversal:9513e6ed27b6087814984a96,confirmed_source_event,2023-12-06,False
C2:two_b_reversal:829611e02abfa79ed4cacc0d,C2,two_b_reversal:829611e02abfa79ed4cacc0d,confirmed_source_event,2023-12-06,False
C3:two_b_reversal:098135eb273ce8ba7c427676,C3,two_b_reversal:098135eb273ce8ba7c427676,confirmed_source_event,2023-12-06,False
A20E:first_ma_pullback:64e8c7322fdea81bccfdf858,A20E,first_ma_pullback:64e8c7322fdea81bccfdf858,confirmed_source_event,2023-12-08,True
A20J:first_ma_pullback:5dfc14dc6e284f6f8b6b9c36,A20J,first_ma_pullback:5dfc14dc6e284f6f8b6b9c36,confirmed_source_event,2023-12-08,True
A20E:first_ma_pullback:d22a8730499097b98120da9a,A20E,first_ma_pullback:d22a8730499097b98120da9a,confirmed_source_event,2023-12-15,False
A20J:first_ma_pullback:78ac48e47dcee0e1b915de16,A20J,first_ma_pullback:78ac48e47dcee0e1b915de16,confirmed_source_event,2023-12-15,False
A20E:first_ma_pullback:60cbe5b01c2e13274bc83e07,A20E,first_ma_pullback:60cbe5b01c2e13274bc83e07,confirmed_source_event,2024-01-10,False
A20J:first_ma_pullback:51a8e60327341a4c0935c382,A20J,first_ma_pullback:51a8e60327341a4c0935c382,confirmed_source_event,2024-01-10,False
A20E:first_ma_pullback:7853742e3d9cd0e9a83bbdbb,A20E,first_ma_pullback:7853742e3d9cd0e9a83bbdbb,confirmed_source_event,2024-01-15,False
A20J:first_ma_pullback:9d94f75856a1b9f8819fb401,A20J,first_ma_pullback:9d94f75856a1b9f8819fb401,confirmed_source_event,2024-01-15,False
C1:two_b_reversal:f5b47ba2c84c6f0bccc8d7c3,C1,two_b_reversal:f5b47ba2c84c6f0bccc8d7c3,confirmed_source_event,2024-01-18,False
A60E:first_ma_pullback:b455a31c3c9aa0b5bda68571,A60E,first_ma_pullback:b455a31c3c9aa0b5bda68571,confirmed_source_event,2024-01-19,False
A60J:first_ma_pullback:277e959b28805af5e2e3575d,A60J,first_ma_pullback:277e959b28805af5e2e3575d,confirmed_source_event,2024-01-19,False
C1:two_b_reversal:1ece33e912773f4810073195,C1,two_b_reversal:1ece33e912773f4810073195,confirmed_source_event,2024-01-19,False
C2:two_b_reversal:1677b12ff50d622aa83af838,C2,two_b_reversal:1677b12ff50d622aa83af838,confirmed_source_event,2024-01-19,False
C1:two_b_reversal:f3d1b21589a89219a9c3ae1e,C1,two_b_reversal:f3d1b21589a89219a9c3ae1e,confirmed_source_event,2024-02-02,False
C3:two_b_reversal:af8a7518a23e67d43d214551,C3,two_b_reversal:af8a7518a23e67d43d214551,confirmed_source_event,2024-02-02,False
A20E:first_ma_pullback:d9a9138a48f638bef6804a99,A20E,first_ma_pullback:d9a9138a48f638bef6804a99,confirmed_source_event,2024-03-20,True
A20J:first_ma_pullback:38ec120519e0932860b1503f,A20J,first_ma_pullback:38ec120519e0932860b1503f,confirmed_source_event,2024-03-20,True
C1:two_b_reversal:f4fc1eb6a58abec199add16f,C1,two_b_reversal:f4fc1eb6a58abec199add16f,confirmed_source_event,2024-03-20,True
C2:two_b_reversal:95a8f56ee37e52df2e52a54c,C2,two_b_reversal:95a8f56ee37e52df2e52a54c,confirmed_source_event,2024-03-20,True
C2:two_b_reversal:bf2d8036b244e36e9926cbcc,C2,two_b_reversal:bf2d8036b244e36e9926cbcc,confirmed_source_event,2024-03-20,False
C3:two_b_reversal:a54c03ba97f4582d39c14ec4,C3,two_b_reversal:a54c03ba97f4582d39c14ec4,confirmed_source_event,2024-03-21,False
A20E:first_ma_pullback:d3ae46e2551404b3d4db6ca7,A20E,first_ma_pullback:d3ae46e2551404b3d4db6ca7,confirmed_source_event,2024-03-22,False
A20J:first_ma_pullback:c3bd81db2c8316b571dad5b2,A20J,first_ma_pullback:c3bd81db2c8316b571dad5b2,confirmed_source_event,2024-03-22,False
C1:two_b_reversal:ce54ecafcecfe48a73beabdb,C1,two_b_reversal:ce54ecafcecfe48a73beabdb,confirmed_source_event,2024-03-26,True
C2:two_b_reversal:520ddac950483192b5fef196,C2,two_b_reversal:520ddac950483192b5fef196,confirmed_source_event,2024-03-26,True
A20E:first_ma_pullback:beea50dc65775cfff5543681,A20E,first_ma_pullback:beea50dc65775cfff5543681,confirmed_source_event,2024-03-28,False
A20J:first_ma_pullback:f617b5c5471806cf8c6aff4b,A20J,first_ma_pullback:f617b5c5471806cf8c6aff4b,confirmed_source_event,2024-03-28,False
A20E:first_ma_pullback:155a0ca94d539cfb35bae484,A20E,first_ma_pullback:155a0ca94d539cfb35bae484,confirmed_source_event,2024-04-01,False
A20J:first_ma_pullback:eec0e9305e72abcb19fc60d7,A20J,first_ma_pullback:eec0e9305e72abcb19fc60d7,confirmed_source_event,2024-04-01,False
C1:two_b_reversal:fbddbb08601620662bb6e9e5,C1,two_b_reversal:fbddbb08601620662bb6e9e5,confirmed_source_event,2024-04-15,False
C2:two_b_reversal:c001ef2ac6ec2bf239381100,C2,two_b_reversal:c001ef2ac6ec2bf239381100,confirmed_source_event,2024-04-15,False
A20E:first_ma_pullback:1f5809113d1cd300d73680e5,A20E,first_ma_pullback:1f5809113d1cd300d73680e5,confirmed_source_event,2024-04-24,True
A20J:first_ma_pullback:ed00a8a84b575c7dfd7da9c8,A20J,first_ma_pullback:ed00a8a84b575c7dfd7da9c8,confirmed_source_event,2024-04-24,True
C3:two_b_reversal:88b86a7ce2fea6eb99e88e90,C3,two_b_reversal:88b86a7ce2fea6eb99e88e90,confirmed_source_event,2024-04-26,False
C1:two_b_reversal:86cbb952d63a7f2611904e11,C1,two_b_reversal:86cbb952d63a7f2611904e11,confirmed_source_event,2024-05-27,False
C2:two_b_reversal:c5065a084574e87fcc0ca894,C2,two_b_reversal:c5065a084574e87fcc0ca894,confirmed_source_event,2024-05-27,False
C1:two_b_reversal:96705d64569ba7d9da8eb61a,C1,two_b_reversal:96705d64569ba7d9da8eb61a,confirmed_source_event,2024-05-27,False
C1:two_b_reversal:39a42dd62974321d3415613a,C1,two_b_reversal:39a42dd62974321d3415613a,confirmed_source_event,2024-06-03,False
C3:two_b_reversal:acf82ca9e0f0a4506f5c1d32,C3,two_b_reversal:acf82ca9e0f0a4506f5c1d32,confirmed_source_event,2024-06-03,False
C2:two_b_reversal:de789915da25ce04edeffacf,C2,two_b_reversal:de789915da25ce04edeffacf,confirmed_source_event,2024-06-04,False
A20E:first_ma_pullback:fbdbdcafc4e4783e711af8e5,A20E,first_ma_pullback:fbdbdcafc4e4783e711af8e5,confirmed_source_event,2024-06-05,False
A20J:first_ma_pullback:ed40d1e371403c14614fbe92,A20J,first_ma_pullback:ed40d1e371403c14614fbe92,confirmed_source_event,2024-06-05,False
A20E:first_ma_pullback:2f98391df16a691361b4d02c,A20E,first_ma_pullback:2f98391df16a691361b4d02c,confirmed_source_event,2024-06-07,True
A20J:first_ma_pullback:9d0a0b415dca941781e1ceba,A20J,first_ma_pullback:9d0a0b415dca941781e1ceba,confirmed_source_event,2024-06-07,True
C1:two_b_reversal:659498039c963cc1d0126cc1,C1,two_b_reversal:659498039c963cc1d0126cc1,confirmed_source_event,2024-06-17,False
C1:two_b_reversal:8637578c0fd5df91d39a8d95,C1,two_b_reversal:8637578c0fd5df91d39a8d95,confirmed_source_event,2024-06-17,False
C2:two_b_reversal:a2e1cce133a9eb34756ab6d9,C2,two_b_reversal:a2e1cce133a9eb34756ab6d9,confirmed_source_event,2024-06-18,False
C2:two_b_reversal:c5e1621e57b36632deb1ad1e,C2,two_b_reversal:c5e1621e57b36632deb1ad1e,confirmed_source_event,2024-06-20,False
A60E:first_ma_pullback:1f1536b1091264bb602df66b,A60E,first_ma_pullback:1f1536b1091264bb602df66b,confirmed_source_event,2024-06-21,False
A60J:first_ma_pullback:a8f02aa21c114cc1672b6269,A60J,first_ma_pullback:a8f02aa21c114cc1672b6269,confirmed_source_event,2024-06-21,False
C3:two_b_reversal:312237d12e9d8c4864330b8a,C3,two_b_reversal:312237d12e9d8c4864330b8a,confirmed_source_event,2024-06-21,False
C1:two_b_reversal:b973e8e6c00397a74ffdc002,C1,two_b_reversal:b973e8e6c00397a74ffdc002,confirmed_source_event,2024-07-09,False
C2:two_b_reversal:e97ad645fed0f00d33005858,C2,two_b_reversal:e97ad645fed0f00d33005858,confirmed_source_event,2024-07-11,False
C3:two_b_reversal:92a53a7723f5846b6398fafb,C3,two_b_reversal:92a53a7723f5846b6398fafb,confirmed_source_event,2024-07-17,False
A60E:first_ma_pullback:190a48967f63956fb8a83d12,A60E,first_ma_pullback:190a48967f63956fb8a83d12,confirmed_source_event,2024-07-24,False
A60J:first_ma_pullback:714ef2068e3ec37da99b140a,A60J,first_ma_pullback:714ef2068e3ec37da99b140a,confirmed_source_event,2024-07-24,False
A60E:first_ma_pullback:6e5e3323d6b797038e19abff,A60E,first_ma_pullback:6e5e3323d6b797038e19abff,confirmed_source_event,2024-07-31,False
A60J:first_ma_pullback:2cd0b4667e0a7203be4e4044,A60J,first_ma_pullback:2cd0b4667e0a7203be4e4044,confirmed_source_event,2024-07-31,False
A60E:first_ma_pullback:400652055451c356aca700dc,A60E,first_ma_pullback:400652055451c356aca700dc,confirmed_source_event,2024-08-01,False
C2:two_b_reversal:c13f2f61ca09811d108df1cc,C2,two_b_reversal:c13f2f61ca09811d108df1cc,confirmed_source_event,2024-08-01,False
A20E:first_ma_pullback:337953a7fea630e9d7c5354b,A20E,first_ma_pullback:337953a7fea630e9d7c5354b,confirmed_source_event,2024-08-01,False
A20J:first_ma_pullback:078932eb77ec050a7c4daf00,A20J,first_ma_pullback:078932eb77ec050a7c4daf00,confirmed_source_event,2024-08-01,False
C1:two_b_reversal:3b83e3383c7f344a582b2a8d,C1,two_b_reversal:3b83e3383c7f344a582b2a8d,confirmed_source_event,2024-08-06,True
A60E:first_ma_pullback:8bd04748c03fbbe57d64dee0,A60E,first_ma_pullback:8bd04748c03fbbe57d64dee0,confirmed_source_event,2024-08-13,False
C1:two_b_reversal:1c995a46a33d542247032802,C1,two_b_reversal:1c995a46a33d542247032802,confirmed_source_event,2024-08-15,False
A60J:first_ma_pullback:5977105c95fc2d614e262ce0,A60J,first_ma_pullback:5977105c95fc2d614e262ce0,confirmed_source_event,2024-08-16,False
A20E:first_ma_pullback:57f991e77507d19cba85e793,A20E,first_ma_pullback:57f991e77507d19cba85e793,confirmed_source_event,2024-08-19,False
A20J:first_ma_pullback:f349c46ad62dbf48c2747581,A20J,first_ma_pullback:f349c46ad62dbf48c2747581,confirmed_source_event,2024-08-19,False
C1:two_b_reversal:6ae68955012b647a70df5d88,C1,two_b_reversal:6ae68955012b647a70df5d88,confirmed_source_event,2024-08-30,False
C1:two_b_reversal:b58f5610c776fd3d292e1ec0,C1,two_b_reversal:b58f5610c776fd3d292e1ec0,confirmed_source_event,2024-09-03,False
C3:two_b_reversal:51dad76c7645075b0ca7137e,C3,two_b_reversal:51dad76c7645075b0ca7137e,confirmed_source_event,2024-09-03,False
A20E:first_ma_pullback:4c1f834a8b92f53b73d35e41,A20E,first_ma_pullback:4c1f834a8b92f53b73d35e41,confirmed_source_event,2024-09-06,False
A20J:first_ma_pullback:128cffa23d69cc419a019385,A20J,first_ma_pullback:128cffa23d69cc419a019385,confirmed_source_event,2024-09-06,False
A20E:first_ma_pullback:b59fe63c6e1b083714f274f6,A20E,first_ma_pullback:b59fe63c6e1b083714f274f6,confirmed_source_event,2024-09-11,False
A20J:first_ma_pullback:633aa82f9acf26ba9bb35a70,A20J,first_ma_pullback:633aa82f9acf26ba9bb35a70,confirmed_source_event,2024-09-11,False
A20E:first_ma_pullback:1367289c7f39b919f8358727,A20E,first_ma_pullback:1367289c7f39b919f8358727,confirmed_source_event,2024-09-13,False
A20J:first_ma_pullback:ca734e67a7f04db00be7f678,A20J,first_ma_pullback:ca734e67a7f04db00be7f678,confirmed_source_event,2024-09-13,False
C1:two_b_reversal:cd8e7f0bbb66bef39633b3fa,C1,two_b_reversal:cd8e7f0bbb66bef39633b3fa,confirmed_source_event,2024-11-06,False
C2:two_b_reversal:282df687362f977714154dcb,C2,two_b_reversal:282df687362f977714154dcb,confirmed_source_event,2024-11-06,False
C3:two_b_reversal:f86cdd05a47b1f9aa0e5a225,C3,two_b_reversal:f86cdd05a47b1f9aa0e5a225,confirmed_source_event,2024-11-06,False
C1:two_b_reversal:4731ef9b6af080b9ae5b0a86,C1,two_b_reversal:4731ef9b6af080b9ae5b0a86,confirmed_source_event,2024-11-27,True
C2:two_b_reversal:80a5c44a88b812741a41081a,C2,two_b_reversal:80a5c44a88b812741a41081a,confirmed_source_event,2024-12-02,False
A20E:first_ma_pullback:d3dc36b253f536effcb2421a,A20E,first_ma_pullback:d3dc36b253f536effcb2421a,confirmed_source_event,2024-12-10,False
A20J:first_ma_pullback:8f1ba615c6fa0ec0de16e7c4,A20J,first_ma_pullback:8f1ba615c6fa0ec0de16e7c4,confirmed_source_event,2024-12-10,False
A60E:first_ma_pullback:df742842a668f990c33a28fb,A60E,first_ma_pullback:df742842a668f990c33a28fb,confirmed_source_event,2024-12-23,False
A60J:first_ma_pullback:fabc2730d3f0e0b9e5cee16d,A60J,first_ma_pullback:fabc2730d3f0e0b9e5cee16d,confirmed_source_event,2024-12-23,False
C3:two_b_reversal:6edb5a208eef895ce4d81b79,C3,two_b_reversal:6edb5a208eef895ce4d81b79,confirmed_source_event,2024-12-24,False
A20E:first_ma_pullback:c572727db8be6b20998f2657,A20E,first_ma_pullback:c572727db8be6b20998f2657,confirmed_source_event,2024-12-25,True
A20J:first_ma_pullback:44f1e31976ca88c03d99cc0d,A20J,first_ma_pullback:44f1e31976ca88c03d99cc0d,confirmed_source_event,2024-12-25,True
A60E:first_ma_pullback:685b51be1860aecbf8419d8b,A60E,first_ma_pullback:685b51be1860aecbf8419d8b,confirmed_source_event,2024-12-25,True
A60J:first_ma_pullback:a6592b915cb2ec3db5966098,A60J,first_ma_pullback:a6592b915cb2ec3db5966098,confirmed_source_event,2024-12-25,True
A20E:first_ma_pullback:7b529b243f6ea8f68277267b,A20E,first_ma_pullback:7b529b243f6ea8f68277267b,confirmed_source_event,2024-12-27,True
A20J:first_ma_pullback:08b8c60fb41e53f36a1d87f7,A20J,first_ma_pullback:08b8c60fb41e53f36a1d87f7,confirmed_source_event,2024-12-27,True
A60E:first_ma_pullback:04efcb17be7a76ae7cac413c,A60E,first_ma_pullback:04efcb17be7a76ae7cac413c,confirmed_source_event,2024-12-27,True
A60J:first_ma_pullback:226f758244976d53ecbb48db,A60J,first_ma_pullback:226f758244976d53ecbb48db,confirmed_source_event,2024-12-27,True
A20E:first_ma_pullback:fdaf2768f7715d2aa66a570c,A20E,first_ma_pullback:fdaf2768f7715d2aa66a570c,confirmed_source_event,2025-01-03,True
A20J:first_ma_pullback:d84ca3476ff3f72a6e5b9044,A20J,first_ma_pullback:d84ca3476ff3f72a6e5b9044,confirmed_source_event,2025-01-03,True
A20E:first_ma_pullback:5233d92e4580943f7a3e022f,A20E,first_ma_pullback:5233d92e4580943f7a3e022f,confirmed_source_event,2025-01-03,False
A20J:first_ma_pullback:e98e0e61bd74c674ce1181b2,A20J,first_ma_pullback:e98e0e61bd74c674ce1181b2,confirmed_source_event,2025-01-03,False
A60E:first_ma_pullback:d609c952c6c4daf74dc5feca,A60E,first_ma_pullback:d609c952c6c4daf74dc5feca,confirmed_source_event,2025-01-03,False
A60J:first_ma_pullback:cfeaa9fe46709c7a0528fad8,A60J,first_ma_pullback:cfeaa9fe46709c7a0528fad8,confirmed_source_event,2025-01-03,False
A20E:first_ma_pullback:56cab550fe74cd9a515e76b6,A20E,first_ma_pullback:56cab550fe74cd9a515e76b6,confirmed_source_event,2025-01-07,False
A20J:first_ma_pullback:f0e790a64e618230372ffa9d,A20J,first_ma_pullback:f0e790a64e618230372ffa9d,confirmed_source_event,2025-01-07,False
C1:two_b_reversal:3b01cab574a4b5dcffcaca95,C1,two_b_reversal:3b01cab574a4b5dcffcaca95,confirmed_source_event,2025-01-16,False
C2:two_b_reversal:5c38c3858b393387618a2848,C2,two_b_reversal:5c38c3858b393387618a2848,confirmed_source_event,2025-01-16,False
C3:two_b_reversal:4b78eb31e60f233e2165f1fd,C3,two_b_reversal:4b78eb31e60f233e2165f1fd,confirmed_source_event,2025-01-20,False
A20E:first_ma_pullback:2a298740ed6116b2bc981183,A20E,first_ma_pullback:2a298740ed6116b2bc981183,confirmed_source_event,2025-01-21,True
A20J:first_ma_pullback:6aec112820ecf82815057ab8,A20J,first_ma_pullback:6aec112820ecf82815057ab8,confirmed_source_event,2025-01-22,False
C1:two_b_reversal:a7422c692aca311fe658b8df,C1,two_b_reversal:a7422c692aca311fe658b8df,confirmed_source_event,2025-02-13,False
A60E:first_ma_pullback:08417749a724e085b3a39119,A60E,first_ma_pullback:08417749a724e085b3a39119,confirmed_source_event,2025-02-14,False
C2:two_b_reversal:76cd75f682203faedbf1e955,C2,two_b_reversal:76cd75f682203faedbf1e955,confirmed_source_event,2025-02-14,False
A60J:first_ma_pullback:16b4a15cc27312904e10db79,A60J,first_ma_pullback:16b4a15cc27312904e10db79,confirmed_source_event,2025-02-18,False
C3:two_b_reversal:23c1957c4b59fe714238ebba,C3,two_b_reversal:23c1957c4b59fe714238ebba,confirmed_source_event,2025-02-18,False
A20E:first_ma_pullback:7b0f1e31ab8456b082e4703d,A20E,first_ma_pullback:7b0f1e31ab8456b082e4703d,confirmed_source_event,2025-02-19,True
A20J:first_ma_pullback:da6effe2dda7cd10d0e31169,A20J,first_ma_pullback:da6effe2dda7cd10d0e31169,confirmed_source_event,2025-02-19,True
C1:two_b_reversal:77a33792e42a1f3a4a228de4,C1,two_b_reversal:77a33792e42a1f3a4a228de4,confirmed_source_event,2025-03-03,False
C1:two_b_reversal:888c265fc3c2fd5ad2cdc846,C1,two_b_reversal:888c265fc3c2fd5ad2cdc846,confirmed_source_event,2025-03-04,False
C2:two_b_reversal:d36fcdb50549ec74ca3a74ad,C2,two_b_reversal:d36fcdb50549ec74ca3a74ad,confirmed_source_event,2025-03-04,False
C3:two_b_reversal:7c758d47959a25ea84666f1a,C3,two_b_reversal:7c758d47959a25ea84666f1a,confirmed_source_event,2025-03-05,False
A20E:first_ma_pullback:c764a0892f6689f6e01cd126,A20E,first_ma_pullback:c764a0892f6689f6e01cd126,confirmed_source_event,2025-03-06,True
A20J:first_ma_pullback:f10e0414f2f605c925f989ce,A20J,first_ma_pullback:f10e0414f2f605c925f989ce,confirmed_source_event,2025-03-06,True
C2:two_b_reversal:7cb82f8e0c889c30ae0458d6,C2,two_b_reversal:7cb82f8e0c889c30ae0458d6,confirmed_source_event,2025-03-06,False
C3:two_b_reversal:793bb2e963a5801e6a87caff,C3,two_b_reversal:793bb2e963a5801e6a87caff,confirmed_source_event,2025-03-06,False
A20E:first_ma_pullback:7e0a516df1f95d3221cfa3c3,A20E,first_ma_pullback:7e0a516df1f95d3221cfa3c3,confirmed_source_event,2025-03-14,False
A20J:first_ma_pullback:bab88c0c5edf2bb40c5721db,A20J,first_ma_pullback:bab88c0c5edf2bb40c5721db,confirmed_source_event,2025-03-14,False
C1:two_b_reversal:abb34d840468cd18238cf6b3,C1,two_b_reversal:abb34d840468cd18238cf6b3,confirmed_source_event,2025-04-10,False
C2:two_b_reversal:01a574f5bcf1709009a7e5c8,C2,two_b_reversal:01a574f5bcf1709009a7e5c8,confirmed_source_event,2025-04-10,False
C3:two_b_reversal:e781e6ad302e2db2c4c68da8,C3,two_b_reversal:e781e6ad302e2db2c4c68da8,confirmed_source_event,2025-04-29,False
A20E:first_ma_pullback:fb57a63a4431f05ef23b165e,A20E,first_ma_pullback:fb57a63a4431f05ef23b165e,confirmed_source_event,2025-05-06,False
A20J:first_ma_pullback:83b1fb8a46133ac65b051351,A20J,first_ma_pullback:83b1fb8a46133ac65b051351,confirmed_source_event,2025-05-06,False
C1:two_b_reversal:be46293bad9ab3f961faf00d,C1,two_b_reversal:be46293bad9ab3f961faf00d,confirmed_source_event,2025-05-29,False
C2:two_b_reversal:1fce228c30ff92147a45c441,C2,two_b_reversal:1fce228c30ff92147a45c441,confirmed_source_event,2025-05-29,False
C1:two_b_reversal:148dbdc71a89e49c9bd4ef68,C1,two_b_reversal:148dbdc71a89e49c9bd4ef68,confirmed_source_event,2025-05-29,False
C2:two_b_reversal:607e5459745a7aa7ff480b3c,C2,two_b_reversal:607e5459745a7aa7ff480b3c,confirmed_source_event,2025-05-29,False
A20E:first_ma_pullback:0a4f20211ddee8555ad990a6,A20E,first_ma_pullback:0a4f20211ddee8555ad990a6,confirmed_source_event,2025-06-04,False
C3:two_b_reversal:49ef202ce8ad220363873fa1,C3,two_b_reversal:49ef202ce8ad220363873fa1,confirmed_source_event,2025-06-04,False
C3:two_b_reversal:22c88950e314c033fdcd5d49,C3,two_b_reversal:22c88950e314c033fdcd5d49,confirmed_source_event,2025-06-05,False
A20E:first_ma_pullback:f5f0f4c616c9da45f3672660,A20E,first_ma_pullback:f5f0f4c616c9da45f3672660,confirmed_source_event,2025-06-11,False
A20J:first_ma_pullback:6dd3637ecb1abcaead77317b,A20J,first_ma_pullback:6dd3637ecb1abcaead77317b,confirmed_source_event,2025-06-11,False
C1:two_b_reversal:1649fa8b4ea19696fb6bbc73,C1,two_b_reversal:1649fa8b4ea19696fb6bbc73,confirmed_source_event,2025-06-16,False
C3:two_b_reversal:79ac2ed377364b46a3a5b52d,C3,two_b_reversal:79ac2ed377364b46a3a5b52d,confirmed_source_event,2025-06-16,False
C1:two_b_reversal:f58456bc65324b0ad022233d,C1,two_b_reversal:f58456bc65324b0ad022233d,confirmed_source_event,2025-07-01,False
C2:two_b_reversal:fe449ec226fa2be2987c2ed1,C2,two_b_reversal:fe449ec226fa2be2987c2ed1,confirmed_source_event,2025-07-03,False
C3:two_b_reversal:5054aab9577bcb8d8dfd9e03,C3,two_b_reversal:5054aab9577bcb8d8dfd9e03,confirmed_source_event,2025-07-22,False
A20E:first_ma_pullback:72472f34953d34a0ab3a7b48,A20E,first_ma_pullback:72472f34953d34a0ab3a7b48,confirmed_source_event,2025-08-05,False
A20J:first_ma_pullback:05b010eaaebdb26d36a6a5d5,A20J,first_ma_pullback:05b010eaaebdb26d36a6a5d5,confirmed_source_event,2025-08-05,False
A20E:first_ma_pullback:ee58191fb9536fedf6fa8dae,A20E,first_ma_pullback:ee58191fb9536fedf6fa8dae,confirmed_source_event,2025-08-05,False
A20J:first_ma_pullback:df002e4cca5cf83c6082e52d,A20J,first_ma_pullback:df002e4cca5cf83c6082e52d,confirmed_source_event,2025-08-05,False
C1:two_b_reversal:f7614054bcdc90c04b1c6a27,C1,two_b_reversal:f7614054bcdc90c04b1c6a27,confirmed_source_event,2025-08-05,False
C2:two_b_reversal:16ca4e9f62474e8158e2aa3d,C2,two_b_reversal:16ca4e9f62474e8158e2aa3d,confirmed_source_event,2025-08-05,False
C2:two_b_reversal:37a7598f4d588b5d5d1783ab,C2,two_b_reversal:37a7598f4d588b5d5d1783ab,confirmed_source_event,2025-08-05,False
C3:two_b_reversal:3921e7201032bc333bd3caba,C3,two_b_reversal:3921e7201032bc333bd3caba,confirmed_source_event,2025-08-05,False
A20E:first_ma_pullback:749f5d086b0e67224214f30f,A20E,first_ma_pullback:749f5d086b0e67224214f30f,confirmed_source_event,2025-08-05,True
A20J:first_ma_pullback:de7d91518951160feab0d921,A20J,first_ma_pullback:de7d91518951160feab0d921,confirmed_source_event,2025-08-05,True
A20E:first_ma_pullback:29ef23f6f8f94104848a542e,A20E,first_ma_pullback:29ef23f6f8f94104848a542e,confirmed_source_event,2025-08-07,True
A20J:first_ma_pullback:313af94b69cde6bc0452f90d,A20J,first_ma_pullback:313af94b69cde6bc0452f90d,confirmed_source_event,2025-08-07,True
A20E:first_ma_pullback:fe3734142d9586916e4e9850,A20E,first_ma_pullback:fe3734142d9586916e4e9850,confirmed_source_event,2025-08-07,False
A20J:first_ma_pullback:0f404fecd83d1ee1cd8db3f6,A20J,first_ma_pullback:0f404fecd83d1ee1cd8db3f6,confirmed_source_event,2025-08-07,False
A20E:first_ma_pullback:0bec9b2eb877c318f408c41c,A20E,first_ma_pullback:0bec9b2eb877c318f408c41c,confirmed_source_event,2025-08-07,False
A20J:first_ma_pullback:3fc5d7e6f9981c7eb880080a,A20J,first_ma_pullback:3fc5d7e6f9981c7eb880080a,confirmed_source_event,2025-08-07,False
A20E:first_ma_pullback:7077e6585dce26c14fe224fc,A20E,first_ma_pullback:7077e6585dce26c14fe224fc,confirmed_source_event,2025-08-11,False
A20J:first_ma_pullback:c5438091a21ac6813354d876,A20J,first_ma_pullback:c5438091a21ac6813354d876,confirmed_source_event,2025-08-11,False
A20E:first_ma_pullback:fb74dffbabd8512051c3e1cc,A20E,first_ma_pullback:fb74dffbabd8512051c3e1cc,confirmed_source_event,2025-08-13,False
A20J:first_ma_pullback:176ae665b19b32b5dcbaac91,A20J,first_ma_pullback:176ae665b19b32b5dcbaac91,confirmed_source_event,2025-08-13,False
A20E:first_ma_pullback:fc41a2718123cffd9b060de1,A20E,first_ma_pullback:fc41a2718123cffd9b060de1,confirmed_source_event,2025-08-18,False
A20J:first_ma_pullback:ac8072281b49ce24ade2af06,A20J,first_ma_pullback:ac8072281b49ce24ade2af06,confirmed_source_event,2025-08-18,False
A20E:first_ma_pullback:d7ca0e0acadc296771a27e17,A20E,first_ma_pullback:d7ca0e0acadc296771a27e17,confirmed_source_event,2025-08-21,False
A20J:first_ma_pullback:c8f2a13139a6d1b399d10236,A20J,first_ma_pullback:c8f2a13139a6d1b399d10236,confirmed_source_event,2025-08-21,False
A20E:first_ma_pullback:7eedbcdc1e0d4b244db1bfa2,A20E,first_ma_pullback:7eedbcdc1e0d4b244db1bfa2,confirmed_source_event,2025-08-29,False
A20J:first_ma_pullback:ff3c0636649d9c2d7e9d89f8,A20J,first_ma_pullback:ff3c0636649d9c2d7e9d89f8,confirmed_source_event,2025-08-29,False
A20E:first_ma_pullback:c418725071ce719f715766f6,A20E,first_ma_pullback:c418725071ce719f715766f6,confirmed_source_event,2025-09-08,True
A20E:first_ma_pullback:f2c5b90a262930d0e0af9eb3,A20E,first_ma_pullback:f2c5b90a262930d0e0af9eb3,confirmed_source_event,2025-09-09,True
A20J:first_ma_pullback:afc4e2b6bef4c0442e0359fc,A20J,first_ma_pullback:afc4e2b6bef4c0442e0359fc,confirmed_source_event,2025-09-09,True
A20E:first_ma_pullback:fdd6f40dd46055e7b4cd3f8a,A20E,first_ma_pullback:fdd6f40dd46055e7b4cd3f8a,confirmed_source_event,2025-09-11,False
A20J:first_ma_pullback:66243ec748ac7a02e55e2b43,A20J,first_ma_pullback:66243ec748ac7a02e55e2b43,confirmed_source_event,2025-09-11,False
A20J:first_ma_pullback:2048baaf59cead76714238b9,A20J,first_ma_pullback:2048baaf59cead76714238b9,confirmed_source_event,2025-09-15,False
A20E:first_ma_pullback:9c194185c3bb13a9ee1ab0cf,A20E,first_ma_pullback:9c194185c3bb13a9ee1ab0cf,confirmed_source_event,2025-09-29,False
A20J:first_ma_pullback:55d9e15cee890198545e6c95,A20J,first_ma_pullback:55d9e15cee890198545e6c95,confirmed_source_event,2025-09-29,False
A20E:first_ma_pullback:3af7cd00fa88266c068c372a,A20E,first_ma_pullback:3af7cd00fa88266c068c372a,confirmed_source_event,2025-10-16,False
A20J:first_ma_pullback:a43f5d4bda0ddc934274ad2c,A20J,first_ma_pullback:a43f5d4bda0ddc934274ad2c,confirmed_source_event,2025-10-16,False
C1:two_b_reversal:fed280d1ea75e892eb7b1c1f,C1,two_b_reversal:fed280d1ea75e892eb7b1c1f,confirmed_source_event,2025-10-21,False
C2:two_b_reversal:84f473be655e96c4aeed533f,C2,two_b_reversal:84f473be655e96c4aeed533f,confirmed_source_event,2025-10-21,False
A20E:first_ma_pullback:95c165499098fd57aac0a1a7,A20E,first_ma_pullback:95c165499098fd57aac0a1a7,confirmed_source_event,2025-10-22,False
A20J:first_ma_pullback:92279fa029880e2d15f0953b,A20J,first_ma_pullback:92279fa029880e2d15f0953b,confirmed_source_event,2025-10-22,False
C3:two_b_reversal:345c3274f030a3539a7c22d6,C3,two_b_reversal:345c3274f030a3539a7c22d6,confirmed_source_event,2025-10-24,False
A20E:first_ma_pullback:d15e44890222c4fc1a383b24,A20E,first_ma_pullback:d15e44890222c4fc1a383b24,confirmed_source_event,2025-11-05,False
A20J:first_ma_pullback:50f1bfea1972a21e03850c98,A20J,first_ma_pullback:50f1bfea1972a21e03850c98,confirmed_source_event,2025-11-07,False
A20E:first_ma_pullback:ce3108259ded13a6e66e7628,A20E,first_ma_pullback:ce3108259ded13a6e66e7628,confirmed_source_event,2025-11-11,True
A20J:first_ma_pullback:d2a670907de1e3eea9b59dfc,A20J,first_ma_pullback:d2a670907de1e3eea9b59dfc,confirmed_source_event,2025-11-11,True
A20E:first_ma_pullback:bc86b373287c76181d824295,A20E,first_ma_pullback:bc86b373287c76181d824295,confirmed_source_event,2025-11-26,True
A20J:first_ma_pullback:15ab39d79e8d063dcaa5322c,A20J,first_ma_pullback:15ab39d79e8d063dcaa5322c,confirmed_source_event,2025-11-26,True
A20E:first_ma_pullback:a82330c164a85d6fe73560ce,A20E,first_ma_pullback:a82330c164a85d6fe73560ce,confirmed_source_event,2025-12-04,False
A20J:first_ma_pullback:901dfbf58fe237bce5ddbe5d,A20J,first_ma_pullback:901dfbf58fe237bce5ddbe5d,confirmed_source_event,2025-12-04,False
A20E:first_ma_pullback:bf91c02383e548c1bc168453,A20E,first_ma_pullback:bf91c02383e548c1bc168453,confirmed_source_event,2025-12-11,False
A20J:first_ma_pullback:6305db09102d55098a7c97b3,A20J,first_ma_pullback:6305db09102d55098a7c97b3,confirmed_source_event,2025-12-12,False
C1:two_b_reversal:19bfb99be9e791ff4fded59d,C1,two_b_reversal:19bfb99be9e791ff4fded59d,confirmed_source_event,2025-12-17,False
C2:two_b_reversal:3245199387156201795b0ae9,C2,two_b_reversal:3245199387156201795b0ae9,confirmed_source_event,2025-12-17,False
C3:two_b_reversal:c82f7fc7fb94001d963886af,C3,two_b_reversal:c82f7fc7fb94001d963886af,confirmed_source_event,2025-12-17,False
A60E:first_ma_pullback:ab8e324e8598ca1e98053ec5,A60E,first_ma_pullback:ab8e324e8598ca1e98053ec5,confirmed_source_event,2025-12-22,False
A60J:first_ma_pullback:77f298dc11ae8521070862c2,A60J,first_ma_pullback:77f298dc11ae8521070862c2,confirmed_source_event,2025-12-22,False
A20E:first_ma_pullback:3a1a9d8cb5296a4a0a14365f,A20E,first_ma_pullback:3a1a9d8cb5296a4a0a14365f,confirmed_source_event,2025-12-24,False
A20J:first_ma_pullback:f1046bf55b9dbe4fd69129f2,A20J,first_ma_pullback:f1046bf55b9dbe4fd69129f2,confirmed_source_event,2025-12-24,False
A60E:first_ma_pullback:e520ce3e73582a7031561d3c,A60E,first_ma_pullback:e520ce3e73582a7031561d3c,confirmed_source_event,2025-12-24,False
A60J:first_ma_pullback:94fdbca042efdc3099ec4c5b,A60J,first_ma_pullback:94fdbca042efdc3099ec4c5b,confirmed_source_event,2025-12-24,False
A20E:first_ma_pullback:1a0d7fc5b5bc4790c2c77b74,A20E,first_ma_pullback:1a0d7fc5b5bc4790c2c77b74,confirmed_source_event,2025-12-26,False
A20J:first_ma_pullback:76a9614ea9b5aa02cf90fd8b,A20J,first_ma_pullback:76a9614ea9b5aa02cf90fd8b,confirmed_source_event,2025-12-26,False
A20E:first_ma_pullback:0201ca4ff064931c8349caf9,A20E,first_ma_pullback:0201ca4ff064931c8349caf9,confirmed_source_event,2026-01-05,False
A20J:first_ma_pullback:f77483ec50bc01fd65667fb7,A20J,first_ma_pullback:f77483ec50bc01fd65667fb7,confirmed_source_event,2026-01-05,False
A60E:first_ma_pullback:f3c440e6000dba2a193b095d,A60E,first_ma_pullback:f3c440e6000dba2a193b095d,confirmed_source_event,2026-01-05,False
A60J:first_ma_pullback:3637c9e62f7ed451626a8327,A60J,first_ma_pullback:3637c9e62f7ed451626a8327,confirmed_source_event,2026-01-05,False
A20E:first_ma_pullback:9d9fac127176629bf9176954,A20E,first_ma_pullback:9d9fac127176629bf9176954,confirmed_source_event,2026-01-06,False
A20J:first_ma_pullback:84df76b3aba5fc9268025c2f,A20J,first_ma_pullback:84df76b3aba5fc9268025c2f,confirmed_source_event,2026-01-06,False
A60E:first_ma_pullback:e2fe6d318663c654bc64fc14,A60E,first_ma_pullback:e2fe6d318663c654bc64fc14,confirmed_source_event,2026-01-06,True
A20E:first_ma_pullback:8411e3f288775d1538f4f6eb,A20E,first_ma_pullback:8411e3f288775d1538f4f6eb,confirmed_source_event,2026-01-12,False
A20J:first_ma_pullback:0a791c31746624a2fd969212,A20J,first_ma_pullback:0a791c31746624a2fd969212,confirmed_source_event,2026-01-12,False
C1:two_b_reversal:e0d78f3ab558aa6593583776,C1,two_b_reversal:e0d78f3ab558aa6593583776,confirmed_source_event,2026-01-13,False
C2:two_b_reversal:fd8ac41b7e2df9f900958301,C2,two_b_reversal:fd8ac41b7e2df9f900958301,confirmed_source_event,2026-01-13,False
A20E:first_ma_pullback:e86c0da4ba46702ef259c3ec,A20E,first_ma_pullback:e86c0da4ba46702ef259c3ec,confirmed_source_event,2026-01-22,False
A20J:first_ma_pullback:020696abc9ad8e4441c8c3dc,A20J,first_ma_pullback:020696abc9ad8e4441c8c3dc,confirmed_source_event,2026-01-22,False
A20E:first_ma_pullback:3d01996ebff69f3c7b165f25,A20E,first_ma_pullback:3d01996ebff69f3c7b165f25,confirmed_source_event,2026-01-26,True
A20J:first_ma_pullback:acf93904f9619f5713fcf8d1,A20J,first_ma_pullback:acf93904f9619f5713fcf8d1,confirmed_source_event,2026-01-26,True
C1:two_b_reversal:c7193f48b963d54f799b3a16,C1,two_b_reversal:c7193f48b963d54f799b3a16,confirmed_source_event,2026-02-03,False
A20E:first_ma_pullback:cb8c09dd384eeb1d544a1286,A20E,first_ma_pullback:cb8c09dd384eeb1d544a1286,confirmed_source_event,2026-02-03,True
A20J:first_ma_pullback:4ba1e7595e394683c230c23c,A20J,first_ma_pullback:4ba1e7595e394683c230c23c,confirmed_source_event,2026-02-03,True
A120E:first_ma_pullback:82600f5506e5f1a213802891,A120E,first_ma_pullback:82600f5506e5f1a213802891,confirmed_source_event,2026-02-04,False
A60E:first_ma_pullback:9953501ef490fea586ab1eea,A60E,first_ma_pullback:9953501ef490fea586ab1eea,confirmed_source_event,2026-02-04,False
A120E:first_ma_pullback:f26efec465ce1d5b12b84115,A120E,first_ma_pullback:f26efec465ce1d5b12b84115,confirmed_source_event,2026-02-09,False
A60E:first_ma_pullback:72f6e1ebcb0742db2bf7dca6,A60E,first_ma_pullback:72f6e1ebcb0742db2bf7dca6,confirmed_source_event,2026-02-09,False
A20E:first_ma_pullback:4bb8d04ed75ab245de1f6c02,A20E,first_ma_pullback:4bb8d04ed75ab245de1f6c02,confirmed_source_event,2026-02-09,False
A20J:first_ma_pullback:a006e16637b775df040612c3,A20J,first_ma_pullback:a006e16637b775df040612c3,confirmed_source_event,2026-02-09,False
A60E:first_ma_pullback:d22e6dbdabed438f45db2960,A60E,first_ma_pullback:d22e6dbdabed438f45db2960,confirmed_source_event,2026-02-09,False
A60J:first_ma_pullback:1db86da5ca2dc730a18eec51,A60J,first_ma_pullback:1db86da5ca2dc730a18eec51,confirmed_source_event,2026-02-10,False
A20E:first_ma_pullback:f7d8b9be9dd791cd58f8e684,A20E,first_ma_pullback:f7d8b9be9dd791cd58f8e684,confirmed_source_event,2026-02-26,False
A20J:first_ma_pullback:fcd78cdde5e8257f198ed8dd,A20J,first_ma_pullback:fcd78cdde5e8257f198ed8dd,confirmed_source_event,2026-02-26,False
A20E:first_ma_pullback:6ef1532592bd0a014278b2e7,A20E,first_ma_pullback:6ef1532592bd0a014278b2e7,confirmed_source_event,2026-03-02,False
A20J:first_ma_pullback:0d91933da781cf41843bb8e0,A20J,first_ma_pullback:0d91933da781cf41843bb8e0,confirmed_source_event,2026-03-02,False
C1:two_b_reversal:4166b59a3d3ff5a7f65c0592,C1,two_b_reversal:4166b59a3d3ff5a7f65c0592,confirmed_source_event,2026-03-06,False
A120E:first_ma_pullback:f6c2e0d4aa3a40e4b1681ba3,A120E,first_ma_pullback:f6c2e0d4aa3a40e4b1681ba3,confirmed_source_event,2026-03-10,False
A120J:first_ma_pullback:5d94931ad667bad167ab24a8,A120J,first_ma_pullback:5d94931ad667bad167ab24a8,confirmed_source_event,2026-03-10,False
A120E:first_ma_pullback:94931eda043f0ca8ef69930f,A120E,first_ma_pullback:94931eda043f0ca8ef69930f,confirmed_source_event,2026-03-11,False
A120J:first_ma_pullback:99d9e24d58e1dd7204765e5f,A120J,first_ma_pullback:99d9e24d58e1dd7204765e5f,confirmed_source_event,2026-03-11,False
A60E:first_ma_pullback:14f66741b19b28bdd1e5dbe7,A60E,first_ma_pullback:14f66741b19b28bdd1e5dbe7,confirmed_source_event,2026-03-11,False
A60J:first_ma_pullback:7fa734ecd16ac49440137e0d,A60J,first_ma_pullback:7fa734ecd16ac49440137e0d,confirmed_source_event,2026-03-11,False
C2:two_b_reversal:14c645baf070e98adc22afea,C2,two_b_reversal:14c645baf070e98adc22afea,confirmed_source_event,2026-03-11,False
C3:two_b_reversal:995a0865bbc59e7135cf0c40,C3,two_b_reversal:995a0865bbc59e7135cf0c40,confirmed_source_event,2026-03-11,False
A20E:first_ma_pullback:613b00b3f00a83781eb31518,A20E,first_ma_pullback:613b00b3f00a83781eb31518,confirmed_source_event,2026-03-11,True
A20J:first_ma_pullback:e148832f8ff3dc395995c389,A20J,first_ma_pullback:e148832f8ff3dc395995c389,confirmed_source_event,2026-03-11,True
A20E:first_ma_pullback:d20d165adc90c64412d1c86c,A20E,first_ma_pullback:d20d165adc90c64412d1c86c,confirmed_source_event,2026-03-11,False
A20J:first_ma_pullback:d86a085306ba35d766104ad1,A20J,first_ma_pullback:d86a085306ba35d766104ad1,confirmed_source_event,2026-03-11,False
A60E:first_ma_pullback:e74ce38d7a11f2fa420c109f,A60E,first_ma_pullback:e74ce38d7a11f2fa420c109f,confirmed_source_event,2026-03-11,False
A60J:first_ma_pullback:ed02c012f56768de21d544bd,A60J,first_ma_pullback:ed02c012f56768de21d544bd,confirmed_source_event,2026-03-11,False
A20E:first_ma_pullback:17039e1642530cc40d1ebb1b,A20E,first_ma_pullback:17039e1642530cc40d1ebb1b,confirmed_source_event,2026-03-19,False
A20J:first_ma_pullback:ec148fd28ff4c28d70b7dc9a,A20J,first_ma_pullback:ec148fd28ff4c28d70b7dc9a,confirmed_source_event,2026-03-19,False
A60E:first_ma_pullback:36cc7e11b840b922a498db5a,A60E,first_ma_pullback:36cc7e11b840b922a498db5a,confirmed_source_event,2026-03-19,False
A60J:first_ma_pullback:d873e48684989b8e85ba9ff1,A60J,first_ma_pullback:d873e48684989b8e85ba9ff1,confirmed_source_event,2026-03-19,False
C1:two_b_reversal:1892f20bab45f2eeef3325ea,C1,two_b_reversal:1892f20bab45f2eeef3325ea,confirmed_source_event,2026-04-07,True
C2:two_b_reversal:3f09d84a5910780e8118a008,C2,two_b_reversal:3f09d84a5910780e8118a008,confirmed_source_event,2026-04-08,False
C3:two_b_reversal:b40f3e09467c0d61072de3f2,C3,two_b_reversal:b40f3e09467c0d61072de3f2,confirmed_source_event,2026-04-08,False
A20E:first_ma_pullback:b075942cd69e9cc843fa5cb0,A20E,first_ma_pullback:b075942cd69e9cc843fa5cb0,confirmed_source_event,2026-05-26,False
A20J:first_ma_pullback:6761f8b43806fe87768ae842,A20J,first_ma_pullback:6761f8b43806fe87768ae842,confirmed_source_event,2026-05-26,False
C1:two_b_reversal:e08a13e1a326b70ea6e0b16b,C1,two_b_reversal:e08a13e1a326b70ea6e0b16b,confirmed_source_event,2026-05-29,False
C1:two_b_reversal:3010048cb316f82657df05e4,C1,two_b_reversal:3010048cb316f82657df05e4,confirmed_source_event,2026-06-09,False
C1:two_b_reversal:e02cfe5f55e07b80bb133924,C1,two_b_reversal:e02cfe5f55e07b80bb133924,confirmed_source_event,2026-06-09,False
C2:two_b_reversal:8fdd4e3b445ce2c0f42a3183,C2,two_b_reversal:8fdd4e3b445ce2c0f42a3183,confirmed_source_event,2026-06-09,False
C2:two_b_reversal:b29de51de94be3850e855d7c,C2,two_b_reversal:b29de51de94be3850e855d7c,confirmed_source_event,2026-06-15,False
C3:two_b_reversal:f5281f9bf451eb7165f6e44c,C3,two_b_reversal:f5281f9bf451eb7165f6e44c,confirmed_source_event,2026-06-15,False
C3:two_b_reversal:7ba4a142849a2f7d5e1247f9,C3,two_b_reversal:7ba4a142849a2f7d5e1247f9,confirmed_source_event,2026-06-15,False
A20E:first_ma_pullback:82a72682a4ec2565918db001,A20E,first_ma_pullback:82a72682a4ec2565918db001,confirmed_source_event,2026-06-16,True
A20J:first_ma_pullback:92d3add3d2dbcd0f21ccf95f,A20J,first_ma_pullback:92d3add3d2dbcd0f21ccf95f,confirmed_source_event,2026-06-16,True
A20E:first_ma_pullback:11080ff3686b73c81eda548a,A20E,first_ma_pullback:11080ff3686b73c81eda548a,confirmed_source_event,2026-06-16,False
A20J:first_ma_pullback:158d7ff4a1a4ed6bff930421,A20J,first_ma_pullback:158d7ff4a1a4ed6bff930421,confirmed_source_event,2026-06-16,False
A20E:first_ma_pullback:bae34a37d3e8a8ab98ddda3f,A20E,first_ma_pullback:bae34a37d3e8a8ab98ddda3f,confirmed_source_event,2026-06-18,False
A20J:first_ma_pullback:69d94abba783293177e0b55b,A20J,first_ma_pullback:69d94abba783293177e0b55b,confirmed_source_event,2026-06-18,False
C1:two_b_reversal:70100f684f523663778b570c,C1,two_b_reversal:70100f684f523663778b570c,confirmed_source_event,2026-06-29,False
A20E:first_ma_pullback:8fc00d697e6294ebcaf87403,A20E,first_ma_pullback:8fc00d697e6294ebcaf87403,confirmed_source_event,2026-06-30,False
A20J:first_ma_pullback:78b48407f21722c65268645d,A20J,first_ma_pullback:78b48407f21722c65268645d,confirmed_source_event,2026-06-30,False
A60E:first_ma_pullback:a87adeef700eb33656d81661,A60E,first_ma_pullback:a87adeef700eb33656d81661,confirmed_source_event,2026-06-30,False
A60J:first_ma_pullback:2e86aaf50fc269081931d38c,A60J,first_ma_pullback:2e86aaf50fc269081931d38c,confirmed_source_event,2026-06-30,False
A60E:first_ma_pullback:c4301c7f544f0f3c327feaca,A60E,first_ma_pullback:c4301c7f544f0f3c327feaca,confirmed_source_event,2026-06-30,True
REF_BREAKOUT:P0:sh510300:2015-01-05:donchian60,REF_BREAKOUT,P0:sh510300:2015-01-05:donchian60,original_reference_candidate,2015-01-05,False
REF_ROAD:P5:sz159915:2015-01-08:road_on,REF_ROAD,P5:sz159915:2015-01-08:road_on,original_reference_candidate,2015-01-08,False
REF_ROAD:P5:sh518880:2015-01-12:road_on,REF_ROAD,P5:sh518880:2015-01-12:road_on,original_reference_candidate,2015-01-12,False
REF_BREAKOUT:P0:sh518880:2015-01-13:donchian60,REF_BREAKOUT,P0:sh518880:2015-01-13:donchian60,original_reference_candidate,2015-01-13,False
REF_BREAKOUT:P0:sh518880:2015-01-16:donchian60,REF_BREAKOUT,P0:sh518880:2015-01-16:donchian60,original_reference_candidate,2015-01-16,False
REF_BREAKOUT:P0:sh518880:2015-01-19:donchian60,REF_BREAKOUT,P0:sh518880:2015-01-19:donchian60,original_reference_candidate,2015-01-19,False
REF_ROAD:P5:sz159915:2015-01-19:road_on,REF_ROAD,P5:sz159915:2015-01-19:road_on,original_reference_candidate,2015-01-19,False
REF_BREAKOUT:P0:sh518880:2015-01-20:donchian60,REF_BREAKOUT,P0:sh518880:2015-01-20:donchian60,original_reference_candidate,2015-01-20,False
REF_BREAKOUT:P0:sz159915:2015-01-20:donchian60,REF_BREAKOUT,P0:sz159915:2015-01-20:donchian60,original_reference_candidate,2015-01-20,False
REF_ROAD:P5:sh510300:2015-01-21:road_on,REF_ROAD,P5:sh510300:2015-01-21:road_on,original_reference_candidate,2015-01-21,False
REF_BREAKOUT:P0:sh518880:2015-01-21:donchian60,REF_BREAKOUT,P0:sh518880:2015-01-21:donchian60,original_reference_candidate,2015-01-21,False
REF_BREAKOUT:P0:sz159915:2015-01-21:donchian60,REF_BREAKOUT,P0:sz159915:2015-01-21:donchian60,original_reference_candidate,2015-01-21,False
REF_BREAKOUT:P0:sz159915:2015-01-22:donchian60,REF_BREAKOUT,P0:sz159915:2015-01-22:donchian60,original_reference_candidate,2015-01-22,False
REF_BREAKOUT:P0:sz159915:2015-01-26:donchian60,REF_BREAKOUT,P0:sz159915:2015-01-26:donchian60,original_reference_candidate,2015-01-26,False
REF_BREAKOUT:P0:sz159915:2015-01-27:donchian60,REF_BREAKOUT,P0:sz159915:2015-01-27:donchian60,original_reference_candidate,2015-01-27,False
REF_BREAKOUT:P0:sz159915:2015-02-03:donchian60,REF_BREAKOUT,P0:sz159915:2015-02-03:donchian60,original_reference_candidate,2015-02-03,False
REF_ROAD:P5:sh513100:2015-02-04:road_on,REF_ROAD,P5:sh513100:2015-02-04:road_on,original_reference_candidate,2015-02-04,False
REF_BREAKOUT:P0:sz159915:2015-02-04:donchian60,REF_BREAKOUT,P0:sz159915:2015-02-04:donchian60,original_reference_candidate,2015-02-04,False
REF_BREAKOUT:P0:sz159915:2015-02-05:donchian60,REF_BREAKOUT,P0:sz159915:2015-02-05:donchian60,original_reference_candidate,2015-02-05,False
REF_ROAD:P5:sh513100:2015-02-11:road_on,REF_ROAD,P5:sh513100:2015-02-11:road_on,original_reference_candidate,2015-02-11,False
REF_BREAKOUT:P0:sz159915:2015-02-12:donchian60,REF_BREAKOUT,P0:sz159915:2015-02-12:donchian60,original_reference_candidate,2015-02-12,False
REF_BREAKOUT:P0:sh513100:2015-02-13:donchian60,REF_BREAKOUT,P0:sh513100:2015-02-13:donchian60,original_reference_candidate,2015-02-13,False
REF_BREAKOUT:P0:sz159915:2015-02-13:donchian60,REF_BREAKOUT,P0:sz159915:2015-02-13:donchian60,original_reference_candidate,2015-02-13,False
REF_ROAD:P5:sh510300:2015-02-16:road_on,REF_ROAD,P5:sh510300:2015-02-16:road_on,original_reference_candidate,2015-02-16,False
REF_BREAKOUT:P0:sh513100:2015-02-16:donchian60,REF_BREAKOUT,P0:sh513100:2015-02-16:donchian60,original_reference_candidate,2015-02-16,False
REF_BREAKOUT:P0:sz159915:2015-02-16:donchian60,REF_BREAKOUT,P0:sz159915:2015-02-16:donchian60,original_reference_candidate,2015-02-16,False
REF_BREAKOUT:P0:sh513100:2015-02-17:donchian60,REF_BREAKOUT,P0:sh513100:2015-02-17:donchian60,original_reference_candidate,2015-02-17,False
REF_BREAKOUT:P0:sh513100:2015-02-25:donchian60,REF_BREAKOUT,P0:sh513100:2015-02-25:donchian60,original_reference_candidate,2015-02-25,False
REF_ROAD:P5:sh510300:2015-02-26:road_on,REF_ROAD,P5:sh510300:2015-02-26:road_on,original_reference_candidate,2015-02-26,False
REF_BREAKOUT:P0:sz159915:2015-02-27:donchian60,REF_BREAKOUT,P0:sz159915:2015-02-27:donchian60,original_reference_candidate,2015-02-27,False
REF_BREAKOUT:P0:sh513100:2015-03-02:donchian60,REF_BREAKOUT,P0:sh513100:2015-03-02:donchian60,original_reference_candidate,2015-03-02,False
REF_BREAKOUT:P0:sz159915:2015-03-02:donchian60,REF_BREAKOUT,P0:sz159915:2015-03-02:donchian60,original_reference_candidate,2015-03-02,False
REF_BREAKOUT:P0:sh513100:2015-03-03:donchian60,REF_BREAKOUT,P0:sh513100:2015-03-03:donchian60,original_reference_candidate,2015-03-03,False
REF_ROAD:P5:sh510300:2015-03-04:road_on,REF_ROAD,P5:sh510300:2015-03-04:road_on,original_reference_candidate,2015-03-04,False
REF_BREAKOUT:P0:sz159915:2015-03-04:donchian60,REF_BREAKOUT,P0:sz159915:2015-03-04:donchian60,original_reference_candidate,2015-03-04,False
REF_ROAD:P5:sh510300:2015-03-09:road_on,REF_ROAD,P5:sh510300:2015-03-09:road_on,original_reference_candidate,2015-03-09,False
REF_BREAKOUT:P0:sz159915:2015-03-10:donchian60,REF_BREAKOUT,P0:sz159915:2015-03-10:donchian60,original_reference_candidate,2015-03-10,False
REF_ROAD:P5:sh513100:2015-03-13:road_on,REF_ROAD,P5:sh513100:2015-03-13:road_on,original_reference_candidate,2015-03-13,False
REF_BREAKOUT:P0:sz159915:2015-03-13:donchian60,REF_BREAKOUT,P0:sz159915:2015-03-13:donchian60,original_reference_candidate,2015-03-13,False
REF_BREAKOUT:P0:sh510300:2015-03-16:donchian60,REF_BREAKOUT,P0:sh510300:2015-03-16:donchian60,original_reference_candidate,2015-03-16,False
REF_BREAKOUT:P0:sz159915:2015-03-16:donchian60,REF_BREAKOUT,P0:sz159915:2015-03-16:donchian60,original_reference_candidate,2015-03-16,False
REF_BREAKOUT:P0:sh510300:2015-03-17:donchian60,REF_BREAKOUT,P0:sh510300:2015-03-17:donchian60,original_reference_candidate,2015-03-17,False
REF_ROAD:P5:sh513100:2015-03-17:road_on,REF_ROAD,P5:sh513100:2015-03-17:road_on,original_reference_candidate,2015-03-17,False
REF_BREAKOUT:P0:sh510300:2015-03-18:donchian60,REF_BREAKOUT,P0:sh510300:2015-03-18:donchian60,original_reference_candidate,2015-03-18,False
REF_BREAKOUT:P0:sz159915:2015-03-18:donchian60,REF_BREAKOUT,P0:sz159915:2015-03-18:donchian60,original_reference_candidate,2015-03-18,False
REF_BREAKOUT:P0:sh510300:2015-03-20:donchian60,REF_BREAKOUT,P0:sh510300:2015-03-20:donchian60,original_reference_candidate,2015-03-20,False
REF_BREAKOUT:P0:sz159915:2015-03-20:donchian60,REF_BREAKOUT,P0:sz159915:2015-03-20:donchian60,original_reference_candidate,2015-03-20,False
REF_BREAKOUT:P0:sh510300:2015-03-23:donchian60,REF_BREAKOUT,P0:sh510300:2015-03-23:donchian60,original_reference_candidate,2015-03-23,False
REF_BREAKOUT:P0:sz159915:2015-03-23:donchian60,REF_BREAKOUT,P0:sz159915:2015-03-23:donchian60,original_reference_candidate,2015-03-23,False
REF_BREAKOUT:P0:sz159915:2015-03-24:donchian60,REF_BREAKOUT,P0:sz159915:2015-03-24:donchian60,original_reference_candidate,2015-03-24,False
REF_BREAKOUT:P0:sz159915:2015-03-25:donchian60,REF_BREAKOUT,P0:sz159915:2015-03-25:donchian60,original_reference_candidate,2015-03-25,False
REF_BREAKOUT:P0:sh510300:2015-03-27:donchian60,REF_BREAKOUT,P0:sh510300:2015-03-27:donchian60,original_reference_candidate,2015-03-27,False
REF_BREAKOUT:P0:sh510300:2015-03-30:donchian60,REF_BREAKOUT,P0:sh510300:2015-03-30:donchian60,original_reference_candidate,2015-03-30,False
REF_BREAKOUT:P0:sh510300:2015-04-01:donchian60,REF_BREAKOUT,P0:sh510300:2015-04-01:donchian60,original_reference_candidate,2015-04-01,False
REF_BREAKOUT:P0:sz159915:2015-04-01:donchian60,REF_BREAKOUT,P0:sz159915:2015-04-01:donchian60,original_reference_candidate,2015-04-01,False
REF_BREAKOUT:P0:sz159915:2015-04-02:donchian60,REF_BREAKOUT,P0:sz159915:2015-04-02:donchian60,original_reference_candidate,2015-04-02,False
REF_BREAKOUT:P0:sh510300:2015-04-03:donchian60,REF_BREAKOUT,P0:sh510300:2015-04-03:donchian60,original_reference_candidate,2015-04-03,False
REF_BREAKOUT:P0:sz159915:2015-04-03:donchian60,REF_BREAKOUT,P0:sz159915:2015-04-03:donchian60,original_reference_candidate,2015-04-03,False
REF_BREAKOUT:P0:sh510300:2015-04-07:donchian60,REF_BREAKOUT,P0:sh510300:2015-04-07:donchian60,original_reference_candidate,2015-04-07,False
REF_ROAD:P5:sh518880:2015-04-07:road_on,REF_ROAD,P5:sh518880:2015-04-07:road_on,original_reference_candidate,2015-04-07,False
REF_BREAKOUT:P0:sz159915:2015-04-07:donchian60,REF_BREAKOUT,P0:sz159915:2015-04-07:donchian60,original_reference_candidate,2015-04-07,False
REF_BREAKOUT:P0:sh510300:2015-04-08:donchian60,REF_BREAKOUT,P0:sh510300:2015-04-08:donchian60,original_reference_candidate,2015-04-08,False
REF_BREAKOUT:P0:sz159915:2015-04-09:donchian60,REF_BREAKOUT,P0:sz159915:2015-04-09:donchian60,original_reference_candidate,2015-04-09,False
REF_BREAKOUT:P0:sh510300:2015-04-10:donchian60,REF_BREAKOUT,P0:sh510300:2015-04-10:donchian60,original_reference_candidate,2015-04-10,False
REF_ROAD:P5:sh513100:2015-04-10:road_on,REF_ROAD,P5:sh513100:2015-04-10:road_on,original_reference_candidate,2015-04-10,False
REF_BREAKOUT:P0:sh510300:2015-04-13:donchian60,REF_BREAKOUT,P0:sh510300:2015-04-13:donchian60,original_reference_candidate,2015-04-13,False
REF_BREAKOUT:P0:sh510300:2015-04-14:donchian60,REF_BREAKOUT,P0:sh510300:2015-04-14:donchian60,original_reference_candidate,2015-04-14,False
REF_BREAKOUT:P0:sh510300:2015-04-16:donchian60,REF_BREAKOUT,P0:sh510300:2015-04-16:donchian60,original_reference_candidate,2015-04-16,False
REF_BREAKOUT:P0:sh510300:2015-04-17:donchian60,REF_BREAKOUT,P0:sh510300:2015-04-17:donchian60,original_reference_candidate,2015-04-17,False
REF_ROAD:P5:sh518880:2015-04-17:road_on,REF_ROAD,P5:sh518880:2015-04-17:road_on,original_reference_candidate,2015-04-17,False
REF_BREAKOUT:P0:sz159915:2015-04-21:donchian60,REF_BREAKOUT,P0:sz159915:2015-04-21:donchian60,original_reference_candidate,2015-04-21,False
REF_BREAKOUT:P0:sh510300:2015-04-22:donchian60,REF_BREAKOUT,P0:sh510300:2015-04-22:donchian60,original_reference_candidate,2015-04-22,False
REF_BREAKOUT:P0:sz159915:2015-04-22:donchian60,REF_BREAKOUT,P0:sz159915:2015-04-22:donchian60,original_reference_candidate,2015-04-22,False
REF_BREAKOUT:P0:sz159915:2015-04-23:donchian60,REF_BREAKOUT,P0:sz159915:2015-04-23:donchian60,original_reference_candidate,2015-04-23,False
REF_ROAD:P5:sh513100:2015-04-24:road_on,REF_ROAD,P5:sh513100:2015-04-24:road_on,original_reference_candidate,2015-04-24,False
REF_BREAKOUT:P0:sz159915:2015-04-24:donchian60,REF_BREAKOUT,P0:sz159915:2015-04-24:donchian60,original_reference_candidate,2015-04-24,False
REF_BREAKOUT:P0:sh510300:2015-04-27:donchian60,REF_BREAKOUT,P0:sh510300:2015-04-27:donchian60,original_reference_candidate,2015-04-27,False
REF_BREAKOUT:P0:sh513100:2015-04-27:donchian60,REF_BREAKOUT,P0:sh513100:2015-04-27:donchian60,original_reference_candidate,2015-04-27,False
REF_BREAKOUT:P0:sz159915:2015-04-27:donchian60,REF_BREAKOUT,P0:sz159915:2015-04-27:donchian60,original_reference_candidate,2015-04-27,False
REF_ROAD:P5:sh518880:2015-04-28:road_on,REF_ROAD,P5:sh518880:2015-04-28:road_on,original_reference_candidate,2015-04-28,False
REF_BREAKOUT:P0:sz159915:2015-04-29:donchian60,REF_BREAKOUT,P0:sz159915:2015-04-29:donchian60,original_reference_candidate,2015-04-29,False
REF_BREAKOUT:P0:sz159915:2015-04-30:donchian60,REF_BREAKOUT,P0:sz159915:2015-04-30:donchian60,original_reference_candidate,2015-04-30,False
REF_ROAD:P5:sh510300:2015-05-08:road_on,REF_ROAD,P5:sh510300:2015-05-08:road_on,original_reference_candidate,2015-05-08,False
REF_ROAD:P5:sh513100:2015-05-08:road_on,REF_ROAD,P5:sh513100:2015-05-08:road_on,original_reference_candidate,2015-05-08,False
REF_BREAKOUT:P0:sz159915:2015-05-08:donchian60,REF_BREAKOUT,P0:sz159915:2015-05-08:donchian60,original_reference_candidate,2015-05-08,False
REF_BREAKOUT:P0:sz159915:2015-05-11:donchian60,REF_BREAKOUT,P0:sz159915:2015-05-11:donchian60,original_reference_candidate,2015-05-11,False
REF_BREAKOUT:P0:sz159915:2015-05-12:donchian60,REF_BREAKOUT,P0:sz159915:2015-05-12:donchian60,original_reference_candidate,2015-05-12,False
REF_ROAD:P5:sh518880:2015-05-14:road_on,REF_ROAD,P5:sh518880:2015-05-14:road_on,original_reference_candidate,2015-05-14,False
REF_BREAKOUT:P0:sz159915:2015-05-18:donchian60,REF_BREAKOUT,P0:sz159915:2015-05-18:donchian60,original_reference_candidate,2015-05-18,False
REF_ROAD:P5:sh510300:2015-05-19:road_on,REF_ROAD,P5:sh510300:2015-05-19:road_on,original_reference_candidate,2015-05-19,False
REF_BREAKOUT:P0:sz159915:2015-05-19:donchian60,REF_BREAKOUT,P0:sz159915:2015-05-19:donchian60,original_reference_candidate,2015-05-19,False
REF_BREAKOUT:P0:sz159915:2015-05-20:donchian60,REF_BREAKOUT,P0:sz159915:2015-05-20:donchian60,original_reference_candidate,2015-05-20,False
REF_BREAKOUT:P0:sh510300:2015-05-21:donchian60,REF_BREAKOUT,P0:sh510300:2015-05-21:donchian60,original_reference_candidate,2015-05-21,False
REF_BREAKOUT:P0:sz159915:2015-05-21:donchian60,REF_BREAKOUT,P0:sz159915:2015-05-21:donchian60,original_reference_candidate,2015-05-21,False
REF_BREAKOUT:P0:sh510300:2015-05-22:donchian60,REF_BREAKOUT,P0:sh510300:2015-05-22:donchian60,original_reference_candidate,2015-05-22,False
REF_ROAD:P5:sh518880:2015-05-22:road_on,REF_ROAD,P5:sh518880:2015-05-22:road_on,original_reference_candidate,2015-05-22,False
REF_BREAKOUT:P0:sh510300:2015-05-25:donchian60,REF_BREAKOUT,P0:sh510300:2015-05-25:donchian60,original_reference_candidate,2015-05-25,False
REF_BREAKOUT:P0:sh510300:2015-05-26:donchian60,REF_BREAKOUT,P0:sh510300:2015-05-26:donchian60,original_reference_candidate,2015-05-26,False
REF_BREAKOUT:P0:sz159915:2015-05-26:donchian60,REF_BREAKOUT,P0:sz159915:2015-05-26:donchian60,original_reference_candidate,2015-05-26,False
REF_BREAKOUT:P0:sh513100:2015-05-28:donchian60,REF_BREAKOUT,P0:sh513100:2015-05-28:donchian60,original_reference_candidate,2015-05-28,False
REF_ROAD:P5:sh513100:2015-05-28:road_on,REF_ROAD,P5:sh513100:2015-05-28:road_on,original_reference_candidate,2015-05-28,False
REF_BREAKOUT:P0:sz159915:2015-06-01:donchian60,REF_BREAKOUT,P0:sz159915:2015-06-01:donchian60,original_reference_candidate,2015-06-01,False
REF_BREAKOUT:P0:sz159915:2015-06-02:donchian60,REF_BREAKOUT,P0:sz159915:2015-06-02:donchian60,original_reference_candidate,2015-06-02,False
REF_BREAKOUT:P0:sz159915:2015-06-03:donchian60,REF_BREAKOUT,P0:sz159915:2015-06-03:donchian60,original_reference_candidate,2015-06-03,False
REF_BREAKOUT:P0:sh510300:2015-06-04:donchian60,REF_BREAKOUT,P0:sh510300:2015-06-04:donchian60,original_reference_candidate,2015-06-04,False
REF_ROAD:P5:sh513100:2015-06-04:road_on,REF_ROAD,P5:sh513100:2015-06-04:road_on,original_reference_candidate,2015-06-04,False
REF_BREAKOUT:P0:sh510300:2015-06-05:donchian60,REF_BREAKOUT,P0:sh510300:2015-06-05:donchian60,original_reference_candidate,2015-06-05,False
REF_BREAKOUT:P0:sh510300:2015-06-08:donchian60,REF_BREAKOUT,P0:sh510300:2015-06-08:donchian60,original_reference_candidate,2015-06-08,False
REF_ROAD:P5:sh513100:2015-06-11:road_on,REF_ROAD,P5:sh513100:2015-06-11:road_on,original_reference_candidate,2015-06-11,False
REF_ROAD:P5:sh510300:2015-06-17:road_on,REF_ROAD,P5:sh510300:2015-06-17:road_on,original_reference_candidate,2015-06-17,False
REF_ROAD:P5:sz159915:2015-06-17:road_on,REF_ROAD,P5:sz159915:2015-06-17:road_on,original_reference_candidate,2015-06-17,False
REF_BREAKOUT:P0:sh513100:2015-06-23:donchian60,REF_BREAKOUT,P0:sh513100:2015-06-23:donchian60,original_reference_candidate,2015-06-23,False
REF_ROAD:P5:sh513100:2015-06-23:road_on,REF_ROAD,P5:sh513100:2015-06-23:road_on,original_reference_candidate,2015-06-23,False
REF_ROAD:P5:sh513100:2015-07-15:road_on,REF_ROAD,P5:sh513100:2015-07-15:road_on,original_reference_candidate,2015-07-15,False
REF_ROAD:P5:sh513100:2015-07-17:road_on,REF_ROAD,P5:sh513100:2015-07-17:road_on,original_reference_candidate,2015-07-17,False
REF_BREAKOUT:P0:sh513100:2015-07-20:donchian60,REF_BREAKOUT,P0:sh513100:2015-07-20:donchian60,original_reference_candidate,2015-07-20,False
REF_BREAKOUT:P0:sh513100:2015-07-21:donchian60,REF_BREAKOUT,P0:sh513100:2015-07-21:donchian60,original_reference_candidate,2015-07-21,False
REF_BREAKOUT:P0:sh513100:2015-07-31:donchian60,REF_BREAKOUT,P0:sh513100:2015-07-31:donchian60,original_reference_candidate,2015-07-31,False
REF_BREAKOUT:P0:sh513100:2015-08-03:donchian60,REF_BREAKOUT,P0:sh513100:2015-08-03:donchian60,original_reference_candidate,2015-08-03,False
REF_ROAD:P5:sz159915:2015-08-10:road_on,REF_ROAD,P5:sz159915:2015-08-10:road_on,original_reference_candidate,2015-08-10,False
REF_BREAKOUT:P0:sh513100:2015-08-11:donchian60,REF_BREAKOUT,P0:sh513100:2015-08-11:donchian60,original_reference_candidate,2015-08-11,False
REF_ROAD:P5:sh513100:2015-08-11:road_on,REF_ROAD,P5:sh513100:2015-08-11:road_on,original_reference_candidate,2015-08-11,False
REF_ROAD:P5:sh510300:2015-08-12:road_on,REF_ROAD,P5:sh510300:2015-08-12:road_on,original_reference_candidate,2015-08-12,False
REF_ROAD:P5:sh518880:2015-08-12:road_on,REF_ROAD,P5:sh518880:2015-08-12:road_on,original_reference_candidate,2015-08-12,False
REF_ROAD:P5:sz159915:2015-08-13:road_on,REF_ROAD,P5:sz159915:2015-08-13:road_on,original_reference_candidate,2015-08-13,False
REF_ROAD:P5:sh518880:2015-08-17:road_on,REF_ROAD,P5:sh518880:2015-08-17:road_on,original_reference_candidate,2015-08-17,False
REF_BREAKOUT:P0:sh513100:2015-08-18:donchian60,REF_BREAKOUT,P0:sh513100:2015-08-18:donchian60,original_reference_candidate,2015-08-18,False
REF_ROAD:P5:sh518880:2015-09-17:road_on,REF_ROAD,P5:sh518880:2015-09-17:road_on,original_reference_candidate,2015-09-17,False
REF_ROAD:P5:sz159915:2015-09-24:road_on,REF_ROAD,P5:sz159915:2015-09-24:road_on,original_reference_candidate,2015-09-24,False
REF_ROAD:P5:sh518880:2015-09-25:road_on,REF_ROAD,P5:sh518880:2015-09-25:road_on,original_reference_candidate,2015-09-25,False
REF_ROAD:P5:sz159915:2015-09-28:road_on,REF_ROAD,P5:sz159915:2015-09-28:road_on,original_reference_candidate,2015-09-28,False
REF_ROAD:P5:sh510300:2015-10-09:road_on,REF_ROAD,P5:sh510300:2015-10-09:road_on,original_reference_candidate,2015-10-09,False
REF_ROAD:P5:sh513100:2015-10-09:road_on,REF_ROAD,P5:sh513100:2015-10-09:road_on,original_reference_candidate,2015-10-09,False
REF_ROAD:P5:sh518880:2015-10-12:road_on,REF_ROAD,P5:sh518880:2015-10-12:road_on,original_reference_candidate,2015-10-12,False
REF_BREAKOUT:P0:sh518880:2015-10-14:donchian60,REF_BREAKOUT,P0:sh518880:2015-10-14:donchian60,original_reference_candidate,2015-10-14,False
REF_ROAD:P5:sh513100:2015-10-15:road_on,REF_ROAD,P5:sh513100:2015-10-15:road_on,original_reference_candidate,2015-10-15,False
REF_BREAKOUT:P0:sh518880:2015-10-15:donchian60,REF_BREAKOUT,P0:sh518880:2015-10-15:donchian60,original_reference_candidate,2015-10-15,False
REF_ROAD:P5:sh510300:2015-11-04:road_on,REF_ROAD,P5:sh510300:2015-11-04:road_on,original_reference_candidate,2015-11-04,False
REF_BREAKOUT:P0:sh513100:2015-11-04:donchian60,REF_BREAKOUT,P0:sh513100:2015-11-04:donchian60,original_reference_candidate,2015-11-04,False
REF_BREAKOUT:P0:sh513100:2015-11-09:donchian60,REF_BREAKOUT,P0:sh513100:2015-11-09:donchian60,original_reference_candidate,2015-11-09,False
REF_BREAKOUT:P0:sz159915:2015-11-11:donchian60,REF_BREAKOUT,P0:sz159915:2015-11-11:donchian60,original_reference_candidate,2015-11-11,False
REF_ROAD:P5:sh513100:2015-11-17:road_on,REF_ROAD,P5:sh513100:2015-11-17:road_on,original_reference_candidate,2015-11-17,False
REF_BREAKOUT:P0:sh513100:2015-11-23:donchian60,REF_BREAKOUT,P0:sh513100:2015-11-23:donchian60,original_reference_candidate,2015-11-23,False
REF_BREAKOUT:P0:sz159915:2015-11-25:donchian60,REF_BREAKOUT,P0:sz159915:2015-11-25:donchian60,original_reference_candidate,2015-11-25,False
REF_ROAD:P5:sh510300:2015-12-02:road_on,REF_ROAD,P5:sh510300:2015-12-02:road_on,original_reference_candidate,2015-12-02,False
REF_BREAKOUT:P0:sh513100:2015-12-02:donchian60,REF_BREAKOUT,P0:sh513100:2015-12-02:donchian60,original_reference_candidate,2015-12-02,False
REF_ROAD:P5:sz159915:2015-12-03:road_on,REF_ROAD,P5:sz159915:2015-12-03:road_on,original_reference_candidate,2015-12-03,False
REF_ROAD:P5:sh513100:2015-12-07:road_on,REF_ROAD,P5:sh513100:2015-12-07:road_on,original_reference_candidate,2015-12-07,False
REF_ROAD:P5:sz159915:2015-12-15:road_on,REF_ROAD,P5:sz159915:2015-12-15:road_on,original_reference_candidate,2015-12-15,False
REF_ROAD:P5:sh513100:2015-12-16:road_on,REF_ROAD,P5:sh513100:2015-12-16:road_on,original_reference_candidate,2015-12-16,False
REF_BREAKOUT:P0:sh513100:2015-12-17:donchian60,REF_BREAKOUT,P0:sh513100:2015-12-17:donchian60,original_reference_candidate,2015-12-17,False
REF_BREAKOUT:P0:sh510300:2015-12-21:donchian60,REF_BREAKOUT,P0:sh510300:2015-12-21:donchian60,original_reference_candidate,2015-12-21,False
REF_ROAD:P5:sh510300:2015-12-21:road_on,REF_ROAD,P5:sh510300:2015-12-21:road_on,original_reference_candidate,2015-12-21,False
REF_ROAD:P5:sh518880:2015-12-21:road_on,REF_ROAD,P5:sh518880:2015-12-21:road_on,original_reference_candidate,2015-12-21,False
REF_BREAKOUT:P0:sh510300:2015-12-22:donchian60,REF_BREAKOUT,P0:sh510300:2015-12-22:donchian60,original_reference_candidate,2015-12-22,False
REF_ROAD:P5:sh513100:2015-12-24:road_on,REF_ROAD,P5:sh513100:2015-12-24:road_on,original_reference_candidate,2015-12-24,False
REF_ROAD:P5:sz159915:2015-12-25:road_on,REF_ROAD,P5:sz159915:2015-12-25:road_on,original_reference_candidate,2015-12-25,False
REF_ROAD:P5:sh510300:2015-12-29:road_on,REF_ROAD,P5:sh510300:2015-12-29:road_on,original_reference_candidate,2015-12-29,False
REF_ROAD:P5:sh513100:2015-12-30:road_on,REF_ROAD,P5:sh513100:2015-12-30:road_on,original_reference_candidate,2015-12-30,False
REF_ROAD:P5:sz159915:2015-12-30:road_on,REF_ROAD,P5:sz159915:2015-12-30:road_on,original_reference_candidate,2015-12-30,False
REF_BREAKOUT:P0:sh513100:2015-12-31:donchian60,REF_BREAKOUT,P0:sh513100:2015-12-31:donchian60,original_reference_candidate,2015-12-31,False
REF_ROAD:P5:sh518880:2016-01-04:road_on,REF_ROAD,P5:sh518880:2016-01-04:road_on,original_reference_candidate,2016-01-04,False
REF_BREAKOUT:P0:sh518880:2016-01-26:donchian60,REF_BREAKOUT,P0:sh518880:2016-01-26:donchian60,original_reference_candidate,2016-01-26,False
REF_BREAKOUT:P0:sh518880:2016-02-01:donchian60,REF_BREAKOUT,P0:sh518880:2016-02-01:donchian60,original_reference_candidate,2016-02-01,False
REF_BREAKOUT:P0:sh518880:2016-02-02:donchian60,REF_BREAKOUT,P0:sh518880:2016-02-02:donchian60,original_reference_candidate,2016-02-02,False
REF_BREAKOUT:P0:sh518880:2016-02-03:donchian60,REF_BREAKOUT,P0:sh518880:2016-02-03:donchian60,original_reference_candidate,2016-02-03,False
REF_BREAKOUT:P0:sh518880:2016-02-04:donchian60,REF_BREAKOUT,P0:sh518880:2016-02-04:donchian60,original_reference_candidate,2016-02-04,False
REF_BREAKOUT:P0:sh518880:2016-02-05:donchian60,REF_BREAKOUT,P0:sh518880:2016-02-05:donchian60,original_reference_candidate,2016-02-05,False
REF_BREAKOUT:P0:sh518880:2016-02-15:donchian60,REF_BREAKOUT,P0:sh518880:2016-02-15:donchian60,original_reference_candidate,2016-02-15,False
REF_ROAD:P5:sz159915:2016-02-16:road_on,REF_ROAD,P5:sz159915:2016-02-16:road_on,original_reference_candidate,2016-02-16,False
REF_BREAKOUT:P0:sh518880:2016-02-19:donchian60,REF_BREAKOUT,P0:sh518880:2016-02-19:donchian60,original_reference_candidate,2016-02-19,False
REF_BREAKOUT:P0:sh518880:2016-02-24:donchian60,REF_BREAKOUT,P0:sh518880:2016-02-24:donchian60,original_reference_candidate,2016-02-24,False
REF_ROAD:P5:sz159915:2016-02-24:road_on,REF_ROAD,P5:sz159915:2016-02-24:road_on,original_reference_candidate,2016-02-24,False
REF_BREAKOUT:P0:sh518880:2016-02-25:donchian60,REF_BREAKOUT,P0:sh518880:2016-02-25:donchian60,original_reference_candidate,2016-02-25,False
REF_ROAD:P5:sh513100:2016-02-26:road_on,REF_ROAD,P5:sh513100:2016-02-26:road_on,original_reference_candidate,2016-02-26,False
REF_BREAKOUT:P0:sh518880:2016-03-01:donchian60,REF_BREAKOUT,P0:sh518880:2016-03-01:donchian60,original_reference_candidate,2016-03-01,False
REF_ROAD:P5:sh510300:2016-03-02:road_on,REF_ROAD,P5:sh510300:2016-03-02:road_on,original_reference_candidate,2016-03-02,False
REF_ROAD:P5:sh513100:2016-03-02:road_on,REF_ROAD,P5:sh513100:2016-03-02:road_on,original_reference_candidate,2016-03-02,False
REF_BREAKOUT:P0:sh518880:2016-03-04:donchian60,REF_BREAKOUT,P0:sh518880:2016-03-04:donchian60,original_reference_candidate,2016-03-04,False
REF_BREAKOUT:P0:sh518880:2016-03-08:donchian60,REF_BREAKOUT,P0:sh518880:2016-03-08:donchian60,original_reference_candidate,2016-03-08,False
REF_ROAD:P5:sh513100:2016-03-10:road_on,REF_ROAD,P5:sh513100:2016-03-10:road_on,original_reference_candidate,2016-03-10,False
REF_ROAD:P5:sh510300:2016-03-14:road_on,REF_ROAD,P5:sh510300:2016-03-14:road_on,original_reference_candidate,2016-03-14,False
REF_ROAD:P5:sh518880:2016-03-16:road_on,REF_ROAD,P5:sh518880:2016-03-16:road_on,original_reference_candidate,2016-03-16,False
REF_ROAD:P5:sh518880:2016-03-22:road_on,REF_ROAD,P5:sh518880:2016-03-22:road_on,original_reference_candidate,2016-03-22,False
REF_ROAD:P5:sz159915:2016-03-23:road_on,REF_ROAD,P5:sz159915:2016-03-23:road_on,original_reference_candidate,2016-03-23,False
REF_ROAD:P5:sh518880:2016-04-13:road_on,REF_ROAD,P5:sh518880:2016-04-13:road_on,original_reference_candidate,2016-04-13,False
REF_BREAKOUT:P0:sh510300:2016-04-14:donchian60,REF_BREAKOUT,P0:sh510300:2016-04-14:donchian60,original_reference_candidate,2016-04-14,False
REF_BREAKOUT:P0:sz159915:2016-04-14:donchian60,REF_BREAKOUT,P0:sz159915:2016-04-14:donchian60,original_reference_candidate,2016-04-14,False
REF_BREAKOUT:P0:sh510300:2016-04-15:donchian60,REF_BREAKOUT,P0:sh510300:2016-04-15:donchian60,original_reference_candidate,2016-04-15,False
REF_BREAKOUT:P0:sh513100:2016-04-15:donchian60,REF_BREAKOUT,P0:sh513100:2016-04-15:donchian60,original_reference_candidate,2016-04-15,False
REF_BREAKOUT:P0:sh513100:2016-04-19:donchian60,REF_BREAKOUT,P0:sh513100:2016-04-19:donchian60,original_reference_candidate,2016-04-19,False
REF_ROAD:P5:sh518880:2016-04-19:road_on,REF_ROAD,P5:sh518880:2016-04-19:road_on,original_reference_candidate,2016-04-19,False
REF_ROAD:P5:sh518880:2016-04-21:road_on,REF_ROAD,P5:sh518880:2016-04-21:road_on,original_reference_candidate,2016-04-21,False
REF_ROAD:P5:sh518880:2016-04-27:road_on,REF_ROAD,P5:sh518880:2016-04-27:road_on,original_reference_candidate,2016-04-27,False
REF_BREAKOUT:P0:sh518880:2016-05-03:donchian60,REF_BREAKOUT,P0:sh518880:2016-05-03:donchian60,original_reference_candidate,2016-05-03,False
REF_ROAD:P5:sz159915:2016-05-03:road_on,REF_ROAD,P5:sz159915:2016-05-03:road_on,original_reference_candidate,2016-05-03,False
REF_ROAD:P5:sh513100:2016-05-11:road_on,REF_ROAD,P5:sh513100:2016-05-11:road_on,original_reference_candidate,2016-05-11,False
REF_ROAD:P5:sh513100:2016-05-25:road_on,REF_ROAD,P5:sh513100:2016-05-25:road_on,original_reference_candidate,2016-05-25,False
REF_BREAKOUT:P0:sh513100:2016-05-30:donchian60,REF_BREAKOUT,P0:sh513100:2016-05-30:donchian60,original_reference_candidate,2016-05-30,False
REF_BREAKOUT:P0:sh513100:2016-05-31:donchian60,REF_BREAKOUT,P0:sh513100:2016-05-31:donchian60,original_reference_candidate,2016-05-31,False
REF_BREAKOUT:P0:sh513100:2016-06-01:donchian60,REF_BREAKOUT,P0:sh513100:2016-06-01:donchian60,original_reference_candidate,2016-06-01,False
REF_ROAD:P5:sh510300:2016-06-03:road_on,REF_ROAD,P5:sh510300:2016-06-03:road_on,original_reference_candidate,2016-06-03,False
REF_ROAD:P5:sz159915:2016-06-03:road_on,REF_ROAD,P5:sz159915:2016-06-03:road_on,original_reference_candidate,2016-06-03,False
REF_BREAKOUT:P0:sh518880:2016-06-13:donchian60,REF_BREAKOUT,P0:sh518880:2016-06-13:donchian60,original_reference_candidate,2016-06-13,False
REF_ROAD:P5:sh518880:2016-06-13:road_on,REF_ROAD,P5:sh518880:2016-06-13:road_on,original_reference_candidate,2016-06-13,False
REF_ROAD:P5:sh510300:2016-06-15:road_on,REF_ROAD,P5:sh510300:2016-06-15:road_on,original_reference_candidate,2016-06-15,False
REF_ROAD:P5:sh513100:2016-06-15:road_on,REF_ROAD,P5:sh513100:2016-06-15:road_on,original_reference_candidate,2016-06-15,False
REF_BREAKOUT:P0:sh518880:2016-06-15:donchian60,REF_BREAKOUT,P0:sh518880:2016-06-15:donchian60,original_reference_candidate,2016-06-15,False
REF_ROAD:P5:sz159915:2016-06-15:road_on,REF_ROAD,P5:sz159915:2016-06-15:road_on,original_reference_candidate,2016-06-15,False
REF_BREAKOUT:P0:sh518880:2016-06-16:donchian60,REF_BREAKOUT,P0:sh518880:2016-06-16:donchian60,original_reference_candidate,2016-06-16,False
REF_ROAD:P5:sz159915:2016-06-17:road_on,REF_ROAD,P5:sz159915:2016-06-17:road_on,original_reference_candidate,2016-06-17,False
REF_ROAD:P5:sh510300:2016-06-22:road_on,REF_ROAD,P5:sh510300:2016-06-22:road_on,original_reference_candidate,2016-06-22,False
REF_ROAD:P5:sz159915:2016-06-22:road_on,REF_ROAD,P5:sz159915:2016-06-22:road_on,original_reference_candidate,2016-06-22,False
REF_BREAKOUT:P0:sh518880:2016-06-24:donchian60,REF_BREAKOUT,P0:sh518880:2016-06-24:donchian60,original_reference_candidate,2016-06-24,False
REF_ROAD:P5:sh510300:2016-06-27:road_on,REF_ROAD,P5:sh510300:2016-06-27:road_on,original_reference_candidate,2016-06-27,False
REF_BREAKOUT:P0:sh518880:2016-06-27:donchian60,REF_BREAKOUT,P0:sh518880:2016-06-27:donchian60,original_reference_candidate,2016-06-27,False
REF_BREAKOUT:P0:sh518880:2016-06-29:donchian60,REF_BREAKOUT,P0:sh518880:2016-06-29:donchian60,original_reference_candidate,2016-06-29,False
REF_ROAD:P5:sh510300:2016-07-01:road_on,REF_ROAD,P5:sh510300:2016-07-01:road_on,original_reference_candidate,2016-07-01,False
REF_BREAKOUT:P0:sh518880:2016-07-01:donchian60,REF_BREAKOUT,P0:sh518880:2016-07-01:donchian60,original_reference_candidate,2016-07-01,False
REF_BREAKOUT:P0:sh518880:2016-07-04:donchian60,REF_BREAKOUT,P0:sh518880:2016-07-04:donchian60,original_reference_candidate,2016-07-04,False
REF_BREAKOUT:P0:sh518880:2016-07-06:donchian60,REF_BREAKOUT,P0:sh518880:2016-07-06:donchian60,original_reference_candidate,2016-07-06,False
REF_ROAD:P5:sh513100:2016-07-07:road_on,REF_ROAD,P5:sh513100:2016-07-07:road_on,original_reference_candidate,2016-07-07,False
REF_BREAKOUT:P0:sh513100:2016-07-11:donchian60,REF_BREAKOUT,P0:sh513100:2016-07-11:donchian60,original_reference_candidate,2016-07-11,False
REF_BREAKOUT:P0:sh510300:2016-07-12:donchian60,REF_BREAKOUT,P0:sh510300:2016-07-12:donchian60,original_reference_candidate,2016-07-12,False
REF_BREAKOUT:P0:sh513100:2016-07-12:donchian60,REF_BREAKOUT,P0:sh513100:2016-07-12:donchian60,original_reference_candidate,2016-07-12,False
REF_BREAKOUT:P0:sh510300:2016-07-13:donchian60,REF_BREAKOUT,P0:sh510300:2016-07-13:donchian60,original_reference_candidate,2016-07-13,False
REF_BREAKOUT:P0:sh513100:2016-07-13:donchian60,REF_BREAKOUT,P0:sh513100:2016-07-13:donchian60,original_reference_candidate,2016-07-13,False
REF_BREAKOUT:P0:sz159915:2016-07-14:donchian60,REF_BREAKOUT,P0:sz159915:2016-07-14:donchian60,original_reference_candidate,2016-07-14,False
REF_BREAKOUT:P0:sh513100:2016-07-15:donchian60,REF_BREAKOUT,P0:sh513100:2016-07-15:donchian60,original_reference_candidate,2016-07-15,False
REF_BREAKOUT:P0:sh513100:2016-07-19:donchian60,REF_BREAKOUT,P0:sh513100:2016-07-19:donchian60,original_reference_candidate,2016-07-19,False
REF_BREAKOUT:P0:sh513100:2016-07-21:donchian60,REF_BREAKOUT,P0:sh513100:2016-07-21:donchian60,original_reference_candidate,2016-07-21,False
REF_BREAKOUT:P0:sh513100:2016-07-26:donchian60,REF_BREAKOUT,P0:sh513100:2016-07-26:donchian60,original_reference_candidate,2016-07-26,False
REF_BREAKOUT:P0:sh513100:2016-07-27:donchian60,REF_BREAKOUT,P0:sh513100:2016-07-27:donchian60,original_reference_candidate,2016-07-27,False
REF_ROAD:P5:sh510300:2016-07-28:road_on,REF_ROAD,P5:sh510300:2016-07-28:road_on,original_reference_candidate,2016-07-28,False
REF_BREAKOUT:P0:sh513100:2016-07-28:donchian60,REF_BREAKOUT,P0:sh513100:2016-07-28:donchian60,original_reference_candidate,2016-07-28,False
REF_ROAD:P5:sh518880:2016-07-28:road_on,REF_ROAD,P5:sh518880:2016-07-28:road_on,original_reference_candidate,2016-07-28,False
REF_BREAKOUT:P0:sh513100:2016-07-29:donchian60,REF_BREAKOUT,P0:sh513100:2016-07-29:donchian60,original_reference_candidate,2016-07-29,False
REF_BREAKOUT:P0:sh513100:2016-08-01:donchian60,REF_BREAKOUT,P0:sh513100:2016-08-01:donchian60,original_reference_candidate,2016-08-01,False
REF_BREAKOUT:P0:sh513100:2016-08-02:donchian60,REF_BREAKOUT,P0:sh513100:2016-08-02:donchian60,original_reference_candidate,2016-08-02,False
REF_ROAD:P5:sh518880:2016-08-02:road_on,REF_ROAD,P5:sh518880:2016-08-02:road_on,original_reference_candidate,2016-08-02,False
REF_ROAD:P5:sh510300:2016-08-05:road_on,REF_ROAD,P5:sh510300:2016-08-05:road_on,original_reference_candidate,2016-08-05,False
REF_ROAD:P5:sh518880:2016-08-05:road_on,REF_ROAD,P5:sh518880:2016-08-05:road_on,original_reference_candidate,2016-08-05,False
REF_BREAKOUT:P0:sh513100:2016-08-08:donchian60,REF_BREAKOUT,P0:sh513100:2016-08-08:donchian60,original_reference_candidate,2016-08-08,False
REF_BREAKOUT:P0:sh513100:2016-08-09:donchian60,REF_BREAKOUT,P0:sh513100:2016-08-09:donchian60,original_reference_candidate,2016-08-09,False
REF_BREAKOUT:P0:sh513100:2016-08-10:donchian60,REF_BREAKOUT,P0:sh513100:2016-08-10:donchian60,original_reference_candidate,2016-08-10,False
REF_ROAD:P5:sh518880:2016-08-10:road_on,REF_ROAD,P5:sh518880:2016-08-10:road_on,original_reference_candidate,2016-08-10,False
REF_BREAKOUT:P0:sh510300:2016-08-12:donchian60,REF_BREAKOUT,P0:sh510300:2016-08-12:donchian60,original_reference_candidate,2016-08-12,False
REF_ROAD:P5:sh510300:2016-08-12:road_on,REF_ROAD,P5:sh510300:2016-08-12:road_on,original_reference_candidate,2016-08-12,False
REF_BREAKOUT:P0:sh513100:2016-08-12:donchian60,REF_BREAKOUT,P0:sh513100:2016-08-12:donchian60,original_reference_candidate,2016-08-12,False
REF_BREAKOUT:P0:sh510300:2016-08-15:donchian60,REF_BREAKOUT,P0:sh510300:2016-08-15:donchian60,original_reference_candidate,2016-08-15,False
REF_ROAD:P5:sh518880:2016-08-16:road_on,REF_ROAD,P5:sh518880:2016-08-16:road_on,original_reference_candidate,2016-08-16,False
REF_ROAD:P5:sh518880:2016-08-18:road_on,REF_ROAD,P5:sh518880:2016-08-18:road_on,original_reference_candidate,2016-08-18,False
REF_BREAKOUT:P0:sh513100:2016-08-23:donchian60,REF_BREAKOUT,P0:sh513100:2016-08-23:donchian60,original_reference_candidate,2016-08-23,False
REF_BREAKOUT:P0:sh513100:2016-08-24:donchian60,REF_BREAKOUT,P0:sh513100:2016-08-24:donchian60,original_reference_candidate,2016-08-24,False
REF_ROAD:P5:sz159915:2016-08-24:road_on,REF_ROAD,P5:sz159915:2016-08-24:road_on,original_reference_candidate,2016-08-24,False
REF_ROAD:P5:sh510300:2016-09-02:road_on,REF_ROAD,P5:sh510300:2016-09-02:road_on,original_reference_candidate,2016-09-02,False
REF_ROAD:P5:sz159915:2016-09-05:road_on,REF_ROAD,P5:sz159915:2016-09-05:road_on,original_reference_candidate,2016-09-05,False
REF_BREAKOUT:P0:sh513100:2016-09-06:donchian60,REF_BREAKOUT,P0:sh513100:2016-09-06:donchian60,original_reference_candidate,2016-09-06,False
REF_BREAKOUT:P0:sh513100:2016-09-07:donchian60,REF_BREAKOUT,P0:sh513100:2016-09-07:donchian60,original_reference_candidate,2016-09-07,False
REF_ROAD:P5:sh518880:2016-09-08:road_on,REF_ROAD,P5:sh518880:2016-09-08:road_on,original_reference_candidate,2016-09-08,False
REF_ROAD:P5:sh513100:2016-09-19:road_on,REF_ROAD,P5:sh513100:2016-09-19:road_on,original_reference_candidate,2016-09-19,False
REF_BREAKOUT:P0:sh513100:2016-09-22:donchian60,REF_BREAKOUT,P0:sh513100:2016-09-22:donchian60,original_reference_candidate,2016-09-22,False
REF_BREAKOUT:P0:sh513100:2016-09-23:donchian60,REF_BREAKOUT,P0:sh513100:2016-09-23:donchian60,original_reference_candidate,2016-09-23,False
REF_ROAD:P5:sh518880:2016-09-23:road_on,REF_ROAD,P5:sh518880:2016-09-23:road_on,original_reference_candidate,2016-09-23,False
REF_ROAD:P5:sh510300:2016-10-10:road_on,REF_ROAD,P5:sh510300:2016-10-10:road_on,original_reference_candidate,2016-10-10,False
REF_ROAD:P5:sh513100:2016-10-10:road_on,REF_ROAD,P5:sh513100:2016-10-10:road_on,original_reference_candidate,2016-10-10,False
REF_ROAD:P5:sz159915:2016-10-10:road_on,REF_ROAD,P5:sz159915:2016-10-10:road_on,original_reference_candidate,2016-10-10,False
REF_ROAD:P5:sh510300:2016-10-19:road_on,REF_ROAD,P5:sh510300:2016-10-19:road_on,original_reference_candidate,2016-10-19,False
REF_ROAD:P5:sh513100:2016-10-19:road_on,REF_ROAD,P5:sh513100:2016-10-19:road_on,original_reference_candidate,2016-10-19,False
REF_ROAD:P5:sz159915:2016-10-19:road_on,REF_ROAD,P5:sz159915:2016-10-19:road_on,original_reference_candidate,2016-10-19,False
REF_ROAD:P5:sh513100:2016-11-01:road_on,REF_ROAD,P5:sh513100:2016-11-01:road_on,original_reference_candidate,2016-11-01,False
REF_ROAD:P5:sh513100:2016-11-07:road_on,REF_ROAD,P5:sh513100:2016-11-07:road_on,original_reference_candidate,2016-11-07,False
REF_ROAD:P5:sh518880:2016-11-07:road_on,REF_ROAD,P5:sh518880:2016-11-07:road_on,original_reference_candidate,2016-11-07,False
REF_BREAKOUT:P0:sh510300:2016-11-10:donchian60,REF_BREAKOUT,P0:sh510300:2016-11-10:donchian60,original_reference_candidate,2016-11-10,False
REF_BREAKOUT:P0:sh510300:2016-11-11:donchian60,REF_BREAKOUT,P0:sh510300:2016-11-11:donchian60,original_reference_candidate,2016-11-11,False
REF_BREAKOUT:P0:sh510300:2016-11-14:donchian60,REF_BREAKOUT,P0:sh510300:2016-11-14:donchian60,original_reference_candidate,2016-11-14,False
REF_ROAD:P5:sh513100:2016-11-16:road_on,REF_ROAD,P5:sh513100:2016-11-16:road_on,original_reference_candidate,2016-11-16,False
REF_BREAKOUT:P0:sh510300:2016-11-17:donchian60,REF_BREAKOUT,P0:sh510300:2016-11-17:donchian60,original_reference_candidate,2016-11-17,False
REF_BREAKOUT:P0:sh510300:2016-11-21:donchian60,REF_BREAKOUT,P0:sh510300:2016-11-21:donchian60,original_reference_candidate,2016-11-21,False
REF_BREAKOUT:P0:sh510300:2016-11-22:donchian60,REF_BREAKOUT,P0:sh510300:2016-11-22:donchian60,original_reference_candidate,2016-11-22,False
REF_BREAKOUT:P0:sh513100:2016-11-22:donchian60,REF_BREAKOUT,P0:sh513100:2016-11-22:donchian60,original_reference_candidate,2016-11-22,False
REF_BREAKOUT:P0:sh510300:2016-11-23:donchian60,REF_BREAKOUT,P0:sh510300:2016-11-23:donchian60,original_reference_candidate,2016-11-23,False
REF_BREAKOUT:P0:sh513100:2016-11-23:donchian60,REF_BREAKOUT,P0:sh513100:2016-11-23:donchian60,original_reference_candidate,2016-11-23,False
REF_BREAKOUT:P0:sh510300:2016-11-24:donchian60,REF_BREAKOUT,P0:sh510300:2016-11-24:donchian60,original_reference_candidate,2016-11-24,False
REF_BREAKOUT:P0:sh513100:2016-11-24:donchian60,REF_BREAKOUT,P0:sh513100:2016-11-24:donchian60,original_reference_candidate,2016-11-24,False
REF_BREAKOUT:P0:sh510300:2016-11-25:donchian60,REF_BREAKOUT,P0:sh510300:2016-11-25:donchian60,original_reference_candidate,2016-11-25,False
REF_BREAKOUT:P0:sh513100:2016-11-25:donchian60,REF_BREAKOUT,P0:sh513100:2016-11-25:donchian60,original_reference_candidate,2016-11-25,False
REF_ROAD:P5:sz159915:2016-11-25:road_on,REF_ROAD,P5:sz159915:2016-11-25:road_on,original_reference_candidate,2016-11-25,False
REF_BREAKOUT:P0:sh510300:2016-11-28:donchian60,REF_BREAKOUT,P0:sh510300:2016-11-28:donchian60,original_reference_candidate,2016-11-28,False
REF_BREAKOUT:P0:sh513100:2016-11-28:donchian60,REF_BREAKOUT,P0:sh513100:2016-11-28:donchian60,original_reference_candidate,2016-11-28,False
REF_BREAKOUT:P0:sh510300:2016-11-29:donchian60,REF_BREAKOUT,P0:sh510300:2016-11-29:donchian60,original_reference_candidate,2016-11-29,False
REF_ROAD:P5:sz159915:2016-11-30:road_on,REF_ROAD,P5:sz159915:2016-11-30:road_on,original_reference_candidate,2016-11-30,False
REF_BREAKOUT:P0:sh510300:2016-12-01:donchian60,REF_BREAKOUT,P0:sh510300:2016-12-01:donchian60,original_reference_candidate,2016-12-01,False
REF_ROAD:P5:sh513100:2016-12-06:road_on,REF_ROAD,P5:sh513100:2016-12-06:road_on,original_reference_candidate,2016-12-06,False
REF_ROAD:P5:sh510300:2016-12-07:road_on,REF_ROAD,P5:sh510300:2016-12-07:road_on,original_reference_candidate,2016-12-07,False
REF_BREAKOUT:P0:sh513100:2016-12-16:donchian60,REF_BREAKOUT,P0:sh513100:2016-12-16:donchian60,original_reference_candidate,2016-12-16,False
REF_BREAKOUT:P0:sh513100:2016-12-21:donchian60,REF_BREAKOUT,P0:sh513100:2016-12-21:donchian60,original_reference_candidate,2016-12-21,False
REF_BREAKOUT:P0:sh513100:2016-12-26:donchian60,REF_BREAKOUT,P0:sh513100:2016-12-26:donchian60,original_reference_candidate,2016-12-26,False
REF_ROAD:P5:sh518880:2017-01-04:road_on,REF_ROAD,P5:sh518880:2017-01-04:road_on,original_reference_candidate,2017-01-04,False
REF_ROAD:P5:sh513100:2017-01-09:road_on,REF_ROAD,P5:sh513100:2017-01-09:road_on,original_reference_candidate,2017-01-09,False
REF_ROAD:P5:sh518880:2017-01-09:road_on,REF_ROAD,P5:sh518880:2017-01-09:road_on,original_reference_candidate,2017-01-09,False
REF_ROAD:P5:sh510300:2017-01-20:road_on,REF_ROAD,P5:sh510300:2017-01-20:road_on,original_reference_candidate,2017-01-20,False
REF_ROAD:P5:sh513100:2017-01-25:road_on,REF_ROAD,P5:sh513100:2017-01-25:road_on,original_reference_candidate,2017-01-25,False
REF_BREAKOUT:P0:sh513100:2017-01-26:donchian60,REF_BREAKOUT,P0:sh513100:2017-01-26:donchian60,original_reference_candidate,2017-01-26,False
REF_ROAD:P5:sh518880:2017-02-03:road_on,REF_ROAD,P5:sh518880:2017-02-03:road_on,original_reference_candidate,2017-02-03,False
REF_BREAKOUT:P0:sh513100:2017-02-08:donchian60,REF_BREAKOUT,P0:sh513100:2017-02-08:donchian60,original_reference_candidate,2017-02-08,False
REF_BREAKOUT:P0:sh513100:2017-02-09:donchian60,REF_BREAKOUT,P0:sh513100:2017-02-09:donchian60,original_reference_candidate,2017-02-09,False
REF_BREAKOUT:P0:sh513100:2017-02-10:donchian60,REF_BREAKOUT,P0:sh513100:2017-02-10:donchian60,original_reference_candidate,2017-02-10,False
REF_BREAKOUT:P0:sh513100:2017-02-13:donchian60,REF_BREAKOUT,P0:sh513100:2017-02-13:donchian60,original_reference_candidate,2017-02-13,False
REF_BREAKOUT:P0:sh513100:2017-02-15:donchian60,REF_BREAKOUT,P0:sh513100:2017-02-15:donchian60,original_reference_candidate,2017-02-15,False
REF_BREAKOUT:P0:sh513100:2017-02-16:donchian60,REF_BREAKOUT,P0:sh513100:2017-02-16:donchian60,original_reference_candidate,2017-02-16,False
REF_BREAKOUT:P0:sh513100:2017-02-21:donchian60,REF_BREAKOUT,P0:sh513100:2017-02-21:donchian60,original_reference_candidate,2017-02-21,False
REF_ROAD:P5:sz159915:2017-02-21:road_on,REF_ROAD,P5:sz159915:2017-02-21:road_on,original_reference_candidate,2017-02-21,False
REF_BREAKOUT:P0:sh513100:2017-02-22:donchian60,REF_BREAKOUT,P0:sh513100:2017-02-22:donchian60,original_reference_candidate,2017-02-22,False
REF_BREAKOUT:P0:sh518880:2017-02-24:donchian60,REF_BREAKOUT,P0:sh518880:2017-02-24:donchian60,original_reference_candidate,2017-02-24,False
REF_BREAKOUT:P0:sh518880:2017-02-27:donchian60,REF_BREAKOUT,P0:sh518880:2017-02-27:donchian60,original_reference_candidate,2017-02-27,False
REF_BREAKOUT:P0:sh513100:2017-03-02:donchian60,REF_BREAKOUT,P0:sh513100:2017-03-02:donchian60,original_reference_candidate,2017-03-02,False
REF_ROAD:P5:sh510300:2017-03-06:road_on,REF_ROAD,P5:sh510300:2017-03-06:road_on,original_reference_candidate,2017-03-06,False
REF_BREAKOUT:P0:sh513100:2017-03-06:donchian60,REF_BREAKOUT,P0:sh513100:2017-03-06:donchian60,original_reference_candidate,2017-03-06,False
REF_ROAD:P5:sh510300:2017-03-13:road_on,REF_ROAD,P5:sh510300:2017-03-13:road_on,original_reference_candidate,2017-03-13,False
REF_BREAKOUT:P0:sh513100:2017-03-14:donchian60,REF_BREAKOUT,P0:sh513100:2017-03-14:donchian60,original_reference_candidate,2017-03-14,False
REF_BREAKOUT:P0:sh513100:2017-03-16:donchian60,REF_BREAKOUT,P0:sh513100:2017-03-16:donchian60,original_reference_candidate,2017-03-16,False
REF_ROAD:P5:sh518880:2017-03-16:road_on,REF_ROAD,P5:sh518880:2017-03-16:road_on,original_reference_candidate,2017-03-16,False
REF_ROAD:P5:sz159915:2017-03-20:road_on,REF_ROAD,P5:sz159915:2017-03-20:road_on,original_reference_candidate,2017-03-20,False
REF_ROAD:P5:sz159915:2017-03-23:road_on,REF_ROAD,P5:sz159915:2017-03-23:road_on,original_reference_candidate,2017-03-23,False
REF_BREAKOUT:P0:sh510300:2017-03-24:donchian60,REF_BREAKOUT,P0:sh510300:2017-03-24:donchian60,original_reference_candidate,2017-03-24,False
REF_ROAD:P5:sh510300:2017-03-24:road_on,REF_ROAD,P5:sh510300:2017-03-24:road_on,original_reference_candidate,2017-03-24,False
REF_BREAKOUT:P0:sh518880:2017-03-27:donchian60,REF_BREAKOUT,P0:sh518880:2017-03-27:donchian60,original_reference_candidate,2017-03-27,False
REF_ROAD:P5:sh518880:2017-03-27:road_on,REF_ROAD,P5:sh518880:2017-03-27:road_on,original_reference_candidate,2017-03-27,False
REF_ROAD:P5:sh513100:2017-03-29:road_on,REF_ROAD,P5:sh513100:2017-03-29:road_on,original_reference_candidate,2017-03-29,False
REF_ROAD:P5:sh510300:2017-03-31:road_on,REF_ROAD,P5:sh510300:2017-03-31:road_on,original_reference_candidate,2017-03-31,False
REF_BREAKOUT:P0:sh510300:2017-04-05:donchian60,REF_BREAKOUT,P0:sh510300:2017-04-05:donchian60,original_reference_candidate,2017-04-05,False
REF_BREAKOUT:P0:sh510300:2017-04-07:donchian60,REF_BREAKOUT,P0:sh510300:2017-04-07:donchian60,original_reference_candidate,2017-04-07,False
REF_BREAKOUT:P0:sh518880:2017-04-07:donchian60,REF_BREAKOUT,P0:sh518880:2017-04-07:donchian60,original_reference_candidate,2017-04-07,False
REF_BREAKOUT:P0:sh518880:2017-04-12:donchian60,REF_BREAKOUT,P0:sh518880:2017-04-12:donchian60,original_reference_candidate,2017-04-12,False
REF_BREAKOUT:P0:sh518880:2017-04-13:donchian60,REF_BREAKOUT,P0:sh518880:2017-04-13:donchian60,original_reference_candidate,2017-04-13,False
REF_BREAKOUT:P0:sh518880:2017-04-14:donchian60,REF_BREAKOUT,P0:sh518880:2017-04-14:donchian60,original_reference_candidate,2017-04-14,False
REF_ROAD:P5:sh513100:2017-04-24:road_on,REF_ROAD,P5:sh513100:2017-04-24:road_on,original_reference_candidate,2017-04-24,False
REF_ROAD:P5:sh518880:2017-04-28:road_on,REF_ROAD,P5:sh518880:2017-04-28:road_on,original_reference_candidate,2017-04-28,False
REF_BREAKOUT:P0:sh513100:2017-05-02:donchian60,REF_BREAKOUT,P0:sh513100:2017-05-02:donchian60,original_reference_candidate,2017-05-02,False
REF_BREAKOUT:P0:sh513100:2017-05-08:donchian60,REF_BREAKOUT,P0:sh513100:2017-05-08:donchian60,original_reference_candidate,2017-05-08,False
REF_BREAKOUT:P0:sh513100:2017-05-09:donchian60,REF_BREAKOUT,P0:sh513100:2017-05-09:donchian60,original_reference_candidate,2017-05-09,False
REF_BREAKOUT:P0:sh513100:2017-05-16:donchian60,REF_BREAKOUT,P0:sh513100:2017-05-16:donchian60,original_reference_candidate,2017-05-16,False
REF_ROAD:P5:sh513100:2017-05-22:road_on,REF_ROAD,P5:sh513100:2017-05-22:road_on,original_reference_candidate,2017-05-22,False
REF_ROAD:P5:sh510300:2017-05-25:road_on,REF_ROAD,P5:sh510300:2017-05-25:road_on,original_reference_candidate,2017-05-25,False
REF_BREAKOUT:P0:sh513100:2017-05-25:donchian60,REF_BREAKOUT,P0:sh513100:2017-05-25:donchian60,original_reference_candidate,2017-05-25,False
REF_BREAKOUT:P0:sh513100:2017-05-26:donchian60,REF_BREAKOUT,P0:sh513100:2017-05-26:donchian60,original_reference_candidate,2017-05-26,False
REF_BREAKOUT:P0:sh513100:2017-06-02:donchian60,REF_BREAKOUT,P0:sh513100:2017-06-02:donchian60,original_reference_candidate,2017-06-02,False
REF_BREAKOUT:P0:sh513100:2017-06-05:donchian60,REF_BREAKOUT,P0:sh513100:2017-06-05:donchian60,original_reference_candidate,2017-06-05,False
REF_ROAD:P5:sh518880:2017-06-05:road_on,REF_ROAD,P5:sh518880:2017-06-05:road_on,original_reference_candidate,2017-06-05,False
REF_BREAKOUT:P0:sh510300:2017-06-07:donchian60,REF_BREAKOUT,P0:sh510300:2017-06-07:donchian60,original_reference_candidate,2017-06-07,False
REF_ROAD:P5:sz159915:2017-06-07:road_on,REF_ROAD,P5:sz159915:2017-06-07:road_on,original_reference_candidate,2017-06-07,False
REF_BREAKOUT:P0:sh510300:2017-06-08:donchian60,REF_BREAKOUT,P0:sh510300:2017-06-08:donchian60,original_reference_candidate,2017-06-08,False
REF_BREAKOUT:P0:sh510300:2017-06-09:donchian60,REF_BREAKOUT,P0:sh510300:2017-06-09:donchian60,original_reference_candidate,2017-06-09,False
REF_ROAD:P5:sz159915:2017-06-09:road_on,REF_ROAD,P5:sz159915:2017-06-09:road_on,original_reference_candidate,2017-06-09,False
REF_ROAD:P5:sz159915:2017-06-13:road_on,REF_ROAD,P5:sz159915:2017-06-13:road_on,original_reference_candidate,2017-06-13,False
REF_ROAD:P5:sz159915:2017-06-19:road_on,REF_ROAD,P5:sz159915:2017-06-19:road_on,original_reference_candidate,2017-06-19,False
REF_ROAD:P5:sh513100:2017-06-20:road_on,REF_ROAD,P5:sh513100:2017-06-20:road_on,original_reference_candidate,2017-06-20,False
REF_BREAKOUT:P0:sh510300:2017-06-21:donchian60,REF_BREAKOUT,P0:sh510300:2017-06-21:donchian60,original_reference_candidate,2017-06-21,False
REF_BREAKOUT:P0:sh510300:2017-06-22:donchian60,REF_BREAKOUT,P0:sh510300:2017-06-22:donchian60,original_reference_candidate,2017-06-22,False
REF_BREAKOUT:P0:sh510300:2017-06-23:donchian60,REF_BREAKOUT,P0:sh510300:2017-06-23:donchian60,original_reference_candidate,2017-06-23,False
REF_ROAD:P5:sz159915:2017-06-23:road_on,REF_ROAD,P5:sz159915:2017-06-23:road_on,original_reference_candidate,2017-06-23,False
REF_BREAKOUT:P0:sh510300:2017-06-26:donchian60,REF_BREAKOUT,P0:sh510300:2017-06-26:donchian60,original_reference_candidate,2017-06-26,False
REF_ROAD:P5:sh513100:2017-06-26:road_on,REF_ROAD,P5:sh513100:2017-06-26:road_on,original_reference_candidate,2017-06-26,False
REF_BREAKOUT:P0:sh510300:2017-06-27:donchian60,REF_BREAKOUT,P0:sh510300:2017-06-27:donchian60,original_reference_candidate,2017-06-27,False
REF_BREAKOUT:P0:sh510300:2017-07-11:donchian60,REF_BREAKOUT,P0:sh510300:2017-07-11:donchian60,original_reference_candidate,2017-07-11,False
REF_BREAKOUT:P0:sh510300:2017-07-13:donchian60,REF_BREAKOUT,P0:sh510300:2017-07-13:donchian60,original_reference_candidate,2017-07-13,False
REF_ROAD:P5:sh513100:2017-07-13:road_on,REF_ROAD,P5:sh513100:2017-07-13:road_on,original_reference_candidate,2017-07-13,False
REF_BREAKOUT:P0:sh510300:2017-07-14:donchian60,REF_BREAKOUT,P0:sh510300:2017-07-14:donchian60,original_reference_candidate,2017-07-14,False
REF_BREAKOUT:P0:sh510300:2017-07-19:donchian60,REF_BREAKOUT,P0:sh510300:2017-07-19:donchian60,original_reference_candidate,2017-07-19,False
REF_ROAD:P5:sh513100:2017-07-19:road_on,REF_ROAD,P5:sh513100:2017-07-19:road_on,original_reference_candidate,2017-07-19,False
REF_BREAKOUT:P0:sh510300:2017-07-20:donchian60,REF_BREAKOUT,P0:sh510300:2017-07-20:donchian60,original_reference_candidate,2017-07-20,False
REF_ROAD:P5:sh518880:2017-07-28:road_on,REF_ROAD,P5:sh518880:2017-07-28:road_on,original_reference_candidate,2017-07-28,False
REF_BREAKOUT:P0:sh510300:2017-08-01:donchian60,REF_BREAKOUT,P0:sh510300:2017-08-01:donchian60,original_reference_candidate,2017-08-01,False
REF_ROAD:P5:sh513100:2017-08-07:road_on,REF_ROAD,P5:sh513100:2017-08-07:road_on,original_reference_candidate,2017-08-07,False
REF_ROAD:P5:sh518880:2017-08-09:road_on,REF_ROAD,P5:sh518880:2017-08-09:road_on,original_reference_candidate,2017-08-09,False
REF_ROAD:P5:sz159915:2017-08-14:road_on,REF_ROAD,P5:sz159915:2017-08-14:road_on,original_reference_candidate,2017-08-14,False
REF_ROAD:P5:sh510300:2017-08-15:road_on,REF_ROAD,P5:sh510300:2017-08-15:road_on,original_reference_candidate,2017-08-15,False
REF_ROAD:P5:sh513100:2017-08-15:road_on,REF_ROAD,P5:sh513100:2017-08-15:road_on,original_reference_candidate,2017-08-15,False
REF_ROAD:P5:sh518880:2017-08-17:road_on,REF_ROAD,P5:sh518880:2017-08-17:road_on,original_reference_candidate,2017-08-17,False
REF_ROAD:P5:sh510300:2017-08-22:road_on,REF_ROAD,P5:sh510300:2017-08-22:road_on,original_reference_candidate,2017-08-22,False
REF_BREAKOUT:P0:sh510300:2017-08-25:donchian60,REF_BREAKOUT,P0:sh510300:2017-08-25:donchian60,original_reference_candidate,2017-08-25,False
REF_BREAKOUT:P0:sh510300:2017-08-28:donchian60,REF_BREAKOUT,P0:sh510300:2017-08-28:donchian60,original_reference_candidate,2017-08-28,False
REF_BREAKOUT:P0:sz159915:2017-08-31:donchian60,REF_BREAKOUT,P0:sz159915:2017-08-31:donchian60,original_reference_candidate,2017-08-31,False
REF_BREAKOUT:P0:sz159915:2017-09-01:donchian60,REF_BREAKOUT,P0:sz159915:2017-09-01:donchian60,original_reference_candidate,2017-09-01,False
REF_BREAKOUT:P0:sh518880:2017-09-04:donchian60,REF_BREAKOUT,P0:sh518880:2017-09-04:donchian60,original_reference_candidate,2017-09-04,False
REF_BREAKOUT:P0:sz159915:2017-09-04:donchian60,REF_BREAKOUT,P0:sz159915:2017-09-04:donchian60,original_reference_candidate,2017-09-04,False
REF_BREAKOUT:P0:sh510300:2017-09-05:donchian60,REF_BREAKOUT,P0:sh510300:2017-09-05:donchian60,original_reference_candidate,2017-09-05,False
REF_BREAKOUT:P0:sz159915:2017-09-06:donchian60,REF_BREAKOUT,P0:sz159915:2017-09-06:donchian60,original_reference_candidate,2017-09-06,False
REF_ROAD:P5:sh518880:2017-09-13:road_on,REF_ROAD,P5:sh518880:2017-09-13:road_on,original_reference_candidate,2017-09-13,False
REF_ROAD:P5:sh518880:2017-09-15:road_on,REF_ROAD,P5:sh518880:2017-09-15:road_on,original_reference_candidate,2017-09-15,False
REF_ROAD:P5:sh513100:2017-09-18:road_on,REF_ROAD,P5:sh513100:2017-09-18:road_on,original_reference_candidate,2017-09-18,False
REF_ROAD:P5:sh513100:2017-09-21:road_on,REF_ROAD,P5:sh513100:2017-09-21:road_on,original_reference_candidate,2017-09-21,False
REF_ROAD:P5:sh510300:2017-09-28:road_on,REF_ROAD,P5:sh510300:2017-09-28:road_on,original_reference_candidate,2017-09-28,False
REF_ROAD:P5:sh513100:2017-09-28:road_on,REF_ROAD,P5:sh513100:2017-09-28:road_on,original_reference_candidate,2017-09-28,False
REF_ROAD:P5:sz159915:2017-09-29:road_on,REF_ROAD,P5:sz159915:2017-09-29:road_on,original_reference_candidate,2017-09-29,False
REF_BREAKOUT:P0:sh510300:2017-10-09:donchian60,REF_BREAKOUT,P0:sh510300:2017-10-09:donchian60,original_reference_candidate,2017-10-09,False
REF_BREAKOUT:P0:sh510300:2017-10-10:donchian60,REF_BREAKOUT,P0:sh510300:2017-10-10:donchian60,original_reference_candidate,2017-10-10,False
REF_BREAKOUT:P0:sz159915:2017-10-10:donchian60,REF_BREAKOUT,P0:sz159915:2017-10-10:donchian60,original_reference_candidate,2017-10-10,False
REF_BREAKOUT:P0:sh510300:2017-10-11:donchian60,REF_BREAKOUT,P0:sh510300:2017-10-11:donchian60,original_reference_candidate,2017-10-11,False
REF_BREAKOUT:P0:sh510300:2017-10-12:donchian60,REF_BREAKOUT,P0:sh510300:2017-10-12:donchian60,original_reference_candidate,2017-10-12,False
REF_BREAKOUT:P0:sh510300:2017-10-13:donchian60,REF_BREAKOUT,P0:sh510300:2017-10-13:donchian60,original_reference_candidate,2017-10-13,False
REF_BREAKOUT:P0:sz159915:2017-10-13:donchian60,REF_BREAKOUT,P0:sz159915:2017-10-13:donchian60,original_reference_candidate,2017-10-13,False
REF_BREAKOUT:P0:sh513100:2017-10-17:donchian60,REF_BREAKOUT,P0:sh513100:2017-10-17:donchian60,original_reference_candidate,2017-10-17,False
REF_BREAKOUT:P0:sh510300:2017-10-18:donchian60,REF_BREAKOUT,P0:sh510300:2017-10-18:donchian60,original_reference_candidate,2017-10-18,False
REF_BREAKOUT:P0:sh513100:2017-10-19:donchian60,REF_BREAKOUT,P0:sh513100:2017-10-19:donchian60,original_reference_candidate,2017-10-19,False
REF_ROAD:P5:sz159915:2017-10-20:road_on,REF_ROAD,P5:sz159915:2017-10-20:road_on,original_reference_candidate,2017-10-20,False
REF_BREAKOUT:P0:sh513100:2017-10-23:donchian60,REF_BREAKOUT,P0:sh513100:2017-10-23:donchian60,original_reference_candidate,2017-10-23,False
REF_BREAKOUT:P0:sh510300:2017-10-24:donchian60,REF_BREAKOUT,P0:sh510300:2017-10-24:donchian60,original_reference_candidate,2017-10-24,False
REF_ROAD:P5:sz159915:2017-10-24:road_on,REF_ROAD,P5:sz159915:2017-10-24:road_on,original_reference_candidate,2017-10-24,False
REF_BREAKOUT:P0:sh510300:2017-10-25:donchian60,REF_BREAKOUT,P0:sh510300:2017-10-25:donchian60,original_reference_candidate,2017-10-25,False
REF_BREAKOUT:P0:sh510300:2017-10-26:donchian60,REF_BREAKOUT,P0:sh510300:2017-10-26:donchian60,original_reference_candidate,2017-10-26,False
REF_BREAKOUT:P0:sh510300:2017-10-27:donchian60,REF_BREAKOUT,P0:sh510300:2017-10-27:donchian60,original_reference_candidate,2017-10-27,False
REF_BREAKOUT:P0:sh513100:2017-10-30:donchian60,REF_BREAKOUT,P0:sh513100:2017-10-30:donchian60,original_reference_candidate,2017-10-30,False
REF_BREAKOUT:P0:sh513100:2017-10-31:donchian60,REF_BREAKOUT,P0:sh513100:2017-10-31:donchian60,original_reference_candidate,2017-10-31,False
REF_BREAKOUT:P0:sh513100:2017-11-01:donchian60,REF_BREAKOUT,P0:sh513100:2017-11-01:donchian60,original_reference_candidate,2017-11-01,False
REF_BREAKOUT:P0:sh513100:2017-11-06:donchian60,REF_BREAKOUT,P0:sh513100:2017-11-06:donchian60,original_reference_candidate,2017-11-06,False
REF_BREAKOUT:P0:sh510300:2017-11-07:donchian60,REF_BREAKOUT,P0:sh510300:2017-11-07:donchian60,original_reference_candidate,2017-11-07,False
REF_BREAKOUT:P0:sh513100:2017-11-07:donchian60,REF_BREAKOUT,P0:sh513100:2017-11-07:donchian60,original_reference_candidate,2017-11-07,False
REF_BREAKOUT:P0:sh513100:2017-11-08:donchian60,REF_BREAKOUT,P0:sh513100:2017-11-08:donchian60,original_reference_candidate,2017-11-08,False
REF_BREAKOUT:P0:sh510300:2017-11-09:donchian60,REF_BREAKOUT,P0:sh510300:2017-11-09:donchian60,original_reference_candidate,2017-11-09,False
REF_BREAKOUT:P0:sh513100:2017-11-09:donchian60,REF_BREAKOUT,P0:sh513100:2017-11-09:donchian60,original_reference_candidate,2017-11-09,False
REF_BREAKOUT:P0:sh510300:2017-11-10:donchian60,REF_BREAKOUT,P0:sh510300:2017-11-10:donchian60,original_reference_candidate,2017-11-10,False
REF_ROAD:P5:sh518880:2017-11-10:road_on,REF_ROAD,P5:sh518880:2017-11-10:road_on,original_reference_candidate,2017-11-10,False
REF_BREAKOUT:P0:sh510300:2017-11-13:donchian60,REF_BREAKOUT,P0:sh510300:2017-11-13:donchian60,original_reference_candidate,2017-11-13,False
REF_ROAD:P5:sz159915:2017-11-13:road_on,REF_ROAD,P5:sz159915:2017-11-13:road_on,original_reference_candidate,2017-11-13,False
REF_BREAKOUT:P0:sh513100:2017-11-17:donchian60,REF_BREAKOUT,P0:sh513100:2017-11-17:donchian60,original_reference_candidate,2017-11-17,False
REF_ROAD:P5:sh518880:2017-11-17:road_on,REF_ROAD,P5:sh518880:2017-11-17:road_on,original_reference_candidate,2017-11-17,False
REF_BREAKOUT:P0:sh510300:2017-11-20:donchian60,REF_BREAKOUT,P0:sh510300:2017-11-20:donchian60,original_reference_candidate,2017-11-20,False
REF_BREAKOUT:P0:sh510300:2017-11-21:donchian60,REF_BREAKOUT,P0:sh510300:2017-11-21:donchian60,original_reference_candidate,2017-11-21,False
REF_BREAKOUT:P0:sh513100:2017-11-22:donchian60,REF_BREAKOUT,P0:sh513100:2017-11-22:donchian60,original_reference_candidate,2017-11-22,False
REF_BREAKOUT:P0:sh513100:2017-11-27:donchian60,REF_BREAKOUT,P0:sh513100:2017-11-27:donchian60,original_reference_candidate,2017-11-27,False
REF_BREAKOUT:P0:sh513100:2017-11-28:donchian60,REF_BREAKOUT,P0:sh513100:2017-11-28:donchian60,original_reference_candidate,2017-11-28,False
REF_BREAKOUT:P0:sh513100:2017-11-29:donchian60,REF_BREAKOUT,P0:sh513100:2017-11-29:donchian60,original_reference_candidate,2017-11-29,False
REF_BREAKOUT:P0:sh513100:2017-12-04:donchian60,REF_BREAKOUT,P0:sh513100:2017-12-04:donchian60,original_reference_candidate,2017-12-04,False
REF_ROAD:P5:sh513100:2017-12-08:road_on,REF_ROAD,P5:sh513100:2017-12-08:road_on,original_reference_candidate,2017-12-08,False
REF_BREAKOUT:P0:sh513100:2017-12-18:donchian60,REF_BREAKOUT,P0:sh513100:2017-12-18:donchian60,original_reference_candidate,2017-12-18,False
REF_BREAKOUT:P0:sh513100:2017-12-19:donchian60,REF_BREAKOUT,P0:sh513100:2017-12-19:donchian60,original_reference_candidate,2017-12-19,False
REF_ROAD:P5:sh518880:2017-12-29:road_on,REF_ROAD,P5:sh518880:2017-12-29:road_on,original_reference_candidate,2017-12-29,False
REF_ROAD:P5:sh510300:2018-01-02:road_on,REF_ROAD,P5:sh510300:2018-01-02:road_on,original_reference_candidate,2018-01-02,False
REF_ROAD:P5:sh513100:2018-01-03:road_on,REF_ROAD,P5:sh513100:2018-01-03:road_on,original_reference_candidate,2018-01-03,False
REF_ROAD:P5:sz159915:2018-01-03:road_on,REF_ROAD,P5:sz159915:2018-01-03:road_on,original_reference_candidate,2018-01-03,False
REF_BREAKOUT:P0:sh513100:2018-01-10:donchian60,REF_BREAKOUT,P0:sh513100:2018-01-10:donchian60,original_reference_candidate,2018-01-10,False
REF_BREAKOUT:P0:sh513100:2018-01-12:donchian60,REF_BREAKOUT,P0:sh513100:2018-01-12:donchian60,original_reference_candidate,2018-01-12,False
REF_BREAKOUT:P0:sh518880:2018-01-12:donchian60,REF_BREAKOUT,P0:sh518880:2018-01-12:donchian60,original_reference_candidate,2018-01-12,False
REF_BREAKOUT:P0:sh518880:2018-01-15:donchian60,REF_BREAKOUT,P0:sh518880:2018-01-15:donchian60,original_reference_candidate,2018-01-15,False
REF_BREAKOUT:P0:sh510300:2018-01-16:donchian60,REF_BREAKOUT,P0:sh510300:2018-01-16:donchian60,original_reference_candidate,2018-01-16,False
REF_BREAKOUT:P0:sh510300:2018-01-18:donchian60,REF_BREAKOUT,P0:sh510300:2018-01-18:donchian60,original_reference_candidate,2018-01-18,False
REF_BREAKOUT:P0:sh513100:2018-01-18:donchian60,REF_BREAKOUT,P0:sh513100:2018-01-18:donchian60,original_reference_candidate,2018-01-18,False
REF_BREAKOUT:P0:sh510300:2018-01-19:donchian60,REF_BREAKOUT,P0:sh510300:2018-01-19:donchian60,original_reference_candidate,2018-01-19,False
REF_BREAKOUT:P0:sh510300:2018-01-22:donchian60,REF_BREAKOUT,P0:sh510300:2018-01-22:donchian60,original_reference_candidate,2018-01-22,False
REF_ROAD:P5:sz159915:2018-01-22:road_on,REF_ROAD,P5:sz159915:2018-01-22:road_on,original_reference_candidate,2018-01-22,False
REF_BREAKOUT:P0:sh510300:2018-01-23:donchian60,REF_BREAKOUT,P0:sh510300:2018-01-23:donchian60,original_reference_candidate,2018-01-23,False
REF_BREAKOUT:P0:sh513100:2018-01-23:donchian60,REF_BREAKOUT,P0:sh513100:2018-01-23:donchian60,original_reference_candidate,2018-01-23,False
REF_BREAKOUT:P0:sh510300:2018-01-24:donchian60,REF_BREAKOUT,P0:sh510300:2018-01-24:donchian60,original_reference_candidate,2018-01-24,False
REF_BREAKOUT:P0:sh513100:2018-01-24:donchian60,REF_BREAKOUT,P0:sh513100:2018-01-24:donchian60,original_reference_candidate,2018-01-24,False
REF_BREAKOUT:P0:sh518880:2018-01-25:donchian60,REF_BREAKOUT,P0:sh518880:2018-01-25:donchian60,original_reference_candidate,2018-01-25,False
REF_ROAD:P5:sh510300:2018-01-31:road_on,REF_ROAD,P5:sh510300:2018-01-31:road_on,original_reference_candidate,2018-01-31,False
REF_ROAD:P5:sh510300:2018-02-02:road_on,REF_ROAD,P5:sh510300:2018-02-02:road_on,original_reference_candidate,2018-02-02,False
REF_ROAD:P5:sz159915:2018-03-06:road_on,REF_ROAD,P5:sz159915:2018-03-06:road_on,original_reference_candidate,2018-03-06,False
REF_ROAD:P5:sh513100:2018-03-09:road_on,REF_ROAD,P5:sh513100:2018-03-09:road_on,original_reference_candidate,2018-03-09,False
REF_BREAKOUT:P0:sz159915:2018-03-09:donchian60,REF_BREAKOUT,P0:sz159915:2018-03-09:donchian60,original_reference_candidate,2018-03-09,False
REF_BREAKOUT:P0:sh513100:2018-03-12:donchian60,REF_BREAKOUT,P0:sh513100:2018-03-12:donchian60,original_reference_candidate,2018-03-12,False
REF_BREAKOUT:P0:sz159915:2018-03-12:donchian60,REF_BREAKOUT,P0:sz159915:2018-03-12:donchian60,original_reference_candidate,2018-03-12,False
REF_ROAD:P5:sh510300:2018-03-15:road_on,REF_ROAD,P5:sh510300:2018-03-15:road_on,original_reference_candidate,2018-03-15,False
REF_ROAD:P5:sh518880:2018-03-22:road_on,REF_ROAD,P5:sh518880:2018-03-22:road_on,original_reference_candidate,2018-03-22,False
REF_ROAD:P5:sz159915:2018-03-27:road_on,REF_ROAD,P5:sz159915:2018-03-27:road_on,original_reference_candidate,2018-03-27,False
REF_BREAKOUT:P0:sz159915:2018-03-30:donchian60,REF_BREAKOUT,P0:sz159915:2018-03-30:donchian60,original_reference_candidate,2018-03-30,False
REF_ROAD:P5:sh518880:2018-04-03:road_on,REF_ROAD,P5:sh518880:2018-04-03:road_on,original_reference_candidate,2018-04-03,False
REF_ROAD:P5:sh518880:2018-04-10:road_on,REF_ROAD,P5:sh518880:2018-04-10:road_on,original_reference_candidate,2018-04-10,False
REF_ROAD:P5:sz159915:2018-04-25:road_on,REF_ROAD,P5:sz159915:2018-04-25:road_on,original_reference_candidate,2018-04-25,False
REF_ROAD:P5:sh513100:2018-04-27:road_on,REF_ROAD,P5:sh513100:2018-04-27:road_on,original_reference_candidate,2018-04-27,False
REF_ROAD:P5:sh510300:2018-05-08:road_on,REF_ROAD,P5:sh510300:2018-05-08:road_on,original_reference_candidate,2018-05-08,False
REF_ROAD:P5:sz159915:2018-05-08:road_on,REF_ROAD,P5:sz159915:2018-05-08:road_on,original_reference_candidate,2018-05-08,False
REF_ROAD:P5:sh510300:2018-05-14:road_on,REF_ROAD,P5:sh510300:2018-05-14:road_on,original_reference_candidate,2018-05-14,False
REF_ROAD:P5:sh510300:2018-05-18:road_on,REF_ROAD,P5:sh510300:2018-05-18:road_on,original_reference_candidate,2018-05-18,False
REF_ROAD:P5:sz159915:2018-05-18:road_on,REF_ROAD,P5:sz159915:2018-05-18:road_on,original_reference_candidate,2018-05-18,False
REF_ROAD:P5:sh518880:2018-05-31:road_on,REF_ROAD,P5:sh518880:2018-05-31:road_on,original_reference_candidate,2018-05-31,False
REF_BREAKOUT:P0:sh513100:2018-06-04:donchian60,REF_BREAKOUT,P0:sh513100:2018-06-04:donchian60,original_reference_candidate,2018-06-04,False
REF_BREAKOUT:P0:sh513100:2018-06-05:donchian60,REF_BREAKOUT,P0:sh513100:2018-06-05:donchian60,original_reference_candidate,2018-06-05,False
REF_BREAKOUT:P0:sh513100:2018-06-06:donchian60,REF_BREAKOUT,P0:sh513100:2018-06-06:donchian60,original_reference_candidate,2018-06-06,False
REF_BREAKOUT:P0:sh513100:2018-06-07:donchian60,REF_BREAKOUT,P0:sh513100:2018-06-07:donchian60,original_reference_candidate,2018-06-07,False
REF_BREAKOUT:P0:sh513100:2018-06-13:donchian60,REF_BREAKOUT,P0:sh513100:2018-06-13:donchian60,original_reference_candidate,2018-06-13,False
REF_ROAD:P5:sh518880:2018-06-14:road_on,REF_ROAD,P5:sh518880:2018-06-14:road_on,original_reference_candidate,2018-06-14,False
REF_BREAKOUT:P0:sh513100:2018-06-15:donchian60,REF_BREAKOUT,P0:sh513100:2018-06-15:donchian60,original_reference_candidate,2018-06-15,False
REF_BREAKOUT:P0:sh513100:2018-06-21:donchian60,REF_BREAKOUT,P0:sh513100:2018-06-21:donchian60,original_reference_candidate,2018-06-21,False
REF_ROAD:P5:sh513100:2018-06-29:road_on,REF_ROAD,P5:sh513100:2018-06-29:road_on,original_reference_candidate,2018-06-29,False
REF_ROAD:P5:sh518880:2018-07-04:road_on,REF_ROAD,P5:sh518880:2018-07-04:road_on,original_reference_candidate,2018-07-04,False
REF_BREAKOUT:P0:sh513100:2018-07-09:donchian60,REF_BREAKOUT,P0:sh513100:2018-07-09:donchian60,original_reference_candidate,2018-07-09,False
REF_BREAKOUT:P0:sh513100:2018-07-10:donchian60,REF_BREAKOUT,P0:sh513100:2018-07-10:donchian60,original_reference_candidate,2018-07-10,False
REF_ROAD:P5:sh518880:2018-07-11:road_on,REF_ROAD,P5:sh518880:2018-07-11:road_on,original_reference_candidate,2018-07-11,False
REF_ROAD:P5:sz159915:2018-07-17:road_on,REF_ROAD,P5:sz159915:2018-07-17:road_on,original_reference_candidate,2018-07-17,False
REF_BREAKOUT:P0:sh513100:2018-07-19:donchian60,REF_BREAKOUT,P0:sh513100:2018-07-19:donchian60,original_reference_candidate,2018-07-19,False
REF_BREAKOUT:P0:sh513100:2018-07-20:donchian60,REF_BREAKOUT,P0:sh513100:2018-07-20:donchian60,original_reference_candidate,2018-07-20,False
REF_ROAD:P5:sz159915:2018-07-20:road_on,REF_ROAD,P5:sz159915:2018-07-20:road_on,original_reference_candidate,2018-07-20,False
REF_ROAD:P5:sh518880:2018-07-23:road_on,REF_ROAD,P5:sh518880:2018-07-23:road_on,original_reference_candidate,2018-07-23,False
REF_ROAD:P5:sh510300:2018-07-24:road_on,REF_ROAD,P5:sh510300:2018-07-24:road_on,original_reference_candidate,2018-07-24,False
REF_BREAKOUT:P0:sh513100:2018-07-24:donchian60,REF_BREAKOUT,P0:sh513100:2018-07-24:donchian60,original_reference_candidate,2018-07-24,False
REF_BREAKOUT:P0:sh513100:2018-07-25:donchian60,REF_BREAKOUT,P0:sh513100:2018-07-25:donchian60,original_reference_candidate,2018-07-25,False
REF_BREAKOUT:P0:sh513100:2018-07-26:donchian60,REF_BREAKOUT,P0:sh513100:2018-07-26:donchian60,original_reference_candidate,2018-07-26,False
REF_BREAKOUT:P0:sh513100:2018-07-27:donchian60,REF_BREAKOUT,P0:sh513100:2018-07-27:donchian60,original_reference_candidate,2018-07-27,False
REF_ROAD:P5:sh513100:2018-08-01:road_on,REF_ROAD,P5:sh513100:2018-08-01:road_on,original_reference_candidate,2018-08-01,False
REF_BREAKOUT:P0:sh513100:2018-08-03:donchian60,REF_BREAKOUT,P0:sh513100:2018-08-03:donchian60,original_reference_candidate,2018-08-03,False
REF_BREAKOUT:P0:sh513100:2018-08-06:donchian60,REF_BREAKOUT,P0:sh513100:2018-08-06:donchian60,original_reference_candidate,2018-08-06,False
REF_ROAD:P5:sh513100:2018-08-23:road_on,REF_ROAD,P5:sh513100:2018-08-23:road_on,original_reference_candidate,2018-08-23,False
REF_ROAD:P5:sh513100:2018-09-05:road_on,REF_ROAD,P5:sh513100:2018-09-05:road_on,original_reference_candidate,2018-09-05,False
REF_ROAD:P5:sh513100:2018-09-11:road_on,REF_ROAD,P5:sh513100:2018-09-11:road_on,original_reference_candidate,2018-09-11,False
REF_ROAD:P5:sh518880:2018-09-12:road_on,REF_ROAD,P5:sh518880:2018-09-12:road_on,original_reference_candidate,2018-09-12,False
REF_ROAD:P5:sh510300:2018-09-19:road_on,REF_ROAD,P5:sh510300:2018-09-19:road_on,original_reference_candidate,2018-09-19,False
REF_ROAD:P5:sh513100:2018-09-19:road_on,REF_ROAD,P5:sh513100:2018-09-19:road_on,original_reference_candidate,2018-09-19,False
REF_ROAD:P5:sh510300:2018-09-21:road_on,REF_ROAD,P5:sh510300:2018-09-21:road_on,original_reference_candidate,2018-09-21,False
REF_ROAD:P5:sh513100:2018-09-21:road_on,REF_ROAD,P5:sh513100:2018-09-21:road_on,original_reference_candidate,2018-09-21,False
REF_ROAD:P5:sh510300:2018-09-26:road_on,REF_ROAD,P5:sh510300:2018-09-26:road_on,original_reference_candidate,2018-09-26,False
REF_ROAD:P5:sh518880:2018-10-08:road_on,REF_ROAD,P5:sh518880:2018-10-08:road_on,original_reference_candidate,2018-10-08,False
REF_BREAKOUT:P0:sh518880:2018-10-12:donchian60,REF_BREAKOUT,P0:sh518880:2018-10-12:donchian60,original_reference_candidate,2018-10-12,False
REF_BREAKOUT:P0:sh518880:2018-10-15:donchian60,REF_BREAKOUT,P0:sh518880:2018-10-15:donchian60,original_reference_candidate,2018-10-15,False
REF_BREAKOUT:P0:sh518880:2018-10-19:donchian60,REF_BREAKOUT,P0:sh518880:2018-10-19:donchian60,original_reference_candidate,2018-10-19,False
REF_ROAD:P5:sh510300:2018-10-22:road_on,REF_ROAD,P5:sh510300:2018-10-22:road_on,original_reference_candidate,2018-10-22,False
REF_BREAKOUT:P0:sh518880:2018-10-23:donchian60,REF_BREAKOUT,P0:sh518880:2018-10-23:donchian60,original_reference_candidate,2018-10-23,False
REF_BREAKOUT:P0:sh518880:2018-10-24:donchian60,REF_BREAKOUT,P0:sh518880:2018-10-24:donchian60,original_reference_candidate,2018-10-24,False
REF_BREAKOUT:P0:sh518880:2018-10-25:donchian60,REF_BREAKOUT,P0:sh518880:2018-10-25:donchian60,original_reference_candidate,2018-10-25,False
REF_ROAD:P5:sz159915:2018-11-06:road_on,REF_ROAD,P5:sz159915:2018-11-06:road_on,original_reference_candidate,2018-11-06,False
REF_ROAD:P5:sh510300:2018-11-08:road_on,REF_ROAD,P5:sh510300:2018-11-08:road_on,original_reference_candidate,2018-11-08,False
REF_ROAD:P5:sh513100:2018-11-08:road_on,REF_ROAD,P5:sh513100:2018-11-08:road_on,original_reference_candidate,2018-11-08,False
REF_ROAD:P5:sz159915:2018-11-08:road_on,REF_ROAD,P5:sz159915:2018-11-08:road_on,original_reference_candidate,2018-11-08,False
REF_ROAD:P5:sh510300:2018-11-12:road_on,REF_ROAD,P5:sh510300:2018-11-12:road_on,original_reference_candidate,2018-11-12,False
REF_ROAD:P5:sh510300:2018-11-15:road_on,REF_ROAD,P5:sh510300:2018-11-15:road_on,original_reference_candidate,2018-11-15,False
REF_ROAD:P5:sz159915:2018-11-28:road_on,REF_ROAD,P5:sz159915:2018-11-28:road_on,original_reference_candidate,2018-11-28,False
REF_ROAD:P5:sh518880:2018-11-29:road_on,REF_ROAD,P5:sh518880:2018-11-29:road_on,original_reference_candidate,2018-11-29,False
REF_ROAD:P5:sh513100:2018-12-03:road_on,REF_ROAD,P5:sh513100:2018-12-03:road_on,original_reference_candidate,2018-12-03,False
REF_ROAD:P5:sz159915:2018-12-03:road_on,REF_ROAD,P5:sz159915:2018-12-03:road_on,original_reference_candidate,2018-12-03,False
REF_ROAD:P5:sh510300:2018-12-04:road_on,REF_ROAD,P5:sh510300:2018-12-04:road_on,original_reference_candidate,2018-12-04,False
REF_ROAD:P5:sh518880:2018-12-06:road_on,REF_ROAD,P5:sh518880:2018-12-06:road_on,original_reference_candidate,2018-12-06,False
REF_BREAKOUT:P0:sh518880:2018-12-10:donchian60,REF_BREAKOUT,P0:sh518880:2018-12-10:donchian60,original_reference_candidate,2018-12-10,False
REF_BREAKOUT:P0:sh518880:2018-12-19:donchian60,REF_BREAKOUT,P0:sh518880:2018-12-19:donchian60,original_reference_candidate,2018-12-19,False
REF_BREAKOUT:P0:sh518880:2018-12-21:donchian60,REF_BREAKOUT,P0:sh518880:2018-12-21:donchian60,original_reference_candidate,2018-12-21,False
REF_BREAKOUT:P0:sh518880:2018-12-24:donchian60,REF_BREAKOUT,P0:sh518880:2018-12-24:donchian60,original_reference_candidate,2018-12-24,False
REF_BREAKOUT:P0:sh518880:2018-12-25:donchian60,REF_BREAKOUT,P0:sh518880:2018-12-25:donchian60,original_reference_candidate,2018-12-25,False
REF_BREAKOUT:P0:sh518880:2018-12-28:donchian60,REF_BREAKOUT,P0:sh518880:2018-12-28:donchian60,original_reference_candidate,2018-12-28,False
REF_BREAKOUT:P0:sh518880:2019-01-02:donchian60,REF_BREAKOUT,P0:sh518880:2019-01-02:donchian60,original_reference_candidate,2019-01-02,False
REF_BREAKOUT:P0:sh518880:2019-01-03:donchian60,REF_BREAKOUT,P0:sh518880:2019-01-03:donchian60,original_reference_candidate,2019-01-03,False
REF_ROAD:P5:sh518880:2019-01-14:road_on,REF_ROAD,P5:sh518880:2019-01-14:road_on,original_reference_candidate,2019-01-14,False
REF_ROAD:P5:sh518880:2019-01-17:road_on,REF_ROAD,P5:sh518880:2019-01-17:road_on,original_reference_candidate,2019-01-17,False
REF_ROAD:P5:sh510300:2019-01-18:road_on,REF_ROAD,P5:sh510300:2019-01-18:road_on,original_reference_candidate,2019-01-18,False
REF_ROAD:P5:sh513100:2019-01-18:road_on,REF_ROAD,P5:sh513100:2019-01-18:road_on,original_reference_candidate,2019-01-18,False
REF_ROAD:P5:sz159915:2019-01-18:road_on,REF_ROAD,P5:sz159915:2019-01-18:road_on,original_reference_candidate,2019-01-18,False
REF_ROAD:P5:sz159915:2019-01-25:road_on,REF_ROAD,P5:sz159915:2019-01-25:road_on,original_reference_candidate,2019-01-25,False
REF_ROAD:P5:sh518880:2019-01-28:road_on,REF_ROAD,P5:sh518880:2019-01-28:road_on,original_reference_candidate,2019-01-28,False
REF_ROAD:P5:sh513100:2019-01-31:road_on,REF_ROAD,P5:sh513100:2019-01-31:road_on,original_reference_candidate,2019-01-31,False
REF_ROAD:P5:sz159915:2019-02-01:road_on,REF_ROAD,P5:sz159915:2019-02-01:road_on,original_reference_candidate,2019-02-01,False
REF_BREAKOUT:P0:sh510300:2019-02-11:donchian60,REF_BREAKOUT,P0:sh510300:2019-02-11:donchian60,original_reference_candidate,2019-02-11,False
REF_BREAKOUT:P0:sh510300:2019-02-12:donchian60,REF_BREAKOUT,P0:sh510300:2019-02-12:donchian60,original_reference_candidate,2019-02-12,False
REF_ROAD:P5:sh518880:2019-02-12:road_on,REF_ROAD,P5:sh518880:2019-02-12:road_on,original_reference_candidate,2019-02-12,False
REF_BREAKOUT:P0:sh510300:2019-02-13:donchian60,REF_BREAKOUT,P0:sh510300:2019-02-13:donchian60,original_reference_candidate,2019-02-13,False
REF_BREAKOUT:P0:sh510300:2019-02-14:donchian60,REF_BREAKOUT,P0:sh510300:2019-02-14:donchian60,original_reference_candidate,2019-02-14,False
REF_BREAKOUT:P0:sh510300:2019-02-18:donchian60,REF_BREAKOUT,P0:sh510300:2019-02-18:donchian60,original_reference_candidate,2019-02-18,False
REF_BREAKOUT:P0:sh518880:2019-02-18:donchian60,REF_BREAKOUT,P0:sh518880:2019-02-18:donchian60,original_reference_candidate,2019-02-18,False
REF_BREAKOUT:P0:sz159915:2019-02-18:donchian60,REF_BREAKOUT,P0:sz159915:2019-02-18:donchian60,original_reference_candidate,2019-02-18,False
REF_BREAKOUT:P0:sh518880:2019-02-19:donchian60,REF_BREAKOUT,P0:sh518880:2019-02-19:donchian60,original_reference_candidate,2019-02-19,False
REF_BREAKOUT:P0:sh518880:2019-02-20:donchian60,REF_BREAKOUT,P0:sh518880:2019-02-20:donchian60,original_reference_candidate,2019-02-20,False
REF_BREAKOUT:P0:sh510300:2019-02-22:donchian60,REF_BREAKOUT,P0:sh510300:2019-02-22:donchian60,original_reference_candidate,2019-02-22,False
REF_BREAKOUT:P0:sz159915:2019-02-22:donchian60,REF_BREAKOUT,P0:sz159915:2019-02-22:donchian60,original_reference_candidate,2019-02-22,False
REF_BREAKOUT:P0:sh510300:2019-02-25:donchian60,REF_BREAKOUT,P0:sh510300:2019-02-25:donchian60,original_reference_candidate,2019-02-25,False
REF_BREAKOUT:P0:sz159915:2019-02-25:donchian60,REF_BREAKOUT,P0:sz159915:2019-02-25:donchian60,original_reference_candidate,2019-02-25,False
REF_BREAKOUT:P0:sz159915:2019-03-01:donchian60,REF_BREAKOUT,P0:sz159915:2019-03-01:donchian60,original_reference_candidate,2019-03-01,False
REF_BREAKOUT:P0:sh510300:2019-03-04:donchian60,REF_BREAKOUT,P0:sh510300:2019-03-04:donchian60,original_reference_candidate,2019-03-04,False
REF_BREAKOUT:P0:sz159915:2019-03-04:donchian60,REF_BREAKOUT,P0:sz159915:2019-03-04:donchian60,original_reference_candidate,2019-03-04,False
REF_BREAKOUT:P0:sh510300:2019-03-05:donchian60,REF_BREAKOUT,P0:sh510300:2019-03-05:donchian60,original_reference_candidate,2019-03-05,False
REF_BREAKOUT:P0:sz159915:2019-03-05:donchian60,REF_BREAKOUT,P0:sz159915:2019-03-05:donchian60,original_reference_candidate,2019-03-05,False
REF_BREAKOUT:P0:sh510300:2019-03-06:donchian60,REF_BREAKOUT,P0:sh510300:2019-03-06:donchian60,original_reference_candidate,2019-03-06,False
REF_BREAKOUT:P0:sz159915:2019-03-06:donchian60,REF_BREAKOUT,P0:sz159915:2019-03-06:donchian60,original_reference_candidate,2019-03-06,False
REF_ROAD:P5:sh513100:2019-03-11:road_on,REF_ROAD,P5:sh513100:2019-03-11:road_on,original_reference_candidate,2019-03-11,False
REF_BREAKOUT:P0:sz159915:2019-03-11:donchian60,REF_BREAKOUT,P0:sz159915:2019-03-11:donchian60,original_reference_candidate,2019-03-11,False
REF_BREAKOUT:P0:sh513100:2019-03-12:donchian60,REF_BREAKOUT,P0:sh513100:2019-03-12:donchian60,original_reference_candidate,2019-03-12,False
REF_BREAKOUT:P0:sz159915:2019-03-12:donchian60,REF_BREAKOUT,P0:sz159915:2019-03-12:donchian60,original_reference_candidate,2019-03-12,False
REF_BREAKOUT:P0:sh513100:2019-03-13:donchian60,REF_BREAKOUT,P0:sh513100:2019-03-13:donchian60,original_reference_candidate,2019-03-13,False
REF_BREAKOUT:P0:sh513100:2019-03-14:donchian60,REF_BREAKOUT,P0:sh513100:2019-03-14:donchian60,original_reference_candidate,2019-03-14,False
REF_BREAKOUT:P0:sh513100:2019-03-15:donchian60,REF_BREAKOUT,P0:sh513100:2019-03-15:donchian60,original_reference_candidate,2019-03-15,False
REF_BREAKOUT:P0:sh510300:2019-03-18:donchian60,REF_BREAKOUT,P0:sh510300:2019-03-18:donchian60,original_reference_candidate,2019-03-18,False
REF_BREAKOUT:P0:sh513100:2019-03-18:donchian60,REF_BREAKOUT,P0:sh513100:2019-03-18:donchian60,original_reference_candidate,2019-03-18,False
REF_BREAKOUT:P0:sh513100:2019-03-19:donchian60,REF_BREAKOUT,P0:sh513100:2019-03-19:donchian60,original_reference_candidate,2019-03-19,False
REF_BREAKOUT:P0:sh513100:2019-03-22:donchian60,REF_BREAKOUT,P0:sh513100:2019-03-22:donchian60,original_reference_candidate,2019-03-22,False
REF_ROAD:P5:sh510300:2019-03-27:road_on,REF_ROAD,P5:sh510300:2019-03-27:road_on,original_reference_candidate,2019-03-27,False
REF_ROAD:P5:sz159915:2019-03-27:road_on,REF_ROAD,P5:sz159915:2019-03-27:road_on,original_reference_candidate,2019-03-27,False
REF_ROAD:P5:sh518880:2019-03-28:road_on,REF_ROAD,P5:sh518880:2019-03-28:road_on,original_reference_candidate,2019-03-28,False
REF_BREAKOUT:P0:sh510300:2019-03-29:donchian60,REF_BREAKOUT,P0:sh510300:2019-03-29:donchian60,original_reference_candidate,2019-03-29,False
REF_ROAD:P5:sz159915:2019-03-29:road_on,REF_ROAD,P5:sz159915:2019-03-29:road_on,original_reference_candidate,2019-03-29,False
REF_BREAKOUT:P0:sh510300:2019-04-01:donchian60,REF_BREAKOUT,P0:sh510300:2019-04-01:donchian60,original_reference_candidate,2019-04-01,False
REF_BREAKOUT:P0:sh510300:2019-04-03:donchian60,REF_BREAKOUT,P0:sh510300:2019-04-03:donchian60,original_reference_candidate,2019-04-03,False
REF_BREAKOUT:P0:sh513100:2019-04-03:donchian60,REF_BREAKOUT,P0:sh513100:2019-04-03:donchian60,original_reference_candidate,2019-04-03,False
REF_BREAKOUT:P0:sz159915:2019-04-03:donchian60,REF_BREAKOUT,P0:sz159915:2019-04-03:donchian60,original_reference_candidate,2019-04-03,False
REF_BREAKOUT:P0:sh510300:2019-04-04:donchian60,REF_BREAKOUT,P0:sh510300:2019-04-04:donchian60,original_reference_candidate,2019-04-04,False
REF_BREAKOUT:P0:sh513100:2019-04-04:donchian60,REF_BREAKOUT,P0:sh513100:2019-04-04:donchian60,original_reference_candidate,2019-04-04,False
REF_BREAKOUT:P0:sz159915:2019-04-04:donchian60,REF_BREAKOUT,P0:sz159915:2019-04-04:donchian60,original_reference_candidate,2019-04-04,False
REF_BREAKOUT:P0:sh513100:2019-04-08:donchian60,REF_BREAKOUT,P0:sh513100:2019-04-08:donchian60,original_reference_candidate,2019-04-08,False
REF_BREAKOUT:P0:sh513100:2019-04-09:donchian60,REF_BREAKOUT,P0:sh513100:2019-04-09:donchian60,original_reference_candidate,2019-04-09,False
REF_BREAKOUT:P0:sh510300:2019-04-10:donchian60,REF_BREAKOUT,P0:sh510300:2019-04-10:donchian60,original_reference_candidate,2019-04-10,False
REF_ROAD:P5:sh518880:2019-04-10:road_on,REF_ROAD,P5:sh518880:2019-04-10:road_on,original_reference_candidate,2019-04-10,False
REF_BREAKOUT:P0:sh513100:2019-04-11:donchian60,REF_BREAKOUT,P0:sh513100:2019-04-11:donchian60,original_reference_candidate,2019-04-11,False
REF_BREAKOUT:P0:sh513100:2019-04-15:donchian60,REF_BREAKOUT,P0:sh513100:2019-04-15:donchian60,original_reference_candidate,2019-04-15,False
REF_BREAKOUT:P0:sh510300:2019-04-16:donchian60,REF_BREAKOUT,P0:sh510300:2019-04-16:donchian60,original_reference_candidate,2019-04-16,False
REF_BREAKOUT:P0:sh513100:2019-04-16:donchian60,REF_BREAKOUT,P0:sh513100:2019-04-16:donchian60,original_reference_candidate,2019-04-16,False
REF_BREAKOUT:P0:sh513100:2019-04-17:donchian60,REF_BREAKOUT,P0:sh513100:2019-04-17:donchian60,original_reference_candidate,2019-04-17,False
REF_ROAD:P5:sz159915:2019-04-17:road_on,REF_ROAD,P5:sz159915:2019-04-17:road_on,original_reference_candidate,2019-04-17,False
REF_BREAKOUT:P0:sh510300:2019-04-19:donchian60,REF_BREAKOUT,P0:sh510300:2019-04-19:donchian60,original_reference_candidate,2019-04-19,False
REF_BREAKOUT:P0:sh513100:2019-04-23:donchian60,REF_BREAKOUT,P0:sh513100:2019-04-23:donchian60,original_reference_candidate,2019-04-23,False
REF_BREAKOUT:P0:sh513100:2019-04-24:donchian60,REF_BREAKOUT,P0:sh513100:2019-04-24:donchian60,original_reference_candidate,2019-04-24,False
REF_ROAD:P5:sz159915:2019-04-24:road_on,REF_ROAD,P5:sz159915:2019-04-24:road_on,original_reference_candidate,2019-04-24,False
REF_BREAKOUT:P0:sh513100:2019-04-25:donchian60,REF_BREAKOUT,P0:sh513100:2019-04-25:donchian60,original_reference_candidate,2019-04-25,False
REF_BREAKOUT:P0:sh513100:2019-04-26:donchian60,REF_BREAKOUT,P0:sh513100:2019-04-26:donchian60,original_reference_candidate,2019-04-26,False
REF_BREAKOUT:P0:sh513100:2019-04-29:donchian60,REF_BREAKOUT,P0:sh513100:2019-04-29:donchian60,original_reference_candidate,2019-04-29,False
REF_ROAD:P5:sh518880:2019-05-06:road_on,REF_ROAD,P5:sh518880:2019-05-06:road_on,original_reference_candidate,2019-05-06,False
REF_ROAD:P5:sh518880:2019-05-08:road_on,REF_ROAD,P5:sh518880:2019-05-08:road_on,original_reference_candidate,2019-05-08,False
REF_ROAD:P5:sh518880:2019-05-13:road_on,REF_ROAD,P5:sh518880:2019-05-13:road_on,original_reference_candidate,2019-05-13,False
REF_ROAD:P5:sh513100:2019-05-17:road_on,REF_ROAD,P5:sh513100:2019-05-17:road_on,original_reference_candidate,2019-05-17,False
REF_BREAKOUT:P0:sh518880:2019-05-29:donchian60,REF_BREAKOUT,P0:sh518880:2019-05-29:donchian60,original_reference_candidate,2019-05-29,False
REF_BREAKOUT:P0:sh518880:2019-05-31:donchian60,REF_BREAKOUT,P0:sh518880:2019-05-31:donchian60,original_reference_candidate,2019-05-31,False
REF_BREAKOUT:P0:sh518880:2019-06-03:donchian60,REF_BREAKOUT,P0:sh518880:2019-06-03:donchian60,original_reference_candidate,2019-06-03,False
REF_BREAKOUT:P0:sh518880:2019-06-04:donchian60,REF_BREAKOUT,P0:sh518880:2019-06-04:donchian60,original_reference_candidate,2019-06-04,False
REF_BREAKOUT:P0:sh518880:2019-06-05:donchian60,REF_BREAKOUT,P0:sh518880:2019-06-05:donchian60,original_reference_candidate,2019-06-05,False
REF_ROAD:P5:sh510300:2019-06-11:road_on,REF_ROAD,P5:sh510300:2019-06-11:road_on,original_reference_candidate,2019-06-11,False
REF_ROAD:P5:sh513100:2019-06-11:road_on,REF_ROAD,P5:sh513100:2019-06-11:road_on,original_reference_candidate,2019-06-11,False
REF_BREAKOUT:P0:sh518880:2019-06-12:donchian60,REF_BREAKOUT,P0:sh518880:2019-06-12:donchian60,original_reference_candidate,2019-06-12,False
REF_BREAKOUT:P0:sh518880:2019-06-13:donchian60,REF_BREAKOUT,P0:sh518880:2019-06-13:donchian60,original_reference_candidate,2019-06-13,False
REF_BREAKOUT:P0:sh518880:2019-06-14:donchian60,REF_BREAKOUT,P0:sh518880:2019-06-14:donchian60,original_reference_candidate,2019-06-14,False
REF_ROAD:P5:sh510300:2019-06-17:road_on,REF_ROAD,P5:sh510300:2019-06-17:road_on,original_reference_candidate,2019-06-17,False
REF_ROAD:P5:sh513100:2019-06-18:road_on,REF_ROAD,P5:sh513100:2019-06-18:road_on,original_reference_candidate,2019-06-18,False
REF_BREAKOUT:P0:sh518880:2019-06-20:donchian60,REF_BREAKOUT,P0:sh518880:2019-06-20:donchian60,original_reference_candidate,2019-06-20,False
REF_ROAD:P5:sz159915:2019-06-20:road_on,REF_ROAD,P5:sz159915:2019-06-20:road_on,original_reference_candidate,2019-06-20,False
REF_BREAKOUT:P0:sh518880:2019-06-21:donchian60,REF_BREAKOUT,P0:sh518880:2019-06-21:donchian60,original_reference_candidate,2019-06-21,False
REF_BREAKOUT:P0:sh518880:2019-06-24:donchian60,REF_BREAKOUT,P0:sh518880:2019-06-24:donchian60,original_reference_candidate,2019-06-24,False
REF_BREAKOUT:P0:sh518880:2019-06-25:donchian60,REF_BREAKOUT,P0:sh518880:2019-06-25:donchian60,original_reference_candidate,2019-06-25,False
REF_ROAD:P5:sz159915:2019-07-09:road_on,REF_ROAD,P5:sz159915:2019-07-09:road_on,original_reference_candidate,2019-07-09,False
REF_BREAKOUT:P0:sh513100:2019-07-11:donchian60,REF_BREAKOUT,P0:sh513100:2019-07-11:donchian60,original_reference_candidate,2019-07-11,False
REF_ROAD:P5:sh510300:2019-07-12:road_on,REF_ROAD,P5:sh510300:2019-07-12:road_on,original_reference_candidate,2019-07-12,False
REF_ROAD:P5:sz159915:2019-07-12:road_on,REF_ROAD,P5:sz159915:2019-07-12:road_on,original_reference_candidate,2019-07-12,False
REF_BREAKOUT:P0:sh513100:2019-07-15:donchian60,REF_BREAKOUT,P0:sh513100:2019-07-15:donchian60,original_reference_candidate,2019-07-15,False
REF_BREAKOUT:P0:sh513100:2019-07-16:donchian60,REF_BREAKOUT,P0:sh513100:2019-07-16:donchian60,original_reference_candidate,2019-07-16,False
REF_ROAD:P5:sh510300:2019-07-19:road_on,REF_ROAD,P5:sh510300:2019-07-19:road_on,original_reference_candidate,2019-07-19,False
REF_BREAKOUT:P0:sh518880:2019-07-19:donchian60,REF_BREAKOUT,P0:sh518880:2019-07-19:donchian60,original_reference_candidate,2019-07-19,False
REF_ROAD:P5:sh510300:2019-07-23:road_on,REF_ROAD,P5:sh510300:2019-07-23:road_on,original_reference_candidate,2019-07-23,False
REF_ROAD:P5:sz159915:2019-07-23:road_on,REF_ROAD,P5:sz159915:2019-07-23:road_on,original_reference_candidate,2019-07-23,False
REF_ROAD:P5:sh518880:2019-07-24:road_on,REF_ROAD,P5:sh518880:2019-07-24:road_on,original_reference_candidate,2019-07-24,False
REF_BREAKOUT:P0:sh513100:2019-07-25:donchian60,REF_BREAKOUT,P0:sh513100:2019-07-25:donchian60,original_reference_candidate,2019-07-25,False
REF_BREAKOUT:P0:sz159915:2019-07-30:donchian60,REF_BREAKOUT,P0:sz159915:2019-07-30:donchian60,original_reference_candidate,2019-07-30,False
REF_ROAD:P5:sz159915:2019-07-30:road_on,REF_ROAD,P5:sz159915:2019-07-30:road_on,original_reference_candidate,2019-07-30,False
REF_BREAKOUT:P0:sh518880:2019-08-02:donchian60,REF_BREAKOUT,P0:sh518880:2019-08-02:donchian60,original_reference_candidate,2019-08-02,False
REF_ROAD:P5:sh518880:2019-08-02:road_on,REF_ROAD,P5:sh518880:2019-08-02:road_on,original_reference_candidate,2019-08-02,False
REF_BREAKOUT:P0:sh518880:2019-08-05:donchian60,REF_BREAKOUT,P0:sh518880:2019-08-05:donchian60,original_reference_candidate,2019-08-05,False
REF_BREAKOUT:P0:sh518880:2019-08-06:donchian60,REF_BREAKOUT,P0:sh518880:2019-08-06:donchian60,original_reference_candidate,2019-08-06,False
REF_BREAKOUT:P0:sh518880:2019-08-07:donchian60,REF_BREAKOUT,P0:sh518880:2019-08-07:donchian60,original_reference_candidate,2019-08-07,False
REF_BREAKOUT:P0:sh518880:2019-08-08:donchian60,REF_BREAKOUT,P0:sh518880:2019-08-08:donchian60,original_reference_candidate,2019-08-08,False
REF_ROAD:P5:sh513100:2019-08-09:road_on,REF_ROAD,P5:sh513100:2019-08-09:road_on,original_reference_candidate,2019-08-09,False
REF_BREAKOUT:P0:sh518880:2019-08-09:donchian60,REF_BREAKOUT,P0:sh518880:2019-08-09:donchian60,original_reference_candidate,2019-08-09,False
REF_BREAKOUT:P0:sh518880:2019-08-13:donchian60,REF_BREAKOUT,P0:sh518880:2019-08-13:donchian60,original_reference_candidate,2019-08-13,False
REF_ROAD:P5:sz159915:2019-08-15:road_on,REF_ROAD,P5:sz159915:2019-08-15:road_on,original_reference_candidate,2019-08-15,False
REF_ROAD:P5:sh510300:2019-08-19:road_on,REF_ROAD,P5:sh510300:2019-08-19:road_on,original_reference_candidate,2019-08-19,False
REF_ROAD:P5:sh513100:2019-08-19:road_on,REF_ROAD,P5:sh513100:2019-08-19:road_on,original_reference_candidate,2019-08-19,False
REF_BREAKOUT:P0:sz159915:2019-08-19:donchian60,REF_BREAKOUT,P0:sz159915:2019-08-19:donchian60,original_reference_candidate,2019-08-19,False
REF_BREAKOUT:P0:sh518880:2019-08-26:donchian60,REF_BREAKOUT,P0:sh518880:2019-08-26:donchian60,original_reference_candidate,2019-08-26,False
REF_BREAKOUT:P0:sh518880:2019-08-27:donchian60,REF_BREAKOUT,P0:sh518880:2019-08-27:donchian60,original_reference_candidate,2019-08-27,False
REF_BREAKOUT:P0:sh518880:2019-08-28:donchian60,REF_BREAKOUT,P0:sh518880:2019-08-28:donchian60,original_reference_candidate,2019-08-28,False
REF_BREAKOUT:P0:sh518880:2019-08-29:donchian60,REF_BREAKOUT,P0:sh518880:2019-08-29:donchian60,original_reference_candidate,2019-08-29,False
REF_ROAD:P5:sh510300:2019-08-30:road_on,REF_ROAD,P5:sh510300:2019-08-30:road_on,original_reference_candidate,2019-08-30,False
REF_ROAD:P5:sh513100:2019-08-30:road_on,REF_ROAD,P5:sh513100:2019-08-30:road_on,original_reference_candidate,2019-08-30,False
REF_BREAKOUT:P0:sz159915:2019-09-02:donchian60,REF_BREAKOUT,P0:sz159915:2019-09-02:donchian60,original_reference_candidate,2019-09-02,False
REF_BREAKOUT:P0:sz159915:2019-09-03:donchian60,REF_BREAKOUT,P0:sz159915:2019-09-03:donchian60,original_reference_candidate,2019-09-03,False
REF_BREAKOUT:P0:sz159915:2019-09-04:donchian60,REF_BREAKOUT,P0:sz159915:2019-09-04:donchian60,original_reference_candidate,2019-09-04,False
REF_BREAKOUT:P0:sh510300:2019-09-05:donchian60,REF_BREAKOUT,P0:sh510300:2019-09-05:donchian60,original_reference_candidate,2019-09-05,False
REF_BREAKOUT:P0:sz159915:2019-09-05:donchian60,REF_BREAKOUT,P0:sz159915:2019-09-05:donchian60,original_reference_candidate,2019-09-05,False
REF_BREAKOUT:P0:sh510300:2019-09-06:donchian60,REF_BREAKOUT,P0:sh510300:2019-09-06:donchian60,original_reference_candidate,2019-09-06,False
REF_BREAKOUT:P0:sh513100:2019-09-06:donchian60,REF_BREAKOUT,P0:sh513100:2019-09-06:donchian60,original_reference_candidate,2019-09-06,False
REF_BREAKOUT:P0:sz159915:2019-09-06:donchian60,REF_BREAKOUT,P0:sz159915:2019-09-06:donchian60,original_reference_candidate,2019-09-06,False
REF_BREAKOUT:P0:sh510300:2019-09-09:donchian60,REF_BREAKOUT,P0:sh510300:2019-09-09:donchian60,original_reference_candidate,2019-09-09,False
REF_BREAKOUT:P0:sh513100:2019-09-09:donchian60,REF_BREAKOUT,P0:sh513100:2019-09-09:donchian60,original_reference_candidate,2019-09-09,False
REF_BREAKOUT:P0:sz159915:2019-09-09:donchian60,REF_BREAKOUT,P0:sz159915:2019-09-09:donchian60,original_reference_candidate,2019-09-09,False
REF_BREAKOUT:P0:sh510300:2019-09-12:donchian60,REF_BREAKOUT,P0:sh510300:2019-09-12:donchian60,original_reference_candidate,2019-09-12,False
REF_ROAD:P5:sh518880:2019-09-23:road_on,REF_ROAD,P5:sh518880:2019-09-23:road_on,original_reference_candidate,2019-09-23,False
REF_BREAKOUT:P0:sh513100:2019-10-16:donchian60,REF_BREAKOUT,P0:sh513100:2019-10-16:donchian60,original_reference_candidate,2019-10-16,False
REF_ROAD:P5:sh513100:2019-10-16:road_on,REF_ROAD,P5:sh513100:2019-10-16:road_on,original_reference_candidate,2019-10-16,False
REF_ROAD:P5:sh513100:2019-10-21:road_on,REF_ROAD,P5:sh513100:2019-10-21:road_on,original_reference_candidate,2019-10-21,False
REF_ROAD:P5:sh510300:2019-10-22:road_on,REF_ROAD,P5:sh510300:2019-10-22:road_on,original_reference_candidate,2019-10-22,False
REF_BREAKOUT:P0:sh513100:2019-10-22:donchian60,REF_BREAKOUT,P0:sh513100:2019-10-22:donchian60,original_reference_candidate,2019-10-22,False
REF_ROAD:P5:sh510300:2019-10-28:road_on,REF_ROAD,P5:sh510300:2019-10-28:road_on,original_reference_candidate,2019-10-28,False
REF_BREAKOUT:P0:sh513100:2019-10-28:donchian60,REF_BREAKOUT,P0:sh513100:2019-10-28:donchian60,original_reference_candidate,2019-10-28,False
REF_ROAD:P5:sh513100:2019-10-28:road_on,REF_ROAD,P5:sh513100:2019-10-28:road_on,original_reference_candidate,2019-10-28,False
REF_ROAD:P5:sz159915:2019-10-28:road_on,REF_ROAD,P5:sz159915:2019-10-28:road_on,original_reference_candidate,2019-10-28,False
REF_BREAKOUT:P0:sh513100:2019-10-29:donchian60,REF_BREAKOUT,P0:sh513100:2019-10-29:donchian60,original_reference_candidate,2019-10-29,False
REF_ROAD:P5:sz159915:2019-10-30:road_on,REF_ROAD,P5:sz159915:2019-10-30:road_on,original_reference_candidate,2019-10-30,False
REF_ROAD:P5:sh510300:2019-11-01:road_on,REF_ROAD,P5:sh510300:2019-11-01:road_on,original_reference_candidate,2019-11-01,False
REF_BREAKOUT:P0:sh513100:2019-11-01:donchian60,REF_BREAKOUT,P0:sh513100:2019-11-01:donchian60,original_reference_candidate,2019-11-01,False
REF_BREAKOUT:P0:sh510300:2019-11-04:donchian60,REF_BREAKOUT,P0:sh510300:2019-11-04:donchian60,original_reference_candidate,2019-11-04,False
REF_BREAKOUT:P0:sh513100:2019-11-04:donchian60,REF_BREAKOUT,P0:sh513100:2019-11-04:donchian60,original_reference_candidate,2019-11-04,False
REF_BREAKOUT:P0:sh510300:2019-11-05:donchian60,REF_BREAKOUT,P0:sh510300:2019-11-05:donchian60,original_reference_candidate,2019-11-05,False
REF_BREAKOUT:P0:sh513100:2019-11-05:donchian60,REF_BREAKOUT,P0:sh513100:2019-11-05:donchian60,original_reference_candidate,2019-11-05,False
REF_BREAKOUT:P0:sh513100:2019-11-12:donchian60,REF_BREAKOUT,P0:sh513100:2019-11-12:donchian60,original_reference_candidate,2019-11-12,False
REF_BREAKOUT:P0:sh513100:2019-11-13:donchian60,REF_BREAKOUT,P0:sh513100:2019-11-13:donchian60,original_reference_candidate,2019-11-13,False
REF_ROAD:P5:sz159915:2019-11-13:road_on,REF_ROAD,P5:sz159915:2019-11-13:road_on,original_reference_candidate,2019-11-13,False
REF_BREAKOUT:P0:sh513100:2019-11-14:donchian60,REF_BREAKOUT,P0:sh513100:2019-11-14:donchian60,original_reference_candidate,2019-11-14,False
REF_BREAKOUT:P0:sh513100:2019-11-15:donchian60,REF_BREAKOUT,P0:sh513100:2019-11-15:donchian60,original_reference_candidate,2019-11-15,False
REF_BREAKOUT:P0:sh513100:2019-11-18:donchian60,REF_BREAKOUT,P0:sh513100:2019-11-18:donchian60,original_reference_candidate,2019-11-18,False
REF_ROAD:P5:sz159915:2019-11-18:road_on,REF_ROAD,P5:sz159915:2019-11-18:road_on,original_reference_candidate,2019-11-18,False
REF_ROAD:P5:sh510300:2019-11-19:road_on,REF_ROAD,P5:sh510300:2019-11-19:road_on,original_reference_candidate,2019-11-19,False
REF_BREAKOUT:P0:sh513100:2019-11-19:donchian60,REF_BREAKOUT,P0:sh513100:2019-11-19:donchian60,original_reference_candidate,2019-11-19,False
REF_BREAKOUT:P0:sh513100:2019-11-26:donchian60,REF_BREAKOUT,P0:sh513100:2019-11-26:donchian60,original_reference_candidate,2019-11-26,False
REF_BREAKOUT:P0:sh513100:2019-11-28:donchian60,REF_BREAKOUT,P0:sh513100:2019-11-28:donchian60,original_reference_candidate,2019-11-28,False
REF_BREAKOUT:P0:sh513100:2019-12-02:donchian60,REF_BREAKOUT,P0:sh513100:2019-12-02:donchian60,original_reference_candidate,2019-12-02,False
REF_ROAD:P5:sh518880:2019-12-04:road_on,REF_ROAD,P5:sh518880:2019-12-04:road_on,original_reference_candidate,2019-12-04,False
REF_ROAD:P5:sh518880:2019-12-06:road_on,REF_ROAD,P5:sh518880:2019-12-06:road_on,original_reference_candidate,2019-12-06,False
REF_ROAD:P5:sz159915:2019-12-06:road_on,REF_ROAD,P5:sz159915:2019-12-06:road_on,original_reference_candidate,2019-12-06,False
REF_ROAD:P5:sh510300:2019-12-11:road_on,REF_ROAD,P5:sh510300:2019-12-11:road_on,original_reference_candidate,2019-12-11,False
REF_ROAD:P5:sh518880:2019-12-12:road_on,REF_ROAD,P5:sh518880:2019-12-12:road_on,original_reference_candidate,2019-12-12,False
REF_ROAD:P5:sh510300:2019-12-13:road_on,REF_ROAD,P5:sh510300:2019-12-13:road_on,original_reference_candidate,2019-12-13,False
REF_BREAKOUT:P0:sz159915:2019-12-13:donchian60,REF_BREAKOUT,P0:sz159915:2019-12-13:donchian60,original_reference_candidate,2019-12-13,False
REF_BREAKOUT:P0:sh513100:2019-12-16:donchian60,REF_BREAKOUT,P0:sh513100:2019-12-16:donchian60,original_reference_candidate,2019-12-16,False
REF_ROAD:P5:sh518880:2019-12-16:road_on,REF_ROAD,P5:sh518880:2019-12-16:road_on,original_reference_candidate,2019-12-16,False
REF_BREAKOUT:P0:sz159915:2019-12-16:donchian60,REF_BREAKOUT,P0:sz159915:2019-12-16:donchian60,original_reference_candidate,2019-12-16,False
REF_BREAKOUT:P0:sh510300:2019-12-17:donchian60,REF_BREAKOUT,P0:sh510300:2019-12-17:donchian60,original_reference_candidate,2019-12-17,False
REF_BREAKOUT:P0:sh513100:2019-12-17:donchian60,REF_BREAKOUT,P0:sh513100:2019-12-17:donchian60,original_reference_candidate,2019-12-17,False
REF_BREAKOUT:P0:sz159915:2019-12-17:donchian60,REF_BREAKOUT,P0:sz159915:2019-12-17:donchian60,original_reference_candidate,2019-12-17,False
REF_ROAD:P5:sh518880:2019-12-20:road_on,REF_ROAD,P5:sh518880:2019-12-20:road_on,original_reference_candidate,2019-12-20,False
REF_BREAKOUT:P0:sh513100:2019-12-23:donchian60,REF_BREAKOUT,P0:sh513100:2019-12-23:donchian60,original_reference_candidate,2019-12-23,False
REF_BREAKOUT:P0:sh513100:2019-12-24:donchian60,REF_BREAKOUT,P0:sh513100:2019-12-24:donchian60,original_reference_candidate,2019-12-24,False
REF_ROAD:P5:sz159915:2019-12-24:road_on,REF_ROAD,P5:sz159915:2019-12-24:road_on,original_reference_candidate,2019-12-24,False
REF_BREAKOUT:P0:sh513100:2019-12-26:donchian60,REF_BREAKOUT,P0:sh513100:2019-12-26:donchian60,original_reference_candidate,2019-12-26,False
REF_BREAKOUT:P0:sh513100:2019-12-27:donchian60,REF_BREAKOUT,P0:sh513100:2019-12-27:donchian60,original_reference_candidate,2019-12-27,False
REF_BREAKOUT:P0:sh510300:2019-12-30:donchian60,REF_BREAKOUT,P0:sh510300:2019-12-30:donchian60,original_reference_candidate,2019-12-30,False
REF_BREAKOUT:P0:sh510300:2019-12-31:donchian60,REF_BREAKOUT,P0:sh510300:2019-12-31:donchian60,original_reference_candidate,2019-12-31,False
REF_BREAKOUT:P0:sh510300:2020-01-02:donchian60,REF_BREAKOUT,P0:sh510300:2020-01-02:donchian60,original_reference_candidate,2020-01-02,False
REF_BREAKOUT:P0:sh513100:2020-01-02:donchian60,REF_BREAKOUT,P0:sh513100:2020-01-02:donchian60,original_reference_candidate,2020-01-02,False
REF_BREAKOUT:P0:sz159915:2020-01-02:donchian60,REF_BREAKOUT,P0:sz159915:2020-01-02:donchian60,original_reference_candidate,2020-01-02,False
REF_BREAKOUT:P0:sh513100:2020-01-03:donchian60,REF_BREAKOUT,P0:sh513100:2020-01-03:donchian60,original_reference_candidate,2020-01-03,False
REF_BREAKOUT:P0:sh518880:2020-01-06:donchian60,REF_BREAKOUT,P0:sh518880:2020-01-06:donchian60,original_reference_candidate,2020-01-06,False
REF_BREAKOUT:P0:sz159915:2020-01-06:donchian60,REF_BREAKOUT,P0:sz159915:2020-01-06:donchian60,original_reference_candidate,2020-01-06,False
REF_BREAKOUT:P0:sh510300:2020-01-07:donchian60,REF_BREAKOUT,P0:sh510300:2020-01-07:donchian60,original_reference_candidate,2020-01-07,False
REF_BREAKOUT:P0:sh513100:2020-01-07:donchian60,REF_BREAKOUT,P0:sh513100:2020-01-07:donchian60,original_reference_candidate,2020-01-07,False
REF_BREAKOUT:P0:sz159915:2020-01-07:donchian60,REF_BREAKOUT,P0:sz159915:2020-01-07:donchian60,original_reference_candidate,2020-01-07,False
REF_BREAKOUT:P0:sh518880:2020-01-08:donchian60,REF_BREAKOUT,P0:sh518880:2020-01-08:donchian60,original_reference_candidate,2020-01-08,False
REF_BREAKOUT:P0:sh510300:2020-01-09:donchian60,REF_BREAKOUT,P0:sh510300:2020-01-09:donchian60,original_reference_candidate,2020-01-09,False
REF_BREAKOUT:P0:sh513100:2020-01-09:donchian60,REF_BREAKOUT,P0:sh513100:2020-01-09:donchian60,original_reference_candidate,2020-01-09,False
REF_BREAKOUT:P0:sz159915:2020-01-09:donchian60,REF_BREAKOUT,P0:sz159915:2020-01-09:donchian60,original_reference_candidate,2020-01-09,False
REF_BREAKOUT:P0:sh513100:2020-01-10:donchian60,REF_BREAKOUT,P0:sh513100:2020-01-10:donchian60,original_reference_candidate,2020-01-10,False
REF_BREAKOUT:P0:sh510300:2020-01-13:donchian60,REF_BREAKOUT,P0:sh510300:2020-01-13:donchian60,original_reference_candidate,2020-01-13,False
REF_BREAKOUT:P0:sz159915:2020-01-13:donchian60,REF_BREAKOUT,P0:sz159915:2020-01-13:donchian60,original_reference_candidate,2020-01-13,False
REF_BREAKOUT:P0:sh513100:2020-01-14:donchian60,REF_BREAKOUT,P0:sh513100:2020-01-14:donchian60,original_reference_candidate,2020-01-14,False
REF_BREAKOUT:P0:sh513100:2020-01-15:donchian60,REF_BREAKOUT,P0:sh513100:2020-01-15:donchian60,original_reference_candidate,2020-01-15,False
REF_ROAD:P5:sh518880:2020-01-15:road_on,REF_ROAD,P5:sh518880:2020-01-15:road_on,original_reference_candidate,2020-01-15,False
REF_BREAKOUT:P0:sh513100:2020-01-16:donchian60,REF_BREAKOUT,P0:sh513100:2020-01-16:donchian60,original_reference_candidate,2020-01-16,False
REF_BREAKOUT:P0:sh513100:2020-01-17:donchian60,REF_BREAKOUT,P0:sh513100:2020-01-17:donchian60,original_reference_candidate,2020-01-17,False
REF_BREAKOUT:P0:sz159915:2020-01-20:donchian60,REF_BREAKOUT,P0:sz159915:2020-01-20:donchian60,original_reference_candidate,2020-01-20,False
REF_ROAD:P5:sh510300:2020-01-22:road_on,REF_ROAD,P5:sh510300:2020-01-22:road_on,original_reference_candidate,2020-01-22,False
REF_BREAKOUT:P0:sz159915:2020-01-22:donchian60,REF_BREAKOUT,P0:sz159915:2020-01-22:donchian60,original_reference_candidate,2020-01-22,False
REF_ROAD:P5:sh513100:2020-02-04:road_on,REF_ROAD,P5:sh513100:2020-02-04:road_on,original_reference_candidate,2020-02-04,False
REF_ROAD:P5:sz159915:2020-02-04:road_on,REF_ROAD,P5:sz159915:2020-02-04:road_on,original_reference_candidate,2020-02-04,False
REF_BREAKOUT:P0:sh513100:2020-02-05:donchian60,REF_BREAKOUT,P0:sh513100:2020-02-05:donchian60,original_reference_candidate,2020-02-05,False
REF_BREAKOUT:P0:sh513100:2020-02-06:donchian60,REF_BREAKOUT,P0:sh513100:2020-02-06:donchian60,original_reference_candidate,2020-02-06,False
REF_BREAKOUT:P0:sz159915:2020-02-06:donchian60,REF_BREAKOUT,P0:sz159915:2020-02-06:donchian60,original_reference_candidate,2020-02-06,False
REF_BREAKOUT:P0:sh513100:2020-02-07:donchian60,REF_BREAKOUT,P0:sh513100:2020-02-07:donchian60,original_reference_candidate,2020-02-07,False
REF_BREAKOUT:P0:sz159915:2020-02-07:donchian60,REF_BREAKOUT,P0:sz159915:2020-02-07:donchian60,original_reference_candidate,2020-02-07,False
REF_BREAKOUT:P0:sh513100:2020-02-10:donchian60,REF_BREAKOUT,P0:sh513100:2020-02-10:donchian60,original_reference_candidate,2020-02-10,False
REF_BREAKOUT:P0:sz159915:2020-02-10:donchian60,REF_BREAKOUT,P0:sz159915:2020-02-10:donchian60,original_reference_candidate,2020-02-10,False
REF_BREAKOUT:P0:sh513100:2020-02-11:donchian60,REF_BREAKOUT,P0:sh513100:2020-02-11:donchian60,original_reference_candidate,2020-02-11,False
REF_BREAKOUT:P0:sh513100:2020-02-12:donchian60,REF_BREAKOUT,P0:sh513100:2020-02-12:donchian60,original_reference_candidate,2020-02-12,False
REF_BREAKOUT:P0:sz159915:2020-02-12:donchian60,REF_BREAKOUT,P0:sz159915:2020-02-12:donchian60,original_reference_candidate,2020-02-12,False
REF_BREAKOUT:P0:sh513100:2020-02-13:donchian60,REF_BREAKOUT,P0:sh513100:2020-02-13:donchian60,original_reference_candidate,2020-02-13,False
REF_ROAD:P5:sh518880:2020-02-14:road_on,REF_ROAD,P5:sh518880:2020-02-14:road_on,original_reference_candidate,2020-02-14,False
REF_BREAKOUT:P0:sz159915:2020-02-17:donchian60,REF_BREAKOUT,P0:sz159915:2020-02-17:donchian60,original_reference_candidate,2020-02-17,False
REF_BREAKOUT:P0:sz159915:2020-02-18:donchian60,REF_BREAKOUT,P0:sz159915:2020-02-18:donchian60,original_reference_candidate,2020-02-18,False
REF_BREAKOUT:P0:sh518880:2020-02-19:donchian60,REF_BREAKOUT,P0:sh518880:2020-02-19:donchian60,original_reference_candidate,2020-02-19,False
REF_BREAKOUT:P0:sh518880:2020-02-20:donchian60,REF_BREAKOUT,P0:sh518880:2020-02-20:donchian60,original_reference_candidate,2020-02-20,False
REF_BREAKOUT:P0:sz159915:2020-02-20:donchian60,REF_BREAKOUT,P0:sz159915:2020-02-20:donchian60,original_reference_candidate,2020-02-20,False
REF_BREAKOUT:P0:sh518880:2020-02-21:donchian60,REF_BREAKOUT,P0:sh518880:2020-02-21:donchian60,original_reference_candidate,2020-02-21,False
REF_BREAKOUT:P0:sz159915:2020-02-21:donchian60,REF_BREAKOUT,P0:sz159915:2020-02-21:donchian60,original_reference_candidate,2020-02-21,False
REF_BREAKOUT:P0:sh518880:2020-02-24:donchian60,REF_BREAKOUT,P0:sh518880:2020-02-24:donchian60,original_reference_candidate,2020-02-24,False
REF_BREAKOUT:P0:sz159915:2020-02-24:donchian60,REF_BREAKOUT,P0:sz159915:2020-02-24:donchian60,original_reference_candidate,2020-02-24,False
REF_BREAKOUT:P0:sz159915:2020-02-25:donchian60,REF_BREAKOUT,P0:sz159915:2020-02-25:donchian60,original_reference_candidate,2020-02-25,False
REF_ROAD:P5:sh510300:2020-03-02:road_on,REF_ROAD,P5:sh510300:2020-03-02:road_on,original_reference_candidate,2020-03-02,False
REF_ROAD:P5:sz159915:2020-03-02:road_on,REF_ROAD,P5:sz159915:2020-03-02:road_on,original_reference_candidate,2020-03-02,False
REF_ROAD:P5:sh518880:2020-03-04:road_on,REF_ROAD,P5:sh518880:2020-03-04:road_on,original_reference_candidate,2020-03-04,False
REF_ROAD:P5:sh510300:2020-03-10:road_on,REF_ROAD,P5:sh510300:2020-03-10:road_on,original_reference_candidate,2020-03-10,False
REF_ROAD:P5:sz159915:2020-03-10:road_on,REF_ROAD,P5:sz159915:2020-03-10:road_on,original_reference_candidate,2020-03-10,False
REF_ROAD:P5:sh518880:2020-03-30:road_on,REF_ROAD,P5:sh518880:2020-03-30:road_on,original_reference_candidate,2020-03-30,False
REF_ROAD:P5:sh518880:2020-04-07:road_on,REF_ROAD,P5:sh518880:2020-04-07:road_on,original_reference_candidate,2020-04-07,False
REF_ROAD:P5:sh510300:2020-04-14:road_on,REF_ROAD,P5:sh510300:2020-04-14:road_on,original_reference_candidate,2020-04-14,False
REF_ROAD:P5:sz159915:2020-04-14:road_on,REF_ROAD,P5:sz159915:2020-04-14:road_on,original_reference_candidate,2020-04-14,False
REF_ROAD:P5:sh513100:2020-04-15:road_on,REF_ROAD,P5:sh513100:2020-04-15:road_on,original_reference_candidate,2020-04-15,False
REF_BREAKOUT:P0:sh518880:2020-04-16:donchian60,REF_BREAKOUT,P0:sh518880:2020-04-16:donchian60,original_reference_candidate,2020-04-16,False
REF_BREAKOUT:P0:sh518880:2020-04-23:donchian60,REF_BREAKOUT,P0:sh518880:2020-04-23:donchian60,original_reference_candidate,2020-04-23,False
REF_BREAKOUT:P0:sh518880:2020-04-24:donchian60,REF_BREAKOUT,P0:sh518880:2020-04-24:donchian60,original_reference_candidate,2020-04-24,False
REF_BREAKOUT:P0:sh518880:2020-05-14:donchian60,REF_BREAKOUT,P0:sh518880:2020-05-14:donchian60,original_reference_candidate,2020-05-14,False
REF_BREAKOUT:P0:sh518880:2020-05-15:donchian60,REF_BREAKOUT,P0:sh518880:2020-05-15:donchian60,original_reference_candidate,2020-05-15,False
REF_BREAKOUT:P0:sh518880:2020-05-18:donchian60,REF_BREAKOUT,P0:sh518880:2020-05-18:donchian60,original_reference_candidate,2020-05-18,False
REF_ROAD:P5:sh513100:2020-05-25:road_on,REF_ROAD,P5:sh513100:2020-05-25:road_on,original_reference_candidate,2020-05-25,False
REF_BREAKOUT:P0:sh513100:2020-05-26:donchian60,REF_BREAKOUT,P0:sh513100:2020-05-26:donchian60,original_reference_candidate,2020-05-26,False
REF_ROAD:P5:sz159915:2020-05-26:road_on,REF_ROAD,P5:sz159915:2020-05-26:road_on,original_reference_candidate,2020-05-26,False
REF_ROAD:P5:sz159915:2020-05-29:road_on,REF_ROAD,P5:sz159915:2020-05-29:road_on,original_reference_candidate,2020-05-29,False
REF_ROAD:P5:sh510300:2020-06-01:road_on,REF_ROAD,P5:sh510300:2020-06-01:road_on,original_reference_candidate,2020-06-01,False
REF_BREAKOUT:P0:sz159915:2020-06-05:donchian60,REF_BREAKOUT,P0:sz159915:2020-06-05:donchian60,original_reference_candidate,2020-06-05,False
REF_BREAKOUT:P0:sh510300:2020-06-09:donchian60,REF_BREAKOUT,P0:sh510300:2020-06-09:donchian60,original_reference_candidate,2020-06-09,False
REF_BREAKOUT:P0:sh513100:2020-06-09:donchian60,REF_BREAKOUT,P0:sh513100:2020-06-09:donchian60,original_reference_candidate,2020-06-09,False
REF_BREAKOUT:P0:sz159915:2020-06-09:donchian60,REF_BREAKOUT,P0:sz159915:2020-06-09:donchian60,original_reference_candidate,2020-06-09,False
REF_BREAKOUT:P0:sz159915:2020-06-10:donchian60,REF_BREAKOUT,P0:sz159915:2020-06-10:donchian60,original_reference_candidate,2020-06-10,False
REF_ROAD:P5:sh518880:2020-06-11:road_on,REF_ROAD,P5:sh518880:2020-06-11:road_on,original_reference_candidate,2020-06-11,False
REF_BREAKOUT:P0:sz159915:2020-06-12:donchian60,REF_BREAKOUT,P0:sz159915:2020-06-12:donchian60,original_reference_candidate,2020-06-12,False
REF_ROAD:P5:sh510300:2020-06-16:road_on,REF_ROAD,P5:sh510300:2020-06-16:road_on,original_reference_candidate,2020-06-16,False
REF_BREAKOUT:P0:sh513100:2020-06-16:donchian60,REF_BREAKOUT,P0:sh513100:2020-06-16:donchian60,original_reference_candidate,2020-06-16,False
REF_ROAD:P5:sh513100:2020-06-16:road_on,REF_ROAD,P5:sh513100:2020-06-16:road_on,original_reference_candidate,2020-06-16,False
REF_BREAKOUT:P0:sz159915:2020-06-16:donchian60,REF_BREAKOUT,P0:sz159915:2020-06-16:donchian60,original_reference_candidate,2020-06-16,False
REF_BREAKOUT:P0:sh513100:2020-06-17:donchian60,REF_BREAKOUT,P0:sh513100:2020-06-17:donchian60,original_reference_candidate,2020-06-17,False
REF_BREAKOUT:P0:sz159915:2020-06-17:donchian60,REF_BREAKOUT,P0:sz159915:2020-06-17:donchian60,original_reference_candidate,2020-06-17,False
REF_BREAKOUT:P0:sh510300:2020-06-18:donchian60,REF_BREAKOUT,P0:sh510300:2020-06-18:donchian60,original_reference_candidate,2020-06-18,False
REF_BREAKOUT:P0:sz159915:2020-06-18:donchian60,REF_BREAKOUT,P0:sz159915:2020-06-18:donchian60,original_reference_candidate,2020-06-18,False
REF_BREAKOUT:P0:sh510300:2020-06-19:donchian60,REF_BREAKOUT,P0:sh510300:2020-06-19:donchian60,original_reference_candidate,2020-06-19,False
REF_BREAKOUT:P0:sz159915:2020-06-19:donchian60,REF_BREAKOUT,P0:sz159915:2020-06-19:donchian60,original_reference_candidate,2020-06-19,False
REF_BREAKOUT:P0:sh510300:2020-06-22:donchian60,REF_BREAKOUT,P0:sh510300:2020-06-22:donchian60,original_reference_candidate,2020-06-22,False
REF_ROAD:P5:sh518880:2020-06-22:road_on,REF_ROAD,P5:sh518880:2020-06-22:road_on,original_reference_candidate,2020-06-22,False
REF_BREAKOUT:P0:sz159915:2020-06-22:donchian60,REF_BREAKOUT,P0:sz159915:2020-06-22:donchian60,original_reference_candidate,2020-06-22,False
REF_BREAKOUT:P0:sh510300:2020-06-23:donchian60,REF_BREAKOUT,P0:sh510300:2020-06-23:donchian60,original_reference_candidate,2020-06-23,False
REF_BREAKOUT:P0:sz159915:2020-06-23:donchian60,REF_BREAKOUT,P0:sz159915:2020-06-23:donchian60,original_reference_candidate,2020-06-23,False
REF_BREAKOUT:P0:sh510300:2020-06-24:donchian60,REF_BREAKOUT,P0:sh510300:2020-06-24:donchian60,original_reference_candidate,2020-06-24,False
REF_BREAKOUT:P0:sh513100:2020-06-24:donchian60,REF_BREAKOUT,P0:sh513100:2020-06-24:donchian60,original_reference_candidate,2020-06-24,False
REF_BREAKOUT:P0:sh510300:2020-06-30:donchian60,REF_BREAKOUT,P0:sh510300:2020-06-30:donchian60,original_reference_candidate,2020-06-30,False
REF_ROAD:P5:sh513100:2020-06-30:road_on,REF_ROAD,P5:sh513100:2020-06-30:road_on,original_reference_candidate,2020-06-30,False
REF_BREAKOUT:P0:sz159915:2020-06-30:donchian60,REF_BREAKOUT,P0:sz159915:2020-06-30:donchian60,original_reference_candidate,2020-06-30,False
REF_BREAKOUT:P0:sh510300:2020-07-01:donchian60,REF_BREAKOUT,P0:sh510300:2020-07-01:donchian60,original_reference_candidate,2020-07-01,False
REF_BREAKOUT:P0:sh518880:2020-07-01:donchian60,REF_BREAKOUT,P0:sh518880:2020-07-01:donchian60,original_reference_candidate,2020-07-01,False
REF_BREAKOUT:P0:sh510300:2020-07-02:donchian60,REF_BREAKOUT,P0:sh510300:2020-07-02:donchian60,original_reference_candidate,2020-07-02,False
REF_BREAKOUT:P0:sh510300:2020-07-03:donchian60,REF_BREAKOUT,P0:sh510300:2020-07-03:donchian60,original_reference_candidate,2020-07-03,False
REF_BREAKOUT:P0:sz159915:2020-07-03:donchian60,REF_BREAKOUT,P0:sz159915:2020-07-03:donchian60,original_reference_candidate,2020-07-03,False
REF_BREAKOUT:P0:sh510300:2020-07-06:donchian60,REF_BREAKOUT,P0:sh510300:2020-07-06:donchian60,original_reference_candidate,2020-07-06,False
REF_BREAKOUT:P0:sz159915:2020-07-06:donchian60,REF_BREAKOUT,P0:sz159915:2020-07-06:donchian60,original_reference_candidate,2020-07-06,False
REF_BREAKOUT:P0:sh513100:2020-07-07:donchian60,REF_BREAKOUT,P0:sh513100:2020-07-07:donchian60,original_reference_candidate,2020-07-07,False
REF_BREAKOUT:P0:sz159915:2020-07-07:donchian60,REF_BREAKOUT,P0:sz159915:2020-07-07:donchian60,original_reference_candidate,2020-07-07,False
REF_BREAKOUT:P0:sh510300:2020-07-08:donchian60,REF_BREAKOUT,P0:sh510300:2020-07-08:donchian60,original_reference_candidate,2020-07-08,False
REF_BREAKOUT:P0:sz159915:2020-07-08:donchian60,REF_BREAKOUT,P0:sz159915:2020-07-08:donchian60,original_reference_candidate,2020-07-08,False
REF_BREAKOUT:P0:sh510300:2020-07-09:donchian60,REF_BREAKOUT,P0:sh510300:2020-07-09:donchian60,original_reference_candidate,2020-07-09,False
REF_BREAKOUT:P0:sh518880:2020-07-09:donchian60,REF_BREAKOUT,P0:sh518880:2020-07-09:donchian60,original_reference_candidate,2020-07-09,False
REF_BREAKOUT:P0:sz159915:2020-07-09:donchian60,REF_BREAKOUT,P0:sz159915:2020-07-09:donchian60,original_reference_candidate,2020-07-09,False
REF_BREAKOUT:P0:sh513100:2020-07-10:donchian60,REF_BREAKOUT,P0:sh513100:2020-07-10:donchian60,original_reference_candidate,2020-07-10,False
REF_BREAKOUT:P0:sz159915:2020-07-10:donchian60,REF_BREAKOUT,P0:sz159915:2020-07-10:donchian60,original_reference_candidate,2020-07-10,False
REF_BREAKOUT:P0:sh510300:2020-07-13:donchian60,REF_BREAKOUT,P0:sh510300:2020-07-13:donchian60,original_reference_candidate,2020-07-13,False
REF_BREAKOUT:P0:sh513100:2020-07-13:donchian60,REF_BREAKOUT,P0:sh513100:2020-07-13:donchian60,original_reference_candidate,2020-07-13,False
REF_BREAKOUT:P0:sz159915:2020-07-13:donchian60,REF_BREAKOUT,P0:sz159915:2020-07-13:donchian60,original_reference_candidate,2020-07-13,False
REF_ROAD:P5:sh513100:2020-07-17:road_on,REF_ROAD,P5:sh513100:2020-07-17:road_on,original_reference_candidate,2020-07-17,False
REF_ROAD:P5:sh518880:2020-07-20:road_on,REF_ROAD,P5:sh518880:2020-07-20:road_on,original_reference_candidate,2020-07-20,False
REF_BREAKOUT:P0:sh513100:2020-07-21:donchian60,REF_BREAKOUT,P0:sh513100:2020-07-21:donchian60,original_reference_candidate,2020-07-21,False
REF_BREAKOUT:P0:sh518880:2020-07-22:donchian60,REF_BREAKOUT,P0:sh518880:2020-07-22:donchian60,original_reference_candidate,2020-07-22,False
REF_BREAKOUT:P0:sh518880:2020-07-23:donchian60,REF_BREAKOUT,P0:sh518880:2020-07-23:donchian60,original_reference_candidate,2020-07-23,False
REF_BREAKOUT:P0:sh518880:2020-07-24:donchian60,REF_BREAKOUT,P0:sh518880:2020-07-24:donchian60,original_reference_candidate,2020-07-24,False
REF_BREAKOUT:P0:sh518880:2020-07-27:donchian60,REF_BREAKOUT,P0:sh518880:2020-07-27:donchian60,original_reference_candidate,2020-07-27,False
REF_ROAD:P5:sh510300:2020-07-28:road_on,REF_ROAD,P5:sh510300:2020-07-28:road_on,original_reference_candidate,2020-07-28,False
REF_ROAD:P5:sh513100:2020-07-28:road_on,REF_ROAD,P5:sh513100:2020-07-28:road_on,original_reference_candidate,2020-07-28,False
REF_ROAD:P5:sz159915:2020-07-28:road_on,REF_ROAD,P5:sz159915:2020-07-28:road_on,original_reference_candidate,2020-07-28,False
REF_BREAKOUT:P0:sh518880:2020-07-29:donchian60,REF_BREAKOUT,P0:sh518880:2020-07-29:donchian60,original_reference_candidate,2020-07-29,False
REF_ROAD:P5:sh513100:2020-07-31:road_on,REF_ROAD,P5:sh513100:2020-07-31:road_on,original_reference_candidate,2020-07-31,False
REF_BREAKOUT:P0:sh518880:2020-07-31:donchian60,REF_BREAKOUT,P0:sh518880:2020-07-31:donchian60,original_reference_candidate,2020-07-31,False
REF_BREAKOUT:P0:sh518880:2020-08-05:donchian60,REF_BREAKOUT,P0:sh518880:2020-08-05:donchian60,original_reference_candidate,2020-08-05,False
REF_BREAKOUT:P0:sh518880:2020-08-06:donchian60,REF_BREAKOUT,P0:sh518880:2020-08-06:donchian60,original_reference_candidate,2020-08-06,False
REF_BREAKOUT:P0:sh513100:2020-08-07:donchian60,REF_BREAKOUT,P0:sh513100:2020-08-07:donchian60,original_reference_candidate,2020-08-07,False
REF_BREAKOUT:P0:sh518880:2020-08-07:donchian60,REF_BREAKOUT,P0:sh518880:2020-08-07:donchian60,original_reference_candidate,2020-08-07,False
REF_BREAKOUT:P0:sh513100:2020-08-13:donchian60,REF_BREAKOUT,P0:sh513100:2020-08-13:donchian60,original_reference_candidate,2020-08-13,False
REF_ROAD:P5:sh510300:2020-08-14:road_on,REF_ROAD,P5:sh510300:2020-08-14:road_on,original_reference_candidate,2020-08-14,False
REF_ROAD:P5:sh518880:2020-08-18:road_on,REF_ROAD,P5:sh518880:2020-08-18:road_on,original_reference_candidate,2020-08-18,False
REF_BREAKOUT:P0:sh513100:2020-08-19:donchian60,REF_BREAKOUT,P0:sh513100:2020-08-19:donchian60,original_reference_candidate,2020-08-19,False
REF_ROAD:P5:sh510300:2020-08-21:road_on,REF_ROAD,P5:sh510300:2020-08-21:road_on,original_reference_candidate,2020-08-21,False
REF_BREAKOUT:P0:sh513100:2020-08-21:donchian60,REF_BREAKOUT,P0:sh513100:2020-08-21:donchian60,original_reference_candidate,2020-08-21,False
REF_BREAKOUT:P0:sh513100:2020-08-24:donchian60,REF_BREAKOUT,P0:sh513100:2020-08-24:donchian60,original_reference_candidate,2020-08-24,False
REF_ROAD:P5:sz159915:2020-08-24:road_on,REF_ROAD,P5:sz159915:2020-08-24:road_on,original_reference_candidate,2020-08-24,False
REF_BREAKOUT:P0:sh513100:2020-08-25:donchian60,REF_BREAKOUT,P0:sh513100:2020-08-25:donchian60,original_reference_candidate,2020-08-25,False
REF_ROAD:P5:sh510300:2020-08-27:road_on,REF_ROAD,P5:sh510300:2020-08-27:road_on,original_reference_candidate,2020-08-27,False
REF_BREAKOUT:P0:sh513100:2020-08-27:donchian60,REF_BREAKOUT,P0:sh513100:2020-08-27:donchian60,original_reference_candidate,2020-08-27,False
REF_BREAKOUT:P0:sh510300:2020-08-28:donchian60,REF_BREAKOUT,P0:sh510300:2020-08-28:donchian60,original_reference_candidate,2020-08-28,False
REF_BREAKOUT:P0:sh513100:2020-08-28:donchian60,REF_BREAKOUT,P0:sh513100:2020-08-28:donchian60,original_reference_candidate,2020-08-28,False
REF_BREAKOUT:P0:sh513100:2020-08-31:donchian60,REF_BREAKOUT,P0:sh513100:2020-08-31:donchian60,original_reference_candidate,2020-08-31,False
REF_BREAKOUT:P0:sh513100:2020-09-02:donchian60,REF_BREAKOUT,P0:sh513100:2020-09-02:donchian60,original_reference_candidate,2020-09-02,False
REF_BREAKOUT:P0:sh513100:2020-09-03:donchian60,REF_BREAKOUT,P0:sh513100:2020-09-03:donchian60,original_reference_candidate,2020-09-03,False
REF_ROAD:P5:sh513100:2020-09-08:road_on,REF_ROAD,P5:sh513100:2020-09-08:road_on,original_reference_candidate,2020-09-08,False
REF_ROAD:P5:sh513100:2020-09-10:road_on,REF_ROAD,P5:sh513100:2020-09-10:road_on,original_reference_candidate,2020-09-10,False
REF_ROAD:P5:sh513100:2020-09-14:road_on,REF_ROAD,P5:sh513100:2020-09-14:road_on,original_reference_candidate,2020-09-14,False
REF_ROAD:P5:sh510300:2020-09-18:road_on,REF_ROAD,P5:sh510300:2020-09-18:road_on,original_reference_candidate,2020-09-18,False
REF_ROAD:P5:sh513100:2020-09-18:road_on,REF_ROAD,P5:sh513100:2020-09-18:road_on,original_reference_candidate,2020-09-18,False
REF_ROAD:P5:sh513100:2020-09-23:road_on,REF_ROAD,P5:sh513100:2020-09-23:road_on,original_reference_candidate,2020-09-23,False
REF_ROAD:P5:sh510300:2020-10-12:road_on,REF_ROAD,P5:sh510300:2020-10-12:road_on,original_reference_candidate,2020-10-12,False
REF_ROAD:P5:sz159915:2020-10-12:road_on,REF_ROAD,P5:sz159915:2020-10-12:road_on,original_reference_candidate,2020-10-12,False
REF_ROAD:P5:sh513100:2020-10-13:road_on,REF_ROAD,P5:sh513100:2020-10-13:road_on,original_reference_candidate,2020-10-13,False
REF_ROAD:P5:sh513100:2020-10-19:road_on,REF_ROAD,P5:sh513100:2020-10-19:road_on,original_reference_candidate,2020-10-19,False
REF_ROAD:P5:sh510300:2020-10-28:road_on,REF_ROAD,P5:sh510300:2020-10-28:road_on,original_reference_candidate,2020-10-28,False
REF_ROAD:P5:sz159915:2020-10-28:road_on,REF_ROAD,P5:sz159915:2020-10-28:road_on,original_reference_candidate,2020-10-28,False
REF_ROAD:P5:sz159915:2020-11-02:road_on,REF_ROAD,P5:sz159915:2020-11-02:road_on,original_reference_candidate,2020-11-02,False
REF_ROAD:P5:sh510300:2020-11-03:road_on,REF_ROAD,P5:sh510300:2020-11-03:road_on,original_reference_candidate,2020-11-03,False
REF_ROAD:P5:sh513100:2020-11-04:road_on,REF_ROAD,P5:sh513100:2020-11-04:road_on,original_reference_candidate,2020-11-04,False
REF_BREAKOUT:P0:sh510300:2020-11-05:donchian60,REF_BREAKOUT,P0:sh510300:2020-11-05:donchian60,original_reference_candidate,2020-11-05,False
REF_BREAKOUT:P0:sh510300:2020-11-06:donchian60,REF_BREAKOUT,P0:sh510300:2020-11-06:donchian60,original_reference_candidate,2020-11-06,False
REF_ROAD:P5:sh518880:2020-11-06:road_on,REF_ROAD,P5:sh518880:2020-11-06:road_on,original_reference_candidate,2020-11-06,False
REF_BREAKOUT:P0:sh510300:2020-11-09:donchian60,REF_BREAKOUT,P0:sh510300:2020-11-09:donchian60,original_reference_candidate,2020-11-09,False
REF_BREAKOUT:P0:sz159915:2020-11-09:donchian60,REF_BREAKOUT,P0:sz159915:2020-11-09:donchian60,original_reference_candidate,2020-11-09,False
REF_ROAD:P5:sz159915:2020-11-16:road_on,REF_ROAD,P5:sz159915:2020-11-16:road_on,original_reference_candidate,2020-11-16,False
REF_BREAKOUT:P0:sh510300:2020-11-23:donchian60,REF_BREAKOUT,P0:sh510300:2020-11-23:donchian60,original_reference_candidate,2020-11-23,False
REF_BREAKOUT:P0:sh510300:2020-12-01:donchian60,REF_BREAKOUT,P0:sh510300:2020-12-01:donchian60,original_reference_candidate,2020-12-01,False
REF_ROAD:P5:sz159915:2020-12-09:road_on,REF_ROAD,P5:sz159915:2020-12-09:road_on,original_reference_candidate,2020-12-09,False
REF_ROAD:P5:sz159915:2020-12-14:road_on,REF_ROAD,P5:sz159915:2020-12-14:road_on,original_reference_candidate,2020-12-14,False
REF_ROAD:P5:sh510300:2020-12-16:road_on,REF_ROAD,P5:sh510300:2020-12-16:road_on,original_reference_candidate,2020-12-16,False
REF_ROAD:P5:sh513100:2020-12-21:road_on,REF_ROAD,P5:sh513100:2020-12-21:road_on,original_reference_candidate,2020-12-21,False
REF_ROAD:P5:sh518880:2020-12-21:road_on,REF_ROAD,P5:sh518880:2020-12-21:road_on,original_reference_candidate,2020-12-21,False
REF_BREAKOUT:P0:sz159915:2020-12-21:donchian60,REF_BREAKOUT,P0:sz159915:2020-12-21:donchian60,original_reference_candidate,2020-12-21,False
REF_ROAD:P5:sh510300:2020-12-23:road_on,REF_ROAD,P5:sh510300:2020-12-23:road_on,original_reference_candidate,2020-12-23,False
REF_ROAD:P5:sh513100:2020-12-23:road_on,REF_ROAD,P5:sh513100:2020-12-23:road_on,original_reference_candidate,2020-12-23,False
REF_ROAD:P5:sh513100:2020-12-25:road_on,REF_ROAD,P5:sh513100:2020-12-25:road_on,original_reference_candidate,2020-12-25,False
REF_BREAKOUT:P0:sh510300:2020-12-30:donchian60,REF_BREAKOUT,P0:sh510300:2020-12-30:donchian60,original_reference_candidate,2020-12-30,False
REF_ROAD:P5:sh510300:2020-12-30:road_on,REF_ROAD,P5:sh510300:2020-12-30:road_on,original_reference_candidate,2020-12-30,False
REF_BREAKOUT:P0:sz159915:2020-12-30:donchian60,REF_BREAKOUT,P0:sz159915:2020-12-30:donchian60,original_reference_candidate,2020-12-30,False
REF_BREAKOUT:P0:sh510300:2020-12-31:donchian60,REF_BREAKOUT,P0:sh510300:2020-12-31:donchian60,original_reference_candidate,2020-12-31,False
REF_ROAD:P5:sh513100:2020-12-31:road_on,REF_ROAD,P5:sh513100:2020-12-31:road_on,original_reference_candidate,2020-12-31,False
REF_BREAKOUT:P0:sz159915:2020-12-31:donchian60,REF_BREAKOUT,P0:sz159915:2020-12-31:donchian60,original_reference_candidate,2020-12-31,False
REF_BREAKOUT:P0:sh510300:2021-01-04:donchian60,REF_BREAKOUT,P0:sh510300:2021-01-04:donchian60,original_reference_candidate,2021-01-04,False
REF_BREAKOUT:P0:sz159915:2021-01-04:donchian60,REF_BREAKOUT,P0:sz159915:2021-01-04:donchian60,original_reference_candidate,2021-01-04,False
REF_BREAKOUT:P0:sh510300:2021-01-05:donchian60,REF_BREAKOUT,P0:sh510300:2021-01-05:donchian60,original_reference_candidate,2021-01-05,False
REF_BREAKOUT:P0:sz159915:2021-01-05:donchian60,REF_BREAKOUT,P0:sz159915:2021-01-05:donchian60,original_reference_candidate,2021-01-05,False
REF_BREAKOUT:P0:sh510300:2021-01-06:donchian60,REF_BREAKOUT,P0:sh510300:2021-01-06:donchian60,original_reference_candidate,2021-01-06,False
REF_BREAKOUT:P0:sz159915:2021-01-06:donchian60,REF_BREAKOUT,P0:sz159915:2021-01-06:donchian60,original_reference_candidate,2021-01-06,False
REF_BREAKOUT:P0:sh510300:2021-01-07:donchian60,REF_BREAKOUT,P0:sh510300:2021-01-07:donchian60,original_reference_candidate,2021-01-07,False
REF_BREAKOUT:P0:sz159915:2021-01-07:donchian60,REF_BREAKOUT,P0:sz159915:2021-01-07:donchian60,original_reference_candidate,2021-01-07,False
REF_ROAD:P5:sh513100:2021-01-08:road_on,REF_ROAD,P5:sh513100:2021-01-08:road_on,original_reference_candidate,2021-01-08,False
REF_BREAKOUT:P0:sh510300:2021-01-12:donchian60,REF_BREAKOUT,P0:sh510300:2021-01-12:donchian60,original_reference_candidate,2021-01-12,False
REF_BREAKOUT:P0:sz159915:2021-01-12:donchian60,REF_BREAKOUT,P0:sz159915:2021-01-12:donchian60,original_reference_candidate,2021-01-12,False
REF_ROAD:P5:sh513100:2021-01-20:road_on,REF_ROAD,P5:sh513100:2021-01-20:road_on,original_reference_candidate,2021-01-20,False
REF_BREAKOUT:P0:sz159915:2021-01-20:donchian60,REF_BREAKOUT,P0:sz159915:2021-01-20:donchian60,original_reference_candidate,2021-01-20,False
REF_ROAD:P5:sh518880:2021-01-21:road_on,REF_ROAD,P5:sh518880:2021-01-21:road_on,original_reference_candidate,2021-01-21,False
REF_BREAKOUT:P0:sz159915:2021-01-21:donchian60,REF_BREAKOUT,P0:sz159915:2021-01-21:donchian60,original_reference_candidate,2021-01-21,False
REF_BREAKOUT:P0:sz159915:2021-01-22:donchian60,REF_BREAKOUT,P0:sz159915:2021-01-22:donchian60,original_reference_candidate,2021-01-22,False
REF_BREAKOUT:P0:sh510300:2021-01-25:donchian60,REF_BREAKOUT,P0:sh510300:2021-01-25:donchian60,original_reference_candidate,2021-01-25,False
REF_BREAKOUT:P0:sz159915:2021-01-25:donchian60,REF_BREAKOUT,P0:sz159915:2021-01-25:donchian60,original_reference_candidate,2021-01-25,False
REF_ROAD:P5:sz159915:2021-02-01:road_on,REF_ROAD,P5:sz159915:2021-02-01:road_on,original_reference_candidate,2021-02-01,False
REF_ROAD:P5:sh510300:2021-02-02:road_on,REF_ROAD,P5:sh510300:2021-02-02:road_on,original_reference_candidate,2021-02-02,False
REF_ROAD:P5:sh513100:2021-02-02:road_on,REF_ROAD,P5:sh513100:2021-02-02:road_on,original_reference_candidate,2021-02-02,False
REF_ROAD:P5:sh510300:2021-02-08:road_on,REF_ROAD,P5:sh510300:2021-02-08:road_on,original_reference_candidate,2021-02-08,False
REF_BREAKOUT:P0:sh513100:2021-02-08:donchian60,REF_BREAKOUT,P0:sh513100:2021-02-08:donchian60,original_reference_candidate,2021-02-08,False
REF_BREAKOUT:P0:sh510300:2021-02-09:donchian60,REF_BREAKOUT,P0:sh510300:2021-02-09:donchian60,original_reference_candidate,2021-02-09,False
REF_BREAKOUT:P0:sh510300:2021-02-10:donchian60,REF_BREAKOUT,P0:sh510300:2021-02-10:donchian60,original_reference_candidate,2021-02-10,False
REF_BREAKOUT:P0:sh513100:2021-02-10:donchian60,REF_BREAKOUT,P0:sh513100:2021-02-10:donchian60,original_reference_candidate,2021-02-10,False
REF_BREAKOUT:P0:sz159915:2021-02-10:donchian60,REF_BREAKOUT,P0:sz159915:2021-02-10:donchian60,original_reference_candidate,2021-02-10,False
REF_ROAD:P5:sh513100:2021-03-24:road_on,REF_ROAD,P5:sh513100:2021-03-24:road_on,original_reference_candidate,2021-03-24,False
REF_ROAD:P5:sh513100:2021-04-01:road_on,REF_ROAD,P5:sh513100:2021-04-01:road_on,original_reference_candidate,2021-04-01,False
REF_ROAD:P5:sh518880:2021-04-02:road_on,REF_ROAD,P5:sh518880:2021-04-02:road_on,original_reference_candidate,2021-04-02,False
REF_ROAD:P5:sh510300:2021-04-06:road_on,REF_ROAD,P5:sh510300:2021-04-06:road_on,original_reference_candidate,2021-04-06,False
REF_ROAD:P5:sz159915:2021-04-06:road_on,REF_ROAD,P5:sz159915:2021-04-06:road_on,original_reference_candidate,2021-04-06,True
REF_BREAKOUT:P0:sh513100:2021-04-08:donchian60,REF_BREAKOUT,P0:sh513100:2021-04-08:donchian60,original_reference_candidate,2021-04-08,False
REF_BREAKOUT:P0:sh513100:2021-04-09:donchian60,REF_BREAKOUT,P0:sh513100:2021-04-09:donchian60,original_reference_candidate,2021-04-09,False
REF_BREAKOUT:P0:sh513100:2021-04-12:donchian60,REF_BREAKOUT,P0:sh513100:2021-04-12:donchian60,original_reference_candidate,2021-04-12,False
REF_BREAKOUT:P0:sh513100:2021-04-14:donchian60,REF_BREAKOUT,P0:sh513100:2021-04-14:donchian60,original_reference_candidate,2021-04-14,False
REF_ROAD:P5:sh518880:2021-04-14:road_on,REF_ROAD,P5:sh518880:2021-04-14:road_on,original_reference_candidate,2021-04-14,False
REF_ROAD:P5:sz159915:2021-04-14:road_on,REF_ROAD,P5:sz159915:2021-04-14:road_on,original_reference_candidate,2021-04-14,True
REF_ROAD:P5:sh510300:2021-04-19:road_on,REF_ROAD,P5:sh510300:2021-04-19:road_on,original_reference_candidate,2021-04-19,False
REF_BREAKOUT:P0:sh513100:2021-04-19:donchian60,REF_BREAKOUT,P0:sh513100:2021-04-19:donchian60,original_reference_candidate,2021-04-19,False
REF_ROAD:P5:sh518880:2021-05-06:road_on,REF_ROAD,P5:sh518880:2021-05-06:road_on,original_reference_candidate,2021-05-06,False
REF_ROAD:P5:sz159915:2021-05-10:road_on,REF_ROAD,P5:sz159915:2021-05-10:road_on,original_reference_candidate,2021-05-10,False
REF_ROAD:P5:sz159915:2021-05-12:road_on,REF_ROAD,P5:sz159915:2021-05-12:road_on,original_reference_candidate,2021-05-12,False
REF_ROAD:P5:sh510300:2021-05-14:road_on,REF_ROAD,P5:sh510300:2021-05-14:road_on,original_reference_candidate,2021-05-14,False
REF_BREAKOUT:P0:sh518880:2021-05-17:donchian60,REF_BREAKOUT,P0:sh518880:2021-05-17:donchian60,original_reference_candidate,2021-05-17,False
REF_BREAKOUT:P0:sh518880:2021-05-18:donchian60,REF_BREAKOUT,P0:sh518880:2021-05-18:donchian60,original_reference_candidate,2021-05-18,False
REF_BREAKOUT:P0:sh518880:2021-05-19:donchian60,REF_BREAKOUT,P0:sh518880:2021-05-19:donchian60,original_reference_candidate,2021-05-19,False
REF_BREAKOUT:P0:sh518880:2021-05-21:donchian60,REF_BREAKOUT,P0:sh518880:2021-05-21:donchian60,original_reference_candidate,2021-05-21,False
REF_BREAKOUT:P0:sh518880:2021-05-24:donchian60,REF_BREAKOUT,P0:sh518880:2021-05-24:donchian60,original_reference_candidate,2021-05-24,False
REF_BREAKOUT:P0:sz159915:2021-05-25:donchian60,REF_BREAKOUT,P0:sz159915:2021-05-25:donchian60,original_reference_candidate,2021-05-25,False
REF_BREAKOUT:P0:sh518880:2021-05-26:donchian60,REF_BREAKOUT,P0:sh518880:2021-05-26:donchian60,original_reference_candidate,2021-05-26,False
REF_BREAKOUT:P0:sz159915:2021-05-28:donchian60,REF_BREAKOUT,P0:sz159915:2021-05-28:donchian60,original_reference_candidate,2021-05-28,False
REF_BREAKOUT:P0:sz159915:2021-05-31:donchian60,REF_BREAKOUT,P0:sz159915:2021-05-31:donchian60,original_reference_candidate,2021-05-31,False
REF_BREAKOUT:P0:sh518880:2021-06-01:donchian60,REF_BREAKOUT,P0:sh518880:2021-06-01:donchian60,original_reference_candidate,2021-06-01,False
REF_ROAD:P5:sh513100:2021-06-08:road_on,REF_ROAD,P5:sh513100:2021-06-08:road_on,original_reference_candidate,2021-06-08,False
REF_ROAD:P5:sh518880:2021-06-08:road_on,REF_ROAD,P5:sh518880:2021-06-08:road_on,original_reference_candidate,2021-06-08,False
REF_ROAD:P5:sh518880:2021-06-11:road_on,REF_ROAD,P5:sh518880:2021-06-11:road_on,original_reference_candidate,2021-06-11,False
REF_ROAD:P5:sz159915:2021-06-17:road_on,REF_ROAD,P5:sz159915:2021-06-17:road_on,original_reference_candidate,2021-06-17,False
REF_BREAKOUT:P0:sh513100:2021-06-23:donchian60,REF_BREAKOUT,P0:sh513100:2021-06-23:donchian60,original_reference_candidate,2021-06-23,False
REF_BREAKOUT:P0:sz159915:2021-06-23:donchian60,REF_BREAKOUT,P0:sz159915:2021-06-23:donchian60,original_reference_candidate,2021-06-23,False
REF_BREAKOUT:P0:sh513100:2021-06-25:donchian60,REF_BREAKOUT,P0:sh513100:2021-06-25:donchian60,original_reference_candidate,2021-06-25,False
REF_BREAKOUT:P0:sz159915:2021-06-25:donchian60,REF_BREAKOUT,P0:sz159915:2021-06-25:donchian60,original_reference_candidate,2021-06-25,False
REF_BREAKOUT:P0:sh513100:2021-06-28:donchian60,REF_BREAKOUT,P0:sh513100:2021-06-28:donchian60,original_reference_candidate,2021-06-28,False
REF_BREAKOUT:P0:sz159915:2021-06-28:donchian60,REF_BREAKOUT,P0:sz159915:2021-06-28:donchian60,original_reference_candidate,2021-06-28,False
REF_BREAKOUT:P0:sh513100:2021-06-29:donchian60,REF_BREAKOUT,P0:sh513100:2021-06-29:donchian60,original_reference_candidate,2021-06-29,False
REF_BREAKOUT:P0:sh513100:2021-06-30:donchian60,REF_BREAKOUT,P0:sh513100:2021-06-30:donchian60,original_reference_candidate,2021-06-30,False
REF_BREAKOUT:P0:sz159915:2021-06-30:donchian60,REF_BREAKOUT,P0:sz159915:2021-06-30:donchian60,original_reference_candidate,2021-06-30,False
REF_BREAKOUT:P0:sh513100:2021-07-05:donchian60,REF_BREAKOUT,P0:sh513100:2021-07-05:donchian60,original_reference_candidate,2021-07-05,False
REF_BREAKOUT:P0:sh513100:2021-07-06:donchian60,REF_BREAKOUT,P0:sh513100:2021-07-06:donchian60,original_reference_candidate,2021-07-06,False
REF_BREAKOUT:P0:sh513100:2021-07-07:donchian60,REF_BREAKOUT,P0:sh513100:2021-07-07:donchian60,original_reference_candidate,2021-07-07,False
REF_ROAD:P5:sz159915:2021-07-07:road_on,REF_ROAD,P5:sz159915:2021-07-07:road_on,original_reference_candidate,2021-07-07,False
REF_BREAKOUT:P0:sh513100:2021-07-12:donchian60,REF_BREAKOUT,P0:sh513100:2021-07-12:donchian60,original_reference_candidate,2021-07-12,False
REF_BREAKOUT:P0:sz159915:2021-07-12:donchian60,REF_BREAKOUT,P0:sz159915:2021-07-12:donchian60,original_reference_candidate,2021-07-12,False
REF_ROAD:P5:sh510300:2021-07-13:road_on,REF_ROAD,P5:sh510300:2021-07-13:road_on,original_reference_candidate,2021-07-13,False
REF_BREAKOUT:P0:sh513100:2021-07-13:donchian60,REF_BREAKOUT,P0:sh513100:2021-07-13:donchian60,original_reference_candidate,2021-07-13,False
REF_ROAD:P5:sh510300:2021-07-15:road_on,REF_ROAD,P5:sh510300:2021-07-15:road_on,original_reference_candidate,2021-07-15,False
REF_BREAKOUT:P0:sh513100:2021-07-15:donchian60,REF_BREAKOUT,P0:sh513100:2021-07-15:donchian60,original_reference_candidate,2021-07-15,False
REF_ROAD:P5:sh518880:2021-07-15:road_on,REF_ROAD,P5:sh518880:2021-07-15:road_on,original_reference_candidate,2021-07-15,False
REF_BREAKOUT:P0:sz159915:2021-07-15:donchian60,REF_BREAKOUT,P0:sz159915:2021-07-15:donchian60,original_reference_candidate,2021-07-15,False
REF_ROAD:P5:sh510300:2021-07-19:road_on,REF_ROAD,P5:sh510300:2021-07-19:road_on,original_reference_candidate,2021-07-19,False
REF_ROAD:P5:sh518880:2021-07-20:road_on,REF_ROAD,P5:sh518880:2021-07-20:road_on,original_reference_candidate,2021-07-20,False
REF_ROAD:P5:sh510300:2021-07-21:road_on,REF_ROAD,P5:sh510300:2021-07-21:road_on,original_reference_candidate,2021-07-21,False
REF_BREAKOUT:P0:sz159915:2021-07-21:donchian60,REF_BREAKOUT,P0:sz159915:2021-07-21:donchian60,original_reference_candidate,2021-07-21,False
REF_BREAKOUT:P0:sh513100:2021-07-23:donchian60,REF_BREAKOUT,P0:sh513100:2021-07-23:donchian60,original_reference_candidate,2021-07-23,False
REF_ROAD:P5:sh518880:2021-07-23:road_on,REF_ROAD,P5:sh518880:2021-07-23:road_on,original_reference_candidate,2021-07-23,False
REF_BREAKOUT:P0:sh513100:2021-07-26:donchian60,REF_BREAKOUT,P0:sh513100:2021-07-26:donchian60,original_reference_candidate,2021-07-26,False
REF_ROAD:P5:sh518880:2021-07-28:road_on,REF_ROAD,P5:sh518880:2021-07-28:road_on,original_reference_candidate,2021-07-28,False
REF_ROAD:P5:sz159915:2021-07-29:road_on,REF_ROAD,P5:sz159915:2021-07-29:road_on,original_reference_candidate,2021-07-29,False
REF_ROAD:P5:sh513100:2021-08-02:road_on,REF_ROAD,P5:sh513100:2021-08-02:road_on,original_reference_candidate,2021-08-02,False
REF_ROAD:P5:sh518880:2021-08-04:road_on,REF_ROAD,P5:sh518880:2021-08-04:road_on,original_reference_candidate,2021-08-04,False
REF_BREAKOUT:P0:sh513100:2021-08-23:donchian60,REF_BREAKOUT,P0:sh513100:2021-08-23:donchian60,original_reference_candidate,2021-08-23,False
REF_ROAD:P5:sh513100:2021-08-23:road_on,REF_ROAD,P5:sh513100:2021-08-23:road_on,original_reference_candidate,2021-08-23,False
REF_BREAKOUT:P0:sh513100:2021-08-24:donchian60,REF_BREAKOUT,P0:sh513100:2021-08-24:donchian60,original_reference_candidate,2021-08-24,False
REF_ROAD:P5:sh518880:2021-08-24:road_on,REF_ROAD,P5:sh518880:2021-08-24:road_on,original_reference_candidate,2021-08-24,False
REF_BREAKOUT:P0:sh513100:2021-08-30:donchian60,REF_BREAKOUT,P0:sh513100:2021-08-30:donchian60,original_reference_candidate,2021-08-30,False
REF_ROAD:P5:sh518880:2021-08-30:road_on,REF_ROAD,P5:sh518880:2021-08-30:road_on,original_reference_candidate,2021-08-30,False
REF_BREAKOUT:P0:sh513100:2021-08-31:donchian60,REF_BREAKOUT,P0:sh513100:2021-08-31:donchian60,original_reference_candidate,2021-08-31,False
REF_ROAD:P5:sh510300:2021-09-10:road_on,REF_ROAD,P5:sh510300:2021-09-10:road_on,original_reference_candidate,2021-09-10,False
REF_ROAD:P5:sh513100:2021-09-17:road_on,REF_ROAD,P5:sh513100:2021-09-17:road_on,original_reference_candidate,2021-09-17,False
REF_ROAD:P5:sh510300:2021-09-27:road_on,REF_ROAD,P5:sh510300:2021-09-27:road_on,original_reference_candidate,2021-09-27,False
REF_ROAD:P5:sz159915:2021-09-30:road_on,REF_ROAD,P5:sz159915:2021-09-30:road_on,original_reference_candidate,2021-09-30,False
REF_ROAD:P5:sh510300:2021-10-08:road_on,REF_ROAD,P5:sh510300:2021-10-08:road_on,original_reference_candidate,2021-10-08,False
REF_ROAD:P5:sh510300:2021-10-13:road_on,REF_ROAD,P5:sh510300:2021-10-13:road_on,original_reference_candidate,2021-10-13,False
REF_ROAD:P5:sz159915:2021-10-15:road_on,REF_ROAD,P5:sz159915:2021-10-15:road_on,original_reference_candidate,2021-10-15,False
REF_ROAD:P5:sh510300:2021-10-21:road_on,REF_ROAD,P5:sh510300:2021-10-21:road_on,original_reference_candidate,2021-10-21,False
REF_ROAD:P5:sh518880:2021-10-26:road_on,REF_ROAD,P5:sh518880:2021-10-26:road_on,original_reference_candidate,2021-10-26,False
REF_ROAD:P5:sh513100:2021-10-27:road_on,REF_ROAD,P5:sh513100:2021-10-27:road_on,original_reference_candidate,2021-10-27,False
REF_ROAD:P5:sh518880:2021-10-28:road_on,REF_ROAD,P5:sh518880:2021-10-28:road_on,original_reference_candidate,2021-10-28,False
REF_ROAD:P5:sh518880:2021-11-02:road_on,REF_ROAD,P5:sh518880:2021-11-02:road_on,original_reference_candidate,2021-11-02,False
REF_BREAKOUT:P0:sh513100:2021-11-03:donchian60,REF_BREAKOUT,P0:sh513100:2021-11-03:donchian60,original_reference_candidate,2021-11-03,False
REF_BREAKOUT:P0:sh513100:2021-11-04:donchian60,REF_BREAKOUT,P0:sh513100:2021-11-04:donchian60,original_reference_candidate,2021-11-04,False
REF_BREAKOUT:P0:sh513100:2021-11-05:donchian60,REF_BREAKOUT,P0:sh513100:2021-11-05:donchian60,original_reference_candidate,2021-11-05,False
REF_ROAD:P5:sh518880:2021-11-05:road_on,REF_ROAD,P5:sh518880:2021-11-05:road_on,original_reference_candidate,2021-11-05,False
REF_BREAKOUT:P0:sh518880:2021-11-11:donchian60,REF_BREAKOUT,P0:sh518880:2021-11-11:donchian60,original_reference_candidate,2021-11-11,False
REF_BREAKOUT:P0:sh518880:2021-11-12:donchian60,REF_BREAKOUT,P0:sh518880:2021-11-12:donchian60,original_reference_candidate,2021-11-12,False
REF_ROAD:P5:sh510300:2021-11-15:road_on,REF_ROAD,P5:sh510300:2021-11-15:road_on,original_reference_candidate,2021-11-15,False
REF_BREAKOUT:P0:sh518880:2021-11-16:donchian60,REF_BREAKOUT,P0:sh518880:2021-11-16:donchian60,original_reference_candidate,2021-11-16,False
REF_BREAKOUT:P0:sh518880:2021-11-18:donchian60,REF_BREAKOUT,P0:sh518880:2021-11-18:donchian60,original_reference_candidate,2021-11-18,False
REF_BREAKOUT:P0:sh513100:2021-11-19:donchian60,REF_BREAKOUT,P0:sh513100:2021-11-19:donchian60,original_reference_candidate,2021-11-19,False
REF_BREAKOUT:P0:sh513100:2021-11-22:donchian60,REF_BREAKOUT,P0:sh513100:2021-11-22:donchian60,original_reference_candidate,2021-11-22,False
REF_BREAKOUT:P0:sz159915:2021-11-22:donchian60,REF_BREAKOUT,P0:sz159915:2021-11-22:donchian60,original_reference_candidate,2021-11-22,False
REF_ROAD:P5:sh510300:2021-11-24:road_on,REF_ROAD,P5:sh510300:2021-11-24:road_on,original_reference_candidate,2021-11-24,False
REF_ROAD:P5:sh510300:2021-12-03:road_on,REF_ROAD,P5:sh510300:2021-12-03:road_on,original_reference_candidate,2021-12-03,False
REF_ROAD:P5:sh513100:2021-12-08:road_on,REF_ROAD,P5:sh513100:2021-12-08:road_on,original_reference_candidate,2021-12-08,False
REF_BREAKOUT:P0:sh510300:2021-12-09:donchian60,REF_BREAKOUT,P0:sh510300:2021-12-09:donchian60,original_reference_candidate,2021-12-09,False
REF_ROAD:P5:sz159915:2021-12-09:road_on,REF_ROAD,P5:sz159915:2021-12-09:road_on,original_reference_candidate,2021-12-09,False
REF_ROAD:P5:sh513100:2021-12-13:road_on,REF_ROAD,P5:sh513100:2021-12-13:road_on,original_reference_candidate,2021-12-13,False
REF_ROAD:P5:sh518880:2021-12-23:road_on,REF_ROAD,P5:sh518880:2021-12-23:road_on,original_reference_candidate,2021-12-23,False
REF_ROAD:P5:sh513100:2021-12-27:road_on,REF_ROAD,P5:sh513100:2021-12-27:road_on,original_reference_candidate,2021-12-27,False
REF_ROAD:P5:sh510300:2021-12-28:road_on,REF_ROAD,P5:sh510300:2021-12-28:road_on,original_reference_candidate,2021-12-28,False
REF_ROAD:P5:sh518880:2021-12-31:road_on,REF_ROAD,P5:sh518880:2021-12-31:road_on,original_reference_candidate,2021-12-31,False
REF_ROAD:P5:sh518880:2022-01-11:road_on,REF_ROAD,P5:sh518880:2022-01-11:road_on,original_reference_candidate,2022-01-11,False
REF_ROAD:P5:sh518880:2022-01-20:road_on,REF_ROAD,P5:sh518880:2022-01-20:road_on,original_reference_candidate,2022-01-20,False
REF_ROAD:P5:sh518880:2022-02-08:road_on,REF_ROAD,P5:sh518880:2022-02-08:road_on,original_reference_candidate,2022-02-08,False
REF_BREAKOUT:P0:sh518880:2022-02-15:donchian60,REF_BREAKOUT,P0:sh518880:2022-02-15:donchian60,original_reference_candidate,2022-02-15,False
REF_BREAKOUT:P0:sh518880:2022-02-18:donchian60,REF_BREAKOUT,P0:sh518880:2022-02-18:donchian60,original_reference_candidate,2022-02-18,False
REF_BREAKOUT:P0:sh518880:2022-02-22:donchian60,REF_BREAKOUT,P0:sh518880:2022-02-22:donchian60,original_reference_candidate,2022-02-22,False
REF_BREAKOUT:P0:sh518880:2022-02-24:donchian60,REF_BREAKOUT,P0:sh518880:2022-02-24:donchian60,original_reference_candidate,2022-02-24,False
REF_BREAKOUT:P0:sh518880:2022-03-07:donchian60,REF_BREAKOUT,P0:sh518880:2022-03-07:donchian60,original_reference_candidate,2022-03-07,False
REF_BREAKOUT:P0:sh518880:2022-03-08:donchian60,REF_BREAKOUT,P0:sh518880:2022-03-08:donchian60,original_reference_candidate,2022-03-08,False
REF_BREAKOUT:P0:sh518880:2022-03-09:donchian60,REF_BREAKOUT,P0:sh518880:2022-03-09:donchian60,original_reference_candidate,2022-03-09,False
REF_ROAD:P5:sh518880:2022-03-17:road_on,REF_ROAD,P5:sh518880:2022-03-17:road_on,original_reference_candidate,2022-03-17,False
REF_ROAD:P5:sh513100:2022-03-22:road_on,REF_ROAD,P5:sh513100:2022-03-22:road_on,original_reference_candidate,2022-03-22,False
REF_ROAD:P5:sh518880:2022-03-22:road_on,REF_ROAD,P5:sh518880:2022-03-22:road_on,original_reference_candidate,2022-03-22,False
REF_ROAD:P5:sh518880:2022-03-24:road_on,REF_ROAD,P5:sh518880:2022-03-24:road_on,original_reference_candidate,2022-03-24,False
REF_ROAD:P5:sh518880:2022-04-01:road_on,REF_ROAD,P5:sh518880:2022-04-01:road_on,original_reference_candidate,2022-04-01,False
REF_ROAD:P5:sh518880:2022-04-13:road_on,REF_ROAD,P5:sh518880:2022-04-13:road_on,original_reference_candidate,2022-04-13,False
REF_ROAD:P5:sh518880:2022-04-21:road_on,REF_ROAD,P5:sh518880:2022-04-21:road_on,original_reference_candidate,2022-04-21,False
REF_ROAD:P5:sh518880:2022-04-29:road_on,REF_ROAD,P5:sh518880:2022-04-29:road_on,original_reference_candidate,2022-04-29,False
REF_ROAD:P5:sh518880:2022-05-12:road_on,REF_ROAD,P5:sh518880:2022-05-12:road_on,original_reference_candidate,2022-05-12,False
REF_ROAD:P5:sz159915:2022-05-23:road_on,REF_ROAD,P5:sz159915:2022-05-23:road_on,original_reference_candidate,2022-05-23,False
REF_ROAD:P5:sh510300:2022-05-27:road_on,REF_ROAD,P5:sh510300:2022-05-27:road_on,original_reference_candidate,2022-05-27,False
REF_ROAD:P5:sh518880:2022-05-27:road_on,REF_ROAD,P5:sh518880:2022-05-27:road_on,original_reference_candidate,2022-05-27,False
REF_ROAD:P5:sz159915:2022-05-31:road_on,REF_ROAD,P5:sz159915:2022-05-31:road_on,original_reference_candidate,2022-05-31,False
REF_ROAD:P5:sh513100:2022-06-08:road_on,REF_ROAD,P5:sh513100:2022-06-08:road_on,original_reference_candidate,2022-06-08,False
REF_ROAD:P5:sh518880:2022-06-13:road_on,REF_ROAD,P5:sh518880:2022-06-13:road_on,original_reference_candidate,2022-06-13,False
REF_BREAKOUT:P0:sh510300:2022-06-15:donchian60,REF_BREAKOUT,P0:sh510300:2022-06-15:donchian60,original_reference_candidate,2022-06-15,False
REF_BREAKOUT:P0:sh510300:2022-06-17:donchian60,REF_BREAKOUT,P0:sh510300:2022-06-17:donchian60,original_reference_candidate,2022-06-17,False
REF_ROAD:P5:sh518880:2022-06-17:road_on,REF_ROAD,P5:sh518880:2022-06-17:road_on,original_reference_candidate,2022-06-17,False
REF_BREAKOUT:P0:sh510300:2022-06-20:donchian60,REF_BREAKOUT,P0:sh510300:2022-06-20:donchian60,original_reference_candidate,2022-06-20,False
REF_BREAKOUT:P0:sh510300:2022-06-23:donchian60,REF_BREAKOUT,P0:sh510300:2022-06-23:donchian60,original_reference_candidate,2022-06-23,False
REF_BREAKOUT:P0:sz159915:2022-06-23:donchian60,REF_BREAKOUT,P0:sz159915:2022-06-23:donchian60,original_reference_candidate,2022-06-23,False
REF_BREAKOUT:P0:sh510300:2022-06-24:donchian60,REF_BREAKOUT,P0:sh510300:2022-06-24:donchian60,original_reference_candidate,2022-06-24,False
REF_BREAKOUT:P0:sz159915:2022-06-24:donchian60,REF_BREAKOUT,P0:sz159915:2022-06-24:donchian60,original_reference_candidate,2022-06-24,False
REF_BREAKOUT:P0:sh510300:2022-06-27:donchian60,REF_BREAKOUT,P0:sh510300:2022-06-27:donchian60,original_reference_candidate,2022-06-27,False
REF_BREAKOUT:P0:sz159915:2022-06-27:donchian60,REF_BREAKOUT,P0:sz159915:2022-06-27:donchian60,original_reference_candidate,2022-06-27,False
REF_BREAKOUT:P0:sh510300:2022-06-28:donchian60,REF_BREAKOUT,P0:sh510300:2022-06-28:donchian60,original_reference_candidate,2022-06-28,False
REF_BREAKOUT:P0:sz159915:2022-06-28:donchian60,REF_BREAKOUT,P0:sz159915:2022-06-28:donchian60,original_reference_candidate,2022-06-28,False
REF_BREAKOUT:P0:sh510300:2022-07-04:donchian60,REF_BREAKOUT,P0:sh510300:2022-07-04:donchian60,original_reference_candidate,2022-07-04,False
REF_BREAKOUT:P0:sz159915:2022-07-07:donchian60,REF_BREAKOUT,P0:sz159915:2022-07-07:donchian60,original_reference_candidate,2022-07-07,False
REF_ROAD:P5:sh513100:2022-07-11:road_on,REF_ROAD,P5:sh513100:2022-07-11:road_on,original_reference_candidate,2022-07-11,False
REF_ROAD:P5:sh513100:2022-07-13:road_on,REF_ROAD,P5:sh513100:2022-07-13:road_on,original_reference_candidate,2022-07-13,False
REF_ROAD:P5:sz159915:2022-07-13:road_on,REF_ROAD,P5:sz159915:2022-07-13:road_on,original_reference_candidate,2022-07-13,False
REF_ROAD:P5:sh513100:2022-07-15:road_on,REF_ROAD,P5:sh513100:2022-07-15:road_on,original_reference_candidate,2022-07-15,False
REF_ROAD:P5:sh518880:2022-08-03:road_on,REF_ROAD,P5:sh518880:2022-08-03:road_on,original_reference_candidate,2022-08-03,False
REF_BREAKOUT:P0:sh513100:2022-08-04:donchian60,REF_BREAKOUT,P0:sh513100:2022-08-04:donchian60,original_reference_candidate,2022-08-04,False
REF_BREAKOUT:P0:sh513100:2022-08-05:donchian60,REF_BREAKOUT,P0:sh513100:2022-08-05:donchian60,original_reference_candidate,2022-08-05,False
REF_BREAKOUT:P0:sh513100:2022-08-11:donchian60,REF_BREAKOUT,P0:sh513100:2022-08-11:donchian60,original_reference_candidate,2022-08-11,False
REF_BREAKOUT:P0:sh513100:2022-08-15:donchian60,REF_BREAKOUT,P0:sh513100:2022-08-15:donchian60,original_reference_candidate,2022-08-15,False
REF_BREAKOUT:P0:sh513100:2022-08-16:donchian60,REF_BREAKOUT,P0:sh513100:2022-08-16:donchian60,original_reference_candidate,2022-08-16,False
REF_ROAD:P5:sz159915:2022-08-17:road_on,REF_ROAD,P5:sz159915:2022-08-17:road_on,original_reference_candidate,2022-08-17,False
REF_ROAD:P5:sh518880:2022-08-23:road_on,REF_ROAD,P5:sh518880:2022-08-23:road_on,original_reference_candidate,2022-08-23,False
REF_ROAD:P5:sh513100:2022-08-25:road_on,REF_ROAD,P5:sh513100:2022-08-25:road_on,original_reference_candidate,2022-08-25,False
REF_ROAD:P5:sh518880:2022-08-30:road_on,REF_ROAD,P5:sh518880:2022-08-30:road_on,original_reference_candidate,2022-08-30,False
REF_ROAD:P5:sh518880:2022-09-08:road_on,REF_ROAD,P5:sh518880:2022-09-08:road_on,original_reference_candidate,2022-09-08,False
REF_ROAD:P5:sh518880:2022-09-29:road_on,REF_ROAD,P5:sh518880:2022-09-29:road_on,original_reference_candidate,2022-09-29,False
REF_BREAKOUT:P0:sh518880:2022-10-10:donchian60,REF_BREAKOUT,P0:sh518880:2022-10-10:donchian60,original_reference_candidate,2022-10-10,False
REF_BREAKOUT:P0:sh518880:2022-10-12:donchian60,REF_BREAKOUT,P0:sh518880:2022-10-12:donchian60,original_reference_candidate,2022-10-12,False
REF_BREAKOUT:P0:sh518880:2022-10-13:donchian60,REF_BREAKOUT,P0:sh518880:2022-10-13:donchian60,original_reference_candidate,2022-10-13,False
REF_BREAKOUT:P0:sh518880:2022-10-24:donchian60,REF_BREAKOUT,P0:sh518880:2022-10-24:donchian60,original_reference_candidate,2022-10-24,False
REF_ROAD:P5:sh518880:2022-10-24:road_on,REF_ROAD,P5:sh518880:2022-10-24:road_on,original_reference_candidate,2022-10-24,False
REF_BREAKOUT:P0:sh518880:2022-10-25:donchian60,REF_BREAKOUT,P0:sh518880:2022-10-25:donchian60,original_reference_candidate,2022-10-25,False
REF_ROAD:P5:sh513100:2022-10-27:road_on,REF_ROAD,P5:sh513100:2022-10-27:road_on,original_reference_candidate,2022-10-27,False
REF_ROAD:P5:sh513100:2022-10-31:road_on,REF_ROAD,P5:sh513100:2022-10-31:road_on,original_reference_candidate,2022-10-31,False
REF_ROAD:P5:sz159915:2022-11-02:road_on,REF_ROAD,P5:sz159915:2022-11-02:road_on,original_reference_candidate,2022-11-02,False
REF_ROAD:P5:sh510300:2022-11-07:road_on,REF_ROAD,P5:sh510300:2022-11-07:road_on,original_reference_candidate,2022-11-07,False
REF_BREAKOUT:P0:sh518880:2022-11-07:donchian60,REF_BREAKOUT,P0:sh518880:2022-11-07:donchian60,original_reference_candidate,2022-11-07,False
REF_BREAKOUT:P0:sh518880:2022-11-08:donchian60,REF_BREAKOUT,P0:sh518880:2022-11-08:donchian60,original_reference_candidate,2022-11-08,False
REF_BREAKOUT:P0:sh518880:2022-11-09:donchian60,REF_BREAKOUT,P0:sh518880:2022-11-09:donchian60,original_reference_candidate,2022-11-09,False
REF_ROAD:P5:sh513100:2022-11-11:road_on,REF_ROAD,P5:sh513100:2022-11-11:road_on,original_reference_candidate,2022-11-11,False
REF_BREAKOUT:P0:sh518880:2022-11-11:donchian60,REF_BREAKOUT,P0:sh518880:2022-11-11:donchian60,original_reference_candidate,2022-11-11,False
REF_ROAD:P5:sh510300:2022-11-15:road_on,REF_ROAD,P5:sh510300:2022-11-15:road_on,original_reference_candidate,2022-11-15,False
REF_BREAKOUT:P0:sh518880:2022-11-16:donchian60,REF_BREAKOUT,P0:sh518880:2022-11-16:donchian60,original_reference_candidate,2022-11-16,False
REF_BREAKOUT:P0:sh518880:2022-11-17:donchian60,REF_BREAKOUT,P0:sh518880:2022-11-17:donchian60,original_reference_candidate,2022-11-17,False
REF_ROAD:P5:sz159915:2022-11-21:road_on,REF_ROAD,P5:sz159915:2022-11-21:road_on,original_reference_candidate,2022-11-21,False
REF_ROAD:P5:sh513100:2022-11-23:road_on,REF_ROAD,P5:sh513100:2022-11-23:road_on,original_reference_candidate,2022-11-23,False
REF_ROAD:P5:sh510300:2022-11-25:road_on,REF_ROAD,P5:sh510300:2022-11-25:road_on,original_reference_candidate,2022-11-25,False
REF_BREAKOUT:P0:sh518880:2022-11-25:donchian60,REF_BREAKOUT,P0:sh518880:2022-11-25:donchian60,original_reference_candidate,2022-11-25,False
REF_BREAKOUT:P0:sh518880:2022-11-28:donchian60,REF_BREAKOUT,P0:sh518880:2022-11-28:donchian60,original_reference_candidate,2022-11-28,False
REF_ROAD:P5:sh510300:2022-11-29:road_on,REF_ROAD,P5:sh510300:2022-11-29:road_on,original_reference_candidate,2022-11-29,False
REF_ROAD:P5:sh513100:2022-12-01:road_on,REF_ROAD,P5:sh513100:2022-12-01:road_on,original_reference_candidate,2022-12-01,False
REF_ROAD:P5:sz159915:2022-12-01:road_on,REF_ROAD,P5:sz159915:2022-12-01:road_on,original_reference_candidate,2022-12-01,False
REF_BREAKOUT:P0:sh518880:2022-12-02:donchian60,REF_BREAKOUT,P0:sh518880:2022-12-02:donchian60,original_reference_candidate,2022-12-02,False
REF_ROAD:P5:sz159915:2022-12-07:road_on,REF_ROAD,P5:sz159915:2022-12-07:road_on,original_reference_candidate,2022-12-07,False
REF_ROAD:P5:sh518880:2022-12-14:road_on,REF_ROAD,P5:sh518880:2022-12-14:road_on,original_reference_candidate,2022-12-14,False
REF_ROAD:P5:sz159915:2022-12-15:road_on,REF_ROAD,P5:sz159915:2022-12-15:road_on,original_reference_candidate,2022-12-15,False
REF_ROAD:P5:sh518880:2022-12-19:road_on,REF_ROAD,P5:sh518880:2022-12-19:road_on,original_reference_candidate,2022-12-19,False
REF_BREAKOUT:P0:sh518880:2022-12-21:donchian60,REF_BREAKOUT,P0:sh518880:2022-12-21:donchian60,original_reference_candidate,2022-12-21,False
REF_ROAD:P5:sh510300:2022-12-27:road_on,REF_ROAD,P5:sh510300:2022-12-27:road_on,original_reference_candidate,2022-12-27,False
REF_ROAD:P5:sh518880:2022-12-27:road_on,REF_ROAD,P5:sh518880:2022-12-27:road_on,original_reference_candidate,2022-12-27,False
REF_ROAD:P5:sz159915:2022-12-27:road_on,REF_ROAD,P5:sz159915:2022-12-27:road_on,original_reference_candidate,2022-12-27,False
REF_ROAD:P5:sh510300:2022-12-30:road_on,REF_ROAD,P5:sh510300:2022-12-30:road_on,original_reference_candidate,2022-12-30,False
REF_BREAKOUT:P0:sh518880:2022-12-30:donchian60,REF_BREAKOUT,P0:sh518880:2022-12-30:donchian60,original_reference_candidate,2022-12-30,False
REF_BREAKOUT:P0:sh518880:2023-01-03:donchian60,REF_BREAKOUT,P0:sh518880:2023-01-03:donchian60,original_reference_candidate,2023-01-03,False
REF_BREAKOUT:P0:sh518880:2023-01-04:donchian60,REF_BREAKOUT,P0:sh518880:2023-01-04:donchian60,original_reference_candidate,2023-01-04,False
REF_ROAD:P5:sh510300:2023-01-05:road_on,REF_ROAD,P5:sh510300:2023-01-05:road_on,original_reference_candidate,2023-01-05,False
REF_ROAD:P5:sz159915:2023-01-06:road_on,REF_ROAD,P5:sz159915:2023-01-06:road_on,original_reference_candidate,2023-01-06,False
REF_BREAKOUT:P0:sh510300:2023-01-09:donchian60,REF_BREAKOUT,P0:sh510300:2023-01-09:donchian60,original_reference_candidate,2023-01-09,False
REF_BREAKOUT:P0:sh518880:2023-01-09:donchian60,REF_BREAKOUT,P0:sh518880:2023-01-09:donchian60,original_reference_candidate,2023-01-09,False
REF_BREAKOUT:P0:sh510300:2023-01-10:donchian60,REF_BREAKOUT,P0:sh510300:2023-01-10:donchian60,original_reference_candidate,2023-01-10,False
REF_BREAKOUT:P0:sz159915:2023-01-10:donchian60,REF_BREAKOUT,P0:sz159915:2023-01-10:donchian60,original_reference_candidate,2023-01-10,False
REF_BREAKOUT:P0:sh518880:2023-01-11:donchian60,REF_BREAKOUT,P0:sh518880:2023-01-11:donchian60,original_reference_candidate,2023-01-11,False
REF_BREAKOUT:P0:sh510300:2023-01-12:donchian60,REF_BREAKOUT,P0:sh510300:2023-01-12:donchian60,original_reference_candidate,2023-01-12,False
REF_BREAKOUT:P0:sh510300:2023-01-13:donchian60,REF_BREAKOUT,P0:sh510300:2023-01-13:donchian60,original_reference_candidate,2023-01-13,False
REF_BREAKOUT:P0:sh518880:2023-01-13:donchian60,REF_BREAKOUT,P0:sh518880:2023-01-13:donchian60,original_reference_candidate,2023-01-13,False
REF_BREAKOUT:P0:sz159915:2023-01-13:donchian60,REF_BREAKOUT,P0:sz159915:2023-01-13:donchian60,original_reference_candidate,2023-01-13,False
REF_BREAKOUT:P0:sh510300:2023-01-16:donchian60,REF_BREAKOUT,P0:sh510300:2023-01-16:donchian60,original_reference_candidate,2023-01-16,False
REF_BREAKOUT:P0:sh518880:2023-01-16:donchian60,REF_BREAKOUT,P0:sh518880:2023-01-16:donchian60,original_reference_candidate,2023-01-16,False
REF_BREAKOUT:P0:sz159915:2023-01-16:donchian60,REF_BREAKOUT,P0:sz159915:2023-01-16:donchian60,original_reference_candidate,2023-01-16,False
REF_ROAD:P5:sh513100:2023-01-17:road_on,REF_ROAD,P5:sh513100:2023-01-17:road_on,original_reference_candidate,2023-01-17,False
REF_BREAKOUT:P0:sh518880:2023-01-17:donchian60,REF_BREAKOUT,P0:sh518880:2023-01-17:donchian60,original_reference_candidate,2023-01-17,False
REF_BREAKOUT:P0:sz159915:2023-01-17:donchian60,REF_BREAKOUT,P0:sz159915:2023-01-17:donchian60,original_reference_candidate,2023-01-17,False
REF_BREAKOUT:P0:sh510300:2023-01-19:donchian60,REF_BREAKOUT,P0:sh510300:2023-01-19:donchian60,original_reference_candidate,2023-01-19,False
REF_BREAKOUT:P0:sh518880:2023-01-19:donchian60,REF_BREAKOUT,P0:sh518880:2023-01-19:donchian60,original_reference_candidate,2023-01-19,False
REF_BREAKOUT:P0:sz159915:2023-01-19:donchian60,REF_BREAKOUT,P0:sz159915:2023-01-19:donchian60,original_reference_candidate,2023-01-19,False
REF_BREAKOUT:P0:sh510300:2023-01-20:donchian60,REF_BREAKOUT,P0:sh510300:2023-01-20:donchian60,original_reference_candidate,2023-01-20,False
REF_ROAD:P5:sh513100:2023-01-20:road_on,REF_ROAD,P5:sh513100:2023-01-20:road_on,original_reference_candidate,2023-01-20,False
REF_BREAKOUT:P0:sh518880:2023-01-20:donchian60,REF_BREAKOUT,P0:sh518880:2023-01-20:donchian60,original_reference_candidate,2023-01-20,False
REF_BREAKOUT:P0:sz159915:2023-01-20:donchian60,REF_BREAKOUT,P0:sz159915:2023-01-20:donchian60,original_reference_candidate,2023-01-20,False
REF_BREAKOUT:P0:sh510300:2023-01-30:donchian60,REF_BREAKOUT,P0:sh510300:2023-01-30:donchian60,original_reference_candidate,2023-01-30,False
REF_BREAKOUT:P0:sz159915:2023-01-30:donchian60,REF_BREAKOUT,P0:sz159915:2023-01-30:donchian60,original_reference_candidate,2023-01-30,False
REF_BREAKOUT:P0:sz159915:2023-02-01:donchian60,REF_BREAKOUT,P0:sz159915:2023-02-01:donchian60,original_reference_candidate,2023-02-01,False
REF_BREAKOUT:P0:sh518880:2023-02-02:donchian60,REF_BREAKOUT,P0:sh518880:2023-02-02:donchian60,original_reference_candidate,2023-02-02,False
REF_BREAKOUT:P0:sh513100:2023-02-03:donchian60,REF_BREAKOUT,P0:sh513100:2023-02-03:donchian60,original_reference_candidate,2023-02-03,False
REF_ROAD:P5:sh510300:2023-02-07:road_on,REF_ROAD,P5:sh510300:2023-02-07:road_on,original_reference_candidate,2023-02-07,False
REF_BREAKOUT:P0:sh513100:2023-02-08:donchian60,REF_BREAKOUT,P0:sh513100:2023-02-08:donchian60,original_reference_candidate,2023-02-08,False
REF_ROAD:P5:sh510300:2023-02-09:road_on,REF_ROAD,P5:sh510300:2023-02-09:road_on,original_reference_candidate,2023-02-09,False
REF_BREAKOUT:P0:sh513100:2023-02-16:donchian60,REF_BREAKOUT,P0:sh513100:2023-02-16:donchian60,original_reference_candidate,2023-02-16,False
REF_ROAD:P5:sh513100:2023-02-23:road_on,REF_ROAD,P5:sh513100:2023-02-23:road_on,original_reference_candidate,2023-02-23,False
REF_ROAD:P5:sh510300:2023-03-06:road_on,REF_ROAD,P5:sh510300:2023-03-06:road_on,original_reference_candidate,2023-03-06,False
REF_ROAD:P5:sh513100:2023-03-06:road_on,REF_ROAD,P5:sh513100:2023-03-06:road_on,original_reference_candidate,2023-03-06,False
REF_ROAD:P5:sh518880:2023-03-06:road_on,REF_ROAD,P5:sh518880:2023-03-06:road_on,original_reference_candidate,2023-03-06,False
REF_BREAKOUT:P0:sh518880:2023-03-14:donchian60,REF_BREAKOUT,P0:sh518880:2023-03-14:donchian60,original_reference_candidate,2023-03-14,False
REF_BREAKOUT:P0:sh518880:2023-03-16:donchian60,REF_BREAKOUT,P0:sh518880:2023-03-16:donchian60,original_reference_candidate,2023-03-16,False
REF_ROAD:P5:sh513100:2023-03-17:road_on,REF_ROAD,P5:sh513100:2023-03-17:road_on,original_reference_candidate,2023-03-17,False
REF_BREAKOUT:P0:sh518880:2023-03-17:donchian60,REF_BREAKOUT,P0:sh518880:2023-03-17:donchian60,original_reference_candidate,2023-03-17,False
REF_BREAKOUT:P0:sh518880:2023-03-20:donchian60,REF_BREAKOUT,P0:sh518880:2023-03-20:donchian60,original_reference_candidate,2023-03-20,False
REF_BREAKOUT:P0:sh513100:2023-03-22:donchian60,REF_BREAKOUT,P0:sh513100:2023-03-22:donchian60,original_reference_candidate,2023-03-22,False
REF_BREAKOUT:P0:sh513100:2023-03-27:donchian60,REF_BREAKOUT,P0:sh513100:2023-03-27:donchian60,original_reference_candidate,2023-03-27,False
REF_BREAKOUT:P0:sh513100:2023-03-30:donchian60,REF_BREAKOUT,P0:sh513100:2023-03-30:donchian60,original_reference_candidate,2023-03-30,False
REF_BREAKOUT:P0:sh513100:2023-03-31:donchian60,REF_BREAKOUT,P0:sh513100:2023-03-31:donchian60,original_reference_candidate,2023-03-31,False
REF_BREAKOUT:P0:sh513100:2023-04-03:donchian60,REF_BREAKOUT,P0:sh513100:2023-04-03:donchian60,original_reference_candidate,2023-04-03,False
REF_ROAD:P5:sz159915:2023-04-03:road_on,REF_ROAD,P5:sz159915:2023-04-03:road_on,original_reference_candidate,2023-04-03,False
REF_ROAD:P5:sh510300:2023-04-04:road_on,REF_ROAD,P5:sh510300:2023-04-04:road_on,original_reference_candidate,2023-04-04,False
REF_BREAKOUT:P0:sh513100:2023-04-04:donchian60,REF_BREAKOUT,P0:sh513100:2023-04-04:donchian60,original_reference_candidate,2023-04-04,False
REF_BREAKOUT:P0:sh518880:2023-04-06:donchian60,REF_BREAKOUT,P0:sh518880:2023-04-06:donchian60,original_reference_candidate,2023-04-06,False
REF_BREAKOUT:P0:sh518880:2023-04-12:donchian60,REF_BREAKOUT,P0:sh518880:2023-04-12:donchian60,original_reference_candidate,2023-04-12,False
REF_BREAKOUT:P0:sh518880:2023-04-13:donchian60,REF_BREAKOUT,P0:sh518880:2023-04-13:donchian60,original_reference_candidate,2023-04-13,False
REF_BREAKOUT:P0:sh518880:2023-04-14:donchian60,REF_BREAKOUT,P0:sh518880:2023-04-14:donchian60,original_reference_candidate,2023-04-14,False
REF_ROAD:P5:sz159915:2023-04-14:road_on,REF_ROAD,P5:sz159915:2023-04-14:road_on,original_reference_candidate,2023-04-14,False
REF_ROAD:P5:sh518880:2023-04-19:road_on,REF_ROAD,P5:sh518880:2023-04-19:road_on,original_reference_candidate,2023-04-19,False
REF_ROAD:P5:sh518880:2023-04-25:road_on,REF_ROAD,P5:sh518880:2023-04-25:road_on,original_reference_candidate,2023-04-25,False
REF_ROAD:P5:sh513100:2023-04-27:road_on,REF_ROAD,P5:sh513100:2023-04-27:road_on,original_reference_candidate,2023-04-27,False
REF_BREAKOUT:P0:sh513100:2023-04-28:donchian60,REF_BREAKOUT,P0:sh513100:2023-04-28:donchian60,original_reference_candidate,2023-04-28,False
REF_BREAKOUT:P0:sh518880:2023-05-04:donchian60,REF_BREAKOUT,P0:sh518880:2023-05-04:donchian60,original_reference_candidate,2023-05-04,False
REF_BREAKOUT:P0:sh518880:2023-05-05:donchian60,REF_BREAKOUT,P0:sh518880:2023-05-05:donchian60,original_reference_candidate,2023-05-05,False
REF_BREAKOUT:P0:sh513100:2023-05-08:donchian60,REF_BREAKOUT,P0:sh513100:2023-05-08:donchian60,original_reference_candidate,2023-05-08,False
REF_ROAD:P5:sh513100:2023-05-08:road_on,REF_ROAD,P5:sh513100:2023-05-08:road_on,original_reference_candidate,2023-05-08,False
REF_BREAKOUT:P0:sh513100:2023-05-11:donchian60,REF_BREAKOUT,P0:sh513100:2023-05-11:donchian60,original_reference_candidate,2023-05-11,False
REF_BREAKOUT:P0:sh513100:2023-05-12:donchian60,REF_BREAKOUT,P0:sh513100:2023-05-12:donchian60,original_reference_candidate,2023-05-12,False
REF_BREAKOUT:P0:sh513100:2023-05-16:donchian60,REF_BREAKOUT,P0:sh513100:2023-05-16:donchian60,original_reference_candidate,2023-05-16,False
REF_BREAKOUT:P0:sh513100:2023-05-17:donchian60,REF_BREAKOUT,P0:sh513100:2023-05-17:donchian60,original_reference_candidate,2023-05-17,False
REF_BREAKOUT:P0:sh513100:2023-05-18:donchian60,REF_BREAKOUT,P0:sh513100:2023-05-18:donchian60,original_reference_candidate,2023-05-18,False
REF_BREAKOUT:P0:sh513100:2023-05-19:donchian60,REF_BREAKOUT,P0:sh513100:2023-05-19:donchian60,original_reference_candidate,2023-05-19,False
REF_ROAD:P5:sh518880:2023-05-22:road_on,REF_ROAD,P5:sh518880:2023-05-22:road_on,original_reference_candidate,2023-05-22,False
REF_BREAKOUT:P0:sh513100:2023-05-23:donchian60,REF_BREAKOUT,P0:sh513100:2023-05-23:donchian60,original_reference_candidate,2023-05-23,False
REF_ROAD:P5:sh518880:2023-05-24:road_on,REF_ROAD,P5:sh518880:2023-05-24:road_on,original_reference_candidate,2023-05-24,False
REF_BREAKOUT:P0:sh513100:2023-05-25:donchian60,REF_BREAKOUT,P0:sh513100:2023-05-25:donchian60,original_reference_candidate,2023-05-25,False
REF_BREAKOUT:P0:sh513100:2023-05-26:donchian60,REF_BREAKOUT,P0:sh513100:2023-05-26:donchian60,original_reference_candidate,2023-05-26,False
REF_BREAKOUT:P0:sh513100:2023-05-29:donchian60,REF_BREAKOUT,P0:sh513100:2023-05-29:donchian60,original_reference_candidate,2023-05-29,False
REF_BREAKOUT:P0:sh513100:2023-05-30:donchian60,REF_BREAKOUT,P0:sh513100:2023-05-30:donchian60,original_reference_candidate,2023-05-30,False
REF_ROAD:P5:sh518880:2023-05-31:road_on,REF_ROAD,P5:sh518880:2023-05-31:road_on,original_reference_candidate,2023-05-31,False
REF_BREAKOUT:P0:sh513100:2023-06-02:donchian60,REF_BREAKOUT,P0:sh513100:2023-06-02:donchian60,original_reference_candidate,2023-06-02,False
REF_BREAKOUT:P0:sh513100:2023-06-05:donchian60,REF_BREAKOUT,P0:sh513100:2023-06-05:donchian60,original_reference_candidate,2023-06-05,False
REF_BREAKOUT:P0:sh513100:2023-06-06:donchian60,REF_BREAKOUT,P0:sh513100:2023-06-06:donchian60,original_reference_candidate,2023-06-06,False
REF_BREAKOUT:P0:sh513100:2023-06-07:donchian60,REF_BREAKOUT,P0:sh513100:2023-06-07:donchian60,original_reference_candidate,2023-06-07,False
REF_ROAD:P5:sh518880:2023-06-09:road_on,REF_ROAD,P5:sh518880:2023-06-09:road_on,original_reference_candidate,2023-06-09,False
REF_BREAKOUT:P0:sh513100:2023-06-12:donchian60,REF_BREAKOUT,P0:sh513100:2023-06-12:donchian60,original_reference_candidate,2023-06-12,False
REF_BREAKOUT:P0:sh513100:2023-06-13:donchian60,REF_BREAKOUT,P0:sh513100:2023-06-13:donchian60,original_reference_candidate,2023-06-13,False
REF_ROAD:P5:sh518880:2023-06-13:road_on,REF_ROAD,P5:sh518880:2023-06-13:road_on,original_reference_candidate,2023-06-13,False
REF_BREAKOUT:P0:sh513100:2023-06-14:donchian60,REF_BREAKOUT,P0:sh513100:2023-06-14:donchian60,original_reference_candidate,2023-06-14,False
REF_BREAKOUT:P0:sh513100:2023-06-15:donchian60,REF_BREAKOUT,P0:sh513100:2023-06-15:donchian60,original_reference_candidate,2023-06-15,False
REF_ROAD:P5:sh510300:2023-06-16:road_on,REF_ROAD,P5:sh510300:2023-06-16:road_on,original_reference_candidate,2023-06-16,False
REF_BREAKOUT:P0:sh513100:2023-06-16:donchian60,REF_BREAKOUT,P0:sh513100:2023-06-16:donchian60,original_reference_candidate,2023-06-16,False
REF_ROAD:P5:sh518880:2023-06-16:road_on,REF_ROAD,P5:sh518880:2023-06-16:road_on,original_reference_candidate,2023-06-16,False
REF_ROAD:P5:sh510300:2023-06-20:road_on,REF_ROAD,P5:sh510300:2023-06-20:road_on,original_reference_candidate,2023-06-20,False
REF_ROAD:P5:sz159915:2023-06-20:road_on,REF_ROAD,P5:sz159915:2023-06-20:road_on,original_reference_candidate,2023-06-20,False
REF_ROAD:P5:sz159915:2023-06-30:road_on,REF_ROAD,P5:sz159915:2023-06-30:road_on,original_reference_candidate,2023-06-30,False
REF_ROAD:P5:sh510300:2023-07-03:road_on,REF_ROAD,P5:sh510300:2023-07-03:road_on,original_reference_candidate,2023-07-03,False
REF_BREAKOUT:P0:sh513100:2023-07-03:donchian60,REF_BREAKOUT,P0:sh513100:2023-07-03:donchian60,original_reference_candidate,2023-07-03,False
REF_ROAD:P5:sh518880:2023-07-05:road_on,REF_ROAD,P5:sh518880:2023-07-05:road_on,original_reference_candidate,2023-07-05,False
REF_ROAD:P5:sz159915:2023-07-05:road_on,REF_ROAD,P5:sz159915:2023-07-05:road_on,original_reference_candidate,2023-07-05,False
REF_ROAD:P5:sh518880:2023-07-10:road_on,REF_ROAD,P5:sh518880:2023-07-10:road_on,original_reference_candidate,2023-07-10,False
REF_ROAD:P5:sh510300:2023-07-11:road_on,REF_ROAD,P5:sh510300:2023-07-11:road_on,original_reference_candidate,2023-07-11,False
REF_ROAD:P5:sz159915:2023-07-11:road_on,REF_ROAD,P5:sz159915:2023-07-11:road_on,original_reference_candidate,2023-07-11,False
REF_ROAD:P5:sh510300:2023-07-13:road_on,REF_ROAD,P5:sh510300:2023-07-13:road_on,original_reference_candidate,2023-07-13,False
REF_ROAD:P5:sh518880:2023-07-13:road_on,REF_ROAD,P5:sh518880:2023-07-13:road_on,original_reference_candidate,2023-07-13,False
REF_ROAD:P5:sz159915:2023-07-13:road_on,REF_ROAD,P5:sz159915:2023-07-13:road_on,original_reference_candidate,2023-07-13,False
REF_BREAKOUT:P0:sh513100:2023-07-14:donchian60,REF_BREAKOUT,P0:sh513100:2023-07-14:donchian60,original_reference_candidate,2023-07-14,False
REF_BREAKOUT:P0:sh513100:2023-07-17:donchian60,REF_BREAKOUT,P0:sh513100:2023-07-17:donchian60,original_reference_candidate,2023-07-17,False
REF_BREAKOUT:P0:sh513100:2023-07-18:donchian60,REF_BREAKOUT,P0:sh513100:2023-07-18:donchian60,original_reference_candidate,2023-07-18,False
REF_BREAKOUT:P0:sh518880:2023-07-18:donchian60,REF_BREAKOUT,P0:sh518880:2023-07-18:donchian60,original_reference_candidate,2023-07-18,False
REF_BREAKOUT:P0:sh513100:2023-07-19:donchian60,REF_BREAKOUT,P0:sh513100:2023-07-19:donchian60,original_reference_candidate,2023-07-19,False
REF_BREAKOUT:P0:sh518880:2023-07-19:donchian60,REF_BREAKOUT,P0:sh518880:2023-07-19:donchian60,original_reference_candidate,2023-07-19,False
REF_ROAD:P5:sh510300:2023-07-25:road_on,REF_ROAD,P5:sh510300:2023-07-25:road_on,original_reference_candidate,2023-07-25,False
REF_BREAKOUT:P0:sh510300:2023-07-28:donchian60,REF_BREAKOUT,P0:sh510300:2023-07-28:donchian60,original_reference_candidate,2023-07-28,False
REF_BREAKOUT:P0:sh510300:2023-07-31:donchian60,REF_BREAKOUT,P0:sh510300:2023-07-31:donchian60,original_reference_candidate,2023-07-31,False
REF_ROAD:P5:sz159915:2023-07-31:road_on,REF_ROAD,P5:sz159915:2023-07-31:road_on,original_reference_candidate,2023-07-31,False
REF_ROAD:P5:sh518880:2023-08-01:road_on,REF_ROAD,P5:sh518880:2023-08-01:road_on,original_reference_candidate,2023-08-01,False
REF_ROAD:P5:sz159915:2023-08-02:road_on,REF_ROAD,P5:sz159915:2023-08-02:road_on,original_reference_candidate,2023-08-02,False
REF_BREAKOUT:P0:sh510300:2023-08-04:donchian60,REF_BREAKOUT,P0:sh510300:2023-08-04:donchian60,original_reference_candidate,2023-08-04,False
REF_ROAD:P5:sh513100:2023-08-04:road_on,REF_ROAD,P5:sh513100:2023-08-04:road_on,original_reference_candidate,2023-08-04,False
REF_ROAD:P5:sh518880:2023-08-08:road_on,REF_ROAD,P5:sh518880:2023-08-08:road_on,original_reference_candidate,2023-08-08,False
REF_ROAD:P5:sh518880:2023-08-11:road_on,REF_ROAD,P5:sh518880:2023-08-11:road_on,original_reference_candidate,2023-08-11,False
REF_ROAD:P5:sh518880:2023-08-22:road_on,REF_ROAD,P5:sh518880:2023-08-22:road_on,original_reference_candidate,2023-08-22,False
REF_BREAKOUT:P0:sh518880:2023-08-30:donchian60,REF_BREAKOUT,P0:sh518880:2023-08-30:donchian60,original_reference_candidate,2023-08-30,False
REF_ROAD:P5:sh513100:2023-08-31:road_on,REF_ROAD,P5:sh513100:2023-08-31:road_on,original_reference_candidate,2023-08-31,False
REF_BREAKOUT:P0:sh518880:2023-08-31:donchian60,REF_BREAKOUT,P0:sh518880:2023-08-31:donchian60,original_reference_candidate,2023-08-31,False
REF_BREAKOUT:P0:sh518880:2023-09-04:donchian60,REF_BREAKOUT,P0:sh518880:2023-09-04:donchian60,original_reference_candidate,2023-09-04,False
REF_BREAKOUT:P0:sh518880:2023-09-05:donchian60,REF_BREAKOUT,P0:sh518880:2023-09-05:donchian60,original_reference_candidate,2023-09-05,False
REF_BREAKOUT:P0:sh518880:2023-09-08:donchian60,REF_BREAKOUT,P0:sh518880:2023-09-08:donchian60,original_reference_candidate,2023-09-08,False
REF_BREAKOUT:P0:sh518880:2023-09-11:donchian60,REF_BREAKOUT,P0:sh518880:2023-09-11:donchian60,original_reference_candidate,2023-09-11,False
REF_BREAKOUT:P0:sh518880:2023-09-12:donchian60,REF_BREAKOUT,P0:sh518880:2023-09-12:donchian60,original_reference_candidate,2023-09-12,False
REF_BREAKOUT:P0:sh518880:2023-09-13:donchian60,REF_BREAKOUT,P0:sh518880:2023-09-13:donchian60,original_reference_candidate,2023-09-13,False
REF_ROAD:P5:sh513100:2023-09-14:road_on,REF_ROAD,P5:sh513100:2023-09-14:road_on,original_reference_candidate,2023-09-14,False
REF_BREAKOUT:P0:sh518880:2023-09-14:donchian60,REF_BREAKOUT,P0:sh518880:2023-09-14:donchian60,original_reference_candidate,2023-09-14,False
REF_BREAKOUT:P0:sh518880:2023-09-20:donchian60,REF_BREAKOUT,P0:sh518880:2023-09-20:donchian60,original_reference_candidate,2023-09-20,False
REF_BREAKOUT:P0:sh518880:2023-10-20:donchian60,REF_BREAKOUT,P0:sh518880:2023-10-20:donchian60,original_reference_candidate,2023-10-20,False
REF_ROAD:P5:sh518880:2023-10-20:road_on,REF_ROAD,P5:sh518880:2023-10-20:road_on,original_reference_candidate,2023-10-20,False
REF_BREAKOUT:P0:sh518880:2023-10-27:donchian60,REF_BREAKOUT,P0:sh518880:2023-10-27:donchian60,original_reference_candidate,2023-10-27,False
REF_ROAD:P5:sh518880:2023-10-27:road_on,REF_ROAD,P5:sh518880:2023-10-27:road_on,original_reference_candidate,2023-10-27,False
REF_BREAKOUT:P0:sh518880:2023-10-30:donchian60,REF_BREAKOUT,P0:sh518880:2023-10-30:donchian60,original_reference_candidate,2023-10-30,False
REF_BREAKOUT:P0:sh518880:2023-10-31:donchian60,REF_BREAKOUT,P0:sh518880:2023-10-31:donchian60,original_reference_candidate,2023-10-31,False
REF_ROAD:P5:sh513100:2023-11-02:road_on,REF_ROAD,P5:sh513100:2023-11-02:road_on,original_reference_candidate,2023-11-02,False
REF_ROAD:P5:sz159915:2023-11-06:road_on,REF_ROAD,P5:sz159915:2023-11-06:road_on,original_reference_candidate,2023-11-06,False
REF_ROAD:P5:sh513100:2023-11-08:road_on,REF_ROAD,P5:sh513100:2023-11-08:road_on,original_reference_candidate,2023-11-08,False
REF_ROAD:P5:sz159915:2023-11-10:road_on,REF_ROAD,P5:sz159915:2023-11-10:road_on,original_reference_candidate,2023-11-10,False
REF_ROAD:P5:sh513100:2023-11-13:road_on,REF_ROAD,P5:sh513100:2023-11-13:road_on,original_reference_candidate,2023-11-13,False
REF_BREAKOUT:P0:sh513100:2023-11-14:donchian60,REF_BREAKOUT,P0:sh513100:2023-11-14:donchian60,original_reference_candidate,2023-11-14,False
REF_ROAD:P5:sh518880:2023-11-14:road_on,REF_ROAD,P5:sh518880:2023-11-14:road_on,original_reference_candidate,2023-11-14,False
REF_BREAKOUT:P0:sh513100:2023-11-15:donchian60,REF_BREAKOUT,P0:sh513100:2023-11-15:donchian60,original_reference_candidate,2023-11-15,False
REF_ROAD:P5:sz159915:2023-11-20:road_on,REF_ROAD,P5:sz159915:2023-11-20:road_on,original_reference_candidate,2023-11-20,False
REF_BREAKOUT:P0:sh518880:2023-12-04:donchian60,REF_BREAKOUT,P0:sh518880:2023-12-04:donchian60,original_reference_candidate,2023-12-04,False
REF_ROAD:P5:sh518880:2023-12-04:road_on,REF_ROAD,P5:sh518880:2023-12-04:road_on,original_reference_candidate,2023-12-04,False
REF_ROAD:P5:sh513100:2023-12-06:road_on,REF_ROAD,P5:sh513100:2023-12-06:road_on,original_reference_candidate,2023-12-06,False
REF_ROAD:P5:sh513100:2023-12-08:road_on,REF_ROAD,P5:sh513100:2023-12-08:road_on,original_reference_candidate,2023-12-08,False
REF_BREAKOUT:P0:sh513100:2023-12-12:donchian60,REF_BREAKOUT,P0:sh513100:2023-12-12:donchian60,original_reference_candidate,2023-12-12,False
REF_BREAKOUT:P0:sh513100:2023-12-13:donchian60,REF_BREAKOUT,P0:sh513100:2023-12-13:donchian60,original_reference_candidate,2023-12-13,False
REF_BREAKOUT:P0:sh513100:2023-12-14:donchian60,REF_BREAKOUT,P0:sh513100:2023-12-14:donchian60,original_reference_candidate,2023-12-14,False
REF_ROAD:P5:sh518880:2023-12-14:road_on,REF_ROAD,P5:sh518880:2023-12-14:road_on,original_reference_candidate,2023-12-14,False
REF_BREAKOUT:P0:sh513100:2023-12-19:donchian60,REF_BREAKOUT,P0:sh513100:2023-12-19:donchian60,original_reference_candidate,2023-12-19,False
REF_BREAKOUT:P0:sh513100:2023-12-20:donchian60,REF_BREAKOUT,P0:sh513100:2023-12-20:donchian60,original_reference_candidate,2023-12-20,False
REF_BREAKOUT:P0:sh518880:2023-12-26:donchian60,REF_BREAKOUT,P0:sh518880:2023-12-26:donchian60,original_reference_candidate,2023-12-26,False
REF_BREAKOUT:P0:sh513100:2023-12-27:donchian60,REF_BREAKOUT,P0:sh513100:2023-12-27:donchian60,original_reference_candidate,2023-12-27,False
REF_BREAKOUT:P0:sh518880:2023-12-27:donchian60,REF_BREAKOUT,P0:sh518880:2023-12-27:donchian60,original_reference_candidate,2023-12-27,False
REF_BREAKOUT:P0:sh518880:2023-12-28:donchian60,REF_BREAKOUT,P0:sh518880:2023-12-28:donchian60,original_reference_candidate,2023-12-28,False
REF_BREAKOUT:P0:sh518880:2024-01-02:donchian60,REF_BREAKOUT,P0:sh518880:2024-01-02:donchian60,original_reference_candidate,2024-01-02,False
REF_ROAD:P5:sh513100:2024-01-09:road_on,REF_ROAD,P5:sh513100:2024-01-09:road_on,original_reference_candidate,2024-01-09,False
REF_BREAKOUT:P0:sh513100:2024-01-11:donchian60,REF_BREAKOUT,P0:sh513100:2024-01-11:donchian60,original_reference_candidate,2024-01-11,False
REF_BREAKOUT:P0:sh513100:2024-01-15:donchian60,REF_BREAKOUT,P0:sh513100:2024-01-15:donchian60,original_reference_candidate,2024-01-15,False
REF_BREAKOUT:P0:sh518880:2024-01-15:donchian60,REF_BREAKOUT,P0:sh518880:2024-01-15:donchian60,original_reference_candidate,2024-01-15,False
REF_BREAKOUT:P0:sh518880:2024-01-16:donchian60,REF_BREAKOUT,P0:sh518880:2024-01-16:donchian60,original_reference_candidate,2024-01-16,False
REF_BREAKOUT:P0:sh513100:2024-01-19:donchian60,REF_BREAKOUT,P0:sh513100:2024-01-19:donchian60,original_reference_candidate,2024-01-19,False
REF_ROAD:P5:sh518880:2024-01-19:road_on,REF_ROAD,P5:sh518880:2024-01-19:road_on,original_reference_candidate,2024-01-19,False
REF_BREAKOUT:P0:sh513100:2024-01-22:donchian60,REF_BREAKOUT,P0:sh513100:2024-01-22:donchian60,original_reference_candidate,2024-01-22,False
REF_ROAD:P5:sh510300:2024-01-25:road_on,REF_ROAD,P5:sh510300:2024-01-25:road_on,original_reference_candidate,2024-01-25,False
REF_BREAKOUT:P0:sh513100:2024-01-30:donchian60,REF_BREAKOUT,P0:sh513100:2024-01-30:donchian60,original_reference_candidate,2024-01-30,False
REF_ROAD:P5:sh518880:2024-02-01:road_on,REF_ROAD,P5:sh518880:2024-02-01:road_on,original_reference_candidate,2024-02-01,False
REF_BREAKOUT:P0:sh518880:2024-02-02:donchian60,REF_BREAKOUT,P0:sh518880:2024-02-02:donchian60,original_reference_candidate,2024-02-02,False
REF_ROAD:P5:sh510300:2024-02-06:road_on,REF_ROAD,P5:sh510300:2024-02-06:road_on,original_reference_candidate,2024-02-06,False
REF_ROAD:P5:sh518880:2024-02-07:road_on,REF_ROAD,P5:sh518880:2024-02-07:road_on,original_reference_candidate,2024-02-07,False
REF_BREAKOUT:P0:sh513100:2024-02-08:donchian60,REF_BREAKOUT,P0:sh513100:2024-02-08:donchian60,original_reference_candidate,2024-02-08,False
REF_ROAD:P5:sz159915:2024-02-22:road_on,REF_ROAD,P5:sz159915:2024-02-22:road_on,original_reference_candidate,2024-02-22,False
REF_BREAKOUT:P0:sh513100:2024-02-23:donchian60,REF_BREAKOUT,P0:sh513100:2024-02-23:donchian60,original_reference_candidate,2024-02-23,False
REF_ROAD:P5:sh518880:2024-02-26:road_on,REF_ROAD,P5:sh518880:2024-02-26:road_on,original_reference_candidate,2024-02-26,False
REF_BREAKOUT:P0:sh510300:2024-03-01:donchian60,REF_BREAKOUT,P0:sh510300:2024-03-01:donchian60,original_reference_candidate,2024-03-01,False
REF_BREAKOUT:P0:sh513100:2024-03-04:donchian60,REF_BREAKOUT,P0:sh513100:2024-03-04:donchian60,original_reference_candidate,2024-03-04,False
REF_BREAKOUT:P0:sh518880:2024-03-04:donchian60,REF_BREAKOUT,P0:sh518880:2024-03-04:donchian60,original_reference_candidate,2024-03-04,False
REF_BREAKOUT:P0:sh510300:2024-03-05:donchian60,REF_BREAKOUT,P0:sh510300:2024-03-05:donchian60,original_reference_candidate,2024-03-05,False
REF_BREAKOUT:P0:sh518880:2024-03-05:donchian60,REF_BREAKOUT,P0:sh518880:2024-03-05:donchian60,original_reference_candidate,2024-03-05,False
REF_BREAKOUT:P0:sh518880:2024-03-06:donchian60,REF_BREAKOUT,P0:sh518880:2024-03-06:donchian60,original_reference_candidate,2024-03-06,False
REF_BREAKOUT:P0:sh518880:2024-03-07:donchian60,REF_BREAKOUT,P0:sh518880:2024-03-07:donchian60,original_reference_candidate,2024-03-07,False
REF_BREAKOUT:P0:sh510300:2024-03-11:donchian60,REF_BREAKOUT,P0:sh510300:2024-03-11:donchian60,original_reference_candidate,2024-03-11,False
REF_BREAKOUT:P0:sh518880:2024-03-11:donchian60,REF_BREAKOUT,P0:sh518880:2024-03-11:donchian60,original_reference_candidate,2024-03-11,False
REF_BREAKOUT:P0:sh510300:2024-03-12:donchian60,REF_BREAKOUT,P0:sh510300:2024-03-12:donchian60,original_reference_candidate,2024-03-12,False
REF_BREAKOUT:P0:sh510300:2024-03-18:donchian60,REF_BREAKOUT,P0:sh510300:2024-03-18:donchian60,original_reference_candidate,2024-03-18,False
REF_BREAKOUT:P0:sz159915:2024-03-18:donchian60,REF_BREAKOUT,P0:sz159915:2024-03-18:donchian60,original_reference_candidate,2024-03-18,False
REF_ROAD:P5:sh513100:2024-03-20:road_on,REF_ROAD,P5:sh513100:2024-03-20:road_on,original_reference_candidate,2024-03-20,False
REF_BREAKOUT:P0:sh518880:2024-03-21:donchian60,REF_BREAKOUT,P0:sh518880:2024-03-21:donchian60,original_reference_candidate,2024-03-21,False
REF_ROAD:P5:sh510300:2024-03-26:road_on,REF_ROAD,P5:sh510300:2024-03-26:road_on,original_reference_candidate,2024-03-26,False
REF_BREAKOUT:P0:sh513100:2024-03-26:donchian60,REF_BREAKOUT,P0:sh513100:2024-03-26:donchian60,original_reference_candidate,2024-03-26,False
REF_BREAKOUT:P0:sh513100:2024-03-27:donchian60,REF_BREAKOUT,P0:sh513100:2024-03-27:donchian60,original_reference_candidate,2024-03-27,False
REF_BREAKOUT:P0:sh518880:2024-03-27:donchian60,REF_BREAKOUT,P0:sh518880:2024-03-27:donchian60,original_reference_candidate,2024-03-27,False
REF_BREAKOUT:P0:sh518880:2024-03-28:donchian60,REF_BREAKOUT,P0:sh518880:2024-03-28:donchian60,original_reference_candidate,2024-03-28,False
REF_BREAKOUT:P0:sh518880:2024-03-29:donchian60,REF_BREAKOUT,P0:sh518880:2024-03-29:donchian60,original_reference_candidate,2024-03-29,False
REF_ROAD:P5:sh510300:2024-04-01:road_on,REF_ROAD,P5:sh510300:2024-04-01:road_on,original_reference_candidate,2024-04-01,False
REF_BREAKOUT:P0:sh513100:2024-04-01:donchian60,REF_BREAKOUT,P0:sh513100:2024-04-01:donchian60,original_reference_candidate,2024-04-01,False
REF_BREAKOUT:P0:sh518880:2024-04-01:donchian60,REF_BREAKOUT,P0:sh518880:2024-04-01:donchian60,original_reference_candidate,2024-04-01,False
REF_ROAD:P5:sz159915:2024-04-01:road_on,REF_ROAD,P5:sz159915:2024-04-01:road_on,original_reference_candidate,2024-04-01,False
REF_BREAKOUT:P0:sh518880:2024-04-02:donchian60,REF_BREAKOUT,P0:sh518880:2024-04-02:donchian60,original_reference_candidate,2024-04-02,False
REF_BREAKOUT:P0:sh518880:2024-04-03:donchian60,REF_BREAKOUT,P0:sh518880:2024-04-03:donchian60,original_reference_candidate,2024-04-03,False
REF_BREAKOUT:P0:sh518880:2024-04-08:donchian60,REF_BREAKOUT,P0:sh518880:2024-04-08:donchian60,original_reference_candidate,2024-04-08,False
REF_BREAKOUT:P0:sh518880:2024-04-09:donchian60,REF_BREAKOUT,P0:sh518880:2024-04-09:donchian60,original_reference_candidate,2024-04-09,False
REF_ROAD:P5:sh513100:2024-04-10:road_on,REF_ROAD,P5:sh513100:2024-04-10:road_on,original_reference_candidate,2024-04-10,False
REF_BREAKOUT:P0:sh518880:2024-04-10:donchian60,REF_BREAKOUT,P0:sh518880:2024-04-10:donchian60,original_reference_candidate,2024-04-10,False
REF_ROAD:P5:sh513100:2024-04-12:road_on,REF_ROAD,P5:sh513100:2024-04-12:road_on,original_reference_candidate,2024-04-12,False
REF_BREAKOUT:P0:sh518880:2024-04-12:donchian60,REF_BREAKOUT,P0:sh518880:2024-04-12:donchian60,original_reference_candidate,2024-04-12,False
REF_ROAD:P5:sh518880:2024-04-24:road_on,REF_ROAD,P5:sh518880:2024-04-24:road_on,original_reference_candidate,2024-04-24,False
REF_ROAD:P5:sh510300:2024-04-26:road_on,REF_ROAD,P5:sh510300:2024-04-26:road_on,original_reference_candidate,2024-04-26,False
REF_ROAD:P5:sz159915:2024-04-26:road_on,REF_ROAD,P5:sz159915:2024-04-26:road_on,original_reference_candidate,2024-04-26,False
REF_BREAKOUT:P0:sh510300:2024-04-29:donchian60,REF_BREAKOUT,P0:sh510300:2024-04-29:donchian60,original_reference_candidate,2024-04-29,False
REF_BREAKOUT:P0:sh510300:2024-05-06:donchian60,REF_BREAKOUT,P0:sh510300:2024-05-06:donchian60,original_reference_candidate,2024-05-06,False
REF_BREAKOUT:P0:sh510300:2024-05-07:donchian60,REF_BREAKOUT,P0:sh510300:2024-05-07:donchian60,original_reference_candidate,2024-05-07,False
REF_BREAKOUT:P0:sh510300:2024-05-09:donchian60,REF_BREAKOUT,P0:sh510300:2024-05-09:donchian60,original_reference_candidate,2024-05-09,False
REF_BREAKOUT:P0:sh510300:2024-05-10:donchian60,REF_BREAKOUT,P0:sh510300:2024-05-10:donchian60,original_reference_candidate,2024-05-10,False
REF_ROAD:P5:sh513100:2024-05-14:road_on,REF_ROAD,P5:sh513100:2024-05-14:road_on,original_reference_candidate,2024-05-14,False
REF_BREAKOUT:P0:sh513100:2024-05-16:donchian60,REF_BREAKOUT,P0:sh513100:2024-05-16:donchian60,original_reference_candidate,2024-05-16,False
REF_ROAD:P5:sh513100:2024-05-16:road_on,REF_ROAD,P5:sh513100:2024-05-16:road_on,original_reference_candidate,2024-05-16,False
REF_BREAKOUT:P0:sh510300:2024-05-17:donchian60,REF_BREAKOUT,P0:sh510300:2024-05-17:donchian60,original_reference_candidate,2024-05-17,False
REF_BREAKOUT:P0:sh510300:2024-05-20:donchian60,REF_BREAKOUT,P0:sh510300:2024-05-20:donchian60,original_reference_candidate,2024-05-20,False
REF_BREAKOUT:P0:sh518880:2024-05-20:donchian60,REF_BREAKOUT,P0:sh518880:2024-05-20:donchian60,original_reference_candidate,2024-05-20,False
REF_ROAD:P5:sh518880:2024-05-20:road_on,REF_ROAD,P5:sh518880:2024-05-20:road_on,original_reference_candidate,2024-05-20,False
REF_BREAKOUT:P0:sh513100:2024-05-21:donchian60,REF_BREAKOUT,P0:sh513100:2024-05-21:donchian60,original_reference_candidate,2024-05-21,False
REF_BREAKOUT:P0:sh513100:2024-05-22:donchian60,REF_BREAKOUT,P0:sh513100:2024-05-22:donchian60,original_reference_candidate,2024-05-22,False
REF_BREAKOUT:P0:sh513100:2024-05-23:donchian60,REF_BREAKOUT,P0:sh513100:2024-05-23:donchian60,original_reference_candidate,2024-05-23,False
REF_ROAD:P5:sh510300:2024-05-27:road_on,REF_ROAD,P5:sh510300:2024-05-27:road_on,original_reference_candidate,2024-05-27,False
REF_ROAD:P5:sh518880:2024-05-29:road_on,REF_ROAD,P5:sh518880:2024-05-29:road_on,original_reference_candidate,2024-05-29,False
REF_BREAKOUT:P0:sh513100:2024-06-06:donchian60,REF_BREAKOUT,P0:sh513100:2024-06-06:donchian60,original_reference_candidate,2024-06-06,False
REF_ROAD:P5:sh518880:2024-06-06:road_on,REF_ROAD,P5:sh518880:2024-06-06:road_on,original_reference_candidate,2024-06-06,False
REF_BREAKOUT:P0:sh513100:2024-06-07:donchian60,REF_BREAKOUT,P0:sh513100:2024-06-07:donchian60,original_reference_candidate,2024-06-07,False
REF_BREAKOUT:P0:sh513100:2024-06-11:donchian60,REF_BREAKOUT,P0:sh513100:2024-06-11:donchian60,original_reference_candidate,2024-06-11,False
REF_BREAKOUT:P0:sh513100:2024-06-12:donchian60,REF_BREAKOUT,P0:sh513100:2024-06-12:donchian60,original_reference_candidate,2024-06-12,False
REF_BREAKOUT:P0:sh513100:2024-06-13:donchian60,REF_BREAKOUT,P0:sh513100:2024-06-13:donchian60,original_reference_candidate,2024-06-13,False
REF_BREAKOUT:P0:sh513100:2024-06-17:donchian60,REF_BREAKOUT,P0:sh513100:2024-06-17:donchian60,original_reference_candidate,2024-06-17,False
REF_BREAKOUT:P0:sh513100:2024-06-18:donchian60,REF_BREAKOUT,P0:sh513100:2024-06-18:donchian60,original_reference_candidate,2024-06-18,False
REF_BREAKOUT:P0:sh513100:2024-06-19:donchian60,REF_BREAKOUT,P0:sh513100:2024-06-19:donchian60,original_reference_candidate,2024-06-19,False
REF_BREAKOUT:P0:sh513100:2024-06-20:donchian60,REF_BREAKOUT,P0:sh513100:2024-06-20:donchian60,original_reference_candidate,2024-06-20,False
REF_ROAD:P5:sh518880:2024-06-21:road_on,REF_ROAD,P5:sh518880:2024-06-21:road_on,original_reference_candidate,2024-06-21,False
REF_BREAKOUT:P0:sh513100:2024-06-28:donchian60,REF_BREAKOUT,P0:sh513100:2024-06-28:donchian60,original_reference_candidate,2024-06-28,False
REF_BREAKOUT:P0:sh513100:2024-07-03:donchian60,REF_BREAKOUT,P0:sh513100:2024-07-03:donchian60,original_reference_candidate,2024-07-03,False
REF_BREAKOUT:P0:sh513100:2024-07-04:donchian60,REF_BREAKOUT,P0:sh513100:2024-07-04:donchian60,original_reference_candidate,2024-07-04,False
REF_ROAD:P5:sh518880:2024-07-04:road_on,REF_ROAD,P5:sh518880:2024-07-04:road_on,original_reference_candidate,2024-07-04,False
REF_BREAKOUT:P0:sh513100:2024-07-05:donchian60,REF_BREAKOUT,P0:sh513100:2024-07-05:donchian60,original_reference_candidate,2024-07-05,False
REF_BREAKOUT:P0:sh513100:2024-07-08:donchian60,REF_BREAKOUT,P0:sh513100:2024-07-08:donchian60,original_reference_candidate,2024-07-08,False
REF_BREAKOUT:P0:sh513100:2024-07-09:donchian60,REF_BREAKOUT,P0:sh513100:2024-07-09:donchian60,original_reference_candidate,2024-07-09,False
REF_ROAD:P5:sh518880:2024-07-09:road_on,REF_ROAD,P5:sh518880:2024-07-09:road_on,original_reference_candidate,2024-07-09,False
REF_ROAD:P5:sh510300:2024-07-17:road_on,REF_ROAD,P5:sh510300:2024-07-17:road_on,original_reference_candidate,2024-07-17,False
REF_BREAKOUT:P0:sh518880:2024-07-17:donchian60,REF_BREAKOUT,P0:sh518880:2024-07-17:donchian60,original_reference_candidate,2024-07-17,False
REF_ROAD:P5:sh518880:2024-07-24:road_on,REF_ROAD,P5:sh518880:2024-07-24:road_on,original_reference_candidate,2024-07-24,False
REF_ROAD:P5:sh510300:2024-07-31:road_on,REF_ROAD,P5:sh510300:2024-07-31:road_on,original_reference_candidate,2024-07-31,False
REF_ROAD:P5:sh518880:2024-07-31:road_on,REF_ROAD,P5:sh518880:2024-07-31:road_on,original_reference_candidate,2024-07-31,False
REF_ROAD:P5:sz159915:2024-07-31:road_on,REF_ROAD,P5:sz159915:2024-07-31:road_on,original_reference_candidate,2024-07-31,False
REF_ROAD:P5:sh518880:2024-08-16:road_on,REF_ROAD,P5:sh518880:2024-08-16:road_on,original_reference_candidate,2024-08-16,False
REF_ROAD:P5:sh513100:2024-08-21:road_on,REF_ROAD,P5:sh513100:2024-08-21:road_on,original_reference_candidate,2024-08-21,False
REF_ROAD:P5:sh513100:2024-09-03:road_on,REF_ROAD,P5:sh513100:2024-09-03:road_on,original_reference_candidate,2024-09-03,False
REF_ROAD:P5:sh518880:2024-09-05:road_on,REF_ROAD,P5:sh518880:2024-09-05:road_on,original_reference_candidate,2024-09-05,False
REF_ROAD:P5:sh518880:2024-09-10:road_on,REF_ROAD,P5:sh518880:2024-09-10:road_on,original_reference_candidate,2024-09-10,False
REF_BREAKOUT:P0:sh518880:2024-09-13:donchian60,REF_BREAKOUT,P0:sh518880:2024-09-13:donchian60,original_reference_candidate,2024-09-13,False
REF_BREAKOUT:P0:sh518880:2024-09-20:donchian60,REF_BREAKOUT,P0:sh518880:2024-09-20:donchian60,original_reference_candidate,2024-09-20,False
REF_BREAKOUT:P0:sh518880:2024-09-23:donchian60,REF_BREAKOUT,P0:sh518880:2024-09-23:donchian60,original_reference_candidate,2024-09-23,False
REF_ROAD:P5:sh510300:2024-09-24:road_on,REF_ROAD,P5:sh510300:2024-09-24:road_on,original_reference_candidate,2024-09-24,False
REF_ROAD:P5:sz159915:2024-09-24:road_on,REF_ROAD,P5:sz159915:2024-09-24:road_on,original_reference_candidate,2024-09-24,False
REF_BREAKOUT:P0:sh518880:2024-09-25:donchian60,REF_BREAKOUT,P0:sh518880:2024-09-25:donchian60,original_reference_candidate,2024-09-25,False
REF_BREAKOUT:P0:sh510300:2024-09-26:donchian60,REF_BREAKOUT,P0:sh510300:2024-09-26:donchian60,original_reference_candidate,2024-09-26,False
REF_ROAD:P5:sh513100:2024-09-26:road_on,REF_ROAD,P5:sh513100:2024-09-26:road_on,original_reference_candidate,2024-09-26,False
REF_BREAKOUT:P0:sh518880:2024-09-26:donchian60,REF_BREAKOUT,P0:sh518880:2024-09-26:donchian60,original_reference_candidate,2024-09-26,False
REF_BREAKOUT:P0:sh510300:2024-09-27:donchian60,REF_BREAKOUT,P0:sh510300:2024-09-27:donchian60,original_reference_candidate,2024-09-27,False
REF_BREAKOUT:P0:sz159915:2024-09-27:donchian60,REF_BREAKOUT,P0:sz159915:2024-09-27:donchian60,original_reference_candidate,2024-09-27,False
REF_BREAKOUT:P0:sh510300:2024-09-30:donchian60,REF_BREAKOUT,P0:sh510300:2024-09-30:donchian60,original_reference_candidate,2024-09-30,False
REF_BREAKOUT:P0:sz159915:2024-09-30:donchian60,REF_BREAKOUT,P0:sz159915:2024-09-30:donchian60,original_reference_candidate,2024-09-30,False
REF_BREAKOUT:P0:sh510300:2024-10-08:donchian60,REF_BREAKOUT,P0:sh510300:2024-10-08:donchian60,original_reference_candidate,2024-10-08,False
REF_BREAKOUT:P0:sz159915:2024-10-08:donchian60,REF_BREAKOUT,P0:sz159915:2024-10-08:donchian60,original_reference_candidate,2024-10-08,False
REF_ROAD:P5:sh513100:2024-10-10:road_on,REF_ROAD,P5:sh513100:2024-10-10:road_on,original_reference_candidate,2024-10-10,False
REF_BREAKOUT:P0:sh518880:2024-10-14:donchian60,REF_BREAKOUT,P0:sh518880:2024-10-14:donchian60,original_reference_candidate,2024-10-14,False
REF_BREAKOUT:P0:sh518880:2024-10-16:donchian60,REF_BREAKOUT,P0:sh518880:2024-10-16:donchian60,original_reference_candidate,2024-10-16,False
REF_BREAKOUT:P0:sh518880:2024-10-17:donchian60,REF_BREAKOUT,P0:sh518880:2024-10-17:donchian60,original_reference_candidate,2024-10-17,False
REF_BREAKOUT:P0:sh518880:2024-10-18:donchian60,REF_BREAKOUT,P0:sh518880:2024-10-18:donchian60,original_reference_candidate,2024-10-18,False
REF_BREAKOUT:P0:sh518880:2024-10-21:donchian60,REF_BREAKOUT,P0:sh518880:2024-10-21:donchian60,original_reference_candidate,2024-10-21,False
REF_BREAKOUT:P0:sh518880:2024-10-23:donchian60,REF_BREAKOUT,P0:sh518880:2024-10-23:donchian60,original_reference_candidate,2024-10-23,False
REF_BREAKOUT:P0:sh518880:2024-10-29:donchian60,REF_BREAKOUT,P0:sh518880:2024-10-29:donchian60,original_reference_candidate,2024-10-29,False
REF_BREAKOUT:P0:sh513100:2024-10-30:donchian60,REF_BREAKOUT,P0:sh513100:2024-10-30:donchian60,original_reference_candidate,2024-10-30,False
REF_BREAKOUT:P0:sh518880:2024-10-30:donchian60,REF_BREAKOUT,P0:sh518880:2024-10-30:donchian60,original_reference_candidate,2024-10-30,False
REF_ROAD:P5:sh510300:2024-11-06:road_on,REF_ROAD,P5:sh510300:2024-11-06:road_on,original_reference_candidate,2024-11-06,False
REF_BREAKOUT:P0:sh513100:2024-11-06:donchian60,REF_BREAKOUT,P0:sh513100:2024-11-06:donchian60,original_reference_candidate,2024-11-06,False
REF_ROAD:P5:sh513100:2024-11-06:road_on,REF_ROAD,P5:sh513100:2024-11-06:road_on,original_reference_candidate,2024-11-06,False
REF_BREAKOUT:P0:sh513100:2024-11-07:donchian60,REF_BREAKOUT,P0:sh513100:2024-11-07:donchian60,original_reference_candidate,2024-11-07,False
REF_ROAD:P5:sz159915:2024-11-07:road_on,REF_ROAD,P5:sz159915:2024-11-07:road_on,original_reference_candidate,2024-11-07,False
REF_BREAKOUT:P0:sh513100:2024-11-08:donchian60,REF_BREAKOUT,P0:sh513100:2024-11-08:donchian60,original_reference_candidate,2024-11-08,False
REF_BREAKOUT:P0:sh513100:2024-11-11:donchian60,REF_BREAKOUT,P0:sh513100:2024-11-11:donchian60,original_reference_candidate,2024-11-11,False
REF_BREAKOUT:P0:sh513100:2024-11-12:donchian60,REF_BREAKOUT,P0:sh513100:2024-11-12:donchian60,original_reference_candidate,2024-11-12,False
REF_ROAD:P5:sz159915:2024-11-19:road_on,REF_ROAD,P5:sz159915:2024-11-19:road_on,original_reference_candidate,2024-11-19,False
REF_ROAD:P5:sh510300:2024-11-20:road_on,REF_ROAD,P5:sh510300:2024-11-20:road_on,original_reference_candidate,2024-11-20,False
REF_ROAD:P5:sh518880:2024-11-22:road_on,REF_ROAD,P5:sh518880:2024-11-22:road_on,original_reference_candidate,2024-11-22,False
REF_BREAKOUT:P0:sh513100:2024-11-27:donchian60,REF_BREAKOUT,P0:sh513100:2024-11-27:donchian60,original_reference_candidate,2024-11-27,False
REF_ROAD:P5:sz159915:2024-11-29:road_on,REF_ROAD,P5:sz159915:2024-11-29:road_on,original_reference_candidate,2024-11-29,False
REF_BREAKOUT:P0:sh513100:2024-12-03:donchian60,REF_BREAKOUT,P0:sh513100:2024-12-03:donchian60,original_reference_candidate,2024-12-03,False
REF_BREAKOUT:P0:sh513100:2024-12-04:donchian60,REF_BREAKOUT,P0:sh513100:2024-12-04:donchian60,original_reference_candidate,2024-12-04,False
REF_BREAKOUT:P0:sh513100:2024-12-05:donchian60,REF_BREAKOUT,P0:sh513100:2024-12-05:donchian60,original_reference_candidate,2024-12-05,False
REF_ROAD:P5:sh518880:2024-12-05:road_on,REF_ROAD,P5:sh518880:2024-12-05:road_on,original_reference_candidate,2024-12-05,False
REF_BREAKOUT:P0:sh513100:2024-12-09:donchian60,REF_BREAKOUT,P0:sh513100:2024-12-09:donchian60,original_reference_candidate,2024-12-09,False
REF_BREAKOUT:P0:sh513100:2024-12-12:donchian60,REF_BREAKOUT,P0:sh513100:2024-12-12:donchian60,original_reference_candidate,2024-12-12,False
REF_BREAKOUT:P0:sh513100:2024-12-13:donchian60,REF_BREAKOUT,P0:sh513100:2024-12-13:donchian60,original_reference_candidate,2024-12-13,False
REF_BREAKOUT:P0:sh513100:2024-12-16:donchian60,REF_BREAKOUT,P0:sh513100:2024-12-16:donchian60,original_reference_candidate,2024-12-16,False
REF_BREAKOUT:P0:sh513100:2024-12-17:donchian60,REF_BREAKOUT,P0:sh513100:2024-12-17:donchian60,original_reference_candidate,2024-12-17,False
REF_BREAKOUT:P0:sh513100:2024-12-18:donchian60,REF_BREAKOUT,P0:sh513100:2024-12-18:donchian60,original_reference_candidate,2024-12-18,False
REF_ROAD:P5:sh518880:2024-12-23:road_on,REF_ROAD,P5:sh518880:2024-12-23:road_on,original_reference_candidate,2024-12-23,False
REF_ROAD:P5:sh510300:2024-12-24:road_on,REF_ROAD,P5:sh510300:2024-12-24:road_on,original_reference_candidate,2024-12-24,False
REF_ROAD:P5:sh518880:2024-12-25:road_on,REF_ROAD,P5:sh518880:2024-12-25:road_on,original_reference_candidate,2024-12-25,False
REF_ROAD:P5:sh518880:2025-01-02:road_on,REF_ROAD,P5:sh518880:2025-01-02:road_on,original_reference_candidate,2025-01-02,False
REF_ROAD:P5:sh513100:2025-01-20:road_on,REF_ROAD,P5:sh513100:2025-01-20:road_on,original_reference_candidate,2025-01-20,False
REF_ROAD:P5:sh513100:2025-01-22:road_on,REF_ROAD,P5:sh513100:2025-01-22:road_on,original_reference_candidate,2025-01-22,False
REF_BREAKOUT:P0:sh518880:2025-01-22:donchian60,REF_BREAKOUT,P0:sh518880:2025-01-22:donchian60,original_reference_candidate,2025-01-22,False
REF_BREAKOUT:P0:sh518880:2025-01-23:donchian60,REF_BREAKOUT,P0:sh518880:2025-01-23:donchian60,original_reference_candidate,2025-01-23,False
REF_BREAKOUT:P0:sh518880:2025-01-24:donchian60,REF_BREAKOUT,P0:sh518880:2025-01-24:donchian60,original_reference_candidate,2025-01-24,False
REF_BREAKOUT:P0:sh518880:2025-02-05:donchian60,REF_BREAKOUT,P0:sh518880:2025-02-05:donchian60,original_reference_candidate,2025-02-05,False
REF_ROAD:P5:sh510300:2025-02-07:road_on,REF_ROAD,P5:sh510300:2025-02-07:road_on,original_reference_candidate,2025-02-07,False
REF_ROAD:P5:sz159915:2025-02-07:road_on,REF_ROAD,P5:sz159915:2025-02-07:road_on,original_reference_candidate,2025-02-07,False
REF_BREAKOUT:P0:sh518880:2025-02-10:donchian60,REF_BREAKOUT,P0:sh518880:2025-02-10:donchian60,original_reference_candidate,2025-02-10,False
REF_BREAKOUT:P0:sh518880:2025-02-11:donchian60,REF_BREAKOUT,P0:sh518880:2025-02-11:donchian60,original_reference_candidate,2025-02-11,False
REF_BREAKOUT:P0:sh518880:2025-02-14:donchian60,REF_BREAKOUT,P0:sh518880:2025-02-14:donchian60,original_reference_candidate,2025-02-14,False
REF_ROAD:P5:sh513100:2025-02-18:road_on,REF_ROAD,P5:sh513100:2025-02-18:road_on,original_reference_candidate,2025-02-18,False
REF_BREAKOUT:P0:sh518880:2025-02-20:donchian60,REF_BREAKOUT,P0:sh518880:2025-02-20:donchian60,original_reference_candidate,2025-02-20,False
REF_ROAD:P5:sh518880:2025-03-04:road_on,REF_ROAD,P5:sh518880:2025-03-04:road_on,original_reference_candidate,2025-03-04,False
REF_ROAD:P5:sh510300:2025-03-06:road_on,REF_ROAD,P5:sh510300:2025-03-06:road_on,original_reference_candidate,2025-03-06,False
REF_ROAD:P5:sz159915:2025-03-06:road_on,REF_ROAD,P5:sz159915:2025-03-06:road_on,original_reference_candidate,2025-03-06,False
REF_ROAD:P5:sh518880:2025-03-13:road_on,REF_ROAD,P5:sh518880:2025-03-13:road_on,original_reference_candidate,2025-03-13,False
REF_ROAD:P5:sh510300:2025-03-14:road_on,REF_ROAD,P5:sh510300:2025-03-14:road_on,original_reference_candidate,2025-03-14,False
REF_BREAKOUT:P0:sh518880:2025-03-14:donchian60,REF_BREAKOUT,P0:sh518880:2025-03-14:donchian60,original_reference_candidate,2025-03-14,False
REF_ROAD:P5:sz159915:2025-03-14:road_on,REF_ROAD,P5:sz159915:2025-03-14:road_on,original_reference_candidate,2025-03-14,False
REF_BREAKOUT:P0:sh518880:2025-03-17:donchian60,REF_BREAKOUT,P0:sh518880:2025-03-17:donchian60,original_reference_candidate,2025-03-17,False
REF_BREAKOUT:P0:sh518880:2025-03-18:donchian60,REF_BREAKOUT,P0:sh518880:2025-03-18:donchian60,original_reference_candidate,2025-03-18,False
REF_ROAD:P5:sz159915:2025-03-18:road_on,REF_ROAD,P5:sz159915:2025-03-18:road_on,original_reference_candidate,2025-03-18,False
REF_BREAKOUT:P0:sh510300:2025-03-19:donchian60,REF_BREAKOUT,P0:sh510300:2025-03-19:donchian60,original_reference_candidate,2025-03-19,False
REF_BREAKOUT:P0:sh518880:2025-03-19:donchian60,REF_BREAKOUT,P0:sh518880:2025-03-19:donchian60,original_reference_candidate,2025-03-19,False
REF_BREAKOUT:P0:sh518880:2025-03-20:donchian60,REF_BREAKOUT,P0:sh518880:2025-03-20:donchian60,original_reference_candidate,2025-03-20,False
REF_BREAKOUT:P0:sh518880:2025-03-27:donchian60,REF_BREAKOUT,P0:sh518880:2025-03-27:donchian60,original_reference_candidate,2025-03-27,False
REF_BREAKOUT:P0:sh518880:2025-03-28:donchian60,REF_BREAKOUT,P0:sh518880:2025-03-28:donchian60,original_reference_candidate,2025-03-28,False
REF_BREAKOUT:P0:sh518880:2025-03-31:donchian60,REF_BREAKOUT,P0:sh518880:2025-03-31:donchian60,original_reference_candidate,2025-03-31,False
REF_BREAKOUT:P0:sh518880:2025-04-01:donchian60,REF_BREAKOUT,P0:sh518880:2025-04-01:donchian60,original_reference_candidate,2025-04-01,False
REF_BREAKOUT:P0:sh518880:2025-04-03:donchian60,REF_BREAKOUT,P0:sh518880:2025-04-03:donchian60,original_reference_candidate,2025-04-03,False
REF_BREAKOUT:P0:sh518880:2025-04-10:donchian60,REF_BREAKOUT,P0:sh518880:2025-04-10:donchian60,original_reference_candidate,2025-04-10,False
REF_BREAKOUT:P0:sh518880:2025-04-11:donchian60,REF_BREAKOUT,P0:sh518880:2025-04-11:donchian60,original_reference_candidate,2025-04-11,False
REF_BREAKOUT:P0:sh518880:2025-04-14:donchian60,REF_BREAKOUT,P0:sh518880:2025-04-14:donchian60,original_reference_candidate,2025-04-14,False
REF_BREAKOUT:P0:sh518880:2025-04-16:donchian60,REF_BREAKOUT,P0:sh518880:2025-04-16:donchian60,original_reference_candidate,2025-04-16,False
REF_BREAKOUT:P0:sh518880:2025-04-17:donchian60,REF_BREAKOUT,P0:sh518880:2025-04-17:donchian60,original_reference_candidate,2025-04-17,False
REF_BREAKOUT:P0:sh518880:2025-04-18:donchian60,REF_BREAKOUT,P0:sh518880:2025-04-18:donchian60,original_reference_candidate,2025-04-18,False
REF_BREAKOUT:P0:sh518880:2025-04-21:donchian60,REF_BREAKOUT,P0:sh518880:2025-04-21:donchian60,original_reference_candidate,2025-04-21,False
REF_BREAKOUT:P0:sh518880:2025-04-22:donchian60,REF_BREAKOUT,P0:sh518880:2025-04-22:donchian60,original_reference_candidate,2025-04-22,False
REF_ROAD:P5:sh513100:2025-04-29:road_on,REF_ROAD,P5:sh513100:2025-04-29:road_on,original_reference_candidate,2025-04-29,False
REF_ROAD:P5:sh510300:2025-05-08:road_on,REF_ROAD,P5:sh510300:2025-05-08:road_on,original_reference_candidate,2025-05-08,False
REF_ROAD:P5:sz159915:2025-05-08:road_on,REF_ROAD,P5:sz159915:2025-05-08:road_on,original_reference_candidate,2025-05-08,False
REF_ROAD:P5:sh510300:2025-05-29:road_on,REF_ROAD,P5:sh510300:2025-05-29:road_on,original_reference_candidate,2025-05-29,False
REF_BREAKOUT:P0:sh513100:2025-05-29:donchian60,REF_BREAKOUT,P0:sh513100:2025-05-29:donchian60,original_reference_candidate,2025-05-29,False
REF_ROAD:P5:sz159915:2025-05-29:road_on,REF_ROAD,P5:sz159915:2025-05-29:road_on,original_reference_candidate,2025-05-29,False
REF_ROAD:P5:sh518880:2025-06-03:road_on,REF_ROAD,P5:sh518880:2025-06-03:road_on,original_reference_candidate,2025-06-03,False
REF_ROAD:P5:sh510300:2025-06-04:road_on,REF_ROAD,P5:sh510300:2025-06-04:road_on,original_reference_candidate,2025-06-04,False
REF_ROAD:P5:sz159915:2025-06-04:road_on,REF_ROAD,P5:sz159915:2025-06-04:road_on,original_reference_candidate,2025-06-04,False
REF_ROAD:P5:sh518880:2025-06-10:road_on,REF_ROAD,P5:sh518880:2025-06-10:road_on,original_reference_candidate,2025-06-10,False
REF_ROAD:P5:sh510300:2025-06-11:road_on,REF_ROAD,P5:sh510300:2025-06-11:road_on,original_reference_candidate,2025-06-11,False
REF_ROAD:P5:sz159915:2025-06-11:road_on,REF_ROAD,P5:sz159915:2025-06-11:road_on,original_reference_candidate,2025-06-11,False
REF_ROAD:P5:sz159915:2025-06-13:road_on,REF_ROAD,P5:sz159915:2025-06-13:road_on,original_reference_candidate,2025-06-13,False
REF_ROAD:P5:sh510300:2025-06-16:road_on,REF_ROAD,P5:sh510300:2025-06-16:road_on,original_reference_candidate,2025-06-16,False
REF_ROAD:P5:sh513100:2025-06-16:road_on,REF_ROAD,P5:sh513100:2025-06-16:road_on,original_reference_candidate,2025-06-16,False
REF_ROAD:P5:sh518880:2025-06-23:road_on,REF_ROAD,P5:sh518880:2025-06-23:road_on,original_reference_candidate,2025-06-23,False
REF_ROAD:P5:sh510300:2025-06-24:road_on,REF_ROAD,P5:sh510300:2025-06-24:road_on,original_reference_candidate,2025-06-24,False
REF_BREAKOUT:P0:sh513100:2025-06-24:donchian60,REF_BREAKOUT,P0:sh513100:2025-06-24:donchian60,original_reference_candidate,2025-06-24,False
REF_ROAD:P5:sz159915:2025-06-24:road_on,REF_ROAD,P5:sz159915:2025-06-24:road_on,original_reference_candidate,2025-06-24,False
REF_BREAKOUT:P0:sh510300:2025-06-25:donchian60,REF_BREAKOUT,P0:sh510300:2025-06-25:donchian60,original_reference_candidate,2025-06-25,False
REF_BREAKOUT:P0:sz159915:2025-06-25:donchian60,REF_BREAKOUT,P0:sz159915:2025-06-25:donchian60,original_reference_candidate,2025-06-25,False
REF_BREAKOUT:P0:sh513100:2025-06-26:donchian60,REF_BREAKOUT,P0:sh513100:2025-06-26:donchian60,original_reference_candidate,2025-06-26,False
REF_BREAKOUT:P0:sh513100:2025-06-27:donchian60,REF_BREAKOUT,P0:sh513100:2025-06-27:donchian60,original_reference_candidate,2025-06-27,False
REF_BREAKOUT:P0:sh513100:2025-06-30:donchian60,REF_BREAKOUT,P0:sh513100:2025-06-30:donchian60,original_reference_candidate,2025-06-30,False
REF_BREAKOUT:P0:sz159915:2025-06-30:donchian60,REF_BREAKOUT,P0:sz159915:2025-06-30:donchian60,original_reference_candidate,2025-06-30,False
REF_BREAKOUT:P0:sh510300:2025-07-03:donchian60,REF_BREAKOUT,P0:sh510300:2025-07-03:donchian60,original_reference_candidate,2025-07-03,False
REF_BREAKOUT:P0:sz159915:2025-07-03:donchian60,REF_BREAKOUT,P0:sz159915:2025-07-03:donchian60,original_reference_candidate,2025-07-03,False
REF_BREAKOUT:P0:sh510300:2025-07-04:donchian60,REF_BREAKOUT,P0:sh510300:2025-07-04:donchian60,original_reference_candidate,2025-07-04,False
REF_BREAKOUT:P0:sh513100:2025-07-04:donchian60,REF_BREAKOUT,P0:sh513100:2025-07-04:donchian60,original_reference_candidate,2025-07-04,False
REF_BREAKOUT:P0:sh510300:2025-07-08:donchian60,REF_BREAKOUT,P0:sh510300:2025-07-08:donchian60,original_reference_candidate,2025-07-08,False
REF_BREAKOUT:P0:sz159915:2025-07-08:donchian60,REF_BREAKOUT,P0:sz159915:2025-07-08:donchian60,original_reference_candidate,2025-07-08,False
REF_BREAKOUT:P0:sz159915:2025-07-09:donchian60,REF_BREAKOUT,P0:sz159915:2025-07-09:donchian60,original_reference_candidate,2025-07-09,False
REF_BREAKOUT:P0:sh510300:2025-07-10:donchian60,REF_BREAKOUT,P0:sh510300:2025-07-10:donchian60,original_reference_candidate,2025-07-10,False
REF_BREAKOUT:P0:sh513100:2025-07-10:donchian60,REF_BREAKOUT,P0:sh513100:2025-07-10:donchian60,original_reference_candidate,2025-07-10,False
REF_BREAKOUT:P0:sz159915:2025-07-10:donchian60,REF_BREAKOUT,P0:sz159915:2025-07-10:donchian60,original_reference_candidate,2025-07-10,False
REF_BREAKOUT:P0:sh510300:2025-07-11:donchian60,REF_BREAKOUT,P0:sh510300:2025-07-11:donchian60,original_reference_candidate,2025-07-11,False
REF_BREAKOUT:P0:sz159915:2025-07-11:donchian60,REF_BREAKOUT,P0:sz159915:2025-07-11:donchian60,original_reference_candidate,2025-07-11,False
REF_BREAKOUT:P0:sh513100:2025-07-15:donchian60,REF_BREAKOUT,P0:sh513100:2025-07-15:donchian60,original_reference_candidate,2025-07-15,False
REF_BREAKOUT:P0:sz159915:2025-07-15:donchian60,REF_BREAKOUT,P0:sz159915:2025-07-15:donchian60,original_reference_candidate,2025-07-15,False
REF_BREAKOUT:P0:sh510300:2025-07-17:donchian60,REF_BREAKOUT,P0:sh510300:2025-07-17:donchian60,original_reference_candidate,2025-07-17,False
REF_BREAKOUT:P0:sh513100:2025-07-17:donchian60,REF_BREAKOUT,P0:sh513100:2025-07-17:donchian60,original_reference_candidate,2025-07-17,False
REF_BREAKOUT:P0:sz159915:2025-07-17:donchian60,REF_BREAKOUT,P0:sz159915:2025-07-17:donchian60,original_reference_candidate,2025-07-17,False
REF_BREAKOUT:P0:sh510300:2025-07-18:donchian60,REF_BREAKOUT,P0:sh510300:2025-07-18:donchian60,original_reference_candidate,2025-07-18,False
REF_BREAKOUT:P0:sh513100:2025-07-18:donchian60,REF_BREAKOUT,P0:sh513100:2025-07-18:donchian60,original_reference_candidate,2025-07-18,False
REF_BREAKOUT:P0:sz159915:2025-07-18:donchian60,REF_BREAKOUT,P0:sz159915:2025-07-18:donchian60,original_reference_candidate,2025-07-18,False
REF_BREAKOUT:P0:sh510300:2025-07-21:donchian60,REF_BREAKOUT,P0:sh510300:2025-07-21:donchian60,original_reference_candidate,2025-07-21,False
REF_BREAKOUT:P0:sz159915:2025-07-21:donchian60,REF_BREAKOUT,P0:sz159915:2025-07-21:donchian60,original_reference_candidate,2025-07-21,False
REF_BREAKOUT:P0:sh510300:2025-07-22:donchian60,REF_BREAKOUT,P0:sh510300:2025-07-22:donchian60,original_reference_candidate,2025-07-22,False
REF_BREAKOUT:P0:sh513100:2025-07-22:donchian60,REF_BREAKOUT,P0:sh513100:2025-07-22:donchian60,original_reference_candidate,2025-07-22,False
REF_ROAD:P5:sh518880:2025-07-22:road_on,REF_ROAD,P5:sh518880:2025-07-22:road_on,original_reference_candidate,2025-07-22,False
REF_BREAKOUT:P0:sz159915:2025-07-22:donchian60,REF_BREAKOUT,P0:sz159915:2025-07-22:donchian60,original_reference_candidate,2025-07-22,False
REF_BREAKOUT:P0:sh510300:2025-07-24:donchian60,REF_BREAKOUT,P0:sh510300:2025-07-24:donchian60,original_reference_candidate,2025-07-24,False
REF_BREAKOUT:P0:sz159915:2025-07-24:donchian60,REF_BREAKOUT,P0:sz159915:2025-07-24:donchian60,original_reference_candidate,2025-07-24,False
REF_BREAKOUT:P0:sh513100:2025-07-25:donchian60,REF_BREAKOUT,P0:sh513100:2025-07-25:donchian60,original_reference_candidate,2025-07-25,False
REF_BREAKOUT:P0:sh513100:2025-07-28:donchian60,REF_BREAKOUT,P0:sh513100:2025-07-28:donchian60,original_reference_candidate,2025-07-28,False
REF_BREAKOUT:P0:sz159915:2025-07-28:donchian60,REF_BREAKOUT,P0:sz159915:2025-07-28:donchian60,original_reference_candidate,2025-07-28,False
REF_BREAKOUT:P0:sh510300:2025-07-29:donchian60,REF_BREAKOUT,P0:sh510300:2025-07-29:donchian60,original_reference_candidate,2025-07-29,False
REF_BREAKOUT:P0:sz159915:2025-07-29:donchian60,REF_BREAKOUT,P0:sz159915:2025-07-29:donchian60,original_reference_candidate,2025-07-29,False
REF_BREAKOUT:P0:sh513100:2025-07-31:donchian60,REF_BREAKOUT,P0:sh513100:2025-07-31:donchian60,original_reference_candidate,2025-07-31,False
REF_ROAD:P5:sh510300:2025-08-04:road_on,REF_ROAD,P5:sh510300:2025-08-04:road_on,original_reference_candidate,2025-08-04,False
REF_ROAD:P5:sh518880:2025-08-04:road_on,REF_ROAD,P5:sh518880:2025-08-04:road_on,original_reference_candidate,2025-08-04,False
REF_ROAD:P5:sh513100:2025-08-05:road_on,REF_ROAD,P5:sh513100:2025-08-05:road_on,original_reference_candidate,2025-08-05,False
REF_BREAKOUT:P0:sh513100:2025-08-11:donchian60,REF_BREAKOUT,P0:sh513100:2025-08-11:donchian60,original_reference_candidate,2025-08-11,False
REF_BREAKOUT:P0:sz159915:2025-08-12:donchian60,REF_BREAKOUT,P0:sz159915:2025-08-12:donchian60,original_reference_candidate,2025-08-12,False
REF_BREAKOUT:P0:sh510300:2025-08-13:donchian60,REF_BREAKOUT,P0:sh510300:2025-08-13:donchian60,original_reference_candidate,2025-08-13,False
REF_BREAKOUT:P0:sh513100:2025-08-13:donchian60,REF_BREAKOUT,P0:sh513100:2025-08-13:donchian60,original_reference_candidate,2025-08-13,False
REF_BREAKOUT:P0:sz159915:2025-08-13:donchian60,REF_BREAKOUT,P0:sz159915:2025-08-13:donchian60,original_reference_candidate,2025-08-13,False
REF_BREAKOUT:P0:sh510300:2025-08-15:donchian60,REF_BREAKOUT,P0:sh510300:2025-08-15:donchian60,original_reference_candidate,2025-08-15,False
REF_BREAKOUT:P0:sh513100:2025-08-15:donchian60,REF_BREAKOUT,P0:sh513100:2025-08-15:donchian60,original_reference_candidate,2025-08-15,False
REF_BREAKOUT:P0:sz159915:2025-08-15:donchian60,REF_BREAKOUT,P0:sz159915:2025-08-15:donchian60,original_reference_candidate,2025-08-15,False
REF_BREAKOUT:P0:sh510300:2025-08-18:donchian60,REF_BREAKOUT,P0:sh510300:2025-08-18:donchian60,original_reference_candidate,2025-08-18,False
REF_BREAKOUT:P0:sz159915:2025-08-18:donchian60,REF_BREAKOUT,P0:sz159915:2025-08-18:donchian60,original_reference_candidate,2025-08-18,False
REF_BREAKOUT:P0:sh510300:2025-08-20:donchian60,REF_BREAKOUT,P0:sh510300:2025-08-20:donchian60,original_reference_candidate,2025-08-20,False
REF_BREAKOUT:P0:sz159915:2025-08-20:donchian60,REF_BREAKOUT,P0:sz159915:2025-08-20:donchian60,original_reference_candidate,2025-08-20,False
REF_BREAKOUT:P0:sh510300:2025-08-21:donchian60,REF_BREAKOUT,P0:sh510300:2025-08-21:donchian60,original_reference_candidate,2025-08-21,False
REF_ROAD:P5:sh513100:2025-08-21:road_on,REF_ROAD,P5:sh513100:2025-08-21:road_on,original_reference_candidate,2025-08-21,False
REF_BREAKOUT:P0:sh510300:2025-08-22:donchian60,REF_BREAKOUT,P0:sh510300:2025-08-22:donchian60,original_reference_candidate,2025-08-22,False
REF_BREAKOUT:P0:sz159915:2025-08-22:donchian60,REF_BREAKOUT,P0:sz159915:2025-08-22:donchian60,original_reference_candidate,2025-08-22,False
REF_BREAKOUT:P0:sh510300:2025-08-25:donchian60,REF_BREAKOUT,P0:sh510300:2025-08-25:donchian60,original_reference_candidate,2025-08-25,False
REF_ROAD:P5:sh513100:2025-08-25:road_on,REF_ROAD,P5:sh513100:2025-08-25:road_on,original_reference_candidate,2025-08-25,False
REF_ROAD:P5:sh518880:2025-08-25:road_on,REF_ROAD,P5:sh518880:2025-08-25:road_on,original_reference_candidate,2025-08-25,False
REF_BREAKOUT:P0:sz159915:2025-08-25:donchian60,REF_BREAKOUT,P0:sz159915:2025-08-25:donchian60,original_reference_candidate,2025-08-25,False
REF_BREAKOUT:P0:sz159915:2025-08-28:donchian60,REF_BREAKOUT,P0:sz159915:2025-08-28:donchian60,original_reference_candidate,2025-08-28,False
REF_BREAKOUT:P0:sh510300:2025-08-29:donchian60,REF_BREAKOUT,P0:sh510300:2025-08-29:donchian60,original_reference_candidate,2025-08-29,False
REF_ROAD:P5:sh513100:2025-08-29:road_on,REF_ROAD,P5:sh513100:2025-08-29:road_on,original_reference_candidate,2025-08-29,False
REF_BREAKOUT:P0:sz159915:2025-08-29:donchian60,REF_BREAKOUT,P0:sz159915:2025-08-29:donchian60,original_reference_candidate,2025-08-29,False
REF_BREAKOUT:P0:sh510300:2025-09-01:donchian60,REF_BREAKOUT,P0:sh510300:2025-09-01:donchian60,original_reference_candidate,2025-09-01,False
REF_BREAKOUT:P0:sh518880:2025-09-01:donchian60,REF_BREAKOUT,P0:sh518880:2025-09-01:donchian60,original_reference_candidate,2025-09-01,False
REF_BREAKOUT:P0:sz159915:2025-09-01:donchian60,REF_BREAKOUT,P0:sz159915:2025-09-01:donchian60,original_reference_candidate,2025-09-01,False
REF_BREAKOUT:P0:sh518880:2025-09-02:donchian60,REF_BREAKOUT,P0:sh518880:2025-09-02:donchian60,original_reference_candidate,2025-09-02,False
REF_BREAKOUT:P0:sh518880:2025-09-03:donchian60,REF_BREAKOUT,P0:sh518880:2025-09-03:donchian60,original_reference_candidate,2025-09-03,False
REF_ROAD:P5:sh513100:2025-09-05:road_on,REF_ROAD,P5:sh513100:2025-09-05:road_on,original_reference_candidate,2025-09-05,False
REF_BREAKOUT:P0:sh518880:2025-09-05:donchian60,REF_BREAKOUT,P0:sh518880:2025-09-05:donchian60,original_reference_candidate,2025-09-05,False
REF_BREAKOUT:P0:sz159915:2025-09-05:donchian60,REF_BREAKOUT,P0:sz159915:2025-09-05:donchian60,original_reference_candidate,2025-09-05,False
REF_BREAKOUT:P0:sh518880:2025-09-08:donchian60,REF_BREAKOUT,P0:sh518880:2025-09-08:donchian60,original_reference_candidate,2025-09-08,False
REF_BREAKOUT:P0:sh518880:2025-09-09:donchian60,REF_BREAKOUT,P0:sh518880:2025-09-09:donchian60,original_reference_candidate,2025-09-09,False
REF_BREAKOUT:P0:sh510300:2025-09-11:donchian60,REF_BREAKOUT,P0:sh510300:2025-09-11:donchian60,original_reference_candidate,2025-09-11,False
REF_BREAKOUT:P0:sz159915:2025-09-11:donchian60,REF_BREAKOUT,P0:sz159915:2025-09-11:donchian60,original_reference_candidate,2025-09-11,False
REF_BREAKOUT:P0:sh513100:2025-09-15:donchian60,REF_BREAKOUT,P0:sh513100:2025-09-15:donchian60,original_reference_candidate,2025-09-15,False
REF_ROAD:P5:sh513100:2025-09-15:road_on,REF_ROAD,P5:sh513100:2025-09-15:road_on,original_reference_candidate,2025-09-15,False
REF_BREAKOUT:P0:sz159915:2025-09-15:donchian60,REF_BREAKOUT,P0:sz159915:2025-09-15:donchian60,original_reference_candidate,2025-09-15,False
REF_BREAKOUT:P0:sh513100:2025-09-16:donchian60,REF_BREAKOUT,P0:sh513100:2025-09-16:donchian60,original_reference_candidate,2025-09-16,False
REF_BREAKOUT:P0:sh518880:2025-09-16:donchian60,REF_BREAKOUT,P0:sh518880:2025-09-16:donchian60,original_reference_candidate,2025-09-16,False
REF_BREAKOUT:P0:sz159915:2025-09-16:donchian60,REF_BREAKOUT,P0:sz159915:2025-09-16:donchian60,original_reference_candidate,2025-09-16,False
REF_BREAKOUT:P0:sz159915:2025-09-17:donchian60,REF_BREAKOUT,P0:sz159915:2025-09-17:donchian60,original_reference_candidate,2025-09-17,False
REF_BREAKOUT:P0:sh513100:2025-09-18:donchian60,REF_BREAKOUT,P0:sh513100:2025-09-18:donchian60,original_reference_candidate,2025-09-18,False
REF_BREAKOUT:P0:sh513100:2025-09-19:donchian60,REF_BREAKOUT,P0:sh513100:2025-09-19:donchian60,original_reference_candidate,2025-09-19,False
REF_BREAKOUT:P0:sh513100:2025-09-22:donchian60,REF_BREAKOUT,P0:sh513100:2025-09-22:donchian60,original_reference_candidate,2025-09-22,False
REF_BREAKOUT:P0:sh518880:2025-09-22:donchian60,REF_BREAKOUT,P0:sh518880:2025-09-22:donchian60,original_reference_candidate,2025-09-22,False
REF_BREAKOUT:P0:sh513100:2025-09-23:donchian60,REF_BREAKOUT,P0:sh513100:2025-09-23:donchian60,original_reference_candidate,2025-09-23,False
REF_BREAKOUT:P0:sh518880:2025-09-23:donchian60,REF_BREAKOUT,P0:sh518880:2025-09-23:donchian60,original_reference_candidate,2025-09-23,False
REF_BREAKOUT:P0:sh510300:2025-09-24:donchian60,REF_BREAKOUT,P0:sh510300:2025-09-24:donchian60,original_reference_candidate,2025-09-24,False
REF_BREAKOUT:P0:sh518880:2025-09-24:donchian60,REF_BREAKOUT,P0:sh518880:2025-09-24:donchian60,original_reference_candidate,2025-09-24,False
REF_BREAKOUT:P0:sz159915:2025-09-24:donchian60,REF_BREAKOUT,P0:sz159915:2025-09-24:donchian60,original_reference_candidate,2025-09-24,False
REF_BREAKOUT:P0:sh510300:2025-09-25:donchian60,REF_BREAKOUT,P0:sh510300:2025-09-25:donchian60,original_reference_candidate,2025-09-25,False
REF_BREAKOUT:P0:sz159915:2025-09-25:donchian60,REF_BREAKOUT,P0:sz159915:2025-09-25:donchian60,original_reference_candidate,2025-09-25,False
REF_BREAKOUT:P0:sh510300:2025-09-29:donchian60,REF_BREAKOUT,P0:sh510300:2025-09-29:donchian60,original_reference_candidate,2025-09-29,False
REF_BREAKOUT:P0:sh518880:2025-09-29:donchian60,REF_BREAKOUT,P0:sh518880:2025-09-29:donchian60,original_reference_candidate,2025-09-29,False
REF_BREAKOUT:P0:sz159915:2025-09-29:donchian60,REF_BREAKOUT,P0:sz159915:2025-09-29:donchian60,original_reference_candidate,2025-09-29,False
REF_BREAKOUT:P0:sh510300:2025-09-30:donchian60,REF_BREAKOUT,P0:sh510300:2025-09-30:donchian60,original_reference_candidate,2025-09-30,False
REF_BREAKOUT:P0:sh513100:2025-09-30:donchian60,REF_BREAKOUT,P0:sh513100:2025-09-30:donchian60,original_reference_candidate,2025-09-30,False
REF_BREAKOUT:P0:sh518880:2025-09-30:donchian60,REF_BREAKOUT,P0:sh518880:2025-09-30:donchian60,original_reference_candidate,2025-09-30,False
REF_BREAKOUT:P0:sz159915:2025-09-30:donchian60,REF_BREAKOUT,P0:sz159915:2025-09-30:donchian60,original_reference_candidate,2025-09-30,False
REF_BREAKOUT:P0:sh510300:2025-10-09:donchian60,REF_BREAKOUT,P0:sh510300:2025-10-09:donchian60,original_reference_candidate,2025-10-09,False
REF_BREAKOUT:P0:sh513100:2025-10-09:donchian60,REF_BREAKOUT,P0:sh513100:2025-10-09:donchian60,original_reference_candidate,2025-10-09,False
REF_BREAKOUT:P0:sh518880:2025-10-09:donchian60,REF_BREAKOUT,P0:sh518880:2025-10-09:donchian60,original_reference_candidate,2025-10-09,False
REF_BREAKOUT:P0:sz159915:2025-10-09:donchian60,REF_BREAKOUT,P0:sz159915:2025-10-09:donchian60,original_reference_candidate,2025-10-09,False
REF_BREAKOUT:P0:sh513100:2025-10-10:donchian60,REF_BREAKOUT,P0:sh513100:2025-10-10:donchian60,original_reference_candidate,2025-10-10,False
REF_BREAKOUT:P0:sh518880:2025-10-13:donchian60,REF_BREAKOUT,P0:sh518880:2025-10-13:donchian60,original_reference_candidate,2025-10-13,False
REF_BREAKOUT:P0:sh518880:2025-10-14:donchian60,REF_BREAKOUT,P0:sh518880:2025-10-14:donchian60,original_reference_candidate,2025-10-14,False
REF_ROAD:P5:sh510300:2025-10-15:road_on,REF_ROAD,P5:sh510300:2025-10-15:road_on,original_reference_candidate,2025-10-15,False
REF_BREAKOUT:P0:sh518880:2025-10-15:donchian60,REF_BREAKOUT,P0:sh518880:2025-10-15:donchian60,original_reference_candidate,2025-10-15,False
REF_BREAKOUT:P0:sh518880:2025-10-16:donchian60,REF_BREAKOUT,P0:sh518880:2025-10-16:donchian60,original_reference_candidate,2025-10-16,False
REF_BREAKOUT:P0:sh518880:2025-10-17:donchian60,REF_BREAKOUT,P0:sh518880:2025-10-17:donchian60,original_reference_candidate,2025-10-17,False
REF_ROAD:P5:sh510300:2025-10-21:road_on,REF_ROAD,P5:sh510300:2025-10-21:road_on,original_reference_candidate,2025-10-21,False
REF_BREAKOUT:P0:sh513100:2025-10-21:donchian60,REF_BREAKOUT,P0:sh513100:2025-10-21:donchian60,original_reference_candidate,2025-10-21,False
REF_ROAD:P5:sz159915:2025-10-21:road_on,REF_ROAD,P5:sz159915:2025-10-21:road_on,original_reference_candidate,2025-10-21,False
REF_BREAKOUT:P0:sh513100:2025-10-22:donchian60,REF_BREAKOUT,P0:sh513100:2025-10-22:donchian60,original_reference_candidate,2025-10-22,False
REF_BREAKOUT:P0:sh513100:2025-10-24:donchian60,REF_BREAKOUT,P0:sh513100:2025-10-24:donchian60,original_reference_candidate,2025-10-24,False
REF_ROAD:P5:sz159915:2025-10-24:road_on,REF_ROAD,P5:sz159915:2025-10-24:road_on,original_reference_candidate,2025-10-24,False
REF_BREAKOUT:P0:sh510300:2025-10-27:donchian60,REF_BREAKOUT,P0:sh510300:2025-10-27:donchian60,original_reference_candidate,2025-10-27,False
REF_BREAKOUT:P0:sh513100:2025-10-27:donchian60,REF_BREAKOUT,P0:sh513100:2025-10-27:donchian60,original_reference_candidate,2025-10-27,False
REF_BREAKOUT:P0:sh513100:2025-10-28:donchian60,REF_BREAKOUT,P0:sh513100:2025-10-28:donchian60,original_reference_candidate,2025-10-28,False
REF_BREAKOUT:P0:sh510300:2025-10-29:donchian60,REF_BREAKOUT,P0:sh510300:2025-10-29:donchian60,original_reference_candidate,2025-10-29,False
REF_BREAKOUT:P0:sh513100:2025-10-29:donchian60,REF_BREAKOUT,P0:sh513100:2025-10-29:donchian60,original_reference_candidate,2025-10-29,False
REF_BREAKOUT:P0:sz159915:2025-10-29:donchian60,REF_BREAKOUT,P0:sz159915:2025-10-29:donchian60,original_reference_candidate,2025-10-29,False
REF_ROAD:P5:sh518880:2025-10-31:road_on,REF_ROAD,P5:sh518880:2025-10-31:road_on,original_reference_candidate,2025-10-31,False
REF_ROAD:P5:sz159915:2025-11-03:road_on,REF_ROAD,P5:sz159915:2025-11-03:road_on,original_reference_candidate,2025-11-03,False
REF_ROAD:P5:sh510300:2025-11-07:road_on,REF_ROAD,P5:sh510300:2025-11-07:road_on,original_reference_candidate,2025-11-07,False
REF_ROAD:P5:sh518880:2025-11-07:road_on,REF_ROAD,P5:sh518880:2025-11-07:road_on,original_reference_candidate,2025-11-07,False
REF_ROAD:P5:sz159915:2025-11-07:road_on,REF_ROAD,P5:sz159915:2025-11-07:road_on,original_reference_candidate,2025-11-07,False
REF_ROAD:P5:sz159915:2025-11-13:road_on,REF_ROAD,P5:sz159915:2025-11-13:road_on,original_reference_candidate,2025-11-13,False
REF_ROAD:P5:sh518880:2025-11-25:road_on,REF_ROAD,P5:sh518880:2025-11-25:road_on,original_reference_candidate,2025-11-25,False
REF_ROAD:P5:sh513100:2025-12-03:road_on,REF_ROAD,P5:sh513100:2025-12-03:road_on,original_reference_candidate,2025-12-03,False
REF_ROAD:P5:sz159915:2025-12-08:road_on,REF_ROAD,P5:sz159915:2025-12-08:road_on,original_reference_candidate,2025-12-08,False
REF_ROAD:P5:sh518880:2025-12-10:road_on,REF_ROAD,P5:sh518880:2025-12-10:road_on,original_reference_candidate,2025-12-10,False
REF_ROAD:P5:sh518880:2025-12-12:road_on,REF_ROAD,P5:sh518880:2025-12-12:road_on,original_reference_candidate,2025-12-12,False
REF_ROAD:P5:sz159915:2025-12-12:road_on,REF_ROAD,P5:sz159915:2025-12-12:road_on,original_reference_candidate,2025-12-12,False
REF_ROAD:P5:sh510300:2025-12-17:road_on,REF_ROAD,P5:sh510300:2025-12-17:road_on,original_reference_candidate,2025-12-17,False
REF_ROAD:P5:sz159915:2025-12-17:road_on,REF_ROAD,P5:sz159915:2025-12-17:road_on,original_reference_candidate,2025-12-17,False
REF_ROAD:P5:sh510300:2025-12-19:road_on,REF_ROAD,P5:sh510300:2025-12-19:road_on,original_reference_candidate,2025-12-19,False
REF_ROAD:P5:sh513100:2025-12-19:road_on,REF_ROAD,P5:sh513100:2025-12-19:road_on,original_reference_candidate,2025-12-19,False
REF_ROAD:P5:sz159915:2025-12-19:road_on,REF_ROAD,P5:sz159915:2025-12-19:road_on,original_reference_candidate,2025-12-19,False
REF_BREAKOUT:P0:sh518880:2025-12-23:donchian60,REF_BREAKOUT,P0:sh518880:2025-12-23:donchian60,original_reference_candidate,2025-12-23,False
REF_BREAKOUT:P0:sh518880:2025-12-24:donchian60,REF_BREAKOUT,P0:sh518880:2025-12-24:donchian60,original_reference_candidate,2025-12-24,False
REF_BREAKOUT:P0:sh518880:2025-12-26:donchian60,REF_BREAKOUT,P0:sh518880:2025-12-26:donchian60,original_reference_candidate,2025-12-26,False
REF_ROAD:P5:sh518880:2026-01-05:road_on,REF_ROAD,P5:sh518880:2026-01-05:road_on,original_reference_candidate,2026-01-05,False
REF_BREAKOUT:P0:sh510300:2026-01-06:donchian60,REF_BREAKOUT,P0:sh510300:2026-01-06:donchian60,original_reference_candidate,2026-01-06,False
REF_BREAKOUT:P0:sz159915:2026-01-06:donchian60,REF_BREAKOUT,P0:sz159915:2026-01-06:donchian60,original_reference_candidate,2026-01-06,False
REF_BREAKOUT:P0:sz159915:2026-01-07:donchian60,REF_BREAKOUT,P0:sz159915:2026-01-07:donchian60,original_reference_candidate,2026-01-07,False
REF_BREAKOUT:P0:sz159915:2026-01-09:donchian60,REF_BREAKOUT,P0:sz159915:2026-01-09:donchian60,original_reference_candidate,2026-01-09,False
REF_BREAKOUT:P0:sh518880:2026-01-12:donchian60,REF_BREAKOUT,P0:sh518880:2026-01-12:donchian60,original_reference_candidate,2026-01-12,False
REF_BREAKOUT:P0:sz159915:2026-01-12:donchian60,REF_BREAKOUT,P0:sz159915:2026-01-12:donchian60,original_reference_candidate,2026-01-12,False
REF_BREAKOUT:P0:sh518880:2026-01-13:donchian60,REF_BREAKOUT,P0:sh518880:2026-01-13:donchian60,original_reference_candidate,2026-01-13,False
REF_BREAKOUT:P0:sh518880:2026-01-14:donchian60,REF_BREAKOUT,P0:sh518880:2026-01-14:donchian60,original_reference_candidate,2026-01-14,False
REF_BREAKOUT:P0:sh518880:2026-01-19:donchian60,REF_BREAKOUT,P0:sh518880:2026-01-19:donchian60,original_reference_candidate,2026-01-19,False
REF_BREAKOUT:P0:sh518880:2026-01-20:donchian60,REF_BREAKOUT,P0:sh518880:2026-01-20:donchian60,original_reference_candidate,2026-01-20,False
REF_BREAKOUT:P0:sh518880:2026-01-21:donchian60,REF_BREAKOUT,P0:sh518880:2026-01-21:donchian60,original_reference_candidate,2026-01-21,False
REF_ROAD:P5:sz159915:2026-01-21:road_on,REF_ROAD,P5:sz159915:2026-01-21:road_on,original_reference_candidate,2026-01-21,False
REF_BREAKOUT:P0:sh518880:2026-01-23:donchian60,REF_BREAKOUT,P0:sh518880:2026-01-23:donchian60,original_reference_candidate,2026-01-23,False
REF_ROAD:P5:sh510300:2026-01-26:road_on,REF_ROAD,P5:sh510300:2026-01-26:road_on,original_reference_candidate,2026-01-26,False
REF_BREAKOUT:P0:sh518880:2026-01-26:donchian60,REF_BREAKOUT,P0:sh518880:2026-01-26:donchian60,original_reference_candidate,2026-01-26,False
REF_BREAKOUT:P0:sh518880:2026-01-27:donchian60,REF_BREAKOUT,P0:sh518880:2026-01-27:donchian60,original_reference_candidate,2026-01-27,False
REF_BREAKOUT:P0:sh518880:2026-01-28:donchian60,REF_BREAKOUT,P0:sh518880:2026-01-28:donchian60,original_reference_candidate,2026-01-28,False
REF_BREAKOUT:P0:sh518880:2026-01-29:donchian60,REF_BREAKOUT,P0:sh518880:2026-01-29:donchian60,original_reference_candidate,2026-01-29,False
REF_ROAD:P5:sh518880:2026-02-03:road_on,REF_ROAD,P5:sh518880:2026-02-03:road_on,original_reference_candidate,2026-02-03,False
REF_ROAD:P5:sz159915:2026-02-03:road_on,REF_ROAD,P5:sz159915:2026-02-03:road_on,original_reference_candidate,2026-02-03,False
REF_ROAD:P5:sh518880:2026-02-09:road_on,REF_ROAD,P5:sh518880:2026-02-09:road_on,original_reference_candidate,2026-02-09,False
REF_ROAD:P5:sz159915:2026-02-10:road_on,REF_ROAD,P5:sz159915:2026-02-10:road_on,original_reference_candidate,2026-02-10,False
REF_ROAD:P5:sh510300:2026-02-25:road_on,REF_ROAD,P5:sh510300:2026-02-25:road_on,original_reference_candidate,2026-02-25,False
REF_ROAD:P5:sz159915:2026-02-25:road_on,REF_ROAD,P5:sz159915:2026-02-25:road_on,original_reference_candidate,2026-02-25,False
REF_ROAD:P5:sh510300:2026-03-02:road_on,REF_ROAD,P5:sh510300:2026-03-02:road_on,original_reference_candidate,2026-03-02,False
REF_ROAD:P5:sh518880:2026-03-10:road_on,REF_ROAD,P5:sh518880:2026-03-10:road_on,original_reference_candidate,2026-03-10,False
REF_ROAD:P5:sz159915:2026-03-10:road_on,REF_ROAD,P5:sz159915:2026-03-10:road_on,original_reference_candidate,2026-03-10,False
REF_ROAD:P5:sh510300:2026-03-11:road_on,REF_ROAD,P5:sh510300:2026-03-11:road_on,original_reference_candidate,2026-03-11,False
REF_ROAD:P5:sz159915:2026-03-18:road_on,REF_ROAD,P5:sz159915:2026-03-18:road_on,original_reference_candidate,2026-03-18,False
REF_ROAD:P5:sh513100:2026-04-08:road_on,REF_ROAD,P5:sh513100:2026-04-08:road_on,original_reference_candidate,2026-04-08,False
REF_ROAD:P5:sz159915:2026-04-08:road_on,REF_ROAD,P5:sz159915:2026-04-08:road_on,original_reference_candidate,2026-04-08,False
REF_BREAKOUT:P0:sz159915:2026-04-10:donchian60,REF_BREAKOUT,P0:sz159915:2026-04-10:donchian60,original_reference_candidate,2026-04-10,False
REF_ROAD:P5:sz159915:2026-04-10:road_on,REF_ROAD,P5:sz159915:2026-04-10:road_on,original_reference_candidate,2026-04-10,False
REF_BREAKOUT:P0:sz159915:2026-04-13:donchian60,REF_BREAKOUT,P0:sz159915:2026-04-13:donchian60,original_reference_candidate,2026-04-13,False
REF_ROAD:P5:sh510300:2026-04-14:road_on,REF_ROAD,P5:sh510300:2026-04-14:road_on,original_reference_candidate,2026-04-14,False
REF_BREAKOUT:P0:sz159915:2026-04-14:donchian60,REF_BREAKOUT,P0:sz159915:2026-04-14:donchian60,original_reference_candidate,2026-04-14,False
REF_BREAKOUT:P0:sz159915:2026-04-16:donchian60,REF_BREAKOUT,P0:sz159915:2026-04-16:donchian60,original_reference_candidate,2026-04-16,False
REF_BREAKOUT:P0:sz159915:2026-04-17:donchian60,REF_BREAKOUT,P0:sz159915:2026-04-17:donchian60,original_reference_candidate,2026-04-17,False
REF_ROAD:P5:sh518880:2026-04-20:road_on,REF_ROAD,P5:sh518880:2026-04-20:road_on,original_reference_candidate,2026-04-20,False
REF_BREAKOUT:P0:sz159915:2026-04-20:donchian60,REF_BREAKOUT,P0:sz159915:2026-04-20:donchian60,original_reference_candidate,2026-04-20,False
REF_BREAKOUT:P0:sh510300:2026-04-21:donchian60,REF_BREAKOUT,P0:sh510300:2026-04-21:donchian60,original_reference_candidate,2026-04-21,False
REF_BREAKOUT:P0:sz159915:2026-04-21:donchian60,REF_BREAKOUT,P0:sz159915:2026-04-21:donchian60,original_reference_candidate,2026-04-21,False
REF_BREAKOUT:P0:sh510300:2026-04-22:donchian60,REF_BREAKOUT,P0:sh510300:2026-04-22:donchian60,original_reference_candidate,2026-04-22,False
REF_BREAKOUT:P0:sz159915:2026-04-22:donchian60,REF_BREAKOUT,P0:sz159915:2026-04-22:donchian60,original_reference_candidate,2026-04-22,False
REF_BREAKOUT:P0:sh513100:2026-04-27:donchian60,REF_BREAKOUT,P0:sh513100:2026-04-27:donchian60,original_reference_candidate,2026-04-27,False
REF_BREAKOUT:P0:sh513100:2026-04-28:donchian60,REF_BREAKOUT,P0:sh513100:2026-04-28:donchian60,original_reference_candidate,2026-04-28,False
REF_BREAKOUT:P0:sh510300:2026-04-29:donchian60,REF_BREAKOUT,P0:sh510300:2026-04-29:donchian60,original_reference_candidate,2026-04-29,False
REF_BREAKOUT:P0:sh510300:2026-04-30:donchian60,REF_BREAKOUT,P0:sh510300:2026-04-30:donchian60,original_reference_candidate,2026-04-30,False
REF_BREAKOUT:P0:sh510300:2026-05-06:donchian60,REF_BREAKOUT,P0:sh510300:2026-05-06:donchian60,original_reference_candidate,2026-05-06,False
REF_BREAKOUT:P0:sh513100:2026-05-06:donchian60,REF_BREAKOUT,P0:sh513100:2026-05-06:donchian60,original_reference_candidate,2026-05-06,False
REF_BREAKOUT:P0:sz159915:2026-05-06:donchian60,REF_BREAKOUT,P0:sz159915:2026-05-06:donchian60,original_reference_candidate,2026-05-06,False
REF_BREAKOUT:P0:sh510300:2026-05-07:donchian60,REF_BREAKOUT,P0:sh510300:2026-05-07:donchian60,original_reference_candidate,2026-05-07,False
REF_BREAKOUT:P0:sh513100:2026-05-07:donchian60,REF_BREAKOUT,P0:sh513100:2026-05-07:donchian60,original_reference_candidate,2026-05-07,False
REF_ROAD:P5:sh518880:2026-05-07:road_on,REF_ROAD,P5:sh518880:2026-05-07:road_on,original_reference_candidate,2026-05-07,False
REF_BREAKOUT:P0:sz159915:2026-05-07:donchian60,REF_BREAKOUT,P0:sz159915:2026-05-07:donchian60,original_reference_candidate,2026-05-07,False
REF_BREAKOUT:P0:sh513100:2026-05-08:donchian60,REF_BREAKOUT,P0:sh513100:2026-05-08:donchian60,original_reference_candidate,2026-05-08,False
REF_BREAKOUT:P0:sh510300:2026-05-11:donchian60,REF_BREAKOUT,P0:sh510300:2026-05-11:donchian60,original_reference_candidate,2026-05-11,False
REF_BREAKOUT:P0:sh513100:2026-05-11:donchian60,REF_BREAKOUT,P0:sh513100:2026-05-11:donchian60,original_reference_candidate,2026-05-11,False
REF_BREAKOUT:P0:sz159915:2026-05-11:donchian60,REF_BREAKOUT,P0:sz159915:2026-05-11:donchian60,original_reference_candidate,2026-05-11,False
REF_BREAKOUT:P0:sh510300:2026-05-13:donchian60,REF_BREAKOUT,P0:sh510300:2026-05-13:donchian60,original_reference_candidate,2026-05-13,False
REF_BREAKOUT:P0:sz159915:2026-05-13:donchian60,REF_BREAKOUT,P0:sz159915:2026-05-13:donchian60,original_reference_candidate,2026-05-13,False
REF_ROAD:P5:sh510300:2026-05-22:road_on,REF_ROAD,P5:sh510300:2026-05-22:road_on,original_reference_candidate,2026-05-22,False
REF_BREAKOUT:P0:sh513100:2026-05-22:donchian60,REF_BREAKOUT,P0:sh513100:2026-05-22:donchian60,original_reference_candidate,2026-05-22,False
REF_BREAKOUT:P0:sh513100:2026-05-25:donchian60,REF_BREAKOUT,P0:sh513100:2026-05-25:donchian60,original_reference_candidate,2026-05-25,False
REF_BREAKOUT:P0:sz159915:2026-05-26:donchian60,REF_BREAKOUT,P0:sz159915:2026-05-26:donchian60,original_reference_candidate,2026-05-26,False
REF_BREAKOUT:P0:sz159915:2026-05-27:donchian60,REF_BREAKOUT,P0:sz159915:2026-05-27:donchian60,original_reference_candidate,2026-05-27,False
REF_BREAKOUT:P0:sz159915:2026-05-28:donchian60,REF_BREAKOUT,P0:sz159915:2026-05-28:donchian60,original_reference_candidate,2026-05-28,False
REF_BREAKOUT:P0:sh513100:2026-05-29:donchian60,REF_BREAKOUT,P0:sh513100:2026-05-29:donchian60,original_reference_candidate,2026-05-29,False
REF_BREAKOUT:P0:sh513100:2026-06-01:donchian60,REF_BREAKOUT,P0:sh513100:2026-06-01:donchian60,original_reference_candidate,2026-06-01,False
REF_ROAD:P5:sh510300:2026-06-02:road_on,REF_ROAD,P5:sh510300:2026-06-02:road_on,original_reference_candidate,2026-06-02,False
REF_BREAKOUT:P0:sz159915:2026-06-03:donchian60,REF_BREAKOUT,P0:sz159915:2026-06-03:donchian60,original_reference_candidate,2026-06-03,False
REF_ROAD:P5:sh513100:2026-06-09:road_on,REF_ROAD,P5:sh513100:2026-06-09:road_on,original_reference_candidate,2026-06-09,False
REF_ROAD:P5:sz159915:2026-06-09:road_on,REF_ROAD,P5:sz159915:2026-06-09:road_on,original_reference_candidate,2026-06-09,False
REF_ROAD:P5:sh510300:2026-06-15:road_on,REF_ROAD,P5:sh510300:2026-06-15:road_on,original_reference_candidate,2026-06-15,False
REF_ROAD:P5:sh513100:2026-06-15:road_on,REF_ROAD,P5:sh513100:2026-06-15:road_on,original_reference_candidate,2026-06-15,False
REF_ROAD:P5:sz159915:2026-06-15:road_on,REF_ROAD,P5:sz159915:2026-06-15:road_on,original_reference_candidate,2026-06-15,False
REF_BREAKOUT:P0:sz159915:2026-06-17:donchian60,REF_BREAKOUT,P0:sz159915:2026-06-17:donchian60,original_reference_candidate,2026-06-17,False
REF_BREAKOUT:P0:sz159915:2026-06-18:donchian60,REF_BREAKOUT,P0:sz159915:2026-06-18:donchian60,original_reference_candidate,2026-06-18,False
REF_BREAKOUT:P0:sh510300:2026-06-22:donchian60,REF_BREAKOUT,P0:sh510300:2026-06-22:donchian60,original_reference_candidate,2026-06-22,False
REF_BREAKOUT:P0:sz159915:2026-06-22:donchian60,REF_BREAKOUT,P0:sz159915:2026-06-22:donchian60,original_reference_candidate,2026-06-22,False
REF_ROAD:P5:sh510300:2026-06-25:road_on,REF_ROAD,P5:sh510300:2026-06-25:road_on,original_reference_candidate,2026-06-25,False
REF_BREAKOUT:P0:sz159915:2026-06-25:donchian60,REF_BREAKOUT,P0:sz159915:2026-06-25:donchian60,original_reference_candidate,2026-06-25,False
REF_ROAD:P5:sh510300:2026-06-29:road_on,REF_ROAD,P5:sh510300:2026-06-29:road_on,original_reference_candidate,2026-06-29,False
